[2026-09-21T00:00:20.380+0000] {processor.py:156} INFO - Started process (PID=3242) to work on /opt/airflow/dags/1_first_dag.py
[2026-09-21T00:00:20.382+0000] {processor.py:799} INFO - Processing file /opt/airflow/dags/1_first_dag.py for tasks to queue
[2026-09-21T00:00:20.383+0000] {logging_mixin.py:149} INFO - [2026-09-21T00:00:20.383+0000] {dagbag.py:541} INFO - Filling up the DagBag from /opt/airflow/dags/1_first_dag.py
[2026-09-21T00:00:20.400+0000] {processor.py:809} INFO - DAG(s) dict_keys(['1-miprimerdag']) retrieved from /opt/airflow/dags/1_first_dag.py
[2026-09-21T00:00:20.456+0000] {logging_mixin.py:149} INFO - [2026-09-21T00:00:20.456+0000] {dag.py:2726} INFO - Sync 1 DAGs
[2026-09-21T00:00:20.512+0000] {logging_mixin.py:149} INFO - [2026-09-21T00:00:20.511+0000] {dag.py:3490} INFO - Setting next_dagrun for 1-miprimerdag to None, run_after=None
[2026-09-21T00:00:20.558+0000] {processor.py:178} INFO - Processing /opt/airflow/dags/1_first_dag.py took 0.185 seconds
[2026-09-21T00:00:50.776+0000] {processor.py:156} INFO - Started process (PID=3252) to work on /opt/airflow/dags/1_first_dag.py
[2026-09-21T00:00:50.780+0000] {processor.py:799} INFO - Processing file /opt/airflow/dags/1_first_dag.py for tasks to queue
[2026-09-21T00:00:50.781+0000] {logging_mixin.py:149} INFO - [2026-09-21T00:00:50.781+0000] {dagbag.py:541} INFO - Filling up the DagBag from /opt/airflow/dags/1_first_dag.py
[2026-09-21T00:00:50.805+0000] {processor.py:809} INFO - DAG(s) dict_keys(['1-miprimerdag']) retrieved from /opt/airflow/dags/1_first_dag.py
[2026-09-21T00:00:50.862+0000] {logging_mixin.py:149} INFO - [2026-09-21T00:00:50.861+0000] {dag.py:2726} INFO - Sync 1 DAGs
[2026-09-21T00:00:50.900+0000] {logging_mixin.py:149} INFO - [2026-09-21T00:00:50.900+0000] {dag.py:3490} INFO - Setting next_dagrun for 1-miprimerdag to None, run_after=None
[2026-09-21T00:00:50.937+0000] {processor.py:178} INFO - Processing /opt/airflow/dags/1_first_dag.py took 0.167 seconds
[2026-09-21T00:01:21.072+0000] {processor.py:156} INFO - Started process (PID=3262) to work on /opt/airflow/dags/1_first_dag.py
[2026-09-21T00:01:21.076+0000] {processor.py:799} INFO - Processing file /opt/airflow/dags/1_first_dag.py for tasks to queue
[2026-09-21T00:01:21.077+0000] {logging_mixin.py:149} INFO - [2026-09-21T00:01:21.077+0000] {dagbag.py:541} INFO - Filling up the DagBag from /opt/airflow/dags/1_first_dag.py
[2026-09-21T00:01:21.097+0000] {processor.py:809} INFO - DAG(s) dict_keys(['1-miprimerdag']) retrieved from /opt/airflow/dags/1_first_dag.py
[2026-09-21T00:01:21.163+0000] {logging_mixin.py:149} INFO - [2026-09-21T00:01:21.163+0000] {dag.py:2726} INFO - Sync 1 DAGs
[2026-09-21T00:01:21.218+0000] {logging_mixin.py:149} INFO - [2026-09-21T00:01:21.218+0000] {dag.py:3490} INFO - Setting next_dagrun for 1-miprimerdag to None, run_after=None
[2026-09-21T00:01:21.260+0000] {processor.py:178} INFO - Processing /opt/airflow/dags/1_first_dag.py took 0.194 seconds
[2026-09-21T00:01:51.420+0000] {processor.py:156} INFO - Started process (PID=3272) to work on /opt/airflow/dags/1_first_dag.py
[2026-09-21T00:01:51.424+0000] {processor.py:799} INFO - Processing file /opt/airflow/dags/1_first_dag.py for tasks to queue
[2026-09-21T00:01:51.426+0000] {logging_mixin.py:149} INFO - [2026-09-21T00:01:51.425+0000] {dagbag.py:541} INFO - Filling up the DagBag from /opt/airflow/dags/1_first_dag.py
[2026-09-21T00:01:51.452+0000] {processor.py:809} INFO - DAG(s) dict_keys(['1-miprimerdag']) retrieved from /opt/airflow/dags/1_first_dag.py
[2026-09-21T00:01:51.547+0000] {logging_mixin.py:149} INFO - [2026-09-21T00:01:51.546+0000] {dag.py:2726} INFO - Sync 1 DAGs
[2026-09-21T00:01:51.597+0000] {logging_mixin.py:149} INFO - [2026-09-21T00:01:51.596+0000] {dag.py:3490} INFO - Setting next_dagrun for 1-miprimerdag to None, run_after=None
[2026-09-21T00:01:51.647+0000] {processor.py:178} INFO - Processing /opt/airflow/dags/1_first_dag.py took 0.248 seconds
[2026-09-21T00:02:21.940+0000] {processor.py:156} INFO - Started process (PID=3282) to work on /opt/airflow/dags/1_first_dag.py
[2026-09-21T00:02:21.947+0000] {processor.py:799} INFO - Processing file /opt/airflow/dags/1_first_dag.py for tasks to queue
[2026-09-21T00:02:21.949+0000] {logging_mixin.py:149} INFO - [2026-09-21T00:02:21.949+0000] {dagbag.py:541} INFO - Filling up the DagBag from /opt/airflow/dags/1_first_dag.py
[2026-09-21T00:02:21.966+0000] {processor.py:809} INFO - DAG(s) dict_keys(['1-miprimerdag']) retrieved from /opt/airflow/dags/1_first_dag.py
[2026-09-21T00:02:22.011+0000] {logging_mixin.py:149} INFO - [2026-09-21T00:02:22.010+0000] {dag.py:2726} INFO - Sync 1 DAGs
[2026-09-21T00:02:22.048+0000] {logging_mixin.py:149} INFO - [2026-09-21T00:02:22.048+0000] {dag.py:3490} INFO - Setting next_dagrun for 1-miprimerdag to None, run_after=None
[2026-09-21T00:02:22.075+0000] {processor.py:178} INFO - Processing /opt/airflow/dags/1_first_dag.py took 0.144 seconds
[2026-09-21T00:02:52.140+0000] {processor.py:156} INFO - Started process (PID=3292) to work on /opt/airflow/dags/1_first_dag.py
[2026-09-21T00:02:52.143+0000] {processor.py:799} INFO - Processing file /opt/airflow/dags/1_first_dag.py for tasks to queue
[2026-09-21T00:02:52.144+0000] {logging_mixin.py:149} INFO - [2026-09-21T00:02:52.144+0000] {dagbag.py:541} INFO - Filling up the DagBag from /opt/airflow/dags/1_first_dag.py
[2026-09-21T00:02:52.161+0000] {processor.py:809} INFO - DAG(s) dict_keys(['1-miprimerdag']) retrieved from /opt/airflow/dags/1_first_dag.py
[2026-09-21T00:02:52.208+0000] {logging_mixin.py:149} INFO - [2026-09-21T00:02:52.208+0000] {dag.py:2726} INFO - Sync 1 DAGs
[2026-09-21T00:02:52.248+0000] {logging_mixin.py:149} INFO - [2026-09-21T00:02:52.248+0000] {dag.py:3490} INFO - Setting next_dagrun for 1-miprimerdag to None, run_after=None
[2026-09-21T00:02:52.279+0000] {processor.py:178} INFO - Processing /opt/airflow/dags/1_first_dag.py took 0.146 seconds
[2026-09-21T00:03:22.350+0000] {processor.py:156} INFO - Started process (PID=3302) to work on /opt/airflow/dags/1_first_dag.py
[2026-09-21T00:03:22.352+0000] {processor.py:799} INFO - Processing file /opt/airflow/dags/1_first_dag.py for tasks to queue
[2026-09-21T00:03:22.353+0000] {logging_mixin.py:149} INFO - [2026-09-21T00:03:22.352+0000] {dagbag.py:541} INFO - Filling up the DagBag from /opt/airflow/dags/1_first_dag.py
[2026-09-21T00:03:22.369+0000] {processor.py:809} INFO - DAG(s) dict_keys(['1-miprimerdag']) retrieved from /opt/airflow/dags/1_first_dag.py
[2026-09-21T00:03:22.419+0000] {logging_mixin.py:149} INFO - [2026-09-21T00:03:22.419+0000] {dag.py:2726} INFO - Sync 1 DAGs
[2026-09-21T00:03:22.462+0000] {logging_mixin.py:149} INFO - [2026-09-21T00:03:22.461+0000] {dag.py:3490} INFO - Setting next_dagrun for 1-miprimerdag to None, run_after=None
[2026-09-21T00:03:22.512+0000] {processor.py:178} INFO - Processing /opt/airflow/dags/1_first_dag.py took 0.169 seconds
[2026-09-21T00:03:52.641+0000] {processor.py:156} INFO - Started process (PID=3312) to work on /opt/airflow/dags/1_first_dag.py
[2026-09-21T00:03:52.645+0000] {processor.py:799} INFO - Processing file /opt/airflow/dags/1_first_dag.py for tasks to queue
[2026-09-21T00:03:52.648+0000] {logging_mixin.py:149} INFO - [2026-09-21T00:03:52.647+0000] {dagbag.py:541} INFO - Filling up the DagBag from /opt/airflow/dags/1_first_dag.py
[2026-09-21T00:03:52.665+0000] {processor.py:809} INFO - DAG(s) dict_keys(['1-miprimerdag']) retrieved from /opt/airflow/dags/1_first_dag.py
[2026-09-21T00:03:52.726+0000] {logging_mixin.py:149} INFO - [2026-09-21T00:03:52.725+0000] {dag.py:2726} INFO - Sync 1 DAGs
[2026-09-21T00:03:52.765+0000] {logging_mixin.py:149} INFO - [2026-09-21T00:03:52.764+0000] {dag.py:3490} INFO - Setting next_dagrun for 1-miprimerdag to None, run_after=None
[2026-09-21T00:03:52.841+0000] {processor.py:178} INFO - Processing /opt/airflow/dags/1_first_dag.py took 0.214 seconds
[2026-09-21T00:04:23.797+0000] {processor.py:156} INFO - Started process (PID=3322) to work on /opt/airflow/dags/1_first_dag.py
[2026-09-21T00:04:23.800+0000] {processor.py:799} INFO - Processing file /opt/airflow/dags/1_first_dag.py for tasks to queue
[2026-09-21T00:04:23.801+0000] {logging_mixin.py:149} INFO - [2026-09-21T00:04:23.801+0000] {dagbag.py:541} INFO - Filling up the DagBag from /opt/airflow/dags/1_first_dag.py
[2026-09-21T00:04:23.821+0000] {processor.py:809} INFO - DAG(s) dict_keys(['1-miprimerdag']) retrieved from /opt/airflow/dags/1_first_dag.py
[2026-09-21T00:04:23.884+0000] {logging_mixin.py:149} INFO - [2026-09-21T00:04:23.884+0000] {dag.py:2726} INFO - Sync 1 DAGs
[2026-09-21T00:04:23.927+0000] {logging_mixin.py:149} INFO - [2026-09-21T00:04:23.926+0000] {dag.py:3490} INFO - Setting next_dagrun for 1-miprimerdag to None, run_after=None
[2026-09-21T00:04:23.968+0000] {processor.py:178} INFO - Processing /opt/airflow/dags/1_first_dag.py took 0.178 seconds
[2026-09-21T00:04:54.330+0000] {processor.py:156} INFO - Started process (PID=3332) to work on /opt/airflow/dags/1_first_dag.py
[2026-09-21T00:04:54.332+0000] {processor.py:799} INFO - Processing file /opt/airflow/dags/1_first_dag.py for tasks to queue
[2026-09-21T00:04:54.334+0000] {logging_mixin.py:149} INFO - [2026-09-21T00:04:54.333+0000] {dagbag.py:541} INFO - Filling up the DagBag from /opt/airflow/dags/1_first_dag.py
[2026-09-21T00:04:54.350+0000] {processor.py:809} INFO - DAG(s) dict_keys(['1-miprimerdag']) retrieved from /opt/airflow/dags/1_first_dag.py
[2026-09-21T00:04:54.413+0000] {logging_mixin.py:149} INFO - [2026-09-21T00:04:54.413+0000] {dag.py:2726} INFO - Sync 1 DAGs
[2026-09-21T00:04:54.456+0000] {logging_mixin.py:149} INFO - [2026-09-21T00:04:54.455+0000] {dag.py:3490} INFO - Setting next_dagrun for 1-miprimerdag to None, run_after=None
[2026-09-21T00:04:54.489+0000] {processor.py:178} INFO - Processing /opt/airflow/dags/1_first_dag.py took 0.165 seconds
[2026-09-21T00:05:25.371+0000] {processor.py:156} INFO - Started process (PID=3342) to work on /opt/airflow/dags/1_first_dag.py
[2026-09-21T00:05:25.376+0000] {processor.py:799} INFO - Processing file /opt/airflow/dags/1_first_dag.py for tasks to queue
[2026-09-21T00:05:25.377+0000] {logging_mixin.py:149} INFO - [2026-09-21T00:05:25.377+0000] {dagbag.py:541} INFO - Filling up the DagBag from /opt/airflow/dags/1_first_dag.py
[2026-09-21T00:05:25.397+0000] {processor.py:809} INFO - DAG(s) dict_keys(['1-miprimerdag']) retrieved from /opt/airflow/dags/1_first_dag.py
[2026-09-21T00:05:25.442+0000] {logging_mixin.py:149} INFO - [2026-09-21T00:05:25.442+0000] {dag.py:2726} INFO - Sync 1 DAGs
[2026-09-21T00:05:25.482+0000] {logging_mixin.py:149} INFO - [2026-09-21T00:05:25.481+0000] {dag.py:3490} INFO - Setting next_dagrun for 1-miprimerdag to None, run_after=None
[2026-09-21T00:05:25.511+0000] {processor.py:178} INFO - Processing /opt/airflow/dags/1_first_dag.py took 0.147 seconds
[2026-09-21T00:05:55.621+0000] {processor.py:156} INFO - Started process (PID=3352) to work on /opt/airflow/dags/1_first_dag.py
[2026-09-21T00:05:55.626+0000] {processor.py:799} INFO - Processing file /opt/airflow/dags/1_first_dag.py for tasks to queue
[2026-09-21T00:05:55.627+0000] {logging_mixin.py:149} INFO - [2026-09-21T00:05:55.627+0000] {dagbag.py:541} INFO - Filling up the DagBag from /opt/airflow/dags/1_first_dag.py
[2026-09-21T00:05:55.659+0000] {processor.py:809} INFO - DAG(s) dict_keys(['1-miprimerdag']) retrieved from /opt/airflow/dags/1_first_dag.py
[2026-09-21T00:05:55.754+0000] {logging_mixin.py:149} INFO - [2026-09-21T00:05:55.753+0000] {dag.py:2726} INFO - Sync 1 DAGs
[2026-09-21T00:05:55.831+0000] {logging_mixin.py:149} INFO - [2026-09-21T00:05:55.831+0000] {dag.py:3490} INFO - Setting next_dagrun for 1-miprimerdag to None, run_after=None
[2026-09-21T00:05:55.889+0000] {processor.py:178} INFO - Processing /opt/airflow/dags/1_first_dag.py took 0.277 seconds
[2026-09-21T00:06:25.928+0000] {processor.py:156} INFO - Started process (PID=3362) to work on /opt/airflow/dags/1_first_dag.py
[2026-09-21T00:06:25.930+0000] {processor.py:799} INFO - Processing file /opt/airflow/dags/1_first_dag.py for tasks to queue
[2026-09-21T00:06:25.931+0000] {logging_mixin.py:149} INFO - [2026-09-21T00:06:25.931+0000] {dagbag.py:541} INFO - Filling up the DagBag from /opt/airflow/dags/1_first_dag.py
[2026-09-21T00:06:25.949+0000] {processor.py:809} INFO - DAG(s) dict_keys(['1-miprimerdag']) retrieved from /opt/airflow/dags/1_first_dag.py
[2026-09-21T00:06:25.999+0000] {logging_mixin.py:149} INFO - [2026-09-21T00:06:25.999+0000] {dag.py:2726} INFO - Sync 1 DAGs
[2026-09-21T00:06:26.050+0000] {logging_mixin.py:149} INFO - [2026-09-21T00:06:26.049+0000] {dag.py:3490} INFO - Setting next_dagrun for 1-miprimerdag to None, run_after=None
[2026-09-21T00:06:26.099+0000] {processor.py:178} INFO - Processing /opt/airflow/dags/1_first_dag.py took 0.180 seconds
[2026-09-21T00:06:56.420+0000] {processor.py:156} INFO - Started process (PID=3372) to work on /opt/airflow/dags/1_first_dag.py
[2026-09-21T00:06:56.426+0000] {processor.py:799} INFO - Processing file /opt/airflow/dags/1_first_dag.py for tasks to queue
[2026-09-21T00:06:56.427+0000] {logging_mixin.py:149} INFO - [2026-09-21T00:06:56.427+0000] {dagbag.py:541} INFO - Filling up the DagBag from /opt/airflow/dags/1_first_dag.py
[2026-09-21T00:06:56.457+0000] {processor.py:809} INFO - DAG(s) dict_keys(['1-miprimerdag']) retrieved from /opt/airflow/dags/1_first_dag.py
[2026-09-21T00:06:56.521+0000] {logging_mixin.py:149} INFO - [2026-09-21T00:06:56.521+0000] {dag.py:2726} INFO - Sync 1 DAGs
[2026-09-21T00:06:56.566+0000] {logging_mixin.py:149} INFO - [2026-09-21T00:06:56.566+0000] {dag.py:3490} INFO - Setting next_dagrun for 1-miprimerdag to None, run_after=None
[2026-09-21T00:06:56.602+0000] {processor.py:178} INFO - Processing /opt/airflow/dags/1_first_dag.py took 0.193 seconds
[2026-09-21T00:07:27.584+0000] {processor.py:156} INFO - Started process (PID=3382) to work on /opt/airflow/dags/1_first_dag.py
[2026-09-21T00:07:27.587+0000] {processor.py:799} INFO - Processing file /opt/airflow/dags/1_first_dag.py for tasks to queue
[2026-09-21T00:07:27.588+0000] {logging_mixin.py:149} INFO - [2026-09-21T00:07:27.588+0000] {dagbag.py:541} INFO - Filling up the DagBag from /opt/airflow/dags/1_first_dag.py
[2026-09-21T00:07:27.610+0000] {processor.py:809} INFO - DAG(s) dict_keys(['1-miprimerdag']) retrieved from /opt/airflow/dags/1_first_dag.py
[2026-09-21T00:07:27.660+0000] {logging_mixin.py:149} INFO - [2026-09-21T00:07:27.659+0000] {dag.py:2726} INFO - Sync 1 DAGs
[2026-09-21T00:07:27.699+0000] {logging_mixin.py:149} INFO - [2026-09-21T00:07:27.699+0000] {dag.py:3490} INFO - Setting next_dagrun for 1-miprimerdag to None, run_after=None
[2026-09-21T00:07:27.732+0000] {processor.py:178} INFO - Processing /opt/airflow/dags/1_first_dag.py took 0.156 seconds
[2026-09-21T00:07:57.914+0000] {processor.py:156} INFO - Started process (PID=3392) to work on /opt/airflow/dags/1_first_dag.py
[2026-09-21T00:07:57.916+0000] {processor.py:799} INFO - Processing file /opt/airflow/dags/1_first_dag.py for tasks to queue
[2026-09-21T00:07:57.918+0000] {logging_mixin.py:149} INFO - [2026-09-21T00:07:57.917+0000] {dagbag.py:541} INFO - Filling up the DagBag from /opt/airflow/dags/1_first_dag.py
[2026-09-21T00:07:57.933+0000] {processor.py:809} INFO - DAG(s) dict_keys(['1-miprimerdag']) retrieved from /opt/airflow/dags/1_first_dag.py
[2026-09-21T00:07:57.996+0000] {logging_mixin.py:149} INFO - [2026-09-21T00:07:57.996+0000] {dag.py:2726} INFO - Sync 1 DAGs
[2026-09-21T00:07:58.036+0000] {logging_mixin.py:149} INFO - [2026-09-21T00:07:58.036+0000] {dag.py:3490} INFO - Setting next_dagrun for 1-miprimerdag to None, run_after=None
[2026-09-21T00:07:58.091+0000] {processor.py:178} INFO - Processing /opt/airflow/dags/1_first_dag.py took 0.185 seconds
[2026-09-21T00:08:28.552+0000] {processor.py:156} INFO - Started process (PID=3402) to work on /opt/airflow/dags/1_first_dag.py
[2026-09-21T00:08:28.554+0000] {processor.py:799} INFO - Processing file /opt/airflow/dags/1_first_dag.py for tasks to queue
[2026-09-21T00:08:28.555+0000] {logging_mixin.py:149} INFO - [2026-09-21T00:08:28.555+0000] {dagbag.py:541} INFO - Filling up the DagBag from /opt/airflow/dags/1_first_dag.py
[2026-09-21T00:08:28.574+0000] {processor.py:809} INFO - DAG(s) dict_keys(['1-miprimerdag']) retrieved from /opt/airflow/dags/1_first_dag.py
[2026-09-21T00:08:28.620+0000] {logging_mixin.py:149} INFO - [2026-09-21T00:08:28.620+0000] {dag.py:2726} INFO - Sync 1 DAGs
[2026-09-21T00:08:28.658+0000] {logging_mixin.py:149} INFO - [2026-09-21T00:08:28.658+0000] {dag.py:3490} INFO - Setting next_dagrun for 1-miprimerdag to None, run_after=None
[2026-09-21T00:08:28.692+0000] {processor.py:178} INFO - Processing /opt/airflow/dags/1_first_dag.py took 0.150 seconds
[2026-09-21T00:08:58.800+0000] {processor.py:156} INFO - Started process (PID=3412) to work on /opt/airflow/dags/1_first_dag.py
[2026-09-21T00:08:58.806+0000] {processor.py:799} INFO - Processing file /opt/airflow/dags/1_first_dag.py for tasks to queue
[2026-09-21T00:08:58.807+0000] {logging_mixin.py:149} INFO - [2026-09-21T00:08:58.807+0000] {dagbag.py:541} INFO - Filling up the DagBag from /opt/airflow/dags/1_first_dag.py
[2026-09-21T00:08:58.830+0000] {processor.py:809} INFO - DAG(s) dict_keys(['1-miprimerdag']) retrieved from /opt/airflow/dags/1_first_dag.py
[2026-09-21T00:08:58.877+0000] {logging_mixin.py:149} INFO - [2026-09-21T00:08:58.877+0000] {dag.py:2726} INFO - Sync 1 DAGs
[2026-09-21T00:08:58.915+0000] {logging_mixin.py:149} INFO - [2026-09-21T00:08:58.915+0000] {dag.py:3490} INFO - Setting next_dagrun for 1-miprimerdag to None, run_after=None
[2026-09-21T00:08:58.969+0000] {processor.py:178} INFO - Processing /opt/airflow/dags/1_first_dag.py took 0.181 seconds
[2026-09-21T00:09:29.077+0000] {processor.py:156} INFO - Started process (PID=3422) to work on /opt/airflow/dags/1_first_dag.py
[2026-09-21T00:09:29.079+0000] {processor.py:799} INFO - Processing file /opt/airflow/dags/1_first_dag.py for tasks to queue
[2026-09-21T00:09:29.082+0000] {logging_mixin.py:149} INFO - [2026-09-21T00:09:29.081+0000] {dagbag.py:541} INFO - Filling up the DagBag from /opt/airflow/dags/1_first_dag.py
[2026-09-21T00:09:29.105+0000] {processor.py:809} INFO - DAG(s) dict_keys(['1-miprimerdag']) retrieved from /opt/airflow/dags/1_first_dag.py
[2026-09-21T00:09:29.210+0000] {logging_mixin.py:149} INFO - [2026-09-21T00:09:29.209+0000] {dag.py:2726} INFO - Sync 1 DAGs
[2026-09-21T00:09:29.258+0000] {logging_mixin.py:149} INFO - [2026-09-21T00:09:29.258+0000] {dag.py:3490} INFO - Setting next_dagrun for 1-miprimerdag to None, run_after=None
[2026-09-21T00:09:29.290+0000] {processor.py:178} INFO - Processing /opt/airflow/dags/1_first_dag.py took 0.221 seconds
[2026-09-21T00:09:59.473+0000] {processor.py:156} INFO - Started process (PID=3432) to work on /opt/airflow/dags/1_first_dag.py
[2026-09-21T00:09:59.476+0000] {processor.py:799} INFO - Processing file /opt/airflow/dags/1_first_dag.py for tasks to queue
[2026-09-21T00:09:59.478+0000] {logging_mixin.py:149} INFO - [2026-09-21T00:09:59.477+0000] {dagbag.py:541} INFO - Filling up the DagBag from /opt/airflow/dags/1_first_dag.py
[2026-09-21T00:09:59.500+0000] {processor.py:809} INFO - DAG(s) dict_keys(['1-miprimerdag']) retrieved from /opt/airflow/dags/1_first_dag.py
[2026-09-21T00:09:59.572+0000] {logging_mixin.py:149} INFO - [2026-09-21T00:09:59.571+0000] {dag.py:2726} INFO - Sync 1 DAGs
[2026-09-21T00:09:59.613+0000] {logging_mixin.py:149} INFO - [2026-09-21T00:09:59.613+0000] {dag.py:3490} INFO - Setting next_dagrun for 1-miprimerdag to None, run_after=None
[2026-09-21T00:09:59.644+0000] {processor.py:178} INFO - Processing /opt/airflow/dags/1_first_dag.py took 0.178 seconds
[2026-09-21T00:10:29.758+0000] {processor.py:156} INFO - Started process (PID=3442) to work on /opt/airflow/dags/1_first_dag.py
[2026-09-21T00:10:29.760+0000] {processor.py:799} INFO - Processing file /opt/airflow/dags/1_first_dag.py for tasks to queue
[2026-09-21T00:10:29.762+0000] {logging_mixin.py:149} INFO - [2026-09-21T00:10:29.761+0000] {dagbag.py:541} INFO - Filling up the DagBag from /opt/airflow/dags/1_first_dag.py
[2026-09-21T00:10:29.780+0000] {processor.py:809} INFO - DAG(s) dict_keys(['1-miprimerdag']) retrieved from /opt/airflow/dags/1_first_dag.py
[2026-09-21T00:10:29.856+0000] {logging_mixin.py:149} INFO - [2026-09-21T00:10:29.855+0000] {dag.py:2726} INFO - Sync 1 DAGs
[2026-09-21T00:10:29.905+0000] {logging_mixin.py:149} INFO - [2026-09-21T00:10:29.905+0000] {dag.py:3490} INFO - Setting next_dagrun for 1-miprimerdag to None, run_after=None
[2026-09-21T00:10:29.944+0000] {processor.py:178} INFO - Processing /opt/airflow/dags/1_first_dag.py took 0.192 seconds
[2026-09-21T00:11:00.227+0000] {processor.py:156} INFO - Started process (PID=3452) to work on /opt/airflow/dags/1_first_dag.py
[2026-09-21T00:11:00.233+0000] {processor.py:799} INFO - Processing file /opt/airflow/dags/1_first_dag.py for tasks to queue
[2026-09-21T00:11:00.234+0000] {logging_mixin.py:149} INFO - [2026-09-21T00:11:00.234+0000] {dagbag.py:541} INFO - Filling up the DagBag from /opt/airflow/dags/1_first_dag.py
[2026-09-21T00:11:00.253+0000] {processor.py:809} INFO - DAG(s) dict_keys(['1-miprimerdag']) retrieved from /opt/airflow/dags/1_first_dag.py
[2026-09-21T00:11:00.309+0000] {logging_mixin.py:149} INFO - [2026-09-21T00:11:00.309+0000] {dag.py:2726} INFO - Sync 1 DAGs
[2026-09-21T00:11:00.356+0000] {logging_mixin.py:149} INFO - [2026-09-21T00:11:00.356+0000] {dag.py:3490} INFO - Setting next_dagrun for 1-miprimerdag to None, run_after=None
[2026-09-21T00:11:00.389+0000] {processor.py:178} INFO - Processing /opt/airflow/dags/1_first_dag.py took 0.167 seconds
[2026-09-21T00:11:31.250+0000] {processor.py:156} INFO - Started process (PID=3462) to work on /opt/airflow/dags/1_first_dag.py
[2026-09-21T00:11:31.254+0000] {processor.py:799} INFO - Processing file /opt/airflow/dags/1_first_dag.py for tasks to queue
[2026-09-21T00:11:31.255+0000] {logging_mixin.py:149} INFO - [2026-09-21T00:11:31.255+0000] {dagbag.py:541} INFO - Filling up the DagBag from /opt/airflow/dags/1_first_dag.py
[2026-09-21T00:11:31.273+0000] {processor.py:809} INFO - DAG(s) dict_keys(['1-miprimerdag']) retrieved from /opt/airflow/dags/1_first_dag.py
[2026-09-21T00:11:31.324+0000] {logging_mixin.py:149} INFO - [2026-09-21T00:11:31.324+0000] {dag.py:2726} INFO - Sync 1 DAGs
[2026-09-21T00:11:31.382+0000] {logging_mixin.py:149} INFO - [2026-09-21T00:11:31.382+0000] {dag.py:3490} INFO - Setting next_dagrun for 1-miprimerdag to None, run_after=None
[2026-09-21T00:11:31.419+0000] {processor.py:178} INFO - Processing /opt/airflow/dags/1_first_dag.py took 0.176 seconds
[2026-09-21T00:12:01.662+0000] {processor.py:156} INFO - Started process (PID=3472) to work on /opt/airflow/dags/1_first_dag.py
[2026-09-21T00:12:01.665+0000] {processor.py:799} INFO - Processing file /opt/airflow/dags/1_first_dag.py for tasks to queue
[2026-09-21T00:12:01.667+0000] {logging_mixin.py:149} INFO - [2026-09-21T00:12:01.666+0000] {dagbag.py:541} INFO - Filling up the DagBag from /opt/airflow/dags/1_first_dag.py
[2026-09-21T00:12:01.688+0000] {processor.py:809} INFO - DAG(s) dict_keys(['1-miprimerdag']) retrieved from /opt/airflow/dags/1_first_dag.py
[2026-09-21T00:12:01.747+0000] {logging_mixin.py:149} INFO - [2026-09-21T00:12:01.747+0000] {dag.py:2726} INFO - Sync 1 DAGs
[2026-09-21T00:12:01.797+0000] {logging_mixin.py:149} INFO - [2026-09-21T00:12:01.796+0000] {dag.py:3490} INFO - Setting next_dagrun for 1-miprimerdag to None, run_after=None
[2026-09-21T00:12:01.821+0000] {processor.py:178} INFO - Processing /opt/airflow/dags/1_first_dag.py took 0.167 seconds
[2026-09-21T00:12:32.711+0000] {processor.py:156} INFO - Started process (PID=3483) to work on /opt/airflow/dags/1_first_dag.py
[2026-09-21T00:12:32.716+0000] {processor.py:799} INFO - Processing file /opt/airflow/dags/1_first_dag.py for tasks to queue
[2026-09-21T00:12:32.717+0000] {logging_mixin.py:149} INFO - [2026-09-21T00:12:32.717+0000] {dagbag.py:541} INFO - Filling up the DagBag from /opt/airflow/dags/1_first_dag.py
[2026-09-21T00:12:32.735+0000] {processor.py:809} INFO - DAG(s) dict_keys(['1-miprimerdag']) retrieved from /opt/airflow/dags/1_first_dag.py
[2026-09-21T00:12:32.815+0000] {logging_mixin.py:149} INFO - [2026-09-21T00:12:32.815+0000] {dag.py:2726} INFO - Sync 1 DAGs
[2026-09-21T00:12:32.879+0000] {logging_mixin.py:149} INFO - [2026-09-21T00:12:32.878+0000] {dag.py:3490} INFO - Setting next_dagrun for 1-miprimerdag to None, run_after=None
[2026-09-21T00:12:32.934+0000] {processor.py:178} INFO - Processing /opt/airflow/dags/1_first_dag.py took 0.231 seconds
[2026-09-21T00:13:03.499+0000] {processor.py:156} INFO - Started process (PID=3493) to work on /opt/airflow/dags/1_first_dag.py
[2026-09-21T00:13:03.506+0000] {processor.py:799} INFO - Processing file /opt/airflow/dags/1_first_dag.py for tasks to queue
[2026-09-21T00:13:03.507+0000] {logging_mixin.py:149} INFO - [2026-09-21T00:13:03.507+0000] {dagbag.py:541} INFO - Filling up the DagBag from /opt/airflow/dags/1_first_dag.py
[2026-09-21T00:13:03.541+0000] {processor.py:809} INFO - DAG(s) dict_keys(['1-miprimerdag']) retrieved from /opt/airflow/dags/1_first_dag.py
[2026-09-21T00:13:03.635+0000] {logging_mixin.py:149} INFO - [2026-09-21T00:13:03.635+0000] {dag.py:2726} INFO - Sync 1 DAGs
[2026-09-21T00:13:03.686+0000] {logging_mixin.py:149} INFO - [2026-09-21T00:13:03.686+0000] {dag.py:3490} INFO - Setting next_dagrun for 1-miprimerdag to None, run_after=None
[2026-09-21T00:13:03.741+0000] {processor.py:178} INFO - Processing /opt/airflow/dags/1_first_dag.py took 0.255 seconds
[2026-09-21T00:13:33.840+0000] {processor.py:156} INFO - Started process (PID=3502) to work on /opt/airflow/dags/1_first_dag.py
[2026-09-21T00:13:33.850+0000] {processor.py:799} INFO - Processing file /opt/airflow/dags/1_first_dag.py for tasks to queue
[2026-09-21T00:13:33.852+0000] {logging_mixin.py:149} INFO - [2026-09-21T00:13:33.851+0000] {dagbag.py:541} INFO - Filling up the DagBag from /opt/airflow/dags/1_first_dag.py
[2026-09-21T00:13:33.871+0000] {processor.py:809} INFO - DAG(s) dict_keys(['1-miprimerdag']) retrieved from /opt/airflow/dags/1_first_dag.py
[2026-09-21T00:13:33.939+0000] {logging_mixin.py:149} INFO - [2026-09-21T00:13:33.939+0000] {dag.py:2726} INFO - Sync 1 DAGs
[2026-09-21T00:13:34.010+0000] {logging_mixin.py:149} INFO - [2026-09-21T00:13:34.010+0000] {dag.py:3490} INFO - Setting next_dagrun for 1-miprimerdag to None, run_after=None
[2026-09-21T00:13:34.084+0000] {processor.py:178} INFO - Processing /opt/airflow/dags/1_first_dag.py took 0.250 seconds
[2026-09-21T00:14:04.179+0000] {processor.py:156} INFO - Started process (PID=3512) to work on /opt/airflow/dags/1_first_dag.py
[2026-09-21T00:14:04.184+0000] {processor.py:799} INFO - Processing file /opt/airflow/dags/1_first_dag.py for tasks to queue
[2026-09-21T00:14:04.189+0000] {logging_mixin.py:149} INFO - [2026-09-21T00:14:04.188+0000] {dagbag.py:541} INFO - Filling up the DagBag from /opt/airflow/dags/1_first_dag.py
[2026-09-21T00:14:04.217+0000] {processor.py:809} INFO - DAG(s) dict_keys(['1-miprimerdag']) retrieved from /opt/airflow/dags/1_first_dag.py
[2026-09-21T00:14:04.293+0000] {logging_mixin.py:149} INFO - [2026-09-21T00:14:04.292+0000] {dag.py:2726} INFO - Sync 1 DAGs
[2026-09-21T00:14:04.346+0000] {logging_mixin.py:149} INFO - [2026-09-21T00:14:04.345+0000] {dag.py:3490} INFO - Setting next_dagrun for 1-miprimerdag to None, run_after=None
[2026-09-21T00:14:04.391+0000] {processor.py:178} INFO - Processing /opt/airflow/dags/1_first_dag.py took 0.229 seconds
[2026-09-21T00:14:34.537+0000] {processor.py:156} INFO - Started process (PID=3522) to work on /opt/airflow/dags/1_first_dag.py
[2026-09-21T00:14:34.541+0000] {processor.py:799} INFO - Processing file /opt/airflow/dags/1_first_dag.py for tasks to queue
[2026-09-21T00:14:34.543+0000] {logging_mixin.py:149} INFO - [2026-09-21T00:14:34.542+0000] {dagbag.py:541} INFO - Filling up the DagBag from /opt/airflow/dags/1_first_dag.py
[2026-09-21T00:14:34.558+0000] {processor.py:809} INFO - DAG(s) dict_keys(['1-miprimerdag']) retrieved from /opt/airflow/dags/1_first_dag.py
[2026-09-21T00:14:34.604+0000] {logging_mixin.py:149} INFO - [2026-09-21T00:14:34.604+0000] {dag.py:2726} INFO - Sync 1 DAGs
[2026-09-21T00:14:34.643+0000] {logging_mixin.py:149} INFO - [2026-09-21T00:14:34.643+0000] {dag.py:3490} INFO - Setting next_dagrun for 1-miprimerdag to None, run_after=None
[2026-09-21T00:14:34.673+0000] {processor.py:178} INFO - Processing /opt/airflow/dags/1_first_dag.py took 0.150 seconds
[2026-09-21T00:15:05.075+0000] {processor.py:156} INFO - Started process (PID=3532) to work on /opt/airflow/dags/1_first_dag.py
[2026-09-21T00:15:05.078+0000] {processor.py:799} INFO - Processing file /opt/airflow/dags/1_first_dag.py for tasks to queue
[2026-09-21T00:15:05.080+0000] {logging_mixin.py:149} INFO - [2026-09-21T00:15:05.080+0000] {dagbag.py:541} INFO - Filling up the DagBag from /opt/airflow/dags/1_first_dag.py
[2026-09-21T00:15:05.096+0000] {processor.py:809} INFO - DAG(s) dict_keys(['1-miprimerdag']) retrieved from /opt/airflow/dags/1_first_dag.py
[2026-09-21T00:15:05.147+0000] {logging_mixin.py:149} INFO - [2026-09-21T00:15:05.146+0000] {dag.py:2726} INFO - Sync 1 DAGs
[2026-09-21T00:15:05.212+0000] {logging_mixin.py:149} INFO - [2026-09-21T00:15:05.211+0000] {dag.py:3490} INFO - Setting next_dagrun for 1-miprimerdag to None, run_after=None
[2026-09-21T00:15:05.239+0000] {processor.py:178} INFO - Processing /opt/airflow/dags/1_first_dag.py took 0.171 seconds
[2026-09-21T00:15:36.305+0000] {processor.py:156} INFO - Started process (PID=3542) to work on /opt/airflow/dags/1_first_dag.py
[2026-09-21T00:15:36.315+0000] {processor.py:799} INFO - Processing file /opt/airflow/dags/1_first_dag.py for tasks to queue
[2026-09-21T00:15:36.316+0000] {logging_mixin.py:149} INFO - [2026-09-21T00:15:36.316+0000] {dagbag.py:541} INFO - Filling up the DagBag from /opt/airflow/dags/1_first_dag.py
[2026-09-21T00:15:36.335+0000] {processor.py:809} INFO - DAG(s) dict_keys(['1-miprimerdag']) retrieved from /opt/airflow/dags/1_first_dag.py
[2026-09-21T00:15:36.405+0000] {logging_mixin.py:149} INFO - [2026-09-21T00:15:36.404+0000] {dag.py:2726} INFO - Sync 1 DAGs
[2026-09-21T00:15:36.448+0000] {logging_mixin.py:149} INFO - [2026-09-21T00:15:36.448+0000] {dag.py:3490} INFO - Setting next_dagrun for 1-miprimerdag to None, run_after=None
[2026-09-21T00:15:36.482+0000] {processor.py:178} INFO - Processing /opt/airflow/dags/1_first_dag.py took 0.184 seconds
[2026-09-21T00:16:06.667+0000] {processor.py:156} INFO - Started process (PID=3552) to work on /opt/airflow/dags/1_first_dag.py
[2026-09-21T00:16:06.672+0000] {processor.py:799} INFO - Processing file /opt/airflow/dags/1_first_dag.py for tasks to queue
[2026-09-21T00:16:06.673+0000] {logging_mixin.py:149} INFO - [2026-09-21T00:16:06.673+0000] {dagbag.py:541} INFO - Filling up the DagBag from /opt/airflow/dags/1_first_dag.py
[2026-09-21T00:16:06.694+0000] {processor.py:809} INFO - DAG(s) dict_keys(['1-miprimerdag']) retrieved from /opt/airflow/dags/1_first_dag.py
[2026-09-21T00:16:06.780+0000] {logging_mixin.py:149} INFO - [2026-09-21T00:16:06.779+0000] {dag.py:2726} INFO - Sync 1 DAGs
[2026-09-21T00:16:06.829+0000] {logging_mixin.py:149} INFO - [2026-09-21T00:16:06.828+0000] {dag.py:3490} INFO - Setting next_dagrun for 1-miprimerdag to None, run_after=None
[2026-09-21T00:16:06.864+0000] {processor.py:178} INFO - Processing /opt/airflow/dags/1_first_dag.py took 0.202 seconds
[2026-09-21T00:16:37.080+0000] {processor.py:156} INFO - Started process (PID=3562) to work on /opt/airflow/dags/1_first_dag.py
[2026-09-21T00:16:37.085+0000] {processor.py:799} INFO - Processing file /opt/airflow/dags/1_first_dag.py for tasks to queue
[2026-09-21T00:16:37.087+0000] {logging_mixin.py:149} INFO - [2026-09-21T00:16:37.086+0000] {dagbag.py:541} INFO - Filling up the DagBag from /opt/airflow/dags/1_first_dag.py
[2026-09-21T00:16:37.108+0000] {processor.py:809} INFO - DAG(s) dict_keys(['1-miprimerdag']) retrieved from /opt/airflow/dags/1_first_dag.py
[2026-09-21T00:16:37.172+0000] {logging_mixin.py:149} INFO - [2026-09-21T00:16:37.172+0000] {dag.py:2726} INFO - Sync 1 DAGs
[2026-09-21T00:16:37.211+0000] {logging_mixin.py:149} INFO - [2026-09-21T00:16:37.211+0000] {dag.py:3490} INFO - Setting next_dagrun for 1-miprimerdag to None, run_after=None
[2026-09-21T00:16:37.247+0000] {processor.py:178} INFO - Processing /opt/airflow/dags/1_first_dag.py took 0.176 seconds
[2026-09-21T00:17:07.994+0000] {processor.py:156} INFO - Started process (PID=3575) to work on /opt/airflow/dags/1_first_dag.py
[2026-09-21T00:17:08.000+0000] {processor.py:799} INFO - Processing file /opt/airflow/dags/1_first_dag.py for tasks to queue
[2026-09-21T00:17:08.002+0000] {logging_mixin.py:149} INFO - [2026-09-21T00:17:08.002+0000] {dagbag.py:541} INFO - Filling up the DagBag from /opt/airflow/dags/1_first_dag.py
[2026-09-21T00:17:08.037+0000] {processor.py:809} INFO - DAG(s) dict_keys(['1-miprimerdag']) retrieved from /opt/airflow/dags/1_first_dag.py
[2026-09-21T00:17:08.131+0000] {logging_mixin.py:149} INFO - [2026-09-21T00:17:08.130+0000] {dag.py:2726} INFO - Sync 1 DAGs
[2026-09-21T00:17:08.189+0000] {logging_mixin.py:149} INFO - [2026-09-21T00:17:08.188+0000] {dag.py:3490} INFO - Setting next_dagrun for 1-miprimerdag to None, run_after=None
[2026-09-21T00:17:08.248+0000] {processor.py:178} INFO - Processing /opt/airflow/dags/1_first_dag.py took 0.263 seconds
[2026-09-21T00:17:38.693+0000] {processor.py:156} INFO - Started process (PID=3585) to work on /opt/airflow/dags/1_first_dag.py
[2026-09-21T00:17:38.713+0000] {processor.py:799} INFO - Processing file /opt/airflow/dags/1_first_dag.py for tasks to queue
[2026-09-21T00:17:38.714+0000] {logging_mixin.py:149} INFO - [2026-09-21T00:17:38.714+0000] {dagbag.py:541} INFO - Filling up the DagBag from /opt/airflow/dags/1_first_dag.py
[2026-09-21T00:17:38.768+0000] {processor.py:809} INFO - DAG(s) dict_keys(['1-miprimerdag']) retrieved from /opt/airflow/dags/1_first_dag.py
[2026-09-21T00:17:38.825+0000] {logging_mixin.py:149} INFO - [2026-09-21T00:17:38.825+0000] {dag.py:2726} INFO - Sync 1 DAGs
[2026-09-21T00:17:38.891+0000] {logging_mixin.py:149} INFO - [2026-09-21T00:17:38.891+0000] {dag.py:3490} INFO - Setting next_dagrun for 1-miprimerdag to None, run_after=None
[2026-09-21T00:17:38.925+0000] {processor.py:178} INFO - Processing /opt/airflow/dags/1_first_dag.py took 0.257 seconds
[2026-09-21T00:18:09.912+0000] {processor.py:156} INFO - Started process (PID=3595) to work on /opt/airflow/dags/1_first_dag.py
[2026-09-21T00:18:09.918+0000] {processor.py:799} INFO - Processing file /opt/airflow/dags/1_first_dag.py for tasks to queue
[2026-09-21T00:18:09.919+0000] {logging_mixin.py:149} INFO - [2026-09-21T00:18:09.919+0000] {dagbag.py:541} INFO - Filling up the DagBag from /opt/airflow/dags/1_first_dag.py
[2026-09-21T00:18:09.962+0000] {processor.py:809} INFO - DAG(s) dict_keys(['1-miprimerdag']) retrieved from /opt/airflow/dags/1_first_dag.py
[2026-09-21T00:18:10.048+0000] {logging_mixin.py:149} INFO - [2026-09-21T00:18:10.048+0000] {dag.py:2726} INFO - Sync 1 DAGs
[2026-09-21T00:18:10.112+0000] {logging_mixin.py:149} INFO - [2026-09-21T00:18:10.112+0000] {dag.py:3490} INFO - Setting next_dagrun for 1-miprimerdag to None, run_after=None
[2026-09-21T00:18:10.152+0000] {processor.py:178} INFO - Processing /opt/airflow/dags/1_first_dag.py took 0.252 seconds
[2026-09-21T00:18:41.166+0000] {processor.py:156} INFO - Started process (PID=3605) to work on /opt/airflow/dags/1_first_dag.py
[2026-09-21T00:18:41.171+0000] {processor.py:799} INFO - Processing file /opt/airflow/dags/1_first_dag.py for tasks to queue
[2026-09-21T00:18:41.173+0000] {logging_mixin.py:149} INFO - [2026-09-21T00:18:41.172+0000] {dagbag.py:541} INFO - Filling up the DagBag from /opt/airflow/dags/1_first_dag.py
[2026-09-21T00:18:41.209+0000] {processor.py:809} INFO - DAG(s) dict_keys(['1-miprimerdag']) retrieved from /opt/airflow/dags/1_first_dag.py
[2026-09-21T00:18:41.373+0000] {logging_mixin.py:149} INFO - [2026-09-21T00:18:41.372+0000] {dag.py:2726} INFO - Sync 1 DAGs
[2026-09-21T00:18:41.414+0000] {logging_mixin.py:149} INFO - [2026-09-21T00:18:41.414+0000] {dag.py:3490} INFO - Setting next_dagrun for 1-miprimerdag to None, run_after=None
[2026-09-21T00:18:41.452+0000] {processor.py:178} INFO - Processing /opt/airflow/dags/1_first_dag.py took 0.298 seconds
[2026-09-21T00:19:11.663+0000] {processor.py:156} INFO - Started process (PID=3615) to work on /opt/airflow/dags/1_first_dag.py
[2026-09-21T00:19:11.666+0000] {processor.py:799} INFO - Processing file /opt/airflow/dags/1_first_dag.py for tasks to queue
[2026-09-21T00:19:11.669+0000] {logging_mixin.py:149} INFO - [2026-09-21T00:19:11.669+0000] {dagbag.py:541} INFO - Filling up the DagBag from /opt/airflow/dags/1_first_dag.py
[2026-09-21T00:19:11.701+0000] {processor.py:809} INFO - DAG(s) dict_keys(['1-miprimerdag']) retrieved from /opt/airflow/dags/1_first_dag.py
[2026-09-21T00:19:11.790+0000] {logging_mixin.py:149} INFO - [2026-09-21T00:19:11.789+0000] {dag.py:2726} INFO - Sync 1 DAGs
[2026-09-21T00:19:11.843+0000] {logging_mixin.py:149} INFO - [2026-09-21T00:19:11.842+0000] {dag.py:3490} INFO - Setting next_dagrun for 1-miprimerdag to None, run_after=None
[2026-09-21T00:19:11.914+0000] {processor.py:178} INFO - Processing /opt/airflow/dags/1_first_dag.py took 0.266 seconds
[2026-09-21T00:19:41.990+0000] {processor.py:156} INFO - Started process (PID=3624) to work on /opt/airflow/dags/1_first_dag.py
[2026-09-21T00:19:41.995+0000] {processor.py:799} INFO - Processing file /opt/airflow/dags/1_first_dag.py for tasks to queue
[2026-09-21T00:19:41.996+0000] {logging_mixin.py:149} INFO - [2026-09-21T00:19:41.996+0000] {dagbag.py:541} INFO - Filling up the DagBag from /opt/airflow/dags/1_first_dag.py
[2026-09-21T00:19:42.043+0000] {processor.py:809} INFO - DAG(s) dict_keys(['1-miprimerdag']) retrieved from /opt/airflow/dags/1_first_dag.py
[2026-09-21T00:19:42.126+0000] {logging_mixin.py:149} INFO - [2026-09-21T00:19:42.126+0000] {dag.py:2726} INFO - Sync 1 DAGs
[2026-09-21T00:19:42.188+0000] {logging_mixin.py:149} INFO - [2026-09-21T00:19:42.187+0000] {dag.py:3490} INFO - Setting next_dagrun for 1-miprimerdag to None, run_after=None
[2026-09-21T00:19:42.245+0000] {processor.py:178} INFO - Processing /opt/airflow/dags/1_first_dag.py took 0.264 seconds
[2026-09-21T00:20:12.495+0000] {processor.py:156} INFO - Started process (PID=3635) to work on /opt/airflow/dags/1_first_dag.py
[2026-09-21T00:20:12.511+0000] {processor.py:799} INFO - Processing file /opt/airflow/dags/1_first_dag.py for tasks to queue
[2026-09-21T00:20:12.512+0000] {logging_mixin.py:149} INFO - [2026-09-21T00:20:12.512+0000] {dagbag.py:541} INFO - Filling up the DagBag from /opt/airflow/dags/1_first_dag.py
[2026-09-21T00:20:12.551+0000] {processor.py:809} INFO - DAG(s) dict_keys(['1-miprimerdag']) retrieved from /opt/airflow/dags/1_first_dag.py
[2026-09-21T00:20:12.619+0000] {logging_mixin.py:149} INFO - [2026-09-21T00:20:12.619+0000] {dag.py:2726} INFO - Sync 1 DAGs
[2026-09-21T00:20:12.664+0000] {logging_mixin.py:149} INFO - [2026-09-21T00:20:12.664+0000] {dag.py:3490} INFO - Setting next_dagrun for 1-miprimerdag to None, run_after=None
[2026-09-21T00:20:12.704+0000] {processor.py:178} INFO - Processing /opt/airflow/dags/1_first_dag.py took 0.225 seconds
[2026-09-21T00:20:42.889+0000] {processor.py:156} INFO - Started process (PID=3645) to work on /opt/airflow/dags/1_first_dag.py
[2026-09-21T00:20:42.899+0000] {processor.py:799} INFO - Processing file /opt/airflow/dags/1_first_dag.py for tasks to queue
[2026-09-21T00:20:42.901+0000] {logging_mixin.py:149} INFO - [2026-09-21T00:20:42.901+0000] {dagbag.py:541} INFO - Filling up the DagBag from /opt/airflow/dags/1_first_dag.py
[2026-09-21T00:20:42.918+0000] {processor.py:809} INFO - DAG(s) dict_keys(['1-miprimerdag']) retrieved from /opt/airflow/dags/1_first_dag.py
[2026-09-21T00:20:42.980+0000] {logging_mixin.py:149} INFO - [2026-09-21T00:20:42.980+0000] {dag.py:2726} INFO - Sync 1 DAGs
[2026-09-21T00:20:43.042+0000] {logging_mixin.py:149} INFO - [2026-09-21T00:20:43.041+0000] {dag.py:3490} INFO - Setting next_dagrun for 1-miprimerdag to None, run_after=None
[2026-09-21T00:20:43.100+0000] {processor.py:178} INFO - Processing /opt/airflow/dags/1_first_dag.py took 0.217 seconds
[2026-09-21T00:21:13.386+0000] {processor.py:156} INFO - Started process (PID=3655) to work on /opt/airflow/dags/1_first_dag.py
[2026-09-21T00:21:13.389+0000] {processor.py:799} INFO - Processing file /opt/airflow/dags/1_first_dag.py for tasks to queue
[2026-09-21T00:21:13.391+0000] {logging_mixin.py:149} INFO - [2026-09-21T00:21:13.390+0000] {dagbag.py:541} INFO - Filling up the DagBag from /opt/airflow/dags/1_first_dag.py
[2026-09-21T00:21:13.422+0000] {processor.py:809} INFO - DAG(s) dict_keys(['1-miprimerdag']) retrieved from /opt/airflow/dags/1_first_dag.py
[2026-09-21T00:21:13.519+0000] {logging_mixin.py:149} INFO - [2026-09-21T00:21:13.519+0000] {dag.py:2726} INFO - Sync 1 DAGs
[2026-09-21T00:21:13.560+0000] {logging_mixin.py:149} INFO - [2026-09-21T00:21:13.560+0000] {dag.py:3490} INFO - Setting next_dagrun for 1-miprimerdag to None, run_after=None
[2026-09-21T00:21:13.629+0000] {processor.py:178} INFO - Processing /opt/airflow/dags/1_first_dag.py took 0.251 seconds
[2026-09-21T00:21:43.724+0000] {processor.py:156} INFO - Started process (PID=3665) to work on /opt/airflow/dags/1_first_dag.py
[2026-09-21T00:21:43.729+0000] {processor.py:799} INFO - Processing file /opt/airflow/dags/1_first_dag.py for tasks to queue
[2026-09-21T00:21:43.731+0000] {logging_mixin.py:149} INFO - [2026-09-21T00:21:43.731+0000] {dagbag.py:541} INFO - Filling up the DagBag from /opt/airflow/dags/1_first_dag.py
[2026-09-21T00:21:43.753+0000] {processor.py:809} INFO - DAG(s) dict_keys(['1-miprimerdag']) retrieved from /opt/airflow/dags/1_first_dag.py
[2026-09-21T00:21:43.799+0000] {logging_mixin.py:149} INFO - [2026-09-21T00:21:43.799+0000] {dag.py:2726} INFO - Sync 1 DAGs
[2026-09-21T00:21:43.835+0000] {logging_mixin.py:149} INFO - [2026-09-21T00:21:43.835+0000] {dag.py:3490} INFO - Setting next_dagrun for 1-miprimerdag to None, run_after=None
[2026-09-21T00:21:43.860+0000] {processor.py:178} INFO - Processing /opt/airflow/dags/1_first_dag.py took 0.143 seconds
[2026-09-21T00:22:13.933+0000] {processor.py:156} INFO - Started process (PID=3675) to work on /opt/airflow/dags/1_first_dag.py
[2026-09-21T00:22:13.936+0000] {processor.py:799} INFO - Processing file /opt/airflow/dags/1_first_dag.py for tasks to queue
[2026-09-21T00:22:13.937+0000] {logging_mixin.py:149} INFO - [2026-09-21T00:22:13.937+0000] {dagbag.py:541} INFO - Filling up the DagBag from /opt/airflow/dags/1_first_dag.py
[2026-09-21T00:22:13.954+0000] {processor.py:809} INFO - DAG(s) dict_keys(['1-miprimerdag']) retrieved from /opt/airflow/dags/1_first_dag.py
[2026-09-21T00:22:14.076+0000] {logging_mixin.py:149} INFO - [2026-09-21T00:22:14.076+0000] {dag.py:2726} INFO - Sync 1 DAGs
[2026-09-21T00:22:14.133+0000] {logging_mixin.py:149} INFO - [2026-09-21T00:22:14.132+0000] {dag.py:3490} INFO - Setting next_dagrun for 1-miprimerdag to None, run_after=None
[2026-09-21T00:22:14.236+0000] {processor.py:178} INFO - Processing /opt/airflow/dags/1_first_dag.py took 0.308 seconds
[2026-09-21T00:22:44.380+0000] {processor.py:156} INFO - Started process (PID=3685) to work on /opt/airflow/dags/1_first_dag.py
[2026-09-21T00:22:44.382+0000] {processor.py:799} INFO - Processing file /opt/airflow/dags/1_first_dag.py for tasks to queue
[2026-09-21T00:22:44.383+0000] {logging_mixin.py:149} INFO - [2026-09-21T00:22:44.382+0000] {dagbag.py:541} INFO - Filling up the DagBag from /opt/airflow/dags/1_first_dag.py
[2026-09-21T00:22:44.408+0000] {processor.py:809} INFO - DAG(s) dict_keys(['1-miprimerdag']) retrieved from /opt/airflow/dags/1_first_dag.py
[2026-09-21T00:22:44.466+0000] {logging_mixin.py:149} INFO - [2026-09-21T00:22:44.466+0000] {dag.py:2726} INFO - Sync 1 DAGs
[2026-09-21T00:22:44.506+0000] {logging_mixin.py:149} INFO - [2026-09-21T00:22:44.506+0000] {dag.py:3490} INFO - Setting next_dagrun for 1-miprimerdag to None, run_after=None
[2026-09-21T00:22:44.572+0000] {processor.py:178} INFO - Processing /opt/airflow/dags/1_first_dag.py took 0.205 seconds
[2026-09-21T00:23:14.629+0000] {processor.py:156} INFO - Started process (PID=3694) to work on /opt/airflow/dags/1_first_dag.py
[2026-09-21T00:23:14.633+0000] {processor.py:799} INFO - Processing file /opt/airflow/dags/1_first_dag.py for tasks to queue
[2026-09-21T00:23:14.635+0000] {logging_mixin.py:149} INFO - [2026-09-21T00:23:14.634+0000] {dagbag.py:541} INFO - Filling up the DagBag from /opt/airflow/dags/1_first_dag.py
[2026-09-21T00:23:14.661+0000] {processor.py:809} INFO - DAG(s) dict_keys(['1-miprimerdag']) retrieved from /opt/airflow/dags/1_first_dag.py
[2026-09-21T00:23:14.720+0000] {logging_mixin.py:149} INFO - [2026-09-21T00:23:14.720+0000] {dag.py:2726} INFO - Sync 1 DAGs
[2026-09-21T00:23:14.782+0000] {logging_mixin.py:149} INFO - [2026-09-21T00:23:14.782+0000] {dag.py:3490} INFO - Setting next_dagrun for 1-miprimerdag to None, run_after=None
[2026-09-21T00:23:14.817+0000] {processor.py:178} INFO - Processing /opt/airflow/dags/1_first_dag.py took 0.197 seconds
[2026-09-21T00:23:45.638+0000] {processor.py:156} INFO - Started process (PID=3705) to work on /opt/airflow/dags/1_first_dag.py
[2026-09-21T00:23:45.641+0000] {processor.py:799} INFO - Processing file /opt/airflow/dags/1_first_dag.py for tasks to queue
[2026-09-21T00:23:45.642+0000] {logging_mixin.py:149} INFO - [2026-09-21T00:23:45.642+0000] {dagbag.py:541} INFO - Filling up the DagBag from /opt/airflow/dags/1_first_dag.py
[2026-09-21T00:23:45.671+0000] {processor.py:809} INFO - DAG(s) dict_keys(['1-miprimerdag']) retrieved from /opt/airflow/dags/1_first_dag.py
[2026-09-21T00:23:45.758+0000] {logging_mixin.py:149} INFO - [2026-09-21T00:23:45.757+0000] {dag.py:2726} INFO - Sync 1 DAGs
[2026-09-21T00:23:45.831+0000] {logging_mixin.py:149} INFO - [2026-09-21T00:23:45.831+0000] {dag.py:3490} INFO - Setting next_dagrun for 1-miprimerdag to None, run_after=None
[2026-09-21T00:23:45.878+0000] {processor.py:178} INFO - Processing /opt/airflow/dags/1_first_dag.py took 0.264 seconds
[2026-09-21T00:24:16.110+0000] {processor.py:156} INFO - Started process (PID=3715) to work on /opt/airflow/dags/1_first_dag.py
[2026-09-21T00:24:16.119+0000] {processor.py:799} INFO - Processing file /opt/airflow/dags/1_first_dag.py for tasks to queue
[2026-09-21T00:24:16.120+0000] {logging_mixin.py:149} INFO - [2026-09-21T00:24:16.120+0000] {dagbag.py:541} INFO - Filling up the DagBag from /opt/airflow/dags/1_first_dag.py
[2026-09-21T00:24:16.164+0000] {processor.py:809} INFO - DAG(s) dict_keys(['1-miprimerdag']) retrieved from /opt/airflow/dags/1_first_dag.py
[2026-09-21T00:24:16.261+0000] {logging_mixin.py:149} INFO - [2026-09-21T00:24:16.261+0000] {dag.py:2726} INFO - Sync 1 DAGs
[2026-09-21T00:24:16.337+0000] {logging_mixin.py:149} INFO - [2026-09-21T00:24:16.337+0000] {dag.py:3490} INFO - Setting next_dagrun for 1-miprimerdag to None, run_after=None
[2026-09-21T00:24:16.381+0000] {processor.py:178} INFO - Processing /opt/airflow/dags/1_first_dag.py took 0.287 seconds
[2026-09-21T00:24:46.636+0000] {processor.py:156} INFO - Started process (PID=3725) to work on /opt/airflow/dags/1_first_dag.py
[2026-09-21T00:24:46.638+0000] {processor.py:799} INFO - Processing file /opt/airflow/dags/1_first_dag.py for tasks to queue
[2026-09-21T00:24:46.639+0000] {logging_mixin.py:149} INFO - [2026-09-21T00:24:46.638+0000] {dagbag.py:541} INFO - Filling up the DagBag from /opt/airflow/dags/1_first_dag.py
[2026-09-21T00:24:46.657+0000] {processor.py:809} INFO - DAG(s) dict_keys(['1-miprimerdag']) retrieved from /opt/airflow/dags/1_first_dag.py
[2026-09-21T00:24:46.704+0000] {logging_mixin.py:149} INFO - [2026-09-21T00:24:46.704+0000] {dag.py:2726} INFO - Sync 1 DAGs
[2026-09-21T00:24:46.742+0000] {logging_mixin.py:149} INFO - [2026-09-21T00:24:46.742+0000] {dag.py:3490} INFO - Setting next_dagrun for 1-miprimerdag to None, run_after=None
[2026-09-21T00:24:46.771+0000] {processor.py:178} INFO - Processing /opt/airflow/dags/1_first_dag.py took 0.141 seconds
[2026-09-21T00:25:16.932+0000] {processor.py:156} INFO - Started process (PID=3735) to work on /opt/airflow/dags/1_first_dag.py
[2026-09-21T00:25:16.934+0000] {processor.py:799} INFO - Processing file /opt/airflow/dags/1_first_dag.py for tasks to queue
[2026-09-21T00:25:16.935+0000] {logging_mixin.py:149} INFO - [2026-09-21T00:25:16.935+0000] {dagbag.py:541} INFO - Filling up the DagBag from /opt/airflow/dags/1_first_dag.py
[2026-09-21T00:25:16.954+0000] {processor.py:809} INFO - DAG(s) dict_keys(['1-miprimerdag']) retrieved from /opt/airflow/dags/1_first_dag.py
[2026-09-21T00:25:17.051+0000] {logging_mixin.py:149} INFO - [2026-09-21T00:25:17.051+0000] {dag.py:2726} INFO - Sync 1 DAGs
[2026-09-21T00:25:17.123+0000] {logging_mixin.py:149} INFO - [2026-09-21T00:25:17.122+0000] {dag.py:3490} INFO - Setting next_dagrun for 1-miprimerdag to None, run_after=None
[2026-09-21T00:25:17.167+0000] {processor.py:178} INFO - Processing /opt/airflow/dags/1_first_dag.py took 0.243 seconds
[2026-09-21T00:25:47.283+0000] {processor.py:156} INFO - Started process (PID=3745) to work on /opt/airflow/dags/1_first_dag.py
[2026-09-21T00:25:47.286+0000] {processor.py:799} INFO - Processing file /opt/airflow/dags/1_first_dag.py for tasks to queue
[2026-09-21T00:25:47.291+0000] {logging_mixin.py:149} INFO - [2026-09-21T00:25:47.291+0000] {dagbag.py:541} INFO - Filling up the DagBag from /opt/airflow/dags/1_first_dag.py
[2026-09-21T00:25:47.330+0000] {processor.py:809} INFO - DAG(s) dict_keys(['1-miprimerdag']) retrieved from /opt/airflow/dags/1_first_dag.py
[2026-09-21T00:25:47.388+0000] {logging_mixin.py:149} INFO - [2026-09-21T00:25:47.387+0000] {dag.py:2726} INFO - Sync 1 DAGs
[2026-09-21T00:25:47.426+0000] {logging_mixin.py:149} INFO - [2026-09-21T00:25:47.426+0000] {dag.py:3490} INFO - Setting next_dagrun for 1-miprimerdag to None, run_after=None
[2026-09-21T00:25:47.454+0000] {processor.py:178} INFO - Processing /opt/airflow/dags/1_first_dag.py took 0.188 seconds
[2026-09-21T00:26:18.240+0000] {processor.py:156} INFO - Started process (PID=3755) to work on /opt/airflow/dags/1_first_dag.py
[2026-09-21T00:26:18.247+0000] {processor.py:799} INFO - Processing file /opt/airflow/dags/1_first_dag.py for tasks to queue
[2026-09-21T00:26:18.250+0000] {logging_mixin.py:149} INFO - [2026-09-21T00:26:18.249+0000] {dagbag.py:541} INFO - Filling up the DagBag from /opt/airflow/dags/1_first_dag.py
[2026-09-21T00:26:18.289+0000] {processor.py:809} INFO - DAG(s) dict_keys(['1-miprimerdag']) retrieved from /opt/airflow/dags/1_first_dag.py
[2026-09-21T00:26:18.370+0000] {logging_mixin.py:149} INFO - [2026-09-21T00:26:18.370+0000] {dag.py:2726} INFO - Sync 1 DAGs
[2026-09-21T00:26:18.430+0000] {logging_mixin.py:149} INFO - [2026-09-21T00:26:18.426+0000] {dag.py:3490} INFO - Setting next_dagrun for 1-miprimerdag to None, run_after=None
[2026-09-21T00:26:18.473+0000] {processor.py:178} INFO - Processing /opt/airflow/dags/1_first_dag.py took 0.242 seconds
[2026-09-21T00:26:48.631+0000] {processor.py:156} INFO - Started process (PID=3765) to work on /opt/airflow/dags/1_first_dag.py
[2026-09-21T00:26:48.633+0000] {processor.py:799} INFO - Processing file /opt/airflow/dags/1_first_dag.py for tasks to queue
[2026-09-21T00:26:48.634+0000] {logging_mixin.py:149} INFO - [2026-09-21T00:26:48.634+0000] {dagbag.py:541} INFO - Filling up the DagBag from /opt/airflow/dags/1_first_dag.py
[2026-09-21T00:26:48.657+0000] {processor.py:809} INFO - DAG(s) dict_keys(['1-miprimerdag']) retrieved from /opt/airflow/dags/1_first_dag.py
[2026-09-21T00:26:48.732+0000] {logging_mixin.py:149} INFO - [2026-09-21T00:26:48.731+0000] {dag.py:2726} INFO - Sync 1 DAGs
[2026-09-21T00:26:48.799+0000] {logging_mixin.py:149} INFO - [2026-09-21T00:26:48.799+0000] {dag.py:3490} INFO - Setting next_dagrun for 1-miprimerdag to None, run_after=None
[2026-09-21T00:26:48.847+0000] {processor.py:178} INFO - Processing /opt/airflow/dags/1_first_dag.py took 0.227 seconds
[2026-09-21T00:27:18.972+0000] {processor.py:156} INFO - Started process (PID=3775) to work on /opt/airflow/dags/1_first_dag.py
[2026-09-21T00:27:18.975+0000] {processor.py:799} INFO - Processing file /opt/airflow/dags/1_first_dag.py for tasks to queue
[2026-09-21T00:27:18.977+0000] {logging_mixin.py:149} INFO - [2026-09-21T00:27:18.977+0000] {dagbag.py:541} INFO - Filling up the DagBag from /opt/airflow/dags/1_first_dag.py
[2026-09-21T00:27:18.997+0000] {processor.py:809} INFO - DAG(s) dict_keys(['1-miprimerdag']) retrieved from /opt/airflow/dags/1_first_dag.py
[2026-09-21T00:27:19.090+0000] {logging_mixin.py:149} INFO - [2026-09-21T00:27:19.090+0000] {dag.py:2726} INFO - Sync 1 DAGs
[2026-09-21T00:27:19.188+0000] {logging_mixin.py:149} INFO - [2026-09-21T00:27:19.187+0000] {dag.py:3490} INFO - Setting next_dagrun for 1-miprimerdag to None, run_after=None
[2026-09-21T00:27:19.275+0000] {processor.py:178} INFO - Processing /opt/airflow/dags/1_first_dag.py took 0.308 seconds
[2026-09-21T00:27:49.515+0000] {processor.py:156} INFO - Started process (PID=3785) to work on /opt/airflow/dags/1_first_dag.py
[2026-09-21T00:27:49.516+0000] {processor.py:799} INFO - Processing file /opt/airflow/dags/1_first_dag.py for tasks to queue
[2026-09-21T00:27:49.517+0000] {logging_mixin.py:149} INFO - [2026-09-21T00:27:49.517+0000] {dagbag.py:541} INFO - Filling up the DagBag from /opt/airflow/dags/1_first_dag.py
[2026-09-21T00:27:49.538+0000] {processor.py:809} INFO - DAG(s) dict_keys(['1-miprimerdag']) retrieved from /opt/airflow/dags/1_first_dag.py
[2026-09-21T00:27:49.598+0000] {logging_mixin.py:149} INFO - [2026-09-21T00:27:49.598+0000] {dag.py:2726} INFO - Sync 1 DAGs
[2026-09-21T00:27:49.659+0000] {logging_mixin.py:149} INFO - [2026-09-21T00:27:49.659+0000] {dag.py:3490} INFO - Setting next_dagrun for 1-miprimerdag to None, run_after=None
[2026-09-21T00:27:49.685+0000] {processor.py:178} INFO - Processing /opt/airflow/dags/1_first_dag.py took 0.179 seconds
[2026-09-21T00:28:19.739+0000] {processor.py:156} INFO - Started process (PID=3794) to work on /opt/airflow/dags/1_first_dag.py
[2026-09-21T00:28:19.741+0000] {processor.py:799} INFO - Processing file /opt/airflow/dags/1_first_dag.py for tasks to queue
[2026-09-21T00:28:19.743+0000] {logging_mixin.py:149} INFO - [2026-09-21T00:28:19.742+0000] {dagbag.py:541} INFO - Filling up the DagBag from /opt/airflow/dags/1_first_dag.py
[2026-09-21T00:28:19.761+0000] {processor.py:809} INFO - DAG(s) dict_keys(['1-miprimerdag']) retrieved from /opt/airflow/dags/1_first_dag.py
[2026-09-21T00:28:19.828+0000] {logging_mixin.py:149} INFO - [2026-09-21T00:28:19.828+0000] {dag.py:2726} INFO - Sync 1 DAGs
[2026-09-21T00:28:19.869+0000] {logging_mixin.py:149} INFO - [2026-09-21T00:28:19.869+0000] {dag.py:3490} INFO - Setting next_dagrun for 1-miprimerdag to None, run_after=None
[2026-09-21T00:28:19.900+0000] {processor.py:178} INFO - Processing /opt/airflow/dags/1_first_dag.py took 0.174 seconds
[2026-09-21T00:28:50.056+0000] {processor.py:156} INFO - Started process (PID=3804) to work on /opt/airflow/dags/1_first_dag.py
[2026-09-21T00:28:50.058+0000] {processor.py:799} INFO - Processing file /opt/airflow/dags/1_first_dag.py for tasks to queue
[2026-09-21T00:28:50.059+0000] {logging_mixin.py:149} INFO - [2026-09-21T00:28:50.059+0000] {dagbag.py:541} INFO - Filling up the DagBag from /opt/airflow/dags/1_first_dag.py
[2026-09-21T00:28:50.075+0000] {processor.py:809} INFO - DAG(s) dict_keys(['1-miprimerdag']) retrieved from /opt/airflow/dags/1_first_dag.py
[2026-09-21T00:28:50.128+0000] {logging_mixin.py:149} INFO - [2026-09-21T00:28:50.127+0000] {dag.py:2726} INFO - Sync 1 DAGs
[2026-09-21T00:28:50.168+0000] {logging_mixin.py:149} INFO - [2026-09-21T00:28:50.168+0000] {dag.py:3490} INFO - Setting next_dagrun for 1-miprimerdag to None, run_after=None
[2026-09-21T00:28:50.200+0000] {processor.py:178} INFO - Processing /opt/airflow/dags/1_first_dag.py took 0.150 seconds
[2026-09-21T00:29:20.443+0000] {processor.py:156} INFO - Started process (PID=3814) to work on /opt/airflow/dags/1_first_dag.py
[2026-09-21T00:29:20.444+0000] {processor.py:799} INFO - Processing file /opt/airflow/dags/1_first_dag.py for tasks to queue
[2026-09-21T00:29:20.456+0000] {logging_mixin.py:149} INFO - [2026-09-21T00:29:20.456+0000] {dagbag.py:541} INFO - Filling up the DagBag from /opt/airflow/dags/1_first_dag.py
[2026-09-21T00:29:20.489+0000] {processor.py:809} INFO - DAG(s) dict_keys(['1-miprimerdag']) retrieved from /opt/airflow/dags/1_first_dag.py
[2026-09-21T00:29:20.570+0000] {logging_mixin.py:149} INFO - [2026-09-21T00:29:20.570+0000] {dag.py:2726} INFO - Sync 1 DAGs
[2026-09-21T00:29:20.631+0000] {logging_mixin.py:149} INFO - [2026-09-21T00:29:20.630+0000] {dag.py:3490} INFO - Setting next_dagrun for 1-miprimerdag to None, run_after=None
[2026-09-21T00:29:20.668+0000] {processor.py:178} INFO - Processing /opt/airflow/dags/1_first_dag.py took 0.230 seconds
[2026-09-21T00:29:51.588+0000] {processor.py:156} INFO - Started process (PID=3825) to work on /opt/airflow/dags/1_first_dag.py
[2026-09-21T00:29:51.591+0000] {processor.py:799} INFO - Processing file /opt/airflow/dags/1_first_dag.py for tasks to queue
[2026-09-21T00:29:51.593+0000] {logging_mixin.py:149} INFO - [2026-09-21T00:29:51.593+0000] {dagbag.py:541} INFO - Filling up the DagBag from /opt/airflow/dags/1_first_dag.py
[2026-09-21T00:29:51.616+0000] {processor.py:809} INFO - DAG(s) dict_keys(['1-miprimerdag']) retrieved from /opt/airflow/dags/1_first_dag.py
[2026-09-21T00:29:51.688+0000] {logging_mixin.py:149} INFO - [2026-09-21T00:29:51.688+0000] {dag.py:2726} INFO - Sync 1 DAGs
[2026-09-21T00:29:51.749+0000] {logging_mixin.py:149} INFO - [2026-09-21T00:29:51.748+0000] {dag.py:3490} INFO - Setting next_dagrun for 1-miprimerdag to None, run_after=None
[2026-09-21T00:29:51.812+0000] {processor.py:178} INFO - Processing /opt/airflow/dags/1_first_dag.py took 0.247 seconds
[2026-09-21T00:30:22.079+0000] {processor.py:156} INFO - Started process (PID=3835) to work on /opt/airflow/dags/1_first_dag.py
[2026-09-21T00:30:22.080+0000] {processor.py:799} INFO - Processing file /opt/airflow/dags/1_first_dag.py for tasks to queue
[2026-09-21T00:30:22.081+0000] {logging_mixin.py:149} INFO - [2026-09-21T00:30:22.081+0000] {dagbag.py:541} INFO - Filling up the DagBag from /opt/airflow/dags/1_first_dag.py
[2026-09-21T00:30:22.097+0000] {processor.py:809} INFO - DAG(s) dict_keys(['1-miprimerdag']) retrieved from /opt/airflow/dags/1_first_dag.py
[2026-09-21T00:30:22.202+0000] {logging_mixin.py:149} INFO - [2026-09-21T00:30:22.200+0000] {dag.py:2726} INFO - Sync 1 DAGs
[2026-09-21T00:30:22.278+0000] {logging_mixin.py:149} INFO - [2026-09-21T00:30:22.278+0000] {dag.py:3490} INFO - Setting next_dagrun for 1-miprimerdag to None, run_after=None
[2026-09-21T00:30:22.317+0000] {processor.py:178} INFO - Processing /opt/airflow/dags/1_first_dag.py took 0.244 seconds
[2026-09-21T00:30:52.623+0000] {processor.py:156} INFO - Started process (PID=3845) to work on /opt/airflow/dags/1_first_dag.py
[2026-09-21T00:30:52.625+0000] {processor.py:799} INFO - Processing file /opt/airflow/dags/1_first_dag.py for tasks to queue
[2026-09-21T00:30:52.626+0000] {logging_mixin.py:149} INFO - [2026-09-21T00:30:52.626+0000] {dagbag.py:541} INFO - Filling up the DagBag from /opt/airflow/dags/1_first_dag.py
[2026-09-21T00:30:52.653+0000] {processor.py:809} INFO - DAG(s) dict_keys(['1-miprimerdag']) retrieved from /opt/airflow/dags/1_first_dag.py
[2026-09-21T00:30:52.748+0000] {logging_mixin.py:149} INFO - [2026-09-21T00:30:52.747+0000] {dag.py:2726} INFO - Sync 1 DAGs
[2026-09-21T00:30:52.824+0000] {logging_mixin.py:149} INFO - [2026-09-21T00:30:52.824+0000] {dag.py:3490} INFO - Setting next_dagrun for 1-miprimerdag to None, run_after=None
[2026-09-21T00:30:52.875+0000] {processor.py:178} INFO - Processing /opt/airflow/dags/1_first_dag.py took 0.266 seconds
[2026-09-21T00:31:23.178+0000] {processor.py:156} INFO - Started process (PID=3855) to work on /opt/airflow/dags/1_first_dag.py
[2026-09-21T00:31:23.183+0000] {processor.py:799} INFO - Processing file /opt/airflow/dags/1_first_dag.py for tasks to queue
[2026-09-21T00:31:23.184+0000] {logging_mixin.py:149} INFO - [2026-09-21T00:31:23.184+0000] {dagbag.py:541} INFO - Filling up the DagBag from /opt/airflow/dags/1_first_dag.py
[2026-09-21T00:31:23.217+0000] {processor.py:809} INFO - DAG(s) dict_keys(['1-miprimerdag']) retrieved from /opt/airflow/dags/1_first_dag.py
[2026-09-21T00:31:23.268+0000] {logging_mixin.py:149} INFO - [2026-09-21T00:31:23.267+0000] {dag.py:2726} INFO - Sync 1 DAGs
[2026-09-21T00:31:23.307+0000] {logging_mixin.py:149} INFO - [2026-09-21T00:31:23.307+0000] {dag.py:3490} INFO - Setting next_dagrun for 1-miprimerdag to None, run_after=None
[2026-09-21T00:31:23.348+0000] {processor.py:178} INFO - Processing /opt/airflow/dags/1_first_dag.py took 0.181 seconds
[2026-09-21T00:31:53.546+0000] {processor.py:156} INFO - Started process (PID=3865) to work on /opt/airflow/dags/1_first_dag.py
[2026-09-21T00:31:53.548+0000] {processor.py:799} INFO - Processing file /opt/airflow/dags/1_first_dag.py for tasks to queue
[2026-09-21T00:31:53.549+0000] {logging_mixin.py:149} INFO - [2026-09-21T00:31:53.549+0000] {dagbag.py:541} INFO - Filling up the DagBag from /opt/airflow/dags/1_first_dag.py
[2026-09-21T00:31:53.567+0000] {processor.py:809} INFO - DAG(s) dict_keys(['1-miprimerdag']) retrieved from /opt/airflow/dags/1_first_dag.py
[2026-09-21T00:31:53.624+0000] {logging_mixin.py:149} INFO - [2026-09-21T00:31:53.624+0000] {dag.py:2726} INFO - Sync 1 DAGs
[2026-09-21T00:31:53.667+0000] {logging_mixin.py:149} INFO - [2026-09-21T00:31:53.666+0000] {dag.py:3490} INFO - Setting next_dagrun for 1-miprimerdag to None, run_after=None
[2026-09-21T00:31:53.703+0000] {processor.py:178} INFO - Processing /opt/airflow/dags/1_first_dag.py took 0.163 seconds
[2026-09-21T00:32:23.753+0000] {processor.py:156} INFO - Started process (PID=3875) to work on /opt/airflow/dags/1_first_dag.py
[2026-09-21T00:32:23.757+0000] {processor.py:799} INFO - Processing file /opt/airflow/dags/1_first_dag.py for tasks to queue
[2026-09-21T00:32:23.759+0000] {logging_mixin.py:149} INFO - [2026-09-21T00:32:23.759+0000] {dagbag.py:541} INFO - Filling up the DagBag from /opt/airflow/dags/1_first_dag.py
[2026-09-21T00:32:23.789+0000] {processor.py:809} INFO - DAG(s) dict_keys(['1-miprimerdag']) retrieved from /opt/airflow/dags/1_first_dag.py
[2026-09-21T00:32:23.854+0000] {logging_mixin.py:149} INFO - [2026-09-21T00:32:23.854+0000] {dag.py:2726} INFO - Sync 1 DAGs
[2026-09-21T00:32:23.904+0000] {logging_mixin.py:149} INFO - [2026-09-21T00:32:23.904+0000] {dag.py:3490} INFO - Setting next_dagrun for 1-miprimerdag to None, run_after=None
[2026-09-21T00:32:23.947+0000] {processor.py:178} INFO - Processing /opt/airflow/dags/1_first_dag.py took 0.211 seconds
[2026-09-21T00:32:54.226+0000] {processor.py:156} INFO - Started process (PID=3885) to work on /opt/airflow/dags/1_first_dag.py
[2026-09-21T00:32:54.228+0000] {processor.py:799} INFO - Processing file /opt/airflow/dags/1_first_dag.py for tasks to queue
[2026-09-21T00:32:54.230+0000] {logging_mixin.py:149} INFO - [2026-09-21T00:32:54.230+0000] {dagbag.py:541} INFO - Filling up the DagBag from /opt/airflow/dags/1_first_dag.py
[2026-09-21T00:32:54.258+0000] {processor.py:809} INFO - DAG(s) dict_keys(['1-miprimerdag']) retrieved from /opt/airflow/dags/1_first_dag.py
[2026-09-21T00:32:54.373+0000] {logging_mixin.py:149} INFO - [2026-09-21T00:32:54.372+0000] {dag.py:2726} INFO - Sync 1 DAGs
[2026-09-21T00:32:54.437+0000] {logging_mixin.py:149} INFO - [2026-09-21T00:32:54.436+0000] {dag.py:3490} INFO - Setting next_dagrun for 1-miprimerdag to None, run_after=None
[2026-09-21T00:32:54.481+0000] {processor.py:178} INFO - Processing /opt/airflow/dags/1_first_dag.py took 0.265 seconds
[2026-09-21T00:33:24.753+0000] {processor.py:156} INFO - Started process (PID=3895) to work on /opt/airflow/dags/1_first_dag.py
[2026-09-21T00:33:24.756+0000] {processor.py:799} INFO - Processing file /opt/airflow/dags/1_first_dag.py for tasks to queue
[2026-09-21T00:33:24.758+0000] {logging_mixin.py:149} INFO - [2026-09-21T00:33:24.757+0000] {dagbag.py:541} INFO - Filling up the DagBag from /opt/airflow/dags/1_first_dag.py
[2026-09-21T00:33:24.777+0000] {processor.py:809} INFO - DAG(s) dict_keys(['1-miprimerdag']) retrieved from /opt/airflow/dags/1_first_dag.py
[2026-09-21T00:33:24.833+0000] {logging_mixin.py:149} INFO - [2026-09-21T00:33:24.833+0000] {dag.py:2726} INFO - Sync 1 DAGs
[2026-09-21T00:33:24.875+0000] {logging_mixin.py:149} INFO - [2026-09-21T00:33:24.875+0000] {dag.py:3490} INFO - Setting next_dagrun for 1-miprimerdag to None, run_after=None
[2026-09-21T00:33:24.904+0000] {processor.py:178} INFO - Processing /opt/airflow/dags/1_first_dag.py took 0.158 seconds
[2026-09-21T00:33:55.128+0000] {processor.py:156} INFO - Started process (PID=3905) to work on /opt/airflow/dags/1_first_dag.py
[2026-09-21T00:33:55.130+0000] {processor.py:799} INFO - Processing file /opt/airflow/dags/1_first_dag.py for tasks to queue
[2026-09-21T00:33:55.131+0000] {logging_mixin.py:149} INFO - [2026-09-21T00:33:55.131+0000] {dagbag.py:541} INFO - Filling up the DagBag from /opt/airflow/dags/1_first_dag.py
[2026-09-21T00:33:55.148+0000] {processor.py:809} INFO - DAG(s) dict_keys(['1-miprimerdag']) retrieved from /opt/airflow/dags/1_first_dag.py
[2026-09-21T00:33:55.200+0000] {logging_mixin.py:149} INFO - [2026-09-21T00:33:55.199+0000] {dag.py:2726} INFO - Sync 1 DAGs
[2026-09-21T00:33:55.241+0000] {logging_mixin.py:149} INFO - [2026-09-21T00:33:55.241+0000] {dag.py:3490} INFO - Setting next_dagrun for 1-miprimerdag to None, run_after=None
[2026-09-21T00:33:55.288+0000] {processor.py:178} INFO - Processing /opt/airflow/dags/1_first_dag.py took 0.167 seconds
[2026-09-21T00:34:25.595+0000] {processor.py:156} INFO - Started process (PID=3915) to work on /opt/airflow/dags/1_first_dag.py
[2026-09-21T00:34:25.597+0000] {processor.py:799} INFO - Processing file /opt/airflow/dags/1_first_dag.py for tasks to queue
[2026-09-21T00:34:25.599+0000] {logging_mixin.py:149} INFO - [2026-09-21T00:34:25.598+0000] {dagbag.py:541} INFO - Filling up the DagBag from /opt/airflow/dags/1_first_dag.py
[2026-09-21T00:34:25.629+0000] {processor.py:809} INFO - DAG(s) dict_keys(['1-miprimerdag']) retrieved from /opt/airflow/dags/1_first_dag.py
[2026-09-21T00:34:25.693+0000] {logging_mixin.py:149} INFO - [2026-09-21T00:34:25.693+0000] {dag.py:2726} INFO - Sync 1 DAGs
[2026-09-21T00:34:25.753+0000] {logging_mixin.py:149} INFO - [2026-09-21T00:34:25.753+0000] {dag.py:3490} INFO - Setting next_dagrun for 1-miprimerdag to None, run_after=None
[2026-09-21T00:34:25.794+0000] {processor.py:178} INFO - Processing /opt/airflow/dags/1_first_dag.py took 0.216 seconds
[2026-09-21T00:34:56.537+0000] {processor.py:156} INFO - Started process (PID=3925) to work on /opt/airflow/dags/1_first_dag.py
[2026-09-21T00:34:56.539+0000] {processor.py:799} INFO - Processing file /opt/airflow/dags/1_first_dag.py for tasks to queue
[2026-09-21T00:34:56.540+0000] {logging_mixin.py:149} INFO - [2026-09-21T00:34:56.540+0000] {dagbag.py:541} INFO - Filling up the DagBag from /opt/airflow/dags/1_first_dag.py
[2026-09-21T00:34:56.560+0000] {processor.py:809} INFO - DAG(s) dict_keys(['1-miprimerdag']) retrieved from /opt/airflow/dags/1_first_dag.py
[2026-09-21T00:34:56.611+0000] {logging_mixin.py:149} INFO - [2026-09-21T00:34:56.611+0000] {dag.py:2726} INFO - Sync 1 DAGs
[2026-09-21T00:34:56.671+0000] {logging_mixin.py:149} INFO - [2026-09-21T00:34:56.670+0000] {dag.py:3490} INFO - Setting next_dagrun for 1-miprimerdag to None, run_after=None
[2026-09-21T00:34:56.716+0000] {processor.py:178} INFO - Processing /opt/airflow/dags/1_first_dag.py took 0.193 seconds
[2026-09-21T00:35:26.849+0000] {processor.py:156} INFO - Started process (PID=3935) to work on /opt/airflow/dags/1_first_dag.py
[2026-09-21T00:35:26.858+0000] {processor.py:799} INFO - Processing file /opt/airflow/dags/1_first_dag.py for tasks to queue
[2026-09-21T00:35:26.859+0000] {logging_mixin.py:149} INFO - [2026-09-21T00:35:26.859+0000] {dagbag.py:541} INFO - Filling up the DagBag from /opt/airflow/dags/1_first_dag.py
[2026-09-21T00:35:26.900+0000] {processor.py:809} INFO - DAG(s) dict_keys(['1-miprimerdag']) retrieved from /opt/airflow/dags/1_first_dag.py
[2026-09-21T00:35:26.959+0000] {logging_mixin.py:149} INFO - [2026-09-21T00:35:26.958+0000] {dag.py:2726} INFO - Sync 1 DAGs
[2026-09-21T00:35:26.999+0000] {logging_mixin.py:149} INFO - [2026-09-21T00:35:26.999+0000] {dag.py:3490} INFO - Setting next_dagrun for 1-miprimerdag to None, run_after=None
[2026-09-21T00:35:27.035+0000] {processor.py:178} INFO - Processing /opt/airflow/dags/1_first_dag.py took 0.198 seconds
[2026-09-21T00:35:57.159+0000] {processor.py:156} INFO - Started process (PID=3945) to work on /opt/airflow/dags/1_first_dag.py
[2026-09-21T00:35:57.161+0000] {processor.py:799} INFO - Processing file /opt/airflow/dags/1_first_dag.py for tasks to queue
[2026-09-21T00:35:57.162+0000] {logging_mixin.py:149} INFO - [2026-09-21T00:35:57.162+0000] {dagbag.py:541} INFO - Filling up the DagBag from /opt/airflow/dags/1_first_dag.py
[2026-09-21T00:35:57.180+0000] {processor.py:809} INFO - DAG(s) dict_keys(['1-miprimerdag']) retrieved from /opt/airflow/dags/1_first_dag.py
[2026-09-21T00:35:57.271+0000] {logging_mixin.py:149} INFO - [2026-09-21T00:35:57.271+0000] {dag.py:2726} INFO - Sync 1 DAGs
[2026-09-21T00:35:57.313+0000] {logging_mixin.py:149} INFO - [2026-09-21T00:35:57.313+0000] {dag.py:3490} INFO - Setting next_dagrun for 1-miprimerdag to None, run_after=None
[2026-09-21T00:35:57.347+0000] {processor.py:178} INFO - Processing /opt/airflow/dags/1_first_dag.py took 0.200 seconds
[2026-09-21T00:36:27.486+0000] {processor.py:156} INFO - Started process (PID=3955) to work on /opt/airflow/dags/1_first_dag.py
[2026-09-21T00:36:27.493+0000] {processor.py:799} INFO - Processing file /opt/airflow/dags/1_first_dag.py for tasks to queue
[2026-09-21T00:36:27.494+0000] {logging_mixin.py:149} INFO - [2026-09-21T00:36:27.494+0000] {dagbag.py:541} INFO - Filling up the DagBag from /opt/airflow/dags/1_first_dag.py
[2026-09-21T00:36:27.522+0000] {processor.py:809} INFO - DAG(s) dict_keys(['1-miprimerdag']) retrieved from /opt/airflow/dags/1_first_dag.py
[2026-09-21T00:36:27.592+0000] {logging_mixin.py:149} INFO - [2026-09-21T00:36:27.592+0000] {dag.py:2726} INFO - Sync 1 DAGs
[2026-09-21T00:36:27.652+0000] {logging_mixin.py:149} INFO - [2026-09-21T00:36:27.652+0000] {dag.py:3490} INFO - Setting next_dagrun for 1-miprimerdag to None, run_after=None
[2026-09-21T00:36:27.683+0000] {processor.py:178} INFO - Processing /opt/airflow/dags/1_first_dag.py took 0.209 seconds
[2026-09-21T00:36:57.748+0000] {processor.py:156} INFO - Started process (PID=3965) to work on /opt/airflow/dags/1_first_dag.py
[2026-09-21T00:36:57.755+0000] {processor.py:799} INFO - Processing file /opt/airflow/dags/1_first_dag.py for tasks to queue
[2026-09-21T00:36:57.757+0000] {logging_mixin.py:149} INFO - [2026-09-21T00:36:57.756+0000] {dagbag.py:541} INFO - Filling up the DagBag from /opt/airflow/dags/1_first_dag.py
[2026-09-21T00:36:57.774+0000] {processor.py:809} INFO - DAG(s) dict_keys(['1-miprimerdag']) retrieved from /opt/airflow/dags/1_first_dag.py
[2026-09-21T00:36:57.877+0000] {logging_mixin.py:149} INFO - [2026-09-21T00:36:57.876+0000] {dag.py:2726} INFO - Sync 1 DAGs
[2026-09-21T00:36:57.917+0000] {logging_mixin.py:149} INFO - [2026-09-21T00:36:57.917+0000] {dag.py:3490} INFO - Setting next_dagrun for 1-miprimerdag to None, run_after=None
[2026-09-21T00:36:57.953+0000] {processor.py:178} INFO - Processing /opt/airflow/dags/1_first_dag.py took 0.213 seconds
[2026-09-21T00:37:28.106+0000] {processor.py:156} INFO - Started process (PID=3975) to work on /opt/airflow/dags/1_first_dag.py
[2026-09-21T00:37:28.108+0000] {processor.py:799} INFO - Processing file /opt/airflow/dags/1_first_dag.py for tasks to queue
[2026-09-21T00:37:28.110+0000] {logging_mixin.py:149} INFO - [2026-09-21T00:37:28.110+0000] {dagbag.py:541} INFO - Filling up the DagBag from /opt/airflow/dags/1_first_dag.py
[2026-09-21T00:37:28.137+0000] {processor.py:809} INFO - DAG(s) dict_keys(['1-miprimerdag']) retrieved from /opt/airflow/dags/1_first_dag.py
[2026-09-21T00:37:28.210+0000] {logging_mixin.py:149} INFO - [2026-09-21T00:37:28.210+0000] {dag.py:2726} INFO - Sync 1 DAGs
[2026-09-21T00:37:28.261+0000] {logging_mixin.py:149} INFO - [2026-09-21T00:37:28.261+0000] {dag.py:3490} INFO - Setting next_dagrun for 1-miprimerdag to None, run_after=None
[2026-09-21T00:37:28.316+0000] {processor.py:178} INFO - Processing /opt/airflow/dags/1_first_dag.py took 0.216 seconds
[2026-09-21T00:37:58.389+0000] {processor.py:156} INFO - Started process (PID=3984) to work on /opt/airflow/dags/1_first_dag.py
[2026-09-21T00:37:58.392+0000] {processor.py:799} INFO - Processing file /opt/airflow/dags/1_first_dag.py for tasks to queue
[2026-09-21T00:37:58.393+0000] {logging_mixin.py:149} INFO - [2026-09-21T00:37:58.393+0000] {dagbag.py:541} INFO - Filling up the DagBag from /opt/airflow/dags/1_first_dag.py
[2026-09-21T00:37:58.419+0000] {processor.py:809} INFO - DAG(s) dict_keys(['1-miprimerdag']) retrieved from /opt/airflow/dags/1_first_dag.py
[2026-09-21T00:37:58.469+0000] {logging_mixin.py:149} INFO - [2026-09-21T00:37:58.469+0000] {dag.py:2726} INFO - Sync 1 DAGs
[2026-09-21T00:37:58.516+0000] {logging_mixin.py:149} INFO - [2026-09-21T00:37:58.516+0000] {dag.py:3490} INFO - Setting next_dagrun for 1-miprimerdag to None, run_after=None
[2026-09-21T00:37:58.556+0000] {processor.py:178} INFO - Processing /opt/airflow/dags/1_first_dag.py took 0.176 seconds
[2026-09-21T00:38:28.792+0000] {processor.py:156} INFO - Started process (PID=3994) to work on /opt/airflow/dags/1_first_dag.py
[2026-09-21T00:38:28.796+0000] {processor.py:799} INFO - Processing file /opt/airflow/dags/1_first_dag.py for tasks to queue
[2026-09-21T00:38:28.797+0000] {logging_mixin.py:149} INFO - [2026-09-21T00:38:28.797+0000] {dagbag.py:541} INFO - Filling up the DagBag from /opt/airflow/dags/1_first_dag.py
[2026-09-21T00:38:28.819+0000] {processor.py:809} INFO - DAG(s) dict_keys(['1-miprimerdag']) retrieved from /opt/airflow/dags/1_first_dag.py
[2026-09-21T00:38:28.943+0000] {logging_mixin.py:149} INFO - [2026-09-21T00:38:28.942+0000] {dag.py:2726} INFO - Sync 1 DAGs
[2026-09-21T00:38:29.053+0000] {logging_mixin.py:149} INFO - [2026-09-21T00:38:29.053+0000] {dag.py:3490} INFO - Setting next_dagrun for 1-miprimerdag to None, run_after=None
[2026-09-21T00:38:29.179+0000] {processor.py:178} INFO - Processing /opt/airflow/dags/1_first_dag.py took 0.397 seconds
[2026-09-21T00:38:59.614+0000] {processor.py:156} INFO - Started process (PID=4005) to work on /opt/airflow/dags/1_first_dag.py
[2026-09-21T00:38:59.619+0000] {processor.py:799} INFO - Processing file /opt/airflow/dags/1_first_dag.py for tasks to queue
[2026-09-21T00:38:59.622+0000] {logging_mixin.py:149} INFO - [2026-09-21T00:38:59.622+0000] {dagbag.py:541} INFO - Filling up the DagBag from /opt/airflow/dags/1_first_dag.py
[2026-09-21T00:38:59.661+0000] {processor.py:809} INFO - DAG(s) dict_keys(['1-miprimerdag']) retrieved from /opt/airflow/dags/1_first_dag.py
[2026-09-21T00:38:59.768+0000] {logging_mixin.py:149} INFO - [2026-09-21T00:38:59.768+0000] {dag.py:2726} INFO - Sync 1 DAGs
[2026-09-21T00:38:59.853+0000] {logging_mixin.py:149} INFO - [2026-09-21T00:38:59.853+0000] {dag.py:3490} INFO - Setting next_dagrun for 1-miprimerdag to None, run_after=None
[2026-09-21T00:38:59.903+0000] {processor.py:178} INFO - Processing /opt/airflow/dags/1_first_dag.py took 0.305 seconds
[2026-09-21T00:39:30.181+0000] {processor.py:156} INFO - Started process (PID=4015) to work on /opt/airflow/dags/1_first_dag.py
[2026-09-21T00:39:30.187+0000] {processor.py:799} INFO - Processing file /opt/airflow/dags/1_first_dag.py for tasks to queue
[2026-09-21T00:39:30.188+0000] {logging_mixin.py:149} INFO - [2026-09-21T00:39:30.188+0000] {dagbag.py:541} INFO - Filling up the DagBag from /opt/airflow/dags/1_first_dag.py
[2026-09-21T00:39:30.232+0000] {processor.py:809} INFO - DAG(s) dict_keys(['1-miprimerdag']) retrieved from /opt/airflow/dags/1_first_dag.py
[2026-09-21T00:39:30.355+0000] {logging_mixin.py:149} INFO - [2026-09-21T00:39:30.355+0000] {dag.py:2726} INFO - Sync 1 DAGs
[2026-09-21T00:39:30.442+0000] {logging_mixin.py:149} INFO - [2026-09-21T00:39:30.441+0000] {dag.py:3490} INFO - Setting next_dagrun for 1-miprimerdag to None, run_after=None
[2026-09-21T00:39:30.546+0000] {processor.py:178} INFO - Processing /opt/airflow/dags/1_first_dag.py took 0.383 seconds
[2026-09-21T00:40:01.331+0000] {processor.py:156} INFO - Started process (PID=4025) to work on /opt/airflow/dags/1_first_dag.py
[2026-09-21T00:40:01.336+0000] {processor.py:799} INFO - Processing file /opt/airflow/dags/1_first_dag.py for tasks to queue
[2026-09-21T00:40:01.337+0000] {logging_mixin.py:149} INFO - [2026-09-21T00:40:01.337+0000] {dagbag.py:541} INFO - Filling up the DagBag from /opt/airflow/dags/1_first_dag.py
[2026-09-21T00:40:01.359+0000] {processor.py:809} INFO - DAG(s) dict_keys(['1-miprimerdag']) retrieved from /opt/airflow/dags/1_first_dag.py
[2026-09-21T00:40:01.416+0000] {logging_mixin.py:149} INFO - [2026-09-21T00:40:01.416+0000] {dag.py:2726} INFO - Sync 1 DAGs
[2026-09-21T00:40:01.468+0000] {logging_mixin.py:149} INFO - [2026-09-21T00:40:01.468+0000] {dag.py:3490} INFO - Setting next_dagrun for 1-miprimerdag to None, run_after=None
[2026-09-21T00:40:01.531+0000] {processor.py:178} INFO - Processing /opt/airflow/dags/1_first_dag.py took 0.207 seconds
[2026-09-21T00:40:31.615+0000] {processor.py:156} INFO - Started process (PID=4035) to work on /opt/airflow/dags/1_first_dag.py
[2026-09-21T00:40:31.617+0000] {processor.py:799} INFO - Processing file /opt/airflow/dags/1_first_dag.py for tasks to queue
[2026-09-21T00:40:31.618+0000] {logging_mixin.py:149} INFO - [2026-09-21T00:40:31.618+0000] {dagbag.py:541} INFO - Filling up the DagBag from /opt/airflow/dags/1_first_dag.py
[2026-09-21T00:40:31.637+0000] {processor.py:809} INFO - DAG(s) dict_keys(['1-miprimerdag']) retrieved from /opt/airflow/dags/1_first_dag.py
[2026-09-21T00:40:31.687+0000] {logging_mixin.py:149} INFO - [2026-09-21T00:40:31.687+0000] {dag.py:2726} INFO - Sync 1 DAGs
[2026-09-21T00:40:31.728+0000] {logging_mixin.py:149} INFO - [2026-09-21T00:40:31.727+0000] {dag.py:3490} INFO - Setting next_dagrun for 1-miprimerdag to None, run_after=None
[2026-09-21T00:40:31.758+0000] {processor.py:178} INFO - Processing /opt/airflow/dags/1_first_dag.py took 0.151 seconds
[2026-09-21T00:41:02.046+0000] {processor.py:156} INFO - Started process (PID=4045) to work on /opt/airflow/dags/1_first_dag.py
[2026-09-21T00:41:02.050+0000] {processor.py:799} INFO - Processing file /opt/airflow/dags/1_first_dag.py for tasks to queue
[2026-09-21T00:41:02.054+0000] {logging_mixin.py:149} INFO - [2026-09-21T00:41:02.053+0000] {dagbag.py:541} INFO - Filling up the DagBag from /opt/airflow/dags/1_first_dag.py
[2026-09-21T00:41:02.079+0000] {processor.py:809} INFO - DAG(s) dict_keys(['1-miprimerdag']) retrieved from /opt/airflow/dags/1_first_dag.py
[2026-09-21T00:41:02.146+0000] {logging_mixin.py:149} INFO - [2026-09-21T00:41:02.146+0000] {dag.py:2726} INFO - Sync 1 DAGs
[2026-09-21T00:41:02.192+0000] {logging_mixin.py:149} INFO - [2026-09-21T00:41:02.192+0000] {dag.py:3490} INFO - Setting next_dagrun for 1-miprimerdag to None, run_after=None
[2026-09-21T00:41:02.227+0000] {processor.py:178} INFO - Processing /opt/airflow/dags/1_first_dag.py took 0.198 seconds
[2026-09-21T00:41:32.347+0000] {processor.py:156} INFO - Started process (PID=4055) to work on /opt/airflow/dags/1_first_dag.py
[2026-09-21T00:41:32.349+0000] {processor.py:799} INFO - Processing file /opt/airflow/dags/1_first_dag.py for tasks to queue
[2026-09-21T00:41:32.350+0000] {logging_mixin.py:149} INFO - [2026-09-21T00:41:32.350+0000] {dagbag.py:541} INFO - Filling up the DagBag from /opt/airflow/dags/1_first_dag.py
[2026-09-21T00:41:32.366+0000] {processor.py:809} INFO - DAG(s) dict_keys(['1-miprimerdag']) retrieved from /opt/airflow/dags/1_first_dag.py
[2026-09-21T00:41:32.429+0000] {logging_mixin.py:149} INFO - [2026-09-21T00:41:32.429+0000] {dag.py:2726} INFO - Sync 1 DAGs
[2026-09-21T00:41:32.466+0000] {logging_mixin.py:149} INFO - [2026-09-21T00:41:32.466+0000] {dag.py:3490} INFO - Setting next_dagrun for 1-miprimerdag to None, run_after=None
[2026-09-21T00:41:32.497+0000] {processor.py:178} INFO - Processing /opt/airflow/dags/1_first_dag.py took 0.157 seconds
[2026-09-21T00:42:02.614+0000] {processor.py:156} INFO - Started process (PID=4065) to work on /opt/airflow/dags/1_first_dag.py
[2026-09-21T00:42:02.616+0000] {processor.py:799} INFO - Processing file /opt/airflow/dags/1_first_dag.py for tasks to queue
[2026-09-21T00:42:02.617+0000] {logging_mixin.py:149} INFO - [2026-09-21T00:42:02.617+0000] {dagbag.py:541} INFO - Filling up the DagBag from /opt/airflow/dags/1_first_dag.py
[2026-09-21T00:42:02.636+0000] {processor.py:809} INFO - DAG(s) dict_keys(['1-miprimerdag']) retrieved from /opt/airflow/dags/1_first_dag.py
[2026-09-21T00:42:02.690+0000] {logging_mixin.py:149} INFO - [2026-09-21T00:42:02.689+0000] {dag.py:2726} INFO - Sync 1 DAGs
[2026-09-21T00:42:02.728+0000] {logging_mixin.py:149} INFO - [2026-09-21T00:42:02.728+0000] {dag.py:3490} INFO - Setting next_dagrun for 1-miprimerdag to None, run_after=None
[2026-09-21T00:42:02.760+0000] {processor.py:178} INFO - Processing /opt/airflow/dags/1_first_dag.py took 0.154 seconds
[2026-09-21T00:42:32.870+0000] {processor.py:156} INFO - Started process (PID=4075) to work on /opt/airflow/dags/1_first_dag.py
[2026-09-21T00:42:32.875+0000] {processor.py:799} INFO - Processing file /opt/airflow/dags/1_first_dag.py for tasks to queue
[2026-09-21T00:42:32.877+0000] {logging_mixin.py:149} INFO - [2026-09-21T00:42:32.876+0000] {dagbag.py:541} INFO - Filling up the DagBag from /opt/airflow/dags/1_first_dag.py
[2026-09-21T00:42:32.895+0000] {processor.py:809} INFO - DAG(s) dict_keys(['1-miprimerdag']) retrieved from /opt/airflow/dags/1_first_dag.py
[2026-09-21T00:42:32.948+0000] {logging_mixin.py:149} INFO - [2026-09-21T00:42:32.948+0000] {dag.py:2726} INFO - Sync 1 DAGs
[2026-09-21T00:42:33.001+0000] {logging_mixin.py:149} INFO - [2026-09-21T00:42:33.001+0000] {dag.py:3490} INFO - Setting next_dagrun for 1-miprimerdag to None, run_after=None
[2026-09-21T00:42:33.054+0000] {processor.py:178} INFO - Processing /opt/airflow/dags/1_first_dag.py took 0.190 seconds
[2026-09-21T00:43:03.269+0000] {processor.py:156} INFO - Started process (PID=4085) to work on /opt/airflow/dags/1_first_dag.py
[2026-09-21T00:43:03.270+0000] {processor.py:799} INFO - Processing file /opt/airflow/dags/1_first_dag.py for tasks to queue
[2026-09-21T00:43:03.272+0000] {logging_mixin.py:149} INFO - [2026-09-21T00:43:03.271+0000] {dagbag.py:541} INFO - Filling up the DagBag from /opt/airflow/dags/1_first_dag.py
[2026-09-21T00:43:03.303+0000] {processor.py:809} INFO - DAG(s) dict_keys(['1-miprimerdag']) retrieved from /opt/airflow/dags/1_first_dag.py
[2026-09-21T00:43:03.362+0000] {logging_mixin.py:149} INFO - [2026-09-21T00:43:03.362+0000] {dag.py:2726} INFO - Sync 1 DAGs
[2026-09-21T00:43:03.404+0000] {logging_mixin.py:149} INFO - [2026-09-21T00:43:03.404+0000] {dag.py:3490} INFO - Setting next_dagrun for 1-miprimerdag to None, run_after=None
[2026-09-21T00:43:03.435+0000] {processor.py:178} INFO - Processing /opt/airflow/dags/1_first_dag.py took 0.180 seconds
[2026-09-21T00:43:33.600+0000] {processor.py:156} INFO - Started process (PID=4095) to work on /opt/airflow/dags/1_first_dag.py
[2026-09-21T00:43:33.610+0000] {processor.py:799} INFO - Processing file /opt/airflow/dags/1_first_dag.py for tasks to queue
[2026-09-21T00:43:33.613+0000] {logging_mixin.py:149} INFO - [2026-09-21T00:43:33.613+0000] {dagbag.py:541} INFO - Filling up the DagBag from /opt/airflow/dags/1_first_dag.py
[2026-09-21T00:43:33.629+0000] {processor.py:809} INFO - DAG(s) dict_keys(['1-miprimerdag']) retrieved from /opt/airflow/dags/1_first_dag.py
[2026-09-21T00:43:33.701+0000] {logging_mixin.py:149} INFO - [2026-09-21T00:43:33.701+0000] {dag.py:2726} INFO - Sync 1 DAGs
[2026-09-21T00:43:33.750+0000] {logging_mixin.py:149} INFO - [2026-09-21T00:43:33.750+0000] {dag.py:3490} INFO - Setting next_dagrun for 1-miprimerdag to None, run_after=None
[2026-09-21T00:43:33.788+0000] {processor.py:178} INFO - Processing /opt/airflow/dags/1_first_dag.py took 0.194 seconds
[2026-09-21T00:44:04.041+0000] {processor.py:156} INFO - Started process (PID=4105) to work on /opt/airflow/dags/1_first_dag.py
[2026-09-21T00:44:04.042+0000] {processor.py:799} INFO - Processing file /opt/airflow/dags/1_first_dag.py for tasks to queue
[2026-09-21T00:44:04.043+0000] {logging_mixin.py:149} INFO - [2026-09-21T00:44:04.043+0000] {dagbag.py:541} INFO - Filling up the DagBag from /opt/airflow/dags/1_first_dag.py
[2026-09-21T00:44:04.061+0000] {processor.py:809} INFO - DAG(s) dict_keys(['1-miprimerdag']) retrieved from /opt/airflow/dags/1_first_dag.py
[2026-09-21T00:44:04.117+0000] {logging_mixin.py:149} INFO - [2026-09-21T00:44:04.116+0000] {dag.py:2726} INFO - Sync 1 DAGs
[2026-09-21T00:44:04.157+0000] {logging_mixin.py:149} INFO - [2026-09-21T00:44:04.157+0000] {dag.py:3490} INFO - Setting next_dagrun for 1-miprimerdag to None, run_after=None
[2026-09-21T00:44:04.189+0000] {processor.py:178} INFO - Processing /opt/airflow/dags/1_first_dag.py took 0.157 seconds
[2026-09-21T00:44:34.279+0000] {processor.py:156} INFO - Started process (PID=4115) to work on /opt/airflow/dags/1_first_dag.py
[2026-09-21T00:44:34.282+0000] {processor.py:799} INFO - Processing file /opt/airflow/dags/1_first_dag.py for tasks to queue
[2026-09-21T00:44:34.283+0000] {logging_mixin.py:149} INFO - [2026-09-21T00:44:34.283+0000] {dagbag.py:541} INFO - Filling up the DagBag from /opt/airflow/dags/1_first_dag.py
[2026-09-21T00:44:34.302+0000] {processor.py:809} INFO - DAG(s) dict_keys(['1-miprimerdag']) retrieved from /opt/airflow/dags/1_first_dag.py
[2026-09-21T00:44:34.365+0000] {logging_mixin.py:149} INFO - [2026-09-21T00:44:34.365+0000] {dag.py:2726} INFO - Sync 1 DAGs
[2026-09-21T00:44:34.422+0000] {logging_mixin.py:149} INFO - [2026-09-21T00:44:34.422+0000] {dag.py:3490} INFO - Setting next_dagrun for 1-miprimerdag to None, run_after=None
[2026-09-21T00:44:34.481+0000] {processor.py:178} INFO - Processing /opt/airflow/dags/1_first_dag.py took 0.208 seconds
[2026-09-21T00:45:04.697+0000] {processor.py:156} INFO - Started process (PID=4125) to work on /opt/airflow/dags/1_first_dag.py
[2026-09-21T00:45:04.699+0000] {processor.py:799} INFO - Processing file /opt/airflow/dags/1_first_dag.py for tasks to queue
[2026-09-21T00:45:04.700+0000] {logging_mixin.py:149} INFO - [2026-09-21T00:45:04.700+0000] {dagbag.py:541} INFO - Filling up the DagBag from /opt/airflow/dags/1_first_dag.py
[2026-09-21T00:45:04.717+0000] {processor.py:809} INFO - DAG(s) dict_keys(['1-miprimerdag']) retrieved from /opt/airflow/dags/1_first_dag.py
[2026-09-21T00:45:04.779+0000] {logging_mixin.py:149} INFO - [2026-09-21T00:45:04.779+0000] {dag.py:2726} INFO - Sync 1 DAGs
[2026-09-21T00:45:04.833+0000] {logging_mixin.py:149} INFO - [2026-09-21T00:45:04.833+0000] {dag.py:3490} INFO - Setting next_dagrun for 1-miprimerdag to None, run_after=None
[2026-09-21T00:45:04.876+0000] {processor.py:178} INFO - Processing /opt/airflow/dags/1_first_dag.py took 0.185 seconds
[2026-09-21T00:45:35.703+0000] {processor.py:156} INFO - Started process (PID=4135) to work on /opt/airflow/dags/1_first_dag.py
[2026-09-21T00:45:35.705+0000] {processor.py:799} INFO - Processing file /opt/airflow/dags/1_first_dag.py for tasks to queue
[2026-09-21T00:45:35.706+0000] {logging_mixin.py:149} INFO - [2026-09-21T00:45:35.706+0000] {dagbag.py:541} INFO - Filling up the DagBag from /opt/airflow/dags/1_first_dag.py
[2026-09-21T00:45:35.719+0000] {processor.py:809} INFO - DAG(s) dict_keys(['1-miprimerdag']) retrieved from /opt/airflow/dags/1_first_dag.py
[2026-09-21T00:45:35.764+0000] {logging_mixin.py:149} INFO - [2026-09-21T00:45:35.762+0000] {dag.py:2726} INFO - Sync 1 DAGs
[2026-09-21T00:45:35.797+0000] {logging_mixin.py:149} INFO - [2026-09-21T00:45:35.797+0000] {dag.py:3490} INFO - Setting next_dagrun for 1-miprimerdag to None, run_after=None
[2026-09-21T00:45:35.824+0000] {processor.py:178} INFO - Processing /opt/airflow/dags/1_first_dag.py took 0.125 seconds
[2026-09-21T00:46:05.979+0000] {processor.py:156} INFO - Started process (PID=4145) to work on /opt/airflow/dags/1_first_dag.py
[2026-09-21T00:46:05.980+0000] {processor.py:799} INFO - Processing file /opt/airflow/dags/1_first_dag.py for tasks to queue
[2026-09-21T00:46:05.983+0000] {logging_mixin.py:149} INFO - [2026-09-21T00:46:05.983+0000] {dagbag.py:541} INFO - Filling up the DagBag from /opt/airflow/dags/1_first_dag.py
[2026-09-21T00:46:06.001+0000] {processor.py:809} INFO - DAG(s) dict_keys(['1-miprimerdag']) retrieved from /opt/airflow/dags/1_first_dag.py
[2026-09-21T00:46:06.077+0000] {logging_mixin.py:149} INFO - [2026-09-21T00:46:06.077+0000] {dag.py:2726} INFO - Sync 1 DAGs
[2026-09-21T00:46:06.115+0000] {logging_mixin.py:149} INFO - [2026-09-21T00:46:06.115+0000] {dag.py:3490} INFO - Setting next_dagrun for 1-miprimerdag to None, run_after=None
[2026-09-21T00:46:06.151+0000] {processor.py:178} INFO - Processing /opt/airflow/dags/1_first_dag.py took 0.178 seconds
[2026-09-21T00:46:36.194+0000] {processor.py:156} INFO - Started process (PID=4155) to work on /opt/airflow/dags/1_first_dag.py
[2026-09-21T00:46:36.202+0000] {processor.py:799} INFO - Processing file /opt/airflow/dags/1_first_dag.py for tasks to queue
[2026-09-21T00:46:36.203+0000] {logging_mixin.py:149} INFO - [2026-09-21T00:46:36.203+0000] {dagbag.py:541} INFO - Filling up the DagBag from /opt/airflow/dags/1_first_dag.py
[2026-09-21T00:46:36.227+0000] {processor.py:809} INFO - DAG(s) dict_keys(['1-miprimerdag']) retrieved from /opt/airflow/dags/1_first_dag.py
[2026-09-21T00:46:36.298+0000] {logging_mixin.py:149} INFO - [2026-09-21T00:46:36.298+0000] {dag.py:2726} INFO - Sync 1 DAGs
[2026-09-21T00:46:36.390+0000] {logging_mixin.py:149} INFO - [2026-09-21T00:46:36.390+0000] {dag.py:3490} INFO - Setting next_dagrun for 1-miprimerdag to None, run_after=None
[2026-09-21T00:46:36.441+0000] {processor.py:178} INFO - Processing /opt/airflow/dags/1_first_dag.py took 0.256 seconds
[2026-09-21T00:47:06.681+0000] {processor.py:156} INFO - Started process (PID=4165) to work on /opt/airflow/dags/1_first_dag.py
[2026-09-21T00:47:06.682+0000] {processor.py:799} INFO - Processing file /opt/airflow/dags/1_first_dag.py for tasks to queue
[2026-09-21T00:47:06.683+0000] {logging_mixin.py:149} INFO - [2026-09-21T00:47:06.683+0000] {dagbag.py:541} INFO - Filling up the DagBag from /opt/airflow/dags/1_first_dag.py
[2026-09-21T00:47:06.712+0000] {processor.py:809} INFO - DAG(s) dict_keys(['1-miprimerdag']) retrieved from /opt/airflow/dags/1_first_dag.py
[2026-09-21T00:47:06.786+0000] {logging_mixin.py:149} INFO - [2026-09-21T00:47:06.785+0000] {dag.py:2726} INFO - Sync 1 DAGs
[2026-09-21T00:47:06.849+0000] {logging_mixin.py:149} INFO - [2026-09-21T00:47:06.848+0000] {dag.py:3490} INFO - Setting next_dagrun for 1-miprimerdag to None, run_after=None
[2026-09-21T00:47:06.926+0000] {processor.py:178} INFO - Processing /opt/airflow/dags/1_first_dag.py took 0.260 seconds
[2026-09-21T00:47:37.178+0000] {processor.py:156} INFO - Started process (PID=4175) to work on /opt/airflow/dags/1_first_dag.py
[2026-09-21T00:47:37.183+0000] {processor.py:799} INFO - Processing file /opt/airflow/dags/1_first_dag.py for tasks to queue
[2026-09-21T00:47:37.185+0000] {logging_mixin.py:149} INFO - [2026-09-21T00:47:37.185+0000] {dagbag.py:541} INFO - Filling up the DagBag from /opt/airflow/dags/1_first_dag.py
[2026-09-21T00:47:37.202+0000] {processor.py:809} INFO - DAG(s) dict_keys(['1-miprimerdag']) retrieved from /opt/airflow/dags/1_first_dag.py
[2026-09-21T00:47:37.278+0000] {logging_mixin.py:149} INFO - [2026-09-21T00:47:37.278+0000] {dag.py:2726} INFO - Sync 1 DAGs
[2026-09-21T00:47:37.358+0000] {logging_mixin.py:149} INFO - [2026-09-21T00:47:37.358+0000] {dag.py:3490} INFO - Setting next_dagrun for 1-miprimerdag to None, run_after=None
[2026-09-21T00:47:37.393+0000] {processor.py:178} INFO - Processing /opt/airflow/dags/1_first_dag.py took 0.227 seconds
[2026-09-21T00:48:07.458+0000] {processor.py:156} INFO - Started process (PID=4185) to work on /opt/airflow/dags/1_first_dag.py
[2026-09-21T00:48:07.460+0000] {processor.py:799} INFO - Processing file /opt/airflow/dags/1_first_dag.py for tasks to queue
[2026-09-21T00:48:07.462+0000] {logging_mixin.py:149} INFO - [2026-09-21T00:48:07.462+0000] {dagbag.py:541} INFO - Filling up the DagBag from /opt/airflow/dags/1_first_dag.py
[2026-09-21T00:48:07.494+0000] {processor.py:809} INFO - DAG(s) dict_keys(['1-miprimerdag']) retrieved from /opt/airflow/dags/1_first_dag.py
[2026-09-21T00:48:07.601+0000] {logging_mixin.py:149} INFO - [2026-09-21T00:48:07.600+0000] {dag.py:2726} INFO - Sync 1 DAGs
[2026-09-21T00:48:07.679+0000] {logging_mixin.py:149} INFO - [2026-09-21T00:48:07.679+0000] {dag.py:3490} INFO - Setting next_dagrun for 1-miprimerdag to None, run_after=None
[2026-09-21T00:48:07.731+0000] {processor.py:178} INFO - Processing /opt/airflow/dags/1_first_dag.py took 0.281 seconds
[2026-09-21T00:48:38.002+0000] {processor.py:156} INFO - Started process (PID=4195) to work on /opt/airflow/dags/1_first_dag.py
[2026-09-21T00:48:38.005+0000] {processor.py:799} INFO - Processing file /opt/airflow/dags/1_first_dag.py for tasks to queue
[2026-09-21T00:48:38.006+0000] {logging_mixin.py:149} INFO - [2026-09-21T00:48:38.005+0000] {dagbag.py:541} INFO - Filling up the DagBag from /opt/airflow/dags/1_first_dag.py
[2026-09-21T00:48:38.046+0000] {processor.py:809} INFO - DAG(s) dict_keys(['1-miprimerdag']) retrieved from /opt/airflow/dags/1_first_dag.py
[2026-09-21T00:48:38.129+0000] {logging_mixin.py:149} INFO - [2026-09-21T00:48:38.128+0000] {dag.py:2726} INFO - Sync 1 DAGs
[2026-09-21T00:48:38.191+0000] {logging_mixin.py:149} INFO - [2026-09-21T00:48:38.191+0000] {dag.py:3490} INFO - Setting next_dagrun for 1-miprimerdag to None, run_after=None
[2026-09-21T00:48:38.243+0000] {processor.py:178} INFO - Processing /opt/airflow/dags/1_first_dag.py took 0.247 seconds
[2026-09-21T00:49:09.048+0000] {processor.py:156} INFO - Started process (PID=4205) to work on /opt/airflow/dags/1_first_dag.py
[2026-09-21T00:49:09.054+0000] {processor.py:799} INFO - Processing file /opt/airflow/dags/1_first_dag.py for tasks to queue
[2026-09-21T00:49:09.055+0000] {logging_mixin.py:149} INFO - [2026-09-21T00:49:09.055+0000] {dagbag.py:541} INFO - Filling up the DagBag from /opt/airflow/dags/1_first_dag.py
[2026-09-21T00:49:09.080+0000] {processor.py:809} INFO - DAG(s) dict_keys(['1-miprimerdag']) retrieved from /opt/airflow/dags/1_first_dag.py
[2026-09-21T00:49:09.178+0000] {logging_mixin.py:149} INFO - [2026-09-21T00:49:09.178+0000] {dag.py:2726} INFO - Sync 1 DAGs
[2026-09-21T00:49:09.276+0000] {logging_mixin.py:149} INFO - [2026-09-21T00:49:09.276+0000] {dag.py:3490} INFO - Setting next_dagrun for 1-miprimerdag to None, run_after=None
[2026-09-21T00:49:09.348+0000] {processor.py:178} INFO - Processing /opt/airflow/dags/1_first_dag.py took 0.312 seconds
[2026-09-21T00:49:39.515+0000] {processor.py:156} INFO - Started process (PID=4215) to work on /opt/airflow/dags/1_first_dag.py
[2026-09-21T00:49:39.522+0000] {processor.py:799} INFO - Processing file /opt/airflow/dags/1_first_dag.py for tasks to queue
[2026-09-21T00:49:39.527+0000] {logging_mixin.py:149} INFO - [2026-09-21T00:49:39.527+0000] {dagbag.py:541} INFO - Filling up the DagBag from /opt/airflow/dags/1_first_dag.py
[2026-09-21T00:49:39.578+0000] {processor.py:809} INFO - DAG(s) dict_keys(['1-miprimerdag']) retrieved from /opt/airflow/dags/1_first_dag.py
[2026-09-21T00:49:39.661+0000] {logging_mixin.py:149} INFO - [2026-09-21T00:49:39.661+0000] {dag.py:2726} INFO - Sync 1 DAGs
[2026-09-21T00:49:39.722+0000] {logging_mixin.py:149} INFO - [2026-09-21T00:49:39.721+0000] {dag.py:3490} INFO - Setting next_dagrun for 1-miprimerdag to None, run_after=None
[2026-09-21T00:49:39.752+0000] {processor.py:178} INFO - Processing /opt/airflow/dags/1_first_dag.py took 0.250 seconds
[2026-09-21T00:50:10.097+0000] {processor.py:156} INFO - Started process (PID=4225) to work on /opt/airflow/dags/1_first_dag.py
[2026-09-21T00:50:10.098+0000] {processor.py:799} INFO - Processing file /opt/airflow/dags/1_first_dag.py for tasks to queue
[2026-09-21T00:50:10.099+0000] {logging_mixin.py:149} INFO - [2026-09-21T00:50:10.099+0000] {dagbag.py:541} INFO - Filling up the DagBag from /opt/airflow/dags/1_first_dag.py
[2026-09-21T00:50:10.115+0000] {processor.py:809} INFO - DAG(s) dict_keys(['1-miprimerdag']) retrieved from /opt/airflow/dags/1_first_dag.py
[2026-09-21T00:50:10.186+0000] {logging_mixin.py:149} INFO - [2026-09-21T00:50:10.186+0000] {dag.py:2726} INFO - Sync 1 DAGs
[2026-09-21T00:50:10.258+0000] {logging_mixin.py:149} INFO - [2026-09-21T00:50:10.257+0000] {dag.py:3490} INFO - Setting next_dagrun for 1-miprimerdag to None, run_after=None
[2026-09-21T00:50:10.317+0000] {processor.py:178} INFO - Processing /opt/airflow/dags/1_first_dag.py took 0.227 seconds
[2026-09-21T00:50:41.102+0000] {processor.py:156} INFO - Started process (PID=4235) to work on /opt/airflow/dags/1_first_dag.py
[2026-09-21T00:50:41.104+0000] {processor.py:799} INFO - Processing file /opt/airflow/dags/1_first_dag.py for tasks to queue
[2026-09-21T00:50:41.105+0000] {logging_mixin.py:149} INFO - [2026-09-21T00:50:41.105+0000] {dagbag.py:541} INFO - Filling up the DagBag from /opt/airflow/dags/1_first_dag.py
[2026-09-21T00:50:41.125+0000] {processor.py:809} INFO - DAG(s) dict_keys(['1-miprimerdag']) retrieved from /opt/airflow/dags/1_first_dag.py
[2026-09-21T00:50:41.177+0000] {logging_mixin.py:149} INFO - [2026-09-21T00:50:41.176+0000] {dag.py:2726} INFO - Sync 1 DAGs
[2026-09-21T00:50:41.228+0000] {logging_mixin.py:149} INFO - [2026-09-21T00:50:41.227+0000] {dag.py:3490} INFO - Setting next_dagrun for 1-miprimerdag to None, run_after=None
[2026-09-21T00:50:41.278+0000] {processor.py:178} INFO - Processing /opt/airflow/dags/1_first_dag.py took 0.183 seconds
[2026-09-21T00:51:12.254+0000] {processor.py:156} INFO - Started process (PID=4245) to work on /opt/airflow/dags/1_first_dag.py
[2026-09-21T00:51:12.259+0000] {processor.py:799} INFO - Processing file /opt/airflow/dags/1_first_dag.py for tasks to queue
[2026-09-21T00:51:12.260+0000] {logging_mixin.py:149} INFO - [2026-09-21T00:51:12.260+0000] {dagbag.py:541} INFO - Filling up the DagBag from /opt/airflow/dags/1_first_dag.py
[2026-09-21T00:51:12.283+0000] {processor.py:809} INFO - DAG(s) dict_keys(['1-miprimerdag']) retrieved from /opt/airflow/dags/1_first_dag.py
[2026-09-21T00:51:12.377+0000] {logging_mixin.py:149} INFO - [2026-09-21T00:51:12.376+0000] {dag.py:2726} INFO - Sync 1 DAGs
[2026-09-21T00:51:12.440+0000] {logging_mixin.py:149} INFO - [2026-09-21T00:51:12.440+0000] {dag.py:3490} INFO - Setting next_dagrun for 1-miprimerdag to None, run_after=None
[2026-09-21T00:51:12.490+0000] {processor.py:178} INFO - Processing /opt/airflow/dags/1_first_dag.py took 0.254 seconds
[2026-09-21T00:51:42.731+0000] {processor.py:156} INFO - Started process (PID=4255) to work on /opt/airflow/dags/1_first_dag.py
[2026-09-21T00:51:42.733+0000] {processor.py:799} INFO - Processing file /opt/airflow/dags/1_first_dag.py for tasks to queue
[2026-09-21T00:51:42.734+0000] {logging_mixin.py:149} INFO - [2026-09-21T00:51:42.734+0000] {dagbag.py:541} INFO - Filling up the DagBag from /opt/airflow/dags/1_first_dag.py
[2026-09-21T00:51:42.755+0000] {processor.py:809} INFO - DAG(s) dict_keys(['1-miprimerdag']) retrieved from /opt/airflow/dags/1_first_dag.py
[2026-09-21T00:51:42.822+0000] {logging_mixin.py:149} INFO - [2026-09-21T00:51:42.821+0000] {dag.py:2726} INFO - Sync 1 DAGs
[2026-09-21T00:51:42.865+0000] {logging_mixin.py:149} INFO - [2026-09-21T00:51:42.865+0000] {dag.py:3490} INFO - Setting next_dagrun for 1-miprimerdag to None, run_after=None
[2026-09-21T00:51:42.898+0000] {processor.py:178} INFO - Processing /opt/airflow/dags/1_first_dag.py took 0.177 seconds
[2026-09-21T00:52:12.953+0000] {processor.py:156} INFO - Started process (PID=4264) to work on /opt/airflow/dags/1_first_dag.py
[2026-09-21T00:52:12.957+0000] {processor.py:799} INFO - Processing file /opt/airflow/dags/1_first_dag.py for tasks to queue
[2026-09-21T00:52:12.958+0000] {logging_mixin.py:149} INFO - [2026-09-21T00:52:12.958+0000] {dagbag.py:541} INFO - Filling up the DagBag from /opt/airflow/dags/1_first_dag.py
[2026-09-21T00:52:12.975+0000] {processor.py:809} INFO - DAG(s) dict_keys(['1-miprimerdag']) retrieved from /opt/airflow/dags/1_first_dag.py
[2026-09-21T00:52:13.063+0000] {logging_mixin.py:149} INFO - [2026-09-21T00:52:13.063+0000] {dag.py:2726} INFO - Sync 1 DAGs
[2026-09-21T00:52:13.144+0000] {logging_mixin.py:149} INFO - [2026-09-21T00:52:13.144+0000] {dag.py:3490} INFO - Setting next_dagrun for 1-miprimerdag to None, run_after=None
[2026-09-21T00:52:13.247+0000] {processor.py:178} INFO - Processing /opt/airflow/dags/1_first_dag.py took 0.301 seconds
[2026-09-21T00:52:44.231+0000] {processor.py:156} INFO - Started process (PID=4275) to work on /opt/airflow/dags/1_first_dag.py
[2026-09-21T00:52:44.235+0000] {processor.py:799} INFO - Processing file /opt/airflow/dags/1_first_dag.py for tasks to queue
[2026-09-21T00:52:44.238+0000] {logging_mixin.py:149} INFO - [2026-09-21T00:52:44.238+0000] {dagbag.py:541} INFO - Filling up the DagBag from /opt/airflow/dags/1_first_dag.py
[2026-09-21T00:52:44.257+0000] {processor.py:809} INFO - DAG(s) dict_keys(['1-miprimerdag']) retrieved from /opt/airflow/dags/1_first_dag.py
[2026-09-21T00:52:44.322+0000] {logging_mixin.py:149} INFO - [2026-09-21T00:52:44.322+0000] {dag.py:2726} INFO - Sync 1 DAGs
[2026-09-21T00:52:44.364+0000] {logging_mixin.py:149} INFO - [2026-09-21T00:52:44.364+0000] {dag.py:3490} INFO - Setting next_dagrun for 1-miprimerdag to None, run_after=None
[2026-09-21T00:52:44.395+0000] {processor.py:178} INFO - Processing /opt/airflow/dags/1_first_dag.py took 0.171 seconds
[2026-09-21T00:53:14.464+0000] {processor.py:156} INFO - Started process (PID=4284) to work on /opt/airflow/dags/1_first_dag.py
[2026-09-21T00:53:14.467+0000] {processor.py:799} INFO - Processing file /opt/airflow/dags/1_first_dag.py for tasks to queue
[2026-09-21T00:53:14.468+0000] {logging_mixin.py:149} INFO - [2026-09-21T00:53:14.468+0000] {dagbag.py:541} INFO - Filling up the DagBag from /opt/airflow/dags/1_first_dag.py
[2026-09-21T00:53:14.488+0000] {processor.py:809} INFO - DAG(s) dict_keys(['1-miprimerdag']) retrieved from /opt/airflow/dags/1_first_dag.py
[2026-09-21T00:53:14.535+0000] {logging_mixin.py:149} INFO - [2026-09-21T00:53:14.535+0000] {dag.py:2726} INFO - Sync 1 DAGs
[2026-09-21T00:53:14.573+0000] {logging_mixin.py:149} INFO - [2026-09-21T00:53:14.572+0000] {dag.py:3490} INFO - Setting next_dagrun for 1-miprimerdag to None, run_after=None
[2026-09-21T00:53:14.606+0000] {processor.py:178} INFO - Processing /opt/airflow/dags/1_first_dag.py took 0.147 seconds
[2026-09-21T00:53:44.983+0000] {processor.py:156} INFO - Started process (PID=4295) to work on /opt/airflow/dags/1_first_dag.py
[2026-09-21T00:53:44.985+0000] {processor.py:799} INFO - Processing file /opt/airflow/dags/1_first_dag.py for tasks to queue
[2026-09-21T00:53:44.986+0000] {logging_mixin.py:149} INFO - [2026-09-21T00:53:44.986+0000] {dagbag.py:541} INFO - Filling up the DagBag from /opt/airflow/dags/1_first_dag.py
[2026-09-21T00:53:45.010+0000] {processor.py:809} INFO - DAG(s) dict_keys(['1-miprimerdag']) retrieved from /opt/airflow/dags/1_first_dag.py
[2026-09-21T00:53:45.111+0000] {logging_mixin.py:149} INFO - [2026-09-21T00:53:45.110+0000] {dag.py:2726} INFO - Sync 1 DAGs
[2026-09-21T00:53:45.178+0000] {logging_mixin.py:149} INFO - [2026-09-21T00:53:45.177+0000] {dag.py:3490} INFO - Setting next_dagrun for 1-miprimerdag to None, run_after=None
[2026-09-21T00:53:45.208+0000] {processor.py:178} INFO - Processing /opt/airflow/dags/1_first_dag.py took 0.233 seconds
[2026-09-21T00:54:15.298+0000] {processor.py:156} INFO - Started process (PID=4305) to work on /opt/airflow/dags/1_first_dag.py
[2026-09-21T00:54:15.299+0000] {processor.py:799} INFO - Processing file /opt/airflow/dags/1_first_dag.py for tasks to queue
[2026-09-21T00:54:15.307+0000] {logging_mixin.py:149} INFO - [2026-09-21T00:54:15.307+0000] {dagbag.py:541} INFO - Filling up the DagBag from /opt/airflow/dags/1_first_dag.py
[2026-09-21T00:54:15.330+0000] {processor.py:809} INFO - DAG(s) dict_keys(['1-miprimerdag']) retrieved from /opt/airflow/dags/1_first_dag.py
[2026-09-21T00:54:15.450+0000] {logging_mixin.py:149} INFO - [2026-09-21T00:54:15.450+0000] {dag.py:2726} INFO - Sync 1 DAGs
[2026-09-21T00:54:15.620+0000] {logging_mixin.py:149} INFO - [2026-09-21T00:54:15.612+0000] {dag.py:3490} INFO - Setting next_dagrun for 1-miprimerdag to None, run_after=None
[2026-09-21T00:54:15.675+0000] {processor.py:178} INFO - Processing /opt/airflow/dags/1_first_dag.py took 0.383 seconds
[2026-09-21T00:54:45.769+0000] {processor.py:156} INFO - Started process (PID=4315) to work on /opt/airflow/dags/1_first_dag.py
[2026-09-21T00:54:45.772+0000] {processor.py:799} INFO - Processing file /opt/airflow/dags/1_first_dag.py for tasks to queue
[2026-09-21T00:54:45.773+0000] {logging_mixin.py:149} INFO - [2026-09-21T00:54:45.773+0000] {dagbag.py:541} INFO - Filling up the DagBag from /opt/airflow/dags/1_first_dag.py
[2026-09-21T00:54:45.811+0000] {processor.py:809} INFO - DAG(s) dict_keys(['1-miprimerdag']) retrieved from /opt/airflow/dags/1_first_dag.py
[2026-09-21T00:54:45.917+0000] {logging_mixin.py:149} INFO - [2026-09-21T00:54:45.917+0000] {dag.py:2726} INFO - Sync 1 DAGs
[2026-09-21T00:54:45.977+0000] {logging_mixin.py:149} INFO - [2026-09-21T00:54:45.977+0000] {dag.py:3490} INFO - Setting next_dagrun for 1-miprimerdag to None, run_after=None
[2026-09-21T00:54:46.028+0000] {processor.py:178} INFO - Processing /opt/airflow/dags/1_first_dag.py took 0.267 seconds
[2026-09-21T00:55:16.353+0000] {processor.py:156} INFO - Started process (PID=4325) to work on /opt/airflow/dags/1_first_dag.py
[2026-09-21T00:55:16.355+0000] {processor.py:799} INFO - Processing file /opt/airflow/dags/1_first_dag.py for tasks to queue
[2026-09-21T00:55:16.358+0000] {logging_mixin.py:149} INFO - [2026-09-21T00:55:16.358+0000] {dagbag.py:541} INFO - Filling up the DagBag from /opt/airflow/dags/1_first_dag.py
[2026-09-21T00:55:16.380+0000] {processor.py:809} INFO - DAG(s) dict_keys(['1-miprimerdag']) retrieved from /opt/airflow/dags/1_first_dag.py
[2026-09-21T00:55:16.472+0000] {logging_mixin.py:149} INFO - [2026-09-21T00:55:16.472+0000] {dag.py:2726} INFO - Sync 1 DAGs
[2026-09-21T00:55:16.545+0000] {logging_mixin.py:149} INFO - [2026-09-21T00:55:16.545+0000] {dag.py:3490} INFO - Setting next_dagrun for 1-miprimerdag to None, run_after=None
[2026-09-21T00:55:16.598+0000] {processor.py:178} INFO - Processing /opt/airflow/dags/1_first_dag.py took 0.256 seconds
[2026-09-21T00:55:46.688+0000] {processor.py:156} INFO - Started process (PID=4335) to work on /opt/airflow/dags/1_first_dag.py
[2026-09-21T00:55:46.689+0000] {processor.py:799} INFO - Processing file /opt/airflow/dags/1_first_dag.py for tasks to queue
[2026-09-21T00:55:46.690+0000] {logging_mixin.py:149} INFO - [2026-09-21T00:55:46.690+0000] {dagbag.py:541} INFO - Filling up the DagBag from /opt/airflow/dags/1_first_dag.py
[2026-09-21T00:55:46.702+0000] {processor.py:809} INFO - DAG(s) dict_keys(['1-miprimerdag']) retrieved from /opt/airflow/dags/1_first_dag.py
[2026-09-21T00:55:46.751+0000] {logging_mixin.py:149} INFO - [2026-09-21T00:55:46.750+0000] {dag.py:2726} INFO - Sync 1 DAGs
[2026-09-21T00:55:46.787+0000] {logging_mixin.py:149} INFO - [2026-09-21T00:55:46.787+0000] {dag.py:3490} INFO - Setting next_dagrun for 1-miprimerdag to None, run_after=None
[2026-09-21T00:55:46.811+0000] {processor.py:178} INFO - Processing /opt/airflow/dags/1_first_dag.py took 0.128 seconds
[2026-09-21T00:56:17.591+0000] {processor.py:156} INFO - Started process (PID=4345) to work on /opt/airflow/dags/1_first_dag.py
[2026-09-21T00:56:17.593+0000] {processor.py:799} INFO - Processing file /opt/airflow/dags/1_first_dag.py for tasks to queue
[2026-09-21T00:56:17.596+0000] {logging_mixin.py:149} INFO - [2026-09-21T00:56:17.596+0000] {dagbag.py:541} INFO - Filling up the DagBag from /opt/airflow/dags/1_first_dag.py
[2026-09-21T00:56:17.627+0000] {processor.py:809} INFO - DAG(s) dict_keys(['1-miprimerdag']) retrieved from /opt/airflow/dags/1_first_dag.py
[2026-09-21T00:56:17.722+0000] {logging_mixin.py:149} INFO - [2026-09-21T00:56:17.722+0000] {dag.py:2726} INFO - Sync 1 DAGs
[2026-09-21T00:56:17.794+0000] {logging_mixin.py:149} INFO - [2026-09-21T00:56:17.794+0000] {dag.py:3490} INFO - Setting next_dagrun for 1-miprimerdag to None, run_after=None
[2026-09-21T00:56:17.858+0000] {processor.py:178} INFO - Processing /opt/airflow/dags/1_first_dag.py took 0.287 seconds
[2026-09-21T00:56:47.906+0000] {processor.py:156} INFO - Started process (PID=4355) to work on /opt/airflow/dags/1_first_dag.py
[2026-09-21T00:56:47.910+0000] {processor.py:799} INFO - Processing file /opt/airflow/dags/1_first_dag.py for tasks to queue
[2026-09-21T00:56:47.911+0000] {logging_mixin.py:149} INFO - [2026-09-21T00:56:47.910+0000] {dagbag.py:541} INFO - Filling up the DagBag from /opt/airflow/dags/1_first_dag.py
[2026-09-21T00:56:47.929+0000] {processor.py:809} INFO - DAG(s) dict_keys(['1-miprimerdag']) retrieved from /opt/airflow/dags/1_first_dag.py
[2026-09-21T00:56:47.990+0000] {logging_mixin.py:149} INFO - [2026-09-21T00:56:47.990+0000] {dag.py:2726} INFO - Sync 1 DAGs
[2026-09-21T00:56:48.045+0000] {logging_mixin.py:149} INFO - [2026-09-21T00:56:48.044+0000] {dag.py:3490} INFO - Setting next_dagrun for 1-miprimerdag to None, run_after=None
[2026-09-21T00:56:48.093+0000] {processor.py:178} INFO - Processing /opt/airflow/dags/1_first_dag.py took 0.194 seconds
[2026-09-21T00:57:18.430+0000] {processor.py:156} INFO - Started process (PID=4365) to work on /opt/airflow/dags/1_first_dag.py
[2026-09-21T00:57:18.436+0000] {processor.py:799} INFO - Processing file /opt/airflow/dags/1_first_dag.py for tasks to queue
[2026-09-21T00:57:18.437+0000] {logging_mixin.py:149} INFO - [2026-09-21T00:57:18.437+0000] {dagbag.py:541} INFO - Filling up the DagBag from /opt/airflow/dags/1_first_dag.py
[2026-09-21T00:57:18.510+0000] {processor.py:809} INFO - DAG(s) dict_keys(['1-miprimerdag']) retrieved from /opt/airflow/dags/1_first_dag.py
[2026-09-21T00:57:18.658+0000] {logging_mixin.py:149} INFO - [2026-09-21T00:57:18.658+0000] {dag.py:2726} INFO - Sync 1 DAGs
[2026-09-21T00:57:18.721+0000] {logging_mixin.py:149} INFO - [2026-09-21T00:57:18.721+0000] {dag.py:3490} INFO - Setting next_dagrun for 1-miprimerdag to None, run_after=None
[2026-09-21T00:57:18.796+0000] {processor.py:178} INFO - Processing /opt/airflow/dags/1_first_dag.py took 0.374 seconds
[2026-09-21T00:57:48.870+0000] {processor.py:156} INFO - Started process (PID=4375) to work on /opt/airflow/dags/1_first_dag.py
[2026-09-21T00:57:48.872+0000] {processor.py:799} INFO - Processing file /opt/airflow/dags/1_first_dag.py for tasks to queue
[2026-09-21T00:57:48.874+0000] {logging_mixin.py:149} INFO - [2026-09-21T00:57:48.874+0000] {dagbag.py:541} INFO - Filling up the DagBag from /opt/airflow/dags/1_first_dag.py
[2026-09-21T00:57:48.891+0000] {processor.py:809} INFO - DAG(s) dict_keys(['1-miprimerdag']) retrieved from /opt/airflow/dags/1_first_dag.py
[2026-09-21T00:57:48.956+0000] {logging_mixin.py:149} INFO - [2026-09-21T00:57:48.956+0000] {dag.py:2726} INFO - Sync 1 DAGs
[2026-09-21T00:57:48.997+0000] {logging_mixin.py:149} INFO - [2026-09-21T00:57:48.997+0000] {dag.py:3490} INFO - Setting next_dagrun for 1-miprimerdag to None, run_after=None
[2026-09-21T00:57:49.055+0000] {processor.py:178} INFO - Processing /opt/airflow/dags/1_first_dag.py took 0.191 seconds
[2026-09-21T00:58:19.429+0000] {processor.py:156} INFO - Started process (PID=4385) to work on /opt/airflow/dags/1_first_dag.py
[2026-09-21T00:58:19.431+0000] {processor.py:799} INFO - Processing file /opt/airflow/dags/1_first_dag.py for tasks to queue
[2026-09-21T00:58:19.432+0000] {logging_mixin.py:149} INFO - [2026-09-21T00:58:19.432+0000] {dagbag.py:541} INFO - Filling up the DagBag from /opt/airflow/dags/1_first_dag.py
[2026-09-21T00:58:19.451+0000] {processor.py:809} INFO - DAG(s) dict_keys(['1-miprimerdag']) retrieved from /opt/airflow/dags/1_first_dag.py
[2026-09-21T00:58:19.507+0000] {logging_mixin.py:149} INFO - [2026-09-21T00:58:19.506+0000] {dag.py:2726} INFO - Sync 1 DAGs
[2026-09-21T00:58:19.547+0000] {logging_mixin.py:149} INFO - [2026-09-21T00:58:19.547+0000] {dag.py:3490} INFO - Setting next_dagrun for 1-miprimerdag to None, run_after=None
[2026-09-21T00:58:19.583+0000] {processor.py:178} INFO - Processing /opt/airflow/dags/1_first_dag.py took 0.160 seconds
[2026-09-21T00:58:50.397+0000] {processor.py:156} INFO - Started process (PID=4395) to work on /opt/airflow/dags/1_first_dag.py
[2026-09-21T00:58:50.403+0000] {processor.py:799} INFO - Processing file /opt/airflow/dags/1_first_dag.py for tasks to queue
[2026-09-21T00:58:50.404+0000] {logging_mixin.py:149} INFO - [2026-09-21T00:58:50.404+0000] {dagbag.py:541} INFO - Filling up the DagBag from /opt/airflow/dags/1_first_dag.py
[2026-09-21T00:58:50.437+0000] {processor.py:809} INFO - DAG(s) dict_keys(['1-miprimerdag']) retrieved from /opt/airflow/dags/1_first_dag.py
[2026-09-21T00:58:50.511+0000] {logging_mixin.py:149} INFO - [2026-09-21T00:58:50.511+0000] {dag.py:2726} INFO - Sync 1 DAGs
[2026-09-21T00:58:50.553+0000] {logging_mixin.py:149} INFO - [2026-09-21T00:58:50.552+0000] {dag.py:3490} INFO - Setting next_dagrun for 1-miprimerdag to None, run_after=None
[2026-09-21T00:58:50.574+0000] {processor.py:178} INFO - Processing /opt/airflow/dags/1_first_dag.py took 0.185 seconds
[2026-09-21T00:59:21.508+0000] {processor.py:156} INFO - Started process (PID=4405) to work on /opt/airflow/dags/1_first_dag.py
[2026-09-21T00:59:21.510+0000] {processor.py:799} INFO - Processing file /opt/airflow/dags/1_first_dag.py for tasks to queue
[2026-09-21T00:59:21.513+0000] {logging_mixin.py:149} INFO - [2026-09-21T00:59:21.513+0000] {dagbag.py:541} INFO - Filling up the DagBag from /opt/airflow/dags/1_first_dag.py
[2026-09-21T00:59:21.558+0000] {processor.py:809} INFO - DAG(s) dict_keys(['1-miprimerdag']) retrieved from /opt/airflow/dags/1_first_dag.py
[2026-09-21T00:59:21.660+0000] {logging_mixin.py:149} INFO - [2026-09-21T00:59:21.658+0000] {dag.py:2726} INFO - Sync 1 DAGs
[2026-09-21T00:59:21.771+0000] {logging_mixin.py:149} INFO - [2026-09-21T00:59:21.770+0000] {dag.py:3490} INFO - Setting next_dagrun for 1-miprimerdag to None, run_after=None
[2026-09-21T00:59:21.836+0000] {processor.py:178} INFO - Processing /opt/airflow/dags/1_first_dag.py took 0.343 seconds
[2026-09-21T00:59:52.010+0000] {processor.py:156} INFO - Started process (PID=4415) to work on /opt/airflow/dags/1_first_dag.py
[2026-09-21T00:59:52.017+0000] {processor.py:799} INFO - Processing file /opt/airflow/dags/1_first_dag.py for tasks to queue
[2026-09-21T00:59:52.019+0000] {logging_mixin.py:149} INFO - [2026-09-21T00:59:52.019+0000] {dagbag.py:541} INFO - Filling up the DagBag from /opt/airflow/dags/1_first_dag.py
[2026-09-21T00:59:52.060+0000] {processor.py:809} INFO - DAG(s) dict_keys(['1-miprimerdag']) retrieved from /opt/airflow/dags/1_first_dag.py
[2026-09-21T00:59:52.168+0000] {logging_mixin.py:149} INFO - [2026-09-21T00:59:52.167+0000] {dag.py:2726} INFO - Sync 1 DAGs
[2026-09-21T00:59:52.256+0000] {logging_mixin.py:149} INFO - [2026-09-21T00:59:52.255+0000] {dag.py:3490} INFO - Setting next_dagrun for 1-miprimerdag to None, run_after=None
[2026-09-21T00:59:52.317+0000] {processor.py:178} INFO - Processing /opt/airflow/dags/1_first_dag.py took 0.314 seconds
[2026-09-21T01:00:22.724+0000] {processor.py:156} INFO - Started process (PID=4425) to work on /opt/airflow/dags/1_first_dag.py
[2026-09-21T01:00:22.725+0000] {processor.py:799} INFO - Processing file /opt/airflow/dags/1_first_dag.py for tasks to queue
[2026-09-21T01:00:22.729+0000] {logging_mixin.py:149} INFO - [2026-09-21T01:00:22.728+0000] {dagbag.py:541} INFO - Filling up the DagBag from /opt/airflow/dags/1_first_dag.py
[2026-09-21T01:00:22.759+0000] {processor.py:809} INFO - DAG(s) dict_keys(['1-miprimerdag']) retrieved from /opt/airflow/dags/1_first_dag.py
[2026-09-21T01:00:22.855+0000] {logging_mixin.py:149} INFO - [2026-09-21T01:00:22.855+0000] {dag.py:2726} INFO - Sync 1 DAGs
[2026-09-21T01:00:22.934+0000] {logging_mixin.py:149} INFO - [2026-09-21T01:00:22.931+0000] {dag.py:3490} INFO - Setting next_dagrun for 1-miprimerdag to None, run_after=None
[2026-09-21T01:00:23.003+0000] {processor.py:178} INFO - Processing /opt/airflow/dags/1_first_dag.py took 0.284 seconds
[2026-09-21T01:00:54.016+0000] {processor.py:156} INFO - Started process (PID=4435) to work on /opt/airflow/dags/1_first_dag.py
[2026-09-21T01:00:54.026+0000] {processor.py:799} INFO - Processing file /opt/airflow/dags/1_first_dag.py for tasks to queue
[2026-09-21T01:00:54.027+0000] {logging_mixin.py:149} INFO - [2026-09-21T01:00:54.027+0000] {dagbag.py:541} INFO - Filling up the DagBag from /opt/airflow/dags/1_first_dag.py
[2026-09-21T01:00:54.056+0000] {processor.py:809} INFO - DAG(s) dict_keys(['1-miprimerdag']) retrieved from /opt/airflow/dags/1_first_dag.py
[2026-09-21T01:00:54.119+0000] {logging_mixin.py:149} INFO - [2026-09-21T01:00:54.118+0000] {dag.py:2726} INFO - Sync 1 DAGs
[2026-09-21T01:00:54.198+0000] {logging_mixin.py:149} INFO - [2026-09-21T01:00:54.198+0000] {dag.py:3490} INFO - Setting next_dagrun for 1-miprimerdag to None, run_after=None
[2026-09-21T01:00:54.251+0000] {processor.py:178} INFO - Processing /opt/airflow/dags/1_first_dag.py took 0.240 seconds
[2026-09-21T01:01:24.382+0000] {processor.py:156} INFO - Started process (PID=4445) to work on /opt/airflow/dags/1_first_dag.py
[2026-09-21T01:01:24.383+0000] {processor.py:799} INFO - Processing file /opt/airflow/dags/1_first_dag.py for tasks to queue
[2026-09-21T01:01:24.387+0000] {logging_mixin.py:149} INFO - [2026-09-21T01:01:24.386+0000] {dagbag.py:541} INFO - Filling up the DagBag from /opt/airflow/dags/1_first_dag.py
[2026-09-21T01:01:24.406+0000] {processor.py:809} INFO - DAG(s) dict_keys(['1-miprimerdag']) retrieved from /opt/airflow/dags/1_first_dag.py
[2026-09-21T01:01:24.510+0000] {logging_mixin.py:149} INFO - [2026-09-21T01:01:24.509+0000] {dag.py:2726} INFO - Sync 1 DAGs
[2026-09-21T01:01:24.596+0000] {logging_mixin.py:149} INFO - [2026-09-21T01:01:24.596+0000] {dag.py:3490} INFO - Setting next_dagrun for 1-miprimerdag to None, run_after=None
[2026-09-21T01:01:24.658+0000] {processor.py:178} INFO - Processing /opt/airflow/dags/1_first_dag.py took 0.281 seconds
[2026-09-21T01:01:54.849+0000] {processor.py:156} INFO - Started process (PID=4455) to work on /opt/airflow/dags/1_first_dag.py
[2026-09-21T01:01:54.852+0000] {processor.py:799} INFO - Processing file /opt/airflow/dags/1_first_dag.py for tasks to queue
[2026-09-21T01:01:54.853+0000] {logging_mixin.py:149} INFO - [2026-09-21T01:01:54.853+0000] {dagbag.py:541} INFO - Filling up the DagBag from /opt/airflow/dags/1_first_dag.py
[2026-09-21T01:01:54.876+0000] {processor.py:809} INFO - DAG(s) dict_keys(['1-miprimerdag']) retrieved from /opt/airflow/dags/1_first_dag.py
[2026-09-21T01:01:54.960+0000] {logging_mixin.py:149} INFO - [2026-09-21T01:01:54.960+0000] {dag.py:2726} INFO - Sync 1 DAGs
[2026-09-21T01:01:55.027+0000] {logging_mixin.py:149} INFO - [2026-09-21T01:01:55.026+0000] {dag.py:3490} INFO - Setting next_dagrun for 1-miprimerdag to None, run_after=None
[2026-09-21T01:01:55.093+0000] {processor.py:178} INFO - Processing /opt/airflow/dags/1_first_dag.py took 0.252 seconds
[2026-09-21T01:02:25.321+0000] {processor.py:156} INFO - Started process (PID=4465) to work on /opt/airflow/dags/1_first_dag.py
[2026-09-21T01:02:25.322+0000] {processor.py:799} INFO - Processing file /opt/airflow/dags/1_first_dag.py for tasks to queue
[2026-09-21T01:02:25.324+0000] {logging_mixin.py:149} INFO - [2026-09-21T01:02:25.323+0000] {dagbag.py:541} INFO - Filling up the DagBag from /opt/airflow/dags/1_first_dag.py
[2026-09-21T01:02:25.344+0000] {processor.py:809} INFO - DAG(s) dict_keys(['1-miprimerdag']) retrieved from /opt/airflow/dags/1_first_dag.py
[2026-09-21T01:02:25.417+0000] {logging_mixin.py:149} INFO - [2026-09-21T01:02:25.416+0000] {dag.py:2726} INFO - Sync 1 DAGs
[2026-09-21T01:02:25.478+0000] {logging_mixin.py:149} INFO - [2026-09-21T01:02:25.478+0000] {dag.py:3490} INFO - Setting next_dagrun for 1-miprimerdag to None, run_after=None
[2026-09-21T01:02:25.531+0000] {processor.py:178} INFO - Processing /opt/airflow/dags/1_first_dag.py took 0.221 seconds
[2026-09-21T01:02:55.781+0000] {processor.py:156} INFO - Started process (PID=4475) to work on /opt/airflow/dags/1_first_dag.py
[2026-09-21T01:02:55.783+0000] {processor.py:799} INFO - Processing file /opt/airflow/dags/1_first_dag.py for tasks to queue
[2026-09-21T01:02:55.785+0000] {logging_mixin.py:149} INFO - [2026-09-21T01:02:55.784+0000] {dagbag.py:541} INFO - Filling up the DagBag from /opt/airflow/dags/1_first_dag.py
[2026-09-21T01:02:55.801+0000] {processor.py:809} INFO - DAG(s) dict_keys(['1-miprimerdag']) retrieved from /opt/airflow/dags/1_first_dag.py
[2026-09-21T01:02:55.923+0000] {logging_mixin.py:149} INFO - [2026-09-21T01:02:55.923+0000] {dag.py:2726} INFO - Sync 1 DAGs
[2026-09-21T01:02:55.983+0000] {logging_mixin.py:149} INFO - [2026-09-21T01:02:55.982+0000] {dag.py:3490} INFO - Setting next_dagrun for 1-miprimerdag to None, run_after=None
[2026-09-21T01:02:56.023+0000] {processor.py:178} INFO - Processing /opt/airflow/dags/1_first_dag.py took 0.248 seconds
[2026-09-21T01:03:26.719+0000] {processor.py:156} INFO - Started process (PID=4485) to work on /opt/airflow/dags/1_first_dag.py
[2026-09-21T01:03:26.720+0000] {processor.py:799} INFO - Processing file /opt/airflow/dags/1_first_dag.py for tasks to queue
[2026-09-21T01:03:26.721+0000] {logging_mixin.py:149} INFO - [2026-09-21T01:03:26.721+0000] {dagbag.py:541} INFO - Filling up the DagBag from /opt/airflow/dags/1_first_dag.py
[2026-09-21T01:03:26.737+0000] {processor.py:809} INFO - DAG(s) dict_keys(['1-miprimerdag']) retrieved from /opt/airflow/dags/1_first_dag.py
[2026-09-21T01:03:26.785+0000] {logging_mixin.py:149} INFO - [2026-09-21T01:03:26.785+0000] {dag.py:2726} INFO - Sync 1 DAGs
[2026-09-21T01:03:26.821+0000] {logging_mixin.py:149} INFO - [2026-09-21T01:03:26.821+0000] {dag.py:3490} INFO - Setting next_dagrun for 1-miprimerdag to None, run_after=None
[2026-09-21T01:03:26.855+0000] {processor.py:178} INFO - Processing /opt/airflow/dags/1_first_dag.py took 0.143 seconds
[2026-09-21T01:03:57.413+0000] {processor.py:156} INFO - Started process (PID=4495) to work on /opt/airflow/dags/1_first_dag.py
[2026-09-21T01:03:57.417+0000] {processor.py:799} INFO - Processing file /opt/airflow/dags/1_first_dag.py for tasks to queue
[2026-09-21T01:03:57.420+0000] {logging_mixin.py:149} INFO - [2026-09-21T01:03:57.420+0000] {dagbag.py:541} INFO - Filling up the DagBag from /opt/airflow/dags/1_first_dag.py
[2026-09-21T01:03:57.439+0000] {processor.py:809} INFO - DAG(s) dict_keys(['1-miprimerdag']) retrieved from /opt/airflow/dags/1_first_dag.py
[2026-09-21T01:03:57.498+0000] {logging_mixin.py:149} INFO - [2026-09-21T01:03:57.498+0000] {dag.py:2726} INFO - Sync 1 DAGs
[2026-09-21T01:03:57.550+0000] {logging_mixin.py:149} INFO - [2026-09-21T01:03:57.549+0000] {dag.py:3490} INFO - Setting next_dagrun for 1-miprimerdag to None, run_after=None
[2026-09-21T01:03:57.638+0000] {processor.py:178} INFO - Processing /opt/airflow/dags/1_first_dag.py took 0.232 seconds
[2026-09-21T01:04:27.897+0000] {processor.py:156} INFO - Started process (PID=4505) to work on /opt/airflow/dags/1_first_dag.py
[2026-09-21T01:04:27.901+0000] {processor.py:799} INFO - Processing file /opt/airflow/dags/1_first_dag.py for tasks to queue
[2026-09-21T01:04:27.902+0000] {logging_mixin.py:149} INFO - [2026-09-21T01:04:27.902+0000] {dagbag.py:541} INFO - Filling up the DagBag from /opt/airflow/dags/1_first_dag.py
[2026-09-21T01:04:27.935+0000] {processor.py:809} INFO - DAG(s) dict_keys(['1-miprimerdag']) retrieved from /opt/airflow/dags/1_first_dag.py
[2026-09-21T01:04:28.033+0000] {logging_mixin.py:149} INFO - [2026-09-21T01:04:28.033+0000] {dag.py:2726} INFO - Sync 1 DAGs
[2026-09-21T01:04:28.124+0000] {logging_mixin.py:149} INFO - [2026-09-21T01:04:28.124+0000] {dag.py:3490} INFO - Setting next_dagrun for 1-miprimerdag to None, run_after=None
[2026-09-21T01:04:28.181+0000] {processor.py:178} INFO - Processing /opt/airflow/dags/1_first_dag.py took 0.298 seconds
[2026-09-21T01:04:58.320+0000] {processor.py:156} INFO - Started process (PID=4515) to work on /opt/airflow/dags/1_first_dag.py
[2026-09-21T01:04:58.323+0000] {processor.py:799} INFO - Processing file /opt/airflow/dags/1_first_dag.py for tasks to queue
[2026-09-21T01:04:58.324+0000] {logging_mixin.py:149} INFO - [2026-09-21T01:04:58.324+0000] {dagbag.py:541} INFO - Filling up the DagBag from /opt/airflow/dags/1_first_dag.py
[2026-09-21T01:04:58.343+0000] {processor.py:809} INFO - DAG(s) dict_keys(['1-miprimerdag']) retrieved from /opt/airflow/dags/1_first_dag.py
[2026-09-21T01:04:58.443+0000] {logging_mixin.py:149} INFO - [2026-09-21T01:04:58.442+0000] {dag.py:2726} INFO - Sync 1 DAGs
[2026-09-21T01:04:58.509+0000] {logging_mixin.py:149} INFO - [2026-09-21T01:04:58.507+0000] {dag.py:3490} INFO - Setting next_dagrun for 1-miprimerdag to None, run_after=None
[2026-09-21T01:04:58.583+0000] {processor.py:178} INFO - Processing /opt/airflow/dags/1_first_dag.py took 0.274 seconds
[2026-09-21T01:05:28.731+0000] {processor.py:156} INFO - Started process (PID=4525) to work on /opt/airflow/dags/1_first_dag.py
[2026-09-21T01:05:28.732+0000] {processor.py:799} INFO - Processing file /opt/airflow/dags/1_first_dag.py for tasks to queue
[2026-09-21T01:05:28.733+0000] {logging_mixin.py:149} INFO - [2026-09-21T01:05:28.733+0000] {dagbag.py:541} INFO - Filling up the DagBag from /opt/airflow/dags/1_first_dag.py
[2026-09-21T01:05:28.757+0000] {processor.py:809} INFO - DAG(s) dict_keys(['1-miprimerdag']) retrieved from /opt/airflow/dags/1_first_dag.py
[2026-09-21T01:05:28.819+0000] {logging_mixin.py:149} INFO - [2026-09-21T01:05:28.818+0000] {dag.py:2726} INFO - Sync 1 DAGs
[2026-09-21T01:05:28.877+0000] {logging_mixin.py:149} INFO - [2026-09-21T01:05:28.877+0000] {dag.py:3490} INFO - Setting next_dagrun for 1-miprimerdag to None, run_after=None
[2026-09-21T01:05:28.939+0000] {processor.py:178} INFO - Processing /opt/airflow/dags/1_first_dag.py took 0.216 seconds
[2026-09-21T01:05:58.998+0000] {processor.py:156} INFO - Started process (PID=4535) to work on /opt/airflow/dags/1_first_dag.py
[2026-09-21T01:05:59.000+0000] {processor.py:799} INFO - Processing file /opt/airflow/dags/1_first_dag.py for tasks to queue
[2026-09-21T01:05:59.002+0000] {logging_mixin.py:149} INFO - [2026-09-21T01:05:59.001+0000] {dagbag.py:541} INFO - Filling up the DagBag from /opt/airflow/dags/1_first_dag.py
[2026-09-21T01:05:59.018+0000] {processor.py:809} INFO - DAG(s) dict_keys(['1-miprimerdag']) retrieved from /opt/airflow/dags/1_first_dag.py
[2026-09-21T01:05:59.125+0000] {logging_mixin.py:149} INFO - [2026-09-21T01:05:59.124+0000] {dag.py:2726} INFO - Sync 1 DAGs
[2026-09-21T01:05:59.219+0000] {logging_mixin.py:149} INFO - [2026-09-21T01:05:59.219+0000] {dag.py:3490} INFO - Setting next_dagrun for 1-miprimerdag to None, run_after=None
[2026-09-21T01:05:59.265+0000] {processor.py:178} INFO - Processing /opt/airflow/dags/1_first_dag.py took 0.273 seconds
[2026-09-21T01:06:29.458+0000] {processor.py:156} INFO - Started process (PID=4545) to work on /opt/airflow/dags/1_first_dag.py
[2026-09-21T01:06:29.459+0000] {processor.py:799} INFO - Processing file /opt/airflow/dags/1_first_dag.py for tasks to queue
[2026-09-21T01:06:29.461+0000] {logging_mixin.py:149} INFO - [2026-09-21T01:06:29.460+0000] {dagbag.py:541} INFO - Filling up the DagBag from /opt/airflow/dags/1_first_dag.py
[2026-09-21T01:06:29.498+0000] {processor.py:809} INFO - DAG(s) dict_keys(['1-miprimerdag']) retrieved from /opt/airflow/dags/1_first_dag.py
[2026-09-21T01:06:29.550+0000] {logging_mixin.py:149} INFO - [2026-09-21T01:06:29.550+0000] {dag.py:2726} INFO - Sync 1 DAGs
[2026-09-21T01:06:29.593+0000] {logging_mixin.py:149} INFO - [2026-09-21T01:06:29.592+0000] {dag.py:3490} INFO - Setting next_dagrun for 1-miprimerdag to None, run_after=None
[2026-09-21T01:06:29.628+0000] {processor.py:178} INFO - Processing /opt/airflow/dags/1_first_dag.py took 0.176 seconds
[2026-09-21T01:06:59.883+0000] {processor.py:156} INFO - Started process (PID=4555) to work on /opt/airflow/dags/1_first_dag.py
[2026-09-21T01:06:59.889+0000] {processor.py:799} INFO - Processing file /opt/airflow/dags/1_first_dag.py for tasks to queue
[2026-09-21T01:06:59.890+0000] {logging_mixin.py:149} INFO - [2026-09-21T01:06:59.890+0000] {dagbag.py:541} INFO - Filling up the DagBag from /opt/airflow/dags/1_first_dag.py
[2026-09-21T01:06:59.908+0000] {processor.py:809} INFO - DAG(s) dict_keys(['1-miprimerdag']) retrieved from /opt/airflow/dags/1_first_dag.py
[2026-09-21T01:06:59.959+0000] {logging_mixin.py:149} INFO - [2026-09-21T01:06:59.958+0000] {dag.py:2726} INFO - Sync 1 DAGs
[2026-09-21T01:06:59.996+0000] {logging_mixin.py:149} INFO - [2026-09-21T01:06:59.996+0000] {dag.py:3490} INFO - Setting next_dagrun for 1-miprimerdag to None, run_after=None
[2026-09-21T01:07:00.042+0000] {processor.py:178} INFO - Processing /opt/airflow/dags/1_first_dag.py took 0.170 seconds
[2026-09-21T01:07:30.852+0000] {processor.py:156} INFO - Started process (PID=4565) to work on /opt/airflow/dags/1_first_dag.py
[2026-09-21T01:07:30.857+0000] {processor.py:799} INFO - Processing file /opt/airflow/dags/1_first_dag.py for tasks to queue
[2026-09-21T01:07:30.858+0000] {logging_mixin.py:149} INFO - [2026-09-21T01:07:30.858+0000] {dagbag.py:541} INFO - Filling up the DagBag from /opt/airflow/dags/1_first_dag.py
[2026-09-21T01:07:30.874+0000] {processor.py:809} INFO - DAG(s) dict_keys(['1-miprimerdag']) retrieved from /opt/airflow/dags/1_first_dag.py
[2026-09-21T01:07:30.933+0000] {logging_mixin.py:149} INFO - [2026-09-21T01:07:30.933+0000] {dag.py:2726} INFO - Sync 1 DAGs
[2026-09-21T01:07:30.983+0000] {logging_mixin.py:149} INFO - [2026-09-21T01:07:30.983+0000] {dag.py:3490} INFO - Setting next_dagrun for 1-miprimerdag to None, run_after=None
[2026-09-21T01:07:31.022+0000] {processor.py:178} INFO - Processing /opt/airflow/dags/1_first_dag.py took 0.179 seconds
[2026-09-21T01:08:01.865+0000] {processor.py:156} INFO - Started process (PID=4575) to work on /opt/airflow/dags/1_first_dag.py
[2026-09-21T01:08:01.869+0000] {processor.py:799} INFO - Processing file /opt/airflow/dags/1_first_dag.py for tasks to queue
[2026-09-21T01:08:01.870+0000] {logging_mixin.py:149} INFO - [2026-09-21T01:08:01.870+0000] {dagbag.py:541} INFO - Filling up the DagBag from /opt/airflow/dags/1_first_dag.py
[2026-09-21T01:08:01.904+0000] {processor.py:809} INFO - DAG(s) dict_keys(['1-miprimerdag']) retrieved from /opt/airflow/dags/1_first_dag.py
[2026-09-21T01:08:01.990+0000] {logging_mixin.py:149} INFO - [2026-09-21T01:08:01.989+0000] {dag.py:2726} INFO - Sync 1 DAGs
[2026-09-21T01:08:02.053+0000] {logging_mixin.py:149} INFO - [2026-09-21T01:08:02.052+0000] {dag.py:3490} INFO - Setting next_dagrun for 1-miprimerdag to None, run_after=None
[2026-09-21T01:08:02.097+0000] {processor.py:178} INFO - Processing /opt/airflow/dags/1_first_dag.py took 0.242 seconds
[2026-09-21T01:08:32.328+0000] {processor.py:156} INFO - Started process (PID=4585) to work on /opt/airflow/dags/1_first_dag.py
[2026-09-21T01:08:32.332+0000] {processor.py:799} INFO - Processing file /opt/airflow/dags/1_first_dag.py for tasks to queue
[2026-09-21T01:08:32.333+0000] {logging_mixin.py:149} INFO - [2026-09-21T01:08:32.333+0000] {dagbag.py:541} INFO - Filling up the DagBag from /opt/airflow/dags/1_first_dag.py
[2026-09-21T01:08:32.364+0000] {processor.py:809} INFO - DAG(s) dict_keys(['1-miprimerdag']) retrieved from /opt/airflow/dags/1_first_dag.py
[2026-09-21T01:08:32.449+0000] {logging_mixin.py:149} INFO - [2026-09-21T01:08:32.449+0000] {dag.py:2726} INFO - Sync 1 DAGs
[2026-09-21T01:08:32.497+0000] {logging_mixin.py:149} INFO - [2026-09-21T01:08:32.496+0000] {dag.py:3490} INFO - Setting next_dagrun for 1-miprimerdag to None, run_after=None
[2026-09-21T01:08:32.528+0000] {processor.py:178} INFO - Processing /opt/airflow/dags/1_first_dag.py took 0.212 seconds
[2026-09-21T01:09:02.597+0000] {processor.py:156} INFO - Started process (PID=4594) to work on /opt/airflow/dags/1_first_dag.py
[2026-09-21T01:09:02.616+0000] {processor.py:799} INFO - Processing file /opt/airflow/dags/1_first_dag.py for tasks to queue
[2026-09-21T01:09:02.617+0000] {logging_mixin.py:149} INFO - [2026-09-21T01:09:02.617+0000] {dagbag.py:541} INFO - Filling up the DagBag from /opt/airflow/dags/1_first_dag.py
[2026-09-21T01:09:02.638+0000] {processor.py:809} INFO - DAG(s) dict_keys(['1-miprimerdag']) retrieved from /opt/airflow/dags/1_first_dag.py
[2026-09-21T01:09:02.708+0000] {logging_mixin.py:149} INFO - [2026-09-21T01:09:02.708+0000] {dag.py:2726} INFO - Sync 1 DAGs
[2026-09-21T01:09:02.779+0000] {logging_mixin.py:149} INFO - [2026-09-21T01:09:02.778+0000] {dag.py:3490} INFO - Setting next_dagrun for 1-miprimerdag to None, run_after=None
[2026-09-21T01:09:02.837+0000] {processor.py:178} INFO - Processing /opt/airflow/dags/1_first_dag.py took 0.246 seconds
[2026-09-21T01:09:33.086+0000] {processor.py:156} INFO - Started process (PID=4604) to work on /opt/airflow/dags/1_first_dag.py
[2026-09-21T01:09:33.088+0000] {processor.py:799} INFO - Processing file /opt/airflow/dags/1_first_dag.py for tasks to queue
[2026-09-21T01:09:33.089+0000] {logging_mixin.py:149} INFO - [2026-09-21T01:09:33.088+0000] {dagbag.py:541} INFO - Filling up the DagBag from /opt/airflow/dags/1_first_dag.py
[2026-09-21T01:09:33.110+0000] {processor.py:809} INFO - DAG(s) dict_keys(['1-miprimerdag']) retrieved from /opt/airflow/dags/1_first_dag.py
[2026-09-21T01:09:33.164+0000] {logging_mixin.py:149} INFO - [2026-09-21T01:09:33.164+0000] {dag.py:2726} INFO - Sync 1 DAGs
[2026-09-21T01:09:33.211+0000] {logging_mixin.py:149} INFO - [2026-09-21T01:09:33.211+0000] {dag.py:3490} INFO - Setting next_dagrun for 1-miprimerdag to None, run_after=None
[2026-09-21T01:09:33.251+0000] {processor.py:178} INFO - Processing /opt/airflow/dags/1_first_dag.py took 0.174 seconds
[2026-09-21T01:10:03.341+0000] {processor.py:156} INFO - Started process (PID=4614) to work on /opt/airflow/dags/1_first_dag.py
[2026-09-21T01:10:03.346+0000] {processor.py:799} INFO - Processing file /opt/airflow/dags/1_first_dag.py for tasks to queue
[2026-09-21T01:10:03.347+0000] {logging_mixin.py:149} INFO - [2026-09-21T01:10:03.347+0000] {dagbag.py:541} INFO - Filling up the DagBag from /opt/airflow/dags/1_first_dag.py
[2026-09-21T01:10:03.362+0000] {processor.py:809} INFO - DAG(s) dict_keys(['1-miprimerdag']) retrieved from /opt/airflow/dags/1_first_dag.py
[2026-09-21T01:10:03.413+0000] {logging_mixin.py:149} INFO - [2026-09-21T01:10:03.412+0000] {dag.py:2726} INFO - Sync 1 DAGs
[2026-09-21T01:10:03.461+0000] {logging_mixin.py:149} INFO - [2026-09-21T01:10:03.461+0000] {dag.py:3490} INFO - Setting next_dagrun for 1-miprimerdag to None, run_after=None
[2026-09-21T01:10:03.499+0000] {processor.py:178} INFO - Processing /opt/airflow/dags/1_first_dag.py took 0.166 seconds
[2026-09-21T01:10:33.643+0000] {processor.py:156} INFO - Started process (PID=4624) to work on /opt/airflow/dags/1_first_dag.py
[2026-09-21T01:10:33.645+0000] {processor.py:799} INFO - Processing file /opt/airflow/dags/1_first_dag.py for tasks to queue
[2026-09-21T01:10:33.646+0000] {logging_mixin.py:149} INFO - [2026-09-21T01:10:33.646+0000] {dagbag.py:541} INFO - Filling up the DagBag from /opt/airflow/dags/1_first_dag.py
[2026-09-21T01:10:33.664+0000] {processor.py:809} INFO - DAG(s) dict_keys(['1-miprimerdag']) retrieved from /opt/airflow/dags/1_first_dag.py
[2026-09-21T01:10:33.732+0000] {logging_mixin.py:149} INFO - [2026-09-21T01:10:33.732+0000] {dag.py:2726} INFO - Sync 1 DAGs
[2026-09-21T01:10:33.784+0000] {logging_mixin.py:149} INFO - [2026-09-21T01:10:33.784+0000] {dag.py:3490} INFO - Setting next_dagrun for 1-miprimerdag to None, run_after=None
[2026-09-21T01:10:33.828+0000] {processor.py:178} INFO - Processing /opt/airflow/dags/1_first_dag.py took 0.191 seconds
[2026-09-21T01:11:03.920+0000] {processor.py:156} INFO - Started process (PID=4634) to work on /opt/airflow/dags/1_first_dag.py
[2026-09-21T01:11:03.922+0000] {processor.py:799} INFO - Processing file /opt/airflow/dags/1_first_dag.py for tasks to queue
[2026-09-21T01:11:03.923+0000] {logging_mixin.py:149} INFO - [2026-09-21T01:11:03.923+0000] {dagbag.py:541} INFO - Filling up the DagBag from /opt/airflow/dags/1_first_dag.py
[2026-09-21T01:11:03.943+0000] {processor.py:809} INFO - DAG(s) dict_keys(['1-miprimerdag']) retrieved from /opt/airflow/dags/1_first_dag.py
[2026-09-21T01:11:04.012+0000] {logging_mixin.py:149} INFO - [2026-09-21T01:11:04.011+0000] {dag.py:2726} INFO - Sync 1 DAGs
[2026-09-21T01:11:04.056+0000] {logging_mixin.py:149} INFO - [2026-09-21T01:11:04.056+0000] {dag.py:3490} INFO - Setting next_dagrun for 1-miprimerdag to None, run_after=None
[2026-09-21T01:11:04.097+0000] {processor.py:178} INFO - Processing /opt/airflow/dags/1_first_dag.py took 0.183 seconds
[2026-09-21T01:11:34.921+0000] {processor.py:156} INFO - Started process (PID=4644) to work on /opt/airflow/dags/1_first_dag.py
[2026-09-21T01:11:34.923+0000] {processor.py:799} INFO - Processing file /opt/airflow/dags/1_first_dag.py for tasks to queue
[2026-09-21T01:11:34.925+0000] {logging_mixin.py:149} INFO - [2026-09-21T01:11:34.925+0000] {dagbag.py:541} INFO - Filling up the DagBag from /opt/airflow/dags/1_first_dag.py
[2026-09-21T01:11:34.940+0000] {processor.py:809} INFO - DAG(s) dict_keys(['1-miprimerdag']) retrieved from /opt/airflow/dags/1_first_dag.py
[2026-09-21T01:11:34.996+0000] {logging_mixin.py:149} INFO - [2026-09-21T01:11:34.996+0000] {dag.py:2726} INFO - Sync 1 DAGs
[2026-09-21T01:11:35.041+0000] {logging_mixin.py:149} INFO - [2026-09-21T01:11:35.041+0000] {dag.py:3490} INFO - Setting next_dagrun for 1-miprimerdag to None, run_after=None
[2026-09-21T01:11:35.083+0000] {processor.py:178} INFO - Processing /opt/airflow/dags/1_first_dag.py took 0.168 seconds
[2026-09-21T01:12:05.240+0000] {processor.py:156} INFO - Started process (PID=4654) to work on /opt/airflow/dags/1_first_dag.py
[2026-09-21T01:12:05.241+0000] {processor.py:799} INFO - Processing file /opt/airflow/dags/1_first_dag.py for tasks to queue
[2026-09-21T01:12:05.242+0000] {logging_mixin.py:149} INFO - [2026-09-21T01:12:05.242+0000] {dagbag.py:541} INFO - Filling up the DagBag from /opt/airflow/dags/1_first_dag.py
[2026-09-21T01:12:05.260+0000] {processor.py:809} INFO - DAG(s) dict_keys(['1-miprimerdag']) retrieved from /opt/airflow/dags/1_first_dag.py
[2026-09-21T01:12:05.338+0000] {logging_mixin.py:149} INFO - [2026-09-21T01:12:05.338+0000] {dag.py:2726} INFO - Sync 1 DAGs
[2026-09-21T01:12:05.379+0000] {logging_mixin.py:149} INFO - [2026-09-21T01:12:05.379+0000] {dag.py:3490} INFO - Setting next_dagrun for 1-miprimerdag to None, run_after=None
[2026-09-21T01:12:05.409+0000] {processor.py:178} INFO - Processing /opt/airflow/dags/1_first_dag.py took 0.176 seconds
[2026-09-21T01:12:35.492+0000] {processor.py:156} INFO - Started process (PID=4664) to work on /opt/airflow/dags/1_first_dag.py
[2026-09-21T01:12:35.546+0000] {processor.py:799} INFO - Processing file /opt/airflow/dags/1_first_dag.py for tasks to queue
[2026-09-21T01:12:35.548+0000] {logging_mixin.py:149} INFO - [2026-09-21T01:12:35.548+0000] {dagbag.py:541} INFO - Filling up the DagBag from /opt/airflow/dags/1_first_dag.py
[2026-09-21T01:12:35.566+0000] {processor.py:809} INFO - DAG(s) dict_keys(['1-miprimerdag']) retrieved from /opt/airflow/dags/1_first_dag.py
[2026-09-21T01:12:35.628+0000] {logging_mixin.py:149} INFO - [2026-09-21T01:12:35.628+0000] {dag.py:2726} INFO - Sync 1 DAGs
[2026-09-21T01:12:35.682+0000] {logging_mixin.py:149} INFO - [2026-09-21T01:12:35.682+0000] {dag.py:3490} INFO - Setting next_dagrun for 1-miprimerdag to None, run_after=None
[2026-09-21T01:12:35.728+0000] {processor.py:178} INFO - Processing /opt/airflow/dags/1_first_dag.py took 0.245 seconds
[2026-09-21T01:13:05.823+0000] {processor.py:156} INFO - Started process (PID=4674) to work on /opt/airflow/dags/1_first_dag.py
[2026-09-21T01:13:05.825+0000] {processor.py:799} INFO - Processing file /opt/airflow/dags/1_first_dag.py for tasks to queue
[2026-09-21T01:13:05.826+0000] {logging_mixin.py:149} INFO - [2026-09-21T01:13:05.826+0000] {dagbag.py:541} INFO - Filling up the DagBag from /opt/airflow/dags/1_first_dag.py
[2026-09-21T01:13:05.842+0000] {processor.py:809} INFO - DAG(s) dict_keys(['1-miprimerdag']) retrieved from /opt/airflow/dags/1_first_dag.py
[2026-09-21T01:13:05.898+0000] {logging_mixin.py:149} INFO - [2026-09-21T01:13:05.898+0000] {dag.py:2726} INFO - Sync 1 DAGs
[2026-09-21T01:13:05.933+0000] {logging_mixin.py:149} INFO - [2026-09-21T01:13:05.933+0000] {dag.py:3490} INFO - Setting next_dagrun for 1-miprimerdag to None, run_after=None
[2026-09-21T01:13:05.960+0000] {processor.py:178} INFO - Processing /opt/airflow/dags/1_first_dag.py took 0.142 seconds
[2026-09-21T01:13:36.081+0000] {processor.py:156} INFO - Started process (PID=4684) to work on /opt/airflow/dags/1_first_dag.py
[2026-09-21T01:13:36.083+0000] {processor.py:799} INFO - Processing file /opt/airflow/dags/1_first_dag.py for tasks to queue
[2026-09-21T01:13:36.084+0000] {logging_mixin.py:149} INFO - [2026-09-21T01:13:36.084+0000] {dagbag.py:541} INFO - Filling up the DagBag from /opt/airflow/dags/1_first_dag.py
[2026-09-21T01:13:36.101+0000] {processor.py:809} INFO - DAG(s) dict_keys(['1-miprimerdag']) retrieved from /opt/airflow/dags/1_first_dag.py
[2026-09-21T01:13:36.151+0000] {logging_mixin.py:149} INFO - [2026-09-21T01:13:36.151+0000] {dag.py:2726} INFO - Sync 1 DAGs
[2026-09-21T01:13:36.189+0000] {logging_mixin.py:149} INFO - [2026-09-21T01:13:36.189+0000] {dag.py:3490} INFO - Setting next_dagrun for 1-miprimerdag to None, run_after=None
[2026-09-21T01:13:36.223+0000] {processor.py:178} INFO - Processing /opt/airflow/dags/1_first_dag.py took 0.153 seconds
[2026-09-21T01:14:06.354+0000] {processor.py:156} INFO - Started process (PID=4694) to work on /opt/airflow/dags/1_first_dag.py
[2026-09-21T01:14:06.356+0000] {processor.py:799} INFO - Processing file /opt/airflow/dags/1_first_dag.py for tasks to queue
[2026-09-21T01:14:06.357+0000] {logging_mixin.py:149} INFO - [2026-09-21T01:14:06.357+0000] {dagbag.py:541} INFO - Filling up the DagBag from /opt/airflow/dags/1_first_dag.py
[2026-09-21T01:14:06.374+0000] {processor.py:809} INFO - DAG(s) dict_keys(['1-miprimerdag']) retrieved from /opt/airflow/dags/1_first_dag.py
[2026-09-21T01:14:06.434+0000] {logging_mixin.py:149} INFO - [2026-09-21T01:14:06.433+0000] {dag.py:2726} INFO - Sync 1 DAGs
[2026-09-21T01:14:06.473+0000] {logging_mixin.py:149} INFO - [2026-09-21T01:14:06.472+0000] {dag.py:3490} INFO - Setting next_dagrun for 1-miprimerdag to None, run_after=None
[2026-09-21T01:14:06.507+0000] {processor.py:178} INFO - Processing /opt/airflow/dags/1_first_dag.py took 0.159 seconds
[2026-09-21T01:14:36.570+0000] {processor.py:156} INFO - Started process (PID=4704) to work on /opt/airflow/dags/1_first_dag.py
[2026-09-21T01:14:36.573+0000] {processor.py:799} INFO - Processing file /opt/airflow/dags/1_first_dag.py for tasks to queue
[2026-09-21T01:14:36.574+0000] {logging_mixin.py:149} INFO - [2026-09-21T01:14:36.573+0000] {dagbag.py:541} INFO - Filling up the DagBag from /opt/airflow/dags/1_first_dag.py
[2026-09-21T01:14:36.597+0000] {processor.py:809} INFO - DAG(s) dict_keys(['1-miprimerdag']) retrieved from /opt/airflow/dags/1_first_dag.py
[2026-09-21T01:14:36.654+0000] {logging_mixin.py:149} INFO - [2026-09-21T01:14:36.654+0000] {dag.py:2726} INFO - Sync 1 DAGs
[2026-09-21T01:14:36.710+0000] {logging_mixin.py:149} INFO - [2026-09-21T01:14:36.710+0000] {dag.py:3490} INFO - Setting next_dagrun for 1-miprimerdag to None, run_after=None
[2026-09-21T01:14:36.745+0000] {processor.py:178} INFO - Processing /opt/airflow/dags/1_first_dag.py took 0.184 seconds
[2026-09-21T01:15:07.489+0000] {processor.py:156} INFO - Started process (PID=4714) to work on /opt/airflow/dags/1_first_dag.py
[2026-09-21T01:15:07.490+0000] {processor.py:799} INFO - Processing file /opt/airflow/dags/1_first_dag.py for tasks to queue
[2026-09-21T01:15:07.491+0000] {logging_mixin.py:149} INFO - [2026-09-21T01:15:07.491+0000] {dagbag.py:541} INFO - Filling up the DagBag from /opt/airflow/dags/1_first_dag.py
[2026-09-21T01:15:07.522+0000] {processor.py:809} INFO - DAG(s) dict_keys(['1-miprimerdag']) retrieved from /opt/airflow/dags/1_first_dag.py
[2026-09-21T01:15:07.569+0000] {logging_mixin.py:149} INFO - [2026-09-21T01:15:07.569+0000] {dag.py:2726} INFO - Sync 1 DAGs
[2026-09-21T01:15:07.610+0000] {logging_mixin.py:149} INFO - [2026-09-21T01:15:07.610+0000] {dag.py:3490} INFO - Setting next_dagrun for 1-miprimerdag to None, run_after=None
[2026-09-21T01:15:07.649+0000] {processor.py:178} INFO - Processing /opt/airflow/dags/1_first_dag.py took 0.169 seconds
[2026-09-21T01:15:37.901+0000] {processor.py:156} INFO - Started process (PID=4724) to work on /opt/airflow/dags/1_first_dag.py
[2026-09-21T01:15:37.923+0000] {processor.py:799} INFO - Processing file /opt/airflow/dags/1_first_dag.py for tasks to queue
[2026-09-21T01:15:37.925+0000] {logging_mixin.py:149} INFO - [2026-09-21T01:15:37.924+0000] {dagbag.py:541} INFO - Filling up the DagBag from /opt/airflow/dags/1_first_dag.py
[2026-09-21T01:15:37.949+0000] {processor.py:809} INFO - DAG(s) dict_keys(['1-miprimerdag']) retrieved from /opt/airflow/dags/1_first_dag.py
[2026-09-21T01:15:38.003+0000] {logging_mixin.py:149} INFO - [2026-09-21T01:15:38.002+0000] {dag.py:2726} INFO - Sync 1 DAGs
[2026-09-21T01:15:38.039+0000] {logging_mixin.py:149} INFO - [2026-09-21T01:15:38.039+0000] {dag.py:3490} INFO - Setting next_dagrun for 1-miprimerdag to None, run_after=None
[2026-09-21T01:15:38.071+0000] {processor.py:178} INFO - Processing /opt/airflow/dags/1_first_dag.py took 0.183 seconds
[2026-09-21T01:16:08.210+0000] {processor.py:156} INFO - Started process (PID=4734) to work on /opt/airflow/dags/1_first_dag.py
[2026-09-21T01:16:08.211+0000] {processor.py:799} INFO - Processing file /opt/airflow/dags/1_first_dag.py for tasks to queue
[2026-09-21T01:16:08.212+0000] {logging_mixin.py:149} INFO - [2026-09-21T01:16:08.212+0000] {dagbag.py:541} INFO - Filling up the DagBag from /opt/airflow/dags/1_first_dag.py
[2026-09-21T01:16:08.233+0000] {processor.py:809} INFO - DAG(s) dict_keys(['1-miprimerdag']) retrieved from /opt/airflow/dags/1_first_dag.py
[2026-09-21T01:16:08.304+0000] {logging_mixin.py:149} INFO - [2026-09-21T01:16:08.303+0000] {dag.py:2726} INFO - Sync 1 DAGs
[2026-09-21T01:16:08.346+0000] {logging_mixin.py:149} INFO - [2026-09-21T01:16:08.346+0000] {dag.py:3490} INFO - Setting next_dagrun for 1-miprimerdag to None, run_after=None
[2026-09-21T01:16:08.376+0000] {processor.py:178} INFO - Processing /opt/airflow/dags/1_first_dag.py took 0.174 seconds
[2026-09-21T01:16:38.599+0000] {processor.py:156} INFO - Started process (PID=4744) to work on /opt/airflow/dags/1_first_dag.py
[2026-09-21T01:16:38.603+0000] {processor.py:799} INFO - Processing file /opt/airflow/dags/1_first_dag.py for tasks to queue
[2026-09-21T01:16:38.604+0000] {logging_mixin.py:149} INFO - [2026-09-21T01:16:38.604+0000] {dagbag.py:541} INFO - Filling up the DagBag from /opt/airflow/dags/1_first_dag.py
[2026-09-21T01:16:38.623+0000] {processor.py:809} INFO - DAG(s) dict_keys(['1-miprimerdag']) retrieved from /opt/airflow/dags/1_first_dag.py
[2026-09-21T01:16:38.690+0000] {logging_mixin.py:149} INFO - [2026-09-21T01:16:38.690+0000] {dag.py:2726} INFO - Sync 1 DAGs
[2026-09-21T01:16:38.737+0000] {logging_mixin.py:149} INFO - [2026-09-21T01:16:38.736+0000] {dag.py:3490} INFO - Setting next_dagrun for 1-miprimerdag to None, run_after=None
[2026-09-21T01:16:38.793+0000] {processor.py:178} INFO - Processing /opt/airflow/dags/1_first_dag.py took 0.206 seconds
[2026-09-21T01:17:08.835+0000] {processor.py:156} INFO - Started process (PID=4754) to work on /opt/airflow/dags/1_first_dag.py
[2026-09-21T01:17:08.838+0000] {processor.py:799} INFO - Processing file /opt/airflow/dags/1_first_dag.py for tasks to queue
[2026-09-21T01:17:08.850+0000] {logging_mixin.py:149} INFO - [2026-09-21T01:17:08.849+0000] {dagbag.py:541} INFO - Filling up the DagBag from /opt/airflow/dags/1_first_dag.py
[2026-09-21T01:17:08.863+0000] {processor.py:809} INFO - DAG(s) dict_keys(['1-miprimerdag']) retrieved from /opt/airflow/dags/1_first_dag.py
[2026-09-21T01:17:08.905+0000] {logging_mixin.py:149} INFO - [2026-09-21T01:17:08.905+0000] {dag.py:2726} INFO - Sync 1 DAGs
[2026-09-21T01:17:08.942+0000] {logging_mixin.py:149} INFO - [2026-09-21T01:17:08.942+0000] {dag.py:3490} INFO - Setting next_dagrun for 1-miprimerdag to None, run_after=None
[2026-09-21T01:17:08.988+0000] {processor.py:178} INFO - Processing /opt/airflow/dags/1_first_dag.py took 0.165 seconds
[2026-09-21T01:17:39.145+0000] {processor.py:156} INFO - Started process (PID=4764) to work on /opt/airflow/dags/1_first_dag.py
[2026-09-21T01:17:39.147+0000] {processor.py:799} INFO - Processing file /opt/airflow/dags/1_first_dag.py for tasks to queue
[2026-09-21T01:17:39.150+0000] {logging_mixin.py:149} INFO - [2026-09-21T01:17:39.149+0000] {dagbag.py:541} INFO - Filling up the DagBag from /opt/airflow/dags/1_first_dag.py
[2026-09-21T01:17:39.167+0000] {processor.py:809} INFO - DAG(s) dict_keys(['1-miprimerdag']) retrieved from /opt/airflow/dags/1_first_dag.py
[2026-09-21T01:17:39.215+0000] {logging_mixin.py:149} INFO - [2026-09-21T01:17:39.214+0000] {dag.py:2726} INFO - Sync 1 DAGs
[2026-09-21T01:17:39.253+0000] {logging_mixin.py:149} INFO - [2026-09-21T01:17:39.253+0000] {dag.py:3490} INFO - Setting next_dagrun for 1-miprimerdag to None, run_after=None
[2026-09-21T01:17:39.280+0000] {processor.py:178} INFO - Processing /opt/airflow/dags/1_first_dag.py took 0.141 seconds
[2026-09-21T01:18:09.477+0000] {processor.py:156} INFO - Started process (PID=4774) to work on /opt/airflow/dags/1_first_dag.py
[2026-09-21T01:18:09.480+0000] {processor.py:799} INFO - Processing file /opt/airflow/dags/1_first_dag.py for tasks to queue
[2026-09-21T01:18:09.483+0000] {logging_mixin.py:149} INFO - [2026-09-21T01:18:09.483+0000] {dagbag.py:541} INFO - Filling up the DagBag from /opt/airflow/dags/1_first_dag.py
[2026-09-21T01:18:09.509+0000] {processor.py:809} INFO - DAG(s) dict_keys(['1-miprimerdag']) retrieved from /opt/airflow/dags/1_first_dag.py
[2026-09-21T01:18:09.563+0000] {logging_mixin.py:149} INFO - [2026-09-21T01:18:09.563+0000] {dag.py:2726} INFO - Sync 1 DAGs
[2026-09-21T01:18:09.603+0000] {logging_mixin.py:149} INFO - [2026-09-21T01:18:09.603+0000] {dag.py:3490} INFO - Setting next_dagrun for 1-miprimerdag to None, run_after=None
[2026-09-21T01:18:09.651+0000] {processor.py:178} INFO - Processing /opt/airflow/dags/1_first_dag.py took 0.184 seconds
[2026-09-21T01:18:39.873+0000] {processor.py:156} INFO - Started process (PID=4784) to work on /opt/airflow/dags/1_first_dag.py
[2026-09-21T01:18:39.876+0000] {processor.py:799} INFO - Processing file /opt/airflow/dags/1_first_dag.py for tasks to queue
[2026-09-21T01:18:39.879+0000] {logging_mixin.py:149} INFO - [2026-09-21T01:18:39.878+0000] {dagbag.py:541} INFO - Filling up the DagBag from /opt/airflow/dags/1_first_dag.py
[2026-09-21T01:18:39.915+0000] {processor.py:809} INFO - DAG(s) dict_keys(['1-miprimerdag']) retrieved from /opt/airflow/dags/1_first_dag.py
[2026-09-21T01:18:39.962+0000] {logging_mixin.py:149} INFO - [2026-09-21T01:18:39.962+0000] {dag.py:2726} INFO - Sync 1 DAGs
[2026-09-21T01:18:40.004+0000] {logging_mixin.py:149} INFO - [2026-09-21T01:18:40.004+0000] {dag.py:3490} INFO - Setting next_dagrun for 1-miprimerdag to None, run_after=None
[2026-09-21T01:18:40.045+0000] {processor.py:178} INFO - Processing /opt/airflow/dags/1_first_dag.py took 0.187 seconds
[2026-09-21T01:19:10.185+0000] {processor.py:156} INFO - Started process (PID=4794) to work on /opt/airflow/dags/1_first_dag.py
[2026-09-21T01:19:10.189+0000] {processor.py:799} INFO - Processing file /opt/airflow/dags/1_first_dag.py for tasks to queue
[2026-09-21T01:19:10.191+0000] {logging_mixin.py:149} INFO - [2026-09-21T01:19:10.190+0000] {dagbag.py:541} INFO - Filling up the DagBag from /opt/airflow/dags/1_first_dag.py
[2026-09-21T01:19:10.208+0000] {processor.py:809} INFO - DAG(s) dict_keys(['1-miprimerdag']) retrieved from /opt/airflow/dags/1_first_dag.py
[2026-09-21T01:19:10.262+0000] {logging_mixin.py:149} INFO - [2026-09-21T01:19:10.261+0000] {dag.py:2726} INFO - Sync 1 DAGs
[2026-09-21T01:19:10.317+0000] {logging_mixin.py:149} INFO - [2026-09-21T01:19:10.316+0000] {dag.py:3490} INFO - Setting next_dagrun for 1-miprimerdag to None, run_after=None
[2026-09-21T01:19:10.377+0000] {processor.py:178} INFO - Processing /opt/airflow/dags/1_first_dag.py took 0.214 seconds
[2026-09-21T01:19:40.618+0000] {processor.py:156} INFO - Started process (PID=4804) to work on /opt/airflow/dags/1_first_dag.py
[2026-09-21T01:19:40.620+0000] {processor.py:799} INFO - Processing file /opt/airflow/dags/1_first_dag.py for tasks to queue
[2026-09-21T01:19:40.621+0000] {logging_mixin.py:149} INFO - [2026-09-21T01:19:40.620+0000] {dagbag.py:541} INFO - Filling up the DagBag from /opt/airflow/dags/1_first_dag.py
[2026-09-21T01:19:40.642+0000] {processor.py:809} INFO - DAG(s) dict_keys(['1-miprimerdag']) retrieved from /opt/airflow/dags/1_first_dag.py
[2026-09-21T01:19:40.696+0000] {logging_mixin.py:149} INFO - [2026-09-21T01:19:40.696+0000] {dag.py:2726} INFO - Sync 1 DAGs
[2026-09-21T01:19:40.737+0000] {logging_mixin.py:149} INFO - [2026-09-21T01:19:40.737+0000] {dag.py:3490} INFO - Setting next_dagrun for 1-miprimerdag to None, run_after=None
[2026-09-21T01:19:40.773+0000] {processor.py:178} INFO - Processing /opt/airflow/dags/1_first_dag.py took 0.163 seconds
[2026-09-21T01:20:11.009+0000] {processor.py:156} INFO - Started process (PID=4814) to work on /opt/airflow/dags/1_first_dag.py
[2026-09-21T01:20:11.011+0000] {processor.py:799} INFO - Processing file /opt/airflow/dags/1_first_dag.py for tasks to queue
[2026-09-21T01:20:11.012+0000] {logging_mixin.py:149} INFO - [2026-09-21T01:20:11.012+0000] {dagbag.py:541} INFO - Filling up the DagBag from /opt/airflow/dags/1_first_dag.py
[2026-09-21T01:20:11.025+0000] {processor.py:809} INFO - DAG(s) dict_keys(['1-miprimerdag']) retrieved from /opt/airflow/dags/1_first_dag.py
[2026-09-21T01:20:11.065+0000] {logging_mixin.py:149} INFO - [2026-09-21T01:20:11.065+0000] {dag.py:2726} INFO - Sync 1 DAGs
[2026-09-21T01:20:11.099+0000] {logging_mixin.py:149} INFO - [2026-09-21T01:20:11.099+0000] {dag.py:3490} INFO - Setting next_dagrun for 1-miprimerdag to None, run_after=None
[2026-09-21T01:20:11.123+0000] {processor.py:178} INFO - Processing /opt/airflow/dags/1_first_dag.py took 0.121 seconds
[2026-09-21T01:20:41.269+0000] {processor.py:156} INFO - Started process (PID=4824) to work on /opt/airflow/dags/1_first_dag.py
[2026-09-21T01:20:41.272+0000] {processor.py:799} INFO - Processing file /opt/airflow/dags/1_first_dag.py for tasks to queue
[2026-09-21T01:20:41.273+0000] {logging_mixin.py:149} INFO - [2026-09-21T01:20:41.273+0000] {dagbag.py:541} INFO - Filling up the DagBag from /opt/airflow/dags/1_first_dag.py
[2026-09-21T01:20:41.295+0000] {processor.py:809} INFO - DAG(s) dict_keys(['1-miprimerdag']) retrieved from /opt/airflow/dags/1_first_dag.py
[2026-09-21T01:20:41.373+0000] {logging_mixin.py:149} INFO - [2026-09-21T01:20:41.373+0000] {dag.py:2726} INFO - Sync 1 DAGs
[2026-09-21T01:20:41.420+0000] {logging_mixin.py:149} INFO - [2026-09-21T01:20:41.420+0000] {dag.py:3490} INFO - Setting next_dagrun for 1-miprimerdag to None, run_after=None
[2026-09-21T01:20:41.463+0000] {processor.py:178} INFO - Processing /opt/airflow/dags/1_first_dag.py took 0.203 seconds
[2026-09-21T01:21:11.700+0000] {processor.py:156} INFO - Started process (PID=4834) to work on /opt/airflow/dags/1_first_dag.py
[2026-09-21T01:21:11.702+0000] {processor.py:799} INFO - Processing file /opt/airflow/dags/1_first_dag.py for tasks to queue
[2026-09-21T01:21:11.703+0000] {logging_mixin.py:149} INFO - [2026-09-21T01:21:11.703+0000] {dagbag.py:541} INFO - Filling up the DagBag from /opt/airflow/dags/1_first_dag.py
[2026-09-21T01:21:11.716+0000] {processor.py:809} INFO - DAG(s) dict_keys(['1-miprimerdag']) retrieved from /opt/airflow/dags/1_first_dag.py
[2026-09-21T01:21:11.765+0000] {logging_mixin.py:149} INFO - [2026-09-21T01:21:11.765+0000] {dag.py:2726} INFO - Sync 1 DAGs
[2026-09-21T01:21:11.798+0000] {logging_mixin.py:149} INFO - [2026-09-21T01:21:11.797+0000] {dag.py:3490} INFO - Setting next_dagrun for 1-miprimerdag to None, run_after=None
[2026-09-21T01:21:11.840+0000] {processor.py:178} INFO - Processing /opt/airflow/dags/1_first_dag.py took 0.145 seconds
[2026-09-21T01:21:42.628+0000] {processor.py:156} INFO - Started process (PID=4844) to work on /opt/airflow/dags/1_first_dag.py
[2026-09-21T01:21:42.634+0000] {processor.py:799} INFO - Processing file /opt/airflow/dags/1_first_dag.py for tasks to queue
[2026-09-21T01:21:42.636+0000] {logging_mixin.py:149} INFO - [2026-09-21T01:21:42.635+0000] {dagbag.py:541} INFO - Filling up the DagBag from /opt/airflow/dags/1_first_dag.py
[2026-09-21T01:21:42.652+0000] {processor.py:809} INFO - DAG(s) dict_keys(['1-miprimerdag']) retrieved from /opt/airflow/dags/1_first_dag.py
[2026-09-21T01:21:42.719+0000] {logging_mixin.py:149} INFO - [2026-09-21T01:21:42.718+0000] {dag.py:2726} INFO - Sync 1 DAGs
[2026-09-21T01:21:42.756+0000] {logging_mixin.py:149} INFO - [2026-09-21T01:21:42.756+0000] {dag.py:3490} INFO - Setting next_dagrun for 1-miprimerdag to None, run_after=None
[2026-09-21T01:21:42.789+0000] {processor.py:178} INFO - Processing /opt/airflow/dags/1_first_dag.py took 0.174 seconds
[2026-09-21T01:22:13.022+0000] {processor.py:156} INFO - Started process (PID=4854) to work on /opt/airflow/dags/1_first_dag.py
[2026-09-21T01:22:13.024+0000] {processor.py:799} INFO - Processing file /opt/airflow/dags/1_first_dag.py for tasks to queue
[2026-09-21T01:22:13.026+0000] {logging_mixin.py:149} INFO - [2026-09-21T01:22:13.024+0000] {dagbag.py:541} INFO - Filling up the DagBag from /opt/airflow/dags/1_first_dag.py
[2026-09-21T01:22:13.038+0000] {processor.py:809} INFO - DAG(s) dict_keys(['1-miprimerdag']) retrieved from /opt/airflow/dags/1_first_dag.py
[2026-09-21T01:22:13.083+0000] {logging_mixin.py:149} INFO - [2026-09-21T01:22:13.083+0000] {dag.py:2726} INFO - Sync 1 DAGs
[2026-09-21T01:22:13.125+0000] {logging_mixin.py:149} INFO - [2026-09-21T01:22:13.124+0000] {dag.py:3490} INFO - Setting next_dagrun for 1-miprimerdag to None, run_after=None
[2026-09-21T01:22:13.157+0000] {processor.py:178} INFO - Processing /opt/airflow/dags/1_first_dag.py took 0.140 seconds
[2026-09-21T01:22:43.894+0000] {processor.py:156} INFO - Started process (PID=4864) to work on /opt/airflow/dags/1_first_dag.py
[2026-09-21T01:22:43.895+0000] {processor.py:799} INFO - Processing file /opt/airflow/dags/1_first_dag.py for tasks to queue
[2026-09-21T01:22:43.897+0000] {logging_mixin.py:149} INFO - [2026-09-21T01:22:43.896+0000] {dagbag.py:541} INFO - Filling up the DagBag from /opt/airflow/dags/1_first_dag.py
[2026-09-21T01:22:43.913+0000] {processor.py:809} INFO - DAG(s) dict_keys(['1-miprimerdag']) retrieved from /opt/airflow/dags/1_first_dag.py
[2026-09-21T01:22:43.970+0000] {logging_mixin.py:149} INFO - [2026-09-21T01:22:43.970+0000] {dag.py:2726} INFO - Sync 1 DAGs
[2026-09-21T01:22:44.027+0000] {logging_mixin.py:149} INFO - [2026-09-21T01:22:44.025+0000] {dag.py:3490} INFO - Setting next_dagrun for 1-miprimerdag to None, run_after=None
[2026-09-21T01:22:44.066+0000] {processor.py:178} INFO - Processing /opt/airflow/dags/1_first_dag.py took 0.177 seconds
[2026-09-21T01:23:15.035+0000] {processor.py:156} INFO - Started process (PID=4874) to work on /opt/airflow/dags/1_first_dag.py
[2026-09-21T01:23:15.038+0000] {processor.py:799} INFO - Processing file /opt/airflow/dags/1_first_dag.py for tasks to queue
[2026-09-21T01:23:15.039+0000] {logging_mixin.py:149} INFO - [2026-09-21T01:23:15.039+0000] {dagbag.py:541} INFO - Filling up the DagBag from /opt/airflow/dags/1_first_dag.py
[2026-09-21T01:23:15.057+0000] {processor.py:809} INFO - DAG(s) dict_keys(['1-miprimerdag']) retrieved from /opt/airflow/dags/1_first_dag.py
[2026-09-21T01:23:15.120+0000] {logging_mixin.py:149} INFO - [2026-09-21T01:23:15.120+0000] {dag.py:2726} INFO - Sync 1 DAGs
[2026-09-21T01:23:15.168+0000] {logging_mixin.py:149} INFO - [2026-09-21T01:23:15.168+0000] {dag.py:3490} INFO - Setting next_dagrun for 1-miprimerdag to None, run_after=None
[2026-09-21T01:23:15.212+0000] {processor.py:178} INFO - Processing /opt/airflow/dags/1_first_dag.py took 0.184 seconds
[2026-09-21T01:23:45.307+0000] {processor.py:156} INFO - Started process (PID=4884) to work on /opt/airflow/dags/1_first_dag.py
[2026-09-21T01:23:45.308+0000] {processor.py:799} INFO - Processing file /opt/airflow/dags/1_first_dag.py for tasks to queue
[2026-09-21T01:23:45.310+0000] {logging_mixin.py:149} INFO - [2026-09-21T01:23:45.309+0000] {dagbag.py:541} INFO - Filling up the DagBag from /opt/airflow/dags/1_first_dag.py
[2026-09-21T01:23:45.326+0000] {processor.py:809} INFO - DAG(s) dict_keys(['1-miprimerdag']) retrieved from /opt/airflow/dags/1_first_dag.py
[2026-09-21T01:23:45.416+0000] {logging_mixin.py:149} INFO - [2026-09-21T01:23:45.415+0000] {dag.py:2726} INFO - Sync 1 DAGs
[2026-09-21T01:23:45.455+0000] {logging_mixin.py:149} INFO - [2026-09-21T01:23:45.454+0000] {dag.py:3490} INFO - Setting next_dagrun for 1-miprimerdag to None, run_after=None
[2026-09-21T01:23:45.483+0000] {processor.py:178} INFO - Processing /opt/airflow/dags/1_first_dag.py took 0.183 seconds
[2026-09-21T01:24:15.701+0000] {processor.py:156} INFO - Started process (PID=4894) to work on /opt/airflow/dags/1_first_dag.py
[2026-09-21T01:24:15.704+0000] {processor.py:799} INFO - Processing file /opt/airflow/dags/1_first_dag.py for tasks to queue
[2026-09-21T01:24:15.706+0000] {logging_mixin.py:149} INFO - [2026-09-21T01:24:15.705+0000] {dagbag.py:541} INFO - Filling up the DagBag from /opt/airflow/dags/1_first_dag.py
[2026-09-21T01:24:15.721+0000] {processor.py:809} INFO - DAG(s) dict_keys(['1-miprimerdag']) retrieved from /opt/airflow/dags/1_first_dag.py
[2026-09-21T01:24:15.785+0000] {logging_mixin.py:149} INFO - [2026-09-21T01:24:15.784+0000] {dag.py:2726} INFO - Sync 1 DAGs
[2026-09-21T01:24:15.830+0000] {logging_mixin.py:149} INFO - [2026-09-21T01:24:15.830+0000] {dag.py:3490} INFO - Setting next_dagrun for 1-miprimerdag to None, run_after=None
[2026-09-21T01:24:15.880+0000] {processor.py:178} INFO - Processing /opt/airflow/dags/1_first_dag.py took 0.188 seconds
[2026-09-21T01:24:45.956+0000] {processor.py:156} INFO - Started process (PID=4904) to work on /opt/airflow/dags/1_first_dag.py
[2026-09-21T01:24:45.958+0000] {processor.py:799} INFO - Processing file /opt/airflow/dags/1_first_dag.py for tasks to queue
[2026-09-21T01:24:45.959+0000] {logging_mixin.py:149} INFO - [2026-09-21T01:24:45.959+0000] {dagbag.py:541} INFO - Filling up the DagBag from /opt/airflow/dags/1_first_dag.py
[2026-09-21T01:24:45.977+0000] {processor.py:809} INFO - DAG(s) dict_keys(['1-miprimerdag']) retrieved from /opt/airflow/dags/1_first_dag.py
[2026-09-21T01:24:46.022+0000] {logging_mixin.py:149} INFO - [2026-09-21T01:24:46.022+0000] {dag.py:2726} INFO - Sync 1 DAGs
[2026-09-21T01:24:46.064+0000] {logging_mixin.py:149} INFO - [2026-09-21T01:24:46.064+0000] {dag.py:3490} INFO - Setting next_dagrun for 1-miprimerdag to None, run_after=None
[2026-09-21T01:24:46.090+0000] {processor.py:178} INFO - Processing /opt/airflow/dags/1_first_dag.py took 0.139 seconds
[2026-09-21T01:25:16.808+0000] {processor.py:156} INFO - Started process (PID=4914) to work on /opt/airflow/dags/1_first_dag.py
[2026-09-21T01:25:16.826+0000] {processor.py:799} INFO - Processing file /opt/airflow/dags/1_first_dag.py for tasks to queue
[2026-09-21T01:25:16.827+0000] {logging_mixin.py:149} INFO - [2026-09-21T01:25:16.827+0000] {dagbag.py:541} INFO - Filling up the DagBag from /opt/airflow/dags/1_first_dag.py
[2026-09-21T01:25:16.839+0000] {processor.py:809} INFO - DAG(s) dict_keys(['1-miprimerdag']) retrieved from /opt/airflow/dags/1_first_dag.py
[2026-09-21T01:25:16.911+0000] {logging_mixin.py:149} INFO - [2026-09-21T01:25:16.910+0000] {dag.py:2726} INFO - Sync 1 DAGs
[2026-09-21T01:25:16.973+0000] {logging_mixin.py:149} INFO - [2026-09-21T01:25:16.973+0000] {dag.py:3490} INFO - Setting next_dagrun for 1-miprimerdag to None, run_after=None
[2026-09-21T01:25:17.009+0000] {processor.py:178} INFO - Processing /opt/airflow/dags/1_first_dag.py took 0.207 seconds
[2026-09-21T01:25:47.237+0000] {processor.py:156} INFO - Started process (PID=4924) to work on /opt/airflow/dags/1_first_dag.py
[2026-09-21T01:25:47.239+0000] {processor.py:799} INFO - Processing file /opt/airflow/dags/1_first_dag.py for tasks to queue
[2026-09-21T01:25:47.240+0000] {logging_mixin.py:149} INFO - [2026-09-21T01:25:47.240+0000] {dagbag.py:541} INFO - Filling up the DagBag from /opt/airflow/dags/1_first_dag.py
[2026-09-21T01:25:47.265+0000] {processor.py:809} INFO - DAG(s) dict_keys(['1-miprimerdag']) retrieved from /opt/airflow/dags/1_first_dag.py
[2026-09-21T01:25:47.335+0000] {logging_mixin.py:149} INFO - [2026-09-21T01:25:47.335+0000] {dag.py:2726} INFO - Sync 1 DAGs
[2026-09-21T01:25:47.381+0000] {logging_mixin.py:149} INFO - [2026-09-21T01:25:47.380+0000] {dag.py:3490} INFO - Setting next_dagrun for 1-miprimerdag to None, run_after=None
[2026-09-21T01:25:47.431+0000] {processor.py:178} INFO - Processing /opt/airflow/dags/1_first_dag.py took 0.199 seconds
[2026-09-21T01:26:17.678+0000] {processor.py:156} INFO - Started process (PID=4934) to work on /opt/airflow/dags/1_first_dag.py
[2026-09-21T01:26:17.680+0000] {processor.py:799} INFO - Processing file /opt/airflow/dags/1_first_dag.py for tasks to queue
[2026-09-21T01:26:17.681+0000] {logging_mixin.py:149} INFO - [2026-09-21T01:26:17.681+0000] {dagbag.py:541} INFO - Filling up the DagBag from /opt/airflow/dags/1_first_dag.py
[2026-09-21T01:26:17.698+0000] {processor.py:809} INFO - DAG(s) dict_keys(['1-miprimerdag']) retrieved from /opt/airflow/dags/1_first_dag.py
[2026-09-21T01:26:17.753+0000] {logging_mixin.py:149} INFO - [2026-09-21T01:26:17.753+0000] {dag.py:2726} INFO - Sync 1 DAGs
[2026-09-21T01:26:17.799+0000] {logging_mixin.py:149} INFO - [2026-09-21T01:26:17.799+0000] {dag.py:3490} INFO - Setting next_dagrun for 1-miprimerdag to None, run_after=None
[2026-09-21T01:26:17.854+0000] {processor.py:178} INFO - Processing /opt/airflow/dags/1_first_dag.py took 0.182 seconds
[2026-09-21T01:26:48.131+0000] {processor.py:156} INFO - Started process (PID=4944) to work on /opt/airflow/dags/1_first_dag.py
[2026-09-21T01:26:48.132+0000] {processor.py:799} INFO - Processing file /opt/airflow/dags/1_first_dag.py for tasks to queue
[2026-09-21T01:26:48.139+0000] {logging_mixin.py:149} INFO - [2026-09-21T01:26:48.139+0000] {dagbag.py:541} INFO - Filling up the DagBag from /opt/airflow/dags/1_first_dag.py
[2026-09-21T01:26:48.156+0000] {processor.py:809} INFO - DAG(s) dict_keys(['1-miprimerdag']) retrieved from /opt/airflow/dags/1_first_dag.py
[2026-09-21T01:26:48.220+0000] {logging_mixin.py:149} INFO - [2026-09-21T01:26:48.220+0000] {dag.py:2726} INFO - Sync 1 DAGs
[2026-09-21T01:26:48.269+0000] {logging_mixin.py:149} INFO - [2026-09-21T01:26:48.269+0000] {dag.py:3490} INFO - Setting next_dagrun for 1-miprimerdag to None, run_after=None
[2026-09-21T01:26:48.304+0000] {processor.py:178} INFO - Processing /opt/airflow/dags/1_first_dag.py took 0.178 seconds
[2026-09-21T01:27:19.127+0000] {processor.py:156} INFO - Started process (PID=4954) to work on /opt/airflow/dags/1_first_dag.py
[2026-09-21T01:27:19.133+0000] {processor.py:799} INFO - Processing file /opt/airflow/dags/1_first_dag.py for tasks to queue
[2026-09-21T01:27:19.134+0000] {logging_mixin.py:149} INFO - [2026-09-21T01:27:19.134+0000] {dagbag.py:541} INFO - Filling up the DagBag from /opt/airflow/dags/1_first_dag.py
[2026-09-21T01:27:19.150+0000] {processor.py:809} INFO - DAG(s) dict_keys(['1-miprimerdag']) retrieved from /opt/airflow/dags/1_first_dag.py
[2026-09-21T01:27:19.205+0000] {logging_mixin.py:149} INFO - [2026-09-21T01:27:19.204+0000] {dag.py:2726} INFO - Sync 1 DAGs
[2026-09-21T01:27:19.250+0000] {logging_mixin.py:149} INFO - [2026-09-21T01:27:19.250+0000] {dag.py:3490} INFO - Setting next_dagrun for 1-miprimerdag to None, run_after=None
[2026-09-21T01:27:19.304+0000] {processor.py:178} INFO - Processing /opt/airflow/dags/1_first_dag.py took 0.183 seconds
[2026-09-21T01:27:49.596+0000] {processor.py:156} INFO - Started process (PID=4964) to work on /opt/airflow/dags/1_first_dag.py
[2026-09-21T01:27:49.600+0000] {processor.py:799} INFO - Processing file /opt/airflow/dags/1_first_dag.py for tasks to queue
[2026-09-21T01:27:49.601+0000] {logging_mixin.py:149} INFO - [2026-09-21T01:27:49.600+0000] {dagbag.py:541} INFO - Filling up the DagBag from /opt/airflow/dags/1_first_dag.py
[2026-09-21T01:27:49.618+0000] {processor.py:809} INFO - DAG(s) dict_keys(['1-miprimerdag']) retrieved from /opt/airflow/dags/1_first_dag.py
[2026-09-21T01:27:49.665+0000] {logging_mixin.py:149} INFO - [2026-09-21T01:27:49.665+0000] {dag.py:2726} INFO - Sync 1 DAGs
[2026-09-21T01:27:49.726+0000] {logging_mixin.py:149} INFO - [2026-09-21T01:27:49.726+0000] {dag.py:3490} INFO - Setting next_dagrun for 1-miprimerdag to None, run_after=None
[2026-09-21T01:27:49.769+0000] {processor.py:178} INFO - Processing /opt/airflow/dags/1_first_dag.py took 0.179 seconds
[2026-09-21T01:28:20.735+0000] {processor.py:156} INFO - Started process (PID=4974) to work on /opt/airflow/dags/1_first_dag.py
[2026-09-21T01:28:20.738+0000] {processor.py:799} INFO - Processing file /opt/airflow/dags/1_first_dag.py for tasks to queue
[2026-09-21T01:28:20.740+0000] {logging_mixin.py:149} INFO - [2026-09-21T01:28:20.740+0000] {dagbag.py:541} INFO - Filling up the DagBag from /opt/airflow/dags/1_first_dag.py
[2026-09-21T01:28:20.759+0000] {processor.py:809} INFO - DAG(s) dict_keys(['1-miprimerdag']) retrieved from /opt/airflow/dags/1_first_dag.py
[2026-09-21T01:28:20.809+0000] {logging_mixin.py:149} INFO - [2026-09-21T01:28:20.809+0000] {dag.py:2726} INFO - Sync 1 DAGs
[2026-09-21T01:28:20.855+0000] {logging_mixin.py:149} INFO - [2026-09-21T01:28:20.855+0000] {dag.py:3490} INFO - Setting next_dagrun for 1-miprimerdag to None, run_after=None
[2026-09-21T01:28:20.888+0000] {processor.py:178} INFO - Processing /opt/airflow/dags/1_first_dag.py took 0.161 seconds
[2026-09-21T01:28:51.125+0000] {processor.py:156} INFO - Started process (PID=4984) to work on /opt/airflow/dags/1_first_dag.py
[2026-09-21T01:28:51.126+0000] {processor.py:799} INFO - Processing file /opt/airflow/dags/1_first_dag.py for tasks to queue
[2026-09-21T01:28:51.128+0000] {logging_mixin.py:149} INFO - [2026-09-21T01:28:51.127+0000] {dagbag.py:541} INFO - Filling up the DagBag from /opt/airflow/dags/1_first_dag.py
[2026-09-21T01:28:51.147+0000] {processor.py:809} INFO - DAG(s) dict_keys(['1-miprimerdag']) retrieved from /opt/airflow/dags/1_first_dag.py
[2026-09-21T01:28:51.199+0000] {logging_mixin.py:149} INFO - [2026-09-21T01:28:51.199+0000] {dag.py:2726} INFO - Sync 1 DAGs
[2026-09-21T01:28:51.237+0000] {logging_mixin.py:149} INFO - [2026-09-21T01:28:51.237+0000] {dag.py:3490} INFO - Setting next_dagrun for 1-miprimerdag to None, run_after=None
[2026-09-21T01:28:51.284+0000] {processor.py:178} INFO - Processing /opt/airflow/dags/1_first_dag.py took 0.165 seconds
[2026-09-21T01:29:21.557+0000] {processor.py:156} INFO - Started process (PID=4994) to work on /opt/airflow/dags/1_first_dag.py
[2026-09-21T01:29:21.564+0000] {processor.py:799} INFO - Processing file /opt/airflow/dags/1_first_dag.py for tasks to queue
[2026-09-21T01:29:21.565+0000] {logging_mixin.py:149} INFO - [2026-09-21T01:29:21.565+0000] {dagbag.py:541} INFO - Filling up the DagBag from /opt/airflow/dags/1_first_dag.py
[2026-09-21T01:29:21.600+0000] {processor.py:809} INFO - DAG(s) dict_keys(['1-miprimerdag']) retrieved from /opt/airflow/dags/1_first_dag.py
[2026-09-21T01:29:21.665+0000] {logging_mixin.py:149} INFO - [2026-09-21T01:29:21.665+0000] {dag.py:2726} INFO - Sync 1 DAGs
[2026-09-21T01:29:21.708+0000] {logging_mixin.py:149} INFO - [2026-09-21T01:29:21.707+0000] {dag.py:3490} INFO - Setting next_dagrun for 1-miprimerdag to None, run_after=None
[2026-09-21T01:29:21.740+0000] {processor.py:178} INFO - Processing /opt/airflow/dags/1_first_dag.py took 0.194 seconds
[2026-09-21T01:29:51.871+0000] {processor.py:156} INFO - Started process (PID=5004) to work on /opt/airflow/dags/1_first_dag.py
[2026-09-21T01:29:51.872+0000] {processor.py:799} INFO - Processing file /opt/airflow/dags/1_first_dag.py for tasks to queue
[2026-09-21T01:29:51.873+0000] {logging_mixin.py:149} INFO - [2026-09-21T01:29:51.873+0000] {dagbag.py:541} INFO - Filling up the DagBag from /opt/airflow/dags/1_first_dag.py
[2026-09-21T01:29:51.895+0000] {processor.py:809} INFO - DAG(s) dict_keys(['1-miprimerdag']) retrieved from /opt/airflow/dags/1_first_dag.py
[2026-09-21T01:29:51.955+0000] {logging_mixin.py:149} INFO - [2026-09-21T01:29:51.955+0000] {dag.py:2726} INFO - Sync 1 DAGs
[2026-09-21T01:29:52.016+0000] {logging_mixin.py:149} INFO - [2026-09-21T01:29:52.016+0000] {dag.py:3490} INFO - Setting next_dagrun for 1-miprimerdag to None, run_after=None
[2026-09-21T01:29:52.063+0000] {processor.py:178} INFO - Processing /opt/airflow/dags/1_first_dag.py took 0.205 seconds
[2026-09-21T01:30:22.192+0000] {processor.py:156} INFO - Started process (PID=5014) to work on /opt/airflow/dags/1_first_dag.py
[2026-09-21T01:30:22.195+0000] {processor.py:799} INFO - Processing file /opt/airflow/dags/1_first_dag.py for tasks to queue
[2026-09-21T01:30:22.198+0000] {logging_mixin.py:149} INFO - [2026-09-21T01:30:22.197+0000] {dagbag.py:541} INFO - Filling up the DagBag from /opt/airflow/dags/1_first_dag.py
[2026-09-21T01:30:22.228+0000] {processor.py:809} INFO - DAG(s) dict_keys(['1-miprimerdag']) retrieved from /opt/airflow/dags/1_first_dag.py
[2026-09-21T01:30:22.291+0000] {logging_mixin.py:149} INFO - [2026-09-21T01:30:22.291+0000] {dag.py:2726} INFO - Sync 1 DAGs
[2026-09-21T01:30:22.349+0000] {logging_mixin.py:149} INFO - [2026-09-21T01:30:22.348+0000] {dag.py:3490} INFO - Setting next_dagrun for 1-miprimerdag to None, run_after=None
[2026-09-21T01:30:22.409+0000] {processor.py:178} INFO - Processing /opt/airflow/dags/1_first_dag.py took 0.234 seconds
[2026-09-21T01:30:53.133+0000] {processor.py:156} INFO - Started process (PID=5024) to work on /opt/airflow/dags/1_first_dag.py
[2026-09-21T01:30:53.135+0000] {processor.py:799} INFO - Processing file /opt/airflow/dags/1_first_dag.py for tasks to queue
[2026-09-21T01:30:53.136+0000] {logging_mixin.py:149} INFO - [2026-09-21T01:30:53.136+0000] {dagbag.py:541} INFO - Filling up the DagBag from /opt/airflow/dags/1_first_dag.py
[2026-09-21T01:30:53.154+0000] {processor.py:809} INFO - DAG(s) dict_keys(['1-miprimerdag']) retrieved from /opt/airflow/dags/1_first_dag.py
[2026-09-21T01:30:53.247+0000] {logging_mixin.py:149} INFO - [2026-09-21T01:30:53.247+0000] {dag.py:2726} INFO - Sync 1 DAGs
[2026-09-21T01:30:53.295+0000] {logging_mixin.py:149} INFO - [2026-09-21T01:30:53.294+0000] {dag.py:3490} INFO - Setting next_dagrun for 1-miprimerdag to None, run_after=None
[2026-09-21T01:30:53.330+0000] {processor.py:178} INFO - Processing /opt/airflow/dags/1_first_dag.py took 0.205 seconds
[2026-09-21T01:31:23.554+0000] {processor.py:156} INFO - Started process (PID=5034) to work on /opt/airflow/dags/1_first_dag.py
[2026-09-21T01:31:23.557+0000] {processor.py:799} INFO - Processing file /opt/airflow/dags/1_first_dag.py for tasks to queue
[2026-09-21T01:31:23.560+0000] {logging_mixin.py:149} INFO - [2026-09-21T01:31:23.559+0000] {dagbag.py:541} INFO - Filling up the DagBag from /opt/airflow/dags/1_first_dag.py
[2026-09-21T01:31:23.577+0000] {processor.py:809} INFO - DAG(s) dict_keys(['1-miprimerdag']) retrieved from /opt/airflow/dags/1_first_dag.py
[2026-09-21T01:31:23.636+0000] {logging_mixin.py:149} INFO - [2026-09-21T01:31:23.636+0000] {dag.py:2726} INFO - Sync 1 DAGs
[2026-09-21T01:31:23.675+0000] {logging_mixin.py:149} INFO - [2026-09-21T01:31:23.674+0000] {dag.py:3490} INFO - Setting next_dagrun for 1-miprimerdag to None, run_after=None
[2026-09-21T01:31:23.713+0000] {processor.py:178} INFO - Processing /opt/airflow/dags/1_first_dag.py took 0.170 seconds
[2026-09-21T01:31:54.059+0000] {processor.py:156} INFO - Started process (PID=5045) to work on /opt/airflow/dags/1_first_dag.py
[2026-09-21T01:31:54.065+0000] {processor.py:799} INFO - Processing file /opt/airflow/dags/1_first_dag.py for tasks to queue
[2026-09-21T01:31:54.066+0000] {logging_mixin.py:149} INFO - [2026-09-21T01:31:54.066+0000] {dagbag.py:541} INFO - Filling up the DagBag from /opt/airflow/dags/1_first_dag.py
[2026-09-21T01:31:54.109+0000] {processor.py:809} INFO - DAG(s) dict_keys(['1-miprimerdag']) retrieved from /opt/airflow/dags/1_first_dag.py
[2026-09-21T01:31:54.197+0000] {logging_mixin.py:149} INFO - [2026-09-21T01:31:54.197+0000] {dag.py:2726} INFO - Sync 1 DAGs
[2026-09-21T01:31:54.263+0000] {logging_mixin.py:149} INFO - [2026-09-21T01:31:54.262+0000] {dag.py:3490} INFO - Setting next_dagrun for 1-miprimerdag to None, run_after=None
[2026-09-21T01:31:54.292+0000] {processor.py:178} INFO - Processing /opt/airflow/dags/1_first_dag.py took 0.274 seconds
[2026-09-21T01:32:24.396+0000] {processor.py:156} INFO - Started process (PID=5055) to work on /opt/airflow/dags/1_first_dag.py
[2026-09-21T01:32:24.401+0000] {processor.py:799} INFO - Processing file /opt/airflow/dags/1_first_dag.py for tasks to queue
[2026-09-21T01:32:24.405+0000] {logging_mixin.py:149} INFO - [2026-09-21T01:32:24.404+0000] {dagbag.py:541} INFO - Filling up the DagBag from /opt/airflow/dags/1_first_dag.py
[2026-09-21T01:32:24.437+0000] {processor.py:809} INFO - DAG(s) dict_keys(['1-miprimerdag']) retrieved from /opt/airflow/dags/1_first_dag.py
[2026-09-21T01:32:24.495+0000] {logging_mixin.py:149} INFO - [2026-09-21T01:32:24.495+0000] {dag.py:2726} INFO - Sync 1 DAGs
[2026-09-21T01:32:24.533+0000] {logging_mixin.py:149} INFO - [2026-09-21T01:32:24.533+0000] {dag.py:3490} INFO - Setting next_dagrun for 1-miprimerdag to None, run_after=None
[2026-09-21T01:32:24.595+0000] {processor.py:178} INFO - Processing /opt/airflow/dags/1_first_dag.py took 0.208 seconds
[2026-09-21T01:32:54.644+0000] {processor.py:156} INFO - Started process (PID=5065) to work on /opt/airflow/dags/1_first_dag.py
[2026-09-21T01:32:54.647+0000] {processor.py:799} INFO - Processing file /opt/airflow/dags/1_first_dag.py for tasks to queue
[2026-09-21T01:32:54.648+0000] {logging_mixin.py:149} INFO - [2026-09-21T01:32:54.647+0000] {dagbag.py:541} INFO - Filling up the DagBag from /opt/airflow/dags/1_first_dag.py
[2026-09-21T01:32:54.667+0000] {processor.py:809} INFO - DAG(s) dict_keys(['1-miprimerdag']) retrieved from /opt/airflow/dags/1_first_dag.py
[2026-09-21T01:32:54.793+0000] {logging_mixin.py:149} INFO - [2026-09-21T01:32:54.793+0000] {dag.py:2726} INFO - Sync 1 DAGs
[2026-09-21T01:32:54.869+0000] {logging_mixin.py:149} INFO - [2026-09-21T01:32:54.869+0000] {dag.py:3490} INFO - Setting next_dagrun for 1-miprimerdag to None, run_after=None
[2026-09-21T01:32:54.901+0000] {processor.py:178} INFO - Processing /opt/airflow/dags/1_first_dag.py took 0.263 seconds
[2026-09-21T01:33:25.825+0000] {processor.py:156} INFO - Started process (PID=5075) to work on /opt/airflow/dags/1_first_dag.py
[2026-09-21T01:33:25.828+0000] {processor.py:799} INFO - Processing file /opt/airflow/dags/1_first_dag.py for tasks to queue
[2026-09-21T01:33:25.829+0000] {logging_mixin.py:149} INFO - [2026-09-21T01:33:25.829+0000] {dagbag.py:541} INFO - Filling up the DagBag from /opt/airflow/dags/1_first_dag.py
[2026-09-21T01:33:25.848+0000] {processor.py:809} INFO - DAG(s) dict_keys(['1-miprimerdag']) retrieved from /opt/airflow/dags/1_first_dag.py
[2026-09-21T01:33:25.925+0000] {logging_mixin.py:149} INFO - [2026-09-21T01:33:25.925+0000] {dag.py:2726} INFO - Sync 1 DAGs
[2026-09-21T01:33:26.001+0000] {logging_mixin.py:149} INFO - [2026-09-21T01:33:26.001+0000] {dag.py:3490} INFO - Setting next_dagrun for 1-miprimerdag to None, run_after=None
[2026-09-21T01:33:26.035+0000] {processor.py:178} INFO - Processing /opt/airflow/dags/1_first_dag.py took 0.231 seconds
[2026-09-21T01:33:56.218+0000] {processor.py:156} INFO - Started process (PID=5085) to work on /opt/airflow/dags/1_first_dag.py
[2026-09-21T01:33:56.220+0000] {processor.py:799} INFO - Processing file /opt/airflow/dags/1_first_dag.py for tasks to queue
[2026-09-21T01:33:56.221+0000] {logging_mixin.py:149} INFO - [2026-09-21T01:33:56.221+0000] {dagbag.py:541} INFO - Filling up the DagBag from /opt/airflow/dags/1_first_dag.py
[2026-09-21T01:33:56.243+0000] {processor.py:809} INFO - DAG(s) dict_keys(['1-miprimerdag']) retrieved from /opt/airflow/dags/1_first_dag.py
[2026-09-21T01:33:56.311+0000] {logging_mixin.py:149} INFO - [2026-09-21T01:33:56.310+0000] {dag.py:2726} INFO - Sync 1 DAGs
[2026-09-21T01:33:56.350+0000] {logging_mixin.py:149} INFO - [2026-09-21T01:33:56.350+0000] {dag.py:3490} INFO - Setting next_dagrun for 1-miprimerdag to None, run_after=None
[2026-09-21T01:33:56.377+0000] {processor.py:178} INFO - Processing /opt/airflow/dags/1_first_dag.py took 0.166 seconds
[2026-09-21T01:34:26.464+0000] {processor.py:156} INFO - Started process (PID=5095) to work on /opt/airflow/dags/1_first_dag.py
[2026-09-21T01:34:26.466+0000] {processor.py:799} INFO - Processing file /opt/airflow/dags/1_first_dag.py for tasks to queue
[2026-09-21T01:34:26.467+0000] {logging_mixin.py:149} INFO - [2026-09-21T01:34:26.467+0000] {dagbag.py:541} INFO - Filling up the DagBag from /opt/airflow/dags/1_first_dag.py
[2026-09-21T01:34:26.485+0000] {processor.py:809} INFO - DAG(s) dict_keys(['1-miprimerdag']) retrieved from /opt/airflow/dags/1_first_dag.py
[2026-09-21T01:34:26.565+0000] {logging_mixin.py:149} INFO - [2026-09-21T01:34:26.564+0000] {dag.py:2726} INFO - Sync 1 DAGs
[2026-09-21T01:34:26.628+0000] {logging_mixin.py:149} INFO - [2026-09-21T01:34:26.628+0000] {dag.py:3490} INFO - Setting next_dagrun for 1-miprimerdag to None, run_after=None
[2026-09-21T01:34:26.674+0000] {processor.py:178} INFO - Processing /opt/airflow/dags/1_first_dag.py took 0.217 seconds
[2026-09-21T01:34:56.770+0000] {processor.py:156} INFO - Started process (PID=5105) to work on /opt/airflow/dags/1_first_dag.py
[2026-09-21T01:34:56.771+0000] {processor.py:799} INFO - Processing file /opt/airflow/dags/1_first_dag.py for tasks to queue
[2026-09-21T01:34:56.773+0000] {logging_mixin.py:149} INFO - [2026-09-21T01:34:56.772+0000] {dagbag.py:541} INFO - Filling up the DagBag from /opt/airflow/dags/1_first_dag.py
[2026-09-21T01:34:56.789+0000] {processor.py:809} INFO - DAG(s) dict_keys(['1-miprimerdag']) retrieved from /opt/airflow/dags/1_first_dag.py
[2026-09-21T01:34:56.854+0000] {logging_mixin.py:149} INFO - [2026-09-21T01:34:56.854+0000] {dag.py:2726} INFO - Sync 1 DAGs
[2026-09-21T01:34:56.953+0000] {logging_mixin.py:149} INFO - [2026-09-21T01:34:56.953+0000] {dag.py:3490} INFO - Setting next_dagrun for 1-miprimerdag to None, run_after=None
[2026-09-21T01:34:57.025+0000] {processor.py:178} INFO - Processing /opt/airflow/dags/1_first_dag.py took 0.261 seconds
[2026-09-21T01:35:27.137+0000] {processor.py:156} INFO - Started process (PID=5115) to work on /opt/airflow/dags/1_first_dag.py
[2026-09-21T01:35:27.140+0000] {processor.py:799} INFO - Processing file /opt/airflow/dags/1_first_dag.py for tasks to queue
[2026-09-21T01:35:27.141+0000] {logging_mixin.py:149} INFO - [2026-09-21T01:35:27.141+0000] {dagbag.py:541} INFO - Filling up the DagBag from /opt/airflow/dags/1_first_dag.py
[2026-09-21T01:35:27.157+0000] {processor.py:809} INFO - DAG(s) dict_keys(['1-miprimerdag']) retrieved from /opt/airflow/dags/1_first_dag.py
[2026-09-21T01:35:27.249+0000] {logging_mixin.py:149} INFO - [2026-09-21T01:35:27.248+0000] {dag.py:2726} INFO - Sync 1 DAGs
[2026-09-21T01:35:27.305+0000] {logging_mixin.py:149} INFO - [2026-09-21T01:35:27.305+0000] {dag.py:3490} INFO - Setting next_dagrun for 1-miprimerdag to None, run_after=None
[2026-09-21T01:35:27.353+0000] {processor.py:178} INFO - Processing /opt/airflow/dags/1_first_dag.py took 0.223 seconds
[2026-09-21T01:35:57.451+0000] {processor.py:156} INFO - Started process (PID=5125) to work on /opt/airflow/dags/1_first_dag.py
[2026-09-21T01:35:57.459+0000] {processor.py:799} INFO - Processing file /opt/airflow/dags/1_first_dag.py for tasks to queue
[2026-09-21T01:35:57.460+0000] {logging_mixin.py:149} INFO - [2026-09-21T01:35:57.460+0000] {dagbag.py:541} INFO - Filling up the DagBag from /opt/airflow/dags/1_first_dag.py
[2026-09-21T01:35:57.517+0000] {processor.py:809} INFO - DAG(s) dict_keys(['1-miprimerdag']) retrieved from /opt/airflow/dags/1_first_dag.py
[2026-09-21T01:35:57.601+0000] {logging_mixin.py:149} INFO - [2026-09-21T01:35:57.600+0000] {dag.py:2726} INFO - Sync 1 DAGs
[2026-09-21T01:35:57.694+0000] {logging_mixin.py:149} INFO - [2026-09-21T01:35:57.693+0000] {dag.py:3490} INFO - Setting next_dagrun for 1-miprimerdag to None, run_after=None
[2026-09-21T01:35:57.735+0000] {processor.py:178} INFO - Processing /opt/airflow/dags/1_first_dag.py took 0.304 seconds
[2026-09-21T01:36:28.081+0000] {processor.py:156} INFO - Started process (PID=5135) to work on /opt/airflow/dags/1_first_dag.py
[2026-09-21T01:36:28.083+0000] {processor.py:799} INFO - Processing file /opt/airflow/dags/1_first_dag.py for tasks to queue
[2026-09-21T01:36:28.085+0000] {logging_mixin.py:149} INFO - [2026-09-21T01:36:28.085+0000] {dagbag.py:541} INFO - Filling up the DagBag from /opt/airflow/dags/1_first_dag.py
[2026-09-21T01:36:28.105+0000] {processor.py:809} INFO - DAG(s) dict_keys(['1-miprimerdag']) retrieved from /opt/airflow/dags/1_first_dag.py
[2026-09-21T01:36:28.163+0000] {logging_mixin.py:149} INFO - [2026-09-21T01:36:28.162+0000] {dag.py:2726} INFO - Sync 1 DAGs
[2026-09-21T01:36:28.202+0000] {logging_mixin.py:149} INFO - [2026-09-21T01:36:28.201+0000] {dag.py:3490} INFO - Setting next_dagrun for 1-miprimerdag to None, run_after=None
[2026-09-21T01:36:28.257+0000] {processor.py:178} INFO - Processing /opt/airflow/dags/1_first_dag.py took 0.188 seconds
[2026-09-21T01:36:58.323+0000] {processor.py:156} INFO - Started process (PID=5144) to work on /opt/airflow/dags/1_first_dag.py
[2026-09-21T01:36:58.325+0000] {processor.py:799} INFO - Processing file /opt/airflow/dags/1_first_dag.py for tasks to queue
[2026-09-21T01:36:58.326+0000] {logging_mixin.py:149} INFO - [2026-09-21T01:36:58.326+0000] {dagbag.py:541} INFO - Filling up the DagBag from /opt/airflow/dags/1_first_dag.py
[2026-09-21T01:36:58.341+0000] {processor.py:809} INFO - DAG(s) dict_keys(['1-miprimerdag']) retrieved from /opt/airflow/dags/1_first_dag.py
[2026-09-21T01:36:58.387+0000] {logging_mixin.py:149} INFO - [2026-09-21T01:36:58.386+0000] {dag.py:2726} INFO - Sync 1 DAGs
[2026-09-21T01:36:58.424+0000] {logging_mixin.py:149} INFO - [2026-09-21T01:36:58.424+0000] {dag.py:3490} INFO - Setting next_dagrun for 1-miprimerdag to None, run_after=None
[2026-09-21T01:36:58.454+0000] {processor.py:178} INFO - Processing /opt/airflow/dags/1_first_dag.py took 0.136 seconds
[2026-09-21T01:37:28.613+0000] {processor.py:156} INFO - Started process (PID=5154) to work on /opt/airflow/dags/1_first_dag.py
[2026-09-21T01:37:28.617+0000] {processor.py:799} INFO - Processing file /opt/airflow/dags/1_first_dag.py for tasks to queue
[2026-09-21T01:37:28.619+0000] {logging_mixin.py:149} INFO - [2026-09-21T01:37:28.618+0000] {dagbag.py:541} INFO - Filling up the DagBag from /opt/airflow/dags/1_first_dag.py
[2026-09-21T01:37:28.636+0000] {processor.py:809} INFO - DAG(s) dict_keys(['1-miprimerdag']) retrieved from /opt/airflow/dags/1_first_dag.py
[2026-09-21T01:37:28.691+0000] {logging_mixin.py:149} INFO - [2026-09-21T01:37:28.691+0000] {dag.py:2726} INFO - Sync 1 DAGs
[2026-09-21T01:37:28.732+0000] {logging_mixin.py:149} INFO - [2026-09-21T01:37:28.732+0000] {dag.py:3490} INFO - Setting next_dagrun for 1-miprimerdag to None, run_after=None
[2026-09-21T01:37:28.765+0000] {processor.py:178} INFO - Processing /opt/airflow/dags/1_first_dag.py took 0.158 seconds
[2026-09-21T01:37:58.980+0000] {processor.py:156} INFO - Started process (PID=5164) to work on /opt/airflow/dags/1_first_dag.py
[2026-09-21T01:37:58.981+0000] {processor.py:799} INFO - Processing file /opt/airflow/dags/1_first_dag.py for tasks to queue
[2026-09-21T01:37:58.983+0000] {logging_mixin.py:149} INFO - [2026-09-21T01:37:58.982+0000] {dagbag.py:541} INFO - Filling up the DagBag from /opt/airflow/dags/1_first_dag.py
[2026-09-21T01:37:58.999+0000] {processor.py:809} INFO - DAG(s) dict_keys(['1-miprimerdag']) retrieved from /opt/airflow/dags/1_first_dag.py
[2026-09-21T01:37:59.047+0000] {logging_mixin.py:149} INFO - [2026-09-21T01:37:59.046+0000] {dag.py:2726} INFO - Sync 1 DAGs
[2026-09-21T01:37:59.120+0000] {logging_mixin.py:149} INFO - [2026-09-21T01:37:59.120+0000] {dag.py:3490} INFO - Setting next_dagrun for 1-miprimerdag to None, run_after=None
[2026-09-21T01:37:59.211+0000] {processor.py:178} INFO - Processing /opt/airflow/dags/1_first_dag.py took 0.237 seconds
[2026-09-21T01:38:29.265+0000] {processor.py:156} INFO - Started process (PID=5174) to work on /opt/airflow/dags/1_first_dag.py
[2026-09-21T01:38:29.267+0000] {processor.py:799} INFO - Processing file /opt/airflow/dags/1_first_dag.py for tasks to queue
[2026-09-21T01:38:29.269+0000] {logging_mixin.py:149} INFO - [2026-09-21T01:38:29.269+0000] {dagbag.py:541} INFO - Filling up the DagBag from /opt/airflow/dags/1_first_dag.py
[2026-09-21T01:38:29.285+0000] {processor.py:809} INFO - DAG(s) dict_keys(['1-miprimerdag']) retrieved from /opt/airflow/dags/1_first_dag.py
[2026-09-21T01:38:29.341+0000] {logging_mixin.py:149} INFO - [2026-09-21T01:38:29.341+0000] {dag.py:2726} INFO - Sync 1 DAGs
[2026-09-21T01:38:29.406+0000] {logging_mixin.py:149} INFO - [2026-09-21T01:38:29.406+0000] {dag.py:3490} INFO - Setting next_dagrun for 1-miprimerdag to None, run_after=None
[2026-09-21T01:38:29.456+0000] {processor.py:178} INFO - Processing /opt/airflow/dags/1_first_dag.py took 0.198 seconds
[2026-09-21T01:38:59.618+0000] {processor.py:156} INFO - Started process (PID=5185) to work on /opt/airflow/dags/1_first_dag.py
[2026-09-21T01:38:59.620+0000] {processor.py:799} INFO - Processing file /opt/airflow/dags/1_first_dag.py for tasks to queue
[2026-09-21T01:38:59.621+0000] {logging_mixin.py:149} INFO - [2026-09-21T01:38:59.620+0000] {dagbag.py:541} INFO - Filling up the DagBag from /opt/airflow/dags/1_first_dag.py
[2026-09-21T01:38:59.658+0000] {processor.py:809} INFO - DAG(s) dict_keys(['1-miprimerdag']) retrieved from /opt/airflow/dags/1_first_dag.py
[2026-09-21T01:38:59.752+0000] {logging_mixin.py:149} INFO - [2026-09-21T01:38:59.752+0000] {dag.py:2726} INFO - Sync 1 DAGs
[2026-09-21T01:38:59.833+0000] {logging_mixin.py:149} INFO - [2026-09-21T01:38:59.833+0000] {dag.py:3490} INFO - Setting next_dagrun for 1-miprimerdag to None, run_after=None
[2026-09-21T01:38:59.893+0000] {processor.py:178} INFO - Processing /opt/airflow/dags/1_first_dag.py took 0.285 seconds
[2026-09-21T01:39:30.053+0000] {processor.py:156} INFO - Started process (PID=5195) to work on /opt/airflow/dags/1_first_dag.py
[2026-09-21T01:39:30.067+0000] {processor.py:799} INFO - Processing file /opt/airflow/dags/1_first_dag.py for tasks to queue
[2026-09-21T01:39:30.068+0000] {logging_mixin.py:149} INFO - [2026-09-21T01:39:30.068+0000] {dagbag.py:541} INFO - Filling up the DagBag from /opt/airflow/dags/1_first_dag.py
[2026-09-21T01:39:30.095+0000] {processor.py:809} INFO - DAG(s) dict_keys(['1-miprimerdag']) retrieved from /opt/airflow/dags/1_first_dag.py
[2026-09-21T01:39:30.219+0000] {logging_mixin.py:149} INFO - [2026-09-21T01:39:30.219+0000] {dag.py:2726} INFO - Sync 1 DAGs
[2026-09-21T01:39:30.305+0000] {logging_mixin.py:149} INFO - [2026-09-21T01:39:30.305+0000] {dag.py:3490} INFO - Setting next_dagrun for 1-miprimerdag to None, run_after=None
[2026-09-21T01:39:30.361+0000] {processor.py:178} INFO - Processing /opt/airflow/dags/1_first_dag.py took 0.315 seconds
[2026-09-21T01:40:01.107+0000] {processor.py:156} INFO - Started process (PID=5207) to work on /opt/airflow/dags/1_first_dag.py
[2026-09-21T01:40:01.108+0000] {processor.py:799} INFO - Processing file /opt/airflow/dags/1_first_dag.py for tasks to queue
[2026-09-21T01:40:01.109+0000] {logging_mixin.py:149} INFO - [2026-09-21T01:40:01.109+0000] {dagbag.py:541} INFO - Filling up the DagBag from /opt/airflow/dags/1_first_dag.py
[2026-09-21T01:40:01.123+0000] {processor.py:809} INFO - DAG(s) dict_keys(['1-miprimerdag']) retrieved from /opt/airflow/dags/1_first_dag.py
[2026-09-21T01:40:01.167+0000] {logging_mixin.py:149} INFO - [2026-09-21T01:40:01.167+0000] {dag.py:2726} INFO - Sync 1 DAGs
[2026-09-21T01:40:01.215+0000] {logging_mixin.py:149} INFO - [2026-09-21T01:40:01.210+0000] {dag.py:3490} INFO - Setting next_dagrun for 1-miprimerdag to None, run_after=None
[2026-09-21T01:40:01.246+0000] {processor.py:178} INFO - Processing /opt/airflow/dags/1_first_dag.py took 0.145 seconds
[2026-09-21T01:40:31.741+0000] {processor.py:156} INFO - Started process (PID=5217) to work on /opt/airflow/dags/1_first_dag.py
[2026-09-21T01:40:31.742+0000] {processor.py:799} INFO - Processing file /opt/airflow/dags/1_first_dag.py for tasks to queue
[2026-09-21T01:40:31.743+0000] {logging_mixin.py:149} INFO - [2026-09-21T01:40:31.743+0000] {dagbag.py:541} INFO - Filling up the DagBag from /opt/airflow/dags/1_first_dag.py
[2026-09-21T01:40:31.758+0000] {processor.py:809} INFO - DAG(s) dict_keys(['1-miprimerdag']) retrieved from /opt/airflow/dags/1_first_dag.py
[2026-09-21T01:40:31.820+0000] {logging_mixin.py:149} INFO - [2026-09-21T01:40:31.819+0000] {dag.py:2726} INFO - Sync 1 DAGs
[2026-09-21T01:40:31.852+0000] {logging_mixin.py:149} INFO - [2026-09-21T01:40:31.852+0000] {dag.py:3490} INFO - Setting next_dagrun for 1-miprimerdag to None, run_after=None
[2026-09-21T01:40:31.883+0000] {processor.py:178} INFO - Processing /opt/airflow/dags/1_first_dag.py took 0.147 seconds
[2026-09-21T01:42:34.550+0000] {processor.py:156} INFO - Started process (PID=32) to work on /opt/airflow/dags/1_first_dag.py
[2026-09-21T01:42:34.557+0000] {processor.py:799} INFO - Processing file /opt/airflow/dags/1_first_dag.py for tasks to queue
[2026-09-21T01:42:34.558+0000] {logging_mixin.py:149} INFO - [2026-09-21T01:42:34.558+0000] {dagbag.py:541} INFO - Filling up the DagBag from /opt/airflow/dags/1_first_dag.py
[2026-09-21T01:42:35.223+0000] {processor.py:809} INFO - DAG(s) dict_keys(['1-miprimerdag']) retrieved from /opt/airflow/dags/1_first_dag.py
[2026-09-21T01:42:35.524+0000] {logging_mixin.py:149} INFO - [2026-09-21T01:42:35.524+0000] {dag.py:2726} INFO - Sync 1 DAGs
[2026-09-21T01:42:35.618+0000] {logging_mixin.py:149} INFO - [2026-09-21T01:42:35.618+0000] {dag.py:3490} INFO - Setting next_dagrun for 1-miprimerdag to None, run_after=None
[2026-09-21T01:42:35.686+0000] {processor.py:178} INFO - Processing /opt/airflow/dags/1_first_dag.py took 1.169 seconds
[2026-09-21T01:57:38.955+0000] {processor.py:156} INFO - Started process (PID=33) to work on /opt/airflow/dags/1_first_dag.py
[2026-09-21T01:57:38.967+0000] {processor.py:799} INFO - Processing file /opt/airflow/dags/1_first_dag.py for tasks to queue
[2026-09-21T01:57:38.968+0000] {logging_mixin.py:149} INFO - [2026-09-21T01:57:38.968+0000] {dagbag.py:541} INFO - Filling up the DagBag from /opt/airflow/dags/1_first_dag.py
[2026-09-21T01:57:39.737+0000] {processor.py:809} INFO - DAG(s) dict_keys(['1-miprimerdag']) retrieved from /opt/airflow/dags/1_first_dag.py
[2026-09-21T01:57:39.876+0000] {logging_mixin.py:149} INFO - [2026-09-21T01:57:39.876+0000] {dag.py:2726} INFO - Sync 1 DAGs
[2026-09-21T01:57:39.926+0000] {logging_mixin.py:149} INFO - [2026-09-21T01:57:39.926+0000] {dag.py:3490} INFO - Setting next_dagrun for 1-miprimerdag to None, run_after=None
[2026-09-21T01:57:39.987+0000] {processor.py:178} INFO - Processing /opt/airflow/dags/1_first_dag.py took 1.078 seconds
[2026-09-21T01:58:10.283+0000] {processor.py:156} INFO - Started process (PID=43) to work on /opt/airflow/dags/1_first_dag.py
[2026-09-21T01:58:10.289+0000] {processor.py:799} INFO - Processing file /opt/airflow/dags/1_first_dag.py for tasks to queue
[2026-09-21T01:58:10.290+0000] {logging_mixin.py:149} INFO - [2026-09-21T01:58:10.290+0000] {dagbag.py:541} INFO - Filling up the DagBag from /opt/airflow/dags/1_first_dag.py
[2026-09-21T01:58:10.312+0000] {processor.py:809} INFO - DAG(s) dict_keys(['1-miprimerdag']) retrieved from /opt/airflow/dags/1_first_dag.py
[2026-09-21T01:58:10.451+0000] {logging_mixin.py:149} INFO - [2026-09-21T01:58:10.450+0000] {dag.py:2726} INFO - Sync 1 DAGs
[2026-09-21T01:58:10.490+0000] {logging_mixin.py:149} INFO - [2026-09-21T01:58:10.489+0000] {dag.py:3490} INFO - Setting next_dagrun for 1-miprimerdag to None, run_after=None
[2026-09-21T01:58:10.529+0000] {processor.py:178} INFO - Processing /opt/airflow/dags/1_first_dag.py took 0.257 seconds
[2026-09-21T01:58:36.932+0000] {processor.py:156} INFO - Started process (PID=57) to work on /opt/airflow/dags/1_first_dag.py
[2026-09-21T01:58:36.933+0000] {processor.py:799} INFO - Processing file /opt/airflow/dags/1_first_dag.py for tasks to queue
[2026-09-21T01:58:36.934+0000] {logging_mixin.py:149} INFO - [2026-09-21T01:58:36.934+0000] {dagbag.py:541} INFO - Filling up the DagBag from /opt/airflow/dags/1_first_dag.py
[2026-09-21T01:58:36.942+0000] {processor.py:809} INFO - DAG(s) dict_keys(['1-miprimerdag']) retrieved from /opt/airflow/dags/1_first_dag.py
[2026-09-21T01:58:36.977+0000] {logging_mixin.py:149} INFO - [2026-09-21T01:58:36.976+0000] {dag.py:2726} INFO - Sync 1 DAGs
[2026-09-21T01:58:37.055+0000] {logging_mixin.py:149} INFO - [2026-09-21T01:58:37.054+0000] {dag.py:3490} INFO - Setting next_dagrun for 1-miprimerdag to None, run_after=None
[2026-09-21T01:58:37.111+0000] {processor.py:178} INFO - Processing /opt/airflow/dags/1_first_dag.py took 0.190 seconds
[2026-09-21T01:59:08.001+0000] {processor.py:156} INFO - Started process (PID=75) to work on /opt/airflow/dags/1_first_dag.py
[2026-09-21T01:59:08.007+0000] {processor.py:799} INFO - Processing file /opt/airflow/dags/1_first_dag.py for tasks to queue
[2026-09-21T01:59:08.008+0000] {logging_mixin.py:149} INFO - [2026-09-21T01:59:08.007+0000] {dagbag.py:541} INFO - Filling up the DagBag from /opt/airflow/dags/1_first_dag.py
[2026-09-21T01:59:08.024+0000] {processor.py:809} INFO - DAG(s) dict_keys(['1-miprimerdag']) retrieved from /opt/airflow/dags/1_first_dag.py
[2026-09-21T01:59:08.143+0000] {logging_mixin.py:149} INFO - [2026-09-21T01:59:08.142+0000] {dag.py:2726} INFO - Sync 1 DAGs
[2026-09-21T01:59:08.208+0000] {logging_mixin.py:149} INFO - [2026-09-21T01:59:08.207+0000] {dag.py:3490} INFO - Setting next_dagrun for 1-miprimerdag to None, run_after=None
[2026-09-21T01:59:08.256+0000] {processor.py:178} INFO - Processing /opt/airflow/dags/1_first_dag.py took 0.266 seconds
[2026-09-21T01:59:39.449+0000] {processor.py:156} INFO - Started process (PID=86) to work on /opt/airflow/dags/1_first_dag.py
[2026-09-21T01:59:39.456+0000] {processor.py:799} INFO - Processing file /opt/airflow/dags/1_first_dag.py for tasks to queue
[2026-09-21T01:59:39.457+0000] {logging_mixin.py:149} INFO - [2026-09-21T01:59:39.457+0000] {dagbag.py:541} INFO - Filling up the DagBag from /opt/airflow/dags/1_first_dag.py
[2026-09-21T01:59:39.473+0000] {processor.py:809} INFO - DAG(s) dict_keys(['1-miprimerdag']) retrieved from /opt/airflow/dags/1_first_dag.py
[2026-09-21T01:59:39.588+0000] {logging_mixin.py:149} INFO - [2026-09-21T01:59:39.588+0000] {dag.py:2726} INFO - Sync 1 DAGs
[2026-09-21T01:59:39.650+0000] {logging_mixin.py:149} INFO - [2026-09-21T01:59:39.649+0000] {dag.py:3490} INFO - Setting next_dagrun for 1-miprimerdag to None, run_after=None
[2026-09-21T01:59:39.725+0000] {processor.py:178} INFO - Processing /opt/airflow/dags/1_first_dag.py took 0.298 seconds
[2026-09-21T02:00:08.317+0000] {processor.py:156} INFO - Started process (PID=106) to work on /opt/airflow/dags/1_first_dag.py
[2026-09-21T02:00:08.318+0000] {processor.py:799} INFO - Processing file /opt/airflow/dags/1_first_dag.py for tasks to queue
[2026-09-21T02:00:08.320+0000] {logging_mixin.py:149} INFO - [2026-09-21T02:00:08.319+0000] {dagbag.py:541} INFO - Filling up the DagBag from /opt/airflow/dags/1_first_dag.py
[2026-09-21T02:00:08.326+0000] {processor.py:809} INFO - DAG(s) dict_keys(['1-miprimerdag']) retrieved from /opt/airflow/dags/1_first_dag.py
[2026-09-21T02:00:08.397+0000] {logging_mixin.py:149} INFO - [2026-09-21T02:00:08.392+0000] {dag.py:2726} INFO - Sync 1 DAGs
[2026-09-21T02:00:08.448+0000] {logging_mixin.py:149} INFO - [2026-09-21T02:00:08.448+0000] {dag.py:3490} INFO - Setting next_dagrun for 1-miprimerdag to None, run_after=None
[2026-09-21T02:00:08.491+0000] {processor.py:178} INFO - Processing /opt/airflow/dags/1_first_dag.py took 0.186 seconds
[2026-09-21T02:00:38.610+0000] {processor.py:156} INFO - Started process (PID=126) to work on /opt/airflow/dags/1_first_dag.py
[2026-09-21T02:00:38.613+0000] {processor.py:799} INFO - Processing file /opt/airflow/dags/1_first_dag.py for tasks to queue
[2026-09-21T02:00:38.615+0000] {logging_mixin.py:149} INFO - [2026-09-21T02:00:38.614+0000] {dagbag.py:541} INFO - Filling up the DagBag from /opt/airflow/dags/1_first_dag.py
[2026-09-21T02:00:38.627+0000] {processor.py:809} INFO - DAG(s) dict_keys(['1-miprimerdag']) retrieved from /opt/airflow/dags/1_first_dag.py
[2026-09-21T02:00:38.695+0000] {logging_mixin.py:149} INFO - [2026-09-21T02:00:38.695+0000] {dag.py:2726} INFO - Sync 1 DAGs
[2026-09-21T02:00:38.737+0000] {logging_mixin.py:149} INFO - [2026-09-21T02:00:38.736+0000] {dag.py:3490} INFO - Setting next_dagrun for 1-miprimerdag to None, run_after=None
[2026-09-21T02:00:38.766+0000] {processor.py:178} INFO - Processing /opt/airflow/dags/1_first_dag.py took 0.166 seconds
[2026-09-21T02:01:08.899+0000] {processor.py:156} INFO - Started process (PID=137) to work on /opt/airflow/dags/1_first_dag.py
[2026-09-21T02:01:08.900+0000] {processor.py:799} INFO - Processing file /opt/airflow/dags/1_first_dag.py for tasks to queue
[2026-09-21T02:01:08.902+0000] {logging_mixin.py:149} INFO - [2026-09-21T02:01:08.901+0000] {dagbag.py:541} INFO - Filling up the DagBag from /opt/airflow/dags/1_first_dag.py
[2026-09-21T02:01:08.907+0000] {processor.py:809} INFO - DAG(s) dict_keys(['1-miprimerdag']) retrieved from /opt/airflow/dags/1_first_dag.py
[2026-09-21T02:01:08.964+0000] {logging_mixin.py:149} INFO - [2026-09-21T02:01:08.963+0000] {dag.py:2726} INFO - Sync 1 DAGs
[2026-09-21T02:01:09.047+0000] {logging_mixin.py:149} INFO - [2026-09-21T02:01:09.047+0000] {dag.py:3490} INFO - Setting next_dagrun for 1-miprimerdag to None, run_after=None
[2026-09-21T02:01:09.087+0000] {processor.py:178} INFO - Processing /opt/airflow/dags/1_first_dag.py took 0.193 seconds
[2026-09-21T02:01:40.096+0000] {processor.py:156} INFO - Started process (PID=151) to work on /opt/airflow/dags/1_first_dag.py
[2026-09-21T02:01:40.100+0000] {processor.py:799} INFO - Processing file /opt/airflow/dags/1_first_dag.py for tasks to queue
[2026-09-21T02:01:40.102+0000] {logging_mixin.py:149} INFO - [2026-09-21T02:01:40.101+0000] {dagbag.py:541} INFO - Filling up the DagBag from /opt/airflow/dags/1_first_dag.py
[2026-09-21T02:01:40.109+0000] {processor.py:809} INFO - DAG(s) dict_keys(['1-miprimerdag']) retrieved from /opt/airflow/dags/1_first_dag.py
[2026-09-21T02:01:40.195+0000] {logging_mixin.py:149} INFO - [2026-09-21T02:01:40.195+0000] {dag.py:2726} INFO - Sync 1 DAGs
[2026-09-21T02:01:40.229+0000] {logging_mixin.py:149} INFO - [2026-09-21T02:01:40.229+0000] {dag.py:3490} INFO - Setting next_dagrun for 1-miprimerdag to None, run_after=None
[2026-09-21T02:01:40.273+0000] {processor.py:178} INFO - Processing /opt/airflow/dags/1_first_dag.py took 0.191 seconds
[2026-09-21T02:02:10.444+0000] {processor.py:156} INFO - Started process (PID=169) to work on /opt/airflow/dags/1_first_dag.py
[2026-09-21T02:02:10.446+0000] {processor.py:799} INFO - Processing file /opt/airflow/dags/1_first_dag.py for tasks to queue
[2026-09-21T02:02:10.447+0000] {logging_mixin.py:149} INFO - [2026-09-21T02:02:10.446+0000] {dagbag.py:541} INFO - Filling up the DagBag from /opt/airflow/dags/1_first_dag.py
[2026-09-21T02:02:10.452+0000] {processor.py:809} INFO - DAG(s) dict_keys(['1-miprimerdag']) retrieved from /opt/airflow/dags/1_first_dag.py
[2026-09-21T02:02:10.502+0000] {logging_mixin.py:149} INFO - [2026-09-21T02:02:10.501+0000] {dag.py:2726} INFO - Sync 1 DAGs
[2026-09-21T02:02:10.537+0000] {logging_mixin.py:149} INFO - [2026-09-21T02:02:10.537+0000] {dag.py:3490} INFO - Setting next_dagrun for 1-miprimerdag to None, run_after=None
[2026-09-21T02:02:10.582+0000] {processor.py:178} INFO - Processing /opt/airflow/dags/1_first_dag.py took 0.146 seconds
[2026-09-21T02:02:41.877+0000] {processor.py:156} INFO - Started process (PID=183) to work on /opt/airflow/dags/1_first_dag.py
[2026-09-21T02:02:41.879+0000] {processor.py:799} INFO - Processing file /opt/airflow/dags/1_first_dag.py for tasks to queue
[2026-09-21T02:02:41.880+0000] {logging_mixin.py:149} INFO - [2026-09-21T02:02:41.880+0000] {dagbag.py:541} INFO - Filling up the DagBag from /opt/airflow/dags/1_first_dag.py
[2026-09-21T02:02:41.886+0000] {processor.py:809} INFO - DAG(s) dict_keys(['1-miprimerdag']) retrieved from /opt/airflow/dags/1_first_dag.py
[2026-09-21T02:02:41.958+0000] {logging_mixin.py:149} INFO - [2026-09-21T02:02:41.958+0000] {dag.py:2726} INFO - Sync 1 DAGs
[2026-09-21T02:02:42.005+0000] {logging_mixin.py:149} INFO - [2026-09-21T02:02:42.005+0000] {dag.py:3490} INFO - Setting next_dagrun for 1-miprimerdag to None, run_after=None
[2026-09-21T02:02:42.062+0000] {processor.py:178} INFO - Processing /opt/airflow/dags/1_first_dag.py took 0.190 seconds
[2026-09-21T02:03:12.206+0000] {processor.py:156} INFO - Started process (PID=194) to work on /opt/airflow/dags/1_first_dag.py
[2026-09-21T02:03:12.208+0000] {processor.py:799} INFO - Processing file /opt/airflow/dags/1_first_dag.py for tasks to queue
[2026-09-21T02:03:12.209+0000] {logging_mixin.py:149} INFO - [2026-09-21T02:03:12.209+0000] {dagbag.py:541} INFO - Filling up the DagBag from /opt/airflow/dags/1_first_dag.py
[2026-09-21T02:03:12.216+0000] {processor.py:809} INFO - DAG(s) dict_keys(['1-miprimerdag']) retrieved from /opt/airflow/dags/1_first_dag.py
[2026-09-21T02:03:12.320+0000] {logging_mixin.py:149} INFO - [2026-09-21T02:03:12.319+0000] {dag.py:2726} INFO - Sync 1 DAGs
[2026-09-21T02:03:12.416+0000] {logging_mixin.py:149} INFO - [2026-09-21T02:03:12.415+0000] {dag.py:3490} INFO - Setting next_dagrun for 1-miprimerdag to None, run_after=None
[2026-09-21T02:03:12.493+0000] {processor.py:178} INFO - Processing /opt/airflow/dags/1_first_dag.py took 0.294 seconds
[2026-09-21T02:03:42.954+0000] {processor.py:156} INFO - Started process (PID=205) to work on /opt/airflow/dags/1_first_dag.py
[2026-09-21T02:03:42.956+0000] {processor.py:799} INFO - Processing file /opt/airflow/dags/1_first_dag.py for tasks to queue
[2026-09-21T02:03:42.957+0000] {logging_mixin.py:149} INFO - [2026-09-21T02:03:42.957+0000] {dagbag.py:541} INFO - Filling up the DagBag from /opt/airflow/dags/1_first_dag.py
[2026-09-21T02:03:42.963+0000] {processor.py:809} INFO - DAG(s) dict_keys(['1-miprimerdag']) retrieved from /opt/airflow/dags/1_first_dag.py
[2026-09-21T02:03:43.021+0000] {logging_mixin.py:149} INFO - [2026-09-21T02:03:43.021+0000] {dag.py:2726} INFO - Sync 1 DAGs
[2026-09-21T02:03:43.060+0000] {logging_mixin.py:149} INFO - [2026-09-21T02:03:43.059+0000] {dag.py:3490} INFO - Setting next_dagrun for 1-miprimerdag to None, run_after=None
[2026-09-21T02:03:43.092+0000] {processor.py:178} INFO - Processing /opt/airflow/dags/1_first_dag.py took 0.146 seconds
[2026-09-21T02:04:14.081+0000] {processor.py:156} INFO - Started process (PID=216) to work on /opt/airflow/dags/1_first_dag.py
[2026-09-21T02:04:14.085+0000] {processor.py:799} INFO - Processing file /opt/airflow/dags/1_first_dag.py for tasks to queue
[2026-09-21T02:04:14.086+0000] {logging_mixin.py:149} INFO - [2026-09-21T02:04:14.086+0000] {dagbag.py:541} INFO - Filling up the DagBag from /opt/airflow/dags/1_first_dag.py
[2026-09-21T02:04:14.093+0000] {processor.py:809} INFO - DAG(s) dict_keys(['1-miprimerdag']) retrieved from /opt/airflow/dags/1_first_dag.py
[2026-09-21T02:04:14.159+0000] {logging_mixin.py:149} INFO - [2026-09-21T02:04:14.159+0000] {dag.py:2726} INFO - Sync 1 DAGs
[2026-09-21T02:04:14.200+0000] {logging_mixin.py:149} INFO - [2026-09-21T02:04:14.199+0000] {dag.py:3490} INFO - Setting next_dagrun for 1-miprimerdag to None, run_after=None
[2026-09-21T02:04:14.237+0000] {processor.py:178} INFO - Processing /opt/airflow/dags/1_first_dag.py took 0.167 seconds
[2026-09-21T02:04:44.795+0000] {processor.py:156} INFO - Started process (PID=227) to work on /opt/airflow/dags/1_first_dag.py
[2026-09-21T02:04:44.798+0000] {processor.py:799} INFO - Processing file /opt/airflow/dags/1_first_dag.py for tasks to queue
[2026-09-21T02:04:44.799+0000] {logging_mixin.py:149} INFO - [2026-09-21T02:04:44.799+0000] {dagbag.py:541} INFO - Filling up the DagBag from /opt/airflow/dags/1_first_dag.py
[2026-09-21T02:04:44.806+0000] {processor.py:809} INFO - DAG(s) dict_keys(['1-miprimerdag']) retrieved from /opt/airflow/dags/1_first_dag.py
[2026-09-21T02:04:44.873+0000] {logging_mixin.py:149} INFO - [2026-09-21T02:04:44.872+0000] {dag.py:2726} INFO - Sync 1 DAGs
[2026-09-21T02:04:44.923+0000] {logging_mixin.py:149} INFO - [2026-09-21T02:04:44.923+0000] {dag.py:3490} INFO - Setting next_dagrun for 1-miprimerdag to None, run_after=None
[2026-09-21T02:04:44.969+0000] {processor.py:178} INFO - Processing /opt/airflow/dags/1_first_dag.py took 0.184 seconds
[2026-09-21T02:05:15.346+0000] {processor.py:156} INFO - Started process (PID=238) to work on /opt/airflow/dags/1_first_dag.py
[2026-09-21T02:05:15.349+0000] {processor.py:799} INFO - Processing file /opt/airflow/dags/1_first_dag.py for tasks to queue
[2026-09-21T02:05:15.350+0000] {logging_mixin.py:149} INFO - [2026-09-21T02:05:15.350+0000] {dagbag.py:541} INFO - Filling up the DagBag from /opt/airflow/dags/1_first_dag.py
[2026-09-21T02:05:15.360+0000] {processor.py:809} INFO - DAG(s) dict_keys(['1-miprimerdag']) retrieved from /opt/airflow/dags/1_first_dag.py
[2026-09-21T02:05:15.423+0000] {logging_mixin.py:149} INFO - [2026-09-21T02:05:15.423+0000] {dag.py:2726} INFO - Sync 1 DAGs
[2026-09-21T02:05:15.465+0000] {logging_mixin.py:149} INFO - [2026-09-21T02:05:15.465+0000] {dag.py:3490} INFO - Setting next_dagrun for 1-miprimerdag to None, run_after=None
[2026-09-21T02:05:15.508+0000] {processor.py:178} INFO - Processing /opt/airflow/dags/1_first_dag.py took 0.169 seconds
[2026-09-21T02:05:45.715+0000] {processor.py:156} INFO - Started process (PID=249) to work on /opt/airflow/dags/1_first_dag.py
[2026-09-21T02:05:45.716+0000] {processor.py:799} INFO - Processing file /opt/airflow/dags/1_first_dag.py for tasks to queue
[2026-09-21T02:05:45.718+0000] {logging_mixin.py:149} INFO - [2026-09-21T02:05:45.717+0000] {dagbag.py:541} INFO - Filling up the DagBag from /opt/airflow/dags/1_first_dag.py
[2026-09-21T02:05:45.724+0000] {processor.py:809} INFO - DAG(s) dict_keys(['1-miprimerdag']) retrieved from /opt/airflow/dags/1_first_dag.py
[2026-09-21T02:05:45.790+0000] {logging_mixin.py:149} INFO - [2026-09-21T02:05:45.790+0000] {dag.py:2726} INFO - Sync 1 DAGs
[2026-09-21T02:05:45.834+0000] {logging_mixin.py:149} INFO - [2026-09-21T02:05:45.833+0000] {dag.py:3490} INFO - Setting next_dagrun for 1-miprimerdag to None, run_after=None
[2026-09-21T02:05:45.888+0000] {processor.py:178} INFO - Processing /opt/airflow/dags/1_first_dag.py took 0.180 seconds
[2026-09-21T02:06:16.711+0000] {processor.py:156} INFO - Started process (PID=260) to work on /opt/airflow/dags/1_first_dag.py
[2026-09-21T02:06:16.713+0000] {processor.py:799} INFO - Processing file /opt/airflow/dags/1_first_dag.py for tasks to queue
[2026-09-21T02:06:16.714+0000] {logging_mixin.py:149} INFO - [2026-09-21T02:06:16.714+0000] {dagbag.py:541} INFO - Filling up the DagBag from /opt/airflow/dags/1_first_dag.py
[2026-09-21T02:06:16.718+0000] {processor.py:809} INFO - DAG(s) dict_keys(['1-miprimerdag']) retrieved from /opt/airflow/dags/1_first_dag.py
[2026-09-21T02:06:16.771+0000] {logging_mixin.py:149} INFO - [2026-09-21T02:06:16.771+0000] {dag.py:2726} INFO - Sync 1 DAGs
[2026-09-21T02:06:16.806+0000] {logging_mixin.py:149} INFO - [2026-09-21T02:06:16.806+0000] {dag.py:3490} INFO - Setting next_dagrun for 1-miprimerdag to None, run_after=None
[2026-09-21T02:06:16.830+0000] {processor.py:178} INFO - Processing /opt/airflow/dags/1_first_dag.py took 0.126 seconds
[2026-09-21T02:06:46.898+0000] {processor.py:156} INFO - Started process (PID=271) to work on /opt/airflow/dags/1_first_dag.py
[2026-09-21T02:06:46.900+0000] {processor.py:799} INFO - Processing file /opt/airflow/dags/1_first_dag.py for tasks to queue
[2026-09-21T02:06:46.901+0000] {logging_mixin.py:149} INFO - [2026-09-21T02:06:46.901+0000] {dagbag.py:541} INFO - Filling up the DagBag from /opt/airflow/dags/1_first_dag.py
[2026-09-21T02:06:46.910+0000] {processor.py:809} INFO - DAG(s) dict_keys(['1-miprimerdag']) retrieved from /opt/airflow/dags/1_first_dag.py
[2026-09-21T02:06:47.037+0000] {logging_mixin.py:149} INFO - [2026-09-21T02:06:47.037+0000] {dag.py:2726} INFO - Sync 1 DAGs
[2026-09-21T02:06:47.085+0000] {logging_mixin.py:149} INFO - [2026-09-21T02:06:47.085+0000] {dag.py:3490} INFO - Setting next_dagrun for 1-miprimerdag to None, run_after=None
[2026-09-21T02:06:47.122+0000] {processor.py:178} INFO - Processing /opt/airflow/dags/1_first_dag.py took 0.234 seconds
[2026-09-21T02:07:17.366+0000] {processor.py:156} INFO - Started process (PID=282) to work on /opt/airflow/dags/1_first_dag.py
[2026-09-21T02:07:17.369+0000] {processor.py:799} INFO - Processing file /opt/airflow/dags/1_first_dag.py for tasks to queue
[2026-09-21T02:07:17.370+0000] {logging_mixin.py:149} INFO - [2026-09-21T02:07:17.370+0000] {dagbag.py:541} INFO - Filling up the DagBag from /opt/airflow/dags/1_first_dag.py
[2026-09-21T02:07:17.377+0000] {processor.py:809} INFO - DAG(s) dict_keys(['1-miprimerdag']) retrieved from /opt/airflow/dags/1_first_dag.py
[2026-09-21T02:07:17.451+0000] {logging_mixin.py:149} INFO - [2026-09-21T02:07:17.450+0000] {dag.py:2726} INFO - Sync 1 DAGs
[2026-09-21T02:07:17.510+0000] {logging_mixin.py:149} INFO - [2026-09-21T02:07:17.510+0000] {dag.py:3490} INFO - Setting next_dagrun for 1-miprimerdag to None, run_after=None
[2026-09-21T02:07:17.550+0000] {processor.py:178} INFO - Processing /opt/airflow/dags/1_first_dag.py took 0.190 seconds
[2026-09-21T02:07:47.362+0000] {processor.py:156} INFO - Started process (PID=295) to work on /opt/airflow/dags/1_first_dag.py
[2026-09-21T02:07:47.370+0000] {processor.py:799} INFO - Processing file /opt/airflow/dags/1_first_dag.py for tasks to queue
[2026-09-21T02:07:47.371+0000] {logging_mixin.py:149} INFO - [2026-09-21T02:07:47.371+0000] {dagbag.py:541} INFO - Filling up the DagBag from /opt/airflow/dags/1_first_dag.py
[2026-09-21T02:07:47.384+0000] {processor.py:809} INFO - DAG(s) dict_keys(['1-miprimerdag']) retrieved from /opt/airflow/dags/1_first_dag.py
[2026-09-21T02:07:47.503+0000] {logging_mixin.py:149} INFO - [2026-09-21T02:07:47.502+0000] {dag.py:2726} INFO - Sync 1 DAGs
[2026-09-21T02:07:47.555+0000] {logging_mixin.py:149} INFO - [2026-09-21T02:07:47.555+0000] {dag.py:3490} INFO - Setting next_dagrun for 1-miprimerdag to None, run_after=None
[2026-09-21T02:07:47.598+0000] {processor.py:178} INFO - Processing /opt/airflow/dags/1_first_dag.py took 0.260 seconds
[2026-09-21T02:08:17.738+0000] {processor.py:156} INFO - Started process (PID=306) to work on /opt/airflow/dags/1_first_dag.py
[2026-09-21T02:08:17.743+0000] {processor.py:799} INFO - Processing file /opt/airflow/dags/1_first_dag.py for tasks to queue
[2026-09-21T02:08:17.744+0000] {logging_mixin.py:149} INFO - [2026-09-21T02:08:17.744+0000] {dagbag.py:541} INFO - Filling up the DagBag from /opt/airflow/dags/1_first_dag.py
[2026-09-21T02:08:17.752+0000] {processor.py:809} INFO - DAG(s) dict_keys(['1-miprimerdag']) retrieved from /opt/airflow/dags/1_first_dag.py
[2026-09-21T02:08:17.903+0000] {logging_mixin.py:149} INFO - [2026-09-21T02:08:17.902+0000] {dag.py:2726} INFO - Sync 1 DAGs
[2026-09-21T02:08:18.024+0000] {logging_mixin.py:149} INFO - [2026-09-21T02:08:18.023+0000] {dag.py:3490} INFO - Setting next_dagrun for 1-miprimerdag to None, run_after=None
[2026-09-21T02:08:18.097+0000] {processor.py:178} INFO - Processing /opt/airflow/dags/1_first_dag.py took 0.368 seconds
[2026-09-21T02:08:48.149+0000] {processor.py:156} INFO - Started process (PID=316) to work on /opt/airflow/dags/1_first_dag.py
[2026-09-21T02:08:48.151+0000] {processor.py:799} INFO - Processing file /opt/airflow/dags/1_first_dag.py for tasks to queue
[2026-09-21T02:08:48.152+0000] {logging_mixin.py:149} INFO - [2026-09-21T02:08:48.151+0000] {dagbag.py:541} INFO - Filling up the DagBag from /opt/airflow/dags/1_first_dag.py
[2026-09-21T02:08:48.158+0000] {processor.py:809} INFO - DAG(s) dict_keys(['1-miprimerdag']) retrieved from /opt/airflow/dags/1_first_dag.py
[2026-09-21T02:08:48.217+0000] {logging_mixin.py:149} INFO - [2026-09-21T02:08:48.217+0000] {dag.py:2726} INFO - Sync 1 DAGs
[2026-09-21T02:08:48.264+0000] {logging_mixin.py:149} INFO - [2026-09-21T02:08:48.263+0000] {dag.py:3490} INFO - Setting next_dagrun for 1-miprimerdag to None, run_after=None
[2026-09-21T02:08:48.301+0000] {processor.py:178} INFO - Processing /opt/airflow/dags/1_first_dag.py took 0.159 seconds
[2026-09-21T02:09:18.919+0000] {processor.py:156} INFO - Started process (PID=328) to work on /opt/airflow/dags/1_first_dag.py
[2026-09-21T02:09:18.921+0000] {processor.py:799} INFO - Processing file /opt/airflow/dags/1_first_dag.py for tasks to queue
[2026-09-21T02:09:18.923+0000] {logging_mixin.py:149} INFO - [2026-09-21T02:09:18.923+0000] {dagbag.py:541} INFO - Filling up the DagBag from /opt/airflow/dags/1_first_dag.py
[2026-09-21T02:09:18.935+0000] {processor.py:809} INFO - DAG(s) dict_keys(['1-miprimerdag']) retrieved from /opt/airflow/dags/1_first_dag.py
[2026-09-21T02:09:19.035+0000] {logging_mixin.py:149} INFO - [2026-09-21T02:09:19.034+0000] {dag.py:2726} INFO - Sync 1 DAGs
[2026-09-21T02:09:19.145+0000] {logging_mixin.py:149} INFO - [2026-09-21T02:09:19.145+0000] {dag.py:3490} INFO - Setting next_dagrun for 1-miprimerdag to None, run_after=None
[2026-09-21T02:09:19.246+0000] {processor.py:178} INFO - Processing /opt/airflow/dags/1_first_dag.py took 0.333 seconds
[2026-09-21T02:09:49.386+0000] {processor.py:156} INFO - Started process (PID=339) to work on /opt/airflow/dags/1_first_dag.py
[2026-09-21T02:09:49.388+0000] {processor.py:799} INFO - Processing file /opt/airflow/dags/1_first_dag.py for tasks to queue
[2026-09-21T02:09:49.389+0000] {logging_mixin.py:149} INFO - [2026-09-21T02:09:49.389+0000] {dagbag.py:541} INFO - Filling up the DagBag from /opt/airflow/dags/1_first_dag.py
[2026-09-21T02:09:49.398+0000] {processor.py:809} INFO - DAG(s) dict_keys(['1-miprimerdag']) retrieved from /opt/airflow/dags/1_first_dag.py
[2026-09-21T02:09:49.480+0000] {logging_mixin.py:149} INFO - [2026-09-21T02:09:49.480+0000] {dag.py:2726} INFO - Sync 1 DAGs
[2026-09-21T02:09:49.545+0000] {logging_mixin.py:149} INFO - [2026-09-21T02:09:49.545+0000] {dag.py:3490} INFO - Setting next_dagrun for 1-miprimerdag to None, run_after=None
[2026-09-21T02:09:49.588+0000] {processor.py:178} INFO - Processing /opt/airflow/dags/1_first_dag.py took 0.208 seconds
[2026-09-21T02:10:19.761+0000] {processor.py:156} INFO - Started process (PID=350) to work on /opt/airflow/dags/1_first_dag.py
[2026-09-21T02:10:19.763+0000] {processor.py:799} INFO - Processing file /opt/airflow/dags/1_first_dag.py for tasks to queue
[2026-09-21T02:10:19.764+0000] {logging_mixin.py:149} INFO - [2026-09-21T02:10:19.764+0000] {dagbag.py:541} INFO - Filling up the DagBag from /opt/airflow/dags/1_first_dag.py
[2026-09-21T02:10:19.769+0000] {processor.py:809} INFO - DAG(s) dict_keys(['1-miprimerdag']) retrieved from /opt/airflow/dags/1_first_dag.py
[2026-09-21T02:10:19.842+0000] {logging_mixin.py:149} INFO - [2026-09-21T02:10:19.842+0000] {dag.py:2726} INFO - Sync 1 DAGs
[2026-09-21T02:10:19.881+0000] {logging_mixin.py:149} INFO - [2026-09-21T02:10:19.880+0000] {dag.py:3490} INFO - Setting next_dagrun for 1-miprimerdag to None, run_after=None
[2026-09-21T02:10:19.916+0000] {processor.py:178} INFO - Processing /opt/airflow/dags/1_first_dag.py took 0.161 seconds
[2026-09-21T02:10:50.234+0000] {processor.py:156} INFO - Started process (PID=361) to work on /opt/airflow/dags/1_first_dag.py
[2026-09-21T02:10:50.235+0000] {processor.py:799} INFO - Processing file /opt/airflow/dags/1_first_dag.py for tasks to queue
[2026-09-21T02:10:50.236+0000] {logging_mixin.py:149} INFO - [2026-09-21T02:10:50.236+0000] {dagbag.py:541} INFO - Filling up the DagBag from /opt/airflow/dags/1_first_dag.py
[2026-09-21T02:10:50.243+0000] {processor.py:809} INFO - DAG(s) dict_keys(['1-miprimerdag']) retrieved from /opt/airflow/dags/1_first_dag.py
[2026-09-21T02:10:50.307+0000] {logging_mixin.py:149} INFO - [2026-09-21T02:10:50.306+0000] {dag.py:2726} INFO - Sync 1 DAGs
[2026-09-21T02:10:50.350+0000] {logging_mixin.py:149} INFO - [2026-09-21T02:10:50.350+0000] {dag.py:3490} INFO - Setting next_dagrun for 1-miprimerdag to None, run_after=None
[2026-09-21T02:10:50.393+0000] {processor.py:178} INFO - Processing /opt/airflow/dags/1_first_dag.py took 0.166 seconds
[2026-09-21T02:11:20.692+0000] {processor.py:156} INFO - Started process (PID=372) to work on /opt/airflow/dags/1_first_dag.py
[2026-09-21T02:11:20.694+0000] {processor.py:799} INFO - Processing file /opt/airflow/dags/1_first_dag.py for tasks to queue
[2026-09-21T02:11:20.695+0000] {logging_mixin.py:149} INFO - [2026-09-21T02:11:20.695+0000] {dagbag.py:541} INFO - Filling up the DagBag from /opt/airflow/dags/1_first_dag.py
[2026-09-21T02:11:20.703+0000] {processor.py:809} INFO - DAG(s) dict_keys(['1-miprimerdag']) retrieved from /opt/airflow/dags/1_first_dag.py
[2026-09-21T02:11:20.762+0000] {logging_mixin.py:149} INFO - [2026-09-21T02:11:20.762+0000] {dag.py:2726} INFO - Sync 1 DAGs
[2026-09-21T02:11:20.801+0000] {logging_mixin.py:149} INFO - [2026-09-21T02:11:20.801+0000] {dag.py:3490} INFO - Setting next_dagrun for 1-miprimerdag to None, run_after=None
[2026-09-21T02:11:20.834+0000] {processor.py:178} INFO - Processing /opt/airflow/dags/1_first_dag.py took 0.151 seconds
[2026-09-21T02:11:50.969+0000] {processor.py:156} INFO - Started process (PID=383) to work on /opt/airflow/dags/1_first_dag.py
[2026-09-21T02:11:50.971+0000] {processor.py:799} INFO - Processing file /opt/airflow/dags/1_first_dag.py for tasks to queue
[2026-09-21T02:11:50.973+0000] {logging_mixin.py:149} INFO - [2026-09-21T02:11:50.972+0000] {dagbag.py:541} INFO - Filling up the DagBag from /opt/airflow/dags/1_first_dag.py
[2026-09-21T02:11:50.985+0000] {processor.py:809} INFO - DAG(s) dict_keys(['1-miprimerdag']) retrieved from /opt/airflow/dags/1_first_dag.py
[2026-09-21T02:11:51.052+0000] {logging_mixin.py:149} INFO - [2026-09-21T02:11:51.051+0000] {dag.py:2726} INFO - Sync 1 DAGs
[2026-09-21T02:11:51.097+0000] {logging_mixin.py:149} INFO - [2026-09-21T02:11:51.096+0000] {dag.py:3490} INFO - Setting next_dagrun for 1-miprimerdag to None, run_after=None
[2026-09-21T02:11:51.140+0000] {processor.py:178} INFO - Processing /opt/airflow/dags/1_first_dag.py took 0.193 seconds
[2026-09-21T02:12:21.459+0000] {processor.py:156} INFO - Started process (PID=394) to work on /opt/airflow/dags/1_first_dag.py
[2026-09-21T02:12:21.462+0000] {processor.py:799} INFO - Processing file /opt/airflow/dags/1_first_dag.py for tasks to queue
[2026-09-21T02:12:21.463+0000] {logging_mixin.py:149} INFO - [2026-09-21T02:12:21.463+0000] {dagbag.py:541} INFO - Filling up the DagBag from /opt/airflow/dags/1_first_dag.py
[2026-09-21T02:12:21.471+0000] {processor.py:809} INFO - DAG(s) dict_keys(['1-miprimerdag']) retrieved from /opt/airflow/dags/1_first_dag.py
[2026-09-21T02:12:21.550+0000] {logging_mixin.py:149} INFO - [2026-09-21T02:12:21.550+0000] {dag.py:2726} INFO - Sync 1 DAGs
[2026-09-21T02:12:21.628+0000] {logging_mixin.py:149} INFO - [2026-09-21T02:12:21.627+0000] {dag.py:3490} INFO - Setting next_dagrun for 1-miprimerdag to None, run_after=None
[2026-09-21T02:12:21.674+0000] {processor.py:178} INFO - Processing /opt/airflow/dags/1_first_dag.py took 0.222 seconds
[2026-09-21T02:12:51.753+0000] {processor.py:156} INFO - Started process (PID=405) to work on /opt/airflow/dags/1_first_dag.py
[2026-09-21T02:12:51.755+0000] {processor.py:799} INFO - Processing file /opt/airflow/dags/1_first_dag.py for tasks to queue
[2026-09-21T02:12:51.755+0000] {logging_mixin.py:149} INFO - [2026-09-21T02:12:51.755+0000] {dagbag.py:541} INFO - Filling up the DagBag from /opt/airflow/dags/1_first_dag.py
[2026-09-21T02:12:51.762+0000] {processor.py:809} INFO - DAG(s) dict_keys(['1-miprimerdag']) retrieved from /opt/airflow/dags/1_first_dag.py
[2026-09-21T02:12:51.807+0000] {logging_mixin.py:149} INFO - [2026-09-21T02:12:51.807+0000] {dag.py:2726} INFO - Sync 1 DAGs
[2026-09-21T02:12:51.836+0000] {logging_mixin.py:149} INFO - [2026-09-21T02:12:51.836+0000] {dag.py:3490} INFO - Setting next_dagrun for 1-miprimerdag to None, run_after=None
[2026-09-21T02:12:51.872+0000] {processor.py:178} INFO - Processing /opt/airflow/dags/1_first_dag.py took 0.124 seconds
[2026-09-21T02:13:22.136+0000] {processor.py:156} INFO - Started process (PID=416) to work on /opt/airflow/dags/1_first_dag.py
[2026-09-21T02:13:22.138+0000] {processor.py:799} INFO - Processing file /opt/airflow/dags/1_first_dag.py for tasks to queue
[2026-09-21T02:13:22.139+0000] {logging_mixin.py:149} INFO - [2026-09-21T02:13:22.139+0000] {dagbag.py:541} INFO - Filling up the DagBag from /opt/airflow/dags/1_first_dag.py
[2026-09-21T02:13:22.148+0000] {processor.py:809} INFO - DAG(s) dict_keys(['1-miprimerdag']) retrieved from /opt/airflow/dags/1_first_dag.py
[2026-09-21T02:13:22.241+0000] {logging_mixin.py:149} INFO - [2026-09-21T02:13:22.241+0000] {dag.py:2726} INFO - Sync 1 DAGs
[2026-09-21T02:13:22.290+0000] {logging_mixin.py:149} INFO - [2026-09-21T02:13:22.290+0000] {dag.py:3490} INFO - Setting next_dagrun for 1-miprimerdag to None, run_after=None
[2026-09-21T02:13:22.341+0000] {processor.py:178} INFO - Processing /opt/airflow/dags/1_first_dag.py took 0.211 seconds
[2026-09-21T02:13:53.208+0000] {processor.py:156} INFO - Started process (PID=427) to work on /opt/airflow/dags/1_first_dag.py
[2026-09-21T02:13:53.210+0000] {processor.py:799} INFO - Processing file /opt/airflow/dags/1_first_dag.py for tasks to queue
[2026-09-21T02:13:53.211+0000] {logging_mixin.py:149} INFO - [2026-09-21T02:13:53.211+0000] {dagbag.py:541} INFO - Filling up the DagBag from /opt/airflow/dags/1_first_dag.py
[2026-09-21T02:13:53.216+0000] {processor.py:809} INFO - DAG(s) dict_keys(['1-miprimerdag']) retrieved from /opt/airflow/dags/1_first_dag.py
[2026-09-21T02:13:53.264+0000] {logging_mixin.py:149} INFO - [2026-09-21T02:13:53.264+0000] {dag.py:2726} INFO - Sync 1 DAGs
[2026-09-21T02:13:53.295+0000] {logging_mixin.py:149} INFO - [2026-09-21T02:13:53.295+0000] {dag.py:3490} INFO - Setting next_dagrun for 1-miprimerdag to None, run_after=None
[2026-09-21T02:13:53.318+0000] {processor.py:178} INFO - Processing /opt/airflow/dags/1_first_dag.py took 0.115 seconds
[2026-09-21T02:14:23.745+0000] {processor.py:156} INFO - Started process (PID=438) to work on /opt/airflow/dags/1_first_dag.py
[2026-09-21T02:14:23.747+0000] {processor.py:799} INFO - Processing file /opt/airflow/dags/1_first_dag.py for tasks to queue
[2026-09-21T02:14:23.757+0000] {logging_mixin.py:149} INFO - [2026-09-21T02:14:23.757+0000] {dagbag.py:541} INFO - Filling up the DagBag from /opt/airflow/dags/1_first_dag.py
[2026-09-21T02:14:23.779+0000] {processor.py:809} INFO - DAG(s) dict_keys(['1-miprimerdag']) retrieved from /opt/airflow/dags/1_first_dag.py
[2026-09-21T02:14:23.933+0000] {logging_mixin.py:149} INFO - [2026-09-21T02:14:23.932+0000] {dag.py:2726} INFO - Sync 1 DAGs
[2026-09-21T02:14:23.975+0000] {logging_mixin.py:149} INFO - [2026-09-21T02:14:23.975+0000] {dag.py:3490} INFO - Setting next_dagrun for 1-miprimerdag to None, run_after=None
[2026-09-21T02:14:24.010+0000] {processor.py:178} INFO - Processing /opt/airflow/dags/1_first_dag.py took 0.281 seconds
[2026-09-21T02:14:54.079+0000] {processor.py:156} INFO - Started process (PID=448) to work on /opt/airflow/dags/1_first_dag.py
[2026-09-21T02:14:54.082+0000] {processor.py:799} INFO - Processing file /opt/airflow/dags/1_first_dag.py for tasks to queue
[2026-09-21T02:14:54.084+0000] {logging_mixin.py:149} INFO - [2026-09-21T02:14:54.083+0000] {dagbag.py:541} INFO - Filling up the DagBag from /opt/airflow/dags/1_first_dag.py
[2026-09-21T02:14:54.089+0000] {processor.py:809} INFO - DAG(s) dict_keys(['1-miprimerdag']) retrieved from /opt/airflow/dags/1_first_dag.py
[2026-09-21T02:14:54.165+0000] {logging_mixin.py:149} INFO - [2026-09-21T02:14:54.165+0000] {dag.py:2726} INFO - Sync 1 DAGs
[2026-09-21T02:14:54.209+0000] {logging_mixin.py:149} INFO - [2026-09-21T02:14:54.208+0000] {dag.py:3490} INFO - Setting next_dagrun for 1-miprimerdag to None, run_after=None
[2026-09-21T02:14:54.250+0000] {processor.py:178} INFO - Processing /opt/airflow/dags/1_first_dag.py took 0.178 seconds
[2026-09-21T02:15:24.405+0000] {processor.py:156} INFO - Started process (PID=459) to work on /opt/airflow/dags/1_first_dag.py
[2026-09-21T02:15:24.407+0000] {processor.py:799} INFO - Processing file /opt/airflow/dags/1_first_dag.py for tasks to queue
[2026-09-21T02:15:24.408+0000] {logging_mixin.py:149} INFO - [2026-09-21T02:15:24.408+0000] {dagbag.py:541} INFO - Filling up the DagBag from /opt/airflow/dags/1_first_dag.py
[2026-09-21T02:15:24.419+0000] {processor.py:809} INFO - DAG(s) dict_keys(['1-miprimerdag']) retrieved from /opt/airflow/dags/1_first_dag.py
[2026-09-21T02:15:24.483+0000] {logging_mixin.py:149} INFO - [2026-09-21T02:15:24.483+0000] {dag.py:2726} INFO - Sync 1 DAGs
[2026-09-21T02:15:24.528+0000] {logging_mixin.py:149} INFO - [2026-09-21T02:15:24.528+0000] {dag.py:3490} INFO - Setting next_dagrun for 1-miprimerdag to None, run_after=None
[2026-09-21T02:15:24.568+0000] {processor.py:178} INFO - Processing /opt/airflow/dags/1_first_dag.py took 0.169 seconds
[2026-09-21T02:15:54.664+0000] {processor.py:156} INFO - Started process (PID=470) to work on /opt/airflow/dags/1_first_dag.py
[2026-09-21T02:15:54.665+0000] {processor.py:799} INFO - Processing file /opt/airflow/dags/1_first_dag.py for tasks to queue
[2026-09-21T02:15:54.666+0000] {logging_mixin.py:149} INFO - [2026-09-21T02:15:54.666+0000] {dagbag.py:541} INFO - Filling up the DagBag from /opt/airflow/dags/1_first_dag.py
[2026-09-21T02:15:54.673+0000] {processor.py:809} INFO - DAG(s) dict_keys(['1-miprimerdag']) retrieved from /opt/airflow/dags/1_first_dag.py
[2026-09-21T02:15:54.760+0000] {logging_mixin.py:149} INFO - [2026-09-21T02:15:54.757+0000] {dag.py:2726} INFO - Sync 1 DAGs
[2026-09-21T02:15:54.820+0000] {logging_mixin.py:149} INFO - [2026-09-21T02:15:54.820+0000] {dag.py:3490} INFO - Setting next_dagrun for 1-miprimerdag to None, run_after=None
[2026-09-21T02:15:54.853+0000] {processor.py:178} INFO - Processing /opt/airflow/dags/1_first_dag.py took 0.200 seconds
[2026-09-21T02:16:25.286+0000] {processor.py:156} INFO - Started process (PID=481) to work on /opt/airflow/dags/1_first_dag.py
[2026-09-21T02:16:25.288+0000] {processor.py:799} INFO - Processing file /opt/airflow/dags/1_first_dag.py for tasks to queue
[2026-09-21T02:16:25.291+0000] {logging_mixin.py:149} INFO - [2026-09-21T02:16:25.291+0000] {dagbag.py:541} INFO - Filling up the DagBag from /opt/airflow/dags/1_first_dag.py
[2026-09-21T02:16:25.296+0000] {processor.py:809} INFO - DAG(s) dict_keys(['1-miprimerdag']) retrieved from /opt/airflow/dags/1_first_dag.py
[2026-09-21T02:16:25.347+0000] {logging_mixin.py:149} INFO - [2026-09-21T02:16:25.347+0000] {dag.py:2726} INFO - Sync 1 DAGs
[2026-09-21T02:16:25.384+0000] {logging_mixin.py:149} INFO - [2026-09-21T02:16:25.383+0000] {dag.py:3490} INFO - Setting next_dagrun for 1-miprimerdag to None, run_after=None
[2026-09-21T02:16:25.421+0000] {processor.py:178} INFO - Processing /opt/airflow/dags/1_first_dag.py took 0.141 seconds
[2026-09-21T02:16:55.574+0000] {processor.py:156} INFO - Started process (PID=492) to work on /opt/airflow/dags/1_first_dag.py
[2026-09-21T02:16:55.576+0000] {processor.py:799} INFO - Processing file /opt/airflow/dags/1_first_dag.py for tasks to queue
[2026-09-21T02:16:55.577+0000] {logging_mixin.py:149} INFO - [2026-09-21T02:16:55.577+0000] {dagbag.py:541} INFO - Filling up the DagBag from /opt/airflow/dags/1_first_dag.py
[2026-09-21T02:16:55.583+0000] {processor.py:809} INFO - DAG(s) dict_keys(['1-miprimerdag']) retrieved from /opt/airflow/dags/1_first_dag.py
[2026-09-21T02:16:55.637+0000] {logging_mixin.py:149} INFO - [2026-09-21T02:16:55.637+0000] {dag.py:2726} INFO - Sync 1 DAGs
[2026-09-21T02:16:55.680+0000] {logging_mixin.py:149} INFO - [2026-09-21T02:16:55.680+0000] {dag.py:3490} INFO - Setting next_dagrun for 1-miprimerdag to None, run_after=None
[2026-09-21T02:16:55.726+0000] {processor.py:178} INFO - Processing /opt/airflow/dags/1_first_dag.py took 0.158 seconds
[2026-09-21T02:17:26.581+0000] {processor.py:156} INFO - Started process (PID=507) to work on /opt/airflow/dags/1_first_dag.py
[2026-09-21T02:17:26.584+0000] {processor.py:799} INFO - Processing file /opt/airflow/dags/1_first_dag.py for tasks to queue
[2026-09-21T02:17:26.586+0000] {logging_mixin.py:149} INFO - [2026-09-21T02:17:26.585+0000] {dagbag.py:541} INFO - Filling up the DagBag from /opt/airflow/dags/1_first_dag.py
[2026-09-21T02:17:26.596+0000] {processor.py:809} INFO - DAG(s) dict_keys(['1-miprimerdag']) retrieved from /opt/airflow/dags/1_first_dag.py
[2026-09-21T02:17:26.655+0000] {logging_mixin.py:149} INFO - [2026-09-21T02:17:26.655+0000] {dag.py:2726} INFO - Sync 1 DAGs
[2026-09-21T02:17:26.711+0000] {logging_mixin.py:149} INFO - [2026-09-21T02:17:26.711+0000] {dag.py:3490} INFO - Setting next_dagrun for 1-miprimerdag to None, run_after=None
[2026-09-21T02:17:26.753+0000] {processor.py:178} INFO - Processing /opt/airflow/dags/1_first_dag.py took 0.180 seconds
[2026-09-21T02:17:57.621+0000] {processor.py:156} INFO - Started process (PID=520) to work on /opt/airflow/dags/1_first_dag.py
[2026-09-21T02:17:57.624+0000] {processor.py:799} INFO - Processing file /opt/airflow/dags/1_first_dag.py for tasks to queue
[2026-09-21T02:17:57.628+0000] {logging_mixin.py:149} INFO - [2026-09-21T02:17:57.628+0000] {dagbag.py:541} INFO - Filling up the DagBag from /opt/airflow/dags/1_first_dag.py
[2026-09-21T02:17:57.637+0000] {processor.py:809} INFO - DAG(s) dict_keys(['1-miprimerdag']) retrieved from /opt/airflow/dags/1_first_dag.py
[2026-09-21T02:17:57.737+0000] {logging_mixin.py:149} INFO - [2026-09-21T02:17:57.737+0000] {dag.py:2726} INFO - Sync 1 DAGs
[2026-09-21T02:17:57.813+0000] {logging_mixin.py:149} INFO - [2026-09-21T02:17:57.809+0000] {dag.py:3490} INFO - Setting next_dagrun for 1-miprimerdag to None, run_after=None
[2026-09-21T02:17:57.865+0000] {processor.py:178} INFO - Processing /opt/airflow/dags/1_first_dag.py took 0.266 seconds
[2026-09-21T02:18:28.005+0000] {processor.py:156} INFO - Started process (PID=531) to work on /opt/airflow/dags/1_first_dag.py
[2026-09-21T02:18:28.014+0000] {processor.py:799} INFO - Processing file /opt/airflow/dags/1_first_dag.py for tasks to queue
[2026-09-21T02:18:28.018+0000] {logging_mixin.py:149} INFO - [2026-09-21T02:18:28.017+0000] {dagbag.py:541} INFO - Filling up the DagBag from /opt/airflow/dags/1_first_dag.py
[2026-09-21T02:18:28.038+0000] {processor.py:809} INFO - DAG(s) dict_keys(['1-miprimerdag']) retrieved from /opt/airflow/dags/1_first_dag.py
[2026-09-21T02:18:28.222+0000] {logging_mixin.py:149} INFO - [2026-09-21T02:18:28.222+0000] {dag.py:2726} INFO - Sync 1 DAGs
[2026-09-21T02:18:28.311+0000] {logging_mixin.py:149} INFO - [2026-09-21T02:18:28.310+0000] {dag.py:3490} INFO - Setting next_dagrun for 1-miprimerdag to None, run_after=None
[2026-09-21T02:18:28.401+0000] {processor.py:178} INFO - Processing /opt/airflow/dags/1_first_dag.py took 0.413 seconds
[2026-09-21T02:18:58.819+0000] {processor.py:156} INFO - Started process (PID=542) to work on /opt/airflow/dags/1_first_dag.py
[2026-09-21T02:18:58.824+0000] {processor.py:799} INFO - Processing file /opt/airflow/dags/1_first_dag.py for tasks to queue
[2026-09-21T02:18:58.836+0000] {logging_mixin.py:149} INFO - [2026-09-21T02:18:58.832+0000] {dagbag.py:541} INFO - Filling up the DagBag from /opt/airflow/dags/1_first_dag.py
[2026-09-21T02:18:58.850+0000] {processor.py:809} INFO - DAG(s) dict_keys(['1-miprimerdag']) retrieved from /opt/airflow/dags/1_first_dag.py
[2026-09-21T02:18:58.933+0000] {logging_mixin.py:149} INFO - [2026-09-21T02:18:58.933+0000] {dag.py:2726} INFO - Sync 1 DAGs
[2026-09-21T02:18:59.033+0000] {logging_mixin.py:149} INFO - [2026-09-21T02:18:59.032+0000] {dag.py:3490} INFO - Setting next_dagrun for 1-miprimerdag to None, run_after=None
[2026-09-21T02:18:59.094+0000] {processor.py:178} INFO - Processing /opt/airflow/dags/1_first_dag.py took 0.290 seconds
[2026-09-21T02:19:29.655+0000] {processor.py:156} INFO - Started process (PID=553) to work on /opt/airflow/dags/1_first_dag.py
[2026-09-21T02:19:29.660+0000] {processor.py:799} INFO - Processing file /opt/airflow/dags/1_first_dag.py for tasks to queue
[2026-09-21T02:19:29.662+0000] {logging_mixin.py:149} INFO - [2026-09-21T02:19:29.661+0000] {dagbag.py:541} INFO - Filling up the DagBag from /opt/airflow/dags/1_first_dag.py
[2026-09-21T02:19:29.676+0000] {processor.py:809} INFO - DAG(s) dict_keys(['1-miprimerdag']) retrieved from /opt/airflow/dags/1_first_dag.py
[2026-09-21T02:19:29.794+0000] {logging_mixin.py:149} INFO - [2026-09-21T02:19:29.788+0000] {dag.py:2726} INFO - Sync 1 DAGs
[2026-09-21T02:19:29.878+0000] {logging_mixin.py:149} INFO - [2026-09-21T02:19:29.878+0000] {dag.py:3490} INFO - Setting next_dagrun for 1-miprimerdag to None, run_after=None
[2026-09-21T02:19:29.965+0000] {processor.py:178} INFO - Processing /opt/airflow/dags/1_first_dag.py took 0.321 seconds
[2026-09-21T02:20:00.406+0000] {processor.py:156} INFO - Started process (PID=564) to work on /opt/airflow/dags/1_first_dag.py
[2026-09-21T02:20:00.408+0000] {processor.py:799} INFO - Processing file /opt/airflow/dags/1_first_dag.py for tasks to queue
[2026-09-21T02:20:00.411+0000] {logging_mixin.py:149} INFO - [2026-09-21T02:20:00.410+0000] {dagbag.py:541} INFO - Filling up the DagBag from /opt/airflow/dags/1_first_dag.py
[2026-09-21T02:20:00.419+0000] {processor.py:809} INFO - DAG(s) dict_keys(['1-miprimerdag']) retrieved from /opt/airflow/dags/1_first_dag.py
[2026-09-21T02:20:00.504+0000] {logging_mixin.py:149} INFO - [2026-09-21T02:20:00.504+0000] {dag.py:2726} INFO - Sync 1 DAGs
[2026-09-21T02:20:00.552+0000] {logging_mixin.py:149} INFO - [2026-09-21T02:20:00.552+0000] {dag.py:3490} INFO - Setting next_dagrun for 1-miprimerdag to None, run_after=None
[2026-09-21T02:20:00.598+0000] {processor.py:178} INFO - Processing /opt/airflow/dags/1_first_dag.py took 0.202 seconds
[2026-09-21T02:20:31.468+0000] {processor.py:156} INFO - Started process (PID=575) to work on /opt/airflow/dags/1_first_dag.py
[2026-09-21T02:20:31.484+0000] {processor.py:799} INFO - Processing file /opt/airflow/dags/1_first_dag.py for tasks to queue
[2026-09-21T02:20:31.485+0000] {logging_mixin.py:149} INFO - [2026-09-21T02:20:31.485+0000] {dagbag.py:541} INFO - Filling up the DagBag from /opt/airflow/dags/1_first_dag.py
[2026-09-21T02:20:31.494+0000] {processor.py:809} INFO - DAG(s) dict_keys(['1-miprimerdag']) retrieved from /opt/airflow/dags/1_first_dag.py
[2026-09-21T02:20:31.618+0000] {logging_mixin.py:149} INFO - [2026-09-21T02:20:31.617+0000] {dag.py:2726} INFO - Sync 1 DAGs
[2026-09-21T02:20:31.689+0000] {logging_mixin.py:149} INFO - [2026-09-21T02:20:31.688+0000] {dag.py:3490} INFO - Setting next_dagrun for 1-miprimerdag to None, run_after=None
[2026-09-21T02:20:31.737+0000] {processor.py:178} INFO - Processing /opt/airflow/dags/1_first_dag.py took 0.277 seconds
[2026-09-21T02:21:02.006+0000] {processor.py:156} INFO - Started process (PID=590) to work on /opt/airflow/dags/1_first_dag.py
[2026-09-21T02:21:02.008+0000] {processor.py:799} INFO - Processing file /opt/airflow/dags/1_first_dag.py for tasks to queue
[2026-09-21T02:21:02.009+0000] {logging_mixin.py:149} INFO - [2026-09-21T02:21:02.009+0000] {dagbag.py:541} INFO - Filling up the DagBag from /opt/airflow/dags/1_first_dag.py
[2026-09-21T02:21:02.015+0000] {processor.py:809} INFO - DAG(s) dict_keys(['1-miprimerdag']) retrieved from /opt/airflow/dags/1_first_dag.py
[2026-09-21T02:21:02.089+0000] {logging_mixin.py:149} INFO - [2026-09-21T02:21:02.089+0000] {dag.py:2726} INFO - Sync 1 DAGs
[2026-09-21T02:21:02.160+0000] {logging_mixin.py:149} INFO - [2026-09-21T02:21:02.160+0000] {dag.py:3490} INFO - Setting next_dagrun for 1-miprimerdag to None, run_after=None
[2026-09-21T02:21:02.200+0000] {processor.py:178} INFO - Processing /opt/airflow/dags/1_first_dag.py took 0.201 seconds
[2026-09-21T02:21:32.520+0000] {processor.py:156} INFO - Started process (PID=601) to work on /opt/airflow/dags/1_first_dag.py
[2026-09-21T02:21:32.523+0000] {processor.py:799} INFO - Processing file /opt/airflow/dags/1_first_dag.py for tasks to queue
[2026-09-21T02:21:32.528+0000] {logging_mixin.py:149} INFO - [2026-09-21T02:21:32.527+0000] {dagbag.py:541} INFO - Filling up the DagBag from /opt/airflow/dags/1_first_dag.py
[2026-09-21T02:21:32.544+0000] {processor.py:809} INFO - DAG(s) dict_keys(['1-miprimerdag']) retrieved from /opt/airflow/dags/1_first_dag.py
[2026-09-21T02:21:32.600+0000] {logging_mixin.py:149} INFO - [2026-09-21T02:21:32.600+0000] {dag.py:2726} INFO - Sync 1 DAGs
[2026-09-21T02:21:32.680+0000] {logging_mixin.py:149} INFO - [2026-09-21T02:21:32.680+0000] {dag.py:3490} INFO - Setting next_dagrun for 1-miprimerdag to None, run_after=None
[2026-09-21T02:21:32.731+0000] {processor.py:178} INFO - Processing /opt/airflow/dags/1_first_dag.py took 0.228 seconds
[2026-09-21T02:22:03.044+0000] {processor.py:156} INFO - Started process (PID=612) to work on /opt/airflow/dags/1_first_dag.py
[2026-09-21T02:22:03.047+0000] {processor.py:799} INFO - Processing file /opt/airflow/dags/1_first_dag.py for tasks to queue
[2026-09-21T02:22:03.048+0000] {logging_mixin.py:149} INFO - [2026-09-21T02:22:03.048+0000] {dagbag.py:541} INFO - Filling up the DagBag from /opt/airflow/dags/1_first_dag.py
[2026-09-21T02:22:03.054+0000] {processor.py:809} INFO - DAG(s) dict_keys(['1-miprimerdag']) retrieved from /opt/airflow/dags/1_first_dag.py
[2026-09-21T02:22:03.115+0000] {logging_mixin.py:149} INFO - [2026-09-21T02:22:03.115+0000] {dag.py:2726} INFO - Sync 1 DAGs
[2026-09-21T02:22:03.154+0000] {logging_mixin.py:149} INFO - [2026-09-21T02:22:03.153+0000] {dag.py:3490} INFO - Setting next_dagrun for 1-miprimerdag to None, run_after=None
[2026-09-21T02:22:03.194+0000] {processor.py:178} INFO - Processing /opt/airflow/dags/1_first_dag.py took 0.156 seconds
[2026-09-21T02:22:33.437+0000] {processor.py:156} INFO - Started process (PID=623) to work on /opt/airflow/dags/1_first_dag.py
[2026-09-21T02:22:33.439+0000] {processor.py:799} INFO - Processing file /opt/airflow/dags/1_first_dag.py for tasks to queue
[2026-09-21T02:22:33.441+0000] {logging_mixin.py:149} INFO - [2026-09-21T02:22:33.440+0000] {dagbag.py:541} INFO - Filling up the DagBag from /opt/airflow/dags/1_first_dag.py
[2026-09-21T02:22:33.447+0000] {processor.py:809} INFO - DAG(s) dict_keys(['1-miprimerdag']) retrieved from /opt/airflow/dags/1_first_dag.py
[2026-09-21T02:22:33.504+0000] {logging_mixin.py:149} INFO - [2026-09-21T02:22:33.504+0000] {dag.py:2726} INFO - Sync 1 DAGs
[2026-09-21T02:22:33.558+0000] {logging_mixin.py:149} INFO - [2026-09-21T02:22:33.557+0000] {dag.py:3490} INFO - Setting next_dagrun for 1-miprimerdag to None, run_after=None
[2026-09-21T02:22:33.624+0000] {processor.py:178} INFO - Processing /opt/airflow/dags/1_first_dag.py took 0.193 seconds
[2026-09-21T02:23:03.819+0000] {processor.py:156} INFO - Started process (PID=634) to work on /opt/airflow/dags/1_first_dag.py
[2026-09-21T02:23:03.829+0000] {processor.py:799} INFO - Processing file /opt/airflow/dags/1_first_dag.py for tasks to queue
[2026-09-21T02:23:03.833+0000] {logging_mixin.py:149} INFO - [2026-09-21T02:23:03.832+0000] {dagbag.py:541} INFO - Filling up the DagBag from /opt/airflow/dags/1_first_dag.py
[2026-09-21T02:23:03.849+0000] {processor.py:809} INFO - DAG(s) dict_keys(['1-miprimerdag']) retrieved from /opt/airflow/dags/1_first_dag.py
[2026-09-21T02:23:03.974+0000] {logging_mixin.py:149} INFO - [2026-09-21T02:23:03.973+0000] {dag.py:2726} INFO - Sync 1 DAGs
[2026-09-21T02:23:04.051+0000] {logging_mixin.py:149} INFO - [2026-09-21T02:23:04.051+0000] {dag.py:3490} INFO - Setting next_dagrun for 1-miprimerdag to None, run_after=None
[2026-09-21T02:23:04.098+0000] {processor.py:178} INFO - Processing /opt/airflow/dags/1_first_dag.py took 0.291 seconds
[2026-09-21T02:23:34.171+0000] {processor.py:156} INFO - Started process (PID=645) to work on /opt/airflow/dags/1_first_dag.py
[2026-09-21T02:23:34.175+0000] {processor.py:799} INFO - Processing file /opt/airflow/dags/1_first_dag.py for tasks to queue
[2026-09-21T02:23:34.176+0000] {logging_mixin.py:149} INFO - [2026-09-21T02:23:34.176+0000] {dagbag.py:541} INFO - Filling up the DagBag from /opt/airflow/dags/1_first_dag.py
[2026-09-21T02:23:34.187+0000] {processor.py:809} INFO - DAG(s) dict_keys(['1-miprimerdag']) retrieved from /opt/airflow/dags/1_first_dag.py
[2026-09-21T02:23:34.318+0000] {logging_mixin.py:149} INFO - [2026-09-21T02:23:34.318+0000] {dag.py:2726} INFO - Sync 1 DAGs
[2026-09-21T02:23:34.392+0000] {logging_mixin.py:149} INFO - [2026-09-21T02:23:34.392+0000] {dag.py:3490} INFO - Setting next_dagrun for 1-miprimerdag to None, run_after=None
[2026-09-21T02:23:34.447+0000] {processor.py:178} INFO - Processing /opt/airflow/dags/1_first_dag.py took 0.288 seconds
[2026-09-21T02:24:04.566+0000] {processor.py:156} INFO - Started process (PID=656) to work on /opt/airflow/dags/1_first_dag.py
[2026-09-21T02:24:04.569+0000] {processor.py:799} INFO - Processing file /opt/airflow/dags/1_first_dag.py for tasks to queue
[2026-09-21T02:24:04.573+0000] {logging_mixin.py:149} INFO - [2026-09-21T02:24:04.573+0000] {dagbag.py:541} INFO - Filling up the DagBag from /opt/airflow/dags/1_first_dag.py
[2026-09-21T02:24:04.584+0000] {processor.py:809} INFO - DAG(s) dict_keys(['1-miprimerdag']) retrieved from /opt/airflow/dags/1_first_dag.py
[2026-09-21T02:24:04.672+0000] {logging_mixin.py:149} INFO - [2026-09-21T02:24:04.671+0000] {dag.py:2726} INFO - Sync 1 DAGs
[2026-09-21T02:24:04.726+0000] {logging_mixin.py:149} INFO - [2026-09-21T02:24:04.725+0000] {dag.py:3490} INFO - Setting next_dagrun for 1-miprimerdag to None, run_after=None
[2026-09-21T02:24:04.787+0000] {processor.py:178} INFO - Processing /opt/airflow/dags/1_first_dag.py took 0.235 seconds
[2026-09-21T02:24:34.927+0000] {processor.py:156} INFO - Started process (PID=667) to work on /opt/airflow/dags/1_first_dag.py
[2026-09-21T02:24:34.932+0000] {processor.py:799} INFO - Processing file /opt/airflow/dags/1_first_dag.py for tasks to queue
[2026-09-21T02:24:34.934+0000] {logging_mixin.py:149} INFO - [2026-09-21T02:24:34.933+0000] {dagbag.py:541} INFO - Filling up the DagBag from /opt/airflow/dags/1_first_dag.py
[2026-09-21T02:24:34.941+0000] {processor.py:809} INFO - DAG(s) dict_keys(['1-miprimerdag']) retrieved from /opt/airflow/dags/1_first_dag.py
[2026-09-21T02:24:35.060+0000] {logging_mixin.py:149} INFO - [2026-09-21T02:24:35.060+0000] {dag.py:2726} INFO - Sync 1 DAGs
[2026-09-21T02:24:35.133+0000] {logging_mixin.py:149} INFO - [2026-09-21T02:24:35.133+0000] {dag.py:3490} INFO - Setting next_dagrun for 1-miprimerdag to None, run_after=None
[2026-09-21T02:24:35.200+0000] {processor.py:178} INFO - Processing /opt/airflow/dags/1_first_dag.py took 0.285 seconds
[2026-09-21T02:25:05.296+0000] {processor.py:156} INFO - Started process (PID=678) to work on /opt/airflow/dags/1_first_dag.py
[2026-09-21T02:25:05.302+0000] {processor.py:799} INFO - Processing file /opt/airflow/dags/1_first_dag.py for tasks to queue
[2026-09-21T02:25:05.306+0000] {logging_mixin.py:149} INFO - [2026-09-21T02:25:05.305+0000] {dagbag.py:541} INFO - Filling up the DagBag from /opt/airflow/dags/1_first_dag.py
[2026-09-21T02:25:05.315+0000] {processor.py:809} INFO - DAG(s) dict_keys(['1-miprimerdag']) retrieved from /opt/airflow/dags/1_first_dag.py
[2026-09-21T02:25:05.404+0000] {logging_mixin.py:149} INFO - [2026-09-21T02:25:05.404+0000] {dag.py:2726} INFO - Sync 1 DAGs
[2026-09-21T02:25:05.468+0000] {logging_mixin.py:149} INFO - [2026-09-21T02:25:05.468+0000] {dag.py:3490} INFO - Setting next_dagrun for 1-miprimerdag to None, run_after=None
[2026-09-21T02:25:05.504+0000] {processor.py:178} INFO - Processing /opt/airflow/dags/1_first_dag.py took 0.218 seconds
[2026-09-21T02:25:35.613+0000] {processor.py:156} INFO - Started process (PID=689) to work on /opt/airflow/dags/1_first_dag.py
[2026-09-21T02:25:35.616+0000] {processor.py:799} INFO - Processing file /opt/airflow/dags/1_first_dag.py for tasks to queue
[2026-09-21T02:25:35.617+0000] {logging_mixin.py:149} INFO - [2026-09-21T02:25:35.616+0000] {dagbag.py:541} INFO - Filling up the DagBag from /opt/airflow/dags/1_first_dag.py
[2026-09-21T02:25:35.630+0000] {processor.py:809} INFO - DAG(s) dict_keys(['1-miprimerdag']) retrieved from /opt/airflow/dags/1_first_dag.py
[2026-09-21T02:25:35.690+0000] {logging_mixin.py:149} INFO - [2026-09-21T02:25:35.689+0000] {dag.py:2726} INFO - Sync 1 DAGs
[2026-09-21T02:25:35.730+0000] {logging_mixin.py:149} INFO - [2026-09-21T02:25:35.729+0000] {dag.py:3490} INFO - Setting next_dagrun for 1-miprimerdag to None, run_after=None
[2026-09-21T02:25:35.762+0000] {processor.py:178} INFO - Processing /opt/airflow/dags/1_first_dag.py took 0.156 seconds
[2026-09-21T02:26:06.011+0000] {processor.py:156} INFO - Started process (PID=700) to work on /opt/airflow/dags/1_first_dag.py
[2026-09-21T02:26:06.013+0000] {processor.py:799} INFO - Processing file /opt/airflow/dags/1_first_dag.py for tasks to queue
[2026-09-21T02:26:06.014+0000] {logging_mixin.py:149} INFO - [2026-09-21T02:26:06.014+0000] {dagbag.py:541} INFO - Filling up the DagBag from /opt/airflow/dags/1_first_dag.py
[2026-09-21T02:26:06.021+0000] {processor.py:809} INFO - DAG(s) dict_keys(['1-miprimerdag']) retrieved from /opt/airflow/dags/1_first_dag.py
[2026-09-21T02:26:06.121+0000] {logging_mixin.py:149} INFO - [2026-09-21T02:26:06.118+0000] {dag.py:2726} INFO - Sync 1 DAGs
[2026-09-21T02:26:06.218+0000] {logging_mixin.py:149} INFO - [2026-09-21T02:26:06.218+0000] {dag.py:3490} INFO - Setting next_dagrun for 1-miprimerdag to None, run_after=None
[2026-09-21T02:26:06.266+0000] {processor.py:178} INFO - Processing /opt/airflow/dags/1_first_dag.py took 0.262 seconds
[2026-09-21T02:26:36.478+0000] {processor.py:156} INFO - Started process (PID=711) to work on /opt/airflow/dags/1_first_dag.py
[2026-09-21T02:26:36.484+0000] {processor.py:799} INFO - Processing file /opt/airflow/dags/1_first_dag.py for tasks to queue
[2026-09-21T02:26:36.485+0000] {logging_mixin.py:149} INFO - [2026-09-21T02:26:36.485+0000] {dagbag.py:541} INFO - Filling up the DagBag from /opt/airflow/dags/1_first_dag.py
[2026-09-21T02:26:36.492+0000] {processor.py:809} INFO - DAG(s) dict_keys(['1-miprimerdag']) retrieved from /opt/airflow/dags/1_first_dag.py
[2026-09-21T02:26:36.581+0000] {logging_mixin.py:149} INFO - [2026-09-21T02:26:36.581+0000] {dag.py:2726} INFO - Sync 1 DAGs
[2026-09-21T02:26:36.674+0000] {logging_mixin.py:149} INFO - [2026-09-21T02:26:36.673+0000] {dag.py:3490} INFO - Setting next_dagrun for 1-miprimerdag to None, run_after=None
[2026-09-21T02:26:36.723+0000] {processor.py:178} INFO - Processing /opt/airflow/dags/1_first_dag.py took 0.255 seconds
[2026-09-21T02:27:06.853+0000] {processor.py:156} INFO - Started process (PID=722) to work on /opt/airflow/dags/1_first_dag.py
[2026-09-21T02:27:06.856+0000] {processor.py:799} INFO - Processing file /opt/airflow/dags/1_first_dag.py for tasks to queue
[2026-09-21T02:27:06.857+0000] {logging_mixin.py:149} INFO - [2026-09-21T02:27:06.857+0000] {dagbag.py:541} INFO - Filling up the DagBag from /opt/airflow/dags/1_first_dag.py
[2026-09-21T02:27:06.863+0000] {processor.py:809} INFO - DAG(s) dict_keys(['1-miprimerdag']) retrieved from /opt/airflow/dags/1_first_dag.py
[2026-09-21T02:27:06.939+0000] {logging_mixin.py:149} INFO - [2026-09-21T02:27:06.938+0000] {dag.py:2726} INFO - Sync 1 DAGs
[2026-09-21T02:27:06.999+0000] {logging_mixin.py:149} INFO - [2026-09-21T02:27:06.999+0000] {dag.py:3490} INFO - Setting next_dagrun for 1-miprimerdag to None, run_after=None
[2026-09-21T02:27:07.043+0000] {processor.py:178} INFO - Processing /opt/airflow/dags/1_first_dag.py took 0.197 seconds
[2026-09-21T02:27:37.228+0000] {processor.py:156} INFO - Started process (PID=733) to work on /opt/airflow/dags/1_first_dag.py
[2026-09-21T02:27:37.239+0000] {processor.py:799} INFO - Processing file /opt/airflow/dags/1_first_dag.py for tasks to queue
[2026-09-21T02:27:37.241+0000] {logging_mixin.py:149} INFO - [2026-09-21T02:27:37.240+0000] {dagbag.py:541} INFO - Filling up the DagBag from /opt/airflow/dags/1_first_dag.py
[2026-09-21T02:27:37.255+0000] {processor.py:809} INFO - DAG(s) dict_keys(['1-miprimerdag']) retrieved from /opt/airflow/dags/1_first_dag.py
[2026-09-21T02:27:37.336+0000] {logging_mixin.py:149} INFO - [2026-09-21T02:27:37.336+0000] {dag.py:2726} INFO - Sync 1 DAGs
[2026-09-21T02:27:37.380+0000] {logging_mixin.py:149} INFO - [2026-09-21T02:27:37.380+0000] {dag.py:3490} INFO - Setting next_dagrun for 1-miprimerdag to None, run_after=None
[2026-09-21T02:27:37.443+0000] {processor.py:178} INFO - Processing /opt/airflow/dags/1_first_dag.py took 0.221 seconds
[2026-09-21T02:28:07.677+0000] {processor.py:156} INFO - Started process (PID=744) to work on /opt/airflow/dags/1_first_dag.py
[2026-09-21T02:28:07.684+0000] {processor.py:799} INFO - Processing file /opt/airflow/dags/1_first_dag.py for tasks to queue
[2026-09-21T02:28:07.687+0000] {logging_mixin.py:149} INFO - [2026-09-21T02:28:07.686+0000] {dagbag.py:541} INFO - Filling up the DagBag from /opt/airflow/dags/1_first_dag.py
[2026-09-21T02:28:07.700+0000] {processor.py:809} INFO - DAG(s) dict_keys(['1-miprimerdag']) retrieved from /opt/airflow/dags/1_first_dag.py
[2026-09-21T02:28:07.776+0000] {logging_mixin.py:149} INFO - [2026-09-21T02:28:07.776+0000] {dag.py:2726} INFO - Sync 1 DAGs
[2026-09-21T02:28:07.834+0000] {logging_mixin.py:149} INFO - [2026-09-21T02:28:07.834+0000] {dag.py:3490} INFO - Setting next_dagrun for 1-miprimerdag to None, run_after=None
[2026-09-21T02:28:07.885+0000] {processor.py:178} INFO - Processing /opt/airflow/dags/1_first_dag.py took 0.217 seconds
[2026-09-21T02:28:38.093+0000] {processor.py:156} INFO - Started process (PID=755) to work on /opt/airflow/dags/1_first_dag.py
[2026-09-21T02:28:38.103+0000] {processor.py:799} INFO - Processing file /opt/airflow/dags/1_first_dag.py for tasks to queue
[2026-09-21T02:28:38.105+0000] {logging_mixin.py:149} INFO - [2026-09-21T02:28:38.104+0000] {dagbag.py:541} INFO - Filling up the DagBag from /opt/airflow/dags/1_first_dag.py
[2026-09-21T02:28:38.117+0000] {processor.py:809} INFO - DAG(s) dict_keys(['1-miprimerdag']) retrieved from /opt/airflow/dags/1_first_dag.py
[2026-09-21T02:28:38.197+0000] {logging_mixin.py:149} INFO - [2026-09-21T02:28:38.197+0000] {dag.py:2726} INFO - Sync 1 DAGs
[2026-09-21T02:28:38.250+0000] {logging_mixin.py:149} INFO - [2026-09-21T02:28:38.250+0000] {dag.py:3490} INFO - Setting next_dagrun for 1-miprimerdag to None, run_after=None
[2026-09-21T02:28:38.294+0000] {processor.py:178} INFO - Processing /opt/airflow/dags/1_first_dag.py took 0.220 seconds
[2026-09-21T02:29:08.589+0000] {processor.py:156} INFO - Started process (PID=766) to work on /opt/airflow/dags/1_first_dag.py
[2026-09-21T02:29:08.598+0000] {processor.py:799} INFO - Processing file /opt/airflow/dags/1_first_dag.py for tasks to queue
[2026-09-21T02:29:08.599+0000] {logging_mixin.py:149} INFO - [2026-09-21T02:29:08.599+0000] {dagbag.py:541} INFO - Filling up the DagBag from /opt/airflow/dags/1_first_dag.py
[2026-09-21T02:29:08.603+0000] {processor.py:809} INFO - DAG(s) dict_keys(['1-miprimerdag']) retrieved from /opt/airflow/dags/1_first_dag.py
[2026-09-21T02:29:08.647+0000] {logging_mixin.py:149} INFO - [2026-09-21T02:29:08.647+0000] {dag.py:2726} INFO - Sync 1 DAGs
[2026-09-21T02:29:08.693+0000] {logging_mixin.py:149} INFO - [2026-09-21T02:29:08.693+0000] {dag.py:3490} INFO - Setting next_dagrun for 1-miprimerdag to None, run_after=None
[2026-09-21T02:29:08.754+0000] {processor.py:178} INFO - Processing /opt/airflow/dags/1_first_dag.py took 0.176 seconds
[2026-09-21T02:29:39.078+0000] {processor.py:156} INFO - Started process (PID=777) to work on /opt/airflow/dags/1_first_dag.py
[2026-09-21T02:29:39.083+0000] {processor.py:799} INFO - Processing file /opt/airflow/dags/1_first_dag.py for tasks to queue
[2026-09-21T02:29:39.086+0000] {logging_mixin.py:149} INFO - [2026-09-21T02:29:39.086+0000] {dagbag.py:541} INFO - Filling up the DagBag from /opt/airflow/dags/1_first_dag.py
[2026-09-21T02:29:39.094+0000] {processor.py:809} INFO - DAG(s) dict_keys(['1-miprimerdag']) retrieved from /opt/airflow/dags/1_first_dag.py
[2026-09-21T02:29:39.179+0000] {logging_mixin.py:149} INFO - [2026-09-21T02:29:39.179+0000] {dag.py:2726} INFO - Sync 1 DAGs
[2026-09-21T02:29:39.219+0000] {logging_mixin.py:149} INFO - [2026-09-21T02:29:39.219+0000] {dag.py:3490} INFO - Setting next_dagrun for 1-miprimerdag to None, run_after=None
[2026-09-21T02:29:39.258+0000] {processor.py:178} INFO - Processing /opt/airflow/dags/1_first_dag.py took 0.191 seconds
[2026-09-21T02:30:09.517+0000] {processor.py:156} INFO - Started process (PID=788) to work on /opt/airflow/dags/1_first_dag.py
[2026-09-21T02:30:09.519+0000] {processor.py:799} INFO - Processing file /opt/airflow/dags/1_first_dag.py for tasks to queue
[2026-09-21T02:30:09.520+0000] {logging_mixin.py:149} INFO - [2026-09-21T02:30:09.520+0000] {dagbag.py:541} INFO - Filling up the DagBag from /opt/airflow/dags/1_first_dag.py
[2026-09-21T02:30:09.526+0000] {processor.py:809} INFO - DAG(s) dict_keys(['1-miprimerdag']) retrieved from /opt/airflow/dags/1_first_dag.py
[2026-09-21T02:30:09.598+0000] {logging_mixin.py:149} INFO - [2026-09-21T02:30:09.598+0000] {dag.py:2726} INFO - Sync 1 DAGs
[2026-09-21T02:30:09.660+0000] {logging_mixin.py:149} INFO - [2026-09-21T02:30:09.659+0000] {dag.py:3490} INFO - Setting next_dagrun for 1-miprimerdag to None, run_after=None
[2026-09-21T02:30:09.694+0000] {processor.py:178} INFO - Processing /opt/airflow/dags/1_first_dag.py took 0.183 seconds
[2026-09-21T02:30:39.794+0000] {processor.py:156} INFO - Started process (PID=799) to work on /opt/airflow/dags/1_first_dag.py
[2026-09-21T02:30:39.797+0000] {processor.py:799} INFO - Processing file /opt/airflow/dags/1_first_dag.py for tasks to queue
[2026-09-21T02:30:39.798+0000] {logging_mixin.py:149} INFO - [2026-09-21T02:30:39.798+0000] {dagbag.py:541} INFO - Filling up the DagBag from /opt/airflow/dags/1_first_dag.py
[2026-09-21T02:30:39.807+0000] {processor.py:809} INFO - DAG(s) dict_keys(['1-miprimerdag']) retrieved from /opt/airflow/dags/1_first_dag.py
[2026-09-21T02:30:39.885+0000] {logging_mixin.py:149} INFO - [2026-09-21T02:30:39.884+0000] {dag.py:2726} INFO - Sync 1 DAGs
[2026-09-21T02:30:39.941+0000] {logging_mixin.py:149} INFO - [2026-09-21T02:30:39.941+0000] {dag.py:3490} INFO - Setting next_dagrun for 1-miprimerdag to None, run_after=None
[2026-09-21T02:30:39.990+0000] {processor.py:178} INFO - Processing /opt/airflow/dags/1_first_dag.py took 0.215 seconds
[2026-09-21T02:31:10.351+0000] {processor.py:156} INFO - Started process (PID=810) to work on /opt/airflow/dags/1_first_dag.py
[2026-09-21T02:31:10.355+0000] {processor.py:799} INFO - Processing file /opt/airflow/dags/1_first_dag.py for tasks to queue
[2026-09-21T02:31:10.356+0000] {logging_mixin.py:149} INFO - [2026-09-21T02:31:10.355+0000] {dagbag.py:541} INFO - Filling up the DagBag from /opt/airflow/dags/1_first_dag.py
[2026-09-21T02:31:10.361+0000] {processor.py:809} INFO - DAG(s) dict_keys(['1-miprimerdag']) retrieved from /opt/airflow/dags/1_first_dag.py
[2026-09-21T02:31:10.472+0000] {logging_mixin.py:149} INFO - [2026-09-21T02:31:10.472+0000] {dag.py:2726} INFO - Sync 1 DAGs
[2026-09-21T02:31:10.518+0000] {logging_mixin.py:149} INFO - [2026-09-21T02:31:10.517+0000] {dag.py:3490} INFO - Setting next_dagrun for 1-miprimerdag to None, run_after=None
[2026-09-21T02:31:10.567+0000] {processor.py:178} INFO - Processing /opt/airflow/dags/1_first_dag.py took 0.224 seconds
[2026-09-21T02:31:40.799+0000] {processor.py:156} INFO - Started process (PID=821) to work on /opt/airflow/dags/1_first_dag.py
[2026-09-21T02:31:40.806+0000] {processor.py:799} INFO - Processing file /opt/airflow/dags/1_first_dag.py for tasks to queue
[2026-09-21T02:31:40.809+0000] {logging_mixin.py:149} INFO - [2026-09-21T02:31:40.808+0000] {dagbag.py:541} INFO - Filling up the DagBag from /opt/airflow/dags/1_first_dag.py
[2026-09-21T02:31:40.823+0000] {processor.py:809} INFO - DAG(s) dict_keys(['1-miprimerdag']) retrieved from /opt/airflow/dags/1_first_dag.py
[2026-09-21T02:31:40.897+0000] {logging_mixin.py:149} INFO - [2026-09-21T02:31:40.897+0000] {dag.py:2726} INFO - Sync 1 DAGs
[2026-09-21T02:31:40.956+0000] {logging_mixin.py:149} INFO - [2026-09-21T02:31:40.956+0000] {dag.py:3490} INFO - Setting next_dagrun for 1-miprimerdag to None, run_after=None
[2026-09-21T02:31:41.022+0000] {processor.py:178} INFO - Processing /opt/airflow/dags/1_first_dag.py took 0.237 seconds
[2026-09-21T02:32:11.127+0000] {processor.py:156} INFO - Started process (PID=832) to work on /opt/airflow/dags/1_first_dag.py
[2026-09-21T02:32:11.133+0000] {processor.py:799} INFO - Processing file /opt/airflow/dags/1_first_dag.py for tasks to queue
[2026-09-21T02:32:11.134+0000] {logging_mixin.py:149} INFO - [2026-09-21T02:32:11.134+0000] {dagbag.py:541} INFO - Filling up the DagBag from /opt/airflow/dags/1_first_dag.py
[2026-09-21T02:32:11.141+0000] {processor.py:809} INFO - DAG(s) dict_keys(['1-miprimerdag']) retrieved from /opt/airflow/dags/1_first_dag.py
[2026-09-21T02:32:11.228+0000] {logging_mixin.py:149} INFO - [2026-09-21T02:32:11.228+0000] {dag.py:2726} INFO - Sync 1 DAGs
[2026-09-21T02:32:11.288+0000] {logging_mixin.py:149} INFO - [2026-09-21T02:32:11.287+0000] {dag.py:3490} INFO - Setting next_dagrun for 1-miprimerdag to None, run_after=None
[2026-09-21T02:32:11.326+0000] {processor.py:178} INFO - Processing /opt/airflow/dags/1_first_dag.py took 0.208 seconds
[2026-09-21T02:32:41.424+0000] {processor.py:156} INFO - Started process (PID=843) to work on /opt/airflow/dags/1_first_dag.py
[2026-09-21T02:32:41.427+0000] {processor.py:799} INFO - Processing file /opt/airflow/dags/1_first_dag.py for tasks to queue
[2026-09-21T02:32:41.428+0000] {logging_mixin.py:149} INFO - [2026-09-21T02:32:41.428+0000] {dagbag.py:541} INFO - Filling up the DagBag from /opt/airflow/dags/1_first_dag.py
[2026-09-21T02:32:41.433+0000] {processor.py:809} INFO - DAG(s) dict_keys(['1-miprimerdag']) retrieved from /opt/airflow/dags/1_first_dag.py
[2026-09-21T02:32:41.513+0000] {logging_mixin.py:149} INFO - [2026-09-21T02:32:41.512+0000] {dag.py:2726} INFO - Sync 1 DAGs
[2026-09-21T02:32:41.568+0000] {logging_mixin.py:149} INFO - [2026-09-21T02:32:41.567+0000] {dag.py:3490} INFO - Setting next_dagrun for 1-miprimerdag to None, run_after=None
[2026-09-21T02:32:41.608+0000] {processor.py:178} INFO - Processing /opt/airflow/dags/1_first_dag.py took 0.197 seconds
[2026-09-21T02:33:12.479+0000] {processor.py:156} INFO - Started process (PID=854) to work on /opt/airflow/dags/1_first_dag.py
[2026-09-21T02:33:12.482+0000] {processor.py:799} INFO - Processing file /opt/airflow/dags/1_first_dag.py for tasks to queue
[2026-09-21T02:33:12.483+0000] {logging_mixin.py:149} INFO - [2026-09-21T02:33:12.483+0000] {dagbag.py:541} INFO - Filling up the DagBag from /opt/airflow/dags/1_first_dag.py
[2026-09-21T02:33:12.490+0000] {processor.py:809} INFO - DAG(s) dict_keys(['1-miprimerdag']) retrieved from /opt/airflow/dags/1_first_dag.py
[2026-09-21T02:33:12.540+0000] {logging_mixin.py:149} INFO - [2026-09-21T02:33:12.540+0000] {dag.py:2726} INFO - Sync 1 DAGs
[2026-09-21T02:33:12.584+0000] {logging_mixin.py:149} INFO - [2026-09-21T02:33:12.584+0000] {dag.py:3490} INFO - Setting next_dagrun for 1-miprimerdag to None, run_after=None
[2026-09-21T02:33:12.629+0000] {processor.py:178} INFO - Processing /opt/airflow/dags/1_first_dag.py took 0.159 seconds
[2026-09-21T02:33:43.696+0000] {processor.py:156} INFO - Started process (PID=865) to work on /opt/airflow/dags/1_first_dag.py
[2026-09-21T02:33:43.697+0000] {processor.py:799} INFO - Processing file /opt/airflow/dags/1_first_dag.py for tasks to queue
[2026-09-21T02:33:43.698+0000] {logging_mixin.py:149} INFO - [2026-09-21T02:33:43.698+0000] {dagbag.py:541} INFO - Filling up the DagBag from /opt/airflow/dags/1_first_dag.py
[2026-09-21T02:33:43.703+0000] {processor.py:809} INFO - DAG(s) dict_keys(['1-miprimerdag']) retrieved from /opt/airflow/dags/1_first_dag.py
[2026-09-21T02:33:43.754+0000] {logging_mixin.py:149} INFO - [2026-09-21T02:33:43.753+0000] {dag.py:2726} INFO - Sync 1 DAGs
[2026-09-21T02:33:43.783+0000] {logging_mixin.py:149} INFO - [2026-09-21T02:33:43.783+0000] {dag.py:3490} INFO - Setting next_dagrun for 1-miprimerdag to None, run_after=None
[2026-09-21T02:33:43.820+0000] {processor.py:178} INFO - Processing /opt/airflow/dags/1_first_dag.py took 0.129 seconds
[2026-09-21T02:34:14.974+0000] {processor.py:156} INFO - Started process (PID=876) to work on /opt/airflow/dags/1_first_dag.py
[2026-09-21T02:34:14.979+0000] {processor.py:799} INFO - Processing file /opt/airflow/dags/1_first_dag.py for tasks to queue
[2026-09-21T02:34:14.985+0000] {logging_mixin.py:149} INFO - [2026-09-21T02:34:14.980+0000] {dagbag.py:541} INFO - Filling up the DagBag from /opt/airflow/dags/1_first_dag.py
[2026-09-21T02:34:14.999+0000] {processor.py:809} INFO - DAG(s) dict_keys(['1-miprimerdag']) retrieved from /opt/airflow/dags/1_first_dag.py
[2026-09-21T02:34:15.122+0000] {logging_mixin.py:149} INFO - [2026-09-21T02:34:15.121+0000] {dag.py:2726} INFO - Sync 1 DAGs
[2026-09-21T02:34:15.228+0000] {logging_mixin.py:149} INFO - [2026-09-21T02:34:15.228+0000] {dag.py:3490} INFO - Setting next_dagrun for 1-miprimerdag to None, run_after=None
[2026-09-21T02:34:15.325+0000] {processor.py:178} INFO - Processing /opt/airflow/dags/1_first_dag.py took 0.371 seconds
[2026-09-21T02:34:45.467+0000] {processor.py:156} INFO - Started process (PID=887) to work on /opt/airflow/dags/1_first_dag.py
[2026-09-21T02:34:45.470+0000] {processor.py:799} INFO - Processing file /opt/airflow/dags/1_first_dag.py for tasks to queue
[2026-09-21T02:34:45.472+0000] {logging_mixin.py:149} INFO - [2026-09-21T02:34:45.471+0000] {dagbag.py:541} INFO - Filling up the DagBag from /opt/airflow/dags/1_first_dag.py
[2026-09-21T02:34:45.479+0000] {processor.py:809} INFO - DAG(s) dict_keys(['1-miprimerdag']) retrieved from /opt/airflow/dags/1_first_dag.py
[2026-09-21T02:34:45.550+0000] {logging_mixin.py:149} INFO - [2026-09-21T02:34:45.550+0000] {dag.py:2726} INFO - Sync 1 DAGs
[2026-09-21T02:34:45.610+0000] {logging_mixin.py:149} INFO - [2026-09-21T02:34:45.609+0000] {dag.py:3490} INFO - Setting next_dagrun for 1-miprimerdag to None, run_after=None
[2026-09-21T02:34:45.644+0000] {processor.py:178} INFO - Processing /opt/airflow/dags/1_first_dag.py took 0.184 seconds
[2026-09-21T02:35:16.598+0000] {processor.py:156} INFO - Started process (PID=898) to work on /opt/airflow/dags/1_first_dag.py
[2026-09-21T02:35:16.600+0000] {processor.py:799} INFO - Processing file /opt/airflow/dags/1_first_dag.py for tasks to queue
[2026-09-21T02:35:16.600+0000] {logging_mixin.py:149} INFO - [2026-09-21T02:35:16.600+0000] {dagbag.py:541} INFO - Filling up the DagBag from /opt/airflow/dags/1_first_dag.py
[2026-09-21T02:35:16.605+0000] {processor.py:809} INFO - DAG(s) dict_keys(['1-miprimerdag']) retrieved from /opt/airflow/dags/1_first_dag.py
[2026-09-21T02:35:16.656+0000] {logging_mixin.py:149} INFO - [2026-09-21T02:35:16.656+0000] {dag.py:2726} INFO - Sync 1 DAGs
[2026-09-21T02:35:16.691+0000] {logging_mixin.py:149} INFO - [2026-09-21T02:35:16.691+0000] {dag.py:3490} INFO - Setting next_dagrun for 1-miprimerdag to None, run_after=None
[2026-09-21T02:35:16.719+0000] {processor.py:178} INFO - Processing /opt/airflow/dags/1_first_dag.py took 0.127 seconds
[2026-09-21T02:35:43.800+0000] {processor.py:156} INFO - Started process (PID=911) to work on /opt/airflow/dags/1_first_dag.py
[2026-09-21T02:35:43.802+0000] {processor.py:799} INFO - Processing file /opt/airflow/dags/1_first_dag.py for tasks to queue
[2026-09-21T02:35:43.804+0000] {logging_mixin.py:149} INFO - [2026-09-21T02:35:43.804+0000] {dagbag.py:541} INFO - Filling up the DagBag from /opt/airflow/dags/1_first_dag.py
[2026-09-21T02:35:43.815+0000] {processor.py:809} INFO - DAG(s) dict_keys(['1-miprimerdag']) retrieved from /opt/airflow/dags/1_first_dag.py
[2026-09-21T02:35:43.892+0000] {logging_mixin.py:149} INFO - [2026-09-21T02:35:43.891+0000] {dag.py:2726} INFO - Sync 1 DAGs
[2026-09-21T02:35:43.935+0000] {logging_mixin.py:149} INFO - [2026-09-21T02:35:43.935+0000] {dag.py:3490} INFO - Setting next_dagrun for 1-miprimerdag to None, run_after=None
[2026-09-21T02:35:43.985+0000] {processor.py:178} INFO - Processing /opt/airflow/dags/1_first_dag.py took 0.194 seconds
[2026-09-21T02:36:14.216+0000] {processor.py:156} INFO - Started process (PID=922) to work on /opt/airflow/dags/1_first_dag.py
[2026-09-21T02:36:14.220+0000] {processor.py:799} INFO - Processing file /opt/airflow/dags/1_first_dag.py for tasks to queue
[2026-09-21T02:36:14.223+0000] {logging_mixin.py:149} INFO - [2026-09-21T02:36:14.222+0000] {dagbag.py:541} INFO - Filling up the DagBag from /opt/airflow/dags/1_first_dag.py
[2026-09-21T02:36:14.230+0000] {processor.py:809} INFO - DAG(s) dict_keys(['1-miprimerdag']) retrieved from /opt/airflow/dags/1_first_dag.py
[2026-09-21T02:36:14.309+0000] {logging_mixin.py:149} INFO - [2026-09-21T02:36:14.309+0000] {dag.py:2726} INFO - Sync 1 DAGs
[2026-09-21T02:36:14.374+0000] {logging_mixin.py:149} INFO - [2026-09-21T02:36:14.373+0000] {dag.py:3490} INFO - Setting next_dagrun for 1-miprimerdag to None, run_after=None
[2026-09-21T02:36:14.426+0000] {processor.py:178} INFO - Processing /opt/airflow/dags/1_first_dag.py took 0.237 seconds
[2026-09-21T02:36:44.557+0000] {processor.py:156} INFO - Started process (PID=933) to work on /opt/airflow/dags/1_first_dag.py
[2026-09-21T02:36:44.563+0000] {processor.py:799} INFO - Processing file /opt/airflow/dags/1_first_dag.py for tasks to queue
[2026-09-21T02:36:44.564+0000] {logging_mixin.py:149} INFO - [2026-09-21T02:36:44.564+0000] {dagbag.py:541} INFO - Filling up the DagBag from /opt/airflow/dags/1_first_dag.py
[2026-09-21T02:36:44.575+0000] {processor.py:809} INFO - DAG(s) dict_keys(['1-miprimerdag']) retrieved from /opt/airflow/dags/1_first_dag.py
[2026-09-21T02:36:44.646+0000] {logging_mixin.py:149} INFO - [2026-09-21T02:36:44.645+0000] {dag.py:2726} INFO - Sync 1 DAGs
[2026-09-21T02:36:44.696+0000] {logging_mixin.py:149} INFO - [2026-09-21T02:36:44.696+0000] {dag.py:3490} INFO - Setting next_dagrun for 1-miprimerdag to None, run_after=None
[2026-09-21T02:36:44.745+0000] {processor.py:178} INFO - Processing /opt/airflow/dags/1_first_dag.py took 0.201 seconds
[2026-09-21T02:37:15.093+0000] {processor.py:156} INFO - Started process (PID=944) to work on /opt/airflow/dags/1_first_dag.py
[2026-09-21T02:37:15.095+0000] {processor.py:799} INFO - Processing file /opt/airflow/dags/1_first_dag.py for tasks to queue
[2026-09-21T02:37:15.096+0000] {logging_mixin.py:149} INFO - [2026-09-21T02:37:15.096+0000] {dagbag.py:541} INFO - Filling up the DagBag from /opt/airflow/dags/1_first_dag.py
[2026-09-21T02:37:15.104+0000] {processor.py:809} INFO - DAG(s) dict_keys(['1-miprimerdag']) retrieved from /opt/airflow/dags/1_first_dag.py
[2026-09-21T02:37:15.160+0000] {logging_mixin.py:149} INFO - [2026-09-21T02:37:15.159+0000] {dag.py:2726} INFO - Sync 1 DAGs
[2026-09-21T02:37:15.196+0000] {logging_mixin.py:149} INFO - [2026-09-21T02:37:15.196+0000] {dag.py:3490} INFO - Setting next_dagrun for 1-miprimerdag to None, run_after=None
[2026-09-21T02:37:15.225+0000] {processor.py:178} INFO - Processing /opt/airflow/dags/1_first_dag.py took 0.139 seconds
[2026-09-21T02:37:45.277+0000] {processor.py:156} INFO - Started process (PID=955) to work on /opt/airflow/dags/1_first_dag.py
[2026-09-21T02:37:45.294+0000] {processor.py:799} INFO - Processing file /opt/airflow/dags/1_first_dag.py for tasks to queue
[2026-09-21T02:37:45.301+0000] {logging_mixin.py:149} INFO - [2026-09-21T02:37:45.298+0000] {dagbag.py:541} INFO - Filling up the DagBag from /opt/airflow/dags/1_first_dag.py
[2026-09-21T02:37:45.310+0000] {processor.py:809} INFO - DAG(s) dict_keys(['1-miprimerdag']) retrieved from /opt/airflow/dags/1_first_dag.py
[2026-09-21T02:37:45.444+0000] {logging_mixin.py:149} INFO - [2026-09-21T02:37:45.443+0000] {dag.py:2726} INFO - Sync 1 DAGs
[2026-09-21T02:37:45.481+0000] {logging_mixin.py:149} INFO - [2026-09-21T02:37:45.481+0000] {dag.py:3490} INFO - Setting next_dagrun for 1-miprimerdag to None, run_after=None
[2026-09-21T02:37:45.510+0000] {processor.py:178} INFO - Processing /opt/airflow/dags/1_first_dag.py took 0.242 seconds
[2026-09-21T02:38:15.754+0000] {processor.py:156} INFO - Started process (PID=966) to work on /opt/airflow/dags/1_first_dag.py
[2026-09-21T02:38:15.760+0000] {processor.py:799} INFO - Processing file /opt/airflow/dags/1_first_dag.py for tasks to queue
[2026-09-21T02:38:15.761+0000] {logging_mixin.py:149} INFO - [2026-09-21T02:38:15.761+0000] {dagbag.py:541} INFO - Filling up the DagBag from /opt/airflow/dags/1_first_dag.py
[2026-09-21T02:38:15.780+0000] {processor.py:809} INFO - DAG(s) dict_keys(['1-miprimerdag']) retrieved from /opt/airflow/dags/1_first_dag.py
[2026-09-21T02:38:15.876+0000] {logging_mixin.py:149} INFO - [2026-09-21T02:38:15.876+0000] {dag.py:2726} INFO - Sync 1 DAGs
[2026-09-21T02:38:15.940+0000] {logging_mixin.py:149} INFO - [2026-09-21T02:38:15.939+0000] {dag.py:3490} INFO - Setting next_dagrun for 1-miprimerdag to None, run_after=None
[2026-09-21T02:38:15.987+0000] {processor.py:178} INFO - Processing /opt/airflow/dags/1_first_dag.py took 0.242 seconds
[2026-09-21T02:38:46.148+0000] {processor.py:156} INFO - Started process (PID=977) to work on /opt/airflow/dags/1_first_dag.py
[2026-09-21T02:38:46.155+0000] {processor.py:799} INFO - Processing file /opt/airflow/dags/1_first_dag.py for tasks to queue
[2026-09-21T02:38:46.157+0000] {logging_mixin.py:149} INFO - [2026-09-21T02:38:46.156+0000] {dagbag.py:541} INFO - Filling up the DagBag from /opt/airflow/dags/1_first_dag.py
[2026-09-21T02:38:46.170+0000] {processor.py:809} INFO - DAG(s) dict_keys(['1-miprimerdag']) retrieved from /opt/airflow/dags/1_first_dag.py
[2026-09-21T02:38:46.271+0000] {logging_mixin.py:149} INFO - [2026-09-21T02:38:46.271+0000] {dag.py:2726} INFO - Sync 1 DAGs
[2026-09-21T02:38:46.326+0000] {logging_mixin.py:149} INFO - [2026-09-21T02:38:46.326+0000] {dag.py:3490} INFO - Setting next_dagrun for 1-miprimerdag to None, run_after=None
[2026-09-21T02:38:46.365+0000] {processor.py:178} INFO - Processing /opt/airflow/dags/1_first_dag.py took 0.224 seconds
[2026-09-21T02:39:16.496+0000] {processor.py:156} INFO - Started process (PID=988) to work on /opt/airflow/dags/1_first_dag.py
[2026-09-21T02:39:16.499+0000] {processor.py:799} INFO - Processing file /opt/airflow/dags/1_first_dag.py for tasks to queue
[2026-09-21T02:39:16.505+0000] {logging_mixin.py:149} INFO - [2026-09-21T02:39:16.504+0000] {dagbag.py:541} INFO - Filling up the DagBag from /opt/airflow/dags/1_first_dag.py
[2026-09-21T02:39:16.512+0000] {processor.py:809} INFO - DAG(s) dict_keys(['1-miprimerdag']) retrieved from /opt/airflow/dags/1_first_dag.py
[2026-09-21T02:39:16.567+0000] {logging_mixin.py:149} INFO - [2026-09-21T02:39:16.566+0000] {dag.py:2726} INFO - Sync 1 DAGs
[2026-09-21T02:39:16.603+0000] {logging_mixin.py:149} INFO - [2026-09-21T02:39:16.603+0000] {dag.py:3490} INFO - Setting next_dagrun for 1-miprimerdag to None, run_after=None
[2026-09-21T02:39:16.640+0000] {processor.py:178} INFO - Processing /opt/airflow/dags/1_first_dag.py took 0.154 seconds
[2026-09-21T02:39:46.865+0000] {processor.py:156} INFO - Started process (PID=999) to work on /opt/airflow/dags/1_first_dag.py
[2026-09-21T02:39:46.867+0000] {processor.py:799} INFO - Processing file /opt/airflow/dags/1_first_dag.py for tasks to queue
[2026-09-21T02:39:46.868+0000] {logging_mixin.py:149} INFO - [2026-09-21T02:39:46.868+0000] {dagbag.py:541} INFO - Filling up the DagBag from /opt/airflow/dags/1_first_dag.py
[2026-09-21T02:39:46.874+0000] {processor.py:809} INFO - DAG(s) dict_keys(['1-miprimerdag']) retrieved from /opt/airflow/dags/1_first_dag.py
[2026-09-21T02:39:46.929+0000] {logging_mixin.py:149} INFO - [2026-09-21T02:39:46.929+0000] {dag.py:2726} INFO - Sync 1 DAGs
[2026-09-21T02:39:46.965+0000] {logging_mixin.py:149} INFO - [2026-09-21T02:39:46.965+0000] {dag.py:3490} INFO - Setting next_dagrun for 1-miprimerdag to None, run_after=None
[2026-09-21T02:39:46.998+0000] {processor.py:178} INFO - Processing /opt/airflow/dags/1_first_dag.py took 0.141 seconds
[2026-09-21T02:40:17.942+0000] {processor.py:156} INFO - Started process (PID=1010) to work on /opt/airflow/dags/1_first_dag.py
[2026-09-21T02:40:17.947+0000] {processor.py:799} INFO - Processing file /opt/airflow/dags/1_first_dag.py for tasks to queue
[2026-09-21T02:40:17.949+0000] {logging_mixin.py:149} INFO - [2026-09-21T02:40:17.949+0000] {dagbag.py:541} INFO - Filling up the DagBag from /opt/airflow/dags/1_first_dag.py
[2026-09-21T02:40:17.956+0000] {processor.py:809} INFO - DAG(s) dict_keys(['1-miprimerdag']) retrieved from /opt/airflow/dags/1_first_dag.py
[2026-09-21T02:40:18.010+0000] {logging_mixin.py:149} INFO - [2026-09-21T02:40:18.010+0000] {dag.py:2726} INFO - Sync 1 DAGs
[2026-09-21T02:40:18.050+0000] {logging_mixin.py:149} INFO - [2026-09-21T02:40:18.049+0000] {dag.py:3490} INFO - Setting next_dagrun for 1-miprimerdag to None, run_after=None
[2026-09-21T02:40:18.102+0000] {processor.py:178} INFO - Processing /opt/airflow/dags/1_first_dag.py took 0.167 seconds
[2026-09-21T02:40:48.249+0000] {processor.py:156} INFO - Started process (PID=1021) to work on /opt/airflow/dags/1_first_dag.py
[2026-09-21T02:40:48.251+0000] {processor.py:799} INFO - Processing file /opt/airflow/dags/1_first_dag.py for tasks to queue
[2026-09-21T02:40:48.252+0000] {logging_mixin.py:149} INFO - [2026-09-21T02:40:48.252+0000] {dagbag.py:541} INFO - Filling up the DagBag from /opt/airflow/dags/1_first_dag.py
[2026-09-21T02:40:48.259+0000] {processor.py:809} INFO - DAG(s) dict_keys(['1-miprimerdag']) retrieved from /opt/airflow/dags/1_first_dag.py
[2026-09-21T02:40:48.335+0000] {logging_mixin.py:149} INFO - [2026-09-21T02:40:48.334+0000] {dag.py:2726} INFO - Sync 1 DAGs
[2026-09-21T02:40:48.382+0000] {logging_mixin.py:149} INFO - [2026-09-21T02:40:48.382+0000] {dag.py:3490} INFO - Setting next_dagrun for 1-miprimerdag to None, run_after=None
[2026-09-21T02:40:48.430+0000] {processor.py:178} INFO - Processing /opt/airflow/dags/1_first_dag.py took 0.189 seconds
[2026-09-21T02:41:18.792+0000] {processor.py:156} INFO - Started process (PID=1032) to work on /opt/airflow/dags/1_first_dag.py
[2026-09-21T02:41:18.796+0000] {processor.py:799} INFO - Processing file /opt/airflow/dags/1_first_dag.py for tasks to queue
[2026-09-21T02:41:18.797+0000] {logging_mixin.py:149} INFO - [2026-09-21T02:41:18.797+0000] {dagbag.py:541} INFO - Filling up the DagBag from /opt/airflow/dags/1_first_dag.py
[2026-09-21T02:41:18.811+0000] {processor.py:809} INFO - DAG(s) dict_keys(['1-miprimerdag']) retrieved from /opt/airflow/dags/1_first_dag.py
[2026-09-21T02:41:18.867+0000] {logging_mixin.py:149} INFO - [2026-09-21T02:41:18.867+0000] {dag.py:2726} INFO - Sync 1 DAGs
[2026-09-21T02:41:18.928+0000] {logging_mixin.py:149} INFO - [2026-09-21T02:41:18.927+0000] {dag.py:3490} INFO - Setting next_dagrun for 1-miprimerdag to None, run_after=None
[2026-09-21T02:41:18.979+0000] {processor.py:178} INFO - Processing /opt/airflow/dags/1_first_dag.py took 0.201 seconds
[2026-09-21T02:41:48.907+0000] {processor.py:156} INFO - Started process (PID=1045) to work on /opt/airflow/dags/1_first_dag.py
[2026-09-21T02:41:48.911+0000] {processor.py:799} INFO - Processing file /opt/airflow/dags/1_first_dag.py for tasks to queue
[2026-09-21T02:41:48.912+0000] {logging_mixin.py:149} INFO - [2026-09-21T02:41:48.912+0000] {dagbag.py:541} INFO - Filling up the DagBag from /opt/airflow/dags/1_first_dag.py
[2026-09-21T02:41:48.921+0000] {processor.py:809} INFO - DAG(s) dict_keys(['1-miprimerdag']) retrieved from /opt/airflow/dags/1_first_dag.py
[2026-09-21T02:41:49.021+0000] {logging_mixin.py:149} INFO - [2026-09-21T02:41:49.020+0000] {dag.py:2726} INFO - Sync 1 DAGs
[2026-09-21T02:41:49.086+0000] {logging_mixin.py:149} INFO - [2026-09-21T02:41:49.086+0000] {dag.py:3490} INFO - Setting next_dagrun for 1-miprimerdag to None, run_after=None
[2026-09-21T02:41:49.166+0000] {processor.py:178} INFO - Processing /opt/airflow/dags/1_first_dag.py took 0.272 seconds
[2026-09-21T02:42:19.258+0000] {processor.py:156} INFO - Started process (PID=1056) to work on /opt/airflow/dags/1_first_dag.py
[2026-09-21T02:42:19.270+0000] {processor.py:799} INFO - Processing file /opt/airflow/dags/1_first_dag.py for tasks to queue
[2026-09-21T02:42:19.271+0000] {logging_mixin.py:149} INFO - [2026-09-21T02:42:19.271+0000] {dagbag.py:541} INFO - Filling up the DagBag from /opt/airflow/dags/1_first_dag.py
[2026-09-21T02:42:19.279+0000] {processor.py:809} INFO - DAG(s) dict_keys(['1-miprimerdag']) retrieved from /opt/airflow/dags/1_first_dag.py
[2026-09-21T02:42:19.362+0000] {logging_mixin.py:149} INFO - [2026-09-21T02:42:19.362+0000] {dag.py:2726} INFO - Sync 1 DAGs
[2026-09-21T02:42:19.422+0000] {logging_mixin.py:149} INFO - [2026-09-21T02:42:19.421+0000] {dag.py:3490} INFO - Setting next_dagrun for 1-miprimerdag to None, run_after=None
[2026-09-21T02:42:19.457+0000] {processor.py:178} INFO - Processing /opt/airflow/dags/1_first_dag.py took 0.207 seconds
[2026-09-21T02:42:50.565+0000] {processor.py:156} INFO - Started process (PID=1067) to work on /opt/airflow/dags/1_first_dag.py
[2026-09-21T02:42:50.569+0000] {processor.py:799} INFO - Processing file /opt/airflow/dags/1_first_dag.py for tasks to queue
[2026-09-21T02:42:50.570+0000] {logging_mixin.py:149} INFO - [2026-09-21T02:42:50.570+0000] {dagbag.py:541} INFO - Filling up the DagBag from /opt/airflow/dags/1_first_dag.py
[2026-09-21T02:42:50.575+0000] {processor.py:809} INFO - DAG(s) dict_keys(['1-miprimerdag']) retrieved from /opt/airflow/dags/1_first_dag.py
[2026-09-21T02:42:50.629+0000] {logging_mixin.py:149} INFO - [2026-09-21T02:42:50.629+0000] {dag.py:2726} INFO - Sync 1 DAGs
[2026-09-21T02:42:50.671+0000] {logging_mixin.py:149} INFO - [2026-09-21T02:42:50.671+0000] {dag.py:3490} INFO - Setting next_dagrun for 1-miprimerdag to None, run_after=None
[2026-09-21T02:42:50.718+0000] {processor.py:178} INFO - Processing /opt/airflow/dags/1_first_dag.py took 0.160 seconds
[2026-09-21T02:43:20.962+0000] {processor.py:156} INFO - Started process (PID=1078) to work on /opt/airflow/dags/1_first_dag.py
[2026-09-21T02:43:20.966+0000] {processor.py:799} INFO - Processing file /opt/airflow/dags/1_first_dag.py for tasks to queue
[2026-09-21T02:43:20.971+0000] {logging_mixin.py:149} INFO - [2026-09-21T02:43:20.970+0000] {dagbag.py:541} INFO - Filling up the DagBag from /opt/airflow/dags/1_first_dag.py
[2026-09-21T02:43:20.983+0000] {processor.py:809} INFO - DAG(s) dict_keys(['1-miprimerdag']) retrieved from /opt/airflow/dags/1_first_dag.py
[2026-09-21T02:43:21.055+0000] {logging_mixin.py:149} INFO - [2026-09-21T02:43:21.055+0000] {dag.py:2726} INFO - Sync 1 DAGs
[2026-09-21T02:43:21.104+0000] {logging_mixin.py:149} INFO - [2026-09-21T02:43:21.103+0000] {dag.py:3490} INFO - Setting next_dagrun for 1-miprimerdag to None, run_after=None
[2026-09-21T02:43:21.153+0000] {processor.py:178} INFO - Processing /opt/airflow/dags/1_first_dag.py took 0.205 seconds
[2026-09-21T02:43:51.444+0000] {processor.py:156} INFO - Started process (PID=1089) to work on /opt/airflow/dags/1_first_dag.py
[2026-09-21T02:43:51.456+0000] {processor.py:799} INFO - Processing file /opt/airflow/dags/1_first_dag.py for tasks to queue
[2026-09-21T02:43:51.457+0000] {logging_mixin.py:149} INFO - [2026-09-21T02:43:51.457+0000] {dagbag.py:541} INFO - Filling up the DagBag from /opt/airflow/dags/1_first_dag.py
[2026-09-21T02:43:51.463+0000] {processor.py:809} INFO - DAG(s) dict_keys(['1-miprimerdag']) retrieved from /opt/airflow/dags/1_first_dag.py
[2026-09-21T02:43:51.553+0000] {logging_mixin.py:149} INFO - [2026-09-21T02:43:51.552+0000] {dag.py:2726} INFO - Sync 1 DAGs
[2026-09-21T02:43:51.631+0000] {logging_mixin.py:149} INFO - [2026-09-21T02:43:51.631+0000] {dag.py:3490} INFO - Setting next_dagrun for 1-miprimerdag to None, run_after=None
[2026-09-21T02:43:51.705+0000] {processor.py:178} INFO - Processing /opt/airflow/dags/1_first_dag.py took 0.279 seconds
[2026-09-21T02:44:22.010+0000] {processor.py:156} INFO - Started process (PID=1100) to work on /opt/airflow/dags/1_first_dag.py
[2026-09-21T02:44:22.014+0000] {processor.py:799} INFO - Processing file /opt/airflow/dags/1_first_dag.py for tasks to queue
[2026-09-21T02:44:22.015+0000] {logging_mixin.py:149} INFO - [2026-09-21T02:44:22.014+0000] {dagbag.py:541} INFO - Filling up the DagBag from /opt/airflow/dags/1_first_dag.py
[2026-09-21T02:44:22.020+0000] {processor.py:809} INFO - DAG(s) dict_keys(['1-miprimerdag']) retrieved from /opt/airflow/dags/1_first_dag.py
[2026-09-21T02:44:22.084+0000] {logging_mixin.py:149} INFO - [2026-09-21T02:44:22.084+0000] {dag.py:2726} INFO - Sync 1 DAGs
[2026-09-21T02:44:22.130+0000] {logging_mixin.py:149} INFO - [2026-09-21T02:44:22.130+0000] {dag.py:3490} INFO - Setting next_dagrun for 1-miprimerdag to None, run_after=None
[2026-09-21T02:44:22.207+0000] {processor.py:178} INFO - Processing /opt/airflow/dags/1_first_dag.py took 0.206 seconds
[2026-09-21T02:44:52.258+0000] {processor.py:156} INFO - Started process (PID=1111) to work on /opt/airflow/dags/1_first_dag.py
[2026-09-21T02:44:52.260+0000] {processor.py:799} INFO - Processing file /opt/airflow/dags/1_first_dag.py for tasks to queue
[2026-09-21T02:44:52.260+0000] {logging_mixin.py:149} INFO - [2026-09-21T02:44:52.260+0000] {dagbag.py:541} INFO - Filling up the DagBag from /opt/airflow/dags/1_first_dag.py
[2026-09-21T02:44:52.276+0000] {processor.py:809} INFO - DAG(s) dict_keys(['1-miprimerdag']) retrieved from /opt/airflow/dags/1_first_dag.py
[2026-09-21T02:44:52.331+0000] {logging_mixin.py:149} INFO - [2026-09-21T02:44:52.331+0000] {dag.py:2726} INFO - Sync 1 DAGs
[2026-09-21T02:44:52.381+0000] {logging_mixin.py:149} INFO - [2026-09-21T02:44:52.380+0000] {dag.py:3490} INFO - Setting next_dagrun for 1-miprimerdag to None, run_after=None
[2026-09-21T02:44:52.419+0000] {processor.py:178} INFO - Processing /opt/airflow/dags/1_first_dag.py took 0.166 seconds
[2026-09-21T02:45:23.204+0000] {processor.py:156} INFO - Started process (PID=1122) to work on /opt/airflow/dags/1_first_dag.py
[2026-09-21T02:45:23.208+0000] {processor.py:799} INFO - Processing file /opt/airflow/dags/1_first_dag.py for tasks to queue
[2026-09-21T02:45:23.209+0000] {logging_mixin.py:149} INFO - [2026-09-21T02:45:23.209+0000] {dagbag.py:541} INFO - Filling up the DagBag from /opt/airflow/dags/1_first_dag.py
[2026-09-21T02:45:23.214+0000] {processor.py:809} INFO - DAG(s) dict_keys(['1-miprimerdag']) retrieved from /opt/airflow/dags/1_first_dag.py
[2026-09-21T02:45:23.276+0000] {logging_mixin.py:149} INFO - [2026-09-21T02:45:23.276+0000] {dag.py:2726} INFO - Sync 1 DAGs
[2026-09-21T02:45:23.315+0000] {logging_mixin.py:149} INFO - [2026-09-21T02:45:23.315+0000] {dag.py:3490} INFO - Setting next_dagrun for 1-miprimerdag to None, run_after=None
[2026-09-21T02:45:23.346+0000] {processor.py:178} INFO - Processing /opt/airflow/dags/1_first_dag.py took 0.149 seconds
[2026-09-21T02:45:54.072+0000] {processor.py:156} INFO - Started process (PID=1133) to work on /opt/airflow/dags/1_first_dag.py
[2026-09-21T02:45:54.075+0000] {processor.py:799} INFO - Processing file /opt/airflow/dags/1_first_dag.py for tasks to queue
[2026-09-21T02:45:54.076+0000] {logging_mixin.py:149} INFO - [2026-09-21T02:45:54.076+0000] {dagbag.py:541} INFO - Filling up the DagBag from /opt/airflow/dags/1_first_dag.py
[2026-09-21T02:45:54.085+0000] {processor.py:809} INFO - DAG(s) dict_keys(['1-miprimerdag']) retrieved from /opt/airflow/dags/1_first_dag.py
[2026-09-21T02:45:54.142+0000] {logging_mixin.py:149} INFO - [2026-09-21T02:45:54.142+0000] {dag.py:2726} INFO - Sync 1 DAGs
[2026-09-21T02:45:54.191+0000] {logging_mixin.py:149} INFO - [2026-09-21T02:45:54.191+0000] {dag.py:3490} INFO - Setting next_dagrun for 1-miprimerdag to None, run_after=None
[2026-09-21T02:45:54.221+0000] {processor.py:178} INFO - Processing /opt/airflow/dags/1_first_dag.py took 0.155 seconds
[2026-09-21T02:46:25.015+0000] {processor.py:156} INFO - Started process (PID=1144) to work on /opt/airflow/dags/1_first_dag.py
[2026-09-21T02:46:25.019+0000] {processor.py:799} INFO - Processing file /opt/airflow/dags/1_first_dag.py for tasks to queue
[2026-09-21T02:46:25.021+0000] {logging_mixin.py:149} INFO - [2026-09-21T02:46:25.020+0000] {dagbag.py:541} INFO - Filling up the DagBag from /opt/airflow/dags/1_first_dag.py
[2026-09-21T02:46:25.028+0000] {processor.py:809} INFO - DAG(s) dict_keys(['1-miprimerdag']) retrieved from /opt/airflow/dags/1_first_dag.py
[2026-09-21T02:46:25.108+0000] {logging_mixin.py:149} INFO - [2026-09-21T02:46:25.107+0000] {dag.py:2726} INFO - Sync 1 DAGs
[2026-09-21T02:46:25.153+0000] {logging_mixin.py:149} INFO - [2026-09-21T02:46:25.152+0000] {dag.py:3490} INFO - Setting next_dagrun for 1-miprimerdag to None, run_after=None
[2026-09-21T02:46:25.185+0000] {processor.py:178} INFO - Processing /opt/airflow/dags/1_first_dag.py took 0.178 seconds
[2026-09-21T02:46:55.278+0000] {processor.py:156} INFO - Started process (PID=1155) to work on /opt/airflow/dags/1_first_dag.py
[2026-09-21T02:46:55.281+0000] {processor.py:799} INFO - Processing file /opt/airflow/dags/1_first_dag.py for tasks to queue
[2026-09-21T02:46:55.282+0000] {logging_mixin.py:149} INFO - [2026-09-21T02:46:55.282+0000] {dagbag.py:541} INFO - Filling up the DagBag from /opt/airflow/dags/1_first_dag.py
[2026-09-21T02:46:55.293+0000] {processor.py:809} INFO - DAG(s) dict_keys(['1-miprimerdag']) retrieved from /opt/airflow/dags/1_first_dag.py
[2026-09-21T02:46:55.354+0000] {logging_mixin.py:149} INFO - [2026-09-21T02:46:55.354+0000] {dag.py:2726} INFO - Sync 1 DAGs
[2026-09-21T02:46:55.393+0000] {logging_mixin.py:149} INFO - [2026-09-21T02:46:55.392+0000] {dag.py:3490} INFO - Setting next_dagrun for 1-miprimerdag to None, run_after=None
[2026-09-21T02:46:55.427+0000] {processor.py:178} INFO - Processing /opt/airflow/dags/1_first_dag.py took 0.160 seconds
[2026-09-21T02:47:26.313+0000] {processor.py:156} INFO - Started process (PID=1166) to work on /opt/airflow/dags/1_first_dag.py
[2026-09-21T02:47:26.316+0000] {processor.py:799} INFO - Processing file /opt/airflow/dags/1_first_dag.py for tasks to queue
[2026-09-21T02:47:26.317+0000] {logging_mixin.py:149} INFO - [2026-09-21T02:47:26.316+0000] {dagbag.py:541} INFO - Filling up the DagBag from /opt/airflow/dags/1_first_dag.py
[2026-09-21T02:47:26.328+0000] {processor.py:809} INFO - DAG(s) dict_keys(['1-miprimerdag']) retrieved from /opt/airflow/dags/1_first_dag.py
[2026-09-21T02:47:26.418+0000] {logging_mixin.py:149} INFO - [2026-09-21T02:47:26.417+0000] {dag.py:2726} INFO - Sync 1 DAGs
[2026-09-21T02:47:26.480+0000] {logging_mixin.py:149} INFO - [2026-09-21T02:47:26.480+0000] {dag.py:3490} INFO - Setting next_dagrun for 1-miprimerdag to None, run_after=None
[2026-09-21T02:47:26.516+0000] {processor.py:178} INFO - Processing /opt/airflow/dags/1_first_dag.py took 0.210 seconds
[2026-09-21T02:47:57.257+0000] {processor.py:156} INFO - Started process (PID=1177) to work on /opt/airflow/dags/1_first_dag.py
[2026-09-21T02:47:57.260+0000] {processor.py:799} INFO - Processing file /opt/airflow/dags/1_first_dag.py for tasks to queue
[2026-09-21T02:47:57.261+0000] {logging_mixin.py:149} INFO - [2026-09-21T02:47:57.260+0000] {dagbag.py:541} INFO - Filling up the DagBag from /opt/airflow/dags/1_first_dag.py
[2026-09-21T02:47:57.266+0000] {processor.py:809} INFO - DAG(s) dict_keys(['1-miprimerdag']) retrieved from /opt/airflow/dags/1_first_dag.py
[2026-09-21T02:47:57.322+0000] {logging_mixin.py:149} INFO - [2026-09-21T02:47:57.322+0000] {dag.py:2726} INFO - Sync 1 DAGs
[2026-09-21T02:47:57.358+0000] {logging_mixin.py:149} INFO - [2026-09-21T02:47:57.358+0000] {dag.py:3490} INFO - Setting next_dagrun for 1-miprimerdag to None, run_after=None
[2026-09-21T02:47:57.386+0000] {processor.py:178} INFO - Processing /opt/airflow/dags/1_first_dag.py took 0.135 seconds
[2026-09-21T02:48:27.549+0000] {processor.py:156} INFO - Started process (PID=1188) to work on /opt/airflow/dags/1_first_dag.py
[2026-09-21T02:48:27.552+0000] {processor.py:799} INFO - Processing file /opt/airflow/dags/1_first_dag.py for tasks to queue
[2026-09-21T02:48:27.553+0000] {logging_mixin.py:149} INFO - [2026-09-21T02:48:27.553+0000] {dagbag.py:541} INFO - Filling up the DagBag from /opt/airflow/dags/1_first_dag.py
[2026-09-21T02:48:27.560+0000] {processor.py:809} INFO - DAG(s) dict_keys(['1-miprimerdag']) retrieved from /opt/airflow/dags/1_first_dag.py
[2026-09-21T02:48:27.629+0000] {logging_mixin.py:149} INFO - [2026-09-21T02:48:27.628+0000] {dag.py:2726} INFO - Sync 1 DAGs
[2026-09-21T02:48:27.690+0000] {logging_mixin.py:149} INFO - [2026-09-21T02:48:27.690+0000] {dag.py:3490} INFO - Setting next_dagrun for 1-miprimerdag to None, run_after=None
[2026-09-21T02:48:27.734+0000] {processor.py:178} INFO - Processing /opt/airflow/dags/1_first_dag.py took 0.200 seconds
[2026-09-21T02:48:58.761+0000] {processor.py:156} INFO - Started process (PID=1199) to work on /opt/airflow/dags/1_first_dag.py
[2026-09-21T02:48:58.766+0000] {processor.py:799} INFO - Processing file /opt/airflow/dags/1_first_dag.py for tasks to queue
[2026-09-21T02:48:58.767+0000] {logging_mixin.py:149} INFO - [2026-09-21T02:48:58.767+0000] {dagbag.py:541} INFO - Filling up the DagBag from /opt/airflow/dags/1_first_dag.py
[2026-09-21T02:48:58.772+0000] {processor.py:809} INFO - DAG(s) dict_keys(['1-miprimerdag']) retrieved from /opt/airflow/dags/1_first_dag.py
[2026-09-21T02:48:58.826+0000] {logging_mixin.py:149} INFO - [2026-09-21T02:48:58.826+0000] {dag.py:2726} INFO - Sync 1 DAGs
[2026-09-21T02:48:58.867+0000] {logging_mixin.py:149} INFO - [2026-09-21T02:48:58.867+0000] {dag.py:3490} INFO - Setting next_dagrun for 1-miprimerdag to None, run_after=None
[2026-09-21T02:48:58.904+0000] {processor.py:178} INFO - Processing /opt/airflow/dags/1_first_dag.py took 0.154 seconds
[2026-09-21T02:49:30.295+0000] {processor.py:156} INFO - Started process (PID=1210) to work on /opt/airflow/dags/1_first_dag.py
[2026-09-21T02:49:30.298+0000] {processor.py:799} INFO - Processing file /opt/airflow/dags/1_first_dag.py for tasks to queue
[2026-09-21T02:49:30.299+0000] {logging_mixin.py:149} INFO - [2026-09-21T02:49:30.299+0000] {dagbag.py:541} INFO - Filling up the DagBag from /opt/airflow/dags/1_first_dag.py
[2026-09-21T02:49:30.306+0000] {processor.py:809} INFO - DAG(s) dict_keys(['1-miprimerdag']) retrieved from /opt/airflow/dags/1_first_dag.py
[2026-09-21T02:49:30.363+0000] {logging_mixin.py:149} INFO - [2026-09-21T02:49:30.363+0000] {dag.py:2726} INFO - Sync 1 DAGs
[2026-09-21T02:49:30.395+0000] {logging_mixin.py:149} INFO - [2026-09-21T02:49:30.395+0000] {dag.py:3490} INFO - Setting next_dagrun for 1-miprimerdag to None, run_after=None
[2026-09-21T02:49:30.438+0000] {processor.py:178} INFO - Processing /opt/airflow/dags/1_first_dag.py took 0.149 seconds
[2026-09-21T02:50:01.483+0000] {processor.py:156} INFO - Started process (PID=1221) to work on /opt/airflow/dags/1_first_dag.py
[2026-09-21T02:50:01.485+0000] {processor.py:799} INFO - Processing file /opt/airflow/dags/1_first_dag.py for tasks to queue
[2026-09-21T02:50:01.486+0000] {logging_mixin.py:149} INFO - [2026-09-21T02:50:01.485+0000] {dagbag.py:541} INFO - Filling up the DagBag from /opt/airflow/dags/1_first_dag.py
[2026-09-21T02:50:01.490+0000] {processor.py:809} INFO - DAG(s) dict_keys(['1-miprimerdag']) retrieved from /opt/airflow/dags/1_first_dag.py
[2026-09-21T02:50:01.552+0000] {logging_mixin.py:149} INFO - [2026-09-21T02:50:01.551+0000] {dag.py:2726} INFO - Sync 1 DAGs
[2026-09-21T02:50:01.597+0000] {logging_mixin.py:149} INFO - [2026-09-21T02:50:01.597+0000] {dag.py:3490} INFO - Setting next_dagrun for 1-miprimerdag to None, run_after=None
[2026-09-21T02:50:01.664+0000] {processor.py:178} INFO - Processing /opt/airflow/dags/1_first_dag.py took 0.187 seconds
[2026-09-21T02:50:31.828+0000] {processor.py:156} INFO - Started process (PID=1232) to work on /opt/airflow/dags/1_first_dag.py
[2026-09-21T02:50:31.833+0000] {processor.py:799} INFO - Processing file /opt/airflow/dags/1_first_dag.py for tasks to queue
[2026-09-21T02:50:31.834+0000] {logging_mixin.py:149} INFO - [2026-09-21T02:50:31.833+0000] {dagbag.py:541} INFO - Filling up the DagBag from /opt/airflow/dags/1_first_dag.py
[2026-09-21T02:50:31.841+0000] {processor.py:809} INFO - DAG(s) dict_keys(['1-miprimerdag']) retrieved from /opt/airflow/dags/1_first_dag.py
[2026-09-21T02:50:31.905+0000] {logging_mixin.py:149} INFO - [2026-09-21T02:50:31.904+0000] {dag.py:2726} INFO - Sync 1 DAGs
[2026-09-21T02:50:31.945+0000] {logging_mixin.py:149} INFO - [2026-09-21T02:50:31.944+0000] {dag.py:3490} INFO - Setting next_dagrun for 1-miprimerdag to None, run_after=None
[2026-09-21T02:50:31.979+0000] {processor.py:178} INFO - Processing /opt/airflow/dags/1_first_dag.py took 0.157 seconds
[2026-09-21T02:51:02.213+0000] {processor.py:156} INFO - Started process (PID=1243) to work on /opt/airflow/dags/1_first_dag.py
[2026-09-21T02:51:02.217+0000] {processor.py:799} INFO - Processing file /opt/airflow/dags/1_first_dag.py for tasks to queue
[2026-09-21T02:51:02.218+0000] {logging_mixin.py:149} INFO - [2026-09-21T02:51:02.218+0000] {dagbag.py:541} INFO - Filling up the DagBag from /opt/airflow/dags/1_first_dag.py
[2026-09-21T02:51:02.224+0000] {processor.py:809} INFO - DAG(s) dict_keys(['1-miprimerdag']) retrieved from /opt/airflow/dags/1_first_dag.py
[2026-09-21T02:51:02.278+0000] {logging_mixin.py:149} INFO - [2026-09-21T02:51:02.277+0000] {dag.py:2726} INFO - Sync 1 DAGs
[2026-09-21T02:51:02.311+0000] {logging_mixin.py:149} INFO - [2026-09-21T02:51:02.311+0000] {dag.py:3490} INFO - Setting next_dagrun for 1-miprimerdag to None, run_after=None
[2026-09-21T02:51:02.345+0000] {processor.py:178} INFO - Processing /opt/airflow/dags/1_first_dag.py took 0.148 seconds
[2026-09-21T02:51:33.175+0000] {processor.py:156} INFO - Started process (PID=1254) to work on /opt/airflow/dags/1_first_dag.py
[2026-09-21T02:51:33.184+0000] {processor.py:799} INFO - Processing file /opt/airflow/dags/1_first_dag.py for tasks to queue
[2026-09-21T02:51:33.185+0000] {logging_mixin.py:149} INFO - [2026-09-21T02:51:33.185+0000] {dagbag.py:541} INFO - Filling up the DagBag from /opt/airflow/dags/1_first_dag.py
[2026-09-21T02:51:33.190+0000] {processor.py:809} INFO - DAG(s) dict_keys(['1-miprimerdag']) retrieved from /opt/airflow/dags/1_first_dag.py
[2026-09-21T02:51:33.238+0000] {logging_mixin.py:149} INFO - [2026-09-21T02:51:33.238+0000] {dag.py:2726} INFO - Sync 1 DAGs
[2026-09-21T02:51:33.272+0000] {logging_mixin.py:149} INFO - [2026-09-21T02:51:33.272+0000] {dag.py:3490} INFO - Setting next_dagrun for 1-miprimerdag to None, run_after=None
[2026-09-21T02:51:33.302+0000] {processor.py:178} INFO - Processing /opt/airflow/dags/1_first_dag.py took 0.149 seconds
[2026-09-21T02:52:04.247+0000] {processor.py:156} INFO - Started process (PID=1265) to work on /opt/airflow/dags/1_first_dag.py
[2026-09-21T02:52:04.249+0000] {processor.py:799} INFO - Processing file /opt/airflow/dags/1_first_dag.py for tasks to queue
[2026-09-21T02:52:04.250+0000] {logging_mixin.py:149} INFO - [2026-09-21T02:52:04.250+0000] {dagbag.py:541} INFO - Filling up the DagBag from /opt/airflow/dags/1_first_dag.py
[2026-09-21T02:52:04.255+0000] {processor.py:809} INFO - DAG(s) dict_keys(['1-miprimerdag']) retrieved from /opt/airflow/dags/1_first_dag.py
[2026-09-21T02:52:04.306+0000] {logging_mixin.py:149} INFO - [2026-09-21T02:52:04.306+0000] {dag.py:2726} INFO - Sync 1 DAGs
[2026-09-21T02:52:04.346+0000] {logging_mixin.py:149} INFO - [2026-09-21T02:52:04.346+0000] {dag.py:3490} INFO - Setting next_dagrun for 1-miprimerdag to None, run_after=None
[2026-09-21T02:52:04.376+0000] {processor.py:178} INFO - Processing /opt/airflow/dags/1_first_dag.py took 0.136 seconds
[2026-09-21T02:52:35.017+0000] {processor.py:156} INFO - Started process (PID=1276) to work on /opt/airflow/dags/1_first_dag.py
[2026-09-21T02:52:35.019+0000] {processor.py:799} INFO - Processing file /opt/airflow/dags/1_first_dag.py for tasks to queue
[2026-09-21T02:52:35.020+0000] {logging_mixin.py:149} INFO - [2026-09-21T02:52:35.020+0000] {dagbag.py:541} INFO - Filling up the DagBag from /opt/airflow/dags/1_first_dag.py
[2026-09-21T02:52:35.026+0000] {processor.py:809} INFO - DAG(s) dict_keys(['1-miprimerdag']) retrieved from /opt/airflow/dags/1_first_dag.py
[2026-09-21T02:52:35.080+0000] {logging_mixin.py:149} INFO - [2026-09-21T02:52:35.079+0000] {dag.py:2726} INFO - Sync 1 DAGs
[2026-09-21T02:52:35.123+0000] {logging_mixin.py:149} INFO - [2026-09-21T02:52:35.122+0000] {dag.py:3490} INFO - Setting next_dagrun for 1-miprimerdag to None, run_after=None
[2026-09-21T02:52:35.161+0000] {processor.py:178} INFO - Processing /opt/airflow/dags/1_first_dag.py took 0.148 seconds
[2026-09-21T02:53:05.891+0000] {processor.py:156} INFO - Started process (PID=1287) to work on /opt/airflow/dags/1_first_dag.py
[2026-09-21T02:53:05.895+0000] {processor.py:799} INFO - Processing file /opt/airflow/dags/1_first_dag.py for tasks to queue
[2026-09-21T02:53:05.897+0000] {logging_mixin.py:149} INFO - [2026-09-21T02:53:05.896+0000] {dagbag.py:541} INFO - Filling up the DagBag from /opt/airflow/dags/1_first_dag.py
[2026-09-21T02:53:05.907+0000] {processor.py:809} INFO - DAG(s) dict_keys(['1-miprimerdag']) retrieved from /opt/airflow/dags/1_first_dag.py
[2026-09-21T02:53:05.973+0000] {logging_mixin.py:149} INFO - [2026-09-21T02:53:05.973+0000] {dag.py:2726} INFO - Sync 1 DAGs
[2026-09-21T02:53:06.015+0000] {logging_mixin.py:149} INFO - [2026-09-21T02:53:06.014+0000] {dag.py:3490} INFO - Setting next_dagrun for 1-miprimerdag to None, run_after=None
[2026-09-21T02:53:06.056+0000] {processor.py:178} INFO - Processing /opt/airflow/dags/1_first_dag.py took 0.173 seconds
[2026-09-21T02:53:36.963+0000] {processor.py:156} INFO - Started process (PID=1298) to work on /opt/airflow/dags/1_first_dag.py
[2026-09-21T02:53:36.965+0000] {processor.py:799} INFO - Processing file /opt/airflow/dags/1_first_dag.py for tasks to queue
[2026-09-21T02:53:36.967+0000] {logging_mixin.py:149} INFO - [2026-09-21T02:53:36.966+0000] {dagbag.py:541} INFO - Filling up the DagBag from /opt/airflow/dags/1_first_dag.py
[2026-09-21T02:53:36.973+0000] {processor.py:809} INFO - DAG(s) dict_keys(['1-miprimerdag']) retrieved from /opt/airflow/dags/1_first_dag.py
[2026-09-21T02:53:37.031+0000] {logging_mixin.py:149} INFO - [2026-09-21T02:53:37.030+0000] {dag.py:2726} INFO - Sync 1 DAGs
[2026-09-21T02:53:37.072+0000] {logging_mixin.py:149} INFO - [2026-09-21T02:53:37.072+0000] {dag.py:3490} INFO - Setting next_dagrun for 1-miprimerdag to None, run_after=None
[2026-09-21T02:53:37.105+0000] {processor.py:178} INFO - Processing /opt/airflow/dags/1_first_dag.py took 0.149 seconds
[2026-09-21T02:54:07.984+0000] {processor.py:156} INFO - Started process (PID=1309) to work on /opt/airflow/dags/1_first_dag.py
[2026-09-21T02:54:07.986+0000] {processor.py:799} INFO - Processing file /opt/airflow/dags/1_first_dag.py for tasks to queue
[2026-09-21T02:54:07.987+0000] {logging_mixin.py:149} INFO - [2026-09-21T02:54:07.987+0000] {dagbag.py:541} INFO - Filling up the DagBag from /opt/airflow/dags/1_first_dag.py
[2026-09-21T02:54:07.994+0000] {processor.py:809} INFO - DAG(s) dict_keys(['1-miprimerdag']) retrieved from /opt/airflow/dags/1_first_dag.py
[2026-09-21T02:54:08.052+0000] {logging_mixin.py:149} INFO - [2026-09-21T02:54:08.052+0000] {dag.py:2726} INFO - Sync 1 DAGs
[2026-09-21T02:54:08.088+0000] {logging_mixin.py:149} INFO - [2026-09-21T02:54:08.088+0000] {dag.py:3490} INFO - Setting next_dagrun for 1-miprimerdag to None, run_after=None
[2026-09-21T02:54:08.132+0000] {processor.py:178} INFO - Processing /opt/airflow/dags/1_first_dag.py took 0.163 seconds
[2026-09-21T02:54:38.901+0000] {processor.py:156} INFO - Started process (PID=1320) to work on /opt/airflow/dags/1_first_dag.py
[2026-09-21T02:54:38.905+0000] {processor.py:799} INFO - Processing file /opt/airflow/dags/1_first_dag.py for tasks to queue
[2026-09-21T02:54:38.906+0000] {logging_mixin.py:149} INFO - [2026-09-21T02:54:38.906+0000] {dagbag.py:541} INFO - Filling up the DagBag from /opt/airflow/dags/1_first_dag.py
[2026-09-21T02:54:38.913+0000] {processor.py:809} INFO - DAG(s) dict_keys(['1-miprimerdag']) retrieved from /opt/airflow/dags/1_first_dag.py
[2026-09-21T02:54:38.977+0000] {logging_mixin.py:149} INFO - [2026-09-21T02:54:38.977+0000] {dag.py:2726} INFO - Sync 1 DAGs
[2026-09-21T02:54:39.019+0000] {logging_mixin.py:149} INFO - [2026-09-21T02:54:39.019+0000] {dag.py:3490} INFO - Setting next_dagrun for 1-miprimerdag to None, run_after=None
[2026-09-21T02:54:39.069+0000] {processor.py:178} INFO - Processing /opt/airflow/dags/1_first_dag.py took 0.175 seconds
[2026-09-21T02:55:10.015+0000] {processor.py:156} INFO - Started process (PID=1331) to work on /opt/airflow/dags/1_first_dag.py
[2026-09-21T02:55:10.017+0000] {processor.py:799} INFO - Processing file /opt/airflow/dags/1_first_dag.py for tasks to queue
[2026-09-21T02:55:10.018+0000] {logging_mixin.py:149} INFO - [2026-09-21T02:55:10.018+0000] {dagbag.py:541} INFO - Filling up the DagBag from /opt/airflow/dags/1_first_dag.py
[2026-09-21T02:55:10.025+0000] {processor.py:809} INFO - DAG(s) dict_keys(['1-miprimerdag']) retrieved from /opt/airflow/dags/1_first_dag.py
[2026-09-21T02:55:10.081+0000] {logging_mixin.py:149} INFO - [2026-09-21T02:55:10.081+0000] {dag.py:2726} INFO - Sync 1 DAGs
[2026-09-21T02:55:10.119+0000] {logging_mixin.py:149} INFO - [2026-09-21T02:55:10.119+0000] {dag.py:3490} INFO - Setting next_dagrun for 1-miprimerdag to None, run_after=None
[2026-09-21T02:55:10.157+0000] {processor.py:178} INFO - Processing /opt/airflow/dags/1_first_dag.py took 0.150 seconds
[2026-09-21T02:55:40.992+0000] {processor.py:156} INFO - Started process (PID=1342) to work on /opt/airflow/dags/1_first_dag.py
[2026-09-21T02:55:40.995+0000] {processor.py:799} INFO - Processing file /opt/airflow/dags/1_first_dag.py for tasks to queue
[2026-09-21T02:55:40.996+0000] {logging_mixin.py:149} INFO - [2026-09-21T02:55:40.996+0000] {dagbag.py:541} INFO - Filling up the DagBag from /opt/airflow/dags/1_first_dag.py
[2026-09-21T02:55:41.002+0000] {processor.py:809} INFO - DAG(s) dict_keys(['1-miprimerdag']) retrieved from /opt/airflow/dags/1_first_dag.py
[2026-09-21T02:55:41.049+0000] {logging_mixin.py:149} INFO - [2026-09-21T02:55:41.049+0000] {dag.py:2726} INFO - Sync 1 DAGs
[2026-09-21T02:55:41.088+0000] {logging_mixin.py:149} INFO - [2026-09-21T02:55:41.088+0000] {dag.py:3490} INFO - Setting next_dagrun for 1-miprimerdag to None, run_after=None
[2026-09-21T02:55:41.110+0000] {processor.py:178} INFO - Processing /opt/airflow/dags/1_first_dag.py took 0.125 seconds
[2026-09-21T02:56:12.099+0000] {processor.py:156} INFO - Started process (PID=1353) to work on /opt/airflow/dags/1_first_dag.py
[2026-09-21T02:56:12.103+0000] {processor.py:799} INFO - Processing file /opt/airflow/dags/1_first_dag.py for tasks to queue
[2026-09-21T02:56:12.104+0000] {logging_mixin.py:149} INFO - [2026-09-21T02:56:12.104+0000] {dagbag.py:541} INFO - Filling up the DagBag from /opt/airflow/dags/1_first_dag.py
[2026-09-21T02:56:12.111+0000] {processor.py:809} INFO - DAG(s) dict_keys(['1-miprimerdag']) retrieved from /opt/airflow/dags/1_first_dag.py
[2026-09-21T02:56:12.160+0000] {logging_mixin.py:149} INFO - [2026-09-21T02:56:12.160+0000] {dag.py:2726} INFO - Sync 1 DAGs
[2026-09-21T02:56:12.194+0000] {logging_mixin.py:149} INFO - [2026-09-21T02:56:12.194+0000] {dag.py:3490} INFO - Setting next_dagrun for 1-miprimerdag to None, run_after=None
[2026-09-21T02:56:12.233+0000] {processor.py:178} INFO - Processing /opt/airflow/dags/1_first_dag.py took 0.140 seconds
[2026-09-21T02:56:42.398+0000] {processor.py:156} INFO - Started process (PID=1364) to work on /opt/airflow/dags/1_first_dag.py
[2026-09-21T02:56:42.403+0000] {processor.py:799} INFO - Processing file /opt/airflow/dags/1_first_dag.py for tasks to queue
[2026-09-21T02:56:42.404+0000] {logging_mixin.py:149} INFO - [2026-09-21T02:56:42.404+0000] {dagbag.py:541} INFO - Filling up the DagBag from /opt/airflow/dags/1_first_dag.py
[2026-09-21T02:56:42.411+0000] {processor.py:809} INFO - DAG(s) dict_keys(['1-miprimerdag']) retrieved from /opt/airflow/dags/1_first_dag.py
[2026-09-21T02:56:42.459+0000] {logging_mixin.py:149} INFO - [2026-09-21T02:56:42.459+0000] {dag.py:2726} INFO - Sync 1 DAGs
[2026-09-21T02:56:42.496+0000] {logging_mixin.py:149} INFO - [2026-09-21T02:56:42.496+0000] {dag.py:3490} INFO - Setting next_dagrun for 1-miprimerdag to None, run_after=None
[2026-09-21T02:56:42.532+0000] {processor.py:178} INFO - Processing /opt/airflow/dags/1_first_dag.py took 0.139 seconds
[2026-09-21T02:57:12.692+0000] {processor.py:156} INFO - Started process (PID=1375) to work on /opt/airflow/dags/1_first_dag.py
[2026-09-21T02:57:12.696+0000] {processor.py:799} INFO - Processing file /opt/airflow/dags/1_first_dag.py for tasks to queue
[2026-09-21T02:57:12.698+0000] {logging_mixin.py:149} INFO - [2026-09-21T02:57:12.697+0000] {dagbag.py:541} INFO - Filling up the DagBag from /opt/airflow/dags/1_first_dag.py
[2026-09-21T02:57:12.708+0000] {processor.py:809} INFO - DAG(s) dict_keys(['1-miprimerdag']) retrieved from /opt/airflow/dags/1_first_dag.py
[2026-09-21T02:57:12.776+0000] {logging_mixin.py:149} INFO - [2026-09-21T02:57:12.776+0000] {dag.py:2726} INFO - Sync 1 DAGs
[2026-09-21T02:57:12.820+0000] {logging_mixin.py:149} INFO - [2026-09-21T02:57:12.820+0000] {dag.py:3490} INFO - Setting next_dagrun for 1-miprimerdag to None, run_after=None
[2026-09-21T02:57:12.870+0000] {processor.py:178} INFO - Processing /opt/airflow/dags/1_first_dag.py took 0.185 seconds
[2026-09-21T02:57:43.089+0000] {processor.py:156} INFO - Started process (PID=1386) to work on /opt/airflow/dags/1_first_dag.py
[2026-09-21T02:57:43.092+0000] {processor.py:799} INFO - Processing file /opt/airflow/dags/1_first_dag.py for tasks to queue
[2026-09-21T02:57:43.095+0000] {logging_mixin.py:149} INFO - [2026-09-21T02:57:43.093+0000] {dagbag.py:541} INFO - Filling up the DagBag from /opt/airflow/dags/1_first_dag.py
[2026-09-21T02:57:43.108+0000] {processor.py:809} INFO - DAG(s) dict_keys(['1-miprimerdag']) retrieved from /opt/airflow/dags/1_first_dag.py
[2026-09-21T02:57:43.175+0000] {logging_mixin.py:149} INFO - [2026-09-21T02:57:43.174+0000] {dag.py:2726} INFO - Sync 1 DAGs
[2026-09-21T02:57:43.218+0000] {logging_mixin.py:149} INFO - [2026-09-21T02:57:43.218+0000] {dag.py:3490} INFO - Setting next_dagrun for 1-miprimerdag to None, run_after=None
[2026-09-21T02:57:43.267+0000] {processor.py:178} INFO - Processing /opt/airflow/dags/1_first_dag.py took 0.185 seconds
[2026-09-21T02:58:13.397+0000] {processor.py:156} INFO - Started process (PID=1397) to work on /opt/airflow/dags/1_first_dag.py
[2026-09-21T02:58:13.400+0000] {processor.py:799} INFO - Processing file /opt/airflow/dags/1_first_dag.py for tasks to queue
[2026-09-21T02:58:13.401+0000] {logging_mixin.py:149} INFO - [2026-09-21T02:58:13.401+0000] {dagbag.py:541} INFO - Filling up the DagBag from /opt/airflow/dags/1_first_dag.py
[2026-09-21T02:58:13.408+0000] {processor.py:809} INFO - DAG(s) dict_keys(['1-miprimerdag']) retrieved from /opt/airflow/dags/1_first_dag.py
[2026-09-21T02:58:13.503+0000] {logging_mixin.py:149} INFO - [2026-09-21T02:58:13.502+0000] {dag.py:2726} INFO - Sync 1 DAGs
[2026-09-21T02:58:13.569+0000] {logging_mixin.py:149} INFO - [2026-09-21T02:58:13.568+0000] {dag.py:3490} INFO - Setting next_dagrun for 1-miprimerdag to None, run_after=None
[2026-09-21T02:58:13.645+0000] {processor.py:178} INFO - Processing /opt/airflow/dags/1_first_dag.py took 0.254 seconds
[2026-09-21T02:58:44.271+0000] {processor.py:156} INFO - Started process (PID=1408) to work on /opt/airflow/dags/1_first_dag.py
[2026-09-21T02:58:44.272+0000] {processor.py:799} INFO - Processing file /opt/airflow/dags/1_first_dag.py for tasks to queue
[2026-09-21T02:58:44.273+0000] {logging_mixin.py:149} INFO - [2026-09-21T02:58:44.273+0000] {dagbag.py:541} INFO - Filling up the DagBag from /opt/airflow/dags/1_first_dag.py
[2026-09-21T02:58:44.278+0000] {processor.py:809} INFO - DAG(s) dict_keys(['1-miprimerdag']) retrieved from /opt/airflow/dags/1_first_dag.py
[2026-09-21T02:58:44.315+0000] {logging_mixin.py:149} INFO - [2026-09-21T02:58:44.314+0000] {dag.py:2726} INFO - Sync 1 DAGs
[2026-09-21T02:58:44.345+0000] {logging_mixin.py:149} INFO - [2026-09-21T02:58:44.344+0000] {dag.py:3490} INFO - Setting next_dagrun for 1-miprimerdag to None, run_after=None
[2026-09-21T02:58:44.366+0000] {processor.py:178} INFO - Processing /opt/airflow/dags/1_first_dag.py took 0.100 seconds
[2026-09-21T02:59:15.268+0000] {processor.py:156} INFO - Started process (PID=1419) to work on /opt/airflow/dags/1_first_dag.py
[2026-09-21T02:59:15.270+0000] {processor.py:799} INFO - Processing file /opt/airflow/dags/1_first_dag.py for tasks to queue
[2026-09-21T02:59:15.271+0000] {logging_mixin.py:149} INFO - [2026-09-21T02:59:15.271+0000] {dagbag.py:541} INFO - Filling up the DagBag from /opt/airflow/dags/1_first_dag.py
[2026-09-21T02:59:15.280+0000] {processor.py:809} INFO - DAG(s) dict_keys(['1-miprimerdag']) retrieved from /opt/airflow/dags/1_first_dag.py
[2026-09-21T02:59:15.335+0000] {logging_mixin.py:149} INFO - [2026-09-21T02:59:15.334+0000] {dag.py:2726} INFO - Sync 1 DAGs
[2026-09-21T02:59:15.372+0000] {logging_mixin.py:149} INFO - [2026-09-21T02:59:15.371+0000] {dag.py:3490} INFO - Setting next_dagrun for 1-miprimerdag to None, run_after=None
[2026-09-21T02:59:15.407+0000] {processor.py:178} INFO - Processing /opt/airflow/dags/1_first_dag.py took 0.145 seconds
[2026-09-21T02:59:46.335+0000] {processor.py:156} INFO - Started process (PID=1430) to work on /opt/airflow/dags/1_first_dag.py
[2026-09-21T02:59:46.338+0000] {processor.py:799} INFO - Processing file /opt/airflow/dags/1_first_dag.py for tasks to queue
[2026-09-21T02:59:46.339+0000] {logging_mixin.py:149} INFO - [2026-09-21T02:59:46.339+0000] {dagbag.py:541} INFO - Filling up the DagBag from /opt/airflow/dags/1_first_dag.py
[2026-09-21T02:59:46.346+0000] {processor.py:809} INFO - DAG(s) dict_keys(['1-miprimerdag']) retrieved from /opt/airflow/dags/1_first_dag.py
[2026-09-21T02:59:46.430+0000] {logging_mixin.py:149} INFO - [2026-09-21T02:59:46.429+0000] {dag.py:2726} INFO - Sync 1 DAGs
[2026-09-21T02:59:46.507+0000] {logging_mixin.py:149} INFO - [2026-09-21T02:59:46.507+0000] {dag.py:3490} INFO - Setting next_dagrun for 1-miprimerdag to None, run_after=None
[2026-09-21T02:59:46.592+0000] {processor.py:178} INFO - Processing /opt/airflow/dags/1_first_dag.py took 0.265 seconds
[2026-09-21T03:00:17.310+0000] {processor.py:156} INFO - Started process (PID=1441) to work on /opt/airflow/dags/1_first_dag.py
[2026-09-21T03:00:17.311+0000] {processor.py:799} INFO - Processing file /opt/airflow/dags/1_first_dag.py for tasks to queue
[2026-09-21T03:00:17.312+0000] {logging_mixin.py:149} INFO - [2026-09-21T03:00:17.312+0000] {dagbag.py:541} INFO - Filling up the DagBag from /opt/airflow/dags/1_first_dag.py
[2026-09-21T03:00:17.316+0000] {processor.py:809} INFO - DAG(s) dict_keys(['1-miprimerdag']) retrieved from /opt/airflow/dags/1_first_dag.py
[2026-09-21T03:00:17.376+0000] {logging_mixin.py:149} INFO - [2026-09-21T03:00:17.375+0000] {dag.py:2726} INFO - Sync 1 DAGs
[2026-09-21T03:00:17.410+0000] {logging_mixin.py:149} INFO - [2026-09-21T03:00:17.410+0000] {dag.py:3490} INFO - Setting next_dagrun for 1-miprimerdag to None, run_after=None
[2026-09-21T03:00:17.432+0000] {processor.py:178} INFO - Processing /opt/airflow/dags/1_first_dag.py took 0.129 seconds
[2026-09-21T03:00:48.245+0000] {processor.py:156} INFO - Started process (PID=1452) to work on /opt/airflow/dags/1_first_dag.py
[2026-09-21T03:00:48.247+0000] {processor.py:799} INFO - Processing file /opt/airflow/dags/1_first_dag.py for tasks to queue
[2026-09-21T03:00:48.247+0000] {logging_mixin.py:149} INFO - [2026-09-21T03:00:48.247+0000] {dagbag.py:541} INFO - Filling up the DagBag from /opt/airflow/dags/1_first_dag.py
[2026-09-21T03:00:48.252+0000] {processor.py:809} INFO - DAG(s) dict_keys(['1-miprimerdag']) retrieved from /opt/airflow/dags/1_first_dag.py
[2026-09-21T03:00:48.290+0000] {logging_mixin.py:149} INFO - [2026-09-21T03:00:48.290+0000] {dag.py:2726} INFO - Sync 1 DAGs
[2026-09-21T03:00:48.321+0000] {logging_mixin.py:149} INFO - [2026-09-21T03:00:48.321+0000] {dag.py:3490} INFO - Setting next_dagrun for 1-miprimerdag to None, run_after=None
[2026-09-21T03:00:48.343+0000] {processor.py:178} INFO - Processing /opt/airflow/dags/1_first_dag.py took 0.104 seconds
[2026-09-21T03:01:19.117+0000] {processor.py:156} INFO - Started process (PID=1463) to work on /opt/airflow/dags/1_first_dag.py
[2026-09-21T03:01:19.121+0000] {processor.py:799} INFO - Processing file /opt/airflow/dags/1_first_dag.py for tasks to queue
[2026-09-21T03:01:19.122+0000] {logging_mixin.py:149} INFO - [2026-09-21T03:01:19.122+0000] {dagbag.py:541} INFO - Filling up the DagBag from /opt/airflow/dags/1_first_dag.py
[2026-09-21T03:01:19.127+0000] {processor.py:809} INFO - DAG(s) dict_keys(['1-miprimerdag']) retrieved from /opt/airflow/dags/1_first_dag.py
[2026-09-21T03:01:19.191+0000] {logging_mixin.py:149} INFO - [2026-09-21T03:01:19.191+0000] {dag.py:2726} INFO - Sync 1 DAGs
[2026-09-21T03:01:19.243+0000] {logging_mixin.py:149} INFO - [2026-09-21T03:01:19.243+0000] {dag.py:3490} INFO - Setting next_dagrun for 1-miprimerdag to None, run_after=None
[2026-09-21T03:01:19.286+0000] {processor.py:178} INFO - Processing /opt/airflow/dags/1_first_dag.py took 0.176 seconds
[2026-09-21T03:01:49.483+0000] {processor.py:156} INFO - Started process (PID=1474) to work on /opt/airflow/dags/1_first_dag.py
[2026-09-21T03:01:49.489+0000] {processor.py:799} INFO - Processing file /opt/airflow/dags/1_first_dag.py for tasks to queue
[2026-09-21T03:01:49.490+0000] {logging_mixin.py:149} INFO - [2026-09-21T03:01:49.490+0000] {dagbag.py:541} INFO - Filling up the DagBag from /opt/airflow/dags/1_first_dag.py
[2026-09-21T03:01:49.496+0000] {processor.py:809} INFO - DAG(s) dict_keys(['1-miprimerdag']) retrieved from /opt/airflow/dags/1_first_dag.py
[2026-09-21T03:01:49.582+0000] {logging_mixin.py:149} INFO - [2026-09-21T03:01:49.582+0000] {dag.py:2726} INFO - Sync 1 DAGs
[2026-09-21T03:01:49.644+0000] {logging_mixin.py:149} INFO - [2026-09-21T03:01:49.644+0000] {dag.py:3490} INFO - Setting next_dagrun for 1-miprimerdag to None, run_after=None
[2026-09-21T03:01:49.691+0000] {processor.py:178} INFO - Processing /opt/airflow/dags/1_first_dag.py took 0.222 seconds
[2026-09-21T03:02:20.571+0000] {processor.py:156} INFO - Started process (PID=1485) to work on /opt/airflow/dags/1_first_dag.py
[2026-09-21T03:02:20.574+0000] {processor.py:799} INFO - Processing file /opt/airflow/dags/1_first_dag.py for tasks to queue
[2026-09-21T03:02:20.575+0000] {logging_mixin.py:149} INFO - [2026-09-21T03:02:20.575+0000] {dagbag.py:541} INFO - Filling up the DagBag from /opt/airflow/dags/1_first_dag.py
[2026-09-21T03:02:20.582+0000] {processor.py:809} INFO - DAG(s) dict_keys(['1-miprimerdag']) retrieved from /opt/airflow/dags/1_first_dag.py
[2026-09-21T03:02:20.638+0000] {logging_mixin.py:149} INFO - [2026-09-21T03:02:20.637+0000] {dag.py:2726} INFO - Sync 1 DAGs
[2026-09-21T03:02:20.674+0000] {logging_mixin.py:149} INFO - [2026-09-21T03:02:20.673+0000] {dag.py:3490} INFO - Setting next_dagrun for 1-miprimerdag to None, run_after=None
[2026-09-21T03:02:20.712+0000] {processor.py:178} INFO - Processing /opt/airflow/dags/1_first_dag.py took 0.149 seconds
[2026-09-21T03:02:50.902+0000] {processor.py:156} INFO - Started process (PID=1496) to work on /opt/airflow/dags/1_first_dag.py
[2026-09-21T03:02:50.903+0000] {processor.py:799} INFO - Processing file /opt/airflow/dags/1_first_dag.py for tasks to queue
[2026-09-21T03:02:50.912+0000] {logging_mixin.py:149} INFO - [2026-09-21T03:02:50.911+0000] {dagbag.py:541} INFO - Filling up the DagBag from /opt/airflow/dags/1_first_dag.py
[2026-09-21T03:02:50.932+0000] {processor.py:809} INFO - DAG(s) dict_keys(['1-miprimerdag']) retrieved from /opt/airflow/dags/1_first_dag.py
[2026-09-21T03:02:50.986+0000] {logging_mixin.py:149} INFO - [2026-09-21T03:02:50.986+0000] {dag.py:2726} INFO - Sync 1 DAGs
[2026-09-21T03:02:51.021+0000] {logging_mixin.py:149} INFO - [2026-09-21T03:02:51.020+0000] {dag.py:3490} INFO - Setting next_dagrun for 1-miprimerdag to None, run_after=None
[2026-09-21T03:02:51.048+0000] {processor.py:178} INFO - Processing /opt/airflow/dags/1_first_dag.py took 0.152 seconds
[2026-09-21T03:03:21.783+0000] {processor.py:156} INFO - Started process (PID=1507) to work on /opt/airflow/dags/1_first_dag.py
[2026-09-21T03:03:21.785+0000] {processor.py:799} INFO - Processing file /opt/airflow/dags/1_first_dag.py for tasks to queue
[2026-09-21T03:03:21.785+0000] {logging_mixin.py:149} INFO - [2026-09-21T03:03:21.785+0000] {dagbag.py:541} INFO - Filling up the DagBag from /opt/airflow/dags/1_first_dag.py
[2026-09-21T03:03:21.791+0000] {processor.py:809} INFO - DAG(s) dict_keys(['1-miprimerdag']) retrieved from /opt/airflow/dags/1_first_dag.py
[2026-09-21T03:03:21.867+0000] {logging_mixin.py:149} INFO - [2026-09-21T03:03:21.867+0000] {dag.py:2726} INFO - Sync 1 DAGs
[2026-09-21T03:03:21.923+0000] {logging_mixin.py:149} INFO - [2026-09-21T03:03:21.922+0000] {dag.py:3490} INFO - Setting next_dagrun for 1-miprimerdag to None, run_after=None
[2026-09-21T03:03:21.962+0000] {processor.py:178} INFO - Processing /opt/airflow/dags/1_first_dag.py took 0.186 seconds
[2026-09-21T03:03:52.008+0000] {processor.py:156} INFO - Started process (PID=1518) to work on /opt/airflow/dags/1_first_dag.py
[2026-09-21T03:03:52.010+0000] {processor.py:799} INFO - Processing file /opt/airflow/dags/1_first_dag.py for tasks to queue
[2026-09-21T03:03:52.010+0000] {logging_mixin.py:149} INFO - [2026-09-21T03:03:52.010+0000] {dagbag.py:541} INFO - Filling up the DagBag from /opt/airflow/dags/1_first_dag.py
[2026-09-21T03:03:52.014+0000] {processor.py:809} INFO - DAG(s) dict_keys(['1-miprimerdag']) retrieved from /opt/airflow/dags/1_first_dag.py
[2026-09-21T03:03:52.052+0000] {logging_mixin.py:149} INFO - [2026-09-21T03:03:52.052+0000] {dag.py:2726} INFO - Sync 1 DAGs
[2026-09-21T03:03:52.080+0000] {logging_mixin.py:149} INFO - [2026-09-21T03:03:52.080+0000] {dag.py:3490} INFO - Setting next_dagrun for 1-miprimerdag to None, run_after=None
[2026-09-21T03:03:52.100+0000] {processor.py:178} INFO - Processing /opt/airflow/dags/1_first_dag.py took 0.097 seconds
[2026-09-21T03:04:23.053+0000] {processor.py:156} INFO - Started process (PID=1529) to work on /opt/airflow/dags/1_first_dag.py
[2026-09-21T03:04:23.055+0000] {processor.py:799} INFO - Processing file /opt/airflow/dags/1_first_dag.py for tasks to queue
[2026-09-21T03:04:23.057+0000] {logging_mixin.py:149} INFO - [2026-09-21T03:04:23.057+0000] {dagbag.py:541} INFO - Filling up the DagBag from /opt/airflow/dags/1_first_dag.py
[2026-09-21T03:04:23.063+0000] {processor.py:809} INFO - DAG(s) dict_keys(['1-miprimerdag']) retrieved from /opt/airflow/dags/1_first_dag.py
[2026-09-21T03:04:23.122+0000] {logging_mixin.py:149} INFO - [2026-09-21T03:04:23.122+0000] {dag.py:2726} INFO - Sync 1 DAGs
[2026-09-21T03:04:23.160+0000] {logging_mixin.py:149} INFO - [2026-09-21T03:04:23.160+0000] {dag.py:3490} INFO - Setting next_dagrun for 1-miprimerdag to None, run_after=None
[2026-09-21T03:04:23.193+0000] {processor.py:178} INFO - Processing /opt/airflow/dags/1_first_dag.py took 0.146 seconds
[2026-09-21T03:04:53.318+0000] {processor.py:156} INFO - Started process (PID=1540) to work on /opt/airflow/dags/1_first_dag.py
[2026-09-21T03:04:53.323+0000] {processor.py:799} INFO - Processing file /opt/airflow/dags/1_first_dag.py for tasks to queue
[2026-09-21T03:04:53.324+0000] {logging_mixin.py:149} INFO - [2026-09-21T03:04:53.324+0000] {dagbag.py:541} INFO - Filling up the DagBag from /opt/airflow/dags/1_first_dag.py
[2026-09-21T03:04:53.332+0000] {processor.py:809} INFO - DAG(s) dict_keys(['1-miprimerdag']) retrieved from /opt/airflow/dags/1_first_dag.py
[2026-09-21T03:04:53.399+0000] {logging_mixin.py:149} INFO - [2026-09-21T03:04:53.399+0000] {dag.py:2726} INFO - Sync 1 DAGs
[2026-09-21T03:04:53.488+0000] {logging_mixin.py:149} INFO - [2026-09-21T03:04:53.484+0000] {dag.py:3490} INFO - Setting next_dagrun for 1-miprimerdag to None, run_after=None
[2026-09-21T03:04:53.538+0000] {processor.py:178} INFO - Processing /opt/airflow/dags/1_first_dag.py took 0.233 seconds
[2026-09-21T03:05:23.751+0000] {processor.py:156} INFO - Started process (PID=1551) to work on /opt/airflow/dags/1_first_dag.py
[2026-09-21T03:05:23.752+0000] {processor.py:799} INFO - Processing file /opt/airflow/dags/1_first_dag.py for tasks to queue
[2026-09-21T03:05:23.753+0000] {logging_mixin.py:149} INFO - [2026-09-21T03:05:23.753+0000] {dagbag.py:541} INFO - Filling up the DagBag from /opt/airflow/dags/1_first_dag.py
[2026-09-21T03:05:23.758+0000] {processor.py:809} INFO - DAG(s) dict_keys(['1-miprimerdag']) retrieved from /opt/airflow/dags/1_first_dag.py
[2026-09-21T03:05:23.819+0000] {logging_mixin.py:149} INFO - [2026-09-21T03:05:23.818+0000] {dag.py:2726} INFO - Sync 1 DAGs
[2026-09-21T03:05:23.866+0000] {logging_mixin.py:149} INFO - [2026-09-21T03:05:23.866+0000] {dag.py:3490} INFO - Setting next_dagrun for 1-miprimerdag to None, run_after=None
[2026-09-21T03:05:23.907+0000] {processor.py:178} INFO - Processing /opt/airflow/dags/1_first_dag.py took 0.161 seconds
[2026-09-21T03:05:54.749+0000] {processor.py:156} INFO - Started process (PID=1562) to work on /opt/airflow/dags/1_first_dag.py
[2026-09-21T03:05:54.753+0000] {processor.py:799} INFO - Processing file /opt/airflow/dags/1_first_dag.py for tasks to queue
[2026-09-21T03:05:54.754+0000] {logging_mixin.py:149} INFO - [2026-09-21T03:05:54.754+0000] {dagbag.py:541} INFO - Filling up the DagBag from /opt/airflow/dags/1_first_dag.py
[2026-09-21T03:05:54.758+0000] {processor.py:809} INFO - DAG(s) dict_keys(['1-miprimerdag']) retrieved from /opt/airflow/dags/1_first_dag.py
[2026-09-21T03:05:54.814+0000] {logging_mixin.py:149} INFO - [2026-09-21T03:05:54.814+0000] {dag.py:2726} INFO - Sync 1 DAGs
[2026-09-21T03:05:54.842+0000] {logging_mixin.py:149} INFO - [2026-09-21T03:05:54.842+0000] {dag.py:3490} INFO - Setting next_dagrun for 1-miprimerdag to None, run_after=None
[2026-09-21T03:05:54.864+0000] {processor.py:178} INFO - Processing /opt/airflow/dags/1_first_dag.py took 0.120 seconds
[2026-09-21T03:06:25.717+0000] {processor.py:156} INFO - Started process (PID=1573) to work on /opt/airflow/dags/1_first_dag.py
[2026-09-21T03:06:25.719+0000] {processor.py:799} INFO - Processing file /opt/airflow/dags/1_first_dag.py for tasks to queue
[2026-09-21T03:06:25.720+0000] {logging_mixin.py:149} INFO - [2026-09-21T03:06:25.720+0000] {dagbag.py:541} INFO - Filling up the DagBag from /opt/airflow/dags/1_first_dag.py
[2026-09-21T03:06:25.726+0000] {processor.py:809} INFO - DAG(s) dict_keys(['1-miprimerdag']) retrieved from /opt/airflow/dags/1_first_dag.py
[2026-09-21T03:06:25.778+0000] {logging_mixin.py:149} INFO - [2026-09-21T03:06:25.777+0000] {dag.py:2726} INFO - Sync 1 DAGs
[2026-09-21T03:06:25.816+0000] {logging_mixin.py:149} INFO - [2026-09-21T03:06:25.816+0000] {dag.py:3490} INFO - Setting next_dagrun for 1-miprimerdag to None, run_after=None
[2026-09-21T03:06:25.847+0000] {processor.py:178} INFO - Processing /opt/airflow/dags/1_first_dag.py took 0.136 seconds
[2026-09-21T03:06:55.942+0000] {processor.py:156} INFO - Started process (PID=1584) to work on /opt/airflow/dags/1_first_dag.py
[2026-09-21T03:06:55.944+0000] {processor.py:799} INFO - Processing file /opt/airflow/dags/1_first_dag.py for tasks to queue
[2026-09-21T03:06:55.945+0000] {logging_mixin.py:149} INFO - [2026-09-21T03:06:55.944+0000] {dagbag.py:541} INFO - Filling up the DagBag from /opt/airflow/dags/1_first_dag.py
[2026-09-21T03:06:55.950+0000] {processor.py:809} INFO - DAG(s) dict_keys(['1-miprimerdag']) retrieved from /opt/airflow/dags/1_first_dag.py
[2026-09-21T03:06:56.003+0000] {logging_mixin.py:149} INFO - [2026-09-21T03:06:56.002+0000] {dag.py:2726} INFO - Sync 1 DAGs
[2026-09-21T03:06:56.037+0000] {logging_mixin.py:149} INFO - [2026-09-21T03:06:56.036+0000] {dag.py:3490} INFO - Setting next_dagrun for 1-miprimerdag to None, run_after=None
[2026-09-21T03:06:56.065+0000] {processor.py:178} INFO - Processing /opt/airflow/dags/1_first_dag.py took 0.130 seconds
[2026-09-21T03:07:11.516+0000] {processor.py:156} INFO - Started process (PID=1595) to work on /opt/airflow/dags/1_first_dag.py
[2026-09-21T03:07:11.517+0000] {processor.py:799} INFO - Processing file /opt/airflow/dags/1_first_dag.py for tasks to queue
[2026-09-21T03:07:11.519+0000] {logging_mixin.py:149} INFO - [2026-09-21T03:07:11.518+0000] {dagbag.py:541} INFO - Filling up the DagBag from /opt/airflow/dags/1_first_dag.py
[2026-09-21T03:07:11.526+0000] {processor.py:809} INFO - DAG(s) dict_keys(['1-miprimerdag']) retrieved from /opt/airflow/dags/1_first_dag.py
[2026-09-21T03:07:11.588+0000] {logging_mixin.py:149} INFO - [2026-09-21T03:07:11.588+0000] {dag.py:2726} INFO - Sync 1 DAGs
[2026-09-21T03:07:11.631+0000] {logging_mixin.py:149} INFO - [2026-09-21T03:07:11.631+0000] {dag.py:3490} INFO - Setting next_dagrun for 1-miprimerdag to None, run_after=None
[2026-09-21T03:07:11.675+0000] {processor.py:178} INFO - Processing /opt/airflow/dags/1_first_dag.py took 0.166 seconds
[2026-09-21T03:07:42.605+0000] {processor.py:156} INFO - Started process (PID=1606) to work on /opt/airflow/dags/1_first_dag.py
[2026-09-21T03:07:42.607+0000] {processor.py:799} INFO - Processing file /opt/airflow/dags/1_first_dag.py for tasks to queue
[2026-09-21T03:07:42.608+0000] {logging_mixin.py:149} INFO - [2026-09-21T03:07:42.608+0000] {dagbag.py:541} INFO - Filling up the DagBag from /opt/airflow/dags/1_first_dag.py
[2026-09-21T03:07:42.614+0000] {processor.py:809} INFO - DAG(s) dict_keys(['1-miprimerdag']) retrieved from /opt/airflow/dags/1_first_dag.py
[2026-09-21T03:07:42.669+0000] {logging_mixin.py:149} INFO - [2026-09-21T03:07:42.669+0000] {dag.py:2726} INFO - Sync 1 DAGs
[2026-09-21T03:07:42.714+0000] {logging_mixin.py:149} INFO - [2026-09-21T03:07:42.713+0000] {dag.py:3490} INFO - Setting next_dagrun for 1-miprimerdag to None, run_after=None
[2026-09-21T03:07:42.749+0000] {processor.py:178} INFO - Processing /opt/airflow/dags/1_first_dag.py took 0.151 seconds
[2026-09-21T03:08:13.698+0000] {processor.py:156} INFO - Started process (PID=1617) to work on /opt/airflow/dags/1_first_dag.py
[2026-09-21T03:08:13.700+0000] {processor.py:799} INFO - Processing file /opt/airflow/dags/1_first_dag.py for tasks to queue
[2026-09-21T03:08:13.701+0000] {logging_mixin.py:149} INFO - [2026-09-21T03:08:13.701+0000] {dagbag.py:541} INFO - Filling up the DagBag from /opt/airflow/dags/1_first_dag.py
[2026-09-21T03:08:13.707+0000] {processor.py:809} INFO - DAG(s) dict_keys(['1-miprimerdag']) retrieved from /opt/airflow/dags/1_first_dag.py
[2026-09-21T03:08:13.770+0000] {logging_mixin.py:149} INFO - [2026-09-21T03:08:13.769+0000] {dag.py:2726} INFO - Sync 1 DAGs
[2026-09-21T03:08:13.811+0000] {logging_mixin.py:149} INFO - [2026-09-21T03:08:13.810+0000] {dag.py:3490} INFO - Setting next_dagrun for 1-miprimerdag to None, run_after=None
[2026-09-21T03:08:13.838+0000] {processor.py:178} INFO - Processing /opt/airflow/dags/1_first_dag.py took 0.147 seconds
[2026-09-21T03:08:43.942+0000] {processor.py:156} INFO - Started process (PID=1628) to work on /opt/airflow/dags/1_first_dag.py
[2026-09-21T03:08:43.944+0000] {processor.py:799} INFO - Processing file /opt/airflow/dags/1_first_dag.py for tasks to queue
[2026-09-21T03:08:43.945+0000] {logging_mixin.py:149} INFO - [2026-09-21T03:08:43.945+0000] {dagbag.py:541} INFO - Filling up the DagBag from /opt/airflow/dags/1_first_dag.py
[2026-09-21T03:08:43.950+0000] {processor.py:809} INFO - DAG(s) dict_keys(['1-miprimerdag']) retrieved from /opt/airflow/dags/1_first_dag.py
[2026-09-21T03:08:44.001+0000] {logging_mixin.py:149} INFO - [2026-09-21T03:08:44.001+0000] {dag.py:2726} INFO - Sync 1 DAGs
[2026-09-21T03:08:44.043+0000] {logging_mixin.py:149} INFO - [2026-09-21T03:08:44.043+0000] {dag.py:3490} INFO - Setting next_dagrun for 1-miprimerdag to None, run_after=None
[2026-09-21T03:08:44.077+0000] {processor.py:178} INFO - Processing /opt/airflow/dags/1_first_dag.py took 0.140 seconds
[2026-09-21T03:09:13.604+0000] {processor.py:156} INFO - Started process (PID=1641) to work on /opt/airflow/dags/1_first_dag.py
[2026-09-21T03:09:13.607+0000] {processor.py:799} INFO - Processing file /opt/airflow/dags/1_first_dag.py for tasks to queue
[2026-09-21T03:09:13.608+0000] {logging_mixin.py:149} INFO - [2026-09-21T03:09:13.608+0000] {dagbag.py:541} INFO - Filling up the DagBag from /opt/airflow/dags/1_first_dag.py
[2026-09-21T03:09:13.614+0000] {processor.py:809} INFO - DAG(s) dict_keys(['1-miprimerdag']) retrieved from /opt/airflow/dags/1_first_dag.py
[2026-09-21T03:09:13.676+0000] {logging_mixin.py:149} INFO - [2026-09-21T03:09:13.676+0000] {dag.py:2726} INFO - Sync 1 DAGs
[2026-09-21T03:09:13.718+0000] {logging_mixin.py:149} INFO - [2026-09-21T03:09:13.718+0000] {dag.py:3490} INFO - Setting next_dagrun for 1-miprimerdag to None, run_after=None
[2026-09-21T03:09:13.783+0000] {processor.py:178} INFO - Processing /opt/airflow/dags/1_first_dag.py took 0.185 seconds
[2026-09-21T03:09:43.883+0000] {processor.py:156} INFO - Started process (PID=1652) to work on /opt/airflow/dags/1_first_dag.py
[2026-09-21T03:09:43.884+0000] {processor.py:799} INFO - Processing file /opt/airflow/dags/1_first_dag.py for tasks to queue
[2026-09-21T03:09:43.885+0000] {logging_mixin.py:149} INFO - [2026-09-21T03:09:43.885+0000] {dagbag.py:541} INFO - Filling up the DagBag from /opt/airflow/dags/1_first_dag.py
[2026-09-21T03:09:43.891+0000] {processor.py:809} INFO - DAG(s) dict_keys(['1-miprimerdag']) retrieved from /opt/airflow/dags/1_first_dag.py
[2026-09-21T03:09:43.953+0000] {logging_mixin.py:149} INFO - [2026-09-21T03:09:43.953+0000] {dag.py:2726} INFO - Sync 1 DAGs
[2026-09-21T03:09:44.006+0000] {logging_mixin.py:149} INFO - [2026-09-21T03:09:44.003+0000] {dag.py:3490} INFO - Setting next_dagrun for 1-miprimerdag to None, run_after=None
[2026-09-21T03:09:44.035+0000] {processor.py:178} INFO - Processing /opt/airflow/dags/1_first_dag.py took 0.158 seconds
[2026-09-21T03:10:14.116+0000] {processor.py:156} INFO - Started process (PID=1663) to work on /opt/airflow/dags/1_first_dag.py
[2026-09-21T03:10:14.118+0000] {processor.py:799} INFO - Processing file /opt/airflow/dags/1_first_dag.py for tasks to queue
[2026-09-21T03:10:14.119+0000] {logging_mixin.py:149} INFO - [2026-09-21T03:10:14.119+0000] {dagbag.py:541} INFO - Filling up the DagBag from /opt/airflow/dags/1_first_dag.py
[2026-09-21T03:10:14.124+0000] {processor.py:809} INFO - DAG(s) dict_keys(['1-miprimerdag']) retrieved from /opt/airflow/dags/1_first_dag.py
[2026-09-21T03:10:14.182+0000] {logging_mixin.py:149} INFO - [2026-09-21T03:10:14.182+0000] {dag.py:2726} INFO - Sync 1 DAGs
[2026-09-21T03:10:14.220+0000] {logging_mixin.py:149} INFO - [2026-09-21T03:10:14.219+0000] {dag.py:3490} INFO - Setting next_dagrun for 1-miprimerdag to None, run_after=None
[2026-09-21T03:10:14.252+0000] {processor.py:178} INFO - Processing /opt/airflow/dags/1_first_dag.py took 0.142 seconds
[2026-09-21T03:10:44.397+0000] {processor.py:156} INFO - Started process (PID=1674) to work on /opt/airflow/dags/1_first_dag.py
[2026-09-21T03:10:44.398+0000] {processor.py:799} INFO - Processing file /opt/airflow/dags/1_first_dag.py for tasks to queue
[2026-09-21T03:10:44.399+0000] {logging_mixin.py:149} INFO - [2026-09-21T03:10:44.399+0000] {dagbag.py:541} INFO - Filling up the DagBag from /opt/airflow/dags/1_first_dag.py
[2026-09-21T03:10:44.405+0000] {processor.py:809} INFO - DAG(s) dict_keys(['1-miprimerdag']) retrieved from /opt/airflow/dags/1_first_dag.py
[2026-09-21T03:10:44.476+0000] {logging_mixin.py:149} INFO - [2026-09-21T03:10:44.476+0000] {dag.py:2726} INFO - Sync 1 DAGs
[2026-09-21T03:10:44.514+0000] {logging_mixin.py:149} INFO - [2026-09-21T03:10:44.513+0000] {dag.py:3490} INFO - Setting next_dagrun for 1-miprimerdag to None, run_after=None
[2026-09-21T03:10:44.547+0000] {processor.py:178} INFO - Processing /opt/airflow/dags/1_first_dag.py took 0.157 seconds
[2026-09-21T03:11:14.626+0000] {processor.py:156} INFO - Started process (PID=1685) to work on /opt/airflow/dags/1_first_dag.py
[2026-09-21T03:11:14.630+0000] {processor.py:799} INFO - Processing file /opt/airflow/dags/1_first_dag.py for tasks to queue
[2026-09-21T03:11:14.631+0000] {logging_mixin.py:149} INFO - [2026-09-21T03:11:14.631+0000] {dagbag.py:541} INFO - Filling up the DagBag from /opt/airflow/dags/1_first_dag.py
[2026-09-21T03:11:14.637+0000] {processor.py:809} INFO - DAG(s) dict_keys(['1-miprimerdag']) retrieved from /opt/airflow/dags/1_first_dag.py
[2026-09-21T03:11:14.691+0000] {logging_mixin.py:149} INFO - [2026-09-21T03:11:14.691+0000] {dag.py:2726} INFO - Sync 1 DAGs
[2026-09-21T03:11:14.734+0000] {logging_mixin.py:149} INFO - [2026-09-21T03:11:14.733+0000] {dag.py:3490} INFO - Setting next_dagrun for 1-miprimerdag to None, run_after=None
[2026-09-21T03:11:14.781+0000] {processor.py:178} INFO - Processing /opt/airflow/dags/1_first_dag.py took 0.161 seconds
[2026-09-21T03:11:44.848+0000] {processor.py:156} INFO - Started process (PID=1696) to work on /opt/airflow/dags/1_first_dag.py
[2026-09-21T03:11:44.849+0000] {processor.py:799} INFO - Processing file /opt/airflow/dags/1_first_dag.py for tasks to queue
[2026-09-21T03:11:44.850+0000] {logging_mixin.py:149} INFO - [2026-09-21T03:11:44.850+0000] {dagbag.py:541} INFO - Filling up the DagBag from /opt/airflow/dags/1_first_dag.py
[2026-09-21T03:11:44.856+0000] {processor.py:809} INFO - DAG(s) dict_keys(['1-miprimerdag']) retrieved from /opt/airflow/dags/1_first_dag.py
[2026-09-21T03:11:44.912+0000] {logging_mixin.py:149} INFO - [2026-09-21T03:11:44.912+0000] {dag.py:2726} INFO - Sync 1 DAGs
[2026-09-21T03:11:44.953+0000] {logging_mixin.py:149} INFO - [2026-09-21T03:11:44.953+0000] {dag.py:3490} INFO - Setting next_dagrun for 1-miprimerdag to None, run_after=None
[2026-09-21T03:11:44.986+0000] {processor.py:178} INFO - Processing /opt/airflow/dags/1_first_dag.py took 0.146 seconds
[2026-09-21T03:12:15.203+0000] {processor.py:156} INFO - Started process (PID=1707) to work on /opt/airflow/dags/1_first_dag.py
[2026-09-21T03:12:15.207+0000] {processor.py:799} INFO - Processing file /opt/airflow/dags/1_first_dag.py for tasks to queue
[2026-09-21T03:12:15.208+0000] {logging_mixin.py:149} INFO - [2026-09-21T03:12:15.208+0000] {dagbag.py:541} INFO - Filling up the DagBag from /opt/airflow/dags/1_first_dag.py
[2026-09-21T03:12:15.214+0000] {processor.py:809} INFO - DAG(s) dict_keys(['1-miprimerdag']) retrieved from /opt/airflow/dags/1_first_dag.py
[2026-09-21T03:12:15.277+0000] {logging_mixin.py:149} INFO - [2026-09-21T03:12:15.276+0000] {dag.py:2726} INFO - Sync 1 DAGs
[2026-09-21T03:12:15.314+0000] {logging_mixin.py:149} INFO - [2026-09-21T03:12:15.313+0000] {dag.py:3490} INFO - Setting next_dagrun for 1-miprimerdag to None, run_after=None
[2026-09-21T03:12:15.351+0000] {processor.py:178} INFO - Processing /opt/airflow/dags/1_first_dag.py took 0.156 seconds
[2026-09-21T03:12:45.450+0000] {processor.py:156} INFO - Started process (PID=1718) to work on /opt/airflow/dags/1_first_dag.py
[2026-09-21T03:12:45.454+0000] {processor.py:799} INFO - Processing file /opt/airflow/dags/1_first_dag.py for tasks to queue
[2026-09-21T03:12:45.456+0000] {logging_mixin.py:149} INFO - [2026-09-21T03:12:45.456+0000] {dagbag.py:541} INFO - Filling up the DagBag from /opt/airflow/dags/1_first_dag.py
[2026-09-21T03:12:45.474+0000] {processor.py:809} INFO - DAG(s) dict_keys(['1-miprimerdag']) retrieved from /opt/airflow/dags/1_first_dag.py
[2026-09-21T03:12:45.576+0000] {logging_mixin.py:149} INFO - [2026-09-21T03:12:45.576+0000] {dag.py:2726} INFO - Sync 1 DAGs
[2026-09-21T03:12:45.612+0000] {logging_mixin.py:149} INFO - [2026-09-21T03:12:45.612+0000] {dag.py:3490} INFO - Setting next_dagrun for 1-miprimerdag to None, run_after=None
[2026-09-21T03:12:45.646+0000] {processor.py:178} INFO - Processing /opt/airflow/dags/1_first_dag.py took 0.205 seconds
[2026-09-21T03:13:15.791+0000] {processor.py:156} INFO - Started process (PID=1729) to work on /opt/airflow/dags/1_first_dag.py
[2026-09-21T03:13:15.794+0000] {processor.py:799} INFO - Processing file /opt/airflow/dags/1_first_dag.py for tasks to queue
[2026-09-21T03:13:15.795+0000] {logging_mixin.py:149} INFO - [2026-09-21T03:13:15.795+0000] {dagbag.py:541} INFO - Filling up the DagBag from /opt/airflow/dags/1_first_dag.py
[2026-09-21T03:13:15.801+0000] {processor.py:809} INFO - DAG(s) dict_keys(['1-miprimerdag']) retrieved from /opt/airflow/dags/1_first_dag.py
[2026-09-21T03:13:15.853+0000] {logging_mixin.py:149} INFO - [2026-09-21T03:13:15.853+0000] {dag.py:2726} INFO - Sync 1 DAGs
[2026-09-21T03:13:15.886+0000] {logging_mixin.py:149} INFO - [2026-09-21T03:13:15.886+0000] {dag.py:3490} INFO - Setting next_dagrun for 1-miprimerdag to None, run_after=None
[2026-09-21T03:13:15.923+0000] {processor.py:178} INFO - Processing /opt/airflow/dags/1_first_dag.py took 0.138 seconds
[2026-09-21T03:13:46.130+0000] {processor.py:156} INFO - Started process (PID=1740) to work on /opt/airflow/dags/1_first_dag.py
[2026-09-21T03:13:46.136+0000] {processor.py:799} INFO - Processing file /opt/airflow/dags/1_first_dag.py for tasks to queue
[2026-09-21T03:13:46.139+0000] {logging_mixin.py:149} INFO - [2026-09-21T03:13:46.136+0000] {dagbag.py:541} INFO - Filling up the DagBag from /opt/airflow/dags/1_first_dag.py
[2026-09-21T03:13:46.151+0000] {processor.py:809} INFO - DAG(s) dict_keys(['1-miprimerdag']) retrieved from /opt/airflow/dags/1_first_dag.py
[2026-09-21T03:13:46.253+0000] {logging_mixin.py:149} INFO - [2026-09-21T03:13:46.252+0000] {dag.py:2726} INFO - Sync 1 DAGs
[2026-09-21T03:13:46.329+0000] {logging_mixin.py:149} INFO - [2026-09-21T03:13:46.328+0000] {dag.py:3490} INFO - Setting next_dagrun for 1-miprimerdag to None, run_after=None
[2026-09-21T03:13:46.413+0000] {processor.py:178} INFO - Processing /opt/airflow/dags/1_first_dag.py took 0.297 seconds
[2026-09-21T03:14:17.374+0000] {processor.py:156} INFO - Started process (PID=1751) to work on /opt/airflow/dags/1_first_dag.py
[2026-09-21T03:14:17.382+0000] {processor.py:799} INFO - Processing file /opt/airflow/dags/1_first_dag.py for tasks to queue
[2026-09-21T03:14:17.383+0000] {logging_mixin.py:149} INFO - [2026-09-21T03:14:17.383+0000] {dagbag.py:541} INFO - Filling up the DagBag from /opt/airflow/dags/1_first_dag.py
[2026-09-21T03:14:17.389+0000] {processor.py:809} INFO - DAG(s) dict_keys(['1-miprimerdag']) retrieved from /opt/airflow/dags/1_first_dag.py
[2026-09-21T03:14:17.510+0000] {logging_mixin.py:149} INFO - [2026-09-21T03:14:17.510+0000] {dag.py:2726} INFO - Sync 1 DAGs
[2026-09-21T03:14:17.567+0000] {logging_mixin.py:149} INFO - [2026-09-21T03:14:17.566+0000] {dag.py:3490} INFO - Setting next_dagrun for 1-miprimerdag to None, run_after=None
[2026-09-21T03:14:17.616+0000] {processor.py:178} INFO - Processing /opt/airflow/dags/1_first_dag.py took 0.254 seconds
[2026-09-21T03:14:48.644+0000] {processor.py:156} INFO - Started process (PID=1765) to work on /opt/airflow/dags/1_first_dag.py
[2026-09-21T03:14:48.646+0000] {processor.py:799} INFO - Processing file /opt/airflow/dags/1_first_dag.py for tasks to queue
[2026-09-21T03:14:48.648+0000] {logging_mixin.py:149} INFO - [2026-09-21T03:14:48.648+0000] {dagbag.py:541} INFO - Filling up the DagBag from /opt/airflow/dags/1_first_dag.py
[2026-09-21T03:14:48.657+0000] {processor.py:809} INFO - DAG(s) dict_keys(['1-miprimerdag']) retrieved from /opt/airflow/dags/1_first_dag.py
[2026-09-21T03:14:48.718+0000] {logging_mixin.py:149} INFO - [2026-09-21T03:14:48.718+0000] {dag.py:2726} INFO - Sync 1 DAGs
[2026-09-21T03:14:48.782+0000] {logging_mixin.py:149} INFO - [2026-09-21T03:14:48.781+0000] {dag.py:3490} INFO - Setting next_dagrun for 1-miprimerdag to None, run_after=None
[2026-09-21T03:14:48.838+0000] {processor.py:178} INFO - Processing /opt/airflow/dags/1_first_dag.py took 0.202 seconds
[2026-09-21T03:15:19.637+0000] {processor.py:156} INFO - Started process (PID=1779) to work on /opt/airflow/dags/1_first_dag.py
[2026-09-21T03:15:19.640+0000] {processor.py:799} INFO - Processing file /opt/airflow/dags/1_first_dag.py for tasks to queue
[2026-09-21T03:15:19.641+0000] {logging_mixin.py:149} INFO - [2026-09-21T03:15:19.641+0000] {dagbag.py:541} INFO - Filling up the DagBag from /opt/airflow/dags/1_first_dag.py
[2026-09-21T03:15:19.646+0000] {processor.py:809} INFO - DAG(s) dict_keys(['1-miprimerdag']) retrieved from /opt/airflow/dags/1_first_dag.py
[2026-09-21T03:15:19.723+0000] {logging_mixin.py:149} INFO - [2026-09-21T03:15:19.723+0000] {dag.py:2726} INFO - Sync 1 DAGs
[2026-09-21T03:15:19.772+0000] {logging_mixin.py:149} INFO - [2026-09-21T03:15:19.771+0000] {dag.py:3490} INFO - Setting next_dagrun for 1-miprimerdag to None, run_after=None
[2026-09-21T03:15:19.815+0000] {processor.py:178} INFO - Processing /opt/airflow/dags/1_first_dag.py took 0.186 seconds
[2026-09-21T03:15:50.548+0000] {processor.py:156} INFO - Started process (PID=1793) to work on /opt/airflow/dags/1_first_dag.py
[2026-09-21T03:15:50.550+0000] {processor.py:799} INFO - Processing file /opt/airflow/dags/1_first_dag.py for tasks to queue
[2026-09-21T03:15:50.551+0000] {logging_mixin.py:149} INFO - [2026-09-21T03:15:50.550+0000] {dagbag.py:541} INFO - Filling up the DagBag from /opt/airflow/dags/1_first_dag.py
[2026-09-21T03:15:50.556+0000] {processor.py:809} INFO - DAG(s) dict_keys(['1-miprimerdag']) retrieved from /opt/airflow/dags/1_first_dag.py
[2026-09-21T03:15:50.643+0000] {logging_mixin.py:149} INFO - [2026-09-21T03:15:50.643+0000] {dag.py:2726} INFO - Sync 1 DAGs
[2026-09-21T03:15:50.706+0000] {logging_mixin.py:149} INFO - [2026-09-21T03:15:50.706+0000] {dag.py:3490} INFO - Setting next_dagrun for 1-miprimerdag to None, run_after=None
[2026-09-21T03:15:50.756+0000] {processor.py:178} INFO - Processing /opt/airflow/dags/1_first_dag.py took 0.214 seconds
[2026-09-21T03:16:21.515+0000] {processor.py:156} INFO - Started process (PID=1807) to work on /opt/airflow/dags/1_first_dag.py
[2026-09-21T03:16:21.518+0000] {processor.py:799} INFO - Processing file /opt/airflow/dags/1_first_dag.py for tasks to queue
[2026-09-21T03:16:21.519+0000] {logging_mixin.py:149} INFO - [2026-09-21T03:16:21.519+0000] {dagbag.py:541} INFO - Filling up the DagBag from /opt/airflow/dags/1_first_dag.py
[2026-09-21T03:16:21.525+0000] {processor.py:809} INFO - DAG(s) dict_keys(['1-miprimerdag']) retrieved from /opt/airflow/dags/1_first_dag.py
[2026-09-21T03:16:21.579+0000] {logging_mixin.py:149} INFO - [2026-09-21T03:16:21.579+0000] {dag.py:2726} INFO - Sync 1 DAGs
[2026-09-21T03:16:21.625+0000] {logging_mixin.py:149} INFO - [2026-09-21T03:16:21.625+0000] {dag.py:3490} INFO - Setting next_dagrun for 1-miprimerdag to None, run_after=None
[2026-09-21T03:16:21.658+0000] {processor.py:178} INFO - Processing /opt/airflow/dags/1_first_dag.py took 0.150 seconds
[2026-09-21T03:16:51.774+0000] {processor.py:156} INFO - Started process (PID=1821) to work on /opt/airflow/dags/1_first_dag.py
[2026-09-21T03:16:51.775+0000] {processor.py:799} INFO - Processing file /opt/airflow/dags/1_first_dag.py for tasks to queue
[2026-09-21T03:16:51.776+0000] {logging_mixin.py:149} INFO - [2026-09-21T03:16:51.776+0000] {dagbag.py:541} INFO - Filling up the DagBag from /opt/airflow/dags/1_first_dag.py
[2026-09-21T03:16:51.782+0000] {processor.py:809} INFO - DAG(s) dict_keys(['1-miprimerdag']) retrieved from /opt/airflow/dags/1_first_dag.py
[2026-09-21T03:16:51.837+0000] {logging_mixin.py:149} INFO - [2026-09-21T03:16:51.837+0000] {dag.py:2726} INFO - Sync 1 DAGs
[2026-09-21T03:16:51.878+0000] {logging_mixin.py:149} INFO - [2026-09-21T03:16:51.877+0000] {dag.py:3490} INFO - Setting next_dagrun for 1-miprimerdag to None, run_after=None
[2026-09-21T03:16:51.912+0000] {processor.py:178} INFO - Processing /opt/airflow/dags/1_first_dag.py took 0.146 seconds
[2026-09-21T03:17:22.110+0000] {processor.py:156} INFO - Started process (PID=1835) to work on /opt/airflow/dags/1_first_dag.py
[2026-09-21T03:17:22.112+0000] {processor.py:799} INFO - Processing file /opt/airflow/dags/1_first_dag.py for tasks to queue
[2026-09-21T03:17:22.113+0000] {logging_mixin.py:149} INFO - [2026-09-21T03:17:22.113+0000] {dagbag.py:541} INFO - Filling up the DagBag from /opt/airflow/dags/1_first_dag.py
[2026-09-21T03:17:22.120+0000] {processor.py:809} INFO - DAG(s) dict_keys(['1-miprimerdag']) retrieved from /opt/airflow/dags/1_first_dag.py
[2026-09-21T03:17:22.187+0000] {logging_mixin.py:149} INFO - [2026-09-21T03:17:22.186+0000] {dag.py:2726} INFO - Sync 1 DAGs
[2026-09-21T03:17:22.241+0000] {logging_mixin.py:149} INFO - [2026-09-21T03:17:22.240+0000] {dag.py:3490} INFO - Setting next_dagrun for 1-miprimerdag to None, run_after=None
[2026-09-21T03:17:22.277+0000] {processor.py:178} INFO - Processing /opt/airflow/dags/1_first_dag.py took 0.174 seconds
[2026-09-21T03:17:52.466+0000] {processor.py:156} INFO - Started process (PID=1849) to work on /opt/airflow/dags/1_first_dag.py
[2026-09-21T03:17:52.468+0000] {processor.py:799} INFO - Processing file /opt/airflow/dags/1_first_dag.py for tasks to queue
[2026-09-21T03:17:52.471+0000] {logging_mixin.py:149} INFO - [2026-09-21T03:17:52.471+0000] {dagbag.py:541} INFO - Filling up the DagBag from /opt/airflow/dags/1_first_dag.py
[2026-09-21T03:17:52.476+0000] {processor.py:809} INFO - DAG(s) dict_keys(['1-miprimerdag']) retrieved from /opt/airflow/dags/1_first_dag.py
[2026-09-21T03:17:52.558+0000] {logging_mixin.py:149} INFO - [2026-09-21T03:17:52.557+0000] {dag.py:2726} INFO - Sync 1 DAGs
[2026-09-21T03:17:52.622+0000] {logging_mixin.py:149} INFO - [2026-09-21T03:17:52.622+0000] {dag.py:3490} INFO - Setting next_dagrun for 1-miprimerdag to None, run_after=None
[2026-09-21T03:17:52.651+0000] {processor.py:178} INFO - Processing /opt/airflow/dags/1_first_dag.py took 0.191 seconds
[2026-09-21T03:18:22.724+0000] {processor.py:156} INFO - Started process (PID=1863) to work on /opt/airflow/dags/1_first_dag.py
[2026-09-21T03:18:22.726+0000] {processor.py:799} INFO - Processing file /opt/airflow/dags/1_first_dag.py for tasks to queue
[2026-09-21T03:18:22.727+0000] {logging_mixin.py:149} INFO - [2026-09-21T03:18:22.727+0000] {dagbag.py:541} INFO - Filling up the DagBag from /opt/airflow/dags/1_first_dag.py
[2026-09-21T03:18:22.732+0000] {processor.py:809} INFO - DAG(s) dict_keys(['1-miprimerdag']) retrieved from /opt/airflow/dags/1_first_dag.py
[2026-09-21T03:18:22.777+0000] {logging_mixin.py:149} INFO - [2026-09-21T03:18:22.776+0000] {dag.py:2726} INFO - Sync 1 DAGs
[2026-09-21T03:18:22.807+0000] {logging_mixin.py:149} INFO - [2026-09-21T03:18:22.807+0000] {dag.py:3490} INFO - Setting next_dagrun for 1-miprimerdag to None, run_after=None
[2026-09-21T03:18:22.840+0000] {processor.py:178} INFO - Processing /opt/airflow/dags/1_first_dag.py took 0.123 seconds
[2026-09-21T03:18:51.249+0000] {processor.py:156} INFO - Started process (PID=1879) to work on /opt/airflow/dags/1_first_dag.py
[2026-09-21T03:18:51.251+0000] {processor.py:799} INFO - Processing file /opt/airflow/dags/1_first_dag.py for tasks to queue
[2026-09-21T03:18:51.252+0000] {logging_mixin.py:149} INFO - [2026-09-21T03:18:51.252+0000] {dagbag.py:541} INFO - Filling up the DagBag from /opt/airflow/dags/1_first_dag.py
[2026-09-21T03:18:51.259+0000] {processor.py:809} INFO - DAG(s) dict_keys(['1-miprimerdag']) retrieved from /opt/airflow/dags/1_first_dag.py
[2026-09-21T03:18:51.350+0000] {logging_mixin.py:149} INFO - [2026-09-21T03:18:51.349+0000] {dag.py:2726} INFO - Sync 1 DAGs
[2026-09-21T03:18:51.410+0000] {logging_mixin.py:149} INFO - [2026-09-21T03:18:51.410+0000] {dag.py:3490} INFO - Setting next_dagrun for 1-miprimerdag to None, run_after=None
[2026-09-21T03:18:51.472+0000] {processor.py:178} INFO - Processing /opt/airflow/dags/1_first_dag.py took 0.230 seconds
[2026-09-21T03:19:22.304+0000] {processor.py:156} INFO - Started process (PID=1893) to work on /opt/airflow/dags/1_first_dag.py
[2026-09-21T03:19:22.306+0000] {processor.py:799} INFO - Processing file /opt/airflow/dags/1_first_dag.py for tasks to queue
[2026-09-21T03:19:22.308+0000] {logging_mixin.py:149} INFO - [2026-09-21T03:19:22.308+0000] {dagbag.py:541} INFO - Filling up the DagBag from /opt/airflow/dags/1_first_dag.py
[2026-09-21T03:19:22.314+0000] {processor.py:809} INFO - DAG(s) dict_keys(['1-miprimerdag']) retrieved from /opt/airflow/dags/1_first_dag.py
[2026-09-21T03:19:22.369+0000] {logging_mixin.py:149} INFO - [2026-09-21T03:19:22.368+0000] {dag.py:2726} INFO - Sync 1 DAGs
[2026-09-21T03:19:22.412+0000] {logging_mixin.py:149} INFO - [2026-09-21T03:19:22.411+0000] {dag.py:3490} INFO - Setting next_dagrun for 1-miprimerdag to None, run_after=None
[2026-09-21T03:19:22.448+0000] {processor.py:178} INFO - Processing /opt/airflow/dags/1_first_dag.py took 0.150 seconds
[2026-09-21T03:19:53.205+0000] {processor.py:156} INFO - Started process (PID=1907) to work on /opt/airflow/dags/1_first_dag.py
[2026-09-21T03:19:53.208+0000] {processor.py:799} INFO - Processing file /opt/airflow/dags/1_first_dag.py for tasks to queue
[2026-09-21T03:19:53.210+0000] {logging_mixin.py:149} INFO - [2026-09-21T03:19:53.210+0000] {dagbag.py:541} INFO - Filling up the DagBag from /opt/airflow/dags/1_first_dag.py
[2026-09-21T03:19:53.221+0000] {processor.py:809} INFO - DAG(s) dict_keys(['1-miprimerdag']) retrieved from /opt/airflow/dags/1_first_dag.py
[2026-09-21T03:19:53.301+0000] {logging_mixin.py:149} INFO - [2026-09-21T03:19:53.301+0000] {dag.py:2726} INFO - Sync 1 DAGs
[2026-09-21T03:19:53.334+0000] {logging_mixin.py:149} INFO - [2026-09-21T03:19:53.334+0000] {dag.py:3490} INFO - Setting next_dagrun for 1-miprimerdag to None, run_after=None
[2026-09-21T03:19:53.361+0000] {processor.py:178} INFO - Processing /opt/airflow/dags/1_first_dag.py took 0.167 seconds
[2026-09-21T03:20:24.068+0000] {processor.py:156} INFO - Started process (PID=1921) to work on /opt/airflow/dags/1_first_dag.py
[2026-09-21T03:20:24.071+0000] {processor.py:799} INFO - Processing file /opt/airflow/dags/1_first_dag.py for tasks to queue
[2026-09-21T03:20:24.072+0000] {logging_mixin.py:149} INFO - [2026-09-21T03:20:24.072+0000] {dagbag.py:541} INFO - Filling up the DagBag from /opt/airflow/dags/1_first_dag.py
[2026-09-21T03:20:24.078+0000] {processor.py:809} INFO - DAG(s) dict_keys(['1-miprimerdag']) retrieved from /opt/airflow/dags/1_first_dag.py
[2026-09-21T03:20:24.138+0000] {logging_mixin.py:149} INFO - [2026-09-21T03:20:24.138+0000] {dag.py:2726} INFO - Sync 1 DAGs
[2026-09-21T03:20:24.177+0000] {logging_mixin.py:149} INFO - [2026-09-21T03:20:24.177+0000] {dag.py:3490} INFO - Setting next_dagrun for 1-miprimerdag to None, run_after=None
[2026-09-21T03:20:24.214+0000] {processor.py:178} INFO - Processing /opt/airflow/dags/1_first_dag.py took 0.152 seconds
[2026-09-21T03:20:54.918+0000] {processor.py:156} INFO - Started process (PID=1935) to work on /opt/airflow/dags/1_first_dag.py
[2026-09-21T03:20:54.920+0000] {processor.py:799} INFO - Processing file /opt/airflow/dags/1_first_dag.py for tasks to queue
[2026-09-21T03:20:54.922+0000] {logging_mixin.py:149} INFO - [2026-09-21T03:20:54.921+0000] {dagbag.py:541} INFO - Filling up the DagBag from /opt/airflow/dags/1_first_dag.py
[2026-09-21T03:20:54.927+0000] {processor.py:809} INFO - DAG(s) dict_keys(['1-miprimerdag']) retrieved from /opt/airflow/dags/1_first_dag.py
[2026-09-21T03:20:54.998+0000] {logging_mixin.py:149} INFO - [2026-09-21T03:20:54.998+0000] {dag.py:2726} INFO - Sync 1 DAGs
[2026-09-21T03:20:55.049+0000] {logging_mixin.py:149} INFO - [2026-09-21T03:20:55.049+0000] {dag.py:3490} INFO - Setting next_dagrun for 1-miprimerdag to None, run_after=None
[2026-09-21T03:20:55.086+0000] {processor.py:178} INFO - Processing /opt/airflow/dags/1_first_dag.py took 0.174 seconds
[2026-09-21T03:21:25.597+0000] {processor.py:156} INFO - Started process (PID=1949) to work on /opt/airflow/dags/1_first_dag.py
[2026-09-21T03:21:25.603+0000] {processor.py:799} INFO - Processing file /opt/airflow/dags/1_first_dag.py for tasks to queue
[2026-09-21T03:21:25.604+0000] {logging_mixin.py:149} INFO - [2026-09-21T03:21:25.604+0000] {dagbag.py:541} INFO - Filling up the DagBag from /opt/airflow/dags/1_first_dag.py
[2026-09-21T03:21:25.610+0000] {processor.py:809} INFO - DAG(s) dict_keys(['1-miprimerdag']) retrieved from /opt/airflow/dags/1_first_dag.py
[2026-09-21T03:21:25.666+0000] {logging_mixin.py:149} INFO - [2026-09-21T03:21:25.666+0000] {dag.py:2726} INFO - Sync 1 DAGs
[2026-09-21T03:21:25.708+0000] {logging_mixin.py:149} INFO - [2026-09-21T03:21:25.708+0000] {dag.py:3490} INFO - Setting next_dagrun for 1-miprimerdag to None, run_after=None
[2026-09-21T03:21:25.743+0000] {processor.py:178} INFO - Processing /opt/airflow/dags/1_first_dag.py took 0.153 seconds
[2026-09-21T03:21:56.988+0000] {processor.py:156} INFO - Started process (PID=1963) to work on /opt/airflow/dags/1_first_dag.py
[2026-09-21T03:21:56.991+0000] {processor.py:799} INFO - Processing file /opt/airflow/dags/1_first_dag.py for tasks to queue
[2026-09-21T03:21:56.994+0000] {logging_mixin.py:149} INFO - [2026-09-21T03:21:56.993+0000] {dagbag.py:541} INFO - Filling up the DagBag from /opt/airflow/dags/1_first_dag.py
[2026-09-21T03:21:57.006+0000] {processor.py:809} INFO - DAG(s) dict_keys(['1-miprimerdag']) retrieved from /opt/airflow/dags/1_first_dag.py
[2026-09-21T03:21:57.074+0000] {logging_mixin.py:149} INFO - [2026-09-21T03:21:57.074+0000] {dag.py:2726} INFO - Sync 1 DAGs
[2026-09-21T03:21:57.128+0000] {logging_mixin.py:149} INFO - [2026-09-21T03:21:57.127+0000] {dag.py:3490} INFO - Setting next_dagrun for 1-miprimerdag to None, run_after=None
[2026-09-21T03:21:57.166+0000] {processor.py:178} INFO - Processing /opt/airflow/dags/1_first_dag.py took 0.190 seconds
[2026-09-21T03:22:28.199+0000] {processor.py:156} INFO - Started process (PID=1977) to work on /opt/airflow/dags/1_first_dag.py
[2026-09-21T03:22:28.205+0000] {processor.py:799} INFO - Processing file /opt/airflow/dags/1_first_dag.py for tasks to queue
[2026-09-21T03:22:28.207+0000] {logging_mixin.py:149} INFO - [2026-09-21T03:22:28.207+0000] {dagbag.py:541} INFO - Filling up the DagBag from /opt/airflow/dags/1_first_dag.py
[2026-09-21T03:22:28.214+0000] {processor.py:809} INFO - DAG(s) dict_keys(['1-miprimerdag']) retrieved from /opt/airflow/dags/1_first_dag.py
[2026-09-21T03:22:28.276+0000] {logging_mixin.py:149} INFO - [2026-09-21T03:22:28.275+0000] {dag.py:2726} INFO - Sync 1 DAGs
[2026-09-21T03:22:28.321+0000] {logging_mixin.py:149} INFO - [2026-09-21T03:22:28.320+0000] {dag.py:3490} INFO - Setting next_dagrun for 1-miprimerdag to None, run_after=None
[2026-09-21T03:22:28.359+0000] {processor.py:178} INFO - Processing /opt/airflow/dags/1_first_dag.py took 0.169 seconds
[2026-09-21T03:22:58.480+0000] {processor.py:156} INFO - Started process (PID=1987) to work on /opt/airflow/dags/1_first_dag.py
[2026-09-21T03:22:58.481+0000] {processor.py:799} INFO - Processing file /opt/airflow/dags/1_first_dag.py for tasks to queue
[2026-09-21T03:22:58.482+0000] {logging_mixin.py:149} INFO - [2026-09-21T03:22:58.482+0000] {dagbag.py:541} INFO - Filling up the DagBag from /opt/airflow/dags/1_first_dag.py
[2026-09-21T03:22:58.487+0000] {processor.py:809} INFO - DAG(s) dict_keys(['1-miprimerdag']) retrieved from /opt/airflow/dags/1_first_dag.py
[2026-09-21T03:22:58.548+0000] {logging_mixin.py:149} INFO - [2026-09-21T03:22:58.548+0000] {dag.py:2726} INFO - Sync 1 DAGs
[2026-09-21T03:22:58.588+0000] {logging_mixin.py:149} INFO - [2026-09-21T03:22:58.588+0000] {dag.py:3490} INFO - Setting next_dagrun for 1-miprimerdag to None, run_after=None
[2026-09-21T03:22:58.625+0000] {processor.py:178} INFO - Processing /opt/airflow/dags/1_first_dag.py took 0.151 seconds
[2026-09-21T03:23:28.746+0000] {processor.py:156} INFO - Started process (PID=2001) to work on /opt/airflow/dags/1_first_dag.py
[2026-09-21T03:23:28.747+0000] {processor.py:799} INFO - Processing file /opt/airflow/dags/1_first_dag.py for tasks to queue
[2026-09-21T03:23:28.749+0000] {logging_mixin.py:149} INFO - [2026-09-21T03:23:28.748+0000] {dagbag.py:541} INFO - Filling up the DagBag from /opt/airflow/dags/1_first_dag.py
[2026-09-21T03:23:28.755+0000] {processor.py:809} INFO - DAG(s) dict_keys(['1-miprimerdag']) retrieved from /opt/airflow/dags/1_first_dag.py
[2026-09-21T03:23:28.802+0000] {logging_mixin.py:149} INFO - [2026-09-21T03:23:28.802+0000] {dag.py:2726} INFO - Sync 1 DAGs
[2026-09-21T03:23:28.836+0000] {logging_mixin.py:149} INFO - [2026-09-21T03:23:28.835+0000] {dag.py:3490} INFO - Setting next_dagrun for 1-miprimerdag to None, run_after=None
[2026-09-21T03:23:28.865+0000] {processor.py:178} INFO - Processing /opt/airflow/dags/1_first_dag.py took 0.136 seconds
[2026-09-21T03:23:59.567+0000] {processor.py:156} INFO - Started process (PID=2015) to work on /opt/airflow/dags/1_first_dag.py
[2026-09-21T03:23:59.569+0000] {processor.py:799} INFO - Processing file /opt/airflow/dags/1_first_dag.py for tasks to queue
[2026-09-21T03:23:59.570+0000] {logging_mixin.py:149} INFO - [2026-09-21T03:23:59.570+0000] {dagbag.py:541} INFO - Filling up the DagBag from /opt/airflow/dags/1_first_dag.py
[2026-09-21T03:23:59.584+0000] {processor.py:809} INFO - DAG(s) dict_keys(['1-miprimerdag']) retrieved from /opt/airflow/dags/1_first_dag.py
[2026-09-21T03:23:59.677+0000] {logging_mixin.py:149} INFO - [2026-09-21T03:23:59.676+0000] {dag.py:2726} INFO - Sync 1 DAGs
[2026-09-21T03:23:59.739+0000] {logging_mixin.py:149} INFO - [2026-09-21T03:23:59.739+0000] {dag.py:3490} INFO - Setting next_dagrun for 1-miprimerdag to None, run_after=None
[2026-09-21T03:23:59.770+0000] {processor.py:178} INFO - Processing /opt/airflow/dags/1_first_dag.py took 0.210 seconds
[2026-09-21T03:24:30.051+0000] {processor.py:156} INFO - Started process (PID=2029) to work on /opt/airflow/dags/1_first_dag.py
[2026-09-21T03:24:30.064+0000] {processor.py:799} INFO - Processing file /opt/airflow/dags/1_first_dag.py for tasks to queue
[2026-09-21T03:24:30.065+0000] {logging_mixin.py:149} INFO - [2026-09-21T03:24:30.065+0000] {dagbag.py:541} INFO - Filling up the DagBag from /opt/airflow/dags/1_first_dag.py
[2026-09-21T03:24:30.089+0000] {processor.py:809} INFO - DAG(s) dict_keys(['1-miprimerdag']) retrieved from /opt/airflow/dags/1_first_dag.py
[2026-09-21T03:24:30.185+0000] {logging_mixin.py:149} INFO - [2026-09-21T03:24:30.185+0000] {dag.py:2726} INFO - Sync 1 DAGs
[2026-09-21T03:24:30.259+0000] {logging_mixin.py:149} INFO - [2026-09-21T03:24:30.259+0000] {dag.py:3490} INFO - Setting next_dagrun for 1-miprimerdag to None, run_after=None
[2026-09-21T03:24:30.314+0000] {processor.py:178} INFO - Processing /opt/airflow/dags/1_first_dag.py took 0.268 seconds
[2026-09-21T03:25:01.143+0000] {processor.py:156} INFO - Started process (PID=2043) to work on /opt/airflow/dags/1_first_dag.py
[2026-09-21T03:25:01.146+0000] {processor.py:799} INFO - Processing file /opt/airflow/dags/1_first_dag.py for tasks to queue
[2026-09-21T03:25:01.147+0000] {logging_mixin.py:149} INFO - [2026-09-21T03:25:01.147+0000] {dagbag.py:541} INFO - Filling up the DagBag from /opt/airflow/dags/1_first_dag.py
[2026-09-21T03:25:01.153+0000] {processor.py:809} INFO - DAG(s) dict_keys(['1-miprimerdag']) retrieved from /opt/airflow/dags/1_first_dag.py
[2026-09-21T03:25:01.225+0000] {logging_mixin.py:149} INFO - [2026-09-21T03:25:01.224+0000] {dag.py:2726} INFO - Sync 1 DAGs
[2026-09-21T03:25:01.264+0000] {logging_mixin.py:149} INFO - [2026-09-21T03:25:01.264+0000] {dag.py:3490} INFO - Setting next_dagrun for 1-miprimerdag to None, run_after=None
[2026-09-21T03:25:01.308+0000] {processor.py:178} INFO - Processing /opt/airflow/dags/1_first_dag.py took 0.173 seconds
[2026-09-21T03:25:32.132+0000] {processor.py:156} INFO - Started process (PID=2057) to work on /opt/airflow/dags/1_first_dag.py
[2026-09-21T03:25:32.136+0000] {processor.py:799} INFO - Processing file /opt/airflow/dags/1_first_dag.py for tasks to queue
[2026-09-21T03:25:32.137+0000] {logging_mixin.py:149} INFO - [2026-09-21T03:25:32.137+0000] {dagbag.py:541} INFO - Filling up the DagBag from /opt/airflow/dags/1_first_dag.py
[2026-09-21T03:25:32.143+0000] {processor.py:809} INFO - DAG(s) dict_keys(['1-miprimerdag']) retrieved from /opt/airflow/dags/1_first_dag.py
[2026-09-21T03:25:32.198+0000] {logging_mixin.py:149} INFO - [2026-09-21T03:25:32.198+0000] {dag.py:2726} INFO - Sync 1 DAGs
[2026-09-21T03:25:32.232+0000] {logging_mixin.py:149} INFO - [2026-09-21T03:25:32.232+0000] {dag.py:3490} INFO - Setting next_dagrun for 1-miprimerdag to None, run_after=None
[2026-09-21T03:25:32.271+0000] {processor.py:178} INFO - Processing /opt/airflow/dags/1_first_dag.py took 0.147 seconds
[2026-09-21T03:26:02.831+0000] {processor.py:156} INFO - Started process (PID=2071) to work on /opt/airflow/dags/1_first_dag.py
[2026-09-21T03:26:02.832+0000] {processor.py:799} INFO - Processing file /opt/airflow/dags/1_first_dag.py for tasks to queue
[2026-09-21T03:26:02.834+0000] {logging_mixin.py:149} INFO - [2026-09-21T03:26:02.833+0000] {dagbag.py:541} INFO - Filling up the DagBag from /opt/airflow/dags/1_first_dag.py
[2026-09-21T03:26:02.839+0000] {processor.py:809} INFO - DAG(s) dict_keys(['1-miprimerdag']) retrieved from /opt/airflow/dags/1_first_dag.py
[2026-09-21T03:26:02.894+0000] {logging_mixin.py:149} INFO - [2026-09-21T03:26:02.893+0000] {dag.py:2726} INFO - Sync 1 DAGs
[2026-09-21T03:26:02.929+0000] {logging_mixin.py:149} INFO - [2026-09-21T03:26:02.929+0000] {dag.py:3490} INFO - Setting next_dagrun for 1-miprimerdag to None, run_after=None
[2026-09-21T03:26:02.960+0000] {processor.py:178} INFO - Processing /opt/airflow/dags/1_first_dag.py took 0.137 seconds
[2026-09-21T03:26:33.597+0000] {processor.py:156} INFO - Started process (PID=2085) to work on /opt/airflow/dags/1_first_dag.py
[2026-09-21T03:26:33.600+0000] {processor.py:799} INFO - Processing file /opt/airflow/dags/1_first_dag.py for tasks to queue
[2026-09-21T03:26:33.602+0000] {logging_mixin.py:149} INFO - [2026-09-21T03:26:33.601+0000] {dagbag.py:541} INFO - Filling up the DagBag from /opt/airflow/dags/1_first_dag.py
[2026-09-21T03:26:33.611+0000] {processor.py:809} INFO - DAG(s) dict_keys(['1-miprimerdag']) retrieved from /opt/airflow/dags/1_first_dag.py
[2026-09-21T03:26:33.707+0000] {logging_mixin.py:149} INFO - [2026-09-21T03:26:33.707+0000] {dag.py:2726} INFO - Sync 1 DAGs
[2026-09-21T03:26:33.770+0000] {logging_mixin.py:149} INFO - [2026-09-21T03:26:33.769+0000] {dag.py:3490} INFO - Setting next_dagrun for 1-miprimerdag to None, run_after=None
[2026-09-21T03:26:33.822+0000] {processor.py:178} INFO - Processing /opt/airflow/dags/1_first_dag.py took 0.237 seconds
[2026-09-21T03:27:04.020+0000] {processor.py:156} INFO - Started process (PID=2101) to work on /opt/airflow/dags/1_first_dag.py
[2026-09-21T03:27:04.022+0000] {processor.py:799} INFO - Processing file /opt/airflow/dags/1_first_dag.py for tasks to queue
[2026-09-21T03:27:04.023+0000] {logging_mixin.py:149} INFO - [2026-09-21T03:27:04.023+0000] {dagbag.py:541} INFO - Filling up the DagBag from /opt/airflow/dags/1_first_dag.py
[2026-09-21T03:27:04.029+0000] {processor.py:809} INFO - DAG(s) dict_keys(['1-miprimerdag']) retrieved from /opt/airflow/dags/1_first_dag.py
[2026-09-21T03:27:04.082+0000] {logging_mixin.py:149} INFO - [2026-09-21T03:27:04.082+0000] {dag.py:2726} INFO - Sync 1 DAGs
[2026-09-21T03:27:04.120+0000] {logging_mixin.py:149} INFO - [2026-09-21T03:27:04.120+0000] {dag.py:3490} INFO - Setting next_dagrun for 1-miprimerdag to None, run_after=None
[2026-09-21T03:27:04.149+0000] {processor.py:178} INFO - Processing /opt/airflow/dags/1_first_dag.py took 0.134 seconds
[2026-09-21T03:27:34.915+0000] {processor.py:156} INFO - Started process (PID=2111) to work on /opt/airflow/dags/1_first_dag.py
[2026-09-21T03:27:34.917+0000] {processor.py:799} INFO - Processing file /opt/airflow/dags/1_first_dag.py for tasks to queue
[2026-09-21T03:27:34.918+0000] {logging_mixin.py:149} INFO - [2026-09-21T03:27:34.918+0000] {dagbag.py:541} INFO - Filling up the DagBag from /opt/airflow/dags/1_first_dag.py
[2026-09-21T03:27:34.924+0000] {processor.py:809} INFO - DAG(s) dict_keys(['1-miprimerdag']) retrieved from /opt/airflow/dags/1_first_dag.py
[2026-09-21T03:27:35.015+0000] {logging_mixin.py:149} INFO - [2026-09-21T03:27:35.015+0000] {dag.py:2726} INFO - Sync 1 DAGs
[2026-09-21T03:27:35.083+0000] {logging_mixin.py:149} INFO - [2026-09-21T03:27:35.082+0000] {dag.py:3490} INFO - Setting next_dagrun for 1-miprimerdag to None, run_after=None
[2026-09-21T03:27:35.147+0000] {processor.py:178} INFO - Processing /opt/airflow/dags/1_first_dag.py took 0.238 seconds
[2026-09-21T03:28:05.220+0000] {processor.py:156} INFO - Started process (PID=2122) to work on /opt/airflow/dags/1_first_dag.py
[2026-09-21T03:28:05.222+0000] {processor.py:799} INFO - Processing file /opt/airflow/dags/1_first_dag.py for tasks to queue
[2026-09-21T03:28:05.224+0000] {logging_mixin.py:149} INFO - [2026-09-21T03:28:05.223+0000] {dagbag.py:541} INFO - Filling up the DagBag from /opt/airflow/dags/1_first_dag.py
[2026-09-21T03:28:05.231+0000] {processor.py:809} INFO - DAG(s) dict_keys(['1-miprimerdag']) retrieved from /opt/airflow/dags/1_first_dag.py
[2026-09-21T03:28:05.301+0000] {logging_mixin.py:149} INFO - [2026-09-21T03:28:05.301+0000] {dag.py:2726} INFO - Sync 1 DAGs
[2026-09-21T03:28:05.347+0000] {logging_mixin.py:149} INFO - [2026-09-21T03:28:05.347+0000] {dag.py:3490} INFO - Setting next_dagrun for 1-miprimerdag to None, run_after=None
[2026-09-21T03:28:05.377+0000] {processor.py:178} INFO - Processing /opt/airflow/dags/1_first_dag.py took 0.163 seconds
[2026-09-21T03:28:36.090+0000] {processor.py:156} INFO - Started process (PID=2133) to work on /opt/airflow/dags/1_first_dag.py
[2026-09-21T03:28:36.092+0000] {processor.py:799} INFO - Processing file /opt/airflow/dags/1_first_dag.py for tasks to queue
[2026-09-21T03:28:36.093+0000] {logging_mixin.py:149} INFO - [2026-09-21T03:28:36.093+0000] {dagbag.py:541} INFO - Filling up the DagBag from /opt/airflow/dags/1_first_dag.py
[2026-09-21T03:28:36.101+0000] {processor.py:809} INFO - DAG(s) dict_keys(['1-miprimerdag']) retrieved from /opt/airflow/dags/1_first_dag.py
[2026-09-21T03:28:36.153+0000] {logging_mixin.py:149} INFO - [2026-09-21T03:28:36.152+0000] {dag.py:2726} INFO - Sync 1 DAGs
[2026-09-21T03:28:36.188+0000] {logging_mixin.py:149} INFO - [2026-09-21T03:28:36.188+0000] {dag.py:3490} INFO - Setting next_dagrun for 1-miprimerdag to None, run_after=None
[2026-09-21T03:28:36.217+0000] {processor.py:178} INFO - Processing /opt/airflow/dags/1_first_dag.py took 0.133 seconds
[2026-09-21T03:29:07.183+0000] {processor.py:156} INFO - Started process (PID=2144) to work on /opt/airflow/dags/1_first_dag.py
[2026-09-21T03:29:07.185+0000] {processor.py:799} INFO - Processing file /opt/airflow/dags/1_first_dag.py for tasks to queue
[2026-09-21T03:29:07.186+0000] {logging_mixin.py:149} INFO - [2026-09-21T03:29:07.186+0000] {dagbag.py:541} INFO - Filling up the DagBag from /opt/airflow/dags/1_first_dag.py
[2026-09-21T03:29:07.192+0000] {processor.py:809} INFO - DAG(s) dict_keys(['1-miprimerdag']) retrieved from /opt/airflow/dags/1_first_dag.py
[2026-09-21T03:29:07.267+0000] {logging_mixin.py:149} INFO - [2026-09-21T03:29:07.267+0000] {dag.py:2726} INFO - Sync 1 DAGs
[2026-09-21T03:29:07.313+0000] {logging_mixin.py:149} INFO - [2026-09-21T03:29:07.313+0000] {dag.py:3490} INFO - Setting next_dagrun for 1-miprimerdag to None, run_after=None
[2026-09-21T03:29:07.355+0000] {processor.py:178} INFO - Processing /opt/airflow/dags/1_first_dag.py took 0.186 seconds
[2026-09-21T03:29:38.214+0000] {processor.py:156} INFO - Started process (PID=2155) to work on /opt/airflow/dags/1_first_dag.py
[2026-09-21T03:29:38.217+0000] {processor.py:799} INFO - Processing file /opt/airflow/dags/1_first_dag.py for tasks to queue
[2026-09-21T03:29:38.219+0000] {logging_mixin.py:149} INFO - [2026-09-21T03:29:38.218+0000] {dagbag.py:541} INFO - Filling up the DagBag from /opt/airflow/dags/1_first_dag.py
[2026-09-21T03:29:38.242+0000] {processor.py:809} INFO - DAG(s) dict_keys(['1-miprimerdag']) retrieved from /opt/airflow/dags/1_first_dag.py
[2026-09-21T03:29:38.319+0000] {logging_mixin.py:149} INFO - [2026-09-21T03:29:38.319+0000] {dag.py:2726} INFO - Sync 1 DAGs
[2026-09-21T03:29:38.392+0000] {logging_mixin.py:149} INFO - [2026-09-21T03:29:38.392+0000] {dag.py:3490} INFO - Setting next_dagrun for 1-miprimerdag to None, run_after=None
[2026-09-21T03:29:38.453+0000] {processor.py:178} INFO - Processing /opt/airflow/dags/1_first_dag.py took 0.261 seconds
[2026-09-21T03:30:08.515+0000] {processor.py:156} INFO - Started process (PID=2166) to work on /opt/airflow/dags/1_first_dag.py
[2026-09-21T03:30:08.524+0000] {processor.py:799} INFO - Processing file /opt/airflow/dags/1_first_dag.py for tasks to queue
[2026-09-21T03:30:08.527+0000] {logging_mixin.py:149} INFO - [2026-09-21T03:30:08.527+0000] {dagbag.py:541} INFO - Filling up the DagBag from /opt/airflow/dags/1_first_dag.py
[2026-09-21T03:30:08.536+0000] {processor.py:809} INFO - DAG(s) dict_keys(['1-miprimerdag']) retrieved from /opt/airflow/dags/1_first_dag.py
[2026-09-21T03:30:08.593+0000] {logging_mixin.py:149} INFO - [2026-09-21T03:30:08.593+0000] {dag.py:2726} INFO - Sync 1 DAGs
[2026-09-21T03:30:08.628+0000] {logging_mixin.py:149} INFO - [2026-09-21T03:30:08.628+0000] {dag.py:3490} INFO - Setting next_dagrun for 1-miprimerdag to None, run_after=None
[2026-09-21T03:30:08.656+0000] {processor.py:178} INFO - Processing /opt/airflow/dags/1_first_dag.py took 0.150 seconds
[2026-09-21T03:30:39.458+0000] {processor.py:156} INFO - Started process (PID=2177) to work on /opt/airflow/dags/1_first_dag.py
[2026-09-21T03:30:39.460+0000] {processor.py:799} INFO - Processing file /opt/airflow/dags/1_first_dag.py for tasks to queue
[2026-09-21T03:30:39.461+0000] {logging_mixin.py:149} INFO - [2026-09-21T03:30:39.461+0000] {dagbag.py:541} INFO - Filling up the DagBag from /opt/airflow/dags/1_first_dag.py
[2026-09-21T03:30:39.466+0000] {processor.py:809} INFO - DAG(s) dict_keys(['1-miprimerdag']) retrieved from /opt/airflow/dags/1_first_dag.py
[2026-09-21T03:30:39.508+0000] {logging_mixin.py:149} INFO - [2026-09-21T03:30:39.508+0000] {dag.py:2726} INFO - Sync 1 DAGs
[2026-09-21T03:30:39.540+0000] {logging_mixin.py:149} INFO - [2026-09-21T03:30:39.539+0000] {dag.py:3490} INFO - Setting next_dagrun for 1-miprimerdag to None, run_after=None
[2026-09-21T03:30:39.565+0000] {processor.py:178} INFO - Processing /opt/airflow/dags/1_first_dag.py took 0.112 seconds
[2026-09-21T03:31:10.440+0000] {processor.py:156} INFO - Started process (PID=2188) to work on /opt/airflow/dags/1_first_dag.py
[2026-09-21T03:31:10.442+0000] {processor.py:799} INFO - Processing file /opt/airflow/dags/1_first_dag.py for tasks to queue
[2026-09-21T03:31:10.444+0000] {logging_mixin.py:149} INFO - [2026-09-21T03:31:10.444+0000] {dagbag.py:541} INFO - Filling up the DagBag from /opt/airflow/dags/1_first_dag.py
[2026-09-21T03:31:10.452+0000] {processor.py:809} INFO - DAG(s) dict_keys(['1-miprimerdag']) retrieved from /opt/airflow/dags/1_first_dag.py
[2026-09-21T03:31:10.523+0000] {logging_mixin.py:149} INFO - [2026-09-21T03:31:10.522+0000] {dag.py:2726} INFO - Sync 1 DAGs
[2026-09-21T03:31:10.565+0000] {logging_mixin.py:149} INFO - [2026-09-21T03:31:10.564+0000] {dag.py:3490} INFO - Setting next_dagrun for 1-miprimerdag to None, run_after=None
[2026-09-21T03:31:10.605+0000] {processor.py:178} INFO - Processing /opt/airflow/dags/1_first_dag.py took 0.173 seconds
[2026-09-21T03:31:41.771+0000] {processor.py:156} INFO - Started process (PID=2199) to work on /opt/airflow/dags/1_first_dag.py
[2026-09-21T03:31:41.773+0000] {processor.py:799} INFO - Processing file /opt/airflow/dags/1_first_dag.py for tasks to queue
[2026-09-21T03:31:41.774+0000] {logging_mixin.py:149} INFO - [2026-09-21T03:31:41.774+0000] {dagbag.py:541} INFO - Filling up the DagBag from /opt/airflow/dags/1_first_dag.py
[2026-09-21T03:31:41.780+0000] {processor.py:809} INFO - DAG(s) dict_keys(['1-miprimerdag']) retrieved from /opt/airflow/dags/1_first_dag.py
[2026-09-21T03:31:41.831+0000] {logging_mixin.py:149} INFO - [2026-09-21T03:31:41.831+0000] {dag.py:2726} INFO - Sync 1 DAGs
[2026-09-21T03:31:41.879+0000] {logging_mixin.py:149} INFO - [2026-09-21T03:31:41.878+0000] {dag.py:3490} INFO - Setting next_dagrun for 1-miprimerdag to None, run_after=None
[2026-09-21T03:31:41.911+0000] {processor.py:178} INFO - Processing /opt/airflow/dags/1_first_dag.py took 0.147 seconds
[2026-09-21T03:32:12.794+0000] {processor.py:156} INFO - Started process (PID=2210) to work on /opt/airflow/dags/1_first_dag.py
[2026-09-21T03:32:12.796+0000] {processor.py:799} INFO - Processing file /opt/airflow/dags/1_first_dag.py for tasks to queue
[2026-09-21T03:32:12.797+0000] {logging_mixin.py:149} INFO - [2026-09-21T03:32:12.796+0000] {dagbag.py:541} INFO - Filling up the DagBag from /opt/airflow/dags/1_first_dag.py
[2026-09-21T03:32:12.805+0000] {processor.py:809} INFO - DAG(s) dict_keys(['1-miprimerdag']) retrieved from /opt/airflow/dags/1_first_dag.py
[2026-09-21T03:32:12.868+0000] {logging_mixin.py:149} INFO - [2026-09-21T03:32:12.868+0000] {dag.py:2726} INFO - Sync 1 DAGs
[2026-09-21T03:32:12.904+0000] {logging_mixin.py:149} INFO - [2026-09-21T03:32:12.904+0000] {dag.py:3490} INFO - Setting next_dagrun for 1-miprimerdag to None, run_after=None
[2026-09-21T03:32:12.966+0000] {processor.py:178} INFO - Processing /opt/airflow/dags/1_first_dag.py took 0.178 seconds
[2026-09-21T03:32:43.939+0000] {processor.py:156} INFO - Started process (PID=2228) to work on /opt/airflow/dags/1_first_dag.py
[2026-09-21T03:32:43.945+0000] {processor.py:799} INFO - Processing file /opt/airflow/dags/1_first_dag.py for tasks to queue
[2026-09-21T03:32:43.948+0000] {logging_mixin.py:149} INFO - [2026-09-21T03:32:43.947+0000] {dagbag.py:541} INFO - Filling up the DagBag from /opt/airflow/dags/1_first_dag.py
[2026-09-21T03:32:43.956+0000] {processor.py:809} INFO - DAG(s) dict_keys(['1-miprimerdag']) retrieved from /opt/airflow/dags/1_first_dag.py
[2026-09-21T03:32:44.023+0000] {logging_mixin.py:149} INFO - [2026-09-21T03:32:44.022+0000] {dag.py:2726} INFO - Sync 1 DAGs
[2026-09-21T03:32:44.074+0000] {logging_mixin.py:149} INFO - [2026-09-21T03:32:44.073+0000] {dag.py:3490} INFO - Setting next_dagrun for 1-miprimerdag to None, run_after=None
[2026-09-21T03:32:44.115+0000] {processor.py:178} INFO - Processing /opt/airflow/dags/1_first_dag.py took 0.184 seconds
[2026-09-21T03:33:15.117+0000] {processor.py:156} INFO - Started process (PID=2239) to work on /opt/airflow/dags/1_first_dag.py
[2026-09-21T03:33:15.119+0000] {processor.py:799} INFO - Processing file /opt/airflow/dags/1_first_dag.py for tasks to queue
[2026-09-21T03:33:15.119+0000] {logging_mixin.py:149} INFO - [2026-09-21T03:33:15.119+0000] {dagbag.py:541} INFO - Filling up the DagBag from /opt/airflow/dags/1_first_dag.py
[2026-09-21T03:33:15.125+0000] {processor.py:809} INFO - DAG(s) dict_keys(['1-miprimerdag']) retrieved from /opt/airflow/dags/1_first_dag.py
[2026-09-21T03:33:15.180+0000] {logging_mixin.py:149} INFO - [2026-09-21T03:33:15.179+0000] {dag.py:2726} INFO - Sync 1 DAGs
[2026-09-21T03:33:15.218+0000] {logging_mixin.py:149} INFO - [2026-09-21T03:33:15.218+0000] {dag.py:3490} INFO - Setting next_dagrun for 1-miprimerdag to None, run_after=None
[2026-09-21T03:33:15.263+0000] {processor.py:178} INFO - Processing /opt/airflow/dags/1_first_dag.py took 0.153 seconds
[2026-09-21T03:33:46.098+0000] {processor.py:156} INFO - Started process (PID=2250) to work on /opt/airflow/dags/1_first_dag.py
[2026-09-21T03:33:46.104+0000] {processor.py:799} INFO - Processing file /opt/airflow/dags/1_first_dag.py for tasks to queue
[2026-09-21T03:33:46.107+0000] {logging_mixin.py:149} INFO - [2026-09-21T03:33:46.107+0000] {dagbag.py:541} INFO - Filling up the DagBag from /opt/airflow/dags/1_first_dag.py
[2026-09-21T03:33:46.116+0000] {processor.py:809} INFO - DAG(s) dict_keys(['1-miprimerdag']) retrieved from /opt/airflow/dags/1_first_dag.py
[2026-09-21T03:33:46.206+0000] {logging_mixin.py:149} INFO - [2026-09-21T03:33:46.206+0000] {dag.py:2726} INFO - Sync 1 DAGs
[2026-09-21T03:33:46.248+0000] {logging_mixin.py:149} INFO - [2026-09-21T03:33:46.248+0000] {dag.py:3490} INFO - Setting next_dagrun for 1-miprimerdag to None, run_after=None
[2026-09-21T03:33:46.287+0000] {processor.py:178} INFO - Processing /opt/airflow/dags/1_first_dag.py took 0.196 seconds
[2026-09-21T03:34:17.173+0000] {processor.py:156} INFO - Started process (PID=2261) to work on /opt/airflow/dags/1_first_dag.py
[2026-09-21T03:34:17.174+0000] {processor.py:799} INFO - Processing file /opt/airflow/dags/1_first_dag.py for tasks to queue
[2026-09-21T03:34:17.175+0000] {logging_mixin.py:149} INFO - [2026-09-21T03:34:17.175+0000] {dagbag.py:541} INFO - Filling up the DagBag from /opt/airflow/dags/1_first_dag.py
[2026-09-21T03:34:17.179+0000] {processor.py:809} INFO - DAG(s) dict_keys(['1-miprimerdag']) retrieved from /opt/airflow/dags/1_first_dag.py
[2026-09-21T03:34:17.251+0000] {logging_mixin.py:149} INFO - [2026-09-21T03:34:17.251+0000] {dag.py:2726} INFO - Sync 1 DAGs
[2026-09-21T03:34:17.321+0000] {logging_mixin.py:149} INFO - [2026-09-21T03:34:17.320+0000] {dag.py:3490} INFO - Setting next_dagrun for 1-miprimerdag to None, run_after=None
[2026-09-21T03:34:17.358+0000] {processor.py:178} INFO - Processing /opt/airflow/dags/1_first_dag.py took 0.189 seconds
[2026-09-21T03:34:48.251+0000] {processor.py:156} INFO - Started process (PID=2272) to work on /opt/airflow/dags/1_first_dag.py
[2026-09-21T03:34:48.255+0000] {processor.py:799} INFO - Processing file /opt/airflow/dags/1_first_dag.py for tasks to queue
[2026-09-21T03:34:48.255+0000] {logging_mixin.py:149} INFO - [2026-09-21T03:34:48.255+0000] {dagbag.py:541} INFO - Filling up the DagBag from /opt/airflow/dags/1_first_dag.py
[2026-09-21T03:34:48.261+0000] {processor.py:809} INFO - DAG(s) dict_keys(['1-miprimerdag']) retrieved from /opt/airflow/dags/1_first_dag.py
[2026-09-21T03:34:48.310+0000] {logging_mixin.py:149} INFO - [2026-09-21T03:34:48.309+0000] {dag.py:2726} INFO - Sync 1 DAGs
[2026-09-21T03:34:48.344+0000] {logging_mixin.py:149} INFO - [2026-09-21T03:34:48.343+0000] {dag.py:3490} INFO - Setting next_dagrun for 1-miprimerdag to None, run_after=None
[2026-09-21T03:34:48.371+0000] {processor.py:178} INFO - Processing /opt/airflow/dags/1_first_dag.py took 0.127 seconds
[2026-09-21T03:35:19.327+0000] {processor.py:156} INFO - Started process (PID=2283) to work on /opt/airflow/dags/1_first_dag.py
[2026-09-21T03:35:19.329+0000] {processor.py:799} INFO - Processing file /opt/airflow/dags/1_first_dag.py for tasks to queue
[2026-09-21T03:35:19.330+0000] {logging_mixin.py:149} INFO - [2026-09-21T03:35:19.330+0000] {dagbag.py:541} INFO - Filling up the DagBag from /opt/airflow/dags/1_first_dag.py
[2026-09-21T03:35:19.342+0000] {processor.py:809} INFO - DAG(s) dict_keys(['1-miprimerdag']) retrieved from /opt/airflow/dags/1_first_dag.py
[2026-09-21T03:35:19.422+0000] {logging_mixin.py:149} INFO - [2026-09-21T03:35:19.421+0000] {dag.py:2726} INFO - Sync 1 DAGs
[2026-09-21T03:35:19.486+0000] {logging_mixin.py:149} INFO - [2026-09-21T03:35:19.486+0000] {dag.py:3490} INFO - Setting next_dagrun for 1-miprimerdag to None, run_after=None
[2026-09-21T03:35:19.526+0000] {processor.py:178} INFO - Processing /opt/airflow/dags/1_first_dag.py took 0.209 seconds
[2026-09-21T03:35:50.490+0000] {processor.py:156} INFO - Started process (PID=2294) to work on /opt/airflow/dags/1_first_dag.py
[2026-09-21T03:35:50.498+0000] {processor.py:799} INFO - Processing file /opt/airflow/dags/1_first_dag.py for tasks to queue
[2026-09-21T03:35:50.500+0000] {logging_mixin.py:149} INFO - [2026-09-21T03:35:50.499+0000] {dagbag.py:541} INFO - Filling up the DagBag from /opt/airflow/dags/1_first_dag.py
[2026-09-21T03:35:50.505+0000] {processor.py:809} INFO - DAG(s) dict_keys(['1-miprimerdag']) retrieved from /opt/airflow/dags/1_first_dag.py
[2026-09-21T03:35:50.572+0000] {logging_mixin.py:149} INFO - [2026-09-21T03:35:50.572+0000] {dag.py:2726} INFO - Sync 1 DAGs
[2026-09-21T03:35:50.607+0000] {logging_mixin.py:149} INFO - [2026-09-21T03:35:50.607+0000] {dag.py:3490} INFO - Setting next_dagrun for 1-miprimerdag to None, run_after=None
[2026-09-21T03:35:50.639+0000] {processor.py:178} INFO - Processing /opt/airflow/dags/1_first_dag.py took 0.158 seconds
[2026-09-21T03:36:20.732+0000] {processor.py:156} INFO - Started process (PID=2309) to work on /opt/airflow/dags/1_first_dag.py
[2026-09-21T03:36:20.733+0000] {processor.py:799} INFO - Processing file /opt/airflow/dags/1_first_dag.py for tasks to queue
[2026-09-21T03:36:20.734+0000] {logging_mixin.py:149} INFO - [2026-09-21T03:36:20.734+0000] {dagbag.py:541} INFO - Filling up the DagBag from /opt/airflow/dags/1_first_dag.py
[2026-09-21T03:36:20.739+0000] {processor.py:809} INFO - DAG(s) dict_keys(['1-miprimerdag']) retrieved from /opt/airflow/dags/1_first_dag.py
[2026-09-21T03:36:20.794+0000] {logging_mixin.py:149} INFO - [2026-09-21T03:36:20.793+0000] {dag.py:2726} INFO - Sync 1 DAGs
[2026-09-21T03:36:20.830+0000] {logging_mixin.py:149} INFO - [2026-09-21T03:36:20.830+0000] {dag.py:3490} INFO - Setting next_dagrun for 1-miprimerdag to None, run_after=None
[2026-09-21T03:36:20.866+0000] {processor.py:178} INFO - Processing /opt/airflow/dags/1_first_dag.py took 0.141 seconds
[2026-09-21T03:36:51.435+0000] {processor.py:156} INFO - Started process (PID=2330) to work on /opt/airflow/dags/1_first_dag.py
[2026-09-21T03:36:51.437+0000] {processor.py:799} INFO - Processing file /opt/airflow/dags/1_first_dag.py for tasks to queue
[2026-09-21T03:36:51.438+0000] {logging_mixin.py:149} INFO - [2026-09-21T03:36:51.437+0000] {dagbag.py:541} INFO - Filling up the DagBag from /opt/airflow/dags/1_first_dag.py
[2026-09-21T03:36:51.448+0000] {processor.py:809} INFO - DAG(s) dict_keys(['1-miprimerdag']) retrieved from /opt/airflow/dags/1_first_dag.py
[2026-09-21T03:36:51.534+0000] {logging_mixin.py:149} INFO - [2026-09-21T03:36:51.534+0000] {dag.py:2726} INFO - Sync 1 DAGs
[2026-09-21T03:36:51.578+0000] {logging_mixin.py:149} INFO - [2026-09-21T03:36:51.578+0000] {dag.py:3490} INFO - Setting next_dagrun for 1-miprimerdag to None, run_after=None
[2026-09-21T03:36:51.646+0000] {processor.py:178} INFO - Processing /opt/airflow/dags/1_first_dag.py took 0.218 seconds
[2026-09-21T03:37:22.240+0000] {processor.py:156} INFO - Started process (PID=2344) to work on /opt/airflow/dags/1_first_dag.py
[2026-09-21T03:37:22.242+0000] {processor.py:799} INFO - Processing file /opt/airflow/dags/1_first_dag.py for tasks to queue
[2026-09-21T03:37:22.243+0000] {logging_mixin.py:149} INFO - [2026-09-21T03:37:22.243+0000] {dagbag.py:541} INFO - Filling up the DagBag from /opt/airflow/dags/1_first_dag.py
[2026-09-21T03:37:22.249+0000] {processor.py:809} INFO - DAG(s) dict_keys(['1-miprimerdag']) retrieved from /opt/airflow/dags/1_first_dag.py
[2026-09-21T03:37:22.297+0000] {logging_mixin.py:149} INFO - [2026-09-21T03:37:22.297+0000] {dag.py:2726} INFO - Sync 1 DAGs
[2026-09-21T03:37:22.334+0000] {logging_mixin.py:149} INFO - [2026-09-21T03:37:22.334+0000] {dag.py:3490} INFO - Setting next_dagrun for 1-miprimerdag to None, run_after=None
[2026-09-21T03:37:22.361+0000] {processor.py:178} INFO - Processing /opt/airflow/dags/1_first_dag.py took 0.128 seconds
[2026-09-21T03:37:53.292+0000] {processor.py:156} INFO - Started process (PID=2358) to work on /opt/airflow/dags/1_first_dag.py
[2026-09-21T03:37:53.295+0000] {processor.py:799} INFO - Processing file /opt/airflow/dags/1_first_dag.py for tasks to queue
[2026-09-21T03:37:53.296+0000] {logging_mixin.py:149} INFO - [2026-09-21T03:37:53.296+0000] {dagbag.py:541} INFO - Filling up the DagBag from /opt/airflow/dags/1_first_dag.py
[2026-09-21T03:37:53.303+0000] {processor.py:809} INFO - DAG(s) dict_keys(['1-miprimerdag']) retrieved from /opt/airflow/dags/1_first_dag.py
[2026-09-21T03:37:53.374+0000] {logging_mixin.py:149} INFO - [2026-09-21T03:37:53.374+0000] {dag.py:2726} INFO - Sync 1 DAGs
[2026-09-21T03:37:53.440+0000] {logging_mixin.py:149} INFO - [2026-09-21T03:37:53.438+0000] {dag.py:3490} INFO - Setting next_dagrun for 1-miprimerdag to None, run_after=None
[2026-09-21T03:37:53.486+0000] {processor.py:178} INFO - Processing /opt/airflow/dags/1_first_dag.py took 0.201 seconds
[2026-09-21T03:38:24.063+0000] {processor.py:156} INFO - Started process (PID=2372) to work on /opt/airflow/dags/1_first_dag.py
[2026-09-21T03:38:24.064+0000] {processor.py:799} INFO - Processing file /opt/airflow/dags/1_first_dag.py for tasks to queue
[2026-09-21T03:38:24.065+0000] {logging_mixin.py:149} INFO - [2026-09-21T03:38:24.065+0000] {dagbag.py:541} INFO - Filling up the DagBag from /opt/airflow/dags/1_first_dag.py
[2026-09-21T03:38:24.076+0000] {processor.py:809} INFO - DAG(s) dict_keys(['1-miprimerdag']) retrieved from /opt/airflow/dags/1_first_dag.py
[2026-09-21T03:38:24.171+0000] {logging_mixin.py:149} INFO - [2026-09-21T03:38:24.170+0000] {dag.py:2726} INFO - Sync 1 DAGs
[2026-09-21T03:38:24.226+0000] {logging_mixin.py:149} INFO - [2026-09-21T03:38:24.226+0000] {dag.py:3490} INFO - Setting next_dagrun for 1-miprimerdag to None, run_after=None
[2026-09-21T03:38:24.274+0000] {processor.py:178} INFO - Processing /opt/airflow/dags/1_first_dag.py took 0.232 seconds
[2026-09-21T03:38:40.582+0000] {processor.py:156} INFO - Started process (PID=2386) to work on /opt/airflow/dags/1_first_dag.py
[2026-09-21T03:38:40.586+0000] {processor.py:799} INFO - Processing file /opt/airflow/dags/1_first_dag.py for tasks to queue
[2026-09-21T03:38:40.587+0000] {logging_mixin.py:149} INFO - [2026-09-21T03:38:40.587+0000] {dagbag.py:541} INFO - Filling up the DagBag from /opt/airflow/dags/1_first_dag.py
[2026-09-21T03:38:40.597+0000] {processor.py:809} INFO - DAG(s) dict_keys(['1-miprimerdag']) retrieved from /opt/airflow/dags/1_first_dag.py
[2026-09-21T03:38:40.697+0000] {logging_mixin.py:149} INFO - [2026-09-21T03:38:40.697+0000] {dag.py:2726} INFO - Sync 1 DAGs
[2026-09-21T03:38:40.735+0000] {logging_mixin.py:149} INFO - [2026-09-21T03:38:40.735+0000] {dag.py:3490} INFO - Setting next_dagrun for 1-miprimerdag to None, run_after=None
[2026-09-21T03:38:40.781+0000] {processor.py:178} INFO - Processing /opt/airflow/dags/1_first_dag.py took 0.210 seconds
[2026-09-21T03:39:11.196+0000] {processor.py:156} INFO - Started process (PID=2396) to work on /opt/airflow/dags/1_first_dag.py
[2026-09-21T03:39:11.198+0000] {processor.py:799} INFO - Processing file /opt/airflow/dags/1_first_dag.py for tasks to queue
[2026-09-21T03:39:11.199+0000] {logging_mixin.py:149} INFO - [2026-09-21T03:39:11.199+0000] {dagbag.py:541} INFO - Filling up the DagBag from /opt/airflow/dags/1_first_dag.py
[2026-09-21T03:39:11.205+0000] {processor.py:809} INFO - DAG(s) dict_keys(['1-miprimerdag']) retrieved from /opt/airflow/dags/1_first_dag.py
[2026-09-21T03:39:11.267+0000] {logging_mixin.py:149} INFO - [2026-09-21T03:39:11.266+0000] {dag.py:2726} INFO - Sync 1 DAGs
[2026-09-21T03:39:11.308+0000] {logging_mixin.py:149} INFO - [2026-09-21T03:39:11.307+0000] {dag.py:3490} INFO - Setting next_dagrun for 1-miprimerdag to None, run_after=None
[2026-09-21T03:39:11.355+0000] {processor.py:178} INFO - Processing /opt/airflow/dags/1_first_dag.py took 0.173 seconds
[2026-09-21T03:39:41.547+0000] {processor.py:156} INFO - Started process (PID=2410) to work on /opt/airflow/dags/1_first_dag.py
[2026-09-21T03:39:41.548+0000] {processor.py:799} INFO - Processing file /opt/airflow/dags/1_first_dag.py for tasks to queue
[2026-09-21T03:39:41.549+0000] {logging_mixin.py:149} INFO - [2026-09-21T03:39:41.549+0000] {dagbag.py:541} INFO - Filling up the DagBag from /opt/airflow/dags/1_first_dag.py
[2026-09-21T03:39:41.553+0000] {processor.py:809} INFO - DAG(s) dict_keys(['1-miprimerdag']) retrieved from /opt/airflow/dags/1_first_dag.py
[2026-09-21T03:39:41.592+0000] {logging_mixin.py:149} INFO - [2026-09-21T03:39:41.592+0000] {dag.py:2726} INFO - Sync 1 DAGs
[2026-09-21T03:39:41.623+0000] {logging_mixin.py:149} INFO - [2026-09-21T03:39:41.622+0000] {dag.py:3490} INFO - Setting next_dagrun for 1-miprimerdag to None, run_after=None
[2026-09-21T03:39:41.643+0000] {processor.py:178} INFO - Processing /opt/airflow/dags/1_first_dag.py took 0.101 seconds
[2026-09-21T03:40:12.381+0000] {processor.py:156} INFO - Started process (PID=2424) to work on /opt/airflow/dags/1_first_dag.py
[2026-09-21T03:40:12.388+0000] {processor.py:799} INFO - Processing file /opt/airflow/dags/1_first_dag.py for tasks to queue
[2026-09-21T03:40:12.390+0000] {logging_mixin.py:149} INFO - [2026-09-21T03:40:12.390+0000] {dagbag.py:541} INFO - Filling up the DagBag from /opt/airflow/dags/1_first_dag.py
[2026-09-21T03:40:12.396+0000] {processor.py:809} INFO - DAG(s) dict_keys(['1-miprimerdag']) retrieved from /opt/airflow/dags/1_first_dag.py
[2026-09-21T03:40:12.461+0000] {logging_mixin.py:149} INFO - [2026-09-21T03:40:12.461+0000] {dag.py:2726} INFO - Sync 1 DAGs
[2026-09-21T03:40:12.507+0000] {logging_mixin.py:149} INFO - [2026-09-21T03:40:12.506+0000] {dag.py:3490} INFO - Setting next_dagrun for 1-miprimerdag to None, run_after=None
[2026-09-21T03:40:12.577+0000] {processor.py:178} INFO - Processing /opt/airflow/dags/1_first_dag.py took 0.204 seconds
[2026-09-21T03:40:43.256+0000] {processor.py:156} INFO - Started process (PID=2438) to work on /opt/airflow/dags/1_first_dag.py
[2026-09-21T03:40:43.263+0000] {processor.py:799} INFO - Processing file /opt/airflow/dags/1_first_dag.py for tasks to queue
[2026-09-21T03:40:43.264+0000] {logging_mixin.py:149} INFO - [2026-09-21T03:40:43.264+0000] {dagbag.py:541} INFO - Filling up the DagBag from /opt/airflow/dags/1_first_dag.py
[2026-09-21T03:40:43.271+0000] {processor.py:809} INFO - DAG(s) dict_keys(['1-miprimerdag']) retrieved from /opt/airflow/dags/1_first_dag.py
[2026-09-21T03:40:43.333+0000] {logging_mixin.py:149} INFO - [2026-09-21T03:40:43.333+0000] {dag.py:2726} INFO - Sync 1 DAGs
[2026-09-21T03:40:43.371+0000] {logging_mixin.py:149} INFO - [2026-09-21T03:40:43.370+0000] {dag.py:3490} INFO - Setting next_dagrun for 1-miprimerdag to None, run_after=None
[2026-09-21T03:40:43.407+0000] {processor.py:178} INFO - Processing /opt/airflow/dags/1_first_dag.py took 0.159 seconds
[2026-09-21T03:41:14.305+0000] {processor.py:156} INFO - Started process (PID=2452) to work on /opt/airflow/dags/1_first_dag.py
[2026-09-21T03:41:14.307+0000] {processor.py:799} INFO - Processing file /opt/airflow/dags/1_first_dag.py for tasks to queue
[2026-09-21T03:41:14.311+0000] {logging_mixin.py:149} INFO - [2026-09-21T03:41:14.311+0000] {dagbag.py:541} INFO - Filling up the DagBag from /opt/airflow/dags/1_first_dag.py
[2026-09-21T03:41:14.317+0000] {processor.py:809} INFO - DAG(s) dict_keys(['1-miprimerdag']) retrieved from /opt/airflow/dags/1_first_dag.py
[2026-09-21T03:41:14.376+0000] {logging_mixin.py:149} INFO - [2026-09-21T03:41:14.376+0000] {dag.py:2726} INFO - Sync 1 DAGs
[2026-09-21T03:41:14.418+0000] {logging_mixin.py:149} INFO - [2026-09-21T03:41:14.417+0000] {dag.py:3490} INFO - Setting next_dagrun for 1-miprimerdag to None, run_after=None
[2026-09-21T03:41:14.451+0000] {processor.py:178} INFO - Processing /opt/airflow/dags/1_first_dag.py took 0.169 seconds
[2026-09-21T03:41:44.649+0000] {processor.py:156} INFO - Started process (PID=2466) to work on /opt/airflow/dags/1_first_dag.py
[2026-09-21T03:41:44.654+0000] {processor.py:799} INFO - Processing file /opt/airflow/dags/1_first_dag.py for tasks to queue
[2026-09-21T03:41:44.658+0000] {logging_mixin.py:149} INFO - [2026-09-21T03:41:44.657+0000] {dagbag.py:541} INFO - Filling up the DagBag from /opt/airflow/dags/1_first_dag.py
[2026-09-21T03:41:44.672+0000] {processor.py:809} INFO - DAG(s) dict_keys(['1-miprimerdag']) retrieved from /opt/airflow/dags/1_first_dag.py
[2026-09-21T03:41:44.736+0000] {logging_mixin.py:149} INFO - [2026-09-21T03:41:44.736+0000] {dag.py:2726} INFO - Sync 1 DAGs
[2026-09-21T03:41:44.773+0000] {logging_mixin.py:149} INFO - [2026-09-21T03:41:44.773+0000] {dag.py:3490} INFO - Setting next_dagrun for 1-miprimerdag to None, run_after=None
[2026-09-21T03:41:44.802+0000] {processor.py:178} INFO - Processing /opt/airflow/dags/1_first_dag.py took 0.162 seconds
[2026-09-21T03:42:15.662+0000] {processor.py:156} INFO - Started process (PID=2480) to work on /opt/airflow/dags/1_first_dag.py
[2026-09-21T03:42:15.663+0000] {processor.py:799} INFO - Processing file /opt/airflow/dags/1_first_dag.py for tasks to queue
[2026-09-21T03:42:15.665+0000] {logging_mixin.py:149} INFO - [2026-09-21T03:42:15.663+0000] {dagbag.py:541} INFO - Filling up the DagBag from /opt/airflow/dags/1_first_dag.py
[2026-09-21T03:42:15.669+0000] {processor.py:809} INFO - DAG(s) dict_keys(['1-miprimerdag']) retrieved from /opt/airflow/dags/1_first_dag.py
[2026-09-21T03:42:15.726+0000] {logging_mixin.py:149} INFO - [2026-09-21T03:42:15.725+0000] {dag.py:2726} INFO - Sync 1 DAGs
[2026-09-21T03:42:15.761+0000] {logging_mixin.py:149} INFO - [2026-09-21T03:42:15.759+0000] {dag.py:3490} INFO - Setting next_dagrun for 1-miprimerdag to None, run_after=None
[2026-09-21T03:42:15.809+0000] {processor.py:178} INFO - Processing /opt/airflow/dags/1_first_dag.py took 0.152 seconds
[2026-09-21T03:42:46.467+0000] {processor.py:156} INFO - Started process (PID=2494) to work on /opt/airflow/dags/1_first_dag.py
[2026-09-21T03:42:46.470+0000] {processor.py:799} INFO - Processing file /opt/airflow/dags/1_first_dag.py for tasks to queue
[2026-09-21T03:42:46.471+0000] {logging_mixin.py:149} INFO - [2026-09-21T03:42:46.471+0000] {dagbag.py:541} INFO - Filling up the DagBag from /opt/airflow/dags/1_first_dag.py
[2026-09-21T03:42:46.479+0000] {processor.py:809} INFO - DAG(s) dict_keys(['1-miprimerdag']) retrieved from /opt/airflow/dags/1_first_dag.py
[2026-09-21T03:42:46.529+0000] {logging_mixin.py:149} INFO - [2026-09-21T03:42:46.529+0000] {dag.py:2726} INFO - Sync 1 DAGs
[2026-09-21T03:42:46.565+0000] {logging_mixin.py:149} INFO - [2026-09-21T03:42:46.565+0000] {dag.py:3490} INFO - Setting next_dagrun for 1-miprimerdag to None, run_after=None
[2026-09-21T03:42:46.600+0000] {processor.py:178} INFO - Processing /opt/airflow/dags/1_first_dag.py took 0.140 seconds
[2026-09-21T03:43:16.744+0000] {processor.py:156} INFO - Started process (PID=2508) to work on /opt/airflow/dags/1_first_dag.py
[2026-09-21T03:43:16.745+0000] {processor.py:799} INFO - Processing file /opt/airflow/dags/1_first_dag.py for tasks to queue
[2026-09-21T03:43:16.746+0000] {logging_mixin.py:149} INFO - [2026-09-21T03:43:16.746+0000] {dagbag.py:541} INFO - Filling up the DagBag from /opt/airflow/dags/1_first_dag.py
[2026-09-21T03:43:16.752+0000] {processor.py:809} INFO - DAG(s) dict_keys(['1-miprimerdag']) retrieved from /opt/airflow/dags/1_first_dag.py
[2026-09-21T03:43:16.802+0000] {logging_mixin.py:149} INFO - [2026-09-21T03:43:16.802+0000] {dag.py:2726} INFO - Sync 1 DAGs
[2026-09-21T03:43:16.843+0000] {logging_mixin.py:149} INFO - [2026-09-21T03:43:16.843+0000] {dag.py:3490} INFO - Setting next_dagrun for 1-miprimerdag to None, run_after=None
[2026-09-21T03:43:16.873+0000] {processor.py:178} INFO - Processing /opt/airflow/dags/1_first_dag.py took 0.134 seconds
[2026-09-21T03:43:45.465+0000] {processor.py:156} INFO - Started process (PID=2528) to work on /opt/airflow/dags/1_first_dag.py
[2026-09-21T03:43:45.469+0000] {processor.py:799} INFO - Processing file /opt/airflow/dags/1_first_dag.py for tasks to queue
[2026-09-21T03:43:45.470+0000] {logging_mixin.py:149} INFO - [2026-09-21T03:43:45.470+0000] {dagbag.py:541} INFO - Filling up the DagBag from /opt/airflow/dags/1_first_dag.py
[2026-09-21T03:43:45.494+0000] {processor.py:809} INFO - DAG(s) dict_keys(['1-miprimerdag']) retrieved from /opt/airflow/dags/1_first_dag.py
[2026-09-21T03:43:45.898+0000] {logging_mixin.py:149} INFO - [2026-09-21T03:43:45.897+0000] {dag.py:2726} INFO - Sync 1 DAGs
[2026-09-21T03:43:45.957+0000] {logging_mixin.py:149} INFO - [2026-09-21T03:43:45.957+0000] {dag.py:3490} INFO - Setting next_dagrun for 1-miprimerdag to None, run_after=None
[2026-09-21T03:43:46.006+0000] {processor.py:178} INFO - Processing /opt/airflow/dags/1_first_dag.py took 0.552 seconds
[2026-09-21T03:44:16.257+0000] {processor.py:156} INFO - Started process (PID=2538) to work on /opt/airflow/dags/1_first_dag.py
[2026-09-21T03:44:16.258+0000] {processor.py:799} INFO - Processing file /opt/airflow/dags/1_first_dag.py for tasks to queue
[2026-09-21T03:44:16.260+0000] {logging_mixin.py:149} INFO - [2026-09-21T03:44:16.259+0000] {dagbag.py:541} INFO - Filling up the DagBag from /opt/airflow/dags/1_first_dag.py
[2026-09-21T03:44:16.266+0000] {processor.py:809} INFO - DAG(s) dict_keys(['1-miprimerdag']) retrieved from /opt/airflow/dags/1_first_dag.py
[2026-09-21T03:44:16.388+0000] {logging_mixin.py:149} INFO - [2026-09-21T03:44:16.388+0000] {dag.py:2726} INFO - Sync 1 DAGs
[2026-09-21T03:44:16.510+0000] {logging_mixin.py:149} INFO - [2026-09-21T03:44:16.510+0000] {dag.py:3490} INFO - Setting next_dagrun for 1-miprimerdag to None, run_after=None
[2026-09-21T03:44:16.564+0000] {processor.py:178} INFO - Processing /opt/airflow/dags/1_first_dag.py took 0.313 seconds
[2026-09-21T03:44:47.418+0000] {processor.py:156} INFO - Started process (PID=2557) to work on /opt/airflow/dags/1_first_dag.py
[2026-09-21T03:44:47.422+0000] {processor.py:799} INFO - Processing file /opt/airflow/dags/1_first_dag.py for tasks to queue
[2026-09-21T03:44:47.423+0000] {logging_mixin.py:149} INFO - [2026-09-21T03:44:47.423+0000] {dagbag.py:541} INFO - Filling up the DagBag from /opt/airflow/dags/1_first_dag.py
[2026-09-21T03:44:47.428+0000] {processor.py:809} INFO - DAG(s) dict_keys(['1-miprimerdag']) retrieved from /opt/airflow/dags/1_first_dag.py
[2026-09-21T03:44:47.497+0000] {logging_mixin.py:149} INFO - [2026-09-21T03:44:47.496+0000] {dag.py:2726} INFO - Sync 1 DAGs
[2026-09-21T03:44:47.533+0000] {logging_mixin.py:149} INFO - [2026-09-21T03:44:47.532+0000] {dag.py:3490} INFO - Setting next_dagrun for 1-miprimerdag to None, run_after=None
[2026-09-21T03:44:47.570+0000] {processor.py:178} INFO - Processing /opt/airflow/dags/1_first_dag.py took 0.166 seconds
[2026-09-21T03:45:17.620+0000] {processor.py:156} INFO - Started process (PID=2570) to work on /opt/airflow/dags/1_first_dag.py
[2026-09-21T03:45:17.622+0000] {processor.py:799} INFO - Processing file /opt/airflow/dags/1_first_dag.py for tasks to queue
[2026-09-21T03:45:17.623+0000] {logging_mixin.py:149} INFO - [2026-09-21T03:45:17.623+0000] {dagbag.py:541} INFO - Filling up the DagBag from /opt/airflow/dags/1_first_dag.py
[2026-09-21T03:45:17.628+0000] {processor.py:809} INFO - DAG(s) dict_keys(['1-miprimerdag']) retrieved from /opt/airflow/dags/1_first_dag.py
[2026-09-21T03:45:17.683+0000] {logging_mixin.py:149} INFO - [2026-09-21T03:45:17.683+0000] {dag.py:2726} INFO - Sync 1 DAGs
[2026-09-21T03:45:17.723+0000] {logging_mixin.py:149} INFO - [2026-09-21T03:45:17.723+0000] {dag.py:3490} INFO - Setting next_dagrun for 1-miprimerdag to None, run_after=None
[2026-09-21T03:45:17.750+0000] {processor.py:178} INFO - Processing /opt/airflow/dags/1_first_dag.py took 0.136 seconds
[2026-09-21T03:45:47.918+0000] {processor.py:156} INFO - Started process (PID=2584) to work on /opt/airflow/dags/1_first_dag.py
[2026-09-21T03:45:47.921+0000] {processor.py:799} INFO - Processing file /opt/airflow/dags/1_first_dag.py for tasks to queue
[2026-09-21T03:45:47.922+0000] {logging_mixin.py:149} INFO - [2026-09-21T03:45:47.922+0000] {dagbag.py:541} INFO - Filling up the DagBag from /opt/airflow/dags/1_first_dag.py
[2026-09-21T03:45:47.928+0000] {processor.py:809} INFO - DAG(s) dict_keys(['1-miprimerdag']) retrieved from /opt/airflow/dags/1_first_dag.py
[2026-09-21T03:45:47.984+0000] {logging_mixin.py:149} INFO - [2026-09-21T03:45:47.984+0000] {dag.py:2726} INFO - Sync 1 DAGs
[2026-09-21T03:45:48.029+0000] {logging_mixin.py:149} INFO - [2026-09-21T03:45:48.028+0000] {dag.py:3490} INFO - Setting next_dagrun for 1-miprimerdag to None, run_after=None
[2026-09-21T03:45:48.067+0000] {processor.py:178} INFO - Processing /opt/airflow/dags/1_first_dag.py took 0.157 seconds
[2026-09-21T03:46:19.074+0000] {processor.py:156} INFO - Started process (PID=2606) to work on /opt/airflow/dags/1_first_dag.py
[2026-09-21T03:46:19.075+0000] {processor.py:799} INFO - Processing file /opt/airflow/dags/1_first_dag.py for tasks to queue
[2026-09-21T03:46:19.076+0000] {logging_mixin.py:149} INFO - [2026-09-21T03:46:19.076+0000] {dagbag.py:541} INFO - Filling up the DagBag from /opt/airflow/dags/1_first_dag.py
[2026-09-21T03:46:19.081+0000] {processor.py:809} INFO - DAG(s) dict_keys(['1-miprimerdag']) retrieved from /opt/airflow/dags/1_first_dag.py
[2026-09-21T03:46:19.134+0000] {logging_mixin.py:149} INFO - [2026-09-21T03:46:19.134+0000] {dag.py:2726} INFO - Sync 1 DAGs
[2026-09-21T03:46:19.183+0000] {logging_mixin.py:149} INFO - [2026-09-21T03:46:19.183+0000] {dag.py:3490} INFO - Setting next_dagrun for 1-miprimerdag to None, run_after=None
[2026-09-21T03:46:19.216+0000] {processor.py:178} INFO - Processing /opt/airflow/dags/1_first_dag.py took 0.147 seconds
[2026-09-21T03:46:50.079+0000] {processor.py:156} INFO - Started process (PID=2620) to work on /opt/airflow/dags/1_first_dag.py
[2026-09-21T03:46:50.081+0000] {processor.py:799} INFO - Processing file /opt/airflow/dags/1_first_dag.py for tasks to queue
[2026-09-21T03:46:50.083+0000] {logging_mixin.py:149} INFO - [2026-09-21T03:46:50.082+0000] {dagbag.py:541} INFO - Filling up the DagBag from /opt/airflow/dags/1_first_dag.py
[2026-09-21T03:46:50.088+0000] {processor.py:809} INFO - DAG(s) dict_keys(['1-miprimerdag']) retrieved from /opt/airflow/dags/1_first_dag.py
[2026-09-21T03:46:50.149+0000] {logging_mixin.py:149} INFO - [2026-09-21T03:46:50.148+0000] {dag.py:2726} INFO - Sync 1 DAGs
[2026-09-21T03:46:50.189+0000] {logging_mixin.py:149} INFO - [2026-09-21T03:46:50.189+0000] {dag.py:3490} INFO - Setting next_dagrun for 1-miprimerdag to None, run_after=None
[2026-09-21T03:46:50.228+0000] {processor.py:178} INFO - Processing /opt/airflow/dags/1_first_dag.py took 0.156 seconds
[2026-09-21T03:47:20.479+0000] {processor.py:156} INFO - Started process (PID=2634) to work on /opt/airflow/dags/1_first_dag.py
[2026-09-21T03:47:20.482+0000] {processor.py:799} INFO - Processing file /opt/airflow/dags/1_first_dag.py for tasks to queue
[2026-09-21T03:47:20.483+0000] {logging_mixin.py:149} INFO - [2026-09-21T03:47:20.482+0000] {dagbag.py:541} INFO - Filling up the DagBag from /opt/airflow/dags/1_first_dag.py
[2026-09-21T03:47:20.490+0000] {processor.py:809} INFO - DAG(s) dict_keys(['1-miprimerdag']) retrieved from /opt/airflow/dags/1_first_dag.py
[2026-09-21T03:47:20.564+0000] {logging_mixin.py:149} INFO - [2026-09-21T03:47:20.563+0000] {dag.py:2726} INFO - Sync 1 DAGs
[2026-09-21T03:47:20.642+0000] {logging_mixin.py:149} INFO - [2026-09-21T03:47:20.641+0000] {dag.py:3490} INFO - Setting next_dagrun for 1-miprimerdag to None, run_after=None
[2026-09-21T03:47:20.695+0000] {processor.py:178} INFO - Processing /opt/airflow/dags/1_first_dag.py took 0.223 seconds
[2026-09-21T03:47:51.468+0000] {processor.py:156} INFO - Started process (PID=2648) to work on /opt/airflow/dags/1_first_dag.py
[2026-09-21T03:47:51.471+0000] {processor.py:799} INFO - Processing file /opt/airflow/dags/1_first_dag.py for tasks to queue
[2026-09-21T03:47:51.472+0000] {logging_mixin.py:149} INFO - [2026-09-21T03:47:51.472+0000] {dagbag.py:541} INFO - Filling up the DagBag from /opt/airflow/dags/1_first_dag.py
[2026-09-21T03:47:51.479+0000] {processor.py:809} INFO - DAG(s) dict_keys(['1-miprimerdag']) retrieved from /opt/airflow/dags/1_first_dag.py
[2026-09-21T03:47:51.554+0000] {logging_mixin.py:149} INFO - [2026-09-21T03:47:51.553+0000] {dag.py:2726} INFO - Sync 1 DAGs
[2026-09-21T03:47:51.609+0000] {logging_mixin.py:149} INFO - [2026-09-21T03:47:51.608+0000] {dag.py:3490} INFO - Setting next_dagrun for 1-miprimerdag to None, run_after=None
[2026-09-21T03:47:51.652+0000] {processor.py:178} INFO - Processing /opt/airflow/dags/1_first_dag.py took 0.189 seconds
[2026-09-21T03:48:17.955+0000] {processor.py:156} INFO - Started process (PID=2668) to work on /opt/airflow/dags/1_first_dag.py
[2026-09-21T03:48:17.957+0000] {processor.py:799} INFO - Processing file /opt/airflow/dags/1_first_dag.py for tasks to queue
[2026-09-21T03:48:17.957+0000] {logging_mixin.py:149} INFO - [2026-09-21T03:48:17.957+0000] {dagbag.py:541} INFO - Filling up the DagBag from /opt/airflow/dags/1_first_dag.py
[2026-09-21T03:48:17.963+0000] {processor.py:809} INFO - DAG(s) dict_keys(['1-miprimerdag']) retrieved from /opt/airflow/dags/1_first_dag.py
[2026-09-21T03:48:18.015+0000] {logging_mixin.py:149} INFO - [2026-09-21T03:48:18.015+0000] {dag.py:2726} INFO - Sync 1 DAGs
[2026-09-21T03:48:18.050+0000] {logging_mixin.py:149} INFO - [2026-09-21T03:48:18.050+0000] {dag.py:3490} INFO - Setting next_dagrun for 1-miprimerdag to None, run_after=None
[2026-09-21T03:48:18.095+0000] {processor.py:178} INFO - Processing /opt/airflow/dags/1_first_dag.py took 0.146 seconds
[2026-09-21T03:48:48.632+0000] {processor.py:156} INFO - Started process (PID=2682) to work on /opt/airflow/dags/1_first_dag.py
[2026-09-21T03:48:48.635+0000] {processor.py:799} INFO - Processing file /opt/airflow/dags/1_first_dag.py for tasks to queue
[2026-09-21T03:48:48.636+0000] {logging_mixin.py:149} INFO - [2026-09-21T03:48:48.636+0000] {dagbag.py:541} INFO - Filling up the DagBag from /opt/airflow/dags/1_first_dag.py
[2026-09-21T03:48:48.641+0000] {processor.py:809} INFO - DAG(s) dict_keys(['1-miprimerdag']) retrieved from /opt/airflow/dags/1_first_dag.py
[2026-09-21T03:48:48.695+0000] {logging_mixin.py:149} INFO - [2026-09-21T03:48:48.694+0000] {dag.py:2726} INFO - Sync 1 DAGs
[2026-09-21T03:48:48.743+0000] {logging_mixin.py:149} INFO - [2026-09-21T03:48:48.743+0000] {dag.py:3490} INFO - Setting next_dagrun for 1-miprimerdag to None, run_after=None
[2026-09-21T03:48:48.774+0000] {processor.py:178} INFO - Processing /opt/airflow/dags/1_first_dag.py took 0.148 seconds
[2026-09-21T03:49:18.958+0000] {processor.py:156} INFO - Started process (PID=2693) to work on /opt/airflow/dags/1_first_dag.py
[2026-09-21T03:49:18.960+0000] {processor.py:799} INFO - Processing file /opt/airflow/dags/1_first_dag.py for tasks to queue
[2026-09-21T03:49:18.961+0000] {logging_mixin.py:149} INFO - [2026-09-21T03:49:18.961+0000] {dagbag.py:541} INFO - Filling up the DagBag from /opt/airflow/dags/1_first_dag.py
[2026-09-21T03:49:18.966+0000] {processor.py:809} INFO - DAG(s) dict_keys(['1-miprimerdag']) retrieved from /opt/airflow/dags/1_first_dag.py
[2026-09-21T03:49:19.020+0000] {logging_mixin.py:149} INFO - [2026-09-21T03:49:19.020+0000] {dag.py:2726} INFO - Sync 1 DAGs
[2026-09-21T03:49:19.066+0000] {logging_mixin.py:149} INFO - [2026-09-21T03:49:19.065+0000] {dag.py:3490} INFO - Setting next_dagrun for 1-miprimerdag to None, run_after=None
[2026-09-21T03:49:19.128+0000] {processor.py:178} INFO - Processing /opt/airflow/dags/1_first_dag.py took 0.176 seconds
[2026-09-21T03:49:49.537+0000] {processor.py:156} INFO - Started process (PID=2706) to work on /opt/airflow/dags/1_first_dag.py
[2026-09-21T03:49:49.542+0000] {processor.py:799} INFO - Processing file /opt/airflow/dags/1_first_dag.py for tasks to queue
[2026-09-21T03:49:49.544+0000] {logging_mixin.py:149} INFO - [2026-09-21T03:49:49.544+0000] {dagbag.py:541} INFO - Filling up the DagBag from /opt/airflow/dags/1_first_dag.py
[2026-09-21T03:49:49.561+0000] {processor.py:809} INFO - DAG(s) dict_keys(['1-miprimerdag']) retrieved from /opt/airflow/dags/1_first_dag.py
[2026-09-21T03:49:49.662+0000] {logging_mixin.py:149} INFO - [2026-09-21T03:49:49.662+0000] {dag.py:2726} INFO - Sync 1 DAGs
[2026-09-21T03:49:49.703+0000] {logging_mixin.py:149} INFO - [2026-09-21T03:49:49.703+0000] {dag.py:3490} INFO - Setting next_dagrun for 1-miprimerdag to None, run_after=None
[2026-09-21T03:49:49.733+0000] {processor.py:178} INFO - Processing /opt/airflow/dags/1_first_dag.py took 0.213 seconds
[2026-09-21T03:50:20.506+0000] {processor.py:156} INFO - Started process (PID=2720) to work on /opt/airflow/dags/1_first_dag.py
[2026-09-21T03:50:20.507+0000] {processor.py:799} INFO - Processing file /opt/airflow/dags/1_first_dag.py for tasks to queue
[2026-09-21T03:50:20.509+0000] {logging_mixin.py:149} INFO - [2026-09-21T03:50:20.508+0000] {dagbag.py:541} INFO - Filling up the DagBag from /opt/airflow/dags/1_first_dag.py
[2026-09-21T03:50:20.515+0000] {processor.py:809} INFO - DAG(s) dict_keys(['1-miprimerdag']) retrieved from /opt/airflow/dags/1_first_dag.py
[2026-09-21T03:50:20.578+0000] {logging_mixin.py:149} INFO - [2026-09-21T03:50:20.578+0000] {dag.py:2726} INFO - Sync 1 DAGs
[2026-09-21T03:50:20.623+0000] {logging_mixin.py:149} INFO - [2026-09-21T03:50:20.622+0000] {dag.py:3490} INFO - Setting next_dagrun for 1-miprimerdag to None, run_after=None
[2026-09-21T03:50:20.666+0000] {processor.py:178} INFO - Processing /opt/airflow/dags/1_first_dag.py took 0.168 seconds
[2026-09-21T03:50:51.586+0000] {processor.py:156} INFO - Started process (PID=2734) to work on /opt/airflow/dags/1_first_dag.py
[2026-09-21T03:50:51.590+0000] {processor.py:799} INFO - Processing file /opt/airflow/dags/1_first_dag.py for tasks to queue
[2026-09-21T03:50:51.593+0000] {logging_mixin.py:149} INFO - [2026-09-21T03:50:51.592+0000] {dagbag.py:541} INFO - Filling up the DagBag from /opt/airflow/dags/1_first_dag.py
[2026-09-21T03:50:51.599+0000] {processor.py:809} INFO - DAG(s) dict_keys(['1-miprimerdag']) retrieved from /opt/airflow/dags/1_first_dag.py
[2026-09-21T03:50:51.685+0000] {logging_mixin.py:149} INFO - [2026-09-21T03:50:51.684+0000] {dag.py:2726} INFO - Sync 1 DAGs
[2026-09-21T03:50:51.741+0000] {logging_mixin.py:149} INFO - [2026-09-21T03:50:51.741+0000] {dag.py:3490} INFO - Setting next_dagrun for 1-miprimerdag to None, run_after=None
[2026-09-21T03:50:51.779+0000] {processor.py:178} INFO - Processing /opt/airflow/dags/1_first_dag.py took 0.201 seconds
[2026-09-21T03:51:22.812+0000] {processor.py:156} INFO - Started process (PID=2748) to work on /opt/airflow/dags/1_first_dag.py
[2026-09-21T03:51:22.819+0000] {processor.py:799} INFO - Processing file /opt/airflow/dags/1_first_dag.py for tasks to queue
[2026-09-21T03:51:22.820+0000] {logging_mixin.py:149} INFO - [2026-09-21T03:51:22.820+0000] {dagbag.py:541} INFO - Filling up the DagBag from /opt/airflow/dags/1_first_dag.py
[2026-09-21T03:51:22.827+0000] {processor.py:809} INFO - DAG(s) dict_keys(['1-miprimerdag']) retrieved from /opt/airflow/dags/1_first_dag.py
[2026-09-21T03:51:22.880+0000] {logging_mixin.py:149} INFO - [2026-09-21T03:51:22.880+0000] {dag.py:2726} INFO - Sync 1 DAGs
[2026-09-21T03:51:22.923+0000] {logging_mixin.py:149} INFO - [2026-09-21T03:51:22.923+0000] {dag.py:3490} INFO - Setting next_dagrun for 1-miprimerdag to None, run_after=None
[2026-09-21T03:51:22.963+0000] {processor.py:178} INFO - Processing /opt/airflow/dags/1_first_dag.py took 0.162 seconds
[2026-09-21T03:51:53.900+0000] {processor.py:156} INFO - Started process (PID=2762) to work on /opt/airflow/dags/1_first_dag.py
[2026-09-21T03:51:53.902+0000] {processor.py:799} INFO - Processing file /opt/airflow/dags/1_first_dag.py for tasks to queue
[2026-09-21T03:51:53.903+0000] {logging_mixin.py:149} INFO - [2026-09-21T03:51:53.903+0000] {dagbag.py:541} INFO - Filling up the DagBag from /opt/airflow/dags/1_first_dag.py
[2026-09-21T03:51:53.909+0000] {processor.py:809} INFO - DAG(s) dict_keys(['1-miprimerdag']) retrieved from /opt/airflow/dags/1_first_dag.py
[2026-09-21T03:51:53.972+0000] {logging_mixin.py:149} INFO - [2026-09-21T03:51:53.972+0000] {dag.py:2726} INFO - Sync 1 DAGs
[2026-09-21T03:51:54.010+0000] {logging_mixin.py:149} INFO - [2026-09-21T03:51:54.010+0000] {dag.py:3490} INFO - Setting next_dagrun for 1-miprimerdag to None, run_after=None
[2026-09-21T03:51:54.058+0000] {processor.py:178} INFO - Processing /opt/airflow/dags/1_first_dag.py took 0.163 seconds
[2026-09-21T03:52:25.000+0000] {processor.py:156} INFO - Started process (PID=2776) to work on /opt/airflow/dags/1_first_dag.py
[2026-09-21T03:52:25.002+0000] {processor.py:799} INFO - Processing file /opt/airflow/dags/1_first_dag.py for tasks to queue
[2026-09-21T03:52:25.003+0000] {logging_mixin.py:149} INFO - [2026-09-21T03:52:25.003+0000] {dagbag.py:541} INFO - Filling up the DagBag from /opt/airflow/dags/1_first_dag.py
[2026-09-21T03:52:25.013+0000] {processor.py:809} INFO - DAG(s) dict_keys(['1-miprimerdag']) retrieved from /opt/airflow/dags/1_first_dag.py
[2026-09-21T03:52:25.063+0000] {logging_mixin.py:149} INFO - [2026-09-21T03:52:25.062+0000] {dag.py:2726} INFO - Sync 1 DAGs
[2026-09-21T03:52:25.126+0000] {logging_mixin.py:149} INFO - [2026-09-21T03:52:25.126+0000] {dag.py:3490} INFO - Setting next_dagrun for 1-miprimerdag to None, run_after=None
[2026-09-21T03:52:25.163+0000] {processor.py:178} INFO - Processing /opt/airflow/dags/1_first_dag.py took 0.168 seconds
[2026-09-21T03:52:56.098+0000] {processor.py:156} INFO - Started process (PID=2790) to work on /opt/airflow/dags/1_first_dag.py
[2026-09-21T03:52:56.102+0000] {processor.py:799} INFO - Processing file /opt/airflow/dags/1_first_dag.py for tasks to queue
[2026-09-21T03:52:56.104+0000] {logging_mixin.py:149} INFO - [2026-09-21T03:52:56.103+0000] {dagbag.py:541} INFO - Filling up the DagBag from /opt/airflow/dags/1_first_dag.py
[2026-09-21T03:52:56.110+0000] {processor.py:809} INFO - DAG(s) dict_keys(['1-miprimerdag']) retrieved from /opt/airflow/dags/1_first_dag.py
[2026-09-21T03:52:56.160+0000] {logging_mixin.py:149} INFO - [2026-09-21T03:52:56.160+0000] {dag.py:2726} INFO - Sync 1 DAGs
[2026-09-21T03:52:56.211+0000] {logging_mixin.py:149} INFO - [2026-09-21T03:52:56.211+0000] {dag.py:3490} INFO - Setting next_dagrun for 1-miprimerdag to None, run_after=None
[2026-09-21T03:52:56.252+0000] {processor.py:178} INFO - Processing /opt/airflow/dags/1_first_dag.py took 0.166 seconds
[2026-09-21T03:53:27.072+0000] {processor.py:156} INFO - Started process (PID=2804) to work on /opt/airflow/dags/1_first_dag.py
[2026-09-21T03:53:27.073+0000] {processor.py:799} INFO - Processing file /opt/airflow/dags/1_first_dag.py for tasks to queue
[2026-09-21T03:53:27.074+0000] {logging_mixin.py:149} INFO - [2026-09-21T03:53:27.074+0000] {dagbag.py:541} INFO - Filling up the DagBag from /opt/airflow/dags/1_first_dag.py
[2026-09-21T03:53:27.080+0000] {processor.py:809} INFO - DAG(s) dict_keys(['1-miprimerdag']) retrieved from /opt/airflow/dags/1_first_dag.py
[2026-09-21T03:53:27.141+0000] {logging_mixin.py:149} INFO - [2026-09-21T03:53:27.140+0000] {dag.py:2726} INFO - Sync 1 DAGs
[2026-09-21T03:53:27.180+0000] {logging_mixin.py:149} INFO - [2026-09-21T03:53:27.180+0000] {dag.py:3490} INFO - Setting next_dagrun for 1-miprimerdag to None, run_after=None
[2026-09-21T03:53:27.215+0000] {processor.py:178} INFO - Processing /opt/airflow/dags/1_first_dag.py took 0.149 seconds
[2026-09-21T03:53:58.273+0000] {processor.py:156} INFO - Started process (PID=2818) to work on /opt/airflow/dags/1_first_dag.py
[2026-09-21T03:53:58.276+0000] {processor.py:799} INFO - Processing file /opt/airflow/dags/1_first_dag.py for tasks to queue
[2026-09-21T03:53:58.277+0000] {logging_mixin.py:149} INFO - [2026-09-21T03:53:58.276+0000] {dagbag.py:541} INFO - Filling up the DagBag from /opt/airflow/dags/1_first_dag.py
[2026-09-21T03:53:58.284+0000] {processor.py:809} INFO - DAG(s) dict_keys(['1-miprimerdag']) retrieved from /opt/airflow/dags/1_first_dag.py
[2026-09-21T03:53:58.381+0000] {logging_mixin.py:149} INFO - [2026-09-21T03:53:58.381+0000] {dag.py:2726} INFO - Sync 1 DAGs
[2026-09-21T03:53:58.425+0000] {logging_mixin.py:149} INFO - [2026-09-21T03:53:58.424+0000] {dag.py:3490} INFO - Setting next_dagrun for 1-miprimerdag to None, run_after=None
[2026-09-21T03:53:58.491+0000] {processor.py:178} INFO - Processing /opt/airflow/dags/1_first_dag.py took 0.225 seconds
[2026-09-21T03:54:29.633+0000] {processor.py:156} INFO - Started process (PID=2832) to work on /opt/airflow/dags/1_first_dag.py
[2026-09-21T03:54:29.634+0000] {processor.py:799} INFO - Processing file /opt/airflow/dags/1_first_dag.py for tasks to queue
[2026-09-21T03:54:29.635+0000] {logging_mixin.py:149} INFO - [2026-09-21T03:54:29.635+0000] {dagbag.py:541} INFO - Filling up the DagBag from /opt/airflow/dags/1_first_dag.py
[2026-09-21T03:54:29.648+0000] {processor.py:809} INFO - DAG(s) dict_keys(['1-miprimerdag']) retrieved from /opt/airflow/dags/1_first_dag.py
[2026-09-21T03:54:29.725+0000] {logging_mixin.py:149} INFO - [2026-09-21T03:54:29.725+0000] {dag.py:2726} INFO - Sync 1 DAGs
[2026-09-21T03:54:29.780+0000] {logging_mixin.py:149} INFO - [2026-09-21T03:54:29.780+0000] {dag.py:3490} INFO - Setting next_dagrun for 1-miprimerdag to None, run_after=None
[2026-09-21T03:54:29.827+0000] {processor.py:178} INFO - Processing /opt/airflow/dags/1_first_dag.py took 0.202 seconds
[2026-09-21T03:55:00.822+0000] {processor.py:156} INFO - Started process (PID=2846) to work on /opt/airflow/dags/1_first_dag.py
[2026-09-21T03:55:00.825+0000] {processor.py:799} INFO - Processing file /opt/airflow/dags/1_first_dag.py for tasks to queue
[2026-09-21T03:55:00.826+0000] {logging_mixin.py:149} INFO - [2026-09-21T03:55:00.826+0000] {dagbag.py:541} INFO - Filling up the DagBag from /opt/airflow/dags/1_first_dag.py
[2026-09-21T03:55:00.833+0000] {processor.py:809} INFO - DAG(s) dict_keys(['1-miprimerdag']) retrieved from /opt/airflow/dags/1_first_dag.py
[2026-09-21T03:55:00.906+0000] {logging_mixin.py:149} INFO - [2026-09-21T03:55:00.906+0000] {dag.py:2726} INFO - Sync 1 DAGs
[2026-09-21T03:55:00.943+0000] {logging_mixin.py:149} INFO - [2026-09-21T03:55:00.943+0000] {dag.py:3490} INFO - Setting next_dagrun for 1-miprimerdag to None, run_after=None
[2026-09-21T03:55:00.984+0000] {processor.py:178} INFO - Processing /opt/airflow/dags/1_first_dag.py took 0.170 seconds
[2026-09-21T03:55:31.893+0000] {processor.py:156} INFO - Started process (PID=2860) to work on /opt/airflow/dags/1_first_dag.py
[2026-09-21T03:55:31.894+0000] {processor.py:799} INFO - Processing file /opt/airflow/dags/1_first_dag.py for tasks to queue
[2026-09-21T03:55:31.895+0000] {logging_mixin.py:149} INFO - [2026-09-21T03:55:31.895+0000] {dagbag.py:541} INFO - Filling up the DagBag from /opt/airflow/dags/1_first_dag.py
[2026-09-21T03:55:31.901+0000] {processor.py:809} INFO - DAG(s) dict_keys(['1-miprimerdag']) retrieved from /opt/airflow/dags/1_first_dag.py
[2026-09-21T03:55:31.970+0000] {logging_mixin.py:149} INFO - [2026-09-21T03:55:31.969+0000] {dag.py:2726} INFO - Sync 1 DAGs
[2026-09-21T03:55:32.007+0000] {logging_mixin.py:149} INFO - [2026-09-21T03:55:32.007+0000] {dag.py:3490} INFO - Setting next_dagrun for 1-miprimerdag to None, run_after=None
[2026-09-21T03:55:32.037+0000] {processor.py:178} INFO - Processing /opt/airflow/dags/1_first_dag.py took 0.151 seconds
[2026-09-21T03:56:02.807+0000] {processor.py:156} INFO - Started process (PID=2874) to work on /opt/airflow/dags/1_first_dag.py
[2026-09-21T03:56:02.810+0000] {processor.py:799} INFO - Processing file /opt/airflow/dags/1_first_dag.py for tasks to queue
[2026-09-21T03:56:02.811+0000] {logging_mixin.py:149} INFO - [2026-09-21T03:56:02.811+0000] {dagbag.py:541} INFO - Filling up the DagBag from /opt/airflow/dags/1_first_dag.py
[2026-09-21T03:56:02.818+0000] {processor.py:809} INFO - DAG(s) dict_keys(['1-miprimerdag']) retrieved from /opt/airflow/dags/1_first_dag.py
[2026-09-21T03:56:02.870+0000] {logging_mixin.py:149} INFO - [2026-09-21T03:56:02.870+0000] {dag.py:2726} INFO - Sync 1 DAGs
[2026-09-21T03:56:02.912+0000] {logging_mixin.py:149} INFO - [2026-09-21T03:56:02.911+0000] {dag.py:3490} INFO - Setting next_dagrun for 1-miprimerdag to None, run_after=None
[2026-09-21T03:56:02.948+0000] {processor.py:178} INFO - Processing /opt/airflow/dags/1_first_dag.py took 0.147 seconds
[2026-09-21T03:56:33.907+0000] {processor.py:156} INFO - Started process (PID=2888) to work on /opt/airflow/dags/1_first_dag.py
[2026-09-21T03:56:33.908+0000] {processor.py:799} INFO - Processing file /opt/airflow/dags/1_first_dag.py for tasks to queue
[2026-09-21T03:56:33.909+0000] {logging_mixin.py:149} INFO - [2026-09-21T03:56:33.909+0000] {dagbag.py:541} INFO - Filling up the DagBag from /opt/airflow/dags/1_first_dag.py
[2026-09-21T03:56:33.915+0000] {processor.py:809} INFO - DAG(s) dict_keys(['1-miprimerdag']) retrieved from /opt/airflow/dags/1_first_dag.py
[2026-09-21T03:56:33.963+0000] {logging_mixin.py:149} INFO - [2026-09-21T03:56:33.963+0000] {dag.py:2726} INFO - Sync 1 DAGs
[2026-09-21T03:56:33.998+0000] {logging_mixin.py:149} INFO - [2026-09-21T03:56:33.997+0000] {dag.py:3490} INFO - Setting next_dagrun for 1-miprimerdag to None, run_after=None
[2026-09-21T03:56:34.025+0000] {processor.py:178} INFO - Processing /opt/airflow/dags/1_first_dag.py took 0.125 seconds
[2026-09-21T03:57:05.096+0000] {processor.py:156} INFO - Started process (PID=2902) to work on /opt/airflow/dags/1_first_dag.py
[2026-09-21T03:57:05.102+0000] {processor.py:799} INFO - Processing file /opt/airflow/dags/1_first_dag.py for tasks to queue
[2026-09-21T03:57:05.103+0000] {logging_mixin.py:149} INFO - [2026-09-21T03:57:05.103+0000] {dagbag.py:541} INFO - Filling up the DagBag from /opt/airflow/dags/1_first_dag.py
[2026-09-21T03:57:05.116+0000] {processor.py:809} INFO - DAG(s) dict_keys(['1-miprimerdag']) retrieved from /opt/airflow/dags/1_first_dag.py
[2026-09-21T03:57:05.173+0000] {logging_mixin.py:149} INFO - [2026-09-21T03:57:05.173+0000] {dag.py:2726} INFO - Sync 1 DAGs
[2026-09-21T03:57:05.219+0000] {logging_mixin.py:149} INFO - [2026-09-21T03:57:05.218+0000] {dag.py:3490} INFO - Setting next_dagrun for 1-miprimerdag to None, run_after=None
[2026-09-21T03:57:05.270+0000] {processor.py:178} INFO - Processing /opt/airflow/dags/1_first_dag.py took 0.180 seconds
[2026-09-21T03:57:22.070+0000] {processor.py:156} INFO - Started process (PID=2922) to work on /opt/airflow/dags/1_first_dag.py
[2026-09-21T03:57:22.072+0000] {processor.py:799} INFO - Processing file /opt/airflow/dags/1_first_dag.py for tasks to queue
[2026-09-21T03:57:22.073+0000] {logging_mixin.py:149} INFO - [2026-09-21T03:57:22.073+0000] {dagbag.py:541} INFO - Filling up the DagBag from /opt/airflow/dags/1_first_dag.py
[2026-09-21T03:57:22.084+0000] {processor.py:809} INFO - DAG(s) dict_keys(['1-miprimerdag']) retrieved from /opt/airflow/dags/1_first_dag.py
[2026-09-21T03:57:22.157+0000] {logging_mixin.py:149} INFO - [2026-09-21T03:57:22.157+0000] {dag.py:2726} INFO - Sync 1 DAGs
[2026-09-21T03:57:22.216+0000] {logging_mixin.py:149} INFO - [2026-09-21T03:57:22.215+0000] {dag.py:3490} INFO - Setting next_dagrun for 1-miprimerdag to None, run_after=None
[2026-09-21T03:57:22.262+0000] {processor.py:178} INFO - Processing /opt/airflow/dags/1_first_dag.py took 0.202 seconds
[2026-09-21T03:57:52.762+0000] {processor.py:156} INFO - Started process (PID=2932) to work on /opt/airflow/dags/1_first_dag.py
[2026-09-21T03:57:52.765+0000] {processor.py:799} INFO - Processing file /opt/airflow/dags/1_first_dag.py for tasks to queue
[2026-09-21T03:57:52.766+0000] {logging_mixin.py:149} INFO - [2026-09-21T03:57:52.765+0000] {dagbag.py:541} INFO - Filling up the DagBag from /opt/airflow/dags/1_first_dag.py
[2026-09-21T03:57:52.773+0000] {processor.py:809} INFO - DAG(s) dict_keys(['1-miprimerdag']) retrieved from /opt/airflow/dags/1_first_dag.py
[2026-09-21T03:57:52.828+0000] {logging_mixin.py:149} INFO - [2026-09-21T03:57:52.828+0000] {dag.py:2726} INFO - Sync 1 DAGs
[2026-09-21T03:57:52.869+0000] {logging_mixin.py:149} INFO - [2026-09-21T03:57:52.869+0000] {dag.py:3490} INFO - Setting next_dagrun for 1-miprimerdag to None, run_after=None
[2026-09-21T03:57:52.900+0000] {processor.py:178} INFO - Processing /opt/airflow/dags/1_first_dag.py took 0.145 seconds
[2026-09-21T03:58:23.915+0000] {processor.py:156} INFO - Started process (PID=2946) to work on /opt/airflow/dags/1_first_dag.py
[2026-09-21T03:58:23.917+0000] {processor.py:799} INFO - Processing file /opt/airflow/dags/1_first_dag.py for tasks to queue
[2026-09-21T03:58:23.918+0000] {logging_mixin.py:149} INFO - [2026-09-21T03:58:23.917+0000] {dagbag.py:541} INFO - Filling up the DagBag from /opt/airflow/dags/1_first_dag.py
[2026-09-21T03:58:23.923+0000] {processor.py:809} INFO - DAG(s) dict_keys(['1-miprimerdag']) retrieved from /opt/airflow/dags/1_first_dag.py
[2026-09-21T03:58:23.982+0000] {logging_mixin.py:149} INFO - [2026-09-21T03:58:23.982+0000] {dag.py:2726} INFO - Sync 1 DAGs
[2026-09-21T03:58:24.040+0000] {logging_mixin.py:149} INFO - [2026-09-21T03:58:24.039+0000] {dag.py:3490} INFO - Setting next_dagrun for 1-miprimerdag to None, run_after=None
[2026-09-21T03:58:24.076+0000] {processor.py:178} INFO - Processing /opt/airflow/dags/1_first_dag.py took 0.168 seconds
[2026-09-21T03:58:52.736+0000] {processor.py:156} INFO - Started process (PID=2966) to work on /opt/airflow/dags/1_first_dag.py
[2026-09-21T03:58:52.738+0000] {processor.py:799} INFO - Processing file /opt/airflow/dags/1_first_dag.py for tasks to queue
[2026-09-21T03:58:52.739+0000] {logging_mixin.py:149} INFO - [2026-09-21T03:58:52.739+0000] {dagbag.py:541} INFO - Filling up the DagBag from /opt/airflow/dags/1_first_dag.py
[2026-09-21T03:58:52.744+0000] {processor.py:809} INFO - DAG(s) dict_keys(['1-miprimerdag']) retrieved from /opt/airflow/dags/1_first_dag.py
[2026-09-21T03:58:52.793+0000] {logging_mixin.py:149} INFO - [2026-09-21T03:58:52.793+0000] {dag.py:2726} INFO - Sync 1 DAGs
[2026-09-21T03:58:52.841+0000] {logging_mixin.py:149} INFO - [2026-09-21T03:58:52.841+0000] {dag.py:3490} INFO - Setting next_dagrun for 1-miprimerdag to None, run_after=None
[2026-09-21T03:58:52.870+0000] {processor.py:178} INFO - Processing /opt/airflow/dags/1_first_dag.py took 0.141 seconds
[2026-09-21T03:59:22.975+0000] {processor.py:156} INFO - Started process (PID=2976) to work on /opt/airflow/dags/1_first_dag.py
[2026-09-21T03:59:22.977+0000] {processor.py:799} INFO - Processing file /opt/airflow/dags/1_first_dag.py for tasks to queue
[2026-09-21T03:59:22.978+0000] {logging_mixin.py:149} INFO - [2026-09-21T03:59:22.978+0000] {dagbag.py:541} INFO - Filling up the DagBag from /opt/airflow/dags/1_first_dag.py
[2026-09-21T03:59:22.985+0000] {processor.py:809} INFO - DAG(s) dict_keys(['1-miprimerdag']) retrieved from /opt/airflow/dags/1_first_dag.py
[2026-09-21T03:59:23.039+0000] {logging_mixin.py:149} INFO - [2026-09-21T03:59:23.038+0000] {dag.py:2726} INFO - Sync 1 DAGs
[2026-09-21T03:59:23.077+0000] {logging_mixin.py:149} INFO - [2026-09-21T03:59:23.076+0000] {dag.py:3490} INFO - Setting next_dagrun for 1-miprimerdag to None, run_after=None
[2026-09-21T03:59:23.107+0000] {processor.py:178} INFO - Processing /opt/airflow/dags/1_first_dag.py took 0.138 seconds
[2026-09-21T03:59:53.978+0000] {processor.py:156} INFO - Started process (PID=2990) to work on /opt/airflow/dags/1_first_dag.py
[2026-09-21T03:59:53.982+0000] {processor.py:799} INFO - Processing file /opt/airflow/dags/1_first_dag.py for tasks to queue
[2026-09-21T03:59:53.984+0000] {logging_mixin.py:149} INFO - [2026-09-21T03:59:53.984+0000] {dagbag.py:541} INFO - Filling up the DagBag from /opt/airflow/dags/1_first_dag.py
[2026-09-21T03:59:53.993+0000] {processor.py:809} INFO - DAG(s) dict_keys(['1-miprimerdag']) retrieved from /opt/airflow/dags/1_first_dag.py
[2026-09-21T03:59:54.081+0000] {logging_mixin.py:149} INFO - [2026-09-21T03:59:54.081+0000] {dag.py:2726} INFO - Sync 1 DAGs
[2026-09-21T03:59:54.118+0000] {logging_mixin.py:149} INFO - [2026-09-21T03:59:54.118+0000] {dag.py:3490} INFO - Setting next_dagrun for 1-miprimerdag to None, run_after=None
[2026-09-21T03:59:54.180+0000] {processor.py:178} INFO - Processing /opt/airflow/dags/1_first_dag.py took 0.214 seconds
[2026-09-21T04:00:24.986+0000] {processor.py:156} INFO - Started process (PID=3004) to work on /opt/airflow/dags/1_first_dag.py
[2026-09-21T04:00:24.987+0000] {processor.py:799} INFO - Processing file /opt/airflow/dags/1_first_dag.py for tasks to queue
[2026-09-21T04:00:24.988+0000] {logging_mixin.py:149} INFO - [2026-09-21T04:00:24.988+0000] {dagbag.py:541} INFO - Filling up the DagBag from /opt/airflow/dags/1_first_dag.py
[2026-09-21T04:00:24.992+0000] {processor.py:809} INFO - DAG(s) dict_keys(['1-miprimerdag']) retrieved from /opt/airflow/dags/1_first_dag.py
[2026-09-21T04:00:25.029+0000] {logging_mixin.py:149} INFO - [2026-09-21T04:00:25.029+0000] {dag.py:2726} INFO - Sync 1 DAGs
[2026-09-21T04:00:25.057+0000] {logging_mixin.py:149} INFO - [2026-09-21T04:00:25.057+0000] {dag.py:3490} INFO - Setting next_dagrun for 1-miprimerdag to None, run_after=None
[2026-09-21T04:00:25.077+0000] {processor.py:178} INFO - Processing /opt/airflow/dags/1_first_dag.py took 0.097 seconds
[2026-09-21T04:00:55.982+0000] {processor.py:156} INFO - Started process (PID=3024) to work on /opt/airflow/dags/1_first_dag.py
[2026-09-21T04:00:55.984+0000] {processor.py:799} INFO - Processing file /opt/airflow/dags/1_first_dag.py for tasks to queue
[2026-09-21T04:00:55.985+0000] {logging_mixin.py:149} INFO - [2026-09-21T04:00:55.985+0000] {dagbag.py:541} INFO - Filling up the DagBag from /opt/airflow/dags/1_first_dag.py
[2026-09-21T04:00:55.990+0000] {processor.py:809} INFO - DAG(s) dict_keys(['1-miprimerdag']) retrieved from /opt/airflow/dags/1_first_dag.py
[2026-09-21T04:00:56.040+0000] {logging_mixin.py:149} INFO - [2026-09-21T04:00:56.040+0000] {dag.py:2726} INFO - Sync 1 DAGs
[2026-09-21T04:00:56.100+0000] {logging_mixin.py:149} INFO - [2026-09-21T04:00:56.099+0000] {dag.py:3490} INFO - Setting next_dagrun for 1-miprimerdag to None, run_after=None
[2026-09-21T04:00:56.397+0000] {processor.py:178} INFO - Processing /opt/airflow/dags/1_first_dag.py took 0.423 seconds
[2026-09-21T04:01:27.052+0000] {processor.py:156} INFO - Started process (PID=3038) to work on /opt/airflow/dags/1_first_dag.py
[2026-09-21T04:01:27.057+0000] {processor.py:799} INFO - Processing file /opt/airflow/dags/1_first_dag.py for tasks to queue
[2026-09-21T04:01:27.058+0000] {logging_mixin.py:149} INFO - [2026-09-21T04:01:27.057+0000] {dagbag.py:541} INFO - Filling up the DagBag from /opt/airflow/dags/1_first_dag.py
[2026-09-21T04:01:27.064+0000] {processor.py:809} INFO - DAG(s) dict_keys(['1-miprimerdag']) retrieved from /opt/airflow/dags/1_first_dag.py
[2026-09-21T04:01:27.131+0000] {logging_mixin.py:149} INFO - [2026-09-21T04:01:27.131+0000] {dag.py:2726} INFO - Sync 1 DAGs
[2026-09-21T04:01:27.460+0000] {logging_mixin.py:149} INFO - [2026-09-21T04:01:27.459+0000] {dag.py:3490} INFO - Setting next_dagrun for 1-miprimerdag to None, run_after=None
[2026-09-21T04:01:27.486+0000] {processor.py:178} INFO - Processing /opt/airflow/dags/1_first_dag.py took 0.442 seconds
[2026-09-21T04:01:57.701+0000] {processor.py:156} INFO - Started process (PID=3052) to work on /opt/airflow/dags/1_first_dag.py
[2026-09-21T04:01:57.703+0000] {processor.py:799} INFO - Processing file /opt/airflow/dags/1_first_dag.py for tasks to queue
[2026-09-21T04:01:57.704+0000] {logging_mixin.py:149} INFO - [2026-09-21T04:01:57.704+0000] {dagbag.py:541} INFO - Filling up the DagBag from /opt/airflow/dags/1_first_dag.py
[2026-09-21T04:01:57.711+0000] {processor.py:809} INFO - DAG(s) dict_keys(['1-miprimerdag']) retrieved from /opt/airflow/dags/1_first_dag.py
[2026-09-21T04:01:57.768+0000] {logging_mixin.py:149} INFO - [2026-09-21T04:01:57.767+0000] {dag.py:2726} INFO - Sync 1 DAGs
[2026-09-21T04:01:57.823+0000] {logging_mixin.py:149} INFO - [2026-09-21T04:01:57.823+0000] {dag.py:3490} INFO - Setting next_dagrun for 1-miprimerdag to None, run_after=None
[2026-09-21T04:01:57.857+0000] {processor.py:178} INFO - Processing /opt/airflow/dags/1_first_dag.py took 0.162 seconds
[2026-09-21T04:02:27.505+0000] {processor.py:156} INFO - Started process (PID=3068) to work on /opt/airflow/dags/1_first_dag.py
[2026-09-21T04:02:27.506+0000] {processor.py:799} INFO - Processing file /opt/airflow/dags/1_first_dag.py for tasks to queue
[2026-09-21T04:02:27.507+0000] {logging_mixin.py:149} INFO - [2026-09-21T04:02:27.507+0000] {dagbag.py:541} INFO - Filling up the DagBag from /opt/airflow/dags/1_first_dag.py
[2026-09-21T04:02:27.513+0000] {processor.py:809} INFO - DAG(s) dict_keys(['1-miprimerdag']) retrieved from /opt/airflow/dags/1_first_dag.py
[2026-09-21T04:02:27.579+0000] {logging_mixin.py:149} INFO - [2026-09-21T04:02:27.578+0000] {dag.py:2726} INFO - Sync 1 DAGs
[2026-09-21T04:02:27.629+0000] {logging_mixin.py:149} INFO - [2026-09-21T04:02:27.629+0000] {dag.py:3490} INFO - Setting next_dagrun for 1-miprimerdag to None, run_after=None
[2026-09-21T04:02:27.676+0000] {processor.py:178} INFO - Processing /opt/airflow/dags/1_first_dag.py took 0.177 seconds
[2026-09-21T04:02:58.182+0000] {processor.py:156} INFO - Started process (PID=3082) to work on /opt/airflow/dags/1_first_dag.py
[2026-09-21T04:02:58.188+0000] {processor.py:799} INFO - Processing file /opt/airflow/dags/1_first_dag.py for tasks to queue
[2026-09-21T04:02:58.189+0000] {logging_mixin.py:149} INFO - [2026-09-21T04:02:58.189+0000] {dagbag.py:541} INFO - Filling up the DagBag from /opt/airflow/dags/1_first_dag.py
[2026-09-21T04:02:58.195+0000] {processor.py:809} INFO - DAG(s) dict_keys(['1-miprimerdag']) retrieved from /opt/airflow/dags/1_first_dag.py
[2026-09-21T04:02:58.250+0000] {logging_mixin.py:149} INFO - [2026-09-21T04:02:58.249+0000] {dag.py:2726} INFO - Sync 1 DAGs
[2026-09-21T04:02:58.283+0000] {logging_mixin.py:149} INFO - [2026-09-21T04:02:58.283+0000] {dag.py:3490} INFO - Setting next_dagrun for 1-miprimerdag to None, run_after=None
[2026-09-21T04:02:58.322+0000] {processor.py:178} INFO - Processing /opt/airflow/dags/1_first_dag.py took 0.148 seconds
[2026-09-21T04:03:28.408+0000] {processor.py:156} INFO - Started process (PID=3093) to work on /opt/airflow/dags/1_first_dag.py
[2026-09-21T04:03:28.410+0000] {processor.py:799} INFO - Processing file /opt/airflow/dags/1_first_dag.py for tasks to queue
[2026-09-21T04:03:28.411+0000] {logging_mixin.py:149} INFO - [2026-09-21T04:03:28.410+0000] {dagbag.py:541} INFO - Filling up the DagBag from /opt/airflow/dags/1_first_dag.py
[2026-09-21T04:03:28.416+0000] {processor.py:809} INFO - DAG(s) dict_keys(['1-miprimerdag']) retrieved from /opt/airflow/dags/1_first_dag.py
[2026-09-21T04:03:28.471+0000] {logging_mixin.py:149} INFO - [2026-09-21T04:03:28.471+0000] {dag.py:2726} INFO - Sync 1 DAGs
[2026-09-21T04:03:28.520+0000] {logging_mixin.py:149} INFO - [2026-09-21T04:03:28.518+0000] {dag.py:3490} INFO - Setting next_dagrun for 1-miprimerdag to None, run_after=None
[2026-09-21T04:03:28.573+0000] {processor.py:178} INFO - Processing /opt/airflow/dags/1_first_dag.py took 0.171 seconds
[2026-09-21T04:03:58.772+0000] {processor.py:156} INFO - Started process (PID=3106) to work on /opt/airflow/dags/1_first_dag.py
[2026-09-21T04:03:58.775+0000] {processor.py:799} INFO - Processing file /opt/airflow/dags/1_first_dag.py for tasks to queue
[2026-09-21T04:03:58.776+0000] {logging_mixin.py:149} INFO - [2026-09-21T04:03:58.775+0000] {dagbag.py:541} INFO - Filling up the DagBag from /opt/airflow/dags/1_first_dag.py
[2026-09-21T04:03:58.781+0000] {processor.py:809} INFO - DAG(s) dict_keys(['1-miprimerdag']) retrieved from /opt/airflow/dags/1_first_dag.py
[2026-09-21T04:03:58.832+0000] {logging_mixin.py:149} INFO - [2026-09-21T04:03:58.832+0000] {dag.py:2726} INFO - Sync 1 DAGs
[2026-09-21T04:03:58.881+0000] {logging_mixin.py:149} INFO - [2026-09-21T04:03:58.881+0000] {dag.py:3490} INFO - Setting next_dagrun for 1-miprimerdag to None, run_after=None
[2026-09-21T04:03:58.922+0000] {processor.py:178} INFO - Processing /opt/airflow/dags/1_first_dag.py took 0.157 seconds
[2026-09-21T04:04:29.039+0000] {processor.py:156} INFO - Started process (PID=3120) to work on /opt/airflow/dags/1_first_dag.py
[2026-09-21T04:04:29.041+0000] {processor.py:799} INFO - Processing file /opt/airflow/dags/1_first_dag.py for tasks to queue
[2026-09-21T04:04:29.042+0000] {logging_mixin.py:149} INFO - [2026-09-21T04:04:29.041+0000] {dagbag.py:541} INFO - Filling up the DagBag from /opt/airflow/dags/1_first_dag.py
[2026-09-21T04:04:29.048+0000] {processor.py:809} INFO - DAG(s) dict_keys(['1-miprimerdag']) retrieved from /opt/airflow/dags/1_first_dag.py
[2026-09-21T04:04:29.110+0000] {logging_mixin.py:149} INFO - [2026-09-21T04:04:29.110+0000] {dag.py:2726} INFO - Sync 1 DAGs
[2026-09-21T04:04:29.143+0000] {logging_mixin.py:149} INFO - [2026-09-21T04:04:29.143+0000] {dag.py:3490} INFO - Setting next_dagrun for 1-miprimerdag to None, run_after=None
[2026-09-21T04:04:29.174+0000] {processor.py:178} INFO - Processing /opt/airflow/dags/1_first_dag.py took 0.140 seconds
[2026-09-21T04:04:59.776+0000] {processor.py:156} INFO - Started process (PID=3134) to work on /opt/airflow/dags/1_first_dag.py
[2026-09-21T04:04:59.779+0000] {processor.py:799} INFO - Processing file /opt/airflow/dags/1_first_dag.py for tasks to queue
[2026-09-21T04:04:59.780+0000] {logging_mixin.py:149} INFO - [2026-09-21T04:04:59.780+0000] {dagbag.py:541} INFO - Filling up the DagBag from /opt/airflow/dags/1_first_dag.py
[2026-09-21T04:04:59.787+0000] {processor.py:809} INFO - DAG(s) dict_keys(['1-miprimerdag']) retrieved from /opt/airflow/dags/1_first_dag.py
[2026-09-21T04:04:59.849+0000] {logging_mixin.py:149} INFO - [2026-09-21T04:04:59.849+0000] {dag.py:2726} INFO - Sync 1 DAGs
[2026-09-21T04:04:59.883+0000] {logging_mixin.py:149} INFO - [2026-09-21T04:04:59.883+0000] {dag.py:3490} INFO - Setting next_dagrun for 1-miprimerdag to None, run_after=None
[2026-09-21T04:04:59.913+0000] {processor.py:178} INFO - Processing /opt/airflow/dags/1_first_dag.py took 0.146 seconds
[2026-09-21T04:05:30.367+0000] {processor.py:156} INFO - Started process (PID=3148) to work on /opt/airflow/dags/1_first_dag.py
[2026-09-21T04:05:30.368+0000] {processor.py:799} INFO - Processing file /opt/airflow/dags/1_first_dag.py for tasks to queue
[2026-09-21T04:05:30.369+0000] {logging_mixin.py:149} INFO - [2026-09-21T04:05:30.369+0000] {dagbag.py:541} INFO - Filling up the DagBag from /opt/airflow/dags/1_first_dag.py
[2026-09-21T04:05:30.388+0000] {processor.py:809} INFO - DAG(s) dict_keys(['1-miprimerdag']) retrieved from /opt/airflow/dags/1_first_dag.py
[2026-09-21T04:05:30.465+0000] {logging_mixin.py:149} INFO - [2026-09-21T04:05:30.465+0000] {dag.py:2726} INFO - Sync 1 DAGs
[2026-09-21T04:05:30.511+0000] {logging_mixin.py:149} INFO - [2026-09-21T04:05:30.510+0000] {dag.py:3490} INFO - Setting next_dagrun for 1-miprimerdag to None, run_after=None
[2026-09-21T04:05:30.541+0000] {processor.py:178} INFO - Processing /opt/airflow/dags/1_first_dag.py took 0.181 seconds
[2026-09-21T04:06:01.372+0000] {processor.py:156} INFO - Started process (PID=3162) to work on /opt/airflow/dags/1_first_dag.py
[2026-09-21T04:06:01.382+0000] {processor.py:799} INFO - Processing file /opt/airflow/dags/1_first_dag.py for tasks to queue
[2026-09-21T04:06:01.383+0000] {logging_mixin.py:149} INFO - [2026-09-21T04:06:01.383+0000] {dagbag.py:541} INFO - Filling up the DagBag from /opt/airflow/dags/1_first_dag.py
[2026-09-21T04:06:01.389+0000] {processor.py:809} INFO - DAG(s) dict_keys(['1-miprimerdag']) retrieved from /opt/airflow/dags/1_first_dag.py
[2026-09-21T04:06:01.456+0000] {logging_mixin.py:149} INFO - [2026-09-21T04:06:01.455+0000] {dag.py:2726} INFO - Sync 1 DAGs
[2026-09-21T04:06:01.492+0000] {logging_mixin.py:149} INFO - [2026-09-21T04:06:01.492+0000] {dag.py:3490} INFO - Setting next_dagrun for 1-miprimerdag to None, run_after=None
[2026-09-21T04:06:01.521+0000] {processor.py:178} INFO - Processing /opt/airflow/dags/1_first_dag.py took 0.154 seconds
[2026-09-21T04:06:32.231+0000] {processor.py:156} INFO - Started process (PID=3176) to work on /opt/airflow/dags/1_first_dag.py
[2026-09-21T04:06:32.234+0000] {processor.py:799} INFO - Processing file /opt/airflow/dags/1_first_dag.py for tasks to queue
[2026-09-21T04:06:32.236+0000] {logging_mixin.py:149} INFO - [2026-09-21T04:06:32.236+0000] {dagbag.py:541} INFO - Filling up the DagBag from /opt/airflow/dags/1_first_dag.py
[2026-09-21T04:06:32.243+0000] {processor.py:809} INFO - DAG(s) dict_keys(['1-miprimerdag']) retrieved from /opt/airflow/dags/1_first_dag.py
[2026-09-21T04:06:32.310+0000] {logging_mixin.py:149} INFO - [2026-09-21T04:06:32.309+0000] {dag.py:2726} INFO - Sync 1 DAGs
[2026-09-21T04:06:32.351+0000] {logging_mixin.py:149} INFO - [2026-09-21T04:06:32.350+0000] {dag.py:3490} INFO - Setting next_dagrun for 1-miprimerdag to None, run_after=None
[2026-09-21T04:06:32.390+0000] {processor.py:178} INFO - Processing /opt/airflow/dags/1_first_dag.py took 0.171 seconds
[2026-09-21T04:07:03.263+0000] {processor.py:156} INFO - Started process (PID=3190) to work on /opt/airflow/dags/1_first_dag.py
[2026-09-21T04:07:03.275+0000] {processor.py:799} INFO - Processing file /opt/airflow/dags/1_first_dag.py for tasks to queue
[2026-09-21T04:07:03.277+0000] {logging_mixin.py:149} INFO - [2026-09-21T04:07:03.276+0000] {dagbag.py:541} INFO - Filling up the DagBag from /opt/airflow/dags/1_first_dag.py
[2026-09-21T04:07:03.284+0000] {processor.py:809} INFO - DAG(s) dict_keys(['1-miprimerdag']) retrieved from /opt/airflow/dags/1_first_dag.py
[2026-09-21T04:07:03.384+0000] {logging_mixin.py:149} INFO - [2026-09-21T04:07:03.383+0000] {dag.py:2726} INFO - Sync 1 DAGs
[2026-09-21T04:07:03.464+0000] {logging_mixin.py:149} INFO - [2026-09-21T04:07:03.464+0000] {dag.py:3490} INFO - Setting next_dagrun for 1-miprimerdag to None, run_after=None
[2026-09-21T04:07:03.498+0000] {processor.py:178} INFO - Processing /opt/airflow/dags/1_first_dag.py took 0.241 seconds
[2026-09-21T04:07:32.444+0000] {processor.py:156} INFO - Started process (PID=3210) to work on /opt/airflow/dags/1_first_dag.py
[2026-09-21T04:07:32.445+0000] {processor.py:799} INFO - Processing file /opt/airflow/dags/1_first_dag.py for tasks to queue
[2026-09-21T04:07:32.446+0000] {logging_mixin.py:149} INFO - [2026-09-21T04:07:32.446+0000] {dagbag.py:541} INFO - Filling up the DagBag from /opt/airflow/dags/1_first_dag.py
[2026-09-21T04:07:32.472+0000] {processor.py:809} INFO - DAG(s) dict_keys(['1-miprimerdag']) retrieved from /opt/airflow/dags/1_first_dag.py
[2026-09-21T04:07:32.529+0000] {logging_mixin.py:149} INFO - [2026-09-21T04:07:32.529+0000] {dag.py:2726} INFO - Sync 1 DAGs
[2026-09-21T04:07:32.572+0000] {logging_mixin.py:149} INFO - [2026-09-21T04:07:32.572+0000] {dag.py:3490} INFO - Setting next_dagrun for 1-miprimerdag to None, run_after=None
[2026-09-21T04:07:32.616+0000] {processor.py:178} INFO - Processing /opt/airflow/dags/1_first_dag.py took 0.181 seconds
[2026-09-21T04:08:02.894+0000] {processor.py:156} INFO - Started process (PID=3220) to work on /opt/airflow/dags/1_first_dag.py
[2026-09-21T04:08:02.898+0000] {processor.py:799} INFO - Processing file /opt/airflow/dags/1_first_dag.py for tasks to queue
[2026-09-21T04:08:02.899+0000] {logging_mixin.py:149} INFO - [2026-09-21T04:08:02.899+0000] {dagbag.py:541} INFO - Filling up the DagBag from /opt/airflow/dags/1_first_dag.py
[2026-09-21T04:08:02.905+0000] {processor.py:809} INFO - DAG(s) dict_keys(['1-miprimerdag']) retrieved from /opt/airflow/dags/1_first_dag.py
[2026-09-21T04:08:02.957+0000] {logging_mixin.py:149} INFO - [2026-09-21T04:08:02.957+0000] {dag.py:2726} INFO - Sync 1 DAGs
[2026-09-21T04:08:02.993+0000] {logging_mixin.py:149} INFO - [2026-09-21T04:08:02.993+0000] {dag.py:3490} INFO - Setting next_dagrun for 1-miprimerdag to None, run_after=None
[2026-09-21T04:08:03.020+0000] {processor.py:178} INFO - Processing /opt/airflow/dags/1_first_dag.py took 0.132 seconds
[2026-09-21T04:08:33.864+0000] {processor.py:156} INFO - Started process (PID=3234) to work on /opt/airflow/dags/1_first_dag.py
[2026-09-21T04:08:33.865+0000] {processor.py:799} INFO - Processing file /opt/airflow/dags/1_first_dag.py for tasks to queue
[2026-09-21T04:08:33.866+0000] {logging_mixin.py:149} INFO - [2026-09-21T04:08:33.866+0000] {dagbag.py:541} INFO - Filling up the DagBag from /opt/airflow/dags/1_first_dag.py
[2026-09-21T04:08:33.873+0000] {processor.py:809} INFO - DAG(s) dict_keys(['1-miprimerdag']) retrieved from /opt/airflow/dags/1_first_dag.py
[2026-09-21T04:08:33.940+0000] {logging_mixin.py:149} INFO - [2026-09-21T04:08:33.940+0000] {dag.py:2726} INFO - Sync 1 DAGs
[2026-09-21T04:08:33.990+0000] {logging_mixin.py:149} INFO - [2026-09-21T04:08:33.990+0000] {dag.py:3490} INFO - Setting next_dagrun for 1-miprimerdag to None, run_after=None
[2026-09-21T04:08:34.025+0000] {processor.py:178} INFO - Processing /opt/airflow/dags/1_first_dag.py took 0.172 seconds
[2026-09-21T04:09:05.041+0000] {processor.py:156} INFO - Started process (PID=3248) to work on /opt/airflow/dags/1_first_dag.py
[2026-09-21T04:09:05.046+0000] {processor.py:799} INFO - Processing file /opt/airflow/dags/1_first_dag.py for tasks to queue
[2026-09-21T04:09:05.047+0000] {logging_mixin.py:149} INFO - [2026-09-21T04:09:05.047+0000] {dagbag.py:541} INFO - Filling up the DagBag from /opt/airflow/dags/1_first_dag.py
[2026-09-21T04:09:05.053+0000] {processor.py:809} INFO - DAG(s) dict_keys(['1-miprimerdag']) retrieved from /opt/airflow/dags/1_first_dag.py
[2026-09-21T04:09:05.111+0000] {logging_mixin.py:149} INFO - [2026-09-21T04:09:05.111+0000] {dag.py:2726} INFO - Sync 1 DAGs
[2026-09-21T04:09:05.150+0000] {logging_mixin.py:149} INFO - [2026-09-21T04:09:05.147+0000] {dag.py:3490} INFO - Setting next_dagrun for 1-miprimerdag to None, run_after=None
[2026-09-21T04:09:05.182+0000] {processor.py:178} INFO - Processing /opt/airflow/dags/1_first_dag.py took 0.148 seconds
[2026-09-21T04:09:36.241+0000] {processor.py:156} INFO - Started process (PID=3262) to work on /opt/airflow/dags/1_first_dag.py
[2026-09-21T04:09:36.242+0000] {processor.py:799} INFO - Processing file /opt/airflow/dags/1_first_dag.py for tasks to queue
[2026-09-21T04:09:36.243+0000] {logging_mixin.py:149} INFO - [2026-09-21T04:09:36.243+0000] {dagbag.py:541} INFO - Filling up the DagBag from /opt/airflow/dags/1_first_dag.py
[2026-09-21T04:09:36.248+0000] {processor.py:809} INFO - DAG(s) dict_keys(['1-miprimerdag']) retrieved from /opt/airflow/dags/1_first_dag.py
[2026-09-21T04:09:36.291+0000] {logging_mixin.py:149} INFO - [2026-09-21T04:09:36.291+0000] {dag.py:2726} INFO - Sync 1 DAGs
[2026-09-21T04:09:36.322+0000] {logging_mixin.py:149} INFO - [2026-09-21T04:09:36.322+0000] {dag.py:3490} INFO - Setting next_dagrun for 1-miprimerdag to None, run_after=None
[2026-09-21T04:09:36.353+0000] {processor.py:178} INFO - Processing /opt/airflow/dags/1_first_dag.py took 0.118 seconds
[2026-09-21T04:10:06.975+0000] {processor.py:156} INFO - Started process (PID=3276) to work on /opt/airflow/dags/1_first_dag.py
[2026-09-21T04:10:06.990+0000] {processor.py:799} INFO - Processing file /opt/airflow/dags/1_first_dag.py for tasks to queue
[2026-09-21T04:10:06.991+0000] {logging_mixin.py:149} INFO - [2026-09-21T04:10:06.991+0000] {dagbag.py:541} INFO - Filling up the DagBag from /opt/airflow/dags/1_first_dag.py
[2026-09-21T04:10:06.996+0000] {processor.py:809} INFO - DAG(s) dict_keys(['1-miprimerdag']) retrieved from /opt/airflow/dags/1_first_dag.py
[2026-09-21T04:10:07.056+0000] {logging_mixin.py:149} INFO - [2026-09-21T04:10:07.055+0000] {dag.py:2726} INFO - Sync 1 DAGs
[2026-09-21T04:10:07.092+0000] {logging_mixin.py:149} INFO - [2026-09-21T04:10:07.092+0000] {dag.py:3490} INFO - Setting next_dagrun for 1-miprimerdag to None, run_after=None
[2026-09-21T04:10:07.128+0000] {processor.py:178} INFO - Processing /opt/airflow/dags/1_first_dag.py took 0.158 seconds
[2026-09-21T04:10:33.793+0000] {processor.py:156} INFO - Started process (PID=3294) to work on /opt/airflow/dags/1_first_dag.py
[2026-09-21T04:10:33.795+0000] {processor.py:799} INFO - Processing file /opt/airflow/dags/1_first_dag.py for tasks to queue
[2026-09-21T04:10:33.796+0000] {logging_mixin.py:149} INFO - [2026-09-21T04:10:33.795+0000] {dagbag.py:541} INFO - Filling up the DagBag from /opt/airflow/dags/1_first_dag.py
[2026-09-21T04:10:33.801+0000] {processor.py:809} INFO - DAG(s) dict_keys(['1-miprimerdag']) retrieved from /opt/airflow/dags/1_first_dag.py
[2026-09-21T04:10:33.858+0000] {logging_mixin.py:149} INFO - [2026-09-21T04:10:33.858+0000] {dag.py:2726} INFO - Sync 1 DAGs
[2026-09-21T04:10:33.908+0000] {logging_mixin.py:149} INFO - [2026-09-21T04:10:33.906+0000] {dag.py:3490} INFO - Setting next_dagrun for 1-miprimerdag to None, run_after=None
[2026-09-21T04:10:33.993+0000] {processor.py:178} INFO - Processing /opt/airflow/dags/1_first_dag.py took 0.206 seconds
[2026-09-21T04:11:04.079+0000] {processor.py:156} INFO - Started process (PID=3304) to work on /opt/airflow/dags/1_first_dag.py
[2026-09-21T04:11:04.083+0000] {processor.py:799} INFO - Processing file /opt/airflow/dags/1_first_dag.py for tasks to queue
[2026-09-21T04:11:04.084+0000] {logging_mixin.py:149} INFO - [2026-09-21T04:11:04.083+0000] {dagbag.py:541} INFO - Filling up the DagBag from /opt/airflow/dags/1_first_dag.py
[2026-09-21T04:11:04.089+0000] {processor.py:809} INFO - DAG(s) dict_keys(['1-miprimerdag']) retrieved from /opt/airflow/dags/1_first_dag.py
[2026-09-21T04:11:04.144+0000] {logging_mixin.py:149} INFO - [2026-09-21T04:11:04.143+0000] {dag.py:2726} INFO - Sync 1 DAGs
[2026-09-21T04:11:04.183+0000] {logging_mixin.py:149} INFO - [2026-09-21T04:11:04.182+0000] {dag.py:3490} INFO - Setting next_dagrun for 1-miprimerdag to None, run_after=None
[2026-09-21T04:11:04.223+0000] {processor.py:178} INFO - Processing /opt/airflow/dags/1_first_dag.py took 0.150 seconds
[2026-09-21T04:11:34.512+0000] {processor.py:156} INFO - Started process (PID=3318) to work on /opt/airflow/dags/1_first_dag.py
[2026-09-21T04:11:34.521+0000] {processor.py:799} INFO - Processing file /opt/airflow/dags/1_first_dag.py for tasks to queue
[2026-09-21T04:11:34.522+0000] {logging_mixin.py:149} INFO - [2026-09-21T04:11:34.521+0000] {dagbag.py:541} INFO - Filling up the DagBag from /opt/airflow/dags/1_first_dag.py
[2026-09-21T04:11:34.531+0000] {processor.py:809} INFO - DAG(s) dict_keys(['1-miprimerdag']) retrieved from /opt/airflow/dags/1_first_dag.py
[2026-09-21T04:11:34.586+0000] {logging_mixin.py:149} INFO - [2026-09-21T04:11:34.585+0000] {dag.py:2726} INFO - Sync 1 DAGs
[2026-09-21T04:11:34.623+0000] {logging_mixin.py:149} INFO - [2026-09-21T04:11:34.623+0000] {dag.py:3490} INFO - Setting next_dagrun for 1-miprimerdag to None, run_after=None
[2026-09-21T04:11:34.669+0000] {processor.py:178} INFO - Processing /opt/airflow/dags/1_first_dag.py took 0.163 seconds
[2026-09-21T04:12:05.566+0000] {processor.py:156} INFO - Started process (PID=3332) to work on /opt/airflow/dags/1_first_dag.py
[2026-09-21T04:12:05.569+0000] {processor.py:799} INFO - Processing file /opt/airflow/dags/1_first_dag.py for tasks to queue
[2026-09-21T04:12:05.570+0000] {logging_mixin.py:149} INFO - [2026-09-21T04:12:05.570+0000] {dagbag.py:541} INFO - Filling up the DagBag from /opt/airflow/dags/1_first_dag.py
[2026-09-21T04:12:05.576+0000] {processor.py:809} INFO - DAG(s) dict_keys(['1-miprimerdag']) retrieved from /opt/airflow/dags/1_first_dag.py
[2026-09-21T04:12:05.632+0000] {logging_mixin.py:149} INFO - [2026-09-21T04:12:05.632+0000] {dag.py:2726} INFO - Sync 1 DAGs
[2026-09-21T04:12:05.675+0000] {logging_mixin.py:149} INFO - [2026-09-21T04:12:05.675+0000] {dag.py:3490} INFO - Setting next_dagrun for 1-miprimerdag to None, run_after=None
[2026-09-21T04:12:05.720+0000] {processor.py:178} INFO - Processing /opt/airflow/dags/1_first_dag.py took 0.159 seconds
[2026-09-21T04:12:36.817+0000] {processor.py:156} INFO - Started process (PID=3346) to work on /opt/airflow/dags/1_first_dag.py
[2026-09-21T04:12:36.825+0000] {processor.py:799} INFO - Processing file /opt/airflow/dags/1_first_dag.py for tasks to queue
[2026-09-21T04:12:36.826+0000] {logging_mixin.py:149} INFO - [2026-09-21T04:12:36.826+0000] {dagbag.py:541} INFO - Filling up the DagBag from /opt/airflow/dags/1_first_dag.py
[2026-09-21T04:12:36.849+0000] {processor.py:809} INFO - DAG(s) dict_keys(['1-miprimerdag']) retrieved from /opt/airflow/dags/1_first_dag.py
[2026-09-21T04:12:36.956+0000] {logging_mixin.py:149} INFO - [2026-09-21T04:12:36.956+0000] {dag.py:2726} INFO - Sync 1 DAGs
[2026-09-21T04:12:37.003+0000] {logging_mixin.py:149} INFO - [2026-09-21T04:12:37.002+0000] {dag.py:3490} INFO - Setting next_dagrun for 1-miprimerdag to None, run_after=None
[2026-09-21T04:12:37.065+0000] {processor.py:178} INFO - Processing /opt/airflow/dags/1_first_dag.py took 0.273 seconds
