[2026-09-21T00:00:24.857+0000] {processor.py:156} INFO - Started process (PID=3245) to work on /opt/airflow/dags/2_bash_operator.py
[2026-09-21T00:00:24.858+0000] {processor.py:799} INFO - Processing file /opt/airflow/dags/2_bash_operator.py for tasks to queue
[2026-09-21T00:00:24.859+0000] {logging_mixin.py:149} INFO - [2026-09-21T00:00:24.859+0000] {dagbag.py:541} INFO - Filling up the DagBag from /opt/airflow/dags/2_bash_operator.py
[2026-09-21T00:00:24.881+0000] {processor.py:809} INFO - DAG(s) dict_keys(['2-bashoperator']) retrieved from /opt/airflow/dags/2_bash_operator.py
[2026-09-21T00:00:24.939+0000] {logging_mixin.py:149} INFO - [2026-09-21T00:00:24.938+0000] {dag.py:2726} INFO - Sync 1 DAGs
[2026-09-21T00:00:24.990+0000] {logging_mixin.py:149} INFO - [2026-09-21T00:00:24.990+0000] {dag.py:3490} INFO - Setting next_dagrun for 2-bashoperator to 2026-09-21T00:00:00+00:00, run_after=2026-09-22T00:00:00+00:00
[2026-09-21T00:00:25.026+0000] {processor.py:178} INFO - Processing /opt/airflow/dags/2_bash_operator.py took 0.178 seconds
[2026-09-21T00:00:55.178+0000] {processor.py:156} INFO - Started process (PID=3255) to work on /opt/airflow/dags/2_bash_operator.py
[2026-09-21T00:00:55.187+0000] {processor.py:799} INFO - Processing file /opt/airflow/dags/2_bash_operator.py for tasks to queue
[2026-09-21T00:00:55.188+0000] {logging_mixin.py:149} INFO - [2026-09-21T00:00:55.188+0000] {dagbag.py:541} INFO - Filling up the DagBag from /opt/airflow/dags/2_bash_operator.py
[2026-09-21T00:00:55.222+0000] {processor.py:809} INFO - DAG(s) dict_keys(['2-bashoperator']) retrieved from /opt/airflow/dags/2_bash_operator.py
[2026-09-21T00:00:55.317+0000] {logging_mixin.py:149} INFO - [2026-09-21T00:00:55.316+0000] {dag.py:2726} INFO - Sync 1 DAGs
[2026-09-21T00:00:55.370+0000] {logging_mixin.py:149} INFO - [2026-09-21T00:00:55.370+0000] {dag.py:3490} INFO - Setting next_dagrun for 2-bashoperator to 2026-09-21T00:00:00+00:00, run_after=2026-09-22T00:00:00+00:00
[2026-09-21T00:00:55.417+0000] {processor.py:178} INFO - Processing /opt/airflow/dags/2_bash_operator.py took 0.249 seconds
[2026-09-21T00:01:25.548+0000] {processor.py:156} INFO - Started process (PID=3265) to work on /opt/airflow/dags/2_bash_operator.py
[2026-09-21T00:01:25.552+0000] {processor.py:799} INFO - Processing file /opt/airflow/dags/2_bash_operator.py for tasks to queue
[2026-09-21T00:01:25.553+0000] {logging_mixin.py:149} INFO - [2026-09-21T00:01:25.553+0000] {dagbag.py:541} INFO - Filling up the DagBag from /opt/airflow/dags/2_bash_operator.py
[2026-09-21T00:01:25.576+0000] {processor.py:809} INFO - DAG(s) dict_keys(['2-bashoperator']) retrieved from /opt/airflow/dags/2_bash_operator.py
[2026-09-21T00:01:25.644+0000] {logging_mixin.py:149} INFO - [2026-09-21T00:01:25.644+0000] {dag.py:2726} INFO - Sync 1 DAGs
[2026-09-21T00:01:25.706+0000] {logging_mixin.py:149} INFO - [2026-09-21T00:01:25.705+0000] {dag.py:3490} INFO - Setting next_dagrun for 2-bashoperator to 2026-09-21T00:00:00+00:00, run_after=2026-09-22T00:00:00+00:00
[2026-09-21T00:01:25.755+0000] {processor.py:178} INFO - Processing /opt/airflow/dags/2_bash_operator.py took 0.213 seconds
[2026-09-21T00:01:56.038+0000] {processor.py:156} INFO - Started process (PID=3275) to work on /opt/airflow/dags/2_bash_operator.py
[2026-09-21T00:01:56.041+0000] {processor.py:799} INFO - Processing file /opt/airflow/dags/2_bash_operator.py for tasks to queue
[2026-09-21T00:01:56.049+0000] {logging_mixin.py:149} INFO - [2026-09-21T00:01:56.048+0000] {dagbag.py:541} INFO - Filling up the DagBag from /opt/airflow/dags/2_bash_operator.py
[2026-09-21T00:01:56.072+0000] {processor.py:809} INFO - DAG(s) dict_keys(['2-bashoperator']) retrieved from /opt/airflow/dags/2_bash_operator.py
[2026-09-21T00:01:56.136+0000] {logging_mixin.py:149} INFO - [2026-09-21T00:01:56.136+0000] {dag.py:2726} INFO - Sync 1 DAGs
[2026-09-21T00:01:56.198+0000] {logging_mixin.py:149} INFO - [2026-09-21T00:01:56.198+0000] {dag.py:3490} INFO - Setting next_dagrun for 2-bashoperator to 2026-09-21T00:00:00+00:00, run_after=2026-09-22T00:00:00+00:00
[2026-09-21T00:01:56.277+0000] {processor.py:178} INFO - Processing /opt/airflow/dags/2_bash_operator.py took 0.248 seconds
[2026-09-21T00:02:26.434+0000] {processor.py:156} INFO - Started process (PID=3285) to work on /opt/airflow/dags/2_bash_operator.py
[2026-09-21T00:02:26.437+0000] {processor.py:799} INFO - Processing file /opt/airflow/dags/2_bash_operator.py for tasks to queue
[2026-09-21T00:02:26.438+0000] {logging_mixin.py:149} INFO - [2026-09-21T00:02:26.438+0000] {dagbag.py:541} INFO - Filling up the DagBag from /opt/airflow/dags/2_bash_operator.py
[2026-09-21T00:02:26.457+0000] {processor.py:809} INFO - DAG(s) dict_keys(['2-bashoperator']) retrieved from /opt/airflow/dags/2_bash_operator.py
[2026-09-21T00:02:26.518+0000] {logging_mixin.py:149} INFO - [2026-09-21T00:02:26.518+0000] {dag.py:2726} INFO - Sync 1 DAGs
[2026-09-21T00:02:26.560+0000] {logging_mixin.py:149} INFO - [2026-09-21T00:02:26.560+0000] {dag.py:3490} INFO - Setting next_dagrun for 2-bashoperator to 2026-09-21T00:00:00+00:00, run_after=2026-09-22T00:00:00+00:00
[2026-09-21T00:02:26.622+0000] {processor.py:178} INFO - Processing /opt/airflow/dags/2_bash_operator.py took 0.195 seconds
[2026-09-21T00:02:57.367+0000] {processor.py:156} INFO - Started process (PID=3295) to work on /opt/airflow/dags/2_bash_operator.py
[2026-09-21T00:02:57.370+0000] {processor.py:799} INFO - Processing file /opt/airflow/dags/2_bash_operator.py for tasks to queue
[2026-09-21T00:02:57.371+0000] {logging_mixin.py:149} INFO - [2026-09-21T00:02:57.370+0000] {dagbag.py:541} INFO - Filling up the DagBag from /opt/airflow/dags/2_bash_operator.py
[2026-09-21T00:02:57.391+0000] {processor.py:809} INFO - DAG(s) dict_keys(['2-bashoperator']) retrieved from /opt/airflow/dags/2_bash_operator.py
[2026-09-21T00:02:57.476+0000] {logging_mixin.py:149} INFO - [2026-09-21T00:02:57.475+0000] {dag.py:2726} INFO - Sync 1 DAGs
[2026-09-21T00:02:57.519+0000] {logging_mixin.py:149} INFO - [2026-09-21T00:02:57.519+0000] {dag.py:3490} INFO - Setting next_dagrun for 2-bashoperator to 2026-09-21T00:00:00+00:00, run_after=2026-09-22T00:00:00+00:00
[2026-09-21T00:02:57.565+0000] {processor.py:178} INFO - Processing /opt/airflow/dags/2_bash_operator.py took 0.203 seconds
[2026-09-21T00:03:27.627+0000] {processor.py:156} INFO - Started process (PID=3305) to work on /opt/airflow/dags/2_bash_operator.py
[2026-09-21T00:03:27.629+0000] {processor.py:799} INFO - Processing file /opt/airflow/dags/2_bash_operator.py for tasks to queue
[2026-09-21T00:03:27.630+0000] {logging_mixin.py:149} INFO - [2026-09-21T00:03:27.630+0000] {dagbag.py:541} INFO - Filling up the DagBag from /opt/airflow/dags/2_bash_operator.py
[2026-09-21T00:03:27.646+0000] {processor.py:809} INFO - DAG(s) dict_keys(['2-bashoperator']) retrieved from /opt/airflow/dags/2_bash_operator.py
[2026-09-21T00:03:27.735+0000] {logging_mixin.py:149} INFO - [2026-09-21T00:03:27.731+0000] {dag.py:2726} INFO - Sync 1 DAGs
[2026-09-21T00:03:27.858+0000] {logging_mixin.py:149} INFO - [2026-09-21T00:03:27.858+0000] {dag.py:3490} INFO - Setting next_dagrun for 2-bashoperator to 2026-09-21T00:00:00+00:00, run_after=2026-09-22T00:00:00+00:00
[2026-09-21T00:03:27.899+0000] {processor.py:178} INFO - Processing /opt/airflow/dags/2_bash_operator.py took 0.277 seconds
[2026-09-21T00:03:58.143+0000] {processor.py:156} INFO - Started process (PID=3315) to work on /opt/airflow/dags/2_bash_operator.py
[2026-09-21T00:03:58.146+0000] {processor.py:799} INFO - Processing file /opt/airflow/dags/2_bash_operator.py for tasks to queue
[2026-09-21T00:03:58.147+0000] {logging_mixin.py:149} INFO - [2026-09-21T00:03:58.147+0000] {dagbag.py:541} INFO - Filling up the DagBag from /opt/airflow/dags/2_bash_operator.py
[2026-09-21T00:03:58.164+0000] {processor.py:809} INFO - DAG(s) dict_keys(['2-bashoperator']) retrieved from /opt/airflow/dags/2_bash_operator.py
[2026-09-21T00:03:58.212+0000] {logging_mixin.py:149} INFO - [2026-09-21T00:03:58.212+0000] {dag.py:2726} INFO - Sync 1 DAGs
[2026-09-21T00:03:58.257+0000] {logging_mixin.py:149} INFO - [2026-09-21T00:03:58.257+0000] {dag.py:3490} INFO - Setting next_dagrun for 2-bashoperator to 2026-09-21T00:00:00+00:00, run_after=2026-09-22T00:00:00+00:00
[2026-09-21T00:03:58.304+0000] {processor.py:178} INFO - Processing /opt/airflow/dags/2_bash_operator.py took 0.168 seconds
[2026-09-21T00:04:29.084+0000] {processor.py:156} INFO - Started process (PID=3325) to work on /opt/airflow/dags/2_bash_operator.py
[2026-09-21T00:04:29.087+0000] {processor.py:799} INFO - Processing file /opt/airflow/dags/2_bash_operator.py for tasks to queue
[2026-09-21T00:04:29.088+0000] {logging_mixin.py:149} INFO - [2026-09-21T00:04:29.088+0000] {dagbag.py:541} INFO - Filling up the DagBag from /opt/airflow/dags/2_bash_operator.py
[2026-09-21T00:04:29.109+0000] {processor.py:809} INFO - DAG(s) dict_keys(['2-bashoperator']) retrieved from /opt/airflow/dags/2_bash_operator.py
[2026-09-21T00:04:29.262+0000] {logging_mixin.py:149} INFO - [2026-09-21T00:04:29.261+0000] {dag.py:2726} INFO - Sync 1 DAGs
[2026-09-21T00:04:29.469+0000] {logging_mixin.py:149} INFO - [2026-09-21T00:04:29.456+0000] {dag.py:3490} INFO - Setting next_dagrun for 2-bashoperator to 2026-09-21T00:00:00+00:00, run_after=2026-09-22T00:00:00+00:00
[2026-09-21T00:04:29.623+0000] {processor.py:178} INFO - Processing /opt/airflow/dags/2_bash_operator.py took 0.544 seconds
[2026-09-21T00:04:59.689+0000] {processor.py:156} INFO - Started process (PID=3335) to work on /opt/airflow/dags/2_bash_operator.py
[2026-09-21T00:04:59.693+0000] {processor.py:799} INFO - Processing file /opt/airflow/dags/2_bash_operator.py for tasks to queue
[2026-09-21T00:04:59.695+0000] {logging_mixin.py:149} INFO - [2026-09-21T00:04:59.694+0000] {dagbag.py:541} INFO - Filling up the DagBag from /opt/airflow/dags/2_bash_operator.py
[2026-09-21T00:04:59.725+0000] {processor.py:809} INFO - DAG(s) dict_keys(['2-bashoperator']) retrieved from /opt/airflow/dags/2_bash_operator.py
[2026-09-21T00:04:59.793+0000] {logging_mixin.py:149} INFO - [2026-09-21T00:04:59.793+0000] {dag.py:2726} INFO - Sync 1 DAGs
[2026-09-21T00:04:59.852+0000] {logging_mixin.py:149} INFO - [2026-09-21T00:04:59.851+0000] {dag.py:3490} INFO - Setting next_dagrun for 2-bashoperator to 2026-09-21T00:00:00+00:00, run_after=2026-09-22T00:00:00+00:00
[2026-09-21T00:04:59.895+0000] {processor.py:178} INFO - Processing /opt/airflow/dags/2_bash_operator.py took 0.215 seconds
[2026-09-21T00:05:30.628+0000] {processor.py:156} INFO - Started process (PID=3347) to work on /opt/airflow/dags/2_bash_operator.py
[2026-09-21T00:05:30.632+0000] {processor.py:799} INFO - Processing file /opt/airflow/dags/2_bash_operator.py for tasks to queue
[2026-09-21T00:05:30.633+0000] {logging_mixin.py:149} INFO - [2026-09-21T00:05:30.633+0000] {dagbag.py:541} INFO - Filling up the DagBag from /opt/airflow/dags/2_bash_operator.py
[2026-09-21T00:05:30.671+0000] {processor.py:809} INFO - DAG(s) dict_keys(['2-bashoperator']) retrieved from /opt/airflow/dags/2_bash_operator.py
[2026-09-21T00:05:30.750+0000] {logging_mixin.py:149} INFO - [2026-09-21T00:05:30.750+0000] {dag.py:2726} INFO - Sync 1 DAGs
[2026-09-21T00:05:30.804+0000] {logging_mixin.py:149} INFO - [2026-09-21T00:05:30.804+0000] {dag.py:3490} INFO - Setting next_dagrun for 2-bashoperator to 2026-09-21T00:00:00+00:00, run_after=2026-09-22T00:00:00+00:00
[2026-09-21T00:05:30.837+0000] {processor.py:178} INFO - Processing /opt/airflow/dags/2_bash_operator.py took 0.233 seconds
[2026-09-21T00:06:00.930+0000] {processor.py:156} INFO - Started process (PID=3357) to work on /opt/airflow/dags/2_bash_operator.py
[2026-09-21T00:06:00.932+0000] {processor.py:799} INFO - Processing file /opt/airflow/dags/2_bash_operator.py for tasks to queue
[2026-09-21T00:06:00.933+0000] {logging_mixin.py:149} INFO - [2026-09-21T00:06:00.933+0000] {dagbag.py:541} INFO - Filling up the DagBag from /opt/airflow/dags/2_bash_operator.py
[2026-09-21T00:06:00.948+0000] {processor.py:809} INFO - DAG(s) dict_keys(['2-bashoperator']) retrieved from /opt/airflow/dags/2_bash_operator.py
[2026-09-21T00:06:01.020+0000] {logging_mixin.py:149} INFO - [2026-09-21T00:06:01.020+0000] {dag.py:2726} INFO - Sync 1 DAGs
[2026-09-21T00:06:01.107+0000] {logging_mixin.py:149} INFO - [2026-09-21T00:06:01.106+0000] {dag.py:3490} INFO - Setting next_dagrun for 2-bashoperator to 2026-09-21T00:00:00+00:00, run_after=2026-09-22T00:00:00+00:00
[2026-09-21T00:06:01.169+0000] {processor.py:178} INFO - Processing /opt/airflow/dags/2_bash_operator.py took 0.247 seconds
[2026-09-21T00:06:31.246+0000] {processor.py:156} INFO - Started process (PID=3367) to work on /opt/airflow/dags/2_bash_operator.py
[2026-09-21T00:06:31.253+0000] {processor.py:799} INFO - Processing file /opt/airflow/dags/2_bash_operator.py for tasks to queue
[2026-09-21T00:06:31.255+0000] {logging_mixin.py:149} INFO - [2026-09-21T00:06:31.255+0000] {dagbag.py:541} INFO - Filling up the DagBag from /opt/airflow/dags/2_bash_operator.py
[2026-09-21T00:06:31.291+0000] {processor.py:809} INFO - DAG(s) dict_keys(['2-bashoperator']) retrieved from /opt/airflow/dags/2_bash_operator.py
[2026-09-21T00:06:31.394+0000] {logging_mixin.py:149} INFO - [2026-09-21T00:06:31.394+0000] {dag.py:2726} INFO - Sync 1 DAGs
[2026-09-21T00:06:31.440+0000] {logging_mixin.py:149} INFO - [2026-09-21T00:06:31.440+0000] {dag.py:3490} INFO - Setting next_dagrun for 2-bashoperator to 2026-09-21T00:00:00+00:00, run_after=2026-09-22T00:00:00+00:00
[2026-09-21T00:06:31.476+0000] {processor.py:178} INFO - Processing /opt/airflow/dags/2_bash_operator.py took 0.237 seconds
[2026-09-21T00:07:01.724+0000] {processor.py:156} INFO - Started process (PID=3377) to work on /opt/airflow/dags/2_bash_operator.py
[2026-09-21T00:07:01.735+0000] {processor.py:799} INFO - Processing file /opt/airflow/dags/2_bash_operator.py for tasks to queue
[2026-09-21T00:07:01.736+0000] {logging_mixin.py:149} INFO - [2026-09-21T00:07:01.736+0000] {dagbag.py:541} INFO - Filling up the DagBag from /opt/airflow/dags/2_bash_operator.py
[2026-09-21T00:07:01.791+0000] {processor.py:809} INFO - DAG(s) dict_keys(['2-bashoperator']) retrieved from /opt/airflow/dags/2_bash_operator.py
[2026-09-21T00:07:01.892+0000] {logging_mixin.py:149} INFO - [2026-09-21T00:07:01.892+0000] {dag.py:2726} INFO - Sync 1 DAGs
[2026-09-21T00:07:01.945+0000] {logging_mixin.py:149} INFO - [2026-09-21T00:07:01.945+0000] {dag.py:3490} INFO - Setting next_dagrun for 2-bashoperator to 2026-09-21T00:00:00+00:00, run_after=2026-09-22T00:00:00+00:00
[2026-09-21T00:07:01.982+0000] {processor.py:178} INFO - Processing /opt/airflow/dags/2_bash_operator.py took 0.271 seconds
[2026-09-21T00:07:32.073+0000] {processor.py:156} INFO - Started process (PID=3387) to work on /opt/airflow/dags/2_bash_operator.py
[2026-09-21T00:07:32.081+0000] {processor.py:799} INFO - Processing file /opt/airflow/dags/2_bash_operator.py for tasks to queue
[2026-09-21T00:07:32.086+0000] {logging_mixin.py:149} INFO - [2026-09-21T00:07:32.085+0000] {dagbag.py:541} INFO - Filling up the DagBag from /opt/airflow/dags/2_bash_operator.py
[2026-09-21T00:07:32.118+0000] {processor.py:809} INFO - DAG(s) dict_keys(['2-bashoperator']) retrieved from /opt/airflow/dags/2_bash_operator.py
[2026-09-21T00:07:32.192+0000] {logging_mixin.py:149} INFO - [2026-09-21T00:07:32.191+0000] {dag.py:2726} INFO - Sync 1 DAGs
[2026-09-21T00:07:32.262+0000] {logging_mixin.py:149} INFO - [2026-09-21T00:07:32.262+0000] {dag.py:3490} INFO - Setting next_dagrun for 2-bashoperator to 2026-09-21T00:00:00+00:00, run_after=2026-09-22T00:00:00+00:00
[2026-09-21T00:07:32.293+0000] {processor.py:178} INFO - Processing /opt/airflow/dags/2_bash_operator.py took 0.231 seconds
[2026-09-21T00:08:02.383+0000] {processor.py:156} INFO - Started process (PID=3397) to work on /opt/airflow/dags/2_bash_operator.py
[2026-09-21T00:08:02.385+0000] {processor.py:799} INFO - Processing file /opt/airflow/dags/2_bash_operator.py for tasks to queue
[2026-09-21T00:08:02.386+0000] {logging_mixin.py:149} INFO - [2026-09-21T00:08:02.386+0000] {dagbag.py:541} INFO - Filling up the DagBag from /opt/airflow/dags/2_bash_operator.py
[2026-09-21T00:08:02.410+0000] {processor.py:809} INFO - DAG(s) dict_keys(['2-bashoperator']) retrieved from /opt/airflow/dags/2_bash_operator.py
[2026-09-21T00:08:02.501+0000] {logging_mixin.py:149} INFO - [2026-09-21T00:08:02.501+0000] {dag.py:2726} INFO - Sync 1 DAGs
[2026-09-21T00:08:02.599+0000] {logging_mixin.py:149} INFO - [2026-09-21T00:08:02.599+0000] {dag.py:3490} INFO - Setting next_dagrun for 2-bashoperator to 2026-09-21T00:00:00+00:00, run_after=2026-09-22T00:00:00+00:00
[2026-09-21T00:08:02.686+0000] {processor.py:178} INFO - Processing /opt/airflow/dags/2_bash_operator.py took 0.310 seconds
[2026-09-21T00:08:32.772+0000] {processor.py:156} INFO - Started process (PID=3407) to work on /opt/airflow/dags/2_bash_operator.py
[2026-09-21T00:08:32.780+0000] {processor.py:799} INFO - Processing file /opt/airflow/dags/2_bash_operator.py for tasks to queue
[2026-09-21T00:08:32.781+0000] {logging_mixin.py:149} INFO - [2026-09-21T00:08:32.781+0000] {dagbag.py:541} INFO - Filling up the DagBag from /opt/airflow/dags/2_bash_operator.py
[2026-09-21T00:08:32.799+0000] {processor.py:809} INFO - DAG(s) dict_keys(['2-bashoperator']) retrieved from /opt/airflow/dags/2_bash_operator.py
[2026-09-21T00:08:32.891+0000] {logging_mixin.py:149} INFO - [2026-09-21T00:08:32.891+0000] {dag.py:2726} INFO - Sync 1 DAGs
[2026-09-21T00:08:32.953+0000] {logging_mixin.py:149} INFO - [2026-09-21T00:08:32.953+0000] {dag.py:3490} INFO - Setting next_dagrun for 2-bashoperator to 2026-09-21T00:00:00+00:00, run_after=2026-09-22T00:00:00+00:00
[2026-09-21T00:08:33.008+0000] {processor.py:178} INFO - Processing /opt/airflow/dags/2_bash_operator.py took 0.244 seconds
[2026-09-21T00:09:03.269+0000] {processor.py:156} INFO - Started process (PID=3417) to work on /opt/airflow/dags/2_bash_operator.py
[2026-09-21T00:09:03.271+0000] {processor.py:799} INFO - Processing file /opt/airflow/dags/2_bash_operator.py for tasks to queue
[2026-09-21T00:09:03.272+0000] {logging_mixin.py:149} INFO - [2026-09-21T00:09:03.272+0000] {dagbag.py:541} INFO - Filling up the DagBag from /opt/airflow/dags/2_bash_operator.py
[2026-09-21T00:09:03.288+0000] {processor.py:809} INFO - DAG(s) dict_keys(['2-bashoperator']) retrieved from /opt/airflow/dags/2_bash_operator.py
[2026-09-21T00:09:03.344+0000] {logging_mixin.py:149} INFO - [2026-09-21T00:09:03.343+0000] {dag.py:2726} INFO - Sync 1 DAGs
[2026-09-21T00:09:03.387+0000] {logging_mixin.py:149} INFO - [2026-09-21T00:09:03.387+0000] {dag.py:3490} INFO - Setting next_dagrun for 2-bashoperator to 2026-09-21T00:00:00+00:00, run_after=2026-09-22T00:00:00+00:00
[2026-09-21T00:09:03.421+0000] {processor.py:178} INFO - Processing /opt/airflow/dags/2_bash_operator.py took 0.157 seconds
[2026-09-21T00:09:33.599+0000] {processor.py:156} INFO - Started process (PID=3427) to work on /opt/airflow/dags/2_bash_operator.py
[2026-09-21T00:09:33.608+0000] {processor.py:799} INFO - Processing file /opt/airflow/dags/2_bash_operator.py for tasks to queue
[2026-09-21T00:09:33.609+0000] {logging_mixin.py:149} INFO - [2026-09-21T00:09:33.609+0000] {dagbag.py:541} INFO - Filling up the DagBag from /opt/airflow/dags/2_bash_operator.py
[2026-09-21T00:09:33.666+0000] {processor.py:809} INFO - DAG(s) dict_keys(['2-bashoperator']) retrieved from /opt/airflow/dags/2_bash_operator.py
[2026-09-21T00:09:33.719+0000] {logging_mixin.py:149} INFO - [2026-09-21T00:09:33.719+0000] {dag.py:2726} INFO - Sync 1 DAGs
[2026-09-21T00:09:33.769+0000] {logging_mixin.py:149} INFO - [2026-09-21T00:09:33.769+0000] {dag.py:3490} INFO - Setting next_dagrun for 2-bashoperator to 2026-09-21T00:00:00+00:00, run_after=2026-09-22T00:00:00+00:00
[2026-09-21T00:09:33.806+0000] {processor.py:178} INFO - Processing /opt/airflow/dags/2_bash_operator.py took 0.219 seconds
[2026-09-21T00:10:03.958+0000] {processor.py:156} INFO - Started process (PID=3437) to work on /opt/airflow/dags/2_bash_operator.py
[2026-09-21T00:10:03.965+0000] {processor.py:799} INFO - Processing file /opt/airflow/dags/2_bash_operator.py for tasks to queue
[2026-09-21T00:10:03.967+0000] {logging_mixin.py:149} INFO - [2026-09-21T00:10:03.966+0000] {dagbag.py:541} INFO - Filling up the DagBag from /opt/airflow/dags/2_bash_operator.py
[2026-09-21T00:10:03.988+0000] {processor.py:809} INFO - DAG(s) dict_keys(['2-bashoperator']) retrieved from /opt/airflow/dags/2_bash_operator.py
[2026-09-21T00:10:04.037+0000] {logging_mixin.py:149} INFO - [2026-09-21T00:10:04.037+0000] {dag.py:2726} INFO - Sync 1 DAGs
[2026-09-21T00:10:04.096+0000] {logging_mixin.py:149} INFO - [2026-09-21T00:10:04.095+0000] {dag.py:3490} INFO - Setting next_dagrun for 2-bashoperator to 2026-09-21T00:00:00+00:00, run_after=2026-09-22T00:00:00+00:00
[2026-09-21T00:10:04.129+0000] {processor.py:178} INFO - Processing /opt/airflow/dags/2_bash_operator.py took 0.177 seconds
[2026-09-21T00:10:34.229+0000] {processor.py:156} INFO - Started process (PID=3447) to work on /opt/airflow/dags/2_bash_operator.py
[2026-09-21T00:10:34.231+0000] {processor.py:799} INFO - Processing file /opt/airflow/dags/2_bash_operator.py for tasks to queue
[2026-09-21T00:10:34.232+0000] {logging_mixin.py:149} INFO - [2026-09-21T00:10:34.232+0000] {dagbag.py:541} INFO - Filling up the DagBag from /opt/airflow/dags/2_bash_operator.py
[2026-09-21T00:10:34.248+0000] {processor.py:809} INFO - DAG(s) dict_keys(['2-bashoperator']) retrieved from /opt/airflow/dags/2_bash_operator.py
[2026-09-21T00:10:34.306+0000] {logging_mixin.py:149} INFO - [2026-09-21T00:10:34.306+0000] {dag.py:2726} INFO - Sync 1 DAGs
[2026-09-21T00:10:34.346+0000] {logging_mixin.py:149} INFO - [2026-09-21T00:10:34.345+0000] {dag.py:3490} INFO - Setting next_dagrun for 2-bashoperator to 2026-09-21T00:00:00+00:00, run_after=2026-09-22T00:00:00+00:00
[2026-09-21T00:10:34.382+0000] {processor.py:178} INFO - Processing /opt/airflow/dags/2_bash_operator.py took 0.160 seconds
[2026-09-21T00:11:04.480+0000] {processor.py:156} INFO - Started process (PID=3457) to work on /opt/airflow/dags/2_bash_operator.py
[2026-09-21T00:11:04.483+0000] {processor.py:799} INFO - Processing file /opt/airflow/dags/2_bash_operator.py for tasks to queue
[2026-09-21T00:11:04.484+0000] {logging_mixin.py:149} INFO - [2026-09-21T00:11:04.484+0000] {dagbag.py:541} INFO - Filling up the DagBag from /opt/airflow/dags/2_bash_operator.py
[2026-09-21T00:11:04.505+0000] {processor.py:809} INFO - DAG(s) dict_keys(['2-bashoperator']) retrieved from /opt/airflow/dags/2_bash_operator.py
[2026-09-21T00:11:04.553+0000] {logging_mixin.py:149} INFO - [2026-09-21T00:11:04.552+0000] {dag.py:2726} INFO - Sync 1 DAGs
[2026-09-21T00:11:04.597+0000] {logging_mixin.py:149} INFO - [2026-09-21T00:11:04.597+0000] {dag.py:3490} INFO - Setting next_dagrun for 2-bashoperator to 2026-09-21T00:00:00+00:00, run_after=2026-09-22T00:00:00+00:00
[2026-09-21T00:11:04.640+0000] {processor.py:178} INFO - Processing /opt/airflow/dags/2_bash_operator.py took 0.165 seconds
[2026-09-21T00:11:34.715+0000] {processor.py:156} INFO - Started process (PID=3465) to work on /opt/airflow/dags/2_bash_operator.py
[2026-09-21T00:11:34.718+0000] {processor.py:799} INFO - Processing file /opt/airflow/dags/2_bash_operator.py for tasks to queue
[2026-09-21T00:11:34.719+0000] {logging_mixin.py:149} INFO - [2026-09-21T00:11:34.719+0000] {dagbag.py:541} INFO - Filling up the DagBag from /opt/airflow/dags/2_bash_operator.py
[2026-09-21T00:11:34.736+0000] {processor.py:809} INFO - DAG(s) dict_keys(['2-bashoperator']) retrieved from /opt/airflow/dags/2_bash_operator.py
[2026-09-21T00:11:34.822+0000] {logging_mixin.py:149} INFO - [2026-09-21T00:11:34.822+0000] {dag.py:2726} INFO - Sync 1 DAGs
[2026-09-21T00:11:34.870+0000] {logging_mixin.py:149} INFO - [2026-09-21T00:11:34.870+0000] {dag.py:3490} INFO - Setting next_dagrun for 2-bashoperator to 2026-09-21T00:00:00+00:00, run_after=2026-09-22T00:00:00+00:00
[2026-09-21T00:11:34.899+0000] {processor.py:178} INFO - Processing /opt/airflow/dags/2_bash_operator.py took 0.193 seconds
[2026-09-21T00:12:05.881+0000] {processor.py:156} INFO - Started process (PID=3477) to work on /opt/airflow/dags/2_bash_operator.py
[2026-09-21T00:12:05.883+0000] {processor.py:799} INFO - Processing file /opt/airflow/dags/2_bash_operator.py for tasks to queue
[2026-09-21T00:12:05.885+0000] {logging_mixin.py:149} INFO - [2026-09-21T00:12:05.885+0000] {dagbag.py:541} INFO - Filling up the DagBag from /opt/airflow/dags/2_bash_operator.py
[2026-09-21T00:12:05.898+0000] {processor.py:809} INFO - DAG(s) dict_keys(['2-bashoperator']) retrieved from /opt/airflow/dags/2_bash_operator.py
[2026-09-21T00:12:05.944+0000] {logging_mixin.py:149} INFO - [2026-09-21T00:12:05.944+0000] {dag.py:2726} INFO - Sync 1 DAGs
[2026-09-21T00:12:05.976+0000] {logging_mixin.py:149} INFO - [2026-09-21T00:12:05.976+0000] {dag.py:3490} INFO - Setting next_dagrun for 2-bashoperator to 2026-09-21T00:00:00+00:00, run_after=2026-09-22T00:00:00+00:00
[2026-09-21T00:12:06.004+0000] {processor.py:178} INFO - Processing /opt/airflow/dags/2_bash_operator.py took 0.128 seconds
[2026-09-21T00:12:36.763+0000] {processor.py:156} INFO - Started process (PID=3487) to work on /opt/airflow/dags/2_bash_operator.py
[2026-09-21T00:12:36.766+0000] {processor.py:799} INFO - Processing file /opt/airflow/dags/2_bash_operator.py for tasks to queue
[2026-09-21T00:12:36.770+0000] {logging_mixin.py:149} INFO - [2026-09-21T00:12:36.769+0000] {dagbag.py:541} INFO - Filling up the DagBag from /opt/airflow/dags/2_bash_operator.py
[2026-09-21T00:12:36.797+0000] {processor.py:809} INFO - DAG(s) dict_keys(['2-bashoperator']) retrieved from /opt/airflow/dags/2_bash_operator.py
[2026-09-21T00:12:36.856+0000] {logging_mixin.py:149} INFO - [2026-09-21T00:12:36.855+0000] {dag.py:2726} INFO - Sync 1 DAGs
[2026-09-21T00:12:36.900+0000] {logging_mixin.py:149} INFO - [2026-09-21T00:12:36.900+0000] {dag.py:3490} INFO - Setting next_dagrun for 2-bashoperator to 2026-09-21T00:00:00+00:00, run_after=2026-09-22T00:00:00+00:00
[2026-09-21T00:12:36.942+0000] {processor.py:178} INFO - Processing /opt/airflow/dags/2_bash_operator.py took 0.189 seconds
[2026-09-21T00:13:07.830+0000] {processor.py:156} INFO - Started process (PID=3497) to work on /opt/airflow/dags/2_bash_operator.py
[2026-09-21T00:13:07.832+0000] {processor.py:799} INFO - Processing file /opt/airflow/dags/2_bash_operator.py for tasks to queue
[2026-09-21T00:13:07.833+0000] {logging_mixin.py:149} INFO - [2026-09-21T00:13:07.833+0000] {dagbag.py:541} INFO - Filling up the DagBag from /opt/airflow/dags/2_bash_operator.py
[2026-09-21T00:13:07.855+0000] {processor.py:809} INFO - DAG(s) dict_keys(['2-bashoperator']) retrieved from /opt/airflow/dags/2_bash_operator.py
[2026-09-21T00:13:07.946+0000] {logging_mixin.py:149} INFO - [2026-09-21T00:13:07.946+0000] {dag.py:2726} INFO - Sync 1 DAGs
[2026-09-21T00:13:08.003+0000] {logging_mixin.py:149} INFO - [2026-09-21T00:13:08.003+0000] {dag.py:3490} INFO - Setting next_dagrun for 2-bashoperator to 2026-09-21T00:00:00+00:00, run_after=2026-09-22T00:00:00+00:00
[2026-09-21T00:13:08.043+0000] {processor.py:178} INFO - Processing /opt/airflow/dags/2_bash_operator.py took 0.220 seconds
[2026-09-21T00:13:38.156+0000] {processor.py:156} INFO - Started process (PID=3507) to work on /opt/airflow/dags/2_bash_operator.py
[2026-09-21T00:13:38.159+0000] {processor.py:799} INFO - Processing file /opt/airflow/dags/2_bash_operator.py for tasks to queue
[2026-09-21T00:13:38.160+0000] {logging_mixin.py:149} INFO - [2026-09-21T00:13:38.160+0000] {dagbag.py:541} INFO - Filling up the DagBag from /opt/airflow/dags/2_bash_operator.py
[2026-09-21T00:13:38.176+0000] {processor.py:809} INFO - DAG(s) dict_keys(['2-bashoperator']) retrieved from /opt/airflow/dags/2_bash_operator.py
[2026-09-21T00:13:38.234+0000] {logging_mixin.py:149} INFO - [2026-09-21T00:13:38.234+0000] {dag.py:2726} INFO - Sync 1 DAGs
[2026-09-21T00:13:38.280+0000] {logging_mixin.py:149} INFO - [2026-09-21T00:13:38.279+0000] {dag.py:3490} INFO - Setting next_dagrun for 2-bashoperator to 2026-09-21T00:00:00+00:00, run_after=2026-09-22T00:00:00+00:00
[2026-09-21T00:13:38.317+0000] {processor.py:178} INFO - Processing /opt/airflow/dags/2_bash_operator.py took 0.166 seconds
[2026-09-21T00:14:08.500+0000] {processor.py:156} INFO - Started process (PID=3517) to work on /opt/airflow/dags/2_bash_operator.py
[2026-09-21T00:14:08.505+0000] {processor.py:799} INFO - Processing file /opt/airflow/dags/2_bash_operator.py for tasks to queue
[2026-09-21T00:14:08.506+0000] {logging_mixin.py:149} INFO - [2026-09-21T00:14:08.505+0000] {dagbag.py:541} INFO - Filling up the DagBag from /opt/airflow/dags/2_bash_operator.py
[2026-09-21T00:14:08.522+0000] {processor.py:809} INFO - DAG(s) dict_keys(['2-bashoperator']) retrieved from /opt/airflow/dags/2_bash_operator.py
[2026-09-21T00:14:08.599+0000] {logging_mixin.py:149} INFO - [2026-09-21T00:14:08.599+0000] {dag.py:2726} INFO - Sync 1 DAGs
[2026-09-21T00:14:08.678+0000] {logging_mixin.py:149} INFO - [2026-09-21T00:14:08.678+0000] {dag.py:3490} INFO - Setting next_dagrun for 2-bashoperator to 2026-09-21T00:00:00+00:00, run_after=2026-09-22T00:00:00+00:00
[2026-09-21T00:14:08.720+0000] {processor.py:178} INFO - Processing /opt/airflow/dags/2_bash_operator.py took 0.226 seconds
[2026-09-21T00:14:38.791+0000] {processor.py:156} INFO - Started process (PID=3526) to work on /opt/airflow/dags/2_bash_operator.py
[2026-09-21T00:14:38.795+0000] {processor.py:799} INFO - Processing file /opt/airflow/dags/2_bash_operator.py for tasks to queue
[2026-09-21T00:14:38.796+0000] {logging_mixin.py:149} INFO - [2026-09-21T00:14:38.796+0000] {dagbag.py:541} INFO - Filling up the DagBag from /opt/airflow/dags/2_bash_operator.py
[2026-09-21T00:14:38.820+0000] {processor.py:809} INFO - DAG(s) dict_keys(['2-bashoperator']) retrieved from /opt/airflow/dags/2_bash_operator.py
[2026-09-21T00:14:38.870+0000] {logging_mixin.py:149} INFO - [2026-09-21T00:14:38.869+0000] {dag.py:2726} INFO - Sync 1 DAGs
[2026-09-21T00:14:38.934+0000] {logging_mixin.py:149} INFO - [2026-09-21T00:14:38.934+0000] {dag.py:3490} INFO - Setting next_dagrun for 2-bashoperator to 2026-09-21T00:00:00+00:00, run_after=2026-09-22T00:00:00+00:00
[2026-09-21T00:14:38.996+0000] {processor.py:178} INFO - Processing /opt/airflow/dags/2_bash_operator.py took 0.220 seconds
[2026-09-21T00:15:09.320+0000] {processor.py:156} INFO - Started process (PID=3536) to work on /opt/airflow/dags/2_bash_operator.py
[2026-09-21T00:15:09.332+0000] {processor.py:799} INFO - Processing file /opt/airflow/dags/2_bash_operator.py for tasks to queue
[2026-09-21T00:15:09.333+0000] {logging_mixin.py:149} INFO - [2026-09-21T00:15:09.333+0000] {dagbag.py:541} INFO - Filling up the DagBag from /opt/airflow/dags/2_bash_operator.py
[2026-09-21T00:15:09.354+0000] {processor.py:809} INFO - DAG(s) dict_keys(['2-bashoperator']) retrieved from /opt/airflow/dags/2_bash_operator.py
[2026-09-21T00:15:09.408+0000] {logging_mixin.py:149} INFO - [2026-09-21T00:15:09.407+0000] {dag.py:2726} INFO - Sync 1 DAGs
[2026-09-21T00:15:09.449+0000] {logging_mixin.py:149} INFO - [2026-09-21T00:15:09.448+0000] {dag.py:3490} INFO - Setting next_dagrun for 2-bashoperator to 2026-09-21T00:00:00+00:00, run_after=2026-09-22T00:00:00+00:00
[2026-09-21T00:15:09.493+0000] {processor.py:178} INFO - Processing /opt/airflow/dags/2_bash_operator.py took 0.178 seconds
[2026-09-21T00:15:39.546+0000] {processor.py:156} INFO - Started process (PID=3546) to work on /opt/airflow/dags/2_bash_operator.py
[2026-09-21T00:15:39.549+0000] {processor.py:799} INFO - Processing file /opt/airflow/dags/2_bash_operator.py for tasks to queue
[2026-09-21T00:15:39.550+0000] {logging_mixin.py:149} INFO - [2026-09-21T00:15:39.550+0000] {dagbag.py:541} INFO - Filling up the DagBag from /opt/airflow/dags/2_bash_operator.py
[2026-09-21T00:15:39.568+0000] {processor.py:809} INFO - DAG(s) dict_keys(['2-bashoperator']) retrieved from /opt/airflow/dags/2_bash_operator.py
[2026-09-21T00:15:39.627+0000] {logging_mixin.py:149} INFO - [2026-09-21T00:15:39.627+0000] {dag.py:2726} INFO - Sync 1 DAGs
[2026-09-21T00:15:39.673+0000] {logging_mixin.py:149} INFO - [2026-09-21T00:15:39.672+0000] {dag.py:3490} INFO - Setting next_dagrun for 2-bashoperator to 2026-09-21T00:00:00+00:00, run_after=2026-09-22T00:00:00+00:00
[2026-09-21T00:15:39.704+0000] {processor.py:178} INFO - Processing /opt/airflow/dags/2_bash_operator.py took 0.163 seconds
[2026-09-21T00:16:09.940+0000] {processor.py:156} INFO - Started process (PID=3556) to work on /opt/airflow/dags/2_bash_operator.py
[2026-09-21T00:16:09.947+0000] {processor.py:799} INFO - Processing file /opt/airflow/dags/2_bash_operator.py for tasks to queue
[2026-09-21T00:16:09.949+0000] {logging_mixin.py:149} INFO - [2026-09-21T00:16:09.948+0000] {dagbag.py:541} INFO - Filling up the DagBag from /opt/airflow/dags/2_bash_operator.py
[2026-09-21T00:16:09.977+0000] {processor.py:809} INFO - DAG(s) dict_keys(['2-bashoperator']) retrieved from /opt/airflow/dags/2_bash_operator.py
[2026-09-21T00:16:10.037+0000] {logging_mixin.py:149} INFO - [2026-09-21T00:16:10.036+0000] {dag.py:2726} INFO - Sync 1 DAGs
[2026-09-21T00:16:10.083+0000] {logging_mixin.py:149} INFO - [2026-09-21T00:16:10.083+0000] {dag.py:3490} INFO - Setting next_dagrun for 2-bashoperator to 2026-09-21T00:00:00+00:00, run_after=2026-09-22T00:00:00+00:00
[2026-09-21T00:16:10.144+0000] {processor.py:178} INFO - Processing /opt/airflow/dags/2_bash_operator.py took 0.221 seconds
[2026-09-21T00:16:40.318+0000] {processor.py:156} INFO - Started process (PID=3566) to work on /opt/airflow/dags/2_bash_operator.py
[2026-09-21T00:16:40.326+0000] {processor.py:799} INFO - Processing file /opt/airflow/dags/2_bash_operator.py for tasks to queue
[2026-09-21T00:16:40.328+0000] {logging_mixin.py:149} INFO - [2026-09-21T00:16:40.327+0000] {dagbag.py:541} INFO - Filling up the DagBag from /opt/airflow/dags/2_bash_operator.py
[2026-09-21T00:16:40.343+0000] {processor.py:809} INFO - DAG(s) dict_keys(['2-bashoperator']) retrieved from /opt/airflow/dags/2_bash_operator.py
[2026-09-21T00:16:40.387+0000] {logging_mixin.py:149} INFO - [2026-09-21T00:16:40.387+0000] {dag.py:2726} INFO - Sync 1 DAGs
[2026-09-21T00:16:40.422+0000] {logging_mixin.py:149} INFO - [2026-09-21T00:16:40.422+0000] {dag.py:3490} INFO - Setting next_dagrun for 2-bashoperator to 2026-09-21T00:00:00+00:00, run_after=2026-09-22T00:00:00+00:00
[2026-09-21T00:16:40.446+0000] {processor.py:178} INFO - Processing /opt/airflow/dags/2_bash_operator.py took 0.134 seconds
[2026-09-21T00:17:11.267+0000] {processor.py:156} INFO - Started process (PID=3576) to work on /opt/airflow/dags/2_bash_operator.py
[2026-09-21T00:17:11.270+0000] {processor.py:799} INFO - Processing file /opt/airflow/dags/2_bash_operator.py for tasks to queue
[2026-09-21T00:17:11.271+0000] {logging_mixin.py:149} INFO - [2026-09-21T00:17:11.271+0000] {dagbag.py:541} INFO - Filling up the DagBag from /opt/airflow/dags/2_bash_operator.py
[2026-09-21T00:17:11.296+0000] {processor.py:809} INFO - DAG(s) dict_keys(['2-bashoperator']) retrieved from /opt/airflow/dags/2_bash_operator.py
[2026-09-21T00:17:11.372+0000] {logging_mixin.py:149} INFO - [2026-09-21T00:17:11.372+0000] {dag.py:2726} INFO - Sync 1 DAGs
[2026-09-21T00:17:11.429+0000] {logging_mixin.py:149} INFO - [2026-09-21T00:17:11.428+0000] {dag.py:3490} INFO - Setting next_dagrun for 2-bashoperator to 2026-09-21T00:00:00+00:00, run_after=2026-09-22T00:00:00+00:00
[2026-09-21T00:17:11.464+0000] {processor.py:178} INFO - Processing /opt/airflow/dags/2_bash_operator.py took 0.204 seconds
[2026-09-21T00:17:42.013+0000] {processor.py:156} INFO - Started process (PID=3587) to work on /opt/airflow/dags/2_bash_operator.py
[2026-09-21T00:17:42.015+0000] {processor.py:799} INFO - Processing file /opt/airflow/dags/2_bash_operator.py for tasks to queue
[2026-09-21T00:17:42.019+0000] {logging_mixin.py:149} INFO - [2026-09-21T00:17:42.019+0000] {dagbag.py:541} INFO - Filling up the DagBag from /opt/airflow/dags/2_bash_operator.py
[2026-09-21T00:17:42.043+0000] {processor.py:809} INFO - DAG(s) dict_keys(['2-bashoperator']) retrieved from /opt/airflow/dags/2_bash_operator.py
[2026-09-21T00:17:42.107+0000] {logging_mixin.py:149} INFO - [2026-09-21T00:17:42.106+0000] {dag.py:2726} INFO - Sync 1 DAGs
[2026-09-21T00:17:42.146+0000] {logging_mixin.py:149} INFO - [2026-09-21T00:17:42.146+0000] {dag.py:3490} INFO - Setting next_dagrun for 2-bashoperator to 2026-09-21T00:00:00+00:00, run_after=2026-09-22T00:00:00+00:00
[2026-09-21T00:17:42.175+0000] {processor.py:178} INFO - Processing /opt/airflow/dags/2_bash_operator.py took 0.167 seconds
[2026-09-21T00:18:13.206+0000] {processor.py:156} INFO - Started process (PID=3597) to work on /opt/airflow/dags/2_bash_operator.py
[2026-09-21T00:18:13.217+0000] {processor.py:799} INFO - Processing file /opt/airflow/dags/2_bash_operator.py for tasks to queue
[2026-09-21T00:18:13.222+0000] {logging_mixin.py:149} INFO - [2026-09-21T00:18:13.220+0000] {dagbag.py:541} INFO - Filling up the DagBag from /opt/airflow/dags/2_bash_operator.py
[2026-09-21T00:18:13.271+0000] {processor.py:809} INFO - DAG(s) dict_keys(['2-bashoperator']) retrieved from /opt/airflow/dags/2_bash_operator.py
[2026-09-21T00:18:13.358+0000] {logging_mixin.py:149} INFO - [2026-09-21T00:18:13.357+0000] {dag.py:2726} INFO - Sync 1 DAGs
[2026-09-21T00:18:13.423+0000] {logging_mixin.py:149} INFO - [2026-09-21T00:18:13.422+0000] {dag.py:3490} INFO - Setting next_dagrun for 2-bashoperator to 2026-09-21T00:00:00+00:00, run_after=2026-09-22T00:00:00+00:00
[2026-09-21T00:18:13.456+0000] {processor.py:178} INFO - Processing /opt/airflow/dags/2_bash_operator.py took 0.262 seconds
[2026-09-21T00:18:43.507+0000] {processor.py:156} INFO - Started process (PID=3607) to work on /opt/airflow/dags/2_bash_operator.py
[2026-09-21T00:18:43.512+0000] {processor.py:799} INFO - Processing file /opt/airflow/dags/2_bash_operator.py for tasks to queue
[2026-09-21T00:18:43.513+0000] {logging_mixin.py:149} INFO - [2026-09-21T00:18:43.513+0000] {dagbag.py:541} INFO - Filling up the DagBag from /opt/airflow/dags/2_bash_operator.py
[2026-09-21T00:18:43.530+0000] {processor.py:809} INFO - DAG(s) dict_keys(['2-bashoperator']) retrieved from /opt/airflow/dags/2_bash_operator.py
[2026-09-21T00:18:43.578+0000] {logging_mixin.py:149} INFO - [2026-09-21T00:18:43.578+0000] {dag.py:2726} INFO - Sync 1 DAGs
[2026-09-21T00:18:43.637+0000] {logging_mixin.py:149} INFO - [2026-09-21T00:18:43.637+0000] {dag.py:3490} INFO - Setting next_dagrun for 2-bashoperator to 2026-09-21T00:00:00+00:00, run_after=2026-09-22T00:00:00+00:00
[2026-09-21T00:18:43.666+0000] {processor.py:178} INFO - Processing /opt/airflow/dags/2_bash_operator.py took 0.165 seconds
[2026-09-21T00:19:13.982+0000] {processor.py:156} INFO - Started process (PID=3617) to work on /opt/airflow/dags/2_bash_operator.py
[2026-09-21T00:19:13.985+0000] {processor.py:799} INFO - Processing file /opt/airflow/dags/2_bash_operator.py for tasks to queue
[2026-09-21T00:19:13.986+0000] {logging_mixin.py:149} INFO - [2026-09-21T00:19:13.986+0000] {dagbag.py:541} INFO - Filling up the DagBag from /opt/airflow/dags/2_bash_operator.py
[2026-09-21T00:19:14.019+0000] {processor.py:809} INFO - DAG(s) dict_keys(['2-bashoperator']) retrieved from /opt/airflow/dags/2_bash_operator.py
[2026-09-21T00:19:14.119+0000] {logging_mixin.py:149} INFO - [2026-09-21T00:19:14.119+0000] {dag.py:2726} INFO - Sync 1 DAGs
[2026-09-21T00:19:14.178+0000] {logging_mixin.py:149} INFO - [2026-09-21T00:19:14.177+0000] {dag.py:3490} INFO - Setting next_dagrun for 2-bashoperator to 2026-09-21T00:00:00+00:00, run_after=2026-09-22T00:00:00+00:00
[2026-09-21T00:19:14.253+0000] {processor.py:178} INFO - Processing /opt/airflow/dags/2_bash_operator.py took 0.278 seconds
[2026-09-21T00:19:44.308+0000] {processor.py:156} INFO - Started process (PID=3626) to work on /opt/airflow/dags/2_bash_operator.py
[2026-09-21T00:19:44.315+0000] {processor.py:799} INFO - Processing file /opt/airflow/dags/2_bash_operator.py for tasks to queue
[2026-09-21T00:19:44.317+0000] {logging_mixin.py:149} INFO - [2026-09-21T00:19:44.317+0000] {dagbag.py:541} INFO - Filling up the DagBag from /opt/airflow/dags/2_bash_operator.py
[2026-09-21T00:19:44.336+0000] {processor.py:809} INFO - DAG(s) dict_keys(['2-bashoperator']) retrieved from /opt/airflow/dags/2_bash_operator.py
[2026-09-21T00:19:44.425+0000] {logging_mixin.py:149} INFO - [2026-09-21T00:19:44.424+0000] {dag.py:2726} INFO - Sync 1 DAGs
[2026-09-21T00:19:44.467+0000] {logging_mixin.py:149} INFO - [2026-09-21T00:19:44.467+0000] {dag.py:3490} INFO - Setting next_dagrun for 2-bashoperator to 2026-09-21T00:00:00+00:00, run_after=2026-09-22T00:00:00+00:00
[2026-09-21T00:19:44.504+0000] {processor.py:178} INFO - Processing /opt/airflow/dags/2_bash_operator.py took 0.204 seconds
[2026-09-21T00:20:14.721+0000] {processor.py:156} INFO - Started process (PID=3636) to work on /opt/airflow/dags/2_bash_operator.py
[2026-09-21T00:20:14.729+0000] {processor.py:799} INFO - Processing file /opt/airflow/dags/2_bash_operator.py for tasks to queue
[2026-09-21T00:20:14.730+0000] {logging_mixin.py:149} INFO - [2026-09-21T00:20:14.730+0000] {dagbag.py:541} INFO - Filling up the DagBag from /opt/airflow/dags/2_bash_operator.py
[2026-09-21T00:20:14.749+0000] {processor.py:809} INFO - DAG(s) dict_keys(['2-bashoperator']) retrieved from /opt/airflow/dags/2_bash_operator.py
[2026-09-21T00:20:14.802+0000] {logging_mixin.py:149} INFO - [2026-09-21T00:20:14.802+0000] {dag.py:2726} INFO - Sync 1 DAGs
[2026-09-21T00:20:14.862+0000] {logging_mixin.py:149} INFO - [2026-09-21T00:20:14.861+0000] {dag.py:3490} INFO - Setting next_dagrun for 2-bashoperator to 2026-09-21T00:00:00+00:00, run_after=2026-09-22T00:00:00+00:00
[2026-09-21T00:20:14.896+0000] {processor.py:178} INFO - Processing /opt/airflow/dags/2_bash_operator.py took 0.181 seconds
[2026-09-21T00:20:45.152+0000] {processor.py:156} INFO - Started process (PID=3647) to work on /opt/airflow/dags/2_bash_operator.py
[2026-09-21T00:20:45.155+0000] {processor.py:799} INFO - Processing file /opt/airflow/dags/2_bash_operator.py for tasks to queue
[2026-09-21T00:20:45.156+0000] {logging_mixin.py:149} INFO - [2026-09-21T00:20:45.156+0000] {dagbag.py:541} INFO - Filling up the DagBag from /opt/airflow/dags/2_bash_operator.py
[2026-09-21T00:20:45.183+0000] {processor.py:809} INFO - DAG(s) dict_keys(['2-bashoperator']) retrieved from /opt/airflow/dags/2_bash_operator.py
[2026-09-21T00:20:45.272+0000] {logging_mixin.py:149} INFO - [2026-09-21T00:20:45.271+0000] {dag.py:2726} INFO - Sync 1 DAGs
[2026-09-21T00:20:45.361+0000] {logging_mixin.py:149} INFO - [2026-09-21T00:20:45.358+0000] {dag.py:3490} INFO - Setting next_dagrun for 2-bashoperator to 2026-09-21T00:00:00+00:00, run_after=2026-09-22T00:00:00+00:00
[2026-09-21T00:20:45.404+0000] {processor.py:178} INFO - Processing /opt/airflow/dags/2_bash_operator.py took 0.258 seconds
[2026-09-21T00:21:15.609+0000] {processor.py:156} INFO - Started process (PID=3657) to work on /opt/airflow/dags/2_bash_operator.py
[2026-09-21T00:21:15.613+0000] {processor.py:799} INFO - Processing file /opt/airflow/dags/2_bash_operator.py for tasks to queue
[2026-09-21T00:21:15.614+0000] {logging_mixin.py:149} INFO - [2026-09-21T00:21:15.614+0000] {dagbag.py:541} INFO - Filling up the DagBag from /opt/airflow/dags/2_bash_operator.py
[2026-09-21T00:21:15.647+0000] {processor.py:809} INFO - DAG(s) dict_keys(['2-bashoperator']) retrieved from /opt/airflow/dags/2_bash_operator.py
[2026-09-21T00:21:15.705+0000] {logging_mixin.py:149} INFO - [2026-09-21T00:21:15.704+0000] {dag.py:2726} INFO - Sync 1 DAGs
[2026-09-21T00:21:15.754+0000] {logging_mixin.py:149} INFO - [2026-09-21T00:21:15.754+0000] {dag.py:3490} INFO - Setting next_dagrun for 2-bashoperator to 2026-09-21T00:00:00+00:00, run_after=2026-09-22T00:00:00+00:00
[2026-09-21T00:21:15.802+0000] {processor.py:178} INFO - Processing /opt/airflow/dags/2_bash_operator.py took 0.200 seconds
[2026-09-21T00:21:45.919+0000] {processor.py:156} INFO - Started process (PID=3667) to work on /opt/airflow/dags/2_bash_operator.py
[2026-09-21T00:21:45.923+0000] {processor.py:799} INFO - Processing file /opt/airflow/dags/2_bash_operator.py for tasks to queue
[2026-09-21T00:21:45.924+0000] {logging_mixin.py:149} INFO - [2026-09-21T00:21:45.924+0000] {dagbag.py:541} INFO - Filling up the DagBag from /opt/airflow/dags/2_bash_operator.py
[2026-09-21T00:21:45.940+0000] {processor.py:809} INFO - DAG(s) dict_keys(['2-bashoperator']) retrieved from /opt/airflow/dags/2_bash_operator.py
[2026-09-21T00:21:45.984+0000] {logging_mixin.py:149} INFO - [2026-09-21T00:21:45.984+0000] {dag.py:2726} INFO - Sync 1 DAGs
[2026-09-21T00:21:46.020+0000] {logging_mixin.py:149} INFO - [2026-09-21T00:21:46.020+0000] {dag.py:3490} INFO - Setting next_dagrun for 2-bashoperator to 2026-09-21T00:00:00+00:00, run_after=2026-09-22T00:00:00+00:00
[2026-09-21T00:21:46.043+0000] {processor.py:178} INFO - Processing /opt/airflow/dags/2_bash_operator.py took 0.143 seconds
[2026-09-21T00:22:16.366+0000] {processor.py:156} INFO - Started process (PID=3677) to work on /opt/airflow/dags/2_bash_operator.py
[2026-09-21T00:22:16.371+0000] {processor.py:799} INFO - Processing file /opt/airflow/dags/2_bash_operator.py for tasks to queue
[2026-09-21T00:22:16.372+0000] {logging_mixin.py:149} INFO - [2026-09-21T00:22:16.372+0000] {dagbag.py:541} INFO - Filling up the DagBag from /opt/airflow/dags/2_bash_operator.py
[2026-09-21T00:22:16.399+0000] {processor.py:809} INFO - DAG(s) dict_keys(['2-bashoperator']) retrieved from /opt/airflow/dags/2_bash_operator.py
[2026-09-21T00:22:16.472+0000] {logging_mixin.py:149} INFO - [2026-09-21T00:22:16.471+0000] {dag.py:2726} INFO - Sync 1 DAGs
[2026-09-21T00:22:16.553+0000] {logging_mixin.py:149} INFO - [2026-09-21T00:22:16.553+0000] {dag.py:3490} INFO - Setting next_dagrun for 2-bashoperator to 2026-09-21T00:00:00+00:00, run_after=2026-09-22T00:00:00+00:00
[2026-09-21T00:22:16.588+0000] {processor.py:178} INFO - Processing /opt/airflow/dags/2_bash_operator.py took 0.258 seconds
[2026-09-21T00:22:46.658+0000] {processor.py:156} INFO - Started process (PID=3687) to work on /opt/airflow/dags/2_bash_operator.py
[2026-09-21T00:22:46.660+0000] {processor.py:799} INFO - Processing file /opt/airflow/dags/2_bash_operator.py for tasks to queue
[2026-09-21T00:22:46.661+0000] {logging_mixin.py:149} INFO - [2026-09-21T00:22:46.661+0000] {dagbag.py:541} INFO - Filling up the DagBag from /opt/airflow/dags/2_bash_operator.py
[2026-09-21T00:22:46.684+0000] {processor.py:809} INFO - DAG(s) dict_keys(['2-bashoperator']) retrieved from /opt/airflow/dags/2_bash_operator.py
[2026-09-21T00:22:46.760+0000] {logging_mixin.py:149} INFO - [2026-09-21T00:22:46.760+0000] {dag.py:2726} INFO - Sync 1 DAGs
[2026-09-21T00:22:46.814+0000] {logging_mixin.py:149} INFO - [2026-09-21T00:22:46.814+0000] {dag.py:3490} INFO - Setting next_dagrun for 2-bashoperator to 2026-09-21T00:00:00+00:00, run_after=2026-09-22T00:00:00+00:00
[2026-09-21T00:22:46.874+0000] {processor.py:178} INFO - Processing /opt/airflow/dags/2_bash_operator.py took 0.223 seconds
[2026-09-21T00:23:16.948+0000] {processor.py:156} INFO - Started process (PID=3697) to work on /opt/airflow/dags/2_bash_operator.py
[2026-09-21T00:23:16.954+0000] {processor.py:799} INFO - Processing file /opt/airflow/dags/2_bash_operator.py for tasks to queue
[2026-09-21T00:23:16.956+0000] {logging_mixin.py:149} INFO - [2026-09-21T00:23:16.955+0000] {dagbag.py:541} INFO - Filling up the DagBag from /opt/airflow/dags/2_bash_operator.py
[2026-09-21T00:23:16.988+0000] {processor.py:809} INFO - DAG(s) dict_keys(['2-bashoperator']) retrieved from /opt/airflow/dags/2_bash_operator.py
[2026-09-21T00:23:17.054+0000] {logging_mixin.py:149} INFO - [2026-09-21T00:23:17.054+0000] {dag.py:2726} INFO - Sync 1 DAGs
[2026-09-21T00:23:17.101+0000] {logging_mixin.py:149} INFO - [2026-09-21T00:23:17.101+0000] {dag.py:3490} INFO - Setting next_dagrun for 2-bashoperator to 2026-09-21T00:00:00+00:00, run_after=2026-09-22T00:00:00+00:00
[2026-09-21T00:23:17.140+0000] {processor.py:178} INFO - Processing /opt/airflow/dags/2_bash_operator.py took 0.201 seconds
[2026-09-21T00:23:47.979+0000] {processor.py:156} INFO - Started process (PID=3707) to work on /opt/airflow/dags/2_bash_operator.py
[2026-09-21T00:23:47.981+0000] {processor.py:799} INFO - Processing file /opt/airflow/dags/2_bash_operator.py for tasks to queue
[2026-09-21T00:23:47.982+0000] {logging_mixin.py:149} INFO - [2026-09-21T00:23:47.982+0000] {dagbag.py:541} INFO - Filling up the DagBag from /opt/airflow/dags/2_bash_operator.py
[2026-09-21T00:23:48.016+0000] {processor.py:809} INFO - DAG(s) dict_keys(['2-bashoperator']) retrieved from /opt/airflow/dags/2_bash_operator.py
[2026-09-21T00:23:48.136+0000] {logging_mixin.py:149} INFO - [2026-09-21T00:23:48.135+0000] {dag.py:2726} INFO - Sync 1 DAGs
[2026-09-21T00:23:48.264+0000] {logging_mixin.py:149} INFO - [2026-09-21T00:23:48.264+0000] {dag.py:3490} INFO - Setting next_dagrun for 2-bashoperator to 2026-09-21T00:00:00+00:00, run_after=2026-09-22T00:00:00+00:00
[2026-09-21T00:23:48.356+0000] {processor.py:178} INFO - Processing /opt/airflow/dags/2_bash_operator.py took 0.402 seconds
[2026-09-21T00:24:18.459+0000] {processor.py:156} INFO - Started process (PID=3717) to work on /opt/airflow/dags/2_bash_operator.py
[2026-09-21T00:24:18.461+0000] {processor.py:799} INFO - Processing file /opt/airflow/dags/2_bash_operator.py for tasks to queue
[2026-09-21T00:24:18.462+0000] {logging_mixin.py:149} INFO - [2026-09-21T00:24:18.461+0000] {dagbag.py:541} INFO - Filling up the DagBag from /opt/airflow/dags/2_bash_operator.py
[2026-09-21T00:24:18.478+0000] {processor.py:809} INFO - DAG(s) dict_keys(['2-bashoperator']) retrieved from /opt/airflow/dags/2_bash_operator.py
[2026-09-21T00:24:18.527+0000] {logging_mixin.py:149} INFO - [2026-09-21T00:24:18.526+0000] {dag.py:2726} INFO - Sync 1 DAGs
[2026-09-21T00:24:18.568+0000] {logging_mixin.py:149} INFO - [2026-09-21T00:24:18.568+0000] {dag.py:3490} INFO - Setting next_dagrun for 2-bashoperator to 2026-09-21T00:00:00+00:00, run_after=2026-09-22T00:00:00+00:00
[2026-09-21T00:24:18.604+0000] {processor.py:178} INFO - Processing /opt/airflow/dags/2_bash_operator.py took 0.151 seconds
[2026-09-21T00:24:48.714+0000] {processor.py:156} INFO - Started process (PID=3727) to work on /opt/airflow/dags/2_bash_operator.py
[2026-09-21T00:24:48.723+0000] {processor.py:799} INFO - Processing file /opt/airflow/dags/2_bash_operator.py for tasks to queue
[2026-09-21T00:24:48.724+0000] {logging_mixin.py:149} INFO - [2026-09-21T00:24:48.724+0000] {dagbag.py:541} INFO - Filling up the DagBag from /opt/airflow/dags/2_bash_operator.py
[2026-09-21T00:24:48.775+0000] {processor.py:809} INFO - DAG(s) dict_keys(['2-bashoperator']) retrieved from /opt/airflow/dags/2_bash_operator.py
[2026-09-21T00:24:48.899+0000] {logging_mixin.py:149} INFO - [2026-09-21T00:24:48.898+0000] {dag.py:2726} INFO - Sync 1 DAGs
[2026-09-21T00:24:49.061+0000] {logging_mixin.py:149} INFO - [2026-09-21T00:24:49.061+0000] {dag.py:3490} INFO - Setting next_dagrun for 2-bashoperator to 2026-09-21T00:00:00+00:00, run_after=2026-09-22T00:00:00+00:00
[2026-09-21T00:24:49.184+0000] {processor.py:178} INFO - Processing /opt/airflow/dags/2_bash_operator.py took 0.487 seconds
[2026-09-21T00:25:19.257+0000] {processor.py:156} INFO - Started process (PID=3737) to work on /opt/airflow/dags/2_bash_operator.py
[2026-09-21T00:25:19.259+0000] {processor.py:799} INFO - Processing file /opt/airflow/dags/2_bash_operator.py for tasks to queue
[2026-09-21T00:25:19.260+0000] {logging_mixin.py:149} INFO - [2026-09-21T00:25:19.260+0000] {dagbag.py:541} INFO - Filling up the DagBag from /opt/airflow/dags/2_bash_operator.py
[2026-09-21T00:25:19.289+0000] {processor.py:809} INFO - DAG(s) dict_keys(['2-bashoperator']) retrieved from /opt/airflow/dags/2_bash_operator.py
[2026-09-21T00:25:19.402+0000] {logging_mixin.py:149} INFO - [2026-09-21T00:25:19.401+0000] {dag.py:2726} INFO - Sync 1 DAGs
[2026-09-21T00:25:19.478+0000] {logging_mixin.py:149} INFO - [2026-09-21T00:25:19.477+0000] {dag.py:3490} INFO - Setting next_dagrun for 2-bashoperator to 2026-09-21T00:00:00+00:00, run_after=2026-09-22T00:00:00+00:00
[2026-09-21T00:25:19.570+0000] {processor.py:178} INFO - Processing /opt/airflow/dags/2_bash_operator.py took 0.319 seconds
[2026-09-21T00:25:50.350+0000] {processor.py:156} INFO - Started process (PID=3747) to work on /opt/airflow/dags/2_bash_operator.py
[2026-09-21T00:25:50.356+0000] {processor.py:799} INFO - Processing file /opt/airflow/dags/2_bash_operator.py for tasks to queue
[2026-09-21T00:25:50.358+0000] {logging_mixin.py:149} INFO - [2026-09-21T00:25:50.358+0000] {dagbag.py:541} INFO - Filling up the DagBag from /opt/airflow/dags/2_bash_operator.py
[2026-09-21T00:25:50.380+0000] {processor.py:809} INFO - DAG(s) dict_keys(['2-bashoperator']) retrieved from /opt/airflow/dags/2_bash_operator.py
[2026-09-21T00:25:50.455+0000] {logging_mixin.py:149} INFO - [2026-09-21T00:25:50.455+0000] {dag.py:2726} INFO - Sync 1 DAGs
[2026-09-21T00:25:50.494+0000] {logging_mixin.py:149} INFO - [2026-09-21T00:25:50.493+0000] {dag.py:3490} INFO - Setting next_dagrun for 2-bashoperator to 2026-09-21T00:00:00+00:00, run_after=2026-09-22T00:00:00+00:00
[2026-09-21T00:25:50.554+0000] {processor.py:178} INFO - Processing /opt/airflow/dags/2_bash_operator.py took 0.213 seconds
[2026-09-21T00:26:21.551+0000] {processor.py:156} INFO - Started process (PID=3757) to work on /opt/airflow/dags/2_bash_operator.py
[2026-09-21T00:26:21.552+0000] {processor.py:799} INFO - Processing file /opt/airflow/dags/2_bash_operator.py for tasks to queue
[2026-09-21T00:26:21.554+0000] {logging_mixin.py:149} INFO - [2026-09-21T00:26:21.554+0000] {dagbag.py:541} INFO - Filling up the DagBag from /opt/airflow/dags/2_bash_operator.py
[2026-09-21T00:26:21.573+0000] {processor.py:809} INFO - DAG(s) dict_keys(['2-bashoperator']) retrieved from /opt/airflow/dags/2_bash_operator.py
[2026-09-21T00:26:21.648+0000] {logging_mixin.py:149} INFO - [2026-09-21T00:26:21.648+0000] {dag.py:2726} INFO - Sync 1 DAGs
[2026-09-21T00:26:21.692+0000] {logging_mixin.py:149} INFO - [2026-09-21T00:26:21.692+0000] {dag.py:3490} INFO - Setting next_dagrun for 2-bashoperator to 2026-09-21T00:00:00+00:00, run_after=2026-09-22T00:00:00+00:00
[2026-09-21T00:26:21.728+0000] {processor.py:178} INFO - Processing /opt/airflow/dags/2_bash_operator.py took 0.184 seconds
[2026-09-21T00:26:51.973+0000] {processor.py:156} INFO - Started process (PID=3767) to work on /opt/airflow/dags/2_bash_operator.py
[2026-09-21T00:26:51.981+0000] {processor.py:799} INFO - Processing file /opt/airflow/dags/2_bash_operator.py for tasks to queue
[2026-09-21T00:26:51.983+0000] {logging_mixin.py:149} INFO - [2026-09-21T00:26:51.983+0000] {dagbag.py:541} INFO - Filling up the DagBag from /opt/airflow/dags/2_bash_operator.py
[2026-09-21T00:26:52.041+0000] {processor.py:809} INFO - DAG(s) dict_keys(['2-bashoperator']) retrieved from /opt/airflow/dags/2_bash_operator.py
[2026-09-21T00:26:52.146+0000] {logging_mixin.py:149} INFO - [2026-09-21T00:26:52.141+0000] {dag.py:2726} INFO - Sync 1 DAGs
[2026-09-21T00:26:52.196+0000] {logging_mixin.py:149} INFO - [2026-09-21T00:26:52.196+0000] {dag.py:3490} INFO - Setting next_dagrun for 2-bashoperator to 2026-09-21T00:00:00+00:00, run_after=2026-09-22T00:00:00+00:00
[2026-09-21T00:26:52.281+0000] {processor.py:178} INFO - Processing /opt/airflow/dags/2_bash_operator.py took 0.324 seconds
[2026-09-21T00:27:22.398+0000] {processor.py:156} INFO - Started process (PID=3777) to work on /opt/airflow/dags/2_bash_operator.py
[2026-09-21T00:27:22.405+0000] {processor.py:799} INFO - Processing file /opt/airflow/dags/2_bash_operator.py for tasks to queue
[2026-09-21T00:27:22.407+0000] {logging_mixin.py:149} INFO - [2026-09-21T00:27:22.407+0000] {dagbag.py:541} INFO - Filling up the DagBag from /opt/airflow/dags/2_bash_operator.py
[2026-09-21T00:27:22.440+0000] {processor.py:809} INFO - DAG(s) dict_keys(['2-bashoperator']) retrieved from /opt/airflow/dags/2_bash_operator.py
[2026-09-21T00:27:22.488+0000] {logging_mixin.py:149} INFO - [2026-09-21T00:27:22.488+0000] {dag.py:2726} INFO - Sync 1 DAGs
[2026-09-21T00:27:22.541+0000] {logging_mixin.py:149} INFO - [2026-09-21T00:27:22.541+0000] {dag.py:3490} INFO - Setting next_dagrun for 2-bashoperator to 2026-09-21T00:00:00+00:00, run_after=2026-09-22T00:00:00+00:00
[2026-09-21T00:27:22.609+0000] {processor.py:178} INFO - Processing /opt/airflow/dags/2_bash_operator.py took 0.216 seconds
[2026-09-21T00:27:52.752+0000] {processor.py:156} INFO - Started process (PID=3787) to work on /opt/airflow/dags/2_bash_operator.py
[2026-09-21T00:27:52.753+0000] {processor.py:799} INFO - Processing file /opt/airflow/dags/2_bash_operator.py for tasks to queue
[2026-09-21T00:27:52.755+0000] {logging_mixin.py:149} INFO - [2026-09-21T00:27:52.755+0000] {dagbag.py:541} INFO - Filling up the DagBag from /opt/airflow/dags/2_bash_operator.py
[2026-09-21T00:27:52.770+0000] {processor.py:809} INFO - DAG(s) dict_keys(['2-bashoperator']) retrieved from /opt/airflow/dags/2_bash_operator.py
[2026-09-21T00:27:52.843+0000] {logging_mixin.py:149} INFO - [2026-09-21T00:27:52.842+0000] {dag.py:2726} INFO - Sync 1 DAGs
[2026-09-21T00:27:52.913+0000] {logging_mixin.py:149} INFO - [2026-09-21T00:27:52.912+0000] {dag.py:3490} INFO - Setting next_dagrun for 2-bashoperator to 2026-09-21T00:00:00+00:00, run_after=2026-09-22T00:00:00+00:00
[2026-09-21T00:27:52.940+0000] {processor.py:178} INFO - Processing /opt/airflow/dags/2_bash_operator.py took 0.192 seconds
[2026-09-21T00:28:22.995+0000] {processor.py:156} INFO - Started process (PID=3797) to work on /opt/airflow/dags/2_bash_operator.py
[2026-09-21T00:28:23.000+0000] {processor.py:799} INFO - Processing file /opt/airflow/dags/2_bash_operator.py for tasks to queue
[2026-09-21T00:28:23.002+0000] {logging_mixin.py:149} INFO - [2026-09-21T00:28:23.001+0000] {dagbag.py:541} INFO - Filling up the DagBag from /opt/airflow/dags/2_bash_operator.py
[2026-09-21T00:28:23.021+0000] {processor.py:809} INFO - DAG(s) dict_keys(['2-bashoperator']) retrieved from /opt/airflow/dags/2_bash_operator.py
[2026-09-21T00:28:23.088+0000] {logging_mixin.py:149} INFO - [2026-09-21T00:28:23.087+0000] {dag.py:2726} INFO - Sync 1 DAGs
[2026-09-21T00:28:23.133+0000] {logging_mixin.py:149} INFO - [2026-09-21T00:28:23.132+0000] {dag.py:3490} INFO - Setting next_dagrun for 2-bashoperator to 2026-09-21T00:00:00+00:00, run_after=2026-09-22T00:00:00+00:00
[2026-09-21T00:28:23.183+0000] {processor.py:178} INFO - Processing /opt/airflow/dags/2_bash_operator.py took 0.194 seconds
[2026-09-21T00:28:53.276+0000] {processor.py:156} INFO - Started process (PID=3806) to work on /opt/airflow/dags/2_bash_operator.py
[2026-09-21T00:28:53.278+0000] {processor.py:799} INFO - Processing file /opt/airflow/dags/2_bash_operator.py for tasks to queue
[2026-09-21T00:28:53.285+0000] {logging_mixin.py:149} INFO - [2026-09-21T00:28:53.284+0000] {dagbag.py:541} INFO - Filling up the DagBag from /opt/airflow/dags/2_bash_operator.py
[2026-09-21T00:28:53.350+0000] {processor.py:809} INFO - DAG(s) dict_keys(['2-bashoperator']) retrieved from /opt/airflow/dags/2_bash_operator.py
[2026-09-21T00:28:53.474+0000] {logging_mixin.py:149} INFO - [2026-09-21T00:28:53.474+0000] {dag.py:2726} INFO - Sync 1 DAGs
[2026-09-21T00:28:53.560+0000] {logging_mixin.py:149} INFO - [2026-09-21T00:28:53.560+0000] {dag.py:3490} INFO - Setting next_dagrun for 2-bashoperator to 2026-09-21T00:00:00+00:00, run_after=2026-09-22T00:00:00+00:00
[2026-09-21T00:28:53.629+0000] {processor.py:178} INFO - Processing /opt/airflow/dags/2_bash_operator.py took 0.365 seconds
[2026-09-21T00:29:23.750+0000] {processor.py:156} INFO - Started process (PID=3816) to work on /opt/airflow/dags/2_bash_operator.py
[2026-09-21T00:29:23.755+0000] {processor.py:799} INFO - Processing file /opt/airflow/dags/2_bash_operator.py for tasks to queue
[2026-09-21T00:29:23.756+0000] {logging_mixin.py:149} INFO - [2026-09-21T00:29:23.756+0000] {dagbag.py:541} INFO - Filling up the DagBag from /opt/airflow/dags/2_bash_operator.py
[2026-09-21T00:29:23.770+0000] {processor.py:809} INFO - DAG(s) dict_keys(['2-bashoperator']) retrieved from /opt/airflow/dags/2_bash_operator.py
[2026-09-21T00:29:23.812+0000] {logging_mixin.py:149} INFO - [2026-09-21T00:29:23.812+0000] {dag.py:2726} INFO - Sync 1 DAGs
[2026-09-21T00:29:23.846+0000] {logging_mixin.py:149} INFO - [2026-09-21T00:29:23.846+0000] {dag.py:3490} INFO - Setting next_dagrun for 2-bashoperator to 2026-09-21T00:00:00+00:00, run_after=2026-09-22T00:00:00+00:00
[2026-09-21T00:29:23.868+0000] {processor.py:178} INFO - Processing /opt/airflow/dags/2_bash_operator.py took 0.122 seconds
[2026-09-21T00:29:54.874+0000] {processor.py:156} INFO - Started process (PID=3827) to work on /opt/airflow/dags/2_bash_operator.py
[2026-09-21T00:29:54.877+0000] {processor.py:799} INFO - Processing file /opt/airflow/dags/2_bash_operator.py for tasks to queue
[2026-09-21T00:29:54.882+0000] {logging_mixin.py:149} INFO - [2026-09-21T00:29:54.880+0000] {dagbag.py:541} INFO - Filling up the DagBag from /opt/airflow/dags/2_bash_operator.py
[2026-09-21T00:29:54.902+0000] {processor.py:809} INFO - DAG(s) dict_keys(['2-bashoperator']) retrieved from /opt/airflow/dags/2_bash_operator.py
[2026-09-21T00:29:54.979+0000] {logging_mixin.py:149} INFO - [2026-09-21T00:29:54.979+0000] {dag.py:2726} INFO - Sync 1 DAGs
[2026-09-21T00:29:55.064+0000] {logging_mixin.py:149} INFO - [2026-09-21T00:29:55.064+0000] {dag.py:3490} INFO - Setting next_dagrun for 2-bashoperator to 2026-09-21T00:00:00+00:00, run_after=2026-09-22T00:00:00+00:00
[2026-09-21T00:29:55.133+0000] {processor.py:178} INFO - Processing /opt/airflow/dags/2_bash_operator.py took 0.268 seconds
[2026-09-21T00:30:25.323+0000] {processor.py:156} INFO - Started process (PID=3837) to work on /opt/airflow/dags/2_bash_operator.py
[2026-09-21T00:30:25.326+0000] {processor.py:799} INFO - Processing file /opt/airflow/dags/2_bash_operator.py for tasks to queue
[2026-09-21T00:30:25.327+0000] {logging_mixin.py:149} INFO - [2026-09-21T00:30:25.327+0000] {dagbag.py:541} INFO - Filling up the DagBag from /opt/airflow/dags/2_bash_operator.py
[2026-09-21T00:30:25.354+0000] {processor.py:809} INFO - DAG(s) dict_keys(['2-bashoperator']) retrieved from /opt/airflow/dags/2_bash_operator.py
[2026-09-21T00:30:25.447+0000] {logging_mixin.py:149} INFO - [2026-09-21T00:30:25.447+0000] {dag.py:2726} INFO - Sync 1 DAGs
[2026-09-21T00:30:25.497+0000] {logging_mixin.py:149} INFO - [2026-09-21T00:30:25.496+0000] {dag.py:3490} INFO - Setting next_dagrun for 2-bashoperator to 2026-09-21T00:00:00+00:00, run_after=2026-09-22T00:00:00+00:00
[2026-09-21T00:30:25.543+0000] {processor.py:178} INFO - Processing /opt/airflow/dags/2_bash_operator.py took 0.227 seconds
[2026-09-21T00:30:55.928+0000] {processor.py:156} INFO - Started process (PID=3847) to work on /opt/airflow/dags/2_bash_operator.py
[2026-09-21T00:30:55.929+0000] {processor.py:799} INFO - Processing file /opt/airflow/dags/2_bash_operator.py for tasks to queue
[2026-09-21T00:30:55.930+0000] {logging_mixin.py:149} INFO - [2026-09-21T00:30:55.930+0000] {dagbag.py:541} INFO - Filling up the DagBag from /opt/airflow/dags/2_bash_operator.py
[2026-09-21T00:30:55.950+0000] {processor.py:809} INFO - DAG(s) dict_keys(['2-bashoperator']) retrieved from /opt/airflow/dags/2_bash_operator.py
[2026-09-21T00:30:56.034+0000] {logging_mixin.py:149} INFO - [2026-09-21T00:30:56.033+0000] {dag.py:2726} INFO - Sync 1 DAGs
[2026-09-21T00:30:56.080+0000] {logging_mixin.py:149} INFO - [2026-09-21T00:30:56.080+0000] {dag.py:3490} INFO - Setting next_dagrun for 2-bashoperator to 2026-09-21T00:00:00+00:00, run_after=2026-09-22T00:00:00+00:00
[2026-09-21T00:30:56.121+0000] {processor.py:178} INFO - Processing /opt/airflow/dags/2_bash_operator.py took 0.210 seconds
[2026-09-21T00:31:26.224+0000] {processor.py:156} INFO - Started process (PID=3857) to work on /opt/airflow/dags/2_bash_operator.py
[2026-09-21T00:31:26.234+0000] {processor.py:799} INFO - Processing file /opt/airflow/dags/2_bash_operator.py for tasks to queue
[2026-09-21T00:31:26.235+0000] {logging_mixin.py:149} INFO - [2026-09-21T00:31:26.235+0000] {dagbag.py:541} INFO - Filling up the DagBag from /opt/airflow/dags/2_bash_operator.py
[2026-09-21T00:31:26.266+0000] {processor.py:809} INFO - DAG(s) dict_keys(['2-bashoperator']) retrieved from /opt/airflow/dags/2_bash_operator.py
[2026-09-21T00:31:26.346+0000] {logging_mixin.py:149} INFO - [2026-09-21T00:31:26.346+0000] {dag.py:2726} INFO - Sync 1 DAGs
[2026-09-21T00:31:26.399+0000] {logging_mixin.py:149} INFO - [2026-09-21T00:31:26.398+0000] {dag.py:3490} INFO - Setting next_dagrun for 2-bashoperator to 2026-09-21T00:00:00+00:00, run_after=2026-09-22T00:00:00+00:00
[2026-09-21T00:31:26.462+0000] {processor.py:178} INFO - Processing /opt/airflow/dags/2_bash_operator.py took 0.252 seconds
[2026-09-21T00:31:56.609+0000] {processor.py:156} INFO - Started process (PID=3867) to work on /opt/airflow/dags/2_bash_operator.py
[2026-09-21T00:31:56.611+0000] {processor.py:799} INFO - Processing file /opt/airflow/dags/2_bash_operator.py for tasks to queue
[2026-09-21T00:31:56.612+0000] {logging_mixin.py:149} INFO - [2026-09-21T00:31:56.612+0000] {dagbag.py:541} INFO - Filling up the DagBag from /opt/airflow/dags/2_bash_operator.py
[2026-09-21T00:31:56.648+0000] {processor.py:809} INFO - DAG(s) dict_keys(['2-bashoperator']) retrieved from /opt/airflow/dags/2_bash_operator.py
[2026-09-21T00:31:56.737+0000] {logging_mixin.py:149} INFO - [2026-09-21T00:31:56.737+0000] {dag.py:2726} INFO - Sync 1 DAGs
[2026-09-21T00:31:56.798+0000] {logging_mixin.py:149} INFO - [2026-09-21T00:31:56.797+0000] {dag.py:3490} INFO - Setting next_dagrun for 2-bashoperator to 2026-09-21T00:00:00+00:00, run_after=2026-09-22T00:00:00+00:00
[2026-09-21T00:31:56.847+0000] {processor.py:178} INFO - Processing /opt/airflow/dags/2_bash_operator.py took 0.249 seconds
[2026-09-21T00:32:27.003+0000] {processor.py:156} INFO - Started process (PID=3877) to work on /opt/airflow/dags/2_bash_operator.py
[2026-09-21T00:32:27.010+0000] {processor.py:799} INFO - Processing file /opt/airflow/dags/2_bash_operator.py for tasks to queue
[2026-09-21T00:32:27.012+0000] {logging_mixin.py:149} INFO - [2026-09-21T00:32:27.011+0000] {dagbag.py:541} INFO - Filling up the DagBag from /opt/airflow/dags/2_bash_operator.py
[2026-09-21T00:32:27.043+0000] {processor.py:809} INFO - DAG(s) dict_keys(['2-bashoperator']) retrieved from /opt/airflow/dags/2_bash_operator.py
[2026-09-21T00:32:27.117+0000] {logging_mixin.py:149} INFO - [2026-09-21T00:32:27.117+0000] {dag.py:2726} INFO - Sync 1 DAGs
[2026-09-21T00:32:27.176+0000] {logging_mixin.py:149} INFO - [2026-09-21T00:32:27.176+0000] {dag.py:3490} INFO - Setting next_dagrun for 2-bashoperator to 2026-09-21T00:00:00+00:00, run_after=2026-09-22T00:00:00+00:00
[2026-09-21T00:32:27.236+0000] {processor.py:178} INFO - Processing /opt/airflow/dags/2_bash_operator.py took 0.240 seconds
[2026-09-21T00:32:57.473+0000] {processor.py:156} INFO - Started process (PID=3887) to work on /opt/airflow/dags/2_bash_operator.py
[2026-09-21T00:32:57.475+0000] {processor.py:799} INFO - Processing file /opt/airflow/dags/2_bash_operator.py for tasks to queue
[2026-09-21T00:32:57.476+0000] {logging_mixin.py:149} INFO - [2026-09-21T00:32:57.476+0000] {dagbag.py:541} INFO - Filling up the DagBag from /opt/airflow/dags/2_bash_operator.py
[2026-09-21T00:32:57.491+0000] {processor.py:809} INFO - DAG(s) dict_keys(['2-bashoperator']) retrieved from /opt/airflow/dags/2_bash_operator.py
[2026-09-21T00:32:57.551+0000] {logging_mixin.py:149} INFO - [2026-09-21T00:32:57.550+0000] {dag.py:2726} INFO - Sync 1 DAGs
[2026-09-21T00:32:57.593+0000] {logging_mixin.py:149} INFO - [2026-09-21T00:32:57.593+0000] {dag.py:3490} INFO - Setting next_dagrun for 2-bashoperator to 2026-09-21T00:00:00+00:00, run_after=2026-09-22T00:00:00+00:00
[2026-09-21T00:32:57.647+0000] {processor.py:178} INFO - Processing /opt/airflow/dags/2_bash_operator.py took 0.180 seconds
[2026-09-21T00:33:27.802+0000] {processor.py:156} INFO - Started process (PID=3897) to work on /opt/airflow/dags/2_bash_operator.py
[2026-09-21T00:33:27.804+0000] {processor.py:799} INFO - Processing file /opt/airflow/dags/2_bash_operator.py for tasks to queue
[2026-09-21T00:33:27.805+0000] {logging_mixin.py:149} INFO - [2026-09-21T00:33:27.805+0000] {dagbag.py:541} INFO - Filling up the DagBag from /opt/airflow/dags/2_bash_operator.py
[2026-09-21T00:33:27.823+0000] {processor.py:809} INFO - DAG(s) dict_keys(['2-bashoperator']) retrieved from /opt/airflow/dags/2_bash_operator.py
[2026-09-21T00:33:27.909+0000] {logging_mixin.py:149} INFO - [2026-09-21T00:33:27.909+0000] {dag.py:2726} INFO - Sync 1 DAGs
[2026-09-21T00:33:27.980+0000] {logging_mixin.py:149} INFO - [2026-09-21T00:33:27.979+0000] {dag.py:3490} INFO - Setting next_dagrun for 2-bashoperator to 2026-09-21T00:00:00+00:00, run_after=2026-09-22T00:00:00+00:00
[2026-09-21T00:33:28.028+0000] {processor.py:178} INFO - Processing /opt/airflow/dags/2_bash_operator.py took 0.233 seconds
[2026-09-21T00:33:58.204+0000] {processor.py:156} INFO - Started process (PID=3907) to work on /opt/airflow/dags/2_bash_operator.py
[2026-09-21T00:33:58.205+0000] {processor.py:799} INFO - Processing file /opt/airflow/dags/2_bash_operator.py for tasks to queue
[2026-09-21T00:33:58.206+0000] {logging_mixin.py:149} INFO - [2026-09-21T00:33:58.206+0000] {dagbag.py:541} INFO - Filling up the DagBag from /opt/airflow/dags/2_bash_operator.py
[2026-09-21T00:33:58.249+0000] {processor.py:809} INFO - DAG(s) dict_keys(['2-bashoperator']) retrieved from /opt/airflow/dags/2_bash_operator.py
[2026-09-21T00:33:58.398+0000] {logging_mixin.py:149} INFO - [2026-09-21T00:33:58.398+0000] {dag.py:2726} INFO - Sync 1 DAGs
[2026-09-21T00:33:58.520+0000] {logging_mixin.py:149} INFO - [2026-09-21T00:33:58.520+0000] {dag.py:3490} INFO - Setting next_dagrun for 2-bashoperator to 2026-09-21T00:00:00+00:00, run_after=2026-09-22T00:00:00+00:00
[2026-09-21T00:33:58.566+0000] {processor.py:178} INFO - Processing /opt/airflow/dags/2_bash_operator.py took 0.369 seconds
[2026-09-21T00:34:28.637+0000] {processor.py:156} INFO - Started process (PID=3917) to work on /opt/airflow/dags/2_bash_operator.py
[2026-09-21T00:34:28.639+0000] {processor.py:799} INFO - Processing file /opt/airflow/dags/2_bash_operator.py for tasks to queue
[2026-09-21T00:34:28.640+0000] {logging_mixin.py:149} INFO - [2026-09-21T00:34:28.640+0000] {dagbag.py:541} INFO - Filling up the DagBag from /opt/airflow/dags/2_bash_operator.py
[2026-09-21T00:34:28.671+0000] {processor.py:809} INFO - DAG(s) dict_keys(['2-bashoperator']) retrieved from /opt/airflow/dags/2_bash_operator.py
[2026-09-21T00:34:28.776+0000] {logging_mixin.py:149} INFO - [2026-09-21T00:34:28.776+0000] {dag.py:2726} INFO - Sync 1 DAGs
[2026-09-21T00:34:28.841+0000] {logging_mixin.py:149} INFO - [2026-09-21T00:34:28.841+0000] {dag.py:3490} INFO - Setting next_dagrun for 2-bashoperator to 2026-09-21T00:00:00+00:00, run_after=2026-09-22T00:00:00+00:00
[2026-09-21T00:34:28.875+0000] {processor.py:178} INFO - Processing /opt/airflow/dags/2_bash_operator.py took 0.246 seconds
[2026-09-21T00:34:59.781+0000] {processor.py:156} INFO - Started process (PID=3927) to work on /opt/airflow/dags/2_bash_operator.py
[2026-09-21T00:34:59.785+0000] {processor.py:799} INFO - Processing file /opt/airflow/dags/2_bash_operator.py for tasks to queue
[2026-09-21T00:34:59.792+0000] {logging_mixin.py:149} INFO - [2026-09-21T00:34:59.786+0000] {dagbag.py:541} INFO - Filling up the DagBag from /opt/airflow/dags/2_bash_operator.py
[2026-09-21T00:34:59.825+0000] {processor.py:809} INFO - DAG(s) dict_keys(['2-bashoperator']) retrieved from /opt/airflow/dags/2_bash_operator.py
[2026-09-21T00:34:59.906+0000] {logging_mixin.py:149} INFO - [2026-09-21T00:34:59.905+0000] {dag.py:2726} INFO - Sync 1 DAGs
[2026-09-21T00:35:00.030+0000] {logging_mixin.py:149} INFO - [2026-09-21T00:35:00.025+0000] {dag.py:3490} INFO - Setting next_dagrun for 2-bashoperator to 2026-09-21T00:00:00+00:00, run_after=2026-09-22T00:00:00+00:00
[2026-09-21T00:35:00.116+0000] {processor.py:178} INFO - Processing /opt/airflow/dags/2_bash_operator.py took 0.350 seconds
[2026-09-21T00:35:31.145+0000] {processor.py:156} INFO - Started process (PID=3937) to work on /opt/airflow/dags/2_bash_operator.py
[2026-09-21T00:35:31.146+0000] {processor.py:799} INFO - Processing file /opt/airflow/dags/2_bash_operator.py for tasks to queue
[2026-09-21T00:35:31.148+0000] {logging_mixin.py:149} INFO - [2026-09-21T00:35:31.147+0000] {dagbag.py:541} INFO - Filling up the DagBag from /opt/airflow/dags/2_bash_operator.py
[2026-09-21T00:35:31.168+0000] {processor.py:809} INFO - DAG(s) dict_keys(['2-bashoperator']) retrieved from /opt/airflow/dags/2_bash_operator.py
[2026-09-21T00:35:31.239+0000] {logging_mixin.py:149} INFO - [2026-09-21T00:35:31.238+0000] {dag.py:2726} INFO - Sync 1 DAGs
[2026-09-21T00:35:31.304+0000] {logging_mixin.py:149} INFO - [2026-09-21T00:35:31.304+0000] {dag.py:3490} INFO - Setting next_dagrun for 2-bashoperator to 2026-09-21T00:00:00+00:00, run_after=2026-09-22T00:00:00+00:00
[2026-09-21T00:35:31.353+0000] {processor.py:178} INFO - Processing /opt/airflow/dags/2_bash_operator.py took 0.213 seconds
[2026-09-21T00:36:01.456+0000] {processor.py:156} INFO - Started process (PID=3947) to work on /opt/airflow/dags/2_bash_operator.py
[2026-09-21T00:36:01.459+0000] {processor.py:799} INFO - Processing file /opt/airflow/dags/2_bash_operator.py for tasks to queue
[2026-09-21T00:36:01.460+0000] {logging_mixin.py:149} INFO - [2026-09-21T00:36:01.459+0000] {dagbag.py:541} INFO - Filling up the DagBag from /opt/airflow/dags/2_bash_operator.py
[2026-09-21T00:36:01.487+0000] {processor.py:809} INFO - DAG(s) dict_keys(['2-bashoperator']) retrieved from /opt/airflow/dags/2_bash_operator.py
[2026-09-21T00:36:01.559+0000] {logging_mixin.py:149} INFO - [2026-09-21T00:36:01.559+0000] {dag.py:2726} INFO - Sync 1 DAGs
[2026-09-21T00:36:01.616+0000] {logging_mixin.py:149} INFO - [2026-09-21T00:36:01.615+0000] {dag.py:3490} INFO - Setting next_dagrun for 2-bashoperator to 2026-09-21T00:00:00+00:00, run_after=2026-09-22T00:00:00+00:00
[2026-09-21T00:36:01.664+0000] {processor.py:178} INFO - Processing /opt/airflow/dags/2_bash_operator.py took 0.219 seconds
[2026-09-21T00:36:31.742+0000] {processor.py:156} INFO - Started process (PID=3957) to work on /opt/airflow/dags/2_bash_operator.py
[2026-09-21T00:36:31.744+0000] {processor.py:799} INFO - Processing file /opt/airflow/dags/2_bash_operator.py for tasks to queue
[2026-09-21T00:36:31.745+0000] {logging_mixin.py:149} INFO - [2026-09-21T00:36:31.744+0000] {dagbag.py:541} INFO - Filling up the DagBag from /opt/airflow/dags/2_bash_operator.py
[2026-09-21T00:36:31.764+0000] {processor.py:809} INFO - DAG(s) dict_keys(['2-bashoperator']) retrieved from /opt/airflow/dags/2_bash_operator.py
[2026-09-21T00:36:31.809+0000] {logging_mixin.py:149} INFO - [2026-09-21T00:36:31.808+0000] {dag.py:2726} INFO - Sync 1 DAGs
[2026-09-21T00:36:31.848+0000] {logging_mixin.py:149} INFO - [2026-09-21T00:36:31.847+0000] {dag.py:3490} INFO - Setting next_dagrun for 2-bashoperator to 2026-09-21T00:00:00+00:00, run_after=2026-09-22T00:00:00+00:00
[2026-09-21T00:36:31.887+0000] {processor.py:178} INFO - Processing /opt/airflow/dags/2_bash_operator.py took 0.153 seconds
[2026-09-21T00:37:02.035+0000] {processor.py:156} INFO - Started process (PID=3967) to work on /opt/airflow/dags/2_bash_operator.py
[2026-09-21T00:37:02.040+0000] {processor.py:799} INFO - Processing file /opt/airflow/dags/2_bash_operator.py for tasks to queue
[2026-09-21T00:37:02.041+0000] {logging_mixin.py:149} INFO - [2026-09-21T00:37:02.041+0000] {dagbag.py:541} INFO - Filling up the DagBag from /opt/airflow/dags/2_bash_operator.py
[2026-09-21T00:37:02.060+0000] {processor.py:809} INFO - DAG(s) dict_keys(['2-bashoperator']) retrieved from /opt/airflow/dags/2_bash_operator.py
[2026-09-21T00:37:02.148+0000] {logging_mixin.py:149} INFO - [2026-09-21T00:37:02.148+0000] {dag.py:2726} INFO - Sync 1 DAGs
[2026-09-21T00:37:02.211+0000] {logging_mixin.py:149} INFO - [2026-09-21T00:37:02.211+0000] {dag.py:3490} INFO - Setting next_dagrun for 2-bashoperator to 2026-09-21T00:00:00+00:00, run_after=2026-09-22T00:00:00+00:00
[2026-09-21T00:37:02.266+0000] {processor.py:178} INFO - Processing /opt/airflow/dags/2_bash_operator.py took 0.239 seconds
[2026-09-21T00:37:32.424+0000] {processor.py:156} INFO - Started process (PID=3977) to work on /opt/airflow/dags/2_bash_operator.py
[2026-09-21T00:37:32.427+0000] {processor.py:799} INFO - Processing file /opt/airflow/dags/2_bash_operator.py for tasks to queue
[2026-09-21T00:37:32.428+0000] {logging_mixin.py:149} INFO - [2026-09-21T00:37:32.428+0000] {dagbag.py:541} INFO - Filling up the DagBag from /opt/airflow/dags/2_bash_operator.py
[2026-09-21T00:37:32.457+0000] {processor.py:809} INFO - DAG(s) dict_keys(['2-bashoperator']) retrieved from /opt/airflow/dags/2_bash_operator.py
[2026-09-21T00:37:32.542+0000] {logging_mixin.py:149} INFO - [2026-09-21T00:37:32.542+0000] {dag.py:2726} INFO - Sync 1 DAGs
[2026-09-21T00:37:32.629+0000] {logging_mixin.py:149} INFO - [2026-09-21T00:37:32.629+0000] {dag.py:3490} INFO - Setting next_dagrun for 2-bashoperator to 2026-09-21T00:00:00+00:00, run_after=2026-09-22T00:00:00+00:00
[2026-09-21T00:37:32.697+0000] {processor.py:178} INFO - Processing /opt/airflow/dags/2_bash_operator.py took 0.279 seconds
[2026-09-21T00:38:02.879+0000] {processor.py:156} INFO - Started process (PID=3987) to work on /opt/airflow/dags/2_bash_operator.py
[2026-09-21T00:38:02.883+0000] {processor.py:799} INFO - Processing file /opt/airflow/dags/2_bash_operator.py for tasks to queue
[2026-09-21T00:38:02.887+0000] {logging_mixin.py:149} INFO - [2026-09-21T00:38:02.886+0000] {dagbag.py:541} INFO - Filling up the DagBag from /opt/airflow/dags/2_bash_operator.py
[2026-09-21T00:38:02.939+0000] {processor.py:809} INFO - DAG(s) dict_keys(['2-bashoperator']) retrieved from /opt/airflow/dags/2_bash_operator.py
[2026-09-21T00:38:03.058+0000] {logging_mixin.py:149} INFO - [2026-09-21T00:38:03.057+0000] {dag.py:2726} INFO - Sync 1 DAGs
[2026-09-21T00:38:03.146+0000] {logging_mixin.py:149} INFO - [2026-09-21T00:38:03.145+0000] {dag.py:3490} INFO - Setting next_dagrun for 2-bashoperator to 2026-09-21T00:00:00+00:00, run_after=2026-09-22T00:00:00+00:00
[2026-09-21T00:38:03.198+0000] {processor.py:178} INFO - Processing /opt/airflow/dags/2_bash_operator.py took 0.326 seconds
[2026-09-21T00:38:33.261+0000] {processor.py:156} INFO - Started process (PID=3997) to work on /opt/airflow/dags/2_bash_operator.py
[2026-09-21T00:38:33.263+0000] {processor.py:799} INFO - Processing file /opt/airflow/dags/2_bash_operator.py for tasks to queue
[2026-09-21T00:38:33.264+0000] {logging_mixin.py:149} INFO - [2026-09-21T00:38:33.263+0000] {dagbag.py:541} INFO - Filling up the DagBag from /opt/airflow/dags/2_bash_operator.py
[2026-09-21T00:38:33.280+0000] {processor.py:809} INFO - DAG(s) dict_keys(['2-bashoperator']) retrieved from /opt/airflow/dags/2_bash_operator.py
[2026-09-21T00:38:33.340+0000] {logging_mixin.py:149} INFO - [2026-09-21T00:38:33.340+0000] {dag.py:2726} INFO - Sync 1 DAGs
[2026-09-21T00:38:33.391+0000] {logging_mixin.py:149} INFO - [2026-09-21T00:38:33.390+0000] {dag.py:3490} INFO - Setting next_dagrun for 2-bashoperator to 2026-09-21T00:00:00+00:00, run_after=2026-09-22T00:00:00+00:00
[2026-09-21T00:38:33.433+0000] {processor.py:178} INFO - Processing /opt/airflow/dags/2_bash_operator.py took 0.177 seconds
[2026-09-21T00:39:03.959+0000] {processor.py:156} INFO - Started process (PID=4007) to work on /opt/airflow/dags/2_bash_operator.py
[2026-09-21T00:39:03.970+0000] {processor.py:799} INFO - Processing file /opt/airflow/dags/2_bash_operator.py for tasks to queue
[2026-09-21T00:39:03.971+0000] {logging_mixin.py:149} INFO - [2026-09-21T00:39:03.971+0000] {dagbag.py:541} INFO - Filling up the DagBag from /opt/airflow/dags/2_bash_operator.py
[2026-09-21T00:39:04.007+0000] {processor.py:809} INFO - DAG(s) dict_keys(['2-bashoperator']) retrieved from /opt/airflow/dags/2_bash_operator.py
[2026-09-21T00:39:04.082+0000] {logging_mixin.py:149} INFO - [2026-09-21T00:39:04.081+0000] {dag.py:2726} INFO - Sync 1 DAGs
[2026-09-21T00:39:04.147+0000] {logging_mixin.py:149} INFO - [2026-09-21T00:39:04.147+0000] {dag.py:3490} INFO - Setting next_dagrun for 2-bashoperator to 2026-09-21T00:00:00+00:00, run_after=2026-09-22T00:00:00+00:00
[2026-09-21T00:39:04.187+0000] {processor.py:178} INFO - Processing /opt/airflow/dags/2_bash_operator.py took 0.247 seconds
[2026-09-21T00:39:34.409+0000] {processor.py:156} INFO - Started process (PID=4017) to work on /opt/airflow/dags/2_bash_operator.py
[2026-09-21T00:39:34.411+0000] {processor.py:799} INFO - Processing file /opt/airflow/dags/2_bash_operator.py for tasks to queue
[2026-09-21T00:39:34.412+0000] {logging_mixin.py:149} INFO - [2026-09-21T00:39:34.411+0000] {dagbag.py:541} INFO - Filling up the DagBag from /opt/airflow/dags/2_bash_operator.py
[2026-09-21T00:39:34.447+0000] {processor.py:809} INFO - DAG(s) dict_keys(['2-bashoperator']) retrieved from /opt/airflow/dags/2_bash_operator.py
[2026-09-21T00:39:34.526+0000] {logging_mixin.py:149} INFO - [2026-09-21T00:39:34.525+0000] {dag.py:2726} INFO - Sync 1 DAGs
[2026-09-21T00:39:34.588+0000] {logging_mixin.py:149} INFO - [2026-09-21T00:39:34.588+0000] {dag.py:3490} INFO - Setting next_dagrun for 2-bashoperator to 2026-09-21T00:00:00+00:00, run_after=2026-09-22T00:00:00+00:00
[2026-09-21T00:39:34.619+0000] {processor.py:178} INFO - Processing /opt/airflow/dags/2_bash_operator.py took 0.218 seconds
[2026-09-21T00:40:04.794+0000] {processor.py:156} INFO - Started process (PID=4027) to work on /opt/airflow/dags/2_bash_operator.py
[2026-09-21T00:40:04.813+0000] {processor.py:799} INFO - Processing file /opt/airflow/dags/2_bash_operator.py for tasks to queue
[2026-09-21T00:40:04.815+0000] {logging_mixin.py:149} INFO - [2026-09-21T00:40:04.814+0000] {dagbag.py:541} INFO - Filling up the DagBag from /opt/airflow/dags/2_bash_operator.py
[2026-09-21T00:40:04.832+0000] {processor.py:809} INFO - DAG(s) dict_keys(['2-bashoperator']) retrieved from /opt/airflow/dags/2_bash_operator.py
[2026-09-21T00:40:04.896+0000] {logging_mixin.py:149} INFO - [2026-09-21T00:40:04.896+0000] {dag.py:2726} INFO - Sync 1 DAGs
[2026-09-21T00:40:04.950+0000] {logging_mixin.py:149} INFO - [2026-09-21T00:40:04.950+0000] {dag.py:3490} INFO - Setting next_dagrun for 2-bashoperator to 2026-09-21T00:00:00+00:00, run_after=2026-09-22T00:00:00+00:00
[2026-09-21T00:40:05.000+0000] {processor.py:178} INFO - Processing /opt/airflow/dags/2_bash_operator.py took 0.212 seconds
[2026-09-21T00:40:35.829+0000] {processor.py:156} INFO - Started process (PID=4037) to work on /opt/airflow/dags/2_bash_operator.py
[2026-09-21T00:40:35.832+0000] {processor.py:799} INFO - Processing file /opt/airflow/dags/2_bash_operator.py for tasks to queue
[2026-09-21T00:40:35.833+0000] {logging_mixin.py:149} INFO - [2026-09-21T00:40:35.833+0000] {dagbag.py:541} INFO - Filling up the DagBag from /opt/airflow/dags/2_bash_operator.py
[2026-09-21T00:40:35.853+0000] {processor.py:809} INFO - DAG(s) dict_keys(['2-bashoperator']) retrieved from /opt/airflow/dags/2_bash_operator.py
[2026-09-21T00:40:35.901+0000] {logging_mixin.py:149} INFO - [2026-09-21T00:40:35.901+0000] {dag.py:2726} INFO - Sync 1 DAGs
[2026-09-21T00:40:35.948+0000] {logging_mixin.py:149} INFO - [2026-09-21T00:40:35.948+0000] {dag.py:3490} INFO - Setting next_dagrun for 2-bashoperator to 2026-09-21T00:00:00+00:00, run_after=2026-09-22T00:00:00+00:00
[2026-09-21T00:40:36.000+0000] {processor.py:178} INFO - Processing /opt/airflow/dags/2_bash_operator.py took 0.178 seconds
[2026-09-21T00:41:06.074+0000] {processor.py:156} INFO - Started process (PID=4047) to work on /opt/airflow/dags/2_bash_operator.py
[2026-09-21T00:41:06.077+0000] {processor.py:799} INFO - Processing file /opt/airflow/dags/2_bash_operator.py for tasks to queue
[2026-09-21T00:41:06.079+0000] {logging_mixin.py:149} INFO - [2026-09-21T00:41:06.078+0000] {dagbag.py:541} INFO - Filling up the DagBag from /opt/airflow/dags/2_bash_operator.py
[2026-09-21T00:41:06.096+0000] {processor.py:809} INFO - DAG(s) dict_keys(['2-bashoperator']) retrieved from /opt/airflow/dags/2_bash_operator.py
[2026-09-21T00:41:06.148+0000] {logging_mixin.py:149} INFO - [2026-09-21T00:41:06.148+0000] {dag.py:2726} INFO - Sync 1 DAGs
[2026-09-21T00:41:06.191+0000] {logging_mixin.py:149} INFO - [2026-09-21T00:41:06.190+0000] {dag.py:3490} INFO - Setting next_dagrun for 2-bashoperator to 2026-09-21T00:00:00+00:00, run_after=2026-09-22T00:00:00+00:00
[2026-09-21T00:41:06.232+0000] {processor.py:178} INFO - Processing /opt/airflow/dags/2_bash_operator.py took 0.165 seconds
[2026-09-21T00:41:36.557+0000] {processor.py:156} INFO - Started process (PID=4057) to work on /opt/airflow/dags/2_bash_operator.py
[2026-09-21T00:41:36.559+0000] {processor.py:799} INFO - Processing file /opt/airflow/dags/2_bash_operator.py for tasks to queue
[2026-09-21T00:41:36.560+0000] {logging_mixin.py:149} INFO - [2026-09-21T00:41:36.560+0000] {dagbag.py:541} INFO - Filling up the DagBag from /opt/airflow/dags/2_bash_operator.py
[2026-09-21T00:41:36.577+0000] {processor.py:809} INFO - DAG(s) dict_keys(['2-bashoperator']) retrieved from /opt/airflow/dags/2_bash_operator.py
[2026-09-21T00:41:36.638+0000] {logging_mixin.py:149} INFO - [2026-09-21T00:41:36.638+0000] {dag.py:2726} INFO - Sync 1 DAGs
[2026-09-21T00:41:36.682+0000] {logging_mixin.py:149} INFO - [2026-09-21T00:41:36.681+0000] {dag.py:3490} INFO - Setting next_dagrun for 2-bashoperator to 2026-09-21T00:00:00+00:00, run_after=2026-09-22T00:00:00+00:00
[2026-09-21T00:41:36.718+0000] {processor.py:178} INFO - Processing /opt/airflow/dags/2_bash_operator.py took 0.167 seconds
[2026-09-21T00:42:06.836+0000] {processor.py:156} INFO - Started process (PID=4067) to work on /opt/airflow/dags/2_bash_operator.py
[2026-09-21T00:42:06.839+0000] {processor.py:799} INFO - Processing file /opt/airflow/dags/2_bash_operator.py for tasks to queue
[2026-09-21T00:42:06.841+0000] {logging_mixin.py:149} INFO - [2026-09-21T00:42:06.841+0000] {dagbag.py:541} INFO - Filling up the DagBag from /opt/airflow/dags/2_bash_operator.py
[2026-09-21T00:42:06.860+0000] {processor.py:809} INFO - DAG(s) dict_keys(['2-bashoperator']) retrieved from /opt/airflow/dags/2_bash_operator.py
[2026-09-21T00:42:06.918+0000] {logging_mixin.py:149} INFO - [2026-09-21T00:42:06.918+0000] {dag.py:2726} INFO - Sync 1 DAGs
[2026-09-21T00:42:07.004+0000] {logging_mixin.py:149} INFO - [2026-09-21T00:42:07.004+0000] {dag.py:3490} INFO - Setting next_dagrun for 2-bashoperator to 2026-09-21T00:00:00+00:00, run_after=2026-09-22T00:00:00+00:00
[2026-09-21T00:42:07.072+0000] {processor.py:178} INFO - Processing /opt/airflow/dags/2_bash_operator.py took 0.241 seconds
[2026-09-21T00:42:37.132+0000] {processor.py:156} INFO - Started process (PID=4077) to work on /opt/airflow/dags/2_bash_operator.py
[2026-09-21T00:42:37.133+0000] {processor.py:799} INFO - Processing file /opt/airflow/dags/2_bash_operator.py for tasks to queue
[2026-09-21T00:42:37.134+0000] {logging_mixin.py:149} INFO - [2026-09-21T00:42:37.134+0000] {dagbag.py:541} INFO - Filling up the DagBag from /opt/airflow/dags/2_bash_operator.py
[2026-09-21T00:42:37.154+0000] {processor.py:809} INFO - DAG(s) dict_keys(['2-bashoperator']) retrieved from /opt/airflow/dags/2_bash_operator.py
[2026-09-21T00:42:37.205+0000] {logging_mixin.py:149} INFO - [2026-09-21T00:42:37.205+0000] {dag.py:2726} INFO - Sync 1 DAGs
[2026-09-21T00:42:37.251+0000] {logging_mixin.py:149} INFO - [2026-09-21T00:42:37.250+0000] {dag.py:3490} INFO - Setting next_dagrun for 2-bashoperator to 2026-09-21T00:00:00+00:00, run_after=2026-09-22T00:00:00+00:00
[2026-09-21T00:42:37.296+0000] {processor.py:178} INFO - Processing /opt/airflow/dags/2_bash_operator.py took 0.172 seconds
[2026-09-21T00:43:07.532+0000] {processor.py:156} INFO - Started process (PID=4087) to work on /opt/airflow/dags/2_bash_operator.py
[2026-09-21T00:43:07.535+0000] {processor.py:799} INFO - Processing file /opt/airflow/dags/2_bash_operator.py for tasks to queue
[2026-09-21T00:43:07.537+0000] {logging_mixin.py:149} INFO - [2026-09-21T00:43:07.536+0000] {dagbag.py:541} INFO - Filling up the DagBag from /opt/airflow/dags/2_bash_operator.py
[2026-09-21T00:43:07.565+0000] {processor.py:809} INFO - DAG(s) dict_keys(['2-bashoperator']) retrieved from /opt/airflow/dags/2_bash_operator.py
[2026-09-21T00:43:07.611+0000] {logging_mixin.py:149} INFO - [2026-09-21T00:43:07.611+0000] {dag.py:2726} INFO - Sync 1 DAGs
[2026-09-21T00:43:07.653+0000] {logging_mixin.py:149} INFO - [2026-09-21T00:43:07.653+0000] {dag.py:3490} INFO - Setting next_dagrun for 2-bashoperator to 2026-09-21T00:00:00+00:00, run_after=2026-09-22T00:00:00+00:00
[2026-09-21T00:43:07.681+0000] {processor.py:178} INFO - Processing /opt/airflow/dags/2_bash_operator.py took 0.160 seconds
[2026-09-21T00:43:37.878+0000] {processor.py:156} INFO - Started process (PID=4097) to work on /opt/airflow/dags/2_bash_operator.py
[2026-09-21T00:43:37.880+0000] {processor.py:799} INFO - Processing file /opt/airflow/dags/2_bash_operator.py for tasks to queue
[2026-09-21T00:43:37.881+0000] {logging_mixin.py:149} INFO - [2026-09-21T00:43:37.881+0000] {dagbag.py:541} INFO - Filling up the DagBag from /opt/airflow/dags/2_bash_operator.py
[2026-09-21T00:43:37.898+0000] {processor.py:809} INFO - DAG(s) dict_keys(['2-bashoperator']) retrieved from /opt/airflow/dags/2_bash_operator.py
[2026-09-21T00:43:37.970+0000] {logging_mixin.py:149} INFO - [2026-09-21T00:43:37.970+0000] {dag.py:2726} INFO - Sync 1 DAGs
[2026-09-21T00:43:38.010+0000] {logging_mixin.py:149} INFO - [2026-09-21T00:43:38.010+0000] {dag.py:3490} INFO - Setting next_dagrun for 2-bashoperator to 2026-09-21T00:00:00+00:00, run_after=2026-09-22T00:00:00+00:00
[2026-09-21T00:43:38.049+0000] {processor.py:178} INFO - Processing /opt/airflow/dags/2_bash_operator.py took 0.188 seconds
[2026-09-21T00:44:08.304+0000] {processor.py:156} INFO - Started process (PID=4107) to work on /opt/airflow/dags/2_bash_operator.py
[2026-09-21T00:44:08.309+0000] {processor.py:799} INFO - Processing file /opt/airflow/dags/2_bash_operator.py for tasks to queue
[2026-09-21T00:44:08.312+0000] {logging_mixin.py:149} INFO - [2026-09-21T00:44:08.311+0000] {dagbag.py:541} INFO - Filling up the DagBag from /opt/airflow/dags/2_bash_operator.py
[2026-09-21T00:44:08.330+0000] {processor.py:809} INFO - DAG(s) dict_keys(['2-bashoperator']) retrieved from /opt/airflow/dags/2_bash_operator.py
[2026-09-21T00:44:08.414+0000] {logging_mixin.py:149} INFO - [2026-09-21T00:44:08.414+0000] {dag.py:2726} INFO - Sync 1 DAGs
[2026-09-21T00:44:08.465+0000] {logging_mixin.py:149} INFO - [2026-09-21T00:44:08.465+0000] {dag.py:3490} INFO - Setting next_dagrun for 2-bashoperator to 2026-09-21T00:00:00+00:00, run_after=2026-09-22T00:00:00+00:00
[2026-09-21T00:44:08.503+0000] {processor.py:178} INFO - Processing /opt/airflow/dags/2_bash_operator.py took 0.206 seconds
[2026-09-21T00:44:38.561+0000] {processor.py:156} INFO - Started process (PID=4117) to work on /opt/airflow/dags/2_bash_operator.py
[2026-09-21T00:44:38.563+0000] {processor.py:799} INFO - Processing file /opt/airflow/dags/2_bash_operator.py for tasks to queue
[2026-09-21T00:44:38.564+0000] {logging_mixin.py:149} INFO - [2026-09-21T00:44:38.564+0000] {dagbag.py:541} INFO - Filling up the DagBag from /opt/airflow/dags/2_bash_operator.py
[2026-09-21T00:44:38.583+0000] {processor.py:809} INFO - DAG(s) dict_keys(['2-bashoperator']) retrieved from /opt/airflow/dags/2_bash_operator.py
[2026-09-21T00:44:38.638+0000] {logging_mixin.py:149} INFO - [2026-09-21T00:44:38.637+0000] {dag.py:2726} INFO - Sync 1 DAGs
[2026-09-21T00:44:38.682+0000] {logging_mixin.py:149} INFO - [2026-09-21T00:44:38.681+0000] {dag.py:3490} INFO - Setting next_dagrun for 2-bashoperator to 2026-09-21T00:00:00+00:00, run_after=2026-09-22T00:00:00+00:00
[2026-09-21T00:44:38.741+0000] {processor.py:178} INFO - Processing /opt/airflow/dags/2_bash_operator.py took 0.187 seconds
[2026-09-21T00:45:08.946+0000] {processor.py:156} INFO - Started process (PID=4127) to work on /opt/airflow/dags/2_bash_operator.py
[2026-09-21T00:45:08.951+0000] {processor.py:799} INFO - Processing file /opt/airflow/dags/2_bash_operator.py for tasks to queue
[2026-09-21T00:45:08.952+0000] {logging_mixin.py:149} INFO - [2026-09-21T00:45:08.952+0000] {dagbag.py:541} INFO - Filling up the DagBag from /opt/airflow/dags/2_bash_operator.py
[2026-09-21T00:45:08.973+0000] {processor.py:809} INFO - DAG(s) dict_keys(['2-bashoperator']) retrieved from /opt/airflow/dags/2_bash_operator.py
[2026-09-21T00:45:09.021+0000] {logging_mixin.py:149} INFO - [2026-09-21T00:45:09.021+0000] {dag.py:2726} INFO - Sync 1 DAGs
[2026-09-21T00:45:09.061+0000] {logging_mixin.py:149} INFO - [2026-09-21T00:45:09.060+0000] {dag.py:3490} INFO - Setting next_dagrun for 2-bashoperator to 2026-09-21T00:00:00+00:00, run_after=2026-09-22T00:00:00+00:00
[2026-09-21T00:45:09.092+0000] {processor.py:178} INFO - Processing /opt/airflow/dags/2_bash_operator.py took 0.151 seconds
[2026-09-21T00:45:39.913+0000] {processor.py:156} INFO - Started process (PID=4137) to work on /opt/airflow/dags/2_bash_operator.py
[2026-09-21T00:45:39.915+0000] {processor.py:799} INFO - Processing file /opt/airflow/dags/2_bash_operator.py for tasks to queue
[2026-09-21T00:45:39.924+0000] {logging_mixin.py:149} INFO - [2026-09-21T00:45:39.922+0000] {dagbag.py:541} INFO - Filling up the DagBag from /opt/airflow/dags/2_bash_operator.py
[2026-09-21T00:45:39.947+0000] {processor.py:809} INFO - DAG(s) dict_keys(['2-bashoperator']) retrieved from /opt/airflow/dags/2_bash_operator.py
[2026-09-21T00:45:39.998+0000] {logging_mixin.py:149} INFO - [2026-09-21T00:45:39.998+0000] {dag.py:2726} INFO - Sync 1 DAGs
[2026-09-21T00:45:40.055+0000] {logging_mixin.py:149} INFO - [2026-09-21T00:45:40.055+0000] {dag.py:3490} INFO - Setting next_dagrun for 2-bashoperator to 2026-09-21T00:00:00+00:00, run_after=2026-09-22T00:00:00+00:00
[2026-09-21T00:45:40.092+0000] {processor.py:178} INFO - Processing /opt/airflow/dags/2_bash_operator.py took 0.192 seconds
[2026-09-21T00:46:10.262+0000] {processor.py:156} INFO - Started process (PID=4147) to work on /opt/airflow/dags/2_bash_operator.py
[2026-09-21T00:46:10.265+0000] {processor.py:799} INFO - Processing file /opt/airflow/dags/2_bash_operator.py for tasks to queue
[2026-09-21T00:46:10.267+0000] {logging_mixin.py:149} INFO - [2026-09-21T00:46:10.266+0000] {dagbag.py:541} INFO - Filling up the DagBag from /opt/airflow/dags/2_bash_operator.py
[2026-09-21T00:46:10.286+0000] {processor.py:809} INFO - DAG(s) dict_keys(['2-bashoperator']) retrieved from /opt/airflow/dags/2_bash_operator.py
[2026-09-21T00:46:10.369+0000] {logging_mixin.py:149} INFO - [2026-09-21T00:46:10.368+0000] {dag.py:2726} INFO - Sync 1 DAGs
[2026-09-21T00:46:10.438+0000] {logging_mixin.py:149} INFO - [2026-09-21T00:46:10.438+0000] {dag.py:3490} INFO - Setting next_dagrun for 2-bashoperator to 2026-09-21T00:00:00+00:00, run_after=2026-09-22T00:00:00+00:00
[2026-09-21T00:46:10.497+0000] {processor.py:178} INFO - Processing /opt/airflow/dags/2_bash_operator.py took 0.242 seconds
[2026-09-21T00:46:40.655+0000] {processor.py:156} INFO - Started process (PID=4157) to work on /opt/airflow/dags/2_bash_operator.py
[2026-09-21T00:46:40.658+0000] {processor.py:799} INFO - Processing file /opt/airflow/dags/2_bash_operator.py for tasks to queue
[2026-09-21T00:46:40.661+0000] {logging_mixin.py:149} INFO - [2026-09-21T00:46:40.660+0000] {dagbag.py:541} INFO - Filling up the DagBag from /opt/airflow/dags/2_bash_operator.py
[2026-09-21T00:46:40.686+0000] {processor.py:809} INFO - DAG(s) dict_keys(['2-bashoperator']) retrieved from /opt/airflow/dags/2_bash_operator.py
[2026-09-21T00:46:40.747+0000] {logging_mixin.py:149} INFO - [2026-09-21T00:46:40.746+0000] {dag.py:2726} INFO - Sync 1 DAGs
[2026-09-21T00:46:40.806+0000] {logging_mixin.py:149} INFO - [2026-09-21T00:46:40.806+0000] {dag.py:3490} INFO - Setting next_dagrun for 2-bashoperator to 2026-09-21T00:00:00+00:00, run_after=2026-09-22T00:00:00+00:00
[2026-09-21T00:46:40.852+0000] {processor.py:178} INFO - Processing /opt/airflow/dags/2_bash_operator.py took 0.207 seconds
[2026-09-21T00:47:11.009+0000] {processor.py:156} INFO - Started process (PID=4167) to work on /opt/airflow/dags/2_bash_operator.py
[2026-09-21T00:47:11.012+0000] {processor.py:799} INFO - Processing file /opt/airflow/dags/2_bash_operator.py for tasks to queue
[2026-09-21T00:47:11.013+0000] {logging_mixin.py:149} INFO - [2026-09-21T00:47:11.013+0000] {dagbag.py:541} INFO - Filling up the DagBag from /opt/airflow/dags/2_bash_operator.py
[2026-09-21T00:47:11.040+0000] {processor.py:809} INFO - DAG(s) dict_keys(['2-bashoperator']) retrieved from /opt/airflow/dags/2_bash_operator.py
[2026-09-21T00:47:11.099+0000] {logging_mixin.py:149} INFO - [2026-09-21T00:47:11.099+0000] {dag.py:2726} INFO - Sync 1 DAGs
[2026-09-21T00:47:11.153+0000] {logging_mixin.py:149} INFO - [2026-09-21T00:47:11.153+0000] {dag.py:3490} INFO - Setting next_dagrun for 2-bashoperator to 2026-09-21T00:00:00+00:00, run_after=2026-09-22T00:00:00+00:00
[2026-09-21T00:47:11.222+0000] {processor.py:178} INFO - Processing /opt/airflow/dags/2_bash_operator.py took 0.219 seconds
[2026-09-21T00:47:41.499+0000] {processor.py:156} INFO - Started process (PID=4177) to work on /opt/airflow/dags/2_bash_operator.py
[2026-09-21T00:47:41.502+0000] {processor.py:799} INFO - Processing file /opt/airflow/dags/2_bash_operator.py for tasks to queue
[2026-09-21T00:47:41.503+0000] {logging_mixin.py:149} INFO - [2026-09-21T00:47:41.503+0000] {dagbag.py:541} INFO - Filling up the DagBag from /opt/airflow/dags/2_bash_operator.py
[2026-09-21T00:47:41.525+0000] {processor.py:809} INFO - DAG(s) dict_keys(['2-bashoperator']) retrieved from /opt/airflow/dags/2_bash_operator.py
[2026-09-21T00:47:41.592+0000] {logging_mixin.py:149} INFO - [2026-09-21T00:47:41.592+0000] {dag.py:2726} INFO - Sync 1 DAGs
[2026-09-21T00:47:41.639+0000] {logging_mixin.py:149} INFO - [2026-09-21T00:47:41.639+0000] {dag.py:3490} INFO - Setting next_dagrun for 2-bashoperator to 2026-09-21T00:00:00+00:00, run_after=2026-09-22T00:00:00+00:00
[2026-09-21T00:47:41.678+0000] {processor.py:178} INFO - Processing /opt/airflow/dags/2_bash_operator.py took 0.193 seconds
[2026-09-21T00:48:11.808+0000] {processor.py:156} INFO - Started process (PID=4187) to work on /opt/airflow/dags/2_bash_operator.py
[2026-09-21T00:48:11.809+0000] {processor.py:799} INFO - Processing file /opt/airflow/dags/2_bash_operator.py for tasks to queue
[2026-09-21T00:48:11.811+0000] {logging_mixin.py:149} INFO - [2026-09-21T00:48:11.810+0000] {dagbag.py:541} INFO - Filling up the DagBag from /opt/airflow/dags/2_bash_operator.py
[2026-09-21T00:48:11.828+0000] {processor.py:809} INFO - DAG(s) dict_keys(['2-bashoperator']) retrieved from /opt/airflow/dags/2_bash_operator.py
[2026-09-21T00:48:11.886+0000] {logging_mixin.py:149} INFO - [2026-09-21T00:48:11.886+0000] {dag.py:2726} INFO - Sync 1 DAGs
[2026-09-21T00:48:11.926+0000] {logging_mixin.py:149} INFO - [2026-09-21T00:48:11.926+0000] {dag.py:3490} INFO - Setting next_dagrun for 2-bashoperator to 2026-09-21T00:00:00+00:00, run_after=2026-09-22T00:00:00+00:00
[2026-09-21T00:48:11.957+0000] {processor.py:178} INFO - Processing /opt/airflow/dags/2_bash_operator.py took 0.155 seconds
[2026-09-21T00:48:42.412+0000] {processor.py:156} INFO - Started process (PID=4197) to work on /opt/airflow/dags/2_bash_operator.py
[2026-09-21T00:48:42.414+0000] {processor.py:799} INFO - Processing file /opt/airflow/dags/2_bash_operator.py for tasks to queue
[2026-09-21T00:48:42.415+0000] {logging_mixin.py:149} INFO - [2026-09-21T00:48:42.414+0000] {dagbag.py:541} INFO - Filling up the DagBag from /opt/airflow/dags/2_bash_operator.py
[2026-09-21T00:48:42.430+0000] {processor.py:809} INFO - DAG(s) dict_keys(['2-bashoperator']) retrieved from /opt/airflow/dags/2_bash_operator.py
[2026-09-21T00:48:42.477+0000] {logging_mixin.py:149} INFO - [2026-09-21T00:48:42.476+0000] {dag.py:2726} INFO - Sync 1 DAGs
[2026-09-21T00:48:42.521+0000] {logging_mixin.py:149} INFO - [2026-09-21T00:48:42.521+0000] {dag.py:3490} INFO - Setting next_dagrun for 2-bashoperator to 2026-09-21T00:00:00+00:00, run_after=2026-09-22T00:00:00+00:00
[2026-09-21T00:48:42.554+0000] {processor.py:178} INFO - Processing /opt/airflow/dags/2_bash_operator.py took 0.149 seconds
[2026-09-21T00:49:12.754+0000] {processor.py:156} INFO - Started process (PID=4207) to work on /opt/airflow/dags/2_bash_operator.py
[2026-09-21T00:49:12.760+0000] {processor.py:799} INFO - Processing file /opt/airflow/dags/2_bash_operator.py for tasks to queue
[2026-09-21T00:49:12.765+0000] {logging_mixin.py:149} INFO - [2026-09-21T00:49:12.761+0000] {dagbag.py:541} INFO - Filling up the DagBag from /opt/airflow/dags/2_bash_operator.py
[2026-09-21T00:49:12.801+0000] {processor.py:809} INFO - DAG(s) dict_keys(['2-bashoperator']) retrieved from /opt/airflow/dags/2_bash_operator.py
[2026-09-21T00:49:12.904+0000] {logging_mixin.py:149} INFO - [2026-09-21T00:49:12.903+0000] {dag.py:2726} INFO - Sync 1 DAGs
[2026-09-21T00:49:12.965+0000] {logging_mixin.py:149} INFO - [2026-09-21T00:49:12.965+0000] {dag.py:3490} INFO - Setting next_dagrun for 2-bashoperator to 2026-09-21T00:00:00+00:00, run_after=2026-09-22T00:00:00+00:00
[2026-09-21T00:49:12.997+0000] {processor.py:178} INFO - Processing /opt/airflow/dags/2_bash_operator.py took 0.251 seconds
[2026-09-21T00:49:43.822+0000] {processor.py:156} INFO - Started process (PID=4217) to work on /opt/airflow/dags/2_bash_operator.py
[2026-09-21T00:49:43.826+0000] {processor.py:799} INFO - Processing file /opt/airflow/dags/2_bash_operator.py for tasks to queue
[2026-09-21T00:49:43.827+0000] {logging_mixin.py:149} INFO - [2026-09-21T00:49:43.827+0000] {dagbag.py:541} INFO - Filling up the DagBag from /opt/airflow/dags/2_bash_operator.py
[2026-09-21T00:49:43.845+0000] {processor.py:809} INFO - DAG(s) dict_keys(['2-bashoperator']) retrieved from /opt/airflow/dags/2_bash_operator.py
[2026-09-21T00:49:43.930+0000] {logging_mixin.py:149} INFO - [2026-09-21T00:49:43.929+0000] {dag.py:2726} INFO - Sync 1 DAGs
[2026-09-21T00:49:43.988+0000] {logging_mixin.py:149} INFO - [2026-09-21T00:49:43.988+0000] {dag.py:3490} INFO - Setting next_dagrun for 2-bashoperator to 2026-09-21T00:00:00+00:00, run_after=2026-09-22T00:00:00+00:00
[2026-09-21T00:49:44.033+0000] {processor.py:178} INFO - Processing /opt/airflow/dags/2_bash_operator.py took 0.219 seconds
[2026-09-21T00:50:14.419+0000] {processor.py:156} INFO - Started process (PID=4227) to work on /opt/airflow/dags/2_bash_operator.py
[2026-09-21T00:50:14.420+0000] {processor.py:799} INFO - Processing file /opt/airflow/dags/2_bash_operator.py for tasks to queue
[2026-09-21T00:50:14.421+0000] {logging_mixin.py:149} INFO - [2026-09-21T00:50:14.421+0000] {dagbag.py:541} INFO - Filling up the DagBag from /opt/airflow/dags/2_bash_operator.py
[2026-09-21T00:50:14.440+0000] {processor.py:809} INFO - DAG(s) dict_keys(['2-bashoperator']) retrieved from /opt/airflow/dags/2_bash_operator.py
[2026-09-21T00:50:14.490+0000] {logging_mixin.py:149} INFO - [2026-09-21T00:50:14.489+0000] {dag.py:2726} INFO - Sync 1 DAGs
[2026-09-21T00:50:14.527+0000] {logging_mixin.py:149} INFO - [2026-09-21T00:50:14.527+0000] {dag.py:3490} INFO - Setting next_dagrun for 2-bashoperator to 2026-09-21T00:00:00+00:00, run_after=2026-09-22T00:00:00+00:00
[2026-09-21T00:50:14.557+0000] {processor.py:178} INFO - Processing /opt/airflow/dags/2_bash_operator.py took 0.145 seconds
[2026-09-21T00:50:45.354+0000] {processor.py:156} INFO - Started process (PID=4237) to work on /opt/airflow/dags/2_bash_operator.py
[2026-09-21T00:50:45.357+0000] {processor.py:799} INFO - Processing file /opt/airflow/dags/2_bash_operator.py for tasks to queue
[2026-09-21T00:50:45.360+0000] {logging_mixin.py:149} INFO - [2026-09-21T00:50:45.359+0000] {dagbag.py:541} INFO - Filling up the DagBag from /opt/airflow/dags/2_bash_operator.py
[2026-09-21T00:50:45.376+0000] {processor.py:809} INFO - DAG(s) dict_keys(['2-bashoperator']) retrieved from /opt/airflow/dags/2_bash_operator.py
[2026-09-21T00:50:45.422+0000] {logging_mixin.py:149} INFO - [2026-09-21T00:50:45.421+0000] {dag.py:2726} INFO - Sync 1 DAGs
[2026-09-21T00:50:45.463+0000] {logging_mixin.py:149} INFO - [2026-09-21T00:50:45.463+0000] {dag.py:3490} INFO - Setting next_dagrun for 2-bashoperator to 2026-09-21T00:00:00+00:00, run_after=2026-09-22T00:00:00+00:00
[2026-09-21T00:50:45.527+0000] {processor.py:178} INFO - Processing /opt/airflow/dags/2_bash_operator.py took 0.178 seconds
[2026-09-21T00:51:15.731+0000] {processor.py:156} INFO - Started process (PID=4247) to work on /opt/airflow/dags/2_bash_operator.py
[2026-09-21T00:51:15.733+0000] {processor.py:799} INFO - Processing file /opt/airflow/dags/2_bash_operator.py for tasks to queue
[2026-09-21T00:51:15.734+0000] {logging_mixin.py:149} INFO - [2026-09-21T00:51:15.734+0000] {dagbag.py:541} INFO - Filling up the DagBag from /opt/airflow/dags/2_bash_operator.py
[2026-09-21T00:51:15.761+0000] {processor.py:809} INFO - DAG(s) dict_keys(['2-bashoperator']) retrieved from /opt/airflow/dags/2_bash_operator.py
[2026-09-21T00:51:15.829+0000] {logging_mixin.py:149} INFO - [2026-09-21T00:51:15.828+0000] {dag.py:2726} INFO - Sync 1 DAGs
[2026-09-21T00:51:15.907+0000] {logging_mixin.py:149} INFO - [2026-09-21T00:51:15.907+0000] {dag.py:3490} INFO - Setting next_dagrun for 2-bashoperator to 2026-09-21T00:00:00+00:00, run_after=2026-09-22T00:00:00+00:00
[2026-09-21T00:51:15.953+0000] {processor.py:178} INFO - Processing /opt/airflow/dags/2_bash_operator.py took 0.227 seconds
[2026-09-21T00:51:46.008+0000] {processor.py:156} INFO - Started process (PID=4257) to work on /opt/airflow/dags/2_bash_operator.py
[2026-09-21T00:51:46.016+0000] {processor.py:799} INFO - Processing file /opt/airflow/dags/2_bash_operator.py for tasks to queue
[2026-09-21T00:51:46.017+0000] {logging_mixin.py:149} INFO - [2026-09-21T00:51:46.017+0000] {dagbag.py:541} INFO - Filling up the DagBag from /opt/airflow/dags/2_bash_operator.py
[2026-09-21T00:51:46.035+0000] {processor.py:809} INFO - DAG(s) dict_keys(['2-bashoperator']) retrieved from /opt/airflow/dags/2_bash_operator.py
[2026-09-21T00:51:46.089+0000] {logging_mixin.py:149} INFO - [2026-09-21T00:51:46.088+0000] {dag.py:2726} INFO - Sync 1 DAGs
[2026-09-21T00:51:46.150+0000] {logging_mixin.py:149} INFO - [2026-09-21T00:51:46.150+0000] {dag.py:3490} INFO - Setting next_dagrun for 2-bashoperator to 2026-09-21T00:00:00+00:00, run_after=2026-09-22T00:00:00+00:00
[2026-09-21T00:51:46.196+0000] {processor.py:178} INFO - Processing /opt/airflow/dags/2_bash_operator.py took 0.195 seconds
[2026-09-21T00:52:16.333+0000] {processor.py:156} INFO - Started process (PID=4267) to work on /opt/airflow/dags/2_bash_operator.py
[2026-09-21T00:52:16.334+0000] {processor.py:799} INFO - Processing file /opt/airflow/dags/2_bash_operator.py for tasks to queue
[2026-09-21T00:52:16.335+0000] {logging_mixin.py:149} INFO - [2026-09-21T00:52:16.335+0000] {dagbag.py:541} INFO - Filling up the DagBag from /opt/airflow/dags/2_bash_operator.py
[2026-09-21T00:52:16.351+0000] {processor.py:809} INFO - DAG(s) dict_keys(['2-bashoperator']) retrieved from /opt/airflow/dags/2_bash_operator.py
[2026-09-21T00:52:16.398+0000] {logging_mixin.py:149} INFO - [2026-09-21T00:52:16.398+0000] {dag.py:2726} INFO - Sync 1 DAGs
[2026-09-21T00:52:16.440+0000] {logging_mixin.py:149} INFO - [2026-09-21T00:52:16.439+0000] {dag.py:3490} INFO - Setting next_dagrun for 2-bashoperator to 2026-09-21T00:00:00+00:00, run_after=2026-09-22T00:00:00+00:00
[2026-09-21T00:52:16.472+0000] {processor.py:178} INFO - Processing /opt/airflow/dags/2_bash_operator.py took 0.146 seconds
[2026-09-21T00:52:46.531+0000] {processor.py:156} INFO - Started process (PID=4277) to work on /opt/airflow/dags/2_bash_operator.py
[2026-09-21T00:52:46.534+0000] {processor.py:799} INFO - Processing file /opt/airflow/dags/2_bash_operator.py for tasks to queue
[2026-09-21T00:52:46.536+0000] {logging_mixin.py:149} INFO - [2026-09-21T00:52:46.535+0000] {dagbag.py:541} INFO - Filling up the DagBag from /opt/airflow/dags/2_bash_operator.py
[2026-09-21T00:52:46.561+0000] {processor.py:809} INFO - DAG(s) dict_keys(['2-bashoperator']) retrieved from /opt/airflow/dags/2_bash_operator.py
[2026-09-21T00:52:46.626+0000] {logging_mixin.py:149} INFO - [2026-09-21T00:52:46.625+0000] {dag.py:2726} INFO - Sync 1 DAGs
[2026-09-21T00:52:46.684+0000] {logging_mixin.py:149} INFO - [2026-09-21T00:52:46.683+0000] {dag.py:3490} INFO - Setting next_dagrun for 2-bashoperator to 2026-09-21T00:00:00+00:00, run_after=2026-09-22T00:00:00+00:00
[2026-09-21T00:52:46.735+0000] {processor.py:178} INFO - Processing /opt/airflow/dags/2_bash_operator.py took 0.210 seconds
[2026-09-21T00:53:16.923+0000] {processor.py:156} INFO - Started process (PID=4287) to work on /opt/airflow/dags/2_bash_operator.py
[2026-09-21T00:53:16.924+0000] {processor.py:799} INFO - Processing file /opt/airflow/dags/2_bash_operator.py for tasks to queue
[2026-09-21T00:53:16.925+0000] {logging_mixin.py:149} INFO - [2026-09-21T00:53:16.925+0000] {dagbag.py:541} INFO - Filling up the DagBag from /opt/airflow/dags/2_bash_operator.py
[2026-09-21T00:53:16.944+0000] {processor.py:809} INFO - DAG(s) dict_keys(['2-bashoperator']) retrieved from /opt/airflow/dags/2_bash_operator.py
[2026-09-21T00:53:16.995+0000] {logging_mixin.py:149} INFO - [2026-09-21T00:53:16.995+0000] {dag.py:2726} INFO - Sync 1 DAGs
[2026-09-21T00:53:17.050+0000] {logging_mixin.py:149} INFO - [2026-09-21T00:53:17.049+0000] {dag.py:3490} INFO - Setting next_dagrun for 2-bashoperator to 2026-09-21T00:00:00+00:00, run_after=2026-09-22T00:00:00+00:00
[2026-09-21T00:53:17.093+0000] {processor.py:178} INFO - Processing /opt/airflow/dags/2_bash_operator.py took 0.177 seconds
[2026-09-21T00:53:47.228+0000] {processor.py:156} INFO - Started process (PID=4297) to work on /opt/airflow/dags/2_bash_operator.py
[2026-09-21T00:53:47.231+0000] {processor.py:799} INFO - Processing file /opt/airflow/dags/2_bash_operator.py for tasks to queue
[2026-09-21T00:53:47.235+0000] {logging_mixin.py:149} INFO - [2026-09-21T00:53:47.234+0000] {dagbag.py:541} INFO - Filling up the DagBag from /opt/airflow/dags/2_bash_operator.py
[2026-09-21T00:53:47.257+0000] {processor.py:809} INFO - DAG(s) dict_keys(['2-bashoperator']) retrieved from /opt/airflow/dags/2_bash_operator.py
[2026-09-21T00:53:47.328+0000] {logging_mixin.py:149} INFO - [2026-09-21T00:53:47.328+0000] {dag.py:2726} INFO - Sync 1 DAGs
[2026-09-21T00:53:47.372+0000] {logging_mixin.py:149} INFO - [2026-09-21T00:53:47.372+0000] {dag.py:3490} INFO - Setting next_dagrun for 2-bashoperator to 2026-09-21T00:00:00+00:00, run_after=2026-09-22T00:00:00+00:00
[2026-09-21T00:53:47.417+0000] {processor.py:178} INFO - Processing /opt/airflow/dags/2_bash_operator.py took 0.199 seconds
[2026-09-21T00:54:17.675+0000] {processor.py:156} INFO - Started process (PID=4307) to work on /opt/airflow/dags/2_bash_operator.py
[2026-09-21T00:54:17.677+0000] {processor.py:799} INFO - Processing file /opt/airflow/dags/2_bash_operator.py for tasks to queue
[2026-09-21T00:54:17.678+0000] {logging_mixin.py:149} INFO - [2026-09-21T00:54:17.678+0000] {dagbag.py:541} INFO - Filling up the DagBag from /opt/airflow/dags/2_bash_operator.py
[2026-09-21T00:54:17.705+0000] {processor.py:809} INFO - DAG(s) dict_keys(['2-bashoperator']) retrieved from /opt/airflow/dags/2_bash_operator.py
[2026-09-21T00:54:17.799+0000] {logging_mixin.py:149} INFO - [2026-09-21T00:54:17.798+0000] {dag.py:2726} INFO - Sync 1 DAGs
[2026-09-21T00:54:17.893+0000] {logging_mixin.py:149} INFO - [2026-09-21T00:54:17.893+0000] {dag.py:3490} INFO - Setting next_dagrun for 2-bashoperator to 2026-09-21T00:00:00+00:00, run_after=2026-09-22T00:00:00+00:00
[2026-09-21T00:54:17.965+0000] {processor.py:178} INFO - Processing /opt/airflow/dags/2_bash_operator.py took 0.295 seconds
[2026-09-21T00:54:48.117+0000] {processor.py:156} INFO - Started process (PID=4317) to work on /opt/airflow/dags/2_bash_operator.py
[2026-09-21T00:54:48.121+0000] {processor.py:799} INFO - Processing file /opt/airflow/dags/2_bash_operator.py for tasks to queue
[2026-09-21T00:54:48.123+0000] {logging_mixin.py:149} INFO - [2026-09-21T00:54:48.122+0000] {dagbag.py:541} INFO - Filling up the DagBag from /opt/airflow/dags/2_bash_operator.py
[2026-09-21T00:54:48.140+0000] {processor.py:809} INFO - DAG(s) dict_keys(['2-bashoperator']) retrieved from /opt/airflow/dags/2_bash_operator.py
[2026-09-21T00:54:48.212+0000] {logging_mixin.py:149} INFO - [2026-09-21T00:54:48.212+0000] {dag.py:2726} INFO - Sync 1 DAGs
[2026-09-21T00:54:48.264+0000] {logging_mixin.py:149} INFO - [2026-09-21T00:54:48.263+0000] {dag.py:3490} INFO - Setting next_dagrun for 2-bashoperator to 2026-09-21T00:00:00+00:00, run_after=2026-09-22T00:00:00+00:00
[2026-09-21T00:54:48.342+0000] {processor.py:178} INFO - Processing /opt/airflow/dags/2_bash_operator.py took 0.234 seconds
[2026-09-21T00:55:18.671+0000] {processor.py:156} INFO - Started process (PID=4327) to work on /opt/airflow/dags/2_bash_operator.py
[2026-09-21T00:55:18.672+0000] {processor.py:799} INFO - Processing file /opt/airflow/dags/2_bash_operator.py for tasks to queue
[2026-09-21T00:55:18.673+0000] {logging_mixin.py:149} INFO - [2026-09-21T00:55:18.673+0000] {dagbag.py:541} INFO - Filling up the DagBag from /opt/airflow/dags/2_bash_operator.py
[2026-09-21T00:55:18.690+0000] {processor.py:809} INFO - DAG(s) dict_keys(['2-bashoperator']) retrieved from /opt/airflow/dags/2_bash_operator.py
[2026-09-21T00:55:18.767+0000] {logging_mixin.py:149} INFO - [2026-09-21T00:55:18.766+0000] {dag.py:2726} INFO - Sync 1 DAGs
[2026-09-21T00:55:18.823+0000] {logging_mixin.py:149} INFO - [2026-09-21T00:55:18.823+0000] {dag.py:3490} INFO - Setting next_dagrun for 2-bashoperator to 2026-09-21T00:00:00+00:00, run_after=2026-09-22T00:00:00+00:00
[2026-09-21T00:55:18.869+0000] {processor.py:178} INFO - Processing /opt/airflow/dags/2_bash_operator.py took 0.209 seconds
[2026-09-21T00:55:49.724+0000] {processor.py:156} INFO - Started process (PID=4337) to work on /opt/airflow/dags/2_bash_operator.py
[2026-09-21T00:55:49.727+0000] {processor.py:799} INFO - Processing file /opt/airflow/dags/2_bash_operator.py for tasks to queue
[2026-09-21T00:55:49.728+0000] {logging_mixin.py:149} INFO - [2026-09-21T00:55:49.727+0000] {dagbag.py:541} INFO - Filling up the DagBag from /opt/airflow/dags/2_bash_operator.py
[2026-09-21T00:55:49.747+0000] {processor.py:809} INFO - DAG(s) dict_keys(['2-bashoperator']) retrieved from /opt/airflow/dags/2_bash_operator.py
[2026-09-21T00:55:49.799+0000] {logging_mixin.py:149} INFO - [2026-09-21T00:55:49.798+0000] {dag.py:2726} INFO - Sync 1 DAGs
[2026-09-21T00:55:49.856+0000] {logging_mixin.py:149} INFO - [2026-09-21T00:55:49.855+0000] {dag.py:3490} INFO - Setting next_dagrun for 2-bashoperator to 2026-09-21T00:00:00+00:00, run_after=2026-09-22T00:00:00+00:00
[2026-09-21T00:55:49.891+0000] {processor.py:178} INFO - Processing /opt/airflow/dags/2_bash_operator.py took 0.174 seconds
[2026-09-21T00:56:20.921+0000] {processor.py:156} INFO - Started process (PID=4347) to work on /opt/airflow/dags/2_bash_operator.py
[2026-09-21T00:56:20.926+0000] {processor.py:799} INFO - Processing file /opt/airflow/dags/2_bash_operator.py for tasks to queue
[2026-09-21T00:56:20.929+0000] {logging_mixin.py:149} INFO - [2026-09-21T00:56:20.929+0000] {dagbag.py:541} INFO - Filling up the DagBag from /opt/airflow/dags/2_bash_operator.py
[2026-09-21T00:56:20.996+0000] {processor.py:809} INFO - DAG(s) dict_keys(['2-bashoperator']) retrieved from /opt/airflow/dags/2_bash_operator.py
[2026-09-21T00:56:21.065+0000] {logging_mixin.py:149} INFO - [2026-09-21T00:56:21.065+0000] {dag.py:2726} INFO - Sync 1 DAGs
[2026-09-21T00:56:21.119+0000] {logging_mixin.py:149} INFO - [2026-09-21T00:56:21.119+0000] {dag.py:3490} INFO - Setting next_dagrun for 2-bashoperator to 2026-09-21T00:00:00+00:00, run_after=2026-09-22T00:00:00+00:00
[2026-09-21T00:56:21.158+0000] {processor.py:178} INFO - Processing /opt/airflow/dags/2_bash_operator.py took 0.249 seconds
[2026-09-21T00:56:51.447+0000] {processor.py:156} INFO - Started process (PID=4357) to work on /opt/airflow/dags/2_bash_operator.py
[2026-09-21T00:56:51.450+0000] {processor.py:799} INFO - Processing file /opt/airflow/dags/2_bash_operator.py for tasks to queue
[2026-09-21T00:56:51.451+0000] {logging_mixin.py:149} INFO - [2026-09-21T00:56:51.451+0000] {dagbag.py:541} INFO - Filling up the DagBag from /opt/airflow/dags/2_bash_operator.py
[2026-09-21T00:56:51.471+0000] {processor.py:809} INFO - DAG(s) dict_keys(['2-bashoperator']) retrieved from /opt/airflow/dags/2_bash_operator.py
[2026-09-21T00:56:51.550+0000] {logging_mixin.py:149} INFO - [2026-09-21T00:56:51.550+0000] {dag.py:2726} INFO - Sync 1 DAGs
[2026-09-21T00:56:51.607+0000] {logging_mixin.py:149} INFO - [2026-09-21T00:56:51.606+0000] {dag.py:3490} INFO - Setting next_dagrun for 2-bashoperator to 2026-09-21T00:00:00+00:00, run_after=2026-09-22T00:00:00+00:00
[2026-09-21T00:56:51.652+0000] {processor.py:178} INFO - Processing /opt/airflow/dags/2_bash_operator.py took 0.219 seconds
[2026-09-21T00:57:21.851+0000] {processor.py:156} INFO - Started process (PID=4367) to work on /opt/airflow/dags/2_bash_operator.py
[2026-09-21T00:57:21.853+0000] {processor.py:799} INFO - Processing file /opt/airflow/dags/2_bash_operator.py for tasks to queue
[2026-09-21T00:57:21.854+0000] {logging_mixin.py:149} INFO - [2026-09-21T00:57:21.854+0000] {dagbag.py:541} INFO - Filling up the DagBag from /opt/airflow/dags/2_bash_operator.py
[2026-09-21T00:57:21.899+0000] {processor.py:809} INFO - DAG(s) dict_keys(['2-bashoperator']) retrieved from /opt/airflow/dags/2_bash_operator.py
[2026-09-21T00:57:21.978+0000] {logging_mixin.py:149} INFO - [2026-09-21T00:57:21.977+0000] {dag.py:2726} INFO - Sync 1 DAGs
[2026-09-21T00:57:22.036+0000] {logging_mixin.py:149} INFO - [2026-09-21T00:57:22.036+0000] {dag.py:3490} INFO - Setting next_dagrun for 2-bashoperator to 2026-09-21T00:00:00+00:00, run_after=2026-09-22T00:00:00+00:00
[2026-09-21T00:57:22.077+0000] {processor.py:178} INFO - Processing /opt/airflow/dags/2_bash_operator.py took 0.233 seconds
[2026-09-21T00:57:52.162+0000] {processor.py:156} INFO - Started process (PID=4377) to work on /opt/airflow/dags/2_bash_operator.py
[2026-09-21T00:57:52.168+0000] {processor.py:799} INFO - Processing file /opt/airflow/dags/2_bash_operator.py for tasks to queue
[2026-09-21T00:57:52.169+0000] {logging_mixin.py:149} INFO - [2026-09-21T00:57:52.169+0000] {dagbag.py:541} INFO - Filling up the DagBag from /opt/airflow/dags/2_bash_operator.py
[2026-09-21T00:57:52.201+0000] {processor.py:809} INFO - DAG(s) dict_keys(['2-bashoperator']) retrieved from /opt/airflow/dags/2_bash_operator.py
[2026-09-21T00:57:52.252+0000] {logging_mixin.py:149} INFO - [2026-09-21T00:57:52.252+0000] {dag.py:2726} INFO - Sync 1 DAGs
[2026-09-21T00:57:52.293+0000] {logging_mixin.py:149} INFO - [2026-09-21T00:57:52.293+0000] {dag.py:3490} INFO - Setting next_dagrun for 2-bashoperator to 2026-09-21T00:00:00+00:00, run_after=2026-09-22T00:00:00+00:00
[2026-09-21T00:57:52.322+0000] {processor.py:178} INFO - Processing /opt/airflow/dags/2_bash_operator.py took 0.170 seconds
[2026-09-21T00:58:22.495+0000] {processor.py:156} INFO - Started process (PID=4387) to work on /opt/airflow/dags/2_bash_operator.py
[2026-09-21T00:58:22.499+0000] {processor.py:799} INFO - Processing file /opt/airflow/dags/2_bash_operator.py for tasks to queue
[2026-09-21T00:58:22.500+0000] {logging_mixin.py:149} INFO - [2026-09-21T00:58:22.500+0000] {dagbag.py:541} INFO - Filling up the DagBag from /opt/airflow/dags/2_bash_operator.py
[2026-09-21T00:58:22.529+0000] {processor.py:809} INFO - DAG(s) dict_keys(['2-bashoperator']) retrieved from /opt/airflow/dags/2_bash_operator.py
[2026-09-21T00:58:22.599+0000] {logging_mixin.py:149} INFO - [2026-09-21T00:58:22.599+0000] {dag.py:2726} INFO - Sync 1 DAGs
[2026-09-21T00:58:22.675+0000] {logging_mixin.py:149} INFO - [2026-09-21T00:58:22.675+0000] {dag.py:3490} INFO - Setting next_dagrun for 2-bashoperator to 2026-09-21T00:00:00+00:00, run_after=2026-09-22T00:00:00+00:00
[2026-09-21T00:58:22.731+0000] {processor.py:178} INFO - Processing /opt/airflow/dags/2_bash_operator.py took 0.243 seconds
[2026-09-21T00:58:53.576+0000] {processor.py:156} INFO - Started process (PID=4397) to work on /opt/airflow/dags/2_bash_operator.py
[2026-09-21T00:58:53.581+0000] {processor.py:799} INFO - Processing file /opt/airflow/dags/2_bash_operator.py for tasks to queue
[2026-09-21T00:58:53.582+0000] {logging_mixin.py:149} INFO - [2026-09-21T00:58:53.582+0000] {dagbag.py:541} INFO - Filling up the DagBag from /opt/airflow/dags/2_bash_operator.py
[2026-09-21T00:58:53.596+0000] {processor.py:809} INFO - DAG(s) dict_keys(['2-bashoperator']) retrieved from /opt/airflow/dags/2_bash_operator.py
[2026-09-21T00:58:53.661+0000] {logging_mixin.py:149} INFO - [2026-09-21T00:58:53.661+0000] {dag.py:2726} INFO - Sync 1 DAGs
[2026-09-21T00:58:53.724+0000] {logging_mixin.py:149} INFO - [2026-09-21T00:58:53.724+0000] {dag.py:3490} INFO - Setting next_dagrun for 2-bashoperator to 2026-09-21T00:00:00+00:00, run_after=2026-09-22T00:00:00+00:00
[2026-09-21T00:58:53.752+0000] {processor.py:178} INFO - Processing /opt/airflow/dags/2_bash_operator.py took 0.182 seconds
[2026-09-21T00:59:23.919+0000] {processor.py:156} INFO - Started process (PID=4407) to work on /opt/airflow/dags/2_bash_operator.py
[2026-09-21T00:59:23.922+0000] {processor.py:799} INFO - Processing file /opt/airflow/dags/2_bash_operator.py for tasks to queue
[2026-09-21T00:59:23.933+0000] {logging_mixin.py:149} INFO - [2026-09-21T00:59:23.933+0000] {dagbag.py:541} INFO - Filling up the DagBag from /opt/airflow/dags/2_bash_operator.py
[2026-09-21T00:59:23.961+0000] {processor.py:809} INFO - DAG(s) dict_keys(['2-bashoperator']) retrieved from /opt/airflow/dags/2_bash_operator.py
[2026-09-21T00:59:24.089+0000] {logging_mixin.py:149} INFO - [2026-09-21T00:59:24.088+0000] {dag.py:2726} INFO - Sync 1 DAGs
[2026-09-21T00:59:24.223+0000] {logging_mixin.py:149} INFO - [2026-09-21T00:59:24.223+0000] {dag.py:3490} INFO - Setting next_dagrun for 2-bashoperator to 2026-09-21T00:00:00+00:00, run_after=2026-09-22T00:00:00+00:00
[2026-09-21T00:59:24.262+0000] {processor.py:178} INFO - Processing /opt/airflow/dags/2_bash_operator.py took 0.354 seconds
[2026-09-21T00:59:54.400+0000] {processor.py:156} INFO - Started process (PID=4417) to work on /opt/airflow/dags/2_bash_operator.py
[2026-09-21T00:59:54.431+0000] {processor.py:799} INFO - Processing file /opt/airflow/dags/2_bash_operator.py for tasks to queue
[2026-09-21T00:59:54.432+0000] {logging_mixin.py:149} INFO - [2026-09-21T00:59:54.432+0000] {dagbag.py:541} INFO - Filling up the DagBag from /opt/airflow/dags/2_bash_operator.py
[2026-09-21T00:59:54.468+0000] {processor.py:809} INFO - DAG(s) dict_keys(['2-bashoperator']) retrieved from /opt/airflow/dags/2_bash_operator.py
[2026-09-21T00:59:54.587+0000] {logging_mixin.py:149} INFO - [2026-09-21T00:59:54.587+0000] {dag.py:2726} INFO - Sync 1 DAGs
[2026-09-21T00:59:54.677+0000] {logging_mixin.py:149} INFO - [2026-09-21T00:59:54.676+0000] {dag.py:3490} INFO - Setting next_dagrun for 2-bashoperator to 2026-09-21T00:00:00+00:00, run_after=2026-09-22T00:00:00+00:00
[2026-09-21T00:59:54.731+0000] {processor.py:178} INFO - Processing /opt/airflow/dags/2_bash_operator.py took 0.338 seconds
[2026-09-21T01:00:25.082+0000] {processor.py:156} INFO - Started process (PID=4427) to work on /opt/airflow/dags/2_bash_operator.py
[2026-09-21T01:00:25.089+0000] {processor.py:799} INFO - Processing file /opt/airflow/dags/2_bash_operator.py for tasks to queue
[2026-09-21T01:00:25.090+0000] {logging_mixin.py:149} INFO - [2026-09-21T01:00:25.090+0000] {dagbag.py:541} INFO - Filling up the DagBag from /opt/airflow/dags/2_bash_operator.py
[2026-09-21T01:00:25.123+0000] {processor.py:809} INFO - DAG(s) dict_keys(['2-bashoperator']) retrieved from /opt/airflow/dags/2_bash_operator.py
[2026-09-21T01:00:25.179+0000] {logging_mixin.py:149} INFO - [2026-09-21T01:00:25.178+0000] {dag.py:2726} INFO - Sync 1 DAGs
[2026-09-21T01:00:25.219+0000] {logging_mixin.py:149} INFO - [2026-09-21T01:00:25.219+0000] {dag.py:3490} INFO - Setting next_dagrun for 2-bashoperator to 2026-09-21T00:00:00+00:00, run_after=2026-09-22T00:00:00+00:00
[2026-09-21T01:00:25.264+0000] {processor.py:178} INFO - Processing /opt/airflow/dags/2_bash_operator.py took 0.189 seconds
[2026-09-21T01:00:56.256+0000] {processor.py:156} INFO - Started process (PID=4437) to work on /opt/airflow/dags/2_bash_operator.py
[2026-09-21T01:00:56.264+0000] {processor.py:799} INFO - Processing file /opt/airflow/dags/2_bash_operator.py for tasks to queue
[2026-09-21T01:00:56.265+0000] {logging_mixin.py:149} INFO - [2026-09-21T01:00:56.265+0000] {dagbag.py:541} INFO - Filling up the DagBag from /opt/airflow/dags/2_bash_operator.py
[2026-09-21T01:00:56.285+0000] {processor.py:809} INFO - DAG(s) dict_keys(['2-bashoperator']) retrieved from /opt/airflow/dags/2_bash_operator.py
[2026-09-21T01:00:56.362+0000] {logging_mixin.py:149} INFO - [2026-09-21T01:00:56.362+0000] {dag.py:2726} INFO - Sync 1 DAGs
[2026-09-21T01:00:56.445+0000] {logging_mixin.py:149} INFO - [2026-09-21T01:00:56.445+0000] {dag.py:3490} INFO - Setting next_dagrun for 2-bashoperator to 2026-09-21T00:00:00+00:00, run_after=2026-09-22T00:00:00+00:00
[2026-09-21T01:00:56.527+0000] {processor.py:178} INFO - Processing /opt/airflow/dags/2_bash_operator.py took 0.278 seconds
[2026-09-21T01:01:26.708+0000] {processor.py:156} INFO - Started process (PID=4447) to work on /opt/airflow/dags/2_bash_operator.py
[2026-09-21T01:01:26.710+0000] {processor.py:799} INFO - Processing file /opt/airflow/dags/2_bash_operator.py for tasks to queue
[2026-09-21T01:01:26.711+0000] {logging_mixin.py:149} INFO - [2026-09-21T01:01:26.711+0000] {dagbag.py:541} INFO - Filling up the DagBag from /opt/airflow/dags/2_bash_operator.py
[2026-09-21T01:01:26.736+0000] {processor.py:809} INFO - DAG(s) dict_keys(['2-bashoperator']) retrieved from /opt/airflow/dags/2_bash_operator.py
[2026-09-21T01:01:26.817+0000] {logging_mixin.py:149} INFO - [2026-09-21T01:01:26.817+0000] {dag.py:2726} INFO - Sync 1 DAGs
[2026-09-21T01:01:26.860+0000] {logging_mixin.py:149} INFO - [2026-09-21T01:01:26.859+0000] {dag.py:3490} INFO - Setting next_dagrun for 2-bashoperator to 2026-09-21T00:00:00+00:00, run_after=2026-09-22T00:00:00+00:00
[2026-09-21T01:01:26.892+0000] {processor.py:178} INFO - Processing /opt/airflow/dags/2_bash_operator.py took 0.193 seconds
[2026-09-21T01:01:57.164+0000] {processor.py:156} INFO - Started process (PID=4457) to work on /opt/airflow/dags/2_bash_operator.py
[2026-09-21T01:01:57.169+0000] {processor.py:799} INFO - Processing file /opt/airflow/dags/2_bash_operator.py for tasks to queue
[2026-09-21T01:01:57.170+0000] {logging_mixin.py:149} INFO - [2026-09-21T01:01:57.170+0000] {dagbag.py:541} INFO - Filling up the DagBag from /opt/airflow/dags/2_bash_operator.py
[2026-09-21T01:01:57.201+0000] {processor.py:809} INFO - DAG(s) dict_keys(['2-bashoperator']) retrieved from /opt/airflow/dags/2_bash_operator.py
[2026-09-21T01:01:57.266+0000] {logging_mixin.py:149} INFO - [2026-09-21T01:01:57.266+0000] {dag.py:2726} INFO - Sync 1 DAGs
[2026-09-21T01:01:57.307+0000] {logging_mixin.py:149} INFO - [2026-09-21T01:01:57.306+0000] {dag.py:3490} INFO - Setting next_dagrun for 2-bashoperator to 2026-09-21T00:00:00+00:00, run_after=2026-09-22T00:00:00+00:00
[2026-09-21T01:01:57.353+0000] {processor.py:178} INFO - Processing /opt/airflow/dags/2_bash_operator.py took 0.197 seconds
[2026-09-21T01:02:27.642+0000] {processor.py:156} INFO - Started process (PID=4467) to work on /opt/airflow/dags/2_bash_operator.py
[2026-09-21T01:02:27.647+0000] {processor.py:799} INFO - Processing file /opt/airflow/dags/2_bash_operator.py for tasks to queue
[2026-09-21T01:02:27.649+0000] {logging_mixin.py:149} INFO - [2026-09-21T01:02:27.649+0000] {dagbag.py:541} INFO - Filling up the DagBag from /opt/airflow/dags/2_bash_operator.py
[2026-09-21T01:02:27.694+0000] {processor.py:809} INFO - DAG(s) dict_keys(['2-bashoperator']) retrieved from /opt/airflow/dags/2_bash_operator.py
[2026-09-21T01:02:27.790+0000] {logging_mixin.py:149} INFO - [2026-09-21T01:02:27.790+0000] {dag.py:2726} INFO - Sync 1 DAGs
[2026-09-21T01:02:27.867+0000] {logging_mixin.py:149} INFO - [2026-09-21T01:02:27.867+0000] {dag.py:3490} INFO - Setting next_dagrun for 2-bashoperator to 2026-09-21T00:00:00+00:00, run_after=2026-09-22T00:00:00+00:00
[2026-09-21T01:02:27.914+0000] {processor.py:178} INFO - Processing /opt/airflow/dags/2_bash_operator.py took 0.300 seconds
[2026-09-21T01:02:58.099+0000] {processor.py:156} INFO - Started process (PID=4477) to work on /opt/airflow/dags/2_bash_operator.py
[2026-09-21T01:02:58.101+0000] {processor.py:799} INFO - Processing file /opt/airflow/dags/2_bash_operator.py for tasks to queue
[2026-09-21T01:02:58.107+0000] {logging_mixin.py:149} INFO - [2026-09-21T01:02:58.107+0000] {dagbag.py:541} INFO - Filling up the DagBag from /opt/airflow/dags/2_bash_operator.py
[2026-09-21T01:02:58.136+0000] {processor.py:809} INFO - DAG(s) dict_keys(['2-bashoperator']) retrieved from /opt/airflow/dags/2_bash_operator.py
[2026-09-21T01:02:58.191+0000] {logging_mixin.py:149} INFO - [2026-09-21T01:02:58.191+0000] {dag.py:2726} INFO - Sync 1 DAGs
[2026-09-21T01:02:58.238+0000] {logging_mixin.py:149} INFO - [2026-09-21T01:02:58.238+0000] {dag.py:3490} INFO - Setting next_dagrun for 2-bashoperator to 2026-09-21T00:00:00+00:00, run_after=2026-09-22T00:00:00+00:00
[2026-09-21T01:02:58.283+0000] {processor.py:178} INFO - Processing /opt/airflow/dags/2_bash_operator.py took 0.189 seconds
[2026-09-21T01:03:28.920+0000] {processor.py:156} INFO - Started process (PID=4487) to work on /opt/airflow/dags/2_bash_operator.py
[2026-09-21T01:03:28.924+0000] {processor.py:799} INFO - Processing file /opt/airflow/dags/2_bash_operator.py for tasks to queue
[2026-09-21T01:03:28.935+0000] {logging_mixin.py:149} INFO - [2026-09-21T01:03:28.934+0000] {dagbag.py:541} INFO - Filling up the DagBag from /opt/airflow/dags/2_bash_operator.py
[2026-09-21T01:03:28.970+0000] {processor.py:809} INFO - DAG(s) dict_keys(['2-bashoperator']) retrieved from /opt/airflow/dags/2_bash_operator.py
[2026-09-21T01:03:29.024+0000] {logging_mixin.py:149} INFO - [2026-09-21T01:03:29.024+0000] {dag.py:2726} INFO - Sync 1 DAGs
[2026-09-21T01:03:29.056+0000] {logging_mixin.py:149} INFO - [2026-09-21T01:03:29.056+0000] {dag.py:3490} INFO - Setting next_dagrun for 2-bashoperator to 2026-09-21T00:00:00+00:00, run_after=2026-09-22T00:00:00+00:00
[2026-09-21T01:03:29.082+0000] {processor.py:178} INFO - Processing /opt/airflow/dags/2_bash_operator.py took 0.167 seconds
[2026-09-21T01:03:59.730+0000] {processor.py:156} INFO - Started process (PID=4497) to work on /opt/airflow/dags/2_bash_operator.py
[2026-09-21T01:03:59.733+0000] {processor.py:799} INFO - Processing file /opt/airflow/dags/2_bash_operator.py for tasks to queue
[2026-09-21T01:03:59.734+0000] {logging_mixin.py:149} INFO - [2026-09-21T01:03:59.734+0000] {dagbag.py:541} INFO - Filling up the DagBag from /opt/airflow/dags/2_bash_operator.py
[2026-09-21T01:03:59.758+0000] {processor.py:809} INFO - DAG(s) dict_keys(['2-bashoperator']) retrieved from /opt/airflow/dags/2_bash_operator.py
[2026-09-21T01:03:59.820+0000] {logging_mixin.py:149} INFO - [2026-09-21T01:03:59.819+0000] {dag.py:2726} INFO - Sync 1 DAGs
[2026-09-21T01:03:59.867+0000] {logging_mixin.py:149} INFO - [2026-09-21T01:03:59.866+0000] {dag.py:3490} INFO - Setting next_dagrun for 2-bashoperator to 2026-09-21T00:00:00+00:00, run_after=2026-09-22T00:00:00+00:00
[2026-09-21T01:03:59.911+0000] {processor.py:178} INFO - Processing /opt/airflow/dags/2_bash_operator.py took 0.195 seconds
[2026-09-21T01:04:30.253+0000] {processor.py:156} INFO - Started process (PID=4507) to work on /opt/airflow/dags/2_bash_operator.py
[2026-09-21T01:04:30.255+0000] {processor.py:799} INFO - Processing file /opt/airflow/dags/2_bash_operator.py for tasks to queue
[2026-09-21T01:04:30.256+0000] {logging_mixin.py:149} INFO - [2026-09-21T01:04:30.256+0000] {dagbag.py:541} INFO - Filling up the DagBag from /opt/airflow/dags/2_bash_operator.py
[2026-09-21T01:04:30.274+0000] {processor.py:809} INFO - DAG(s) dict_keys(['2-bashoperator']) retrieved from /opt/airflow/dags/2_bash_operator.py
[2026-09-21T01:04:30.337+0000] {logging_mixin.py:149} INFO - [2026-09-21T01:04:30.337+0000] {dag.py:2726} INFO - Sync 1 DAGs
[2026-09-21T01:04:30.410+0000] {logging_mixin.py:149} INFO - [2026-09-21T01:04:30.410+0000] {dag.py:3490} INFO - Setting next_dagrun for 2-bashoperator to 2026-09-21T00:00:00+00:00, run_after=2026-09-22T00:00:00+00:00
[2026-09-21T01:04:30.469+0000] {processor.py:178} INFO - Processing /opt/airflow/dags/2_bash_operator.py took 0.223 seconds
[2026-09-21T01:05:00.649+0000] {processor.py:156} INFO - Started process (PID=4517) to work on /opt/airflow/dags/2_bash_operator.py
[2026-09-21T01:05:00.653+0000] {processor.py:799} INFO - Processing file /opt/airflow/dags/2_bash_operator.py for tasks to queue
[2026-09-21T01:05:00.654+0000] {logging_mixin.py:149} INFO - [2026-09-21T01:05:00.654+0000] {dagbag.py:541} INFO - Filling up the DagBag from /opt/airflow/dags/2_bash_operator.py
[2026-09-21T01:05:00.722+0000] {processor.py:809} INFO - DAG(s) dict_keys(['2-bashoperator']) retrieved from /opt/airflow/dags/2_bash_operator.py
[2026-09-21T01:05:00.819+0000] {logging_mixin.py:149} INFO - [2026-09-21T01:05:00.819+0000] {dag.py:2726} INFO - Sync 1 DAGs
[2026-09-21T01:05:00.896+0000] {logging_mixin.py:149} INFO - [2026-09-21T01:05:00.896+0000] {dag.py:3490} INFO - Setting next_dagrun for 2-bashoperator to 2026-09-21T00:00:00+00:00, run_after=2026-09-22T00:00:00+00:00
[2026-09-21T01:05:00.955+0000] {processor.py:178} INFO - Processing /opt/airflow/dags/2_bash_operator.py took 0.316 seconds
[2026-09-21T01:05:31.993+0000] {processor.py:156} INFO - Started process (PID=4527) to work on /opt/airflow/dags/2_bash_operator.py
[2026-09-21T01:05:31.999+0000] {processor.py:799} INFO - Processing file /opt/airflow/dags/2_bash_operator.py for tasks to queue
[2026-09-21T01:05:32.000+0000] {logging_mixin.py:149} INFO - [2026-09-21T01:05:32.000+0000] {dagbag.py:541} INFO - Filling up the DagBag from /opt/airflow/dags/2_bash_operator.py
[2026-09-21T01:05:32.030+0000] {processor.py:809} INFO - DAG(s) dict_keys(['2-bashoperator']) retrieved from /opt/airflow/dags/2_bash_operator.py
[2026-09-21T01:05:32.106+0000] {logging_mixin.py:149} INFO - [2026-09-21T01:05:32.103+0000] {dag.py:2726} INFO - Sync 1 DAGs
[2026-09-21T01:05:32.191+0000] {logging_mixin.py:149} INFO - [2026-09-21T01:05:32.188+0000] {dag.py:3490} INFO - Setting next_dagrun for 2-bashoperator to 2026-09-21T00:00:00+00:00, run_after=2026-09-22T00:00:00+00:00
[2026-09-21T01:05:32.259+0000] {processor.py:178} INFO - Processing /opt/airflow/dags/2_bash_operator.py took 0.275 seconds
[2026-09-21T01:06:02.326+0000] {processor.py:156} INFO - Started process (PID=4537) to work on /opt/airflow/dags/2_bash_operator.py
[2026-09-21T01:06:02.329+0000] {processor.py:799} INFO - Processing file /opt/airflow/dags/2_bash_operator.py for tasks to queue
[2026-09-21T01:06:02.333+0000] {logging_mixin.py:149} INFO - [2026-09-21T01:06:02.333+0000] {dagbag.py:541} INFO - Filling up the DagBag from /opt/airflow/dags/2_bash_operator.py
[2026-09-21T01:06:02.360+0000] {processor.py:809} INFO - DAG(s) dict_keys(['2-bashoperator']) retrieved from /opt/airflow/dags/2_bash_operator.py
[2026-09-21T01:06:02.448+0000] {logging_mixin.py:149} INFO - [2026-09-21T01:06:02.447+0000] {dag.py:2726} INFO - Sync 1 DAGs
[2026-09-21T01:06:02.500+0000] {logging_mixin.py:149} INFO - [2026-09-21T01:06:02.500+0000] {dag.py:3490} INFO - Setting next_dagrun for 2-bashoperator to 2026-09-21T00:00:00+00:00, run_after=2026-09-22T00:00:00+00:00
[2026-09-21T01:06:02.560+0000] {processor.py:178} INFO - Processing /opt/airflow/dags/2_bash_operator.py took 0.244 seconds
[2026-09-21T01:06:32.702+0000] {processor.py:156} INFO - Started process (PID=4547) to work on /opt/airflow/dags/2_bash_operator.py
[2026-09-21T01:06:32.705+0000] {processor.py:799} INFO - Processing file /opt/airflow/dags/2_bash_operator.py for tasks to queue
[2026-09-21T01:06:32.706+0000] {logging_mixin.py:149} INFO - [2026-09-21T01:06:32.706+0000] {dagbag.py:541} INFO - Filling up the DagBag from /opt/airflow/dags/2_bash_operator.py
[2026-09-21T01:06:32.726+0000] {processor.py:809} INFO - DAG(s) dict_keys(['2-bashoperator']) retrieved from /opt/airflow/dags/2_bash_operator.py
[2026-09-21T01:06:32.807+0000] {logging_mixin.py:149} INFO - [2026-09-21T01:06:32.807+0000] {dag.py:2726} INFO - Sync 1 DAGs
[2026-09-21T01:06:32.870+0000] {logging_mixin.py:149} INFO - [2026-09-21T01:06:32.870+0000] {dag.py:3490} INFO - Setting next_dagrun for 2-bashoperator to 2026-09-21T00:00:00+00:00, run_after=2026-09-22T00:00:00+00:00
[2026-09-21T01:06:32.901+0000] {processor.py:178} INFO - Processing /opt/airflow/dags/2_bash_operator.py took 0.206 seconds
[2026-09-21T01:07:03.130+0000] {processor.py:156} INFO - Started process (PID=4557) to work on /opt/airflow/dags/2_bash_operator.py
[2026-09-21T01:07:03.132+0000] {processor.py:799} INFO - Processing file /opt/airflow/dags/2_bash_operator.py for tasks to queue
[2026-09-21T01:07:03.133+0000] {logging_mixin.py:149} INFO - [2026-09-21T01:07:03.132+0000] {dagbag.py:541} INFO - Filling up the DagBag from /opt/airflow/dags/2_bash_operator.py
[2026-09-21T01:07:03.159+0000] {processor.py:809} INFO - DAG(s) dict_keys(['2-bashoperator']) retrieved from /opt/airflow/dags/2_bash_operator.py
[2026-09-21T01:07:03.231+0000] {logging_mixin.py:149} INFO - [2026-09-21T01:07:03.231+0000] {dag.py:2726} INFO - Sync 1 DAGs
[2026-09-21T01:07:03.271+0000] {logging_mixin.py:149} INFO - [2026-09-21T01:07:03.270+0000] {dag.py:3490} INFO - Setting next_dagrun for 2-bashoperator to 2026-09-21T00:00:00+00:00, run_after=2026-09-22T00:00:00+00:00
[2026-09-21T01:07:03.302+0000] {processor.py:178} INFO - Processing /opt/airflow/dags/2_bash_operator.py took 0.180 seconds
[2026-09-21T01:07:34.089+0000] {processor.py:156} INFO - Started process (PID=4567) to work on /opt/airflow/dags/2_bash_operator.py
[2026-09-21T01:07:34.090+0000] {processor.py:799} INFO - Processing file /opt/airflow/dags/2_bash_operator.py for tasks to queue
[2026-09-21T01:07:34.091+0000] {logging_mixin.py:149} INFO - [2026-09-21T01:07:34.091+0000] {dagbag.py:541} INFO - Filling up the DagBag from /opt/airflow/dags/2_bash_operator.py
[2026-09-21T01:07:34.130+0000] {processor.py:809} INFO - DAG(s) dict_keys(['2-bashoperator']) retrieved from /opt/airflow/dags/2_bash_operator.py
[2026-09-21T01:07:34.211+0000] {logging_mixin.py:149} INFO - [2026-09-21T01:07:34.210+0000] {dag.py:2726} INFO - Sync 1 DAGs
[2026-09-21T01:07:34.265+0000] {logging_mixin.py:149} INFO - [2026-09-21T01:07:34.265+0000] {dag.py:3490} INFO - Setting next_dagrun for 2-bashoperator to 2026-09-21T00:00:00+00:00, run_after=2026-09-22T00:00:00+00:00
[2026-09-21T01:07:34.317+0000] {processor.py:178} INFO - Processing /opt/airflow/dags/2_bash_operator.py took 0.236 seconds
[2026-09-21T01:08:05.162+0000] {processor.py:156} INFO - Started process (PID=4577) to work on /opt/airflow/dags/2_bash_operator.py
[2026-09-21T01:08:05.163+0000] {processor.py:799} INFO - Processing file /opt/airflow/dags/2_bash_operator.py for tasks to queue
[2026-09-21T01:08:05.164+0000] {logging_mixin.py:149} INFO - [2026-09-21T01:08:05.164+0000] {dagbag.py:541} INFO - Filling up the DagBag from /opt/airflow/dags/2_bash_operator.py
[2026-09-21T01:08:05.183+0000] {processor.py:809} INFO - DAG(s) dict_keys(['2-bashoperator']) retrieved from /opt/airflow/dags/2_bash_operator.py
[2026-09-21T01:08:05.325+0000] {logging_mixin.py:149} INFO - [2026-09-21T01:08:05.324+0000] {dag.py:2726} INFO - Sync 1 DAGs
[2026-09-21T01:08:05.396+0000] {logging_mixin.py:149} INFO - [2026-09-21T01:08:05.396+0000] {dag.py:3490} INFO - Setting next_dagrun for 2-bashoperator to 2026-09-21T00:00:00+00:00, run_after=2026-09-22T00:00:00+00:00
[2026-09-21T01:08:05.446+0000] {processor.py:178} INFO - Processing /opt/airflow/dags/2_bash_operator.py took 0.294 seconds
[2026-09-21T01:08:35.628+0000] {processor.py:156} INFO - Started process (PID=4587) to work on /opt/airflow/dags/2_bash_operator.py
[2026-09-21T01:08:35.635+0000] {processor.py:799} INFO - Processing file /opt/airflow/dags/2_bash_operator.py for tasks to queue
[2026-09-21T01:08:35.637+0000] {logging_mixin.py:149} INFO - [2026-09-21T01:08:35.637+0000] {dagbag.py:541} INFO - Filling up the DagBag from /opt/airflow/dags/2_bash_operator.py
[2026-09-21T01:08:35.687+0000] {processor.py:809} INFO - DAG(s) dict_keys(['2-bashoperator']) retrieved from /opt/airflow/dags/2_bash_operator.py
[2026-09-21T01:08:35.740+0000] {logging_mixin.py:149} INFO - [2026-09-21T01:08:35.739+0000] {dag.py:2726} INFO - Sync 1 DAGs
[2026-09-21T01:08:35.783+0000] {logging_mixin.py:149} INFO - [2026-09-21T01:08:35.783+0000] {dag.py:3490} INFO - Setting next_dagrun for 2-bashoperator to 2026-09-21T00:00:00+00:00, run_after=2026-09-22T00:00:00+00:00
[2026-09-21T01:08:35.831+0000] {processor.py:178} INFO - Processing /opt/airflow/dags/2_bash_operator.py took 0.217 seconds
[2026-09-21T01:09:05.916+0000] {processor.py:156} INFO - Started process (PID=4596) to work on /opt/airflow/dags/2_bash_operator.py
[2026-09-21T01:09:05.920+0000] {processor.py:799} INFO - Processing file /opt/airflow/dags/2_bash_operator.py for tasks to queue
[2026-09-21T01:09:05.922+0000] {logging_mixin.py:149} INFO - [2026-09-21T01:09:05.921+0000] {dagbag.py:541} INFO - Filling up the DagBag from /opt/airflow/dags/2_bash_operator.py
[2026-09-21T01:09:05.939+0000] {processor.py:809} INFO - DAG(s) dict_keys(['2-bashoperator']) retrieved from /opt/airflow/dags/2_bash_operator.py
[2026-09-21T01:09:05.993+0000] {logging_mixin.py:149} INFO - [2026-09-21T01:09:05.992+0000] {dag.py:2726} INFO - Sync 1 DAGs
[2026-09-21T01:09:06.032+0000] {logging_mixin.py:149} INFO - [2026-09-21T01:09:06.032+0000] {dag.py:3490} INFO - Setting next_dagrun for 2-bashoperator to 2026-09-21T00:00:00+00:00, run_after=2026-09-22T00:00:00+00:00
[2026-09-21T01:09:06.062+0000] {processor.py:178} INFO - Processing /opt/airflow/dags/2_bash_operator.py took 0.152 seconds
[2026-09-21T01:09:36.328+0000] {processor.py:156} INFO - Started process (PID=4607) to work on /opt/airflow/dags/2_bash_operator.py
[2026-09-21T01:09:36.330+0000] {processor.py:799} INFO - Processing file /opt/airflow/dags/2_bash_operator.py for tasks to queue
[2026-09-21T01:09:36.331+0000] {logging_mixin.py:149} INFO - [2026-09-21T01:09:36.331+0000] {dagbag.py:541} INFO - Filling up the DagBag from /opt/airflow/dags/2_bash_operator.py
[2026-09-21T01:09:36.349+0000] {processor.py:809} INFO - DAG(s) dict_keys(['2-bashoperator']) retrieved from /opt/airflow/dags/2_bash_operator.py
[2026-09-21T01:09:36.402+0000] {logging_mixin.py:149} INFO - [2026-09-21T01:09:36.401+0000] {dag.py:2726} INFO - Sync 1 DAGs
[2026-09-21T01:09:36.444+0000] {logging_mixin.py:149} INFO - [2026-09-21T01:09:36.444+0000] {dag.py:3490} INFO - Setting next_dagrun for 2-bashoperator to 2026-09-21T00:00:00+00:00, run_after=2026-09-22T00:00:00+00:00
[2026-09-21T01:09:36.474+0000] {processor.py:178} INFO - Processing /opt/airflow/dags/2_bash_operator.py took 0.153 seconds
[2026-09-21T01:10:06.608+0000] {processor.py:156} INFO - Started process (PID=4617) to work on /opt/airflow/dags/2_bash_operator.py
[2026-09-21T01:10:06.616+0000] {processor.py:799} INFO - Processing file /opt/airflow/dags/2_bash_operator.py for tasks to queue
[2026-09-21T01:10:06.619+0000] {logging_mixin.py:149} INFO - [2026-09-21T01:10:06.617+0000] {dagbag.py:541} INFO - Filling up the DagBag from /opt/airflow/dags/2_bash_operator.py
[2026-09-21T01:10:06.655+0000] {processor.py:809} INFO - DAG(s) dict_keys(['2-bashoperator']) retrieved from /opt/airflow/dags/2_bash_operator.py
[2026-09-21T01:10:06.743+0000] {logging_mixin.py:149} INFO - [2026-09-21T01:10:06.742+0000] {dag.py:2726} INFO - Sync 1 DAGs
[2026-09-21T01:10:06.786+0000] {logging_mixin.py:149} INFO - [2026-09-21T01:10:06.786+0000] {dag.py:3490} INFO - Setting next_dagrun for 2-bashoperator to 2026-09-21T00:00:00+00:00, run_after=2026-09-22T00:00:00+00:00
[2026-09-21T01:10:06.835+0000] {processor.py:178} INFO - Processing /opt/airflow/dags/2_bash_operator.py took 0.234 seconds
[2026-09-21T01:10:36.957+0000] {processor.py:156} INFO - Started process (PID=4626) to work on /opt/airflow/dags/2_bash_operator.py
[2026-09-21T01:10:36.958+0000] {processor.py:799} INFO - Processing file /opt/airflow/dags/2_bash_operator.py for tasks to queue
[2026-09-21T01:10:36.959+0000] {logging_mixin.py:149} INFO - [2026-09-21T01:10:36.959+0000] {dagbag.py:541} INFO - Filling up the DagBag from /opt/airflow/dags/2_bash_operator.py
[2026-09-21T01:10:36.976+0000] {processor.py:809} INFO - DAG(s) dict_keys(['2-bashoperator']) retrieved from /opt/airflow/dags/2_bash_operator.py
[2026-09-21T01:10:37.032+0000] {logging_mixin.py:149} INFO - [2026-09-21T01:10:37.032+0000] {dag.py:2726} INFO - Sync 1 DAGs
[2026-09-21T01:10:37.070+0000] {logging_mixin.py:149} INFO - [2026-09-21T01:10:37.070+0000] {dag.py:3490} INFO - Setting next_dagrun for 2-bashoperator to 2026-09-21T00:00:00+00:00, run_after=2026-09-22T00:00:00+00:00
[2026-09-21T01:10:37.099+0000] {processor.py:178} INFO - Processing /opt/airflow/dags/2_bash_operator.py took 0.150 seconds
[2026-09-21T01:11:07.156+0000] {processor.py:156} INFO - Started process (PID=4636) to work on /opt/airflow/dags/2_bash_operator.py
[2026-09-21T01:11:07.158+0000] {processor.py:799} INFO - Processing file /opt/airflow/dags/2_bash_operator.py for tasks to queue
[2026-09-21T01:11:07.159+0000] {logging_mixin.py:149} INFO - [2026-09-21T01:11:07.159+0000] {dagbag.py:541} INFO - Filling up the DagBag from /opt/airflow/dags/2_bash_operator.py
[2026-09-21T01:11:07.172+0000] {processor.py:809} INFO - DAG(s) dict_keys(['2-bashoperator']) retrieved from /opt/airflow/dags/2_bash_operator.py
[2026-09-21T01:11:07.220+0000] {logging_mixin.py:149} INFO - [2026-09-21T01:11:07.219+0000] {dag.py:2726} INFO - Sync 1 DAGs
[2026-09-21T01:11:07.268+0000] {logging_mixin.py:149} INFO - [2026-09-21T01:11:07.268+0000] {dag.py:3490} INFO - Setting next_dagrun for 2-bashoperator to 2026-09-21T00:00:00+00:00, run_after=2026-09-22T00:00:00+00:00
[2026-09-21T01:11:07.294+0000] {processor.py:178} INFO - Processing /opt/airflow/dags/2_bash_operator.py took 0.144 seconds
[2026-09-21T01:11:38.181+0000] {processor.py:156} INFO - Started process (PID=4647) to work on /opt/airflow/dags/2_bash_operator.py
[2026-09-21T01:11:38.182+0000] {processor.py:799} INFO - Processing file /opt/airflow/dags/2_bash_operator.py for tasks to queue
[2026-09-21T01:11:38.185+0000] {logging_mixin.py:149} INFO - [2026-09-21T01:11:38.185+0000] {dagbag.py:541} INFO - Filling up the DagBag from /opt/airflow/dags/2_bash_operator.py
[2026-09-21T01:11:38.214+0000] {processor.py:809} INFO - DAG(s) dict_keys(['2-bashoperator']) retrieved from /opt/airflow/dags/2_bash_operator.py
[2026-09-21T01:11:38.265+0000] {logging_mixin.py:149} INFO - [2026-09-21T01:11:38.265+0000] {dag.py:2726} INFO - Sync 1 DAGs
[2026-09-21T01:11:38.311+0000] {logging_mixin.py:149} INFO - [2026-09-21T01:11:38.310+0000] {dag.py:3490} INFO - Setting next_dagrun for 2-bashoperator to 2026-09-21T00:00:00+00:00, run_after=2026-09-22T00:00:00+00:00
[2026-09-21T01:11:38.389+0000] {processor.py:178} INFO - Processing /opt/airflow/dags/2_bash_operator.py took 0.214 seconds
[2026-09-21T01:12:08.473+0000] {processor.py:156} INFO - Started process (PID=4657) to work on /opt/airflow/dags/2_bash_operator.py
[2026-09-21T01:12:08.477+0000] {processor.py:799} INFO - Processing file /opt/airflow/dags/2_bash_operator.py for tasks to queue
[2026-09-21T01:12:08.478+0000] {logging_mixin.py:149} INFO - [2026-09-21T01:12:08.478+0000] {dagbag.py:541} INFO - Filling up the DagBag from /opt/airflow/dags/2_bash_operator.py
[2026-09-21T01:12:08.508+0000] {processor.py:809} INFO - DAG(s) dict_keys(['2-bashoperator']) retrieved from /opt/airflow/dags/2_bash_operator.py
[2026-09-21T01:12:08.564+0000] {logging_mixin.py:149} INFO - [2026-09-21T01:12:08.563+0000] {dag.py:2726} INFO - Sync 1 DAGs
[2026-09-21T01:12:08.618+0000] {logging_mixin.py:149} INFO - [2026-09-21T01:12:08.618+0000] {dag.py:3490} INFO - Setting next_dagrun for 2-bashoperator to 2026-09-21T00:00:00+00:00, run_after=2026-09-22T00:00:00+00:00
[2026-09-21T01:12:08.682+0000] {processor.py:178} INFO - Processing /opt/airflow/dags/2_bash_operator.py took 0.216 seconds
[2026-09-21T01:12:38.839+0000] {processor.py:156} INFO - Started process (PID=4667) to work on /opt/airflow/dags/2_bash_operator.py
[2026-09-21T01:12:38.844+0000] {processor.py:799} INFO - Processing file /opt/airflow/dags/2_bash_operator.py for tasks to queue
[2026-09-21T01:12:38.846+0000] {logging_mixin.py:149} INFO - [2026-09-21T01:12:38.846+0000] {dagbag.py:541} INFO - Filling up the DagBag from /opt/airflow/dags/2_bash_operator.py
[2026-09-21T01:12:38.877+0000] {processor.py:809} INFO - DAG(s) dict_keys(['2-bashoperator']) retrieved from /opt/airflow/dags/2_bash_operator.py
[2026-09-21T01:12:38.928+0000] {logging_mixin.py:149} INFO - [2026-09-21T01:12:38.927+0000] {dag.py:2726} INFO - Sync 1 DAGs
[2026-09-21T01:12:38.983+0000] {logging_mixin.py:149} INFO - [2026-09-21T01:12:38.983+0000] {dag.py:3490} INFO - Setting next_dagrun for 2-bashoperator to 2026-09-21T00:00:00+00:00, run_after=2026-09-22T00:00:00+00:00
[2026-09-21T01:12:39.049+0000] {processor.py:178} INFO - Processing /opt/airflow/dags/2_bash_operator.py took 0.242 seconds
[2026-09-21T01:13:09.250+0000] {processor.py:156} INFO - Started process (PID=4677) to work on /opt/airflow/dags/2_bash_operator.py
[2026-09-21T01:13:09.255+0000] {processor.py:799} INFO - Processing file /opt/airflow/dags/2_bash_operator.py for tasks to queue
[2026-09-21T01:13:09.257+0000] {logging_mixin.py:149} INFO - [2026-09-21T01:13:09.256+0000] {dagbag.py:541} INFO - Filling up the DagBag from /opt/airflow/dags/2_bash_operator.py
[2026-09-21T01:13:09.274+0000] {processor.py:809} INFO - DAG(s) dict_keys(['2-bashoperator']) retrieved from /opt/airflow/dags/2_bash_operator.py
[2026-09-21T01:13:09.338+0000] {logging_mixin.py:149} INFO - [2026-09-21T01:13:09.338+0000] {dag.py:2726} INFO - Sync 1 DAGs
[2026-09-21T01:13:09.385+0000] {logging_mixin.py:149} INFO - [2026-09-21T01:13:09.385+0000] {dag.py:3490} INFO - Setting next_dagrun for 2-bashoperator to 2026-09-21T00:00:00+00:00, run_after=2026-09-22T00:00:00+00:00
[2026-09-21T01:13:09.429+0000] {processor.py:178} INFO - Processing /opt/airflow/dags/2_bash_operator.py took 0.185 seconds
[2026-09-21T01:13:39.514+0000] {processor.py:156} INFO - Started process (PID=4687) to work on /opt/airflow/dags/2_bash_operator.py
[2026-09-21T01:13:39.516+0000] {processor.py:799} INFO - Processing file /opt/airflow/dags/2_bash_operator.py for tasks to queue
[2026-09-21T01:13:39.517+0000] {logging_mixin.py:149} INFO - [2026-09-21T01:13:39.517+0000] {dagbag.py:541} INFO - Filling up the DagBag from /opt/airflow/dags/2_bash_operator.py
[2026-09-21T01:13:39.535+0000] {processor.py:809} INFO - DAG(s) dict_keys(['2-bashoperator']) retrieved from /opt/airflow/dags/2_bash_operator.py
[2026-09-21T01:13:39.580+0000] {logging_mixin.py:149} INFO - [2026-09-21T01:13:39.580+0000] {dag.py:2726} INFO - Sync 1 DAGs
[2026-09-21T01:13:39.622+0000] {logging_mixin.py:149} INFO - [2026-09-21T01:13:39.622+0000] {dag.py:3490} INFO - Setting next_dagrun for 2-bashoperator to 2026-09-21T00:00:00+00:00, run_after=2026-09-22T00:00:00+00:00
[2026-09-21T01:13:39.655+0000] {processor.py:178} INFO - Processing /opt/airflow/dags/2_bash_operator.py took 0.154 seconds
[2026-09-21T01:14:09.758+0000] {processor.py:156} INFO - Started process (PID=4697) to work on /opt/airflow/dags/2_bash_operator.py
[2026-09-21T01:14:09.761+0000] {processor.py:799} INFO - Processing file /opt/airflow/dags/2_bash_operator.py for tasks to queue
[2026-09-21T01:14:09.762+0000] {logging_mixin.py:149} INFO - [2026-09-21T01:14:09.762+0000] {dagbag.py:541} INFO - Filling up the DagBag from /opt/airflow/dags/2_bash_operator.py
[2026-09-21T01:14:09.779+0000] {processor.py:809} INFO - DAG(s) dict_keys(['2-bashoperator']) retrieved from /opt/airflow/dags/2_bash_operator.py
[2026-09-21T01:14:09.844+0000] {logging_mixin.py:149} INFO - [2026-09-21T01:14:09.844+0000] {dag.py:2726} INFO - Sync 1 DAGs
[2026-09-21T01:14:09.887+0000] {logging_mixin.py:149} INFO - [2026-09-21T01:14:09.887+0000] {dag.py:3490} INFO - Setting next_dagrun for 2-bashoperator to 2026-09-21T00:00:00+00:00, run_after=2026-09-22T00:00:00+00:00
[2026-09-21T01:14:09.925+0000] {processor.py:178} INFO - Processing /opt/airflow/dags/2_bash_operator.py took 0.173 seconds
[2026-09-21T01:14:40.617+0000] {processor.py:156} INFO - Started process (PID=4707) to work on /opt/airflow/dags/2_bash_operator.py
[2026-09-21T01:14:40.619+0000] {processor.py:799} INFO - Processing file /opt/airflow/dags/2_bash_operator.py for tasks to queue
[2026-09-21T01:14:40.620+0000] {logging_mixin.py:149} INFO - [2026-09-21T01:14:40.620+0000] {dagbag.py:541} INFO - Filling up the DagBag from /opt/airflow/dags/2_bash_operator.py
[2026-09-21T01:14:40.633+0000] {processor.py:809} INFO - DAG(s) dict_keys(['2-bashoperator']) retrieved from /opt/airflow/dags/2_bash_operator.py
[2026-09-21T01:14:40.682+0000] {logging_mixin.py:149} INFO - [2026-09-21T01:14:40.682+0000] {dag.py:2726} INFO - Sync 1 DAGs
[2026-09-21T01:14:40.737+0000] {logging_mixin.py:149} INFO - [2026-09-21T01:14:40.737+0000] {dag.py:3490} INFO - Setting next_dagrun for 2-bashoperator to 2026-09-21T00:00:00+00:00, run_after=2026-09-22T00:00:00+00:00
[2026-09-21T01:14:40.772+0000] {processor.py:178} INFO - Processing /opt/airflow/dags/2_bash_operator.py took 0.162 seconds
[2026-09-21T01:15:11.758+0000] {processor.py:156} INFO - Started process (PID=4717) to work on /opt/airflow/dags/2_bash_operator.py
[2026-09-21T01:15:11.761+0000] {processor.py:799} INFO - Processing file /opt/airflow/dags/2_bash_operator.py for tasks to queue
[2026-09-21T01:15:11.762+0000] {logging_mixin.py:149} INFO - [2026-09-21T01:15:11.761+0000] {dagbag.py:541} INFO - Filling up the DagBag from /opt/airflow/dags/2_bash_operator.py
[2026-09-21T01:15:11.789+0000] {processor.py:809} INFO - DAG(s) dict_keys(['2-bashoperator']) retrieved from /opt/airflow/dags/2_bash_operator.py
[2026-09-21T01:15:11.843+0000] {logging_mixin.py:149} INFO - [2026-09-21T01:15:11.843+0000] {dag.py:2726} INFO - Sync 1 DAGs
[2026-09-21T01:15:11.884+0000] {logging_mixin.py:149} INFO - [2026-09-21T01:15:11.884+0000] {dag.py:3490} INFO - Setting next_dagrun for 2-bashoperator to 2026-09-21T00:00:00+00:00, run_after=2026-09-22T00:00:00+00:00
[2026-09-21T01:15:11.925+0000] {processor.py:178} INFO - Processing /opt/airflow/dags/2_bash_operator.py took 0.179 seconds
[2026-09-21T01:15:42.198+0000] {processor.py:156} INFO - Started process (PID=4727) to work on /opt/airflow/dags/2_bash_operator.py
[2026-09-21T01:15:42.200+0000] {processor.py:799} INFO - Processing file /opt/airflow/dags/2_bash_operator.py for tasks to queue
[2026-09-21T01:15:42.204+0000] {logging_mixin.py:149} INFO - [2026-09-21T01:15:42.204+0000] {dagbag.py:541} INFO - Filling up the DagBag from /opt/airflow/dags/2_bash_operator.py
[2026-09-21T01:15:42.263+0000] {processor.py:809} INFO - DAG(s) dict_keys(['2-bashoperator']) retrieved from /opt/airflow/dags/2_bash_operator.py
[2026-09-21T01:15:42.351+0000] {logging_mixin.py:149} INFO - [2026-09-21T01:15:42.349+0000] {dag.py:2726} INFO - Sync 1 DAGs
[2026-09-21T01:15:42.456+0000] {logging_mixin.py:149} INFO - [2026-09-21T01:15:42.456+0000] {dag.py:3490} INFO - Setting next_dagrun for 2-bashoperator to 2026-09-21T00:00:00+00:00, run_after=2026-09-22T00:00:00+00:00
[2026-09-21T01:15:42.497+0000] {processor.py:178} INFO - Processing /opt/airflow/dags/2_bash_operator.py took 0.318 seconds
[2026-09-21T01:16:12.674+0000] {processor.py:156} INFO - Started process (PID=4737) to work on /opt/airflow/dags/2_bash_operator.py
[2026-09-21T01:16:12.676+0000] {processor.py:799} INFO - Processing file /opt/airflow/dags/2_bash_operator.py for tasks to queue
[2026-09-21T01:16:12.678+0000] {logging_mixin.py:149} INFO - [2026-09-21T01:16:12.678+0000] {dagbag.py:541} INFO - Filling up the DagBag from /opt/airflow/dags/2_bash_operator.py
[2026-09-21T01:16:12.698+0000] {processor.py:809} INFO - DAG(s) dict_keys(['2-bashoperator']) retrieved from /opt/airflow/dags/2_bash_operator.py
[2026-09-21T01:16:12.753+0000] {logging_mixin.py:149} INFO - [2026-09-21T01:16:12.753+0000] {dag.py:2726} INFO - Sync 1 DAGs
[2026-09-21T01:16:12.824+0000] {logging_mixin.py:149} INFO - [2026-09-21T01:16:12.823+0000] {dag.py:3490} INFO - Setting next_dagrun for 2-bashoperator to 2026-09-21T00:00:00+00:00, run_after=2026-09-22T00:00:00+00:00
[2026-09-21T01:16:12.882+0000] {processor.py:178} INFO - Processing /opt/airflow/dags/2_bash_operator.py took 0.216 seconds
[2026-09-21T01:16:42.945+0000] {processor.py:156} INFO - Started process (PID=4747) to work on /opt/airflow/dags/2_bash_operator.py
[2026-09-21T01:16:42.947+0000] {processor.py:799} INFO - Processing file /opt/airflow/dags/2_bash_operator.py for tasks to queue
[2026-09-21T01:16:42.948+0000] {logging_mixin.py:149} INFO - [2026-09-21T01:16:42.948+0000] {dagbag.py:541} INFO - Filling up the DagBag from /opt/airflow/dags/2_bash_operator.py
[2026-09-21T01:16:42.988+0000] {processor.py:809} INFO - DAG(s) dict_keys(['2-bashoperator']) retrieved from /opt/airflow/dags/2_bash_operator.py
[2026-09-21T01:16:43.076+0000] {logging_mixin.py:149} INFO - [2026-09-21T01:16:43.075+0000] {dag.py:2726} INFO - Sync 1 DAGs
[2026-09-21T01:16:43.144+0000] {logging_mixin.py:149} INFO - [2026-09-21T01:16:43.144+0000] {dag.py:3490} INFO - Setting next_dagrun for 2-bashoperator to 2026-09-21T00:00:00+00:00, run_after=2026-09-22T00:00:00+00:00
[2026-09-21T01:16:43.186+0000] {processor.py:178} INFO - Processing /opt/airflow/dags/2_bash_operator.py took 0.256 seconds
[2026-09-21T01:17:13.305+0000] {processor.py:156} INFO - Started process (PID=4757) to work on /opt/airflow/dags/2_bash_operator.py
[2026-09-21T01:17:13.307+0000] {processor.py:799} INFO - Processing file /opt/airflow/dags/2_bash_operator.py for tasks to queue
[2026-09-21T01:17:13.309+0000] {logging_mixin.py:149} INFO - [2026-09-21T01:17:13.309+0000] {dagbag.py:541} INFO - Filling up the DagBag from /opt/airflow/dags/2_bash_operator.py
[2026-09-21T01:17:13.331+0000] {processor.py:809} INFO - DAG(s) dict_keys(['2-bashoperator']) retrieved from /opt/airflow/dags/2_bash_operator.py
[2026-09-21T01:17:13.394+0000] {logging_mixin.py:149} INFO - [2026-09-21T01:17:13.394+0000] {dag.py:2726} INFO - Sync 1 DAGs
[2026-09-21T01:17:13.451+0000] {logging_mixin.py:149} INFO - [2026-09-21T01:17:13.451+0000] {dag.py:3490} INFO - Setting next_dagrun for 2-bashoperator to 2026-09-21T00:00:00+00:00, run_after=2026-09-22T00:00:00+00:00
[2026-09-21T01:17:13.491+0000] {processor.py:178} INFO - Processing /opt/airflow/dags/2_bash_operator.py took 0.192 seconds
[2026-09-21T01:17:43.573+0000] {processor.py:156} INFO - Started process (PID=4767) to work on /opt/airflow/dags/2_bash_operator.py
[2026-09-21T01:17:43.575+0000] {processor.py:799} INFO - Processing file /opt/airflow/dags/2_bash_operator.py for tasks to queue
[2026-09-21T01:17:43.576+0000] {logging_mixin.py:149} INFO - [2026-09-21T01:17:43.575+0000] {dagbag.py:541} INFO - Filling up the DagBag from /opt/airflow/dags/2_bash_operator.py
[2026-09-21T01:17:43.594+0000] {processor.py:809} INFO - DAG(s) dict_keys(['2-bashoperator']) retrieved from /opt/airflow/dags/2_bash_operator.py
[2026-09-21T01:17:43.641+0000] {logging_mixin.py:149} INFO - [2026-09-21T01:17:43.641+0000] {dag.py:2726} INFO - Sync 1 DAGs
[2026-09-21T01:17:43.694+0000] {logging_mixin.py:149} INFO - [2026-09-21T01:17:43.693+0000] {dag.py:3490} INFO - Setting next_dagrun for 2-bashoperator to 2026-09-21T00:00:00+00:00, run_after=2026-09-22T00:00:00+00:00
[2026-09-21T01:17:43.727+0000] {processor.py:178} INFO - Processing /opt/airflow/dags/2_bash_operator.py took 0.160 seconds
[2026-09-21T01:18:13.811+0000] {processor.py:156} INFO - Started process (PID=4776) to work on /opt/airflow/dags/2_bash_operator.py
[2026-09-21T01:18:13.813+0000] {processor.py:799} INFO - Processing file /opt/airflow/dags/2_bash_operator.py for tasks to queue
[2026-09-21T01:18:13.815+0000] {logging_mixin.py:149} INFO - [2026-09-21T01:18:13.814+0000] {dagbag.py:541} INFO - Filling up the DagBag from /opt/airflow/dags/2_bash_operator.py
[2026-09-21T01:18:13.832+0000] {processor.py:809} INFO - DAG(s) dict_keys(['2-bashoperator']) retrieved from /opt/airflow/dags/2_bash_operator.py
[2026-09-21T01:18:13.886+0000] {logging_mixin.py:149} INFO - [2026-09-21T01:18:13.885+0000] {dag.py:2726} INFO - Sync 1 DAGs
[2026-09-21T01:18:13.930+0000] {logging_mixin.py:149} INFO - [2026-09-21T01:18:13.929+0000] {dag.py:3490} INFO - Setting next_dagrun for 2-bashoperator to 2026-09-21T00:00:00+00:00, run_after=2026-09-22T00:00:00+00:00
[2026-09-21T01:18:13.965+0000] {processor.py:178} INFO - Processing /opt/airflow/dags/2_bash_operator.py took 0.161 seconds
[2026-09-21T01:18:44.111+0000] {processor.py:156} INFO - Started process (PID=4786) to work on /opt/airflow/dags/2_bash_operator.py
[2026-09-21T01:18:44.114+0000] {processor.py:799} INFO - Processing file /opt/airflow/dags/2_bash_operator.py for tasks to queue
[2026-09-21T01:18:44.116+0000] {logging_mixin.py:149} INFO - [2026-09-21T01:18:44.115+0000] {dagbag.py:541} INFO - Filling up the DagBag from /opt/airflow/dags/2_bash_operator.py
[2026-09-21T01:18:44.139+0000] {processor.py:809} INFO - DAG(s) dict_keys(['2-bashoperator']) retrieved from /opt/airflow/dags/2_bash_operator.py
[2026-09-21T01:18:44.207+0000] {logging_mixin.py:149} INFO - [2026-09-21T01:18:44.207+0000] {dag.py:2726} INFO - Sync 1 DAGs
[2026-09-21T01:18:44.249+0000] {logging_mixin.py:149} INFO - [2026-09-21T01:18:44.249+0000] {dag.py:3490} INFO - Setting next_dagrun for 2-bashoperator to 2026-09-21T00:00:00+00:00, run_after=2026-09-22T00:00:00+00:00
[2026-09-21T01:18:44.286+0000] {processor.py:178} INFO - Processing /opt/airflow/dags/2_bash_operator.py took 0.182 seconds
[2026-09-21T01:19:14.447+0000] {processor.py:156} INFO - Started process (PID=4796) to work on /opt/airflow/dags/2_bash_operator.py
[2026-09-21T01:19:14.449+0000] {processor.py:799} INFO - Processing file /opt/airflow/dags/2_bash_operator.py for tasks to queue
[2026-09-21T01:19:14.450+0000] {logging_mixin.py:149} INFO - [2026-09-21T01:19:14.450+0000] {dagbag.py:541} INFO - Filling up the DagBag from /opt/airflow/dags/2_bash_operator.py
[2026-09-21T01:19:14.467+0000] {processor.py:809} INFO - DAG(s) dict_keys(['2-bashoperator']) retrieved from /opt/airflow/dags/2_bash_operator.py
[2026-09-21T01:19:14.513+0000] {logging_mixin.py:149} INFO - [2026-09-21T01:19:14.513+0000] {dag.py:2726} INFO - Sync 1 DAGs
[2026-09-21T01:19:14.550+0000] {logging_mixin.py:149} INFO - [2026-09-21T01:19:14.550+0000] {dag.py:3490} INFO - Setting next_dagrun for 2-bashoperator to 2026-09-21T00:00:00+00:00, run_after=2026-09-22T00:00:00+00:00
[2026-09-21T01:19:14.595+0000] {processor.py:178} INFO - Processing /opt/airflow/dags/2_bash_operator.py took 0.156 seconds
[2026-09-21T01:19:44.920+0000] {processor.py:156} INFO - Started process (PID=4807) to work on /opt/airflow/dags/2_bash_operator.py
[2026-09-21T01:19:44.921+0000] {processor.py:799} INFO - Processing file /opt/airflow/dags/2_bash_operator.py for tasks to queue
[2026-09-21T01:19:44.922+0000] {logging_mixin.py:149} INFO - [2026-09-21T01:19:44.922+0000] {dagbag.py:541} INFO - Filling up the DagBag from /opt/airflow/dags/2_bash_operator.py
[2026-09-21T01:19:44.965+0000] {processor.py:809} INFO - DAG(s) dict_keys(['2-bashoperator']) retrieved from /opt/airflow/dags/2_bash_operator.py
[2026-09-21T01:19:45.028+0000] {logging_mixin.py:149} INFO - [2026-09-21T01:19:45.028+0000] {dag.py:2726} INFO - Sync 1 DAGs
[2026-09-21T01:19:45.088+0000] {logging_mixin.py:149} INFO - [2026-09-21T01:19:45.088+0000] {dag.py:3490} INFO - Setting next_dagrun for 2-bashoperator to 2026-09-21T00:00:00+00:00, run_after=2026-09-22T00:00:00+00:00
[2026-09-21T01:19:45.135+0000] {processor.py:178} INFO - Processing /opt/airflow/dags/2_bash_operator.py took 0.237 seconds
[2026-09-21T01:20:15.237+0000] {processor.py:156} INFO - Started process (PID=4817) to work on /opt/airflow/dags/2_bash_operator.py
[2026-09-21T01:20:15.239+0000] {processor.py:799} INFO - Processing file /opt/airflow/dags/2_bash_operator.py for tasks to queue
[2026-09-21T01:20:15.240+0000] {logging_mixin.py:149} INFO - [2026-09-21T01:20:15.240+0000] {dagbag.py:541} INFO - Filling up the DagBag from /opt/airflow/dags/2_bash_operator.py
[2026-09-21T01:20:15.268+0000] {processor.py:809} INFO - DAG(s) dict_keys(['2-bashoperator']) retrieved from /opt/airflow/dags/2_bash_operator.py
[2026-09-21T01:20:15.326+0000] {logging_mixin.py:149} INFO - [2026-09-21T01:20:15.325+0000] {dag.py:2726} INFO - Sync 1 DAGs
[2026-09-21T01:20:15.383+0000] {logging_mixin.py:149} INFO - [2026-09-21T01:20:15.383+0000] {dag.py:3490} INFO - Setting next_dagrun for 2-bashoperator to 2026-09-21T00:00:00+00:00, run_after=2026-09-22T00:00:00+00:00
[2026-09-21T01:20:15.429+0000] {processor.py:178} INFO - Processing /opt/airflow/dags/2_bash_operator.py took 0.215 seconds
[2026-09-21T01:20:45.563+0000] {processor.py:156} INFO - Started process (PID=4827) to work on /opt/airflow/dags/2_bash_operator.py
[2026-09-21T01:20:45.565+0000] {processor.py:799} INFO - Processing file /opt/airflow/dags/2_bash_operator.py for tasks to queue
[2026-09-21T01:20:45.566+0000] {logging_mixin.py:149} INFO - [2026-09-21T01:20:45.566+0000] {dagbag.py:541} INFO - Filling up the DagBag from /opt/airflow/dags/2_bash_operator.py
[2026-09-21T01:20:45.596+0000] {processor.py:809} INFO - DAG(s) dict_keys(['2-bashoperator']) retrieved from /opt/airflow/dags/2_bash_operator.py
[2026-09-21T01:20:45.684+0000] {logging_mixin.py:149} INFO - [2026-09-21T01:20:45.684+0000] {dag.py:2726} INFO - Sync 1 DAGs
[2026-09-21T01:20:45.739+0000] {logging_mixin.py:149} INFO - [2026-09-21T01:20:45.739+0000] {dag.py:3490} INFO - Setting next_dagrun for 2-bashoperator to 2026-09-21T00:00:00+00:00, run_after=2026-09-22T00:00:00+00:00
[2026-09-21T01:20:45.794+0000] {processor.py:178} INFO - Processing /opt/airflow/dags/2_bash_operator.py took 0.236 seconds
[2026-09-21T01:21:15.905+0000] {processor.py:156} INFO - Started process (PID=4837) to work on /opt/airflow/dags/2_bash_operator.py
[2026-09-21T01:21:15.910+0000] {processor.py:799} INFO - Processing file /opt/airflow/dags/2_bash_operator.py for tasks to queue
[2026-09-21T01:21:15.911+0000] {logging_mixin.py:149} INFO - [2026-09-21T01:21:15.911+0000] {dagbag.py:541} INFO - Filling up the DagBag from /opt/airflow/dags/2_bash_operator.py
[2026-09-21T01:21:15.927+0000] {processor.py:809} INFO - DAG(s) dict_keys(['2-bashoperator']) retrieved from /opt/airflow/dags/2_bash_operator.py
[2026-09-21T01:21:15.975+0000] {logging_mixin.py:149} INFO - [2026-09-21T01:21:15.975+0000] {dag.py:2726} INFO - Sync 1 DAGs
[2026-09-21T01:21:16.021+0000] {logging_mixin.py:149} INFO - [2026-09-21T01:21:16.021+0000] {dag.py:3490} INFO - Setting next_dagrun for 2-bashoperator to 2026-09-21T00:00:00+00:00, run_after=2026-09-22T00:00:00+00:00
[2026-09-21T01:21:16.058+0000] {processor.py:178} INFO - Processing /opt/airflow/dags/2_bash_operator.py took 0.158 seconds
[2026-09-21T01:21:46.864+0000] {processor.py:156} INFO - Started process (PID=4847) to work on /opt/airflow/dags/2_bash_operator.py
[2026-09-21T01:21:46.865+0000] {processor.py:799} INFO - Processing file /opt/airflow/dags/2_bash_operator.py for tasks to queue
[2026-09-21T01:21:46.866+0000] {logging_mixin.py:149} INFO - [2026-09-21T01:21:46.866+0000] {dagbag.py:541} INFO - Filling up the DagBag from /opt/airflow/dags/2_bash_operator.py
[2026-09-21T01:21:46.882+0000] {processor.py:809} INFO - DAG(s) dict_keys(['2-bashoperator']) retrieved from /opt/airflow/dags/2_bash_operator.py
[2026-09-21T01:21:46.934+0000] {logging_mixin.py:149} INFO - [2026-09-21T01:21:46.933+0000] {dag.py:2726} INFO - Sync 1 DAGs
[2026-09-21T01:21:46.981+0000] {logging_mixin.py:149} INFO - [2026-09-21T01:21:46.981+0000] {dag.py:3490} INFO - Setting next_dagrun for 2-bashoperator to 2026-09-21T00:00:00+00:00, run_after=2026-09-22T00:00:00+00:00
[2026-09-21T01:21:47.016+0000] {processor.py:178} INFO - Processing /opt/airflow/dags/2_bash_operator.py took 0.158 seconds
[2026-09-21T01:22:17.226+0000] {processor.py:156} INFO - Started process (PID=4857) to work on /opt/airflow/dags/2_bash_operator.py
[2026-09-21T01:22:17.229+0000] {processor.py:799} INFO - Processing file /opt/airflow/dags/2_bash_operator.py for tasks to queue
[2026-09-21T01:22:17.230+0000] {logging_mixin.py:149} INFO - [2026-09-21T01:22:17.230+0000] {dagbag.py:541} INFO - Filling up the DagBag from /opt/airflow/dags/2_bash_operator.py
[2026-09-21T01:22:17.251+0000] {processor.py:809} INFO - DAG(s) dict_keys(['2-bashoperator']) retrieved from /opt/airflow/dags/2_bash_operator.py
[2026-09-21T01:22:17.307+0000] {logging_mixin.py:149} INFO - [2026-09-21T01:22:17.307+0000] {dag.py:2726} INFO - Sync 1 DAGs
[2026-09-21T01:22:17.349+0000] {logging_mixin.py:149} INFO - [2026-09-21T01:22:17.349+0000] {dag.py:3490} INFO - Setting next_dagrun for 2-bashoperator to 2026-09-21T00:00:00+00:00, run_after=2026-09-22T00:00:00+00:00
[2026-09-21T01:22:17.372+0000] {processor.py:178} INFO - Processing /opt/airflow/dags/2_bash_operator.py took 0.160 seconds
[2026-09-21T01:22:48.138+0000] {processor.py:156} INFO - Started process (PID=4867) to work on /opt/airflow/dags/2_bash_operator.py
[2026-09-21T01:22:48.139+0000] {processor.py:799} INFO - Processing file /opt/airflow/dags/2_bash_operator.py for tasks to queue
[2026-09-21T01:22:48.140+0000] {logging_mixin.py:149} INFO - [2026-09-21T01:22:48.140+0000] {dagbag.py:541} INFO - Filling up the DagBag from /opt/airflow/dags/2_bash_operator.py
[2026-09-21T01:22:48.165+0000] {processor.py:809} INFO - DAG(s) dict_keys(['2-bashoperator']) retrieved from /opt/airflow/dags/2_bash_operator.py
[2026-09-21T01:22:48.237+0000] {logging_mixin.py:149} INFO - [2026-09-21T01:22:48.237+0000] {dag.py:2726} INFO - Sync 1 DAGs
[2026-09-21T01:22:48.281+0000] {logging_mixin.py:149} INFO - [2026-09-21T01:22:48.280+0000] {dag.py:3490} INFO - Setting next_dagrun for 2-bashoperator to 2026-09-21T00:00:00+00:00, run_after=2026-09-22T00:00:00+00:00
[2026-09-21T01:22:48.346+0000] {processor.py:178} INFO - Processing /opt/airflow/dags/2_bash_operator.py took 0.215 seconds
[2026-09-21T01:23:18.513+0000] {processor.py:156} INFO - Started process (PID=4877) to work on /opt/airflow/dags/2_bash_operator.py
[2026-09-21T01:23:18.515+0000] {processor.py:799} INFO - Processing file /opt/airflow/dags/2_bash_operator.py for tasks to queue
[2026-09-21T01:23:18.517+0000] {logging_mixin.py:149} INFO - [2026-09-21T01:23:18.517+0000] {dagbag.py:541} INFO - Filling up the DagBag from /opt/airflow/dags/2_bash_operator.py
[2026-09-21T01:23:18.533+0000] {processor.py:809} INFO - DAG(s) dict_keys(['2-bashoperator']) retrieved from /opt/airflow/dags/2_bash_operator.py
[2026-09-21T01:23:18.612+0000] {logging_mixin.py:149} INFO - [2026-09-21T01:23:18.612+0000] {dag.py:2726} INFO - Sync 1 DAGs
[2026-09-21T01:23:18.691+0000] {logging_mixin.py:149} INFO - [2026-09-21T01:23:18.690+0000] {dag.py:3490} INFO - Setting next_dagrun for 2-bashoperator to 2026-09-21T00:00:00+00:00, run_after=2026-09-22T00:00:00+00:00
[2026-09-21T01:23:18.751+0000] {processor.py:178} INFO - Processing /opt/airflow/dags/2_bash_operator.py took 0.245 seconds
[2026-09-21T01:23:48.877+0000] {processor.py:156} INFO - Started process (PID=4887) to work on /opt/airflow/dags/2_bash_operator.py
[2026-09-21T01:23:48.880+0000] {processor.py:799} INFO - Processing file /opt/airflow/dags/2_bash_operator.py for tasks to queue
[2026-09-21T01:23:48.881+0000] {logging_mixin.py:149} INFO - [2026-09-21T01:23:48.881+0000] {dagbag.py:541} INFO - Filling up the DagBag from /opt/airflow/dags/2_bash_operator.py
[2026-09-21T01:23:48.900+0000] {processor.py:809} INFO - DAG(s) dict_keys(['2-bashoperator']) retrieved from /opt/airflow/dags/2_bash_operator.py
[2026-09-21T01:23:48.952+0000] {logging_mixin.py:149} INFO - [2026-09-21T01:23:48.951+0000] {dag.py:2726} INFO - Sync 1 DAGs
[2026-09-21T01:23:49.023+0000] {logging_mixin.py:149} INFO - [2026-09-21T01:23:49.023+0000] {dag.py:3490} INFO - Setting next_dagrun for 2-bashoperator to 2026-09-21T00:00:00+00:00, run_after=2026-09-22T00:00:00+00:00
[2026-09-21T01:23:49.088+0000] {processor.py:178} INFO - Processing /opt/airflow/dags/2_bash_operator.py took 0.218 seconds
[2026-09-21T01:24:19.238+0000] {processor.py:156} INFO - Started process (PID=4897) to work on /opt/airflow/dags/2_bash_operator.py
[2026-09-21T01:24:19.240+0000] {processor.py:799} INFO - Processing file /opt/airflow/dags/2_bash_operator.py for tasks to queue
[2026-09-21T01:24:19.241+0000] {logging_mixin.py:149} INFO - [2026-09-21T01:24:19.241+0000] {dagbag.py:541} INFO - Filling up the DagBag from /opt/airflow/dags/2_bash_operator.py
[2026-09-21T01:24:19.261+0000] {processor.py:809} INFO - DAG(s) dict_keys(['2-bashoperator']) retrieved from /opt/airflow/dags/2_bash_operator.py
[2026-09-21T01:24:19.329+0000] {logging_mixin.py:149} INFO - [2026-09-21T01:24:19.328+0000] {dag.py:2726} INFO - Sync 1 DAGs
[2026-09-21T01:24:19.382+0000] {logging_mixin.py:149} INFO - [2026-09-21T01:24:19.381+0000] {dag.py:3490} INFO - Setting next_dagrun for 2-bashoperator to 2026-09-21T00:00:00+00:00, run_after=2026-09-22T00:00:00+00:00
[2026-09-21T01:24:19.417+0000] {processor.py:178} INFO - Processing /opt/airflow/dags/2_bash_operator.py took 0.186 seconds
[2026-09-21T01:24:50.163+0000] {processor.py:156} INFO - Started process (PID=4907) to work on /opt/airflow/dags/2_bash_operator.py
[2026-09-21T01:24:50.164+0000] {processor.py:799} INFO - Processing file /opt/airflow/dags/2_bash_operator.py for tasks to queue
[2026-09-21T01:24:50.165+0000] {logging_mixin.py:149} INFO - [2026-09-21T01:24:50.165+0000] {dagbag.py:541} INFO - Filling up the DagBag from /opt/airflow/dags/2_bash_operator.py
[2026-09-21T01:24:50.184+0000] {processor.py:809} INFO - DAG(s) dict_keys(['2-bashoperator']) retrieved from /opt/airflow/dags/2_bash_operator.py
[2026-09-21T01:24:50.238+0000] {logging_mixin.py:149} INFO - [2026-09-21T01:24:50.238+0000] {dag.py:2726} INFO - Sync 1 DAGs
[2026-09-21T01:24:50.286+0000] {logging_mixin.py:149} INFO - [2026-09-21T01:24:50.286+0000] {dag.py:3490} INFO - Setting next_dagrun for 2-bashoperator to 2026-09-21T00:00:00+00:00, run_after=2026-09-22T00:00:00+00:00
[2026-09-21T01:24:50.362+0000] {processor.py:178} INFO - Processing /opt/airflow/dags/2_bash_operator.py took 0.206 seconds
[2026-09-21T01:25:21.112+0000] {processor.py:156} INFO - Started process (PID=4917) to work on /opt/airflow/dags/2_bash_operator.py
[2026-09-21T01:25:21.119+0000] {processor.py:799} INFO - Processing file /opt/airflow/dags/2_bash_operator.py for tasks to queue
[2026-09-21T01:25:21.121+0000] {logging_mixin.py:149} INFO - [2026-09-21T01:25:21.121+0000] {dagbag.py:541} INFO - Filling up the DagBag from /opt/airflow/dags/2_bash_operator.py
[2026-09-21T01:25:21.151+0000] {processor.py:809} INFO - DAG(s) dict_keys(['2-bashoperator']) retrieved from /opt/airflow/dags/2_bash_operator.py
[2026-09-21T01:25:21.260+0000] {logging_mixin.py:149} INFO - [2026-09-21T01:25:21.259+0000] {dag.py:2726} INFO - Sync 1 DAGs
[2026-09-21T01:25:21.300+0000] {logging_mixin.py:149} INFO - [2026-09-21T01:25:21.300+0000] {dag.py:3490} INFO - Setting next_dagrun for 2-bashoperator to 2026-09-21T00:00:00+00:00, run_after=2026-09-22T00:00:00+00:00
[2026-09-21T01:25:21.354+0000] {processor.py:178} INFO - Processing /opt/airflow/dags/2_bash_operator.py took 0.254 seconds
[2026-09-21T01:25:51.499+0000] {processor.py:156} INFO - Started process (PID=4926) to work on /opt/airflow/dags/2_bash_operator.py
[2026-09-21T01:25:51.501+0000] {processor.py:799} INFO - Processing file /opt/airflow/dags/2_bash_operator.py for tasks to queue
[2026-09-21T01:25:51.502+0000] {logging_mixin.py:149} INFO - [2026-09-21T01:25:51.502+0000] {dagbag.py:541} INFO - Filling up the DagBag from /opt/airflow/dags/2_bash_operator.py
[2026-09-21T01:25:51.519+0000] {processor.py:809} INFO - DAG(s) dict_keys(['2-bashoperator']) retrieved from /opt/airflow/dags/2_bash_operator.py
[2026-09-21T01:25:51.570+0000] {logging_mixin.py:149} INFO - [2026-09-21T01:25:51.569+0000] {dag.py:2726} INFO - Sync 1 DAGs
[2026-09-21T01:25:51.611+0000] {logging_mixin.py:149} INFO - [2026-09-21T01:25:51.611+0000] {dag.py:3490} INFO - Setting next_dagrun for 2-bashoperator to 2026-09-21T00:00:00+00:00, run_after=2026-09-22T00:00:00+00:00
[2026-09-21T01:25:51.641+0000] {processor.py:178} INFO - Processing /opt/airflow/dags/2_bash_operator.py took 0.148 seconds
[2026-09-21T01:26:21.920+0000] {processor.py:156} INFO - Started process (PID=4936) to work on /opt/airflow/dags/2_bash_operator.py
[2026-09-21T01:26:21.923+0000] {processor.py:799} INFO - Processing file /opt/airflow/dags/2_bash_operator.py for tasks to queue
[2026-09-21T01:26:21.925+0000] {logging_mixin.py:149} INFO - [2026-09-21T01:26:21.925+0000] {dagbag.py:541} INFO - Filling up the DagBag from /opt/airflow/dags/2_bash_operator.py
[2026-09-21T01:26:21.945+0000] {processor.py:809} INFO - DAG(s) dict_keys(['2-bashoperator']) retrieved from /opt/airflow/dags/2_bash_operator.py
[2026-09-21T01:26:22.002+0000] {logging_mixin.py:149} INFO - [2026-09-21T01:26:22.002+0000] {dag.py:2726} INFO - Sync 1 DAGs
[2026-09-21T01:26:22.044+0000] {logging_mixin.py:149} INFO - [2026-09-21T01:26:22.044+0000] {dag.py:3490} INFO - Setting next_dagrun for 2-bashoperator to 2026-09-21T00:00:00+00:00, run_after=2026-09-22T00:00:00+00:00
[2026-09-21T01:26:22.164+0000] {processor.py:178} INFO - Processing /opt/airflow/dags/2_bash_operator.py took 0.251 seconds
[2026-09-21T01:26:52.191+0000] {processor.py:156} INFO - Started process (PID=4946) to work on /opt/airflow/dags/2_bash_operator.py
[2026-09-21T01:26:52.192+0000] {processor.py:799} INFO - Processing file /opt/airflow/dags/2_bash_operator.py for tasks to queue
[2026-09-21T01:26:52.193+0000] {logging_mixin.py:149} INFO - [2026-09-21T01:26:52.192+0000] {dagbag.py:541} INFO - Filling up the DagBag from /opt/airflow/dags/2_bash_operator.py
[2026-09-21T01:26:52.206+0000] {processor.py:809} INFO - DAG(s) dict_keys(['2-bashoperator']) retrieved from /opt/airflow/dags/2_bash_operator.py
[2026-09-21T01:26:52.258+0000] {logging_mixin.py:149} INFO - [2026-09-21T01:26:52.258+0000] {dag.py:2726} INFO - Sync 1 DAGs
[2026-09-21T01:26:52.318+0000] {logging_mixin.py:149} INFO - [2026-09-21T01:26:52.317+0000] {dag.py:3490} INFO - Setting next_dagrun for 2-bashoperator to 2026-09-21T00:00:00+00:00, run_after=2026-09-22T00:00:00+00:00
[2026-09-21T01:26:52.378+0000] {processor.py:178} INFO - Processing /opt/airflow/dags/2_bash_operator.py took 0.192 seconds
[2026-09-21T01:27:22.767+0000] {processor.py:156} INFO - Started process (PID=4957) to work on /opt/airflow/dags/2_bash_operator.py
[2026-09-21T01:27:22.770+0000] {processor.py:799} INFO - Processing file /opt/airflow/dags/2_bash_operator.py for tasks to queue
[2026-09-21T01:27:22.771+0000] {logging_mixin.py:149} INFO - [2026-09-21T01:27:22.771+0000] {dagbag.py:541} INFO - Filling up the DagBag from /opt/airflow/dags/2_bash_operator.py
[2026-09-21T01:27:22.824+0000] {processor.py:809} INFO - DAG(s) dict_keys(['2-bashoperator']) retrieved from /opt/airflow/dags/2_bash_operator.py
[2026-09-21T01:27:22.911+0000] {logging_mixin.py:149} INFO - [2026-09-21T01:27:22.911+0000] {dag.py:2726} INFO - Sync 1 DAGs
[2026-09-21T01:27:22.978+0000] {logging_mixin.py:149} INFO - [2026-09-21T01:27:22.978+0000] {dag.py:3490} INFO - Setting next_dagrun for 2-bashoperator to 2026-09-21T00:00:00+00:00, run_after=2026-09-22T00:00:00+00:00
[2026-09-21T01:27:23.038+0000] {processor.py:178} INFO - Processing /opt/airflow/dags/2_bash_operator.py took 0.304 seconds
[2026-09-21T01:27:53.869+0000] {processor.py:156} INFO - Started process (PID=4969) to work on /opt/airflow/dags/2_bash_operator.py
[2026-09-21T01:27:53.871+0000] {processor.py:799} INFO - Processing file /opt/airflow/dags/2_bash_operator.py for tasks to queue
[2026-09-21T01:27:53.872+0000] {logging_mixin.py:149} INFO - [2026-09-21T01:27:53.872+0000] {dagbag.py:541} INFO - Filling up the DagBag from /opt/airflow/dags/2_bash_operator.py
[2026-09-21T01:27:53.906+0000] {processor.py:809} INFO - DAG(s) dict_keys(['2-bashoperator']) retrieved from /opt/airflow/dags/2_bash_operator.py
[2026-09-21T01:27:53.961+0000] {logging_mixin.py:149} INFO - [2026-09-21T01:27:53.961+0000] {dag.py:2726} INFO - Sync 1 DAGs
[2026-09-21T01:27:54.002+0000] {logging_mixin.py:149} INFO - [2026-09-21T01:27:54.002+0000] {dag.py:3490} INFO - Setting next_dagrun for 2-bashoperator to 2026-09-21T00:00:00+00:00, run_after=2026-09-22T00:00:00+00:00
[2026-09-21T01:27:54.040+0000] {processor.py:178} INFO - Processing /opt/airflow/dags/2_bash_operator.py took 0.177 seconds
[2026-09-21T01:28:24.990+0000] {processor.py:156} INFO - Started process (PID=4979) to work on /opt/airflow/dags/2_bash_operator.py
[2026-09-21T01:28:24.994+0000] {processor.py:799} INFO - Processing file /opt/airflow/dags/2_bash_operator.py for tasks to queue
[2026-09-21T01:28:24.995+0000] {logging_mixin.py:149} INFO - [2026-09-21T01:28:24.995+0000] {dagbag.py:541} INFO - Filling up the DagBag from /opt/airflow/dags/2_bash_operator.py
[2026-09-21T01:28:25.017+0000] {processor.py:809} INFO - DAG(s) dict_keys(['2-bashoperator']) retrieved from /opt/airflow/dags/2_bash_operator.py
[2026-09-21T01:28:25.088+0000] {logging_mixin.py:149} INFO - [2026-09-21T01:28:25.087+0000] {dag.py:2726} INFO - Sync 1 DAGs
[2026-09-21T01:28:25.160+0000] {logging_mixin.py:149} INFO - [2026-09-21T01:28:25.160+0000] {dag.py:3490} INFO - Setting next_dagrun for 2-bashoperator to 2026-09-21T00:00:00+00:00, run_after=2026-09-22T00:00:00+00:00
[2026-09-21T01:28:25.190+0000] {processor.py:178} INFO - Processing /opt/airflow/dags/2_bash_operator.py took 0.208 seconds
[2026-09-21T01:28:55.358+0000] {processor.py:156} INFO - Started process (PID=4989) to work on /opt/airflow/dags/2_bash_operator.py
[2026-09-21T01:28:55.360+0000] {processor.py:799} INFO - Processing file /opt/airflow/dags/2_bash_operator.py for tasks to queue
[2026-09-21T01:28:55.361+0000] {logging_mixin.py:149} INFO - [2026-09-21T01:28:55.361+0000] {dagbag.py:541} INFO - Filling up the DagBag from /opt/airflow/dags/2_bash_operator.py
[2026-09-21T01:28:55.378+0000] {processor.py:809} INFO - DAG(s) dict_keys(['2-bashoperator']) retrieved from /opt/airflow/dags/2_bash_operator.py
[2026-09-21T01:28:55.494+0000] {logging_mixin.py:149} INFO - [2026-09-21T01:28:55.493+0000] {dag.py:2726} INFO - Sync 1 DAGs
[2026-09-21T01:28:55.542+0000] {logging_mixin.py:149} INFO - [2026-09-21T01:28:55.541+0000] {dag.py:3490} INFO - Setting next_dagrun for 2-bashoperator to 2026-09-21T00:00:00+00:00, run_after=2026-09-22T00:00:00+00:00
[2026-09-21T01:28:55.573+0000] {processor.py:178} INFO - Processing /opt/airflow/dags/2_bash_operator.py took 0.220 seconds
[2026-09-21T01:29:25.647+0000] {processor.py:156} INFO - Started process (PID=4999) to work on /opt/airflow/dags/2_bash_operator.py
[2026-09-21T01:29:25.651+0000] {processor.py:799} INFO - Processing file /opt/airflow/dags/2_bash_operator.py for tasks to queue
[2026-09-21T01:29:25.652+0000] {logging_mixin.py:149} INFO - [2026-09-21T01:29:25.652+0000] {dagbag.py:541} INFO - Filling up the DagBag from /opt/airflow/dags/2_bash_operator.py
[2026-09-21T01:29:25.685+0000] {processor.py:809} INFO - DAG(s) dict_keys(['2-bashoperator']) retrieved from /opt/airflow/dags/2_bash_operator.py
[2026-09-21T01:29:25.760+0000] {logging_mixin.py:149} INFO - [2026-09-21T01:29:25.760+0000] {dag.py:2726} INFO - Sync 1 DAGs
[2026-09-21T01:29:25.841+0000] {logging_mixin.py:149} INFO - [2026-09-21T01:29:25.841+0000] {dag.py:3490} INFO - Setting next_dagrun for 2-bashoperator to 2026-09-21T00:00:00+00:00, run_after=2026-09-22T00:00:00+00:00
[2026-09-21T01:29:25.943+0000] {processor.py:178} INFO - Processing /opt/airflow/dags/2_bash_operator.py took 0.306 seconds
[2026-09-21T01:29:56.161+0000] {processor.py:156} INFO - Started process (PID=5009) to work on /opt/airflow/dags/2_bash_operator.py
[2026-09-21T01:29:56.167+0000] {processor.py:799} INFO - Processing file /opt/airflow/dags/2_bash_operator.py for tasks to queue
[2026-09-21T01:29:56.168+0000] {logging_mixin.py:149} INFO - [2026-09-21T01:29:56.168+0000] {dagbag.py:541} INFO - Filling up the DagBag from /opt/airflow/dags/2_bash_operator.py
[2026-09-21T01:29:56.192+0000] {processor.py:809} INFO - DAG(s) dict_keys(['2-bashoperator']) retrieved from /opt/airflow/dags/2_bash_operator.py
[2026-09-21T01:29:56.245+0000] {logging_mixin.py:149} INFO - [2026-09-21T01:29:56.244+0000] {dag.py:2726} INFO - Sync 1 DAGs
[2026-09-21T01:29:56.295+0000] {logging_mixin.py:149} INFO - [2026-09-21T01:29:56.292+0000] {dag.py:3490} INFO - Setting next_dagrun for 2-bashoperator to 2026-09-21T00:00:00+00:00, run_after=2026-09-22T00:00:00+00:00
[2026-09-21T01:29:56.345+0000] {processor.py:178} INFO - Processing /opt/airflow/dags/2_bash_operator.py took 0.193 seconds
[2026-09-21T01:30:27.240+0000] {processor.py:156} INFO - Started process (PID=5019) to work on /opt/airflow/dags/2_bash_operator.py
[2026-09-21T01:30:27.242+0000] {processor.py:799} INFO - Processing file /opt/airflow/dags/2_bash_operator.py for tasks to queue
[2026-09-21T01:30:27.243+0000] {logging_mixin.py:149} INFO - [2026-09-21T01:30:27.243+0000] {dagbag.py:541} INFO - Filling up the DagBag from /opt/airflow/dags/2_bash_operator.py
[2026-09-21T01:30:27.261+0000] {processor.py:809} INFO - DAG(s) dict_keys(['2-bashoperator']) retrieved from /opt/airflow/dags/2_bash_operator.py
[2026-09-21T01:30:27.313+0000] {logging_mixin.py:149} INFO - [2026-09-21T01:30:27.313+0000] {dag.py:2726} INFO - Sync 1 DAGs
[2026-09-21T01:30:27.375+0000] {logging_mixin.py:149} INFO - [2026-09-21T01:30:27.375+0000] {dag.py:3490} INFO - Setting next_dagrun for 2-bashoperator to 2026-09-21T00:00:00+00:00, run_after=2026-09-22T00:00:00+00:00
[2026-09-21T01:30:27.422+0000] {processor.py:178} INFO - Processing /opt/airflow/dags/2_bash_operator.py took 0.189 seconds
[2026-09-21T01:30:57.656+0000] {processor.py:156} INFO - Started process (PID=5029) to work on /opt/airflow/dags/2_bash_operator.py
[2026-09-21T01:30:57.659+0000] {processor.py:799} INFO - Processing file /opt/airflow/dags/2_bash_operator.py for tasks to queue
[2026-09-21T01:30:57.660+0000] {logging_mixin.py:149} INFO - [2026-09-21T01:30:57.660+0000] {dagbag.py:541} INFO - Filling up the DagBag from /opt/airflow/dags/2_bash_operator.py
[2026-09-21T01:30:57.680+0000] {processor.py:809} INFO - DAG(s) dict_keys(['2-bashoperator']) retrieved from /opt/airflow/dags/2_bash_operator.py
[2026-09-21T01:30:57.781+0000] {logging_mixin.py:149} INFO - [2026-09-21T01:30:57.781+0000] {dag.py:2726} INFO - Sync 1 DAGs
[2026-09-21T01:30:57.845+0000] {logging_mixin.py:149} INFO - [2026-09-21T01:30:57.845+0000] {dag.py:3490} INFO - Setting next_dagrun for 2-bashoperator to 2026-09-21T00:00:00+00:00, run_after=2026-09-22T00:00:00+00:00
[2026-09-21T01:30:57.917+0000] {processor.py:178} INFO - Processing /opt/airflow/dags/2_bash_operator.py took 0.268 seconds
[2026-09-21T01:31:28.799+0000] {processor.py:156} INFO - Started process (PID=5039) to work on /opt/airflow/dags/2_bash_operator.py
[2026-09-21T01:31:28.802+0000] {processor.py:799} INFO - Processing file /opt/airflow/dags/2_bash_operator.py for tasks to queue
[2026-09-21T01:31:28.803+0000] {logging_mixin.py:149} INFO - [2026-09-21T01:31:28.803+0000] {dagbag.py:541} INFO - Filling up the DagBag from /opt/airflow/dags/2_bash_operator.py
[2026-09-21T01:31:28.819+0000] {processor.py:809} INFO - DAG(s) dict_keys(['2-bashoperator']) retrieved from /opt/airflow/dags/2_bash_operator.py
[2026-09-21T01:31:28.884+0000] {logging_mixin.py:149} INFO - [2026-09-21T01:31:28.884+0000] {dag.py:2726} INFO - Sync 1 DAGs
[2026-09-21T01:31:28.938+0000] {logging_mixin.py:149} INFO - [2026-09-21T01:31:28.938+0000] {dag.py:3490} INFO - Setting next_dagrun for 2-bashoperator to 2026-09-21T00:00:00+00:00, run_after=2026-09-22T00:00:00+00:00
[2026-09-21T01:31:28.982+0000] {processor.py:178} INFO - Processing /opt/airflow/dags/2_bash_operator.py took 0.188 seconds
[2026-09-21T01:31:59.403+0000] {processor.py:156} INFO - Started process (PID=5049) to work on /opt/airflow/dags/2_bash_operator.py
[2026-09-21T01:31:59.408+0000] {processor.py:799} INFO - Processing file /opt/airflow/dags/2_bash_operator.py for tasks to queue
[2026-09-21T01:31:59.409+0000] {logging_mixin.py:149} INFO - [2026-09-21T01:31:59.409+0000] {dagbag.py:541} INFO - Filling up the DagBag from /opt/airflow/dags/2_bash_operator.py
[2026-09-21T01:31:59.448+0000] {processor.py:809} INFO - DAG(s) dict_keys(['2-bashoperator']) retrieved from /opt/airflow/dags/2_bash_operator.py
[2026-09-21T01:31:59.500+0000] {logging_mixin.py:149} INFO - [2026-09-21T01:31:59.500+0000] {dag.py:2726} INFO - Sync 1 DAGs
[2026-09-21T01:31:59.566+0000] {logging_mixin.py:149} INFO - [2026-09-21T01:31:59.566+0000] {dag.py:3490} INFO - Setting next_dagrun for 2-bashoperator to 2026-09-21T00:00:00+00:00, run_after=2026-09-22T00:00:00+00:00
[2026-09-21T01:31:59.596+0000] {processor.py:178} INFO - Processing /opt/airflow/dags/2_bash_operator.py took 0.204 seconds
[2026-09-21T01:32:29.663+0000] {processor.py:156} INFO - Started process (PID=5058) to work on /opt/airflow/dags/2_bash_operator.py
[2026-09-21T01:32:29.668+0000] {processor.py:799} INFO - Processing file /opt/airflow/dags/2_bash_operator.py for tasks to queue
[2026-09-21T01:32:29.669+0000] {logging_mixin.py:149} INFO - [2026-09-21T01:32:29.669+0000] {dagbag.py:541} INFO - Filling up the DagBag from /opt/airflow/dags/2_bash_operator.py
[2026-09-21T01:32:29.689+0000] {processor.py:809} INFO - DAG(s) dict_keys(['2-bashoperator']) retrieved from /opt/airflow/dags/2_bash_operator.py
[2026-09-21T01:32:29.757+0000] {logging_mixin.py:149} INFO - [2026-09-21T01:32:29.757+0000] {dag.py:2726} INFO - Sync 1 DAGs
[2026-09-21T01:32:29.813+0000] {logging_mixin.py:149} INFO - [2026-09-21T01:32:29.813+0000] {dag.py:3490} INFO - Setting next_dagrun for 2-bashoperator to 2026-09-21T00:00:00+00:00, run_after=2026-09-22T00:00:00+00:00
[2026-09-21T01:32:29.843+0000] {processor.py:178} INFO - Processing /opt/airflow/dags/2_bash_operator.py took 0.191 seconds
[2026-09-21T01:32:59.936+0000] {processor.py:156} INFO - Started process (PID=5068) to work on /opt/airflow/dags/2_bash_operator.py
[2026-09-21T01:32:59.937+0000] {processor.py:799} INFO - Processing file /opt/airflow/dags/2_bash_operator.py for tasks to queue
[2026-09-21T01:32:59.938+0000] {logging_mixin.py:149} INFO - [2026-09-21T01:32:59.938+0000] {dagbag.py:541} INFO - Filling up the DagBag from /opt/airflow/dags/2_bash_operator.py
[2026-09-21T01:32:59.956+0000] {processor.py:809} INFO - DAG(s) dict_keys(['2-bashoperator']) retrieved from /opt/airflow/dags/2_bash_operator.py
[2026-09-21T01:33:00.012+0000] {logging_mixin.py:149} INFO - [2026-09-21T01:33:00.011+0000] {dag.py:2726} INFO - Sync 1 DAGs
[2026-09-21T01:33:00.056+0000] {logging_mixin.py:149} INFO - [2026-09-21T01:33:00.056+0000] {dag.py:3490} INFO - Setting next_dagrun for 2-bashoperator to 2026-09-21T00:00:00+00:00, run_after=2026-09-22T00:00:00+00:00
[2026-09-21T01:33:00.110+0000] {processor.py:178} INFO - Processing /opt/airflow/dags/2_bash_operator.py took 0.183 seconds
[2026-09-21T01:33:31.074+0000] {processor.py:156} INFO - Started process (PID=5078) to work on /opt/airflow/dags/2_bash_operator.py
[2026-09-21T01:33:31.078+0000] {processor.py:799} INFO - Processing file /opt/airflow/dags/2_bash_operator.py for tasks to queue
[2026-09-21T01:33:31.081+0000] {logging_mixin.py:149} INFO - [2026-09-21T01:33:31.080+0000] {dagbag.py:541} INFO - Filling up the DagBag from /opt/airflow/dags/2_bash_operator.py
[2026-09-21T01:33:31.102+0000] {processor.py:809} INFO - DAG(s) dict_keys(['2-bashoperator']) retrieved from /opt/airflow/dags/2_bash_operator.py
[2026-09-21T01:33:31.146+0000] {logging_mixin.py:149} INFO - [2026-09-21T01:33:31.146+0000] {dag.py:2726} INFO - Sync 1 DAGs
[2026-09-21T01:33:31.189+0000] {logging_mixin.py:149} INFO - [2026-09-21T01:33:31.188+0000] {dag.py:3490} INFO - Setting next_dagrun for 2-bashoperator to 2026-09-21T00:00:00+00:00, run_after=2026-09-22T00:00:00+00:00
[2026-09-21T01:33:31.218+0000] {processor.py:178} INFO - Processing /opt/airflow/dags/2_bash_operator.py took 0.153 seconds
[2026-09-21T01:34:01.298+0000] {processor.py:156} INFO - Started process (PID=5088) to work on /opt/airflow/dags/2_bash_operator.py
[2026-09-21T01:34:01.299+0000] {processor.py:799} INFO - Processing file /opt/airflow/dags/2_bash_operator.py for tasks to queue
[2026-09-21T01:34:01.300+0000] {logging_mixin.py:149} INFO - [2026-09-21T01:34:01.300+0000] {dagbag.py:541} INFO - Filling up the DagBag from /opt/airflow/dags/2_bash_operator.py
[2026-09-21T01:34:01.317+0000] {processor.py:809} INFO - DAG(s) dict_keys(['2-bashoperator']) retrieved from /opt/airflow/dags/2_bash_operator.py
[2026-09-21T01:34:01.369+0000] {logging_mixin.py:149} INFO - [2026-09-21T01:34:01.368+0000] {dag.py:2726} INFO - Sync 1 DAGs
[2026-09-21T01:34:01.412+0000] {logging_mixin.py:149} INFO - [2026-09-21T01:34:01.412+0000] {dag.py:3490} INFO - Setting next_dagrun for 2-bashoperator to 2026-09-21T00:00:00+00:00, run_after=2026-09-22T00:00:00+00:00
[2026-09-21T01:34:01.451+0000] {processor.py:178} INFO - Processing /opt/airflow/dags/2_bash_operator.py took 0.159 seconds
[2026-09-21T01:34:31.765+0000] {processor.py:156} INFO - Started process (PID=5098) to work on /opt/airflow/dags/2_bash_operator.py
[2026-09-21T01:34:31.767+0000] {processor.py:799} INFO - Processing file /opt/airflow/dags/2_bash_operator.py for tasks to queue
[2026-09-21T01:34:31.773+0000] {logging_mixin.py:149} INFO - [2026-09-21T01:34:31.769+0000] {dagbag.py:541} INFO - Filling up the DagBag from /opt/airflow/dags/2_bash_operator.py
[2026-09-21T01:34:31.814+0000] {processor.py:809} INFO - DAG(s) dict_keys(['2-bashoperator']) retrieved from /opt/airflow/dags/2_bash_operator.py
[2026-09-21T01:34:31.896+0000] {logging_mixin.py:149} INFO - [2026-09-21T01:34:31.895+0000] {dag.py:2726} INFO - Sync 1 DAGs
[2026-09-21T01:34:31.962+0000] {logging_mixin.py:149} INFO - [2026-09-21T01:34:31.962+0000] {dag.py:3490} INFO - Setting next_dagrun for 2-bashoperator to 2026-09-21T00:00:00+00:00, run_after=2026-09-22T00:00:00+00:00
[2026-09-21T01:34:32.031+0000] {processor.py:178} INFO - Processing /opt/airflow/dags/2_bash_operator.py took 0.286 seconds
[2026-09-21T01:35:02.070+0000] {processor.py:156} INFO - Started process (PID=5108) to work on /opt/airflow/dags/2_bash_operator.py
[2026-09-21T01:35:02.071+0000] {processor.py:799} INFO - Processing file /opt/airflow/dags/2_bash_operator.py for tasks to queue
[2026-09-21T01:35:02.073+0000] {logging_mixin.py:149} INFO - [2026-09-21T01:35:02.072+0000] {dagbag.py:541} INFO - Filling up the DagBag from /opt/airflow/dags/2_bash_operator.py
[2026-09-21T01:35:02.090+0000] {processor.py:809} INFO - DAG(s) dict_keys(['2-bashoperator']) retrieved from /opt/airflow/dags/2_bash_operator.py
[2026-09-21T01:35:02.158+0000] {logging_mixin.py:149} INFO - [2026-09-21T01:35:02.157+0000] {dag.py:2726} INFO - Sync 1 DAGs
[2026-09-21T01:35:02.208+0000] {logging_mixin.py:149} INFO - [2026-09-21T01:35:02.207+0000] {dag.py:3490} INFO - Setting next_dagrun for 2-bashoperator to 2026-09-21T00:00:00+00:00, run_after=2026-09-22T00:00:00+00:00
[2026-09-21T01:35:02.249+0000] {processor.py:178} INFO - Processing /opt/airflow/dags/2_bash_operator.py took 0.185 seconds
[2026-09-21T01:35:32.390+0000] {processor.py:156} INFO - Started process (PID=5118) to work on /opt/airflow/dags/2_bash_operator.py
[2026-09-21T01:35:32.402+0000] {processor.py:799} INFO - Processing file /opt/airflow/dags/2_bash_operator.py for tasks to queue
[2026-09-21T01:35:32.403+0000] {logging_mixin.py:149} INFO - [2026-09-21T01:35:32.403+0000] {dagbag.py:541} INFO - Filling up the DagBag from /opt/airflow/dags/2_bash_operator.py
[2026-09-21T01:35:32.439+0000] {processor.py:809} INFO - DAG(s) dict_keys(['2-bashoperator']) retrieved from /opt/airflow/dags/2_bash_operator.py
[2026-09-21T01:35:32.519+0000] {logging_mixin.py:149} INFO - [2026-09-21T01:35:32.519+0000] {dag.py:2726} INFO - Sync 1 DAGs
[2026-09-21T01:35:32.592+0000] {logging_mixin.py:149} INFO - [2026-09-21T01:35:32.592+0000] {dag.py:3490} INFO - Setting next_dagrun for 2-bashoperator to 2026-09-21T00:00:00+00:00, run_after=2026-09-22T00:00:00+00:00
[2026-09-21T01:35:32.654+0000] {processor.py:178} INFO - Processing /opt/airflow/dags/2_bash_operator.py took 0.271 seconds
[2026-09-21T01:36:02.735+0000] {processor.py:156} INFO - Started process (PID=5128) to work on /opt/airflow/dags/2_bash_operator.py
[2026-09-21T01:36:02.737+0000] {processor.py:799} INFO - Processing file /opt/airflow/dags/2_bash_operator.py for tasks to queue
[2026-09-21T01:36:02.738+0000] {logging_mixin.py:149} INFO - [2026-09-21T01:36:02.738+0000] {dagbag.py:541} INFO - Filling up the DagBag from /opt/airflow/dags/2_bash_operator.py
[2026-09-21T01:36:02.755+0000] {processor.py:809} INFO - DAG(s) dict_keys(['2-bashoperator']) retrieved from /opt/airflow/dags/2_bash_operator.py
[2026-09-21T01:36:02.813+0000] {logging_mixin.py:149} INFO - [2026-09-21T01:36:02.812+0000] {dag.py:2726} INFO - Sync 1 DAGs
[2026-09-21T01:36:02.859+0000] {logging_mixin.py:149} INFO - [2026-09-21T01:36:02.859+0000] {dag.py:3490} INFO - Setting next_dagrun for 2-bashoperator to 2026-09-21T00:00:00+00:00, run_after=2026-09-22T00:00:00+00:00
[2026-09-21T01:36:02.898+0000] {processor.py:178} INFO - Processing /opt/airflow/dags/2_bash_operator.py took 0.171 seconds
[2026-09-21T01:36:33.334+0000] {processor.py:156} INFO - Started process (PID=5138) to work on /opt/airflow/dags/2_bash_operator.py
[2026-09-21T01:36:33.345+0000] {processor.py:799} INFO - Processing file /opt/airflow/dags/2_bash_operator.py for tasks to queue
[2026-09-21T01:36:33.346+0000] {logging_mixin.py:149} INFO - [2026-09-21T01:36:33.346+0000] {dagbag.py:541} INFO - Filling up the DagBag from /opt/airflow/dags/2_bash_operator.py
[2026-09-21T01:36:33.364+0000] {processor.py:809} INFO - DAG(s) dict_keys(['2-bashoperator']) retrieved from /opt/airflow/dags/2_bash_operator.py
[2026-09-21T01:36:33.421+0000] {logging_mixin.py:149} INFO - [2026-09-21T01:36:33.421+0000] {dag.py:2726} INFO - Sync 1 DAGs
[2026-09-21T01:36:33.469+0000] {logging_mixin.py:149} INFO - [2026-09-21T01:36:33.469+0000] {dag.py:3490} INFO - Setting next_dagrun for 2-bashoperator to 2026-09-21T00:00:00+00:00, run_after=2026-09-22T00:00:00+00:00
[2026-09-21T01:36:33.524+0000] {processor.py:178} INFO - Processing /opt/airflow/dags/2_bash_operator.py took 0.196 seconds
[2026-09-21T01:37:03.712+0000] {processor.py:156} INFO - Started process (PID=5148) to work on /opt/airflow/dags/2_bash_operator.py
[2026-09-21T01:37:03.713+0000] {processor.py:799} INFO - Processing file /opt/airflow/dags/2_bash_operator.py for tasks to queue
[2026-09-21T01:37:03.714+0000] {logging_mixin.py:149} INFO - [2026-09-21T01:37:03.714+0000] {dagbag.py:541} INFO - Filling up the DagBag from /opt/airflow/dags/2_bash_operator.py
[2026-09-21T01:37:03.732+0000] {processor.py:809} INFO - DAG(s) dict_keys(['2-bashoperator']) retrieved from /opt/airflow/dags/2_bash_operator.py
[2026-09-21T01:37:03.786+0000] {logging_mixin.py:149} INFO - [2026-09-21T01:37:03.786+0000] {dag.py:2726} INFO - Sync 1 DAGs
[2026-09-21T01:37:03.841+0000] {logging_mixin.py:149} INFO - [2026-09-21T01:37:03.841+0000] {dag.py:3490} INFO - Setting next_dagrun for 2-bashoperator to 2026-09-21T00:00:00+00:00, run_after=2026-09-22T00:00:00+00:00
[2026-09-21T01:37:03.885+0000] {processor.py:178} INFO - Processing /opt/airflow/dags/2_bash_operator.py took 0.180 seconds
[2026-09-21T01:37:34.041+0000] {processor.py:156} INFO - Started process (PID=5158) to work on /opt/airflow/dags/2_bash_operator.py
[2026-09-21T01:37:34.043+0000] {processor.py:799} INFO - Processing file /opt/airflow/dags/2_bash_operator.py for tasks to queue
[2026-09-21T01:37:34.044+0000] {logging_mixin.py:149} INFO - [2026-09-21T01:37:34.044+0000] {dagbag.py:541} INFO - Filling up the DagBag from /opt/airflow/dags/2_bash_operator.py
[2026-09-21T01:37:34.061+0000] {processor.py:809} INFO - DAG(s) dict_keys(['2-bashoperator']) retrieved from /opt/airflow/dags/2_bash_operator.py
[2026-09-21T01:37:34.129+0000] {logging_mixin.py:149} INFO - [2026-09-21T01:37:34.129+0000] {dag.py:2726} INFO - Sync 1 DAGs
[2026-09-21T01:37:34.171+0000] {logging_mixin.py:149} INFO - [2026-09-21T01:37:34.171+0000] {dag.py:3490} INFO - Setting next_dagrun for 2-bashoperator to 2026-09-21T00:00:00+00:00, run_after=2026-09-22T00:00:00+00:00
[2026-09-21T01:37:34.204+0000] {processor.py:178} INFO - Processing /opt/airflow/dags/2_bash_operator.py took 0.170 seconds
[2026-09-21T01:38:04.314+0000] {processor.py:156} INFO - Started process (PID=5168) to work on /opt/airflow/dags/2_bash_operator.py
[2026-09-21T01:38:04.319+0000] {processor.py:799} INFO - Processing file /opt/airflow/dags/2_bash_operator.py for tasks to queue
[2026-09-21T01:38:04.321+0000] {logging_mixin.py:149} INFO - [2026-09-21T01:38:04.321+0000] {dagbag.py:541} INFO - Filling up the DagBag from /opt/airflow/dags/2_bash_operator.py
[2026-09-21T01:38:04.339+0000] {processor.py:809} INFO - DAG(s) dict_keys(['2-bashoperator']) retrieved from /opt/airflow/dags/2_bash_operator.py
[2026-09-21T01:38:04.386+0000] {logging_mixin.py:149} INFO - [2026-09-21T01:38:04.386+0000] {dag.py:2726} INFO - Sync 1 DAGs
[2026-09-21T01:38:04.429+0000] {logging_mixin.py:149} INFO - [2026-09-21T01:38:04.429+0000] {dag.py:3490} INFO - Setting next_dagrun for 2-bashoperator to 2026-09-21T00:00:00+00:00, run_after=2026-09-22T00:00:00+00:00
[2026-09-21T01:38:04.466+0000] {processor.py:178} INFO - Processing /opt/airflow/dags/2_bash_operator.py took 0.163 seconds
[2026-09-21T01:38:34.543+0000] {processor.py:156} INFO - Started process (PID=5178) to work on /opt/airflow/dags/2_bash_operator.py
[2026-09-21T01:38:34.546+0000] {processor.py:799} INFO - Processing file /opt/airflow/dags/2_bash_operator.py for tasks to queue
[2026-09-21T01:38:34.547+0000] {logging_mixin.py:149} INFO - [2026-09-21T01:38:34.546+0000] {dagbag.py:541} INFO - Filling up the DagBag from /opt/airflow/dags/2_bash_operator.py
[2026-09-21T01:38:34.567+0000] {processor.py:809} INFO - DAG(s) dict_keys(['2-bashoperator']) retrieved from /opt/airflow/dags/2_bash_operator.py
[2026-09-21T01:38:34.624+0000] {logging_mixin.py:149} INFO - [2026-09-21T01:38:34.623+0000] {dag.py:2726} INFO - Sync 1 DAGs
[2026-09-21T01:38:34.665+0000] {logging_mixin.py:149} INFO - [2026-09-21T01:38:34.665+0000] {dag.py:3490} INFO - Setting next_dagrun for 2-bashoperator to 2026-09-21T00:00:00+00:00, run_after=2026-09-22T00:00:00+00:00
[2026-09-21T01:38:34.696+0000] {processor.py:178} INFO - Processing /opt/airflow/dags/2_bash_operator.py took 0.159 seconds
[2026-09-21T01:39:04.977+0000] {processor.py:156} INFO - Started process (PID=5188) to work on /opt/airflow/dags/2_bash_operator.py
[2026-09-21T01:39:04.978+0000] {processor.py:799} INFO - Processing file /opt/airflow/dags/2_bash_operator.py for tasks to queue
[2026-09-21T01:39:04.979+0000] {logging_mixin.py:149} INFO - [2026-09-21T01:39:04.979+0000] {dagbag.py:541} INFO - Filling up the DagBag from /opt/airflow/dags/2_bash_operator.py
[2026-09-21T01:39:05.001+0000] {processor.py:809} INFO - DAG(s) dict_keys(['2-bashoperator']) retrieved from /opt/airflow/dags/2_bash_operator.py
[2026-09-21T01:39:05.055+0000] {logging_mixin.py:149} INFO - [2026-09-21T01:39:05.055+0000] {dag.py:2726} INFO - Sync 1 DAGs
[2026-09-21T01:39:05.109+0000] {logging_mixin.py:149} INFO - [2026-09-21T01:39:05.109+0000] {dag.py:3490} INFO - Setting next_dagrun for 2-bashoperator to 2026-09-21T00:00:00+00:00, run_after=2026-09-22T00:00:00+00:00
[2026-09-21T01:39:05.144+0000] {processor.py:178} INFO - Processing /opt/airflow/dags/2_bash_operator.py took 0.174 seconds
[2026-09-21T01:39:35.387+0000] {processor.py:156} INFO - Started process (PID=5198) to work on /opt/airflow/dags/2_bash_operator.py
[2026-09-21T01:39:35.389+0000] {processor.py:799} INFO - Processing file /opt/airflow/dags/2_bash_operator.py for tasks to queue
[2026-09-21T01:39:35.391+0000] {logging_mixin.py:149} INFO - [2026-09-21T01:39:35.390+0000] {dagbag.py:541} INFO - Filling up the DagBag from /opt/airflow/dags/2_bash_operator.py
[2026-09-21T01:39:35.407+0000] {processor.py:809} INFO - DAG(s) dict_keys(['2-bashoperator']) retrieved from /opt/airflow/dags/2_bash_operator.py
[2026-09-21T01:39:35.473+0000] {logging_mixin.py:149} INFO - [2026-09-21T01:39:35.472+0000] {dag.py:2726} INFO - Sync 1 DAGs
[2026-09-21T01:39:35.515+0000] {logging_mixin.py:149} INFO - [2026-09-21T01:39:35.515+0000] {dag.py:3490} INFO - Setting next_dagrun for 2-bashoperator to 2026-09-21T00:00:00+00:00, run_after=2026-09-22T00:00:00+00:00
[2026-09-21T01:39:35.543+0000] {processor.py:178} INFO - Processing /opt/airflow/dags/2_bash_operator.py took 0.164 seconds
[2026-09-21T01:40:06.299+0000] {processor.py:156} INFO - Started process (PID=5208) to work on /opt/airflow/dags/2_bash_operator.py
[2026-09-21T01:40:06.301+0000] {processor.py:799} INFO - Processing file /opt/airflow/dags/2_bash_operator.py for tasks to queue
[2026-09-21T01:40:06.302+0000] {logging_mixin.py:149} INFO - [2026-09-21T01:40:06.302+0000] {dagbag.py:541} INFO - Filling up the DagBag from /opt/airflow/dags/2_bash_operator.py
[2026-09-21T01:40:06.317+0000] {processor.py:809} INFO - DAG(s) dict_keys(['2-bashoperator']) retrieved from /opt/airflow/dags/2_bash_operator.py
[2026-09-21T01:40:06.361+0000] {logging_mixin.py:149} INFO - [2026-09-21T01:40:06.361+0000] {dag.py:2726} INFO - Sync 1 DAGs
[2026-09-21T01:40:06.392+0000] {logging_mixin.py:149} INFO - [2026-09-21T01:40:06.392+0000] {dag.py:3490} INFO - Setting next_dagrun for 2-bashoperator to 2026-09-21T00:00:00+00:00, run_after=2026-09-22T00:00:00+00:00
[2026-09-21T01:40:06.443+0000] {processor.py:178} INFO - Processing /opt/airflow/dags/2_bash_operator.py took 0.149 seconds
[2026-09-21T01:40:36.932+0000] {processor.py:156} INFO - Started process (PID=5218) to work on /opt/airflow/dags/2_bash_operator.py
[2026-09-21T01:40:36.934+0000] {processor.py:799} INFO - Processing file /opt/airflow/dags/2_bash_operator.py for tasks to queue
[2026-09-21T01:40:36.935+0000] {logging_mixin.py:149} INFO - [2026-09-21T01:40:36.935+0000] {dagbag.py:541} INFO - Filling up the DagBag from /opt/airflow/dags/2_bash_operator.py
[2026-09-21T01:40:36.959+0000] {processor.py:809} INFO - DAG(s) dict_keys(['2-bashoperator']) retrieved from /opt/airflow/dags/2_bash_operator.py
[2026-09-21T01:40:37.003+0000] {logging_mixin.py:149} INFO - [2026-09-21T01:40:37.003+0000] {dag.py:2726} INFO - Sync 1 DAGs
[2026-09-21T01:40:37.048+0000] {logging_mixin.py:149} INFO - [2026-09-21T01:40:37.048+0000] {dag.py:3490} INFO - Setting next_dagrun for 2-bashoperator to 2026-09-21T00:00:00+00:00, run_after=2026-09-22T00:00:00+00:00
[2026-09-21T01:40:37.079+0000] {processor.py:178} INFO - Processing /opt/airflow/dags/2_bash_operator.py took 0.153 seconds
[2026-09-21T01:42:35.159+0000] {processor.py:156} INFO - Started process (PID=33) to work on /opt/airflow/dags/2_bash_operator.py
[2026-09-21T01:42:35.162+0000] {processor.py:799} INFO - Processing file /opt/airflow/dags/2_bash_operator.py for tasks to queue
[2026-09-21T01:42:35.166+0000] {logging_mixin.py:149} INFO - [2026-09-21T01:42:35.166+0000] {dagbag.py:541} INFO - Filling up the DagBag from /opt/airflow/dags/2_bash_operator.py
[2026-09-21T01:42:35.905+0000] {processor.py:809} INFO - DAG(s) dict_keys(['2-bashoperator']) retrieved from /opt/airflow/dags/2_bash_operator.py
[2026-09-21T01:42:36.111+0000] {logging_mixin.py:149} INFO - [2026-09-21T01:42:36.111+0000] {dag.py:2726} INFO - Sync 1 DAGs
[2026-09-21T01:42:36.203+0000] {logging_mixin.py:149} INFO - [2026-09-21T01:42:36.199+0000] {dag.py:3490} INFO - Setting next_dagrun for 2-bashoperator to 2026-09-21T00:00:00+00:00, run_after=2026-09-22T00:00:00+00:00
[2026-09-21T01:42:36.269+0000] {processor.py:178} INFO - Processing /opt/airflow/dags/2_bash_operator.py took 1.151 seconds
[2026-09-21T01:57:40.095+0000] {processor.py:156} INFO - Started process (PID=34) to work on /opt/airflow/dags/2_bash_operator.py
[2026-09-21T01:57:40.104+0000] {processor.py:799} INFO - Processing file /opt/airflow/dags/2_bash_operator.py for tasks to queue
[2026-09-21T01:57:40.105+0000] {logging_mixin.py:149} INFO - [2026-09-21T01:57:40.105+0000] {dagbag.py:541} INFO - Filling up the DagBag from /opt/airflow/dags/2_bash_operator.py
[2026-09-21T01:57:41.210+0000] {processor.py:809} INFO - DAG(s) dict_keys(['2-bashoperator']) retrieved from /opt/airflow/dags/2_bash_operator.py
[2026-09-21T01:57:41.505+0000] {logging_mixin.py:149} INFO - [2026-09-21T01:57:41.504+0000] {dag.py:2726} INFO - Sync 1 DAGs
[2026-09-21T01:57:41.660+0000] {logging_mixin.py:149} INFO - [2026-09-21T01:57:41.660+0000] {dag.py:3490} INFO - Setting next_dagrun for 2-bashoperator to 2026-09-21T00:00:00+00:00, run_after=2026-09-22T00:00:00+00:00
[2026-09-21T01:57:41.801+0000] {processor.py:178} INFO - Processing /opt/airflow/dags/2_bash_operator.py took 1.730 seconds
[2026-09-21T01:58:12.611+0000] {processor.py:156} INFO - Started process (PID=45) to work on /opt/airflow/dags/2_bash_operator.py
[2026-09-21T01:58:12.614+0000] {processor.py:799} INFO - Processing file /opt/airflow/dags/2_bash_operator.py for tasks to queue
[2026-09-21T01:58:12.615+0000] {logging_mixin.py:149} INFO - [2026-09-21T01:58:12.615+0000] {dagbag.py:541} INFO - Filling up the DagBag from /opt/airflow/dags/2_bash_operator.py
[2026-09-21T01:58:12.640+0000] {processor.py:809} INFO - DAG(s) dict_keys(['2-bashoperator']) retrieved from /opt/airflow/dags/2_bash_operator.py
[2026-09-21T01:58:12.815+0000] {logging_mixin.py:149} INFO - [2026-09-21T01:58:12.815+0000] {dag.py:2726} INFO - Sync 1 DAGs
[2026-09-21T01:58:12.876+0000] {logging_mixin.py:149} INFO - [2026-09-21T01:58:12.876+0000] {dag.py:3490} INFO - Setting next_dagrun for 2-bashoperator to 2026-09-21T00:00:00+00:00, run_after=2026-09-22T00:00:00+00:00
[2026-09-21T01:58:12.937+0000] {processor.py:178} INFO - Processing /opt/airflow/dags/2_bash_operator.py took 0.335 seconds
[2026-09-21T01:58:37.006+0000] {processor.py:156} INFO - Started process (PID=58) to work on /opt/airflow/dags/2_bash_operator.py
[2026-09-21T01:58:37.008+0000] {processor.py:799} INFO - Processing file /opt/airflow/dags/2_bash_operator.py for tasks to queue
[2026-09-21T01:58:37.009+0000] {logging_mixin.py:149} INFO - [2026-09-21T01:58:37.009+0000] {dagbag.py:541} INFO - Filling up the DagBag from /opt/airflow/dags/2_bash_operator.py
[2026-09-21T01:58:37.017+0000] {processor.py:809} INFO - DAG(s) dict_keys(['2-bashoperator']) retrieved from /opt/airflow/dags/2_bash_operator.py
[2026-09-21T01:58:37.052+0000] {logging_mixin.py:149} INFO - [2026-09-21T01:58:37.052+0000] {dag.py:2726} INFO - Sync 1 DAGs
[2026-09-21T01:58:37.104+0000] {logging_mixin.py:149} INFO - [2026-09-21T01:58:37.104+0000] {dag.py:3490} INFO - Setting next_dagrun for 2-bashoperator to 2026-09-21T00:00:00+00:00, run_after=2026-09-22T00:00:00+00:00
[2026-09-21T01:58:37.147+0000] {processor.py:178} INFO - Processing /opt/airflow/dags/2_bash_operator.py took 0.146 seconds
[2026-09-21T01:59:08.235+0000] {processor.py:156} INFO - Started process (PID=76) to work on /opt/airflow/dags/2_bash_operator.py
[2026-09-21T01:59:08.238+0000] {processor.py:799} INFO - Processing file /opt/airflow/dags/2_bash_operator.py for tasks to queue
[2026-09-21T01:59:08.239+0000] {logging_mixin.py:149} INFO - [2026-09-21T01:59:08.239+0000] {dagbag.py:541} INFO - Filling up the DagBag from /opt/airflow/dags/2_bash_operator.py
[2026-09-21T01:59:08.252+0000] {processor.py:809} INFO - DAG(s) dict_keys(['2-bashoperator']) retrieved from /opt/airflow/dags/2_bash_operator.py
[2026-09-21T01:59:08.325+0000] {logging_mixin.py:149} INFO - [2026-09-21T01:59:08.325+0000] {dag.py:2726} INFO - Sync 1 DAGs
[2026-09-21T01:59:08.390+0000] {logging_mixin.py:149} INFO - [2026-09-21T01:59:08.389+0000] {dag.py:3490} INFO - Setting next_dagrun for 2-bashoperator to 2026-09-21T00:00:00+00:00, run_after=2026-09-22T00:00:00+00:00
[2026-09-21T01:59:08.435+0000] {processor.py:178} INFO - Processing /opt/airflow/dags/2_bash_operator.py took 0.209 seconds
[2026-09-21T01:59:39.744+0000] {processor.py:156} INFO - Started process (PID=87) to work on /opt/airflow/dags/2_bash_operator.py
[2026-09-21T01:59:39.748+0000] {processor.py:799} INFO - Processing file /opt/airflow/dags/2_bash_operator.py for tasks to queue
[2026-09-21T01:59:39.749+0000] {logging_mixin.py:149} INFO - [2026-09-21T01:59:39.749+0000] {dagbag.py:541} INFO - Filling up the DagBag from /opt/airflow/dags/2_bash_operator.py
[2026-09-21T01:59:39.758+0000] {processor.py:809} INFO - DAG(s) dict_keys(['2-bashoperator']) retrieved from /opt/airflow/dags/2_bash_operator.py
[2026-09-21T01:59:39.833+0000] {logging_mixin.py:149} INFO - [2026-09-21T01:59:39.832+0000] {dag.py:2726} INFO - Sync 1 DAGs
[2026-09-21T01:59:39.900+0000] {logging_mixin.py:149} INFO - [2026-09-21T01:59:39.900+0000] {dag.py:3490} INFO - Setting next_dagrun for 2-bashoperator to 2026-09-21T00:00:00+00:00, run_after=2026-09-22T00:00:00+00:00
[2026-09-21T01:59:39.961+0000] {processor.py:178} INFO - Processing /opt/airflow/dags/2_bash_operator.py took 0.229 seconds
[2026-09-21T02:00:08.333+0000] {processor.py:156} INFO - Started process (PID=107) to work on /opt/airflow/dags/2_bash_operator.py
[2026-09-21T02:00:08.339+0000] {processor.py:799} INFO - Processing file /opt/airflow/dags/2_bash_operator.py for tasks to queue
[2026-09-21T02:00:08.341+0000] {logging_mixin.py:149} INFO - [2026-09-21T02:00:08.341+0000] {dagbag.py:541} INFO - Filling up the DagBag from /opt/airflow/dags/2_bash_operator.py
[2026-09-21T02:00:08.356+0000] {processor.py:809} INFO - DAG(s) dict_keys(['2-bashoperator']) retrieved from /opt/airflow/dags/2_bash_operator.py
[2026-09-21T02:00:08.432+0000] {logging_mixin.py:149} INFO - [2026-09-21T02:00:08.431+0000] {dag.py:2726} INFO - Sync 1 DAGs
[2026-09-21T02:00:08.503+0000] {logging_mixin.py:149} INFO - [2026-09-21T02:00:08.503+0000] {dag.py:3490} INFO - Setting next_dagrun for 2-bashoperator to 2026-09-21T00:00:00+00:00, run_after=2026-09-22T00:00:00+00:00
[2026-09-21T02:00:08.586+0000] {processor.py:178} INFO - Processing /opt/airflow/dags/2_bash_operator.py took 0.265 seconds
[2026-09-21T02:00:38.811+0000] {processor.py:156} INFO - Started process (PID=127) to work on /opt/airflow/dags/2_bash_operator.py
[2026-09-21T02:00:38.814+0000] {processor.py:799} INFO - Processing file /opt/airflow/dags/2_bash_operator.py for tasks to queue
[2026-09-21T02:00:38.815+0000] {logging_mixin.py:149} INFO - [2026-09-21T02:00:38.814+0000] {dagbag.py:541} INFO - Filling up the DagBag from /opt/airflow/dags/2_bash_operator.py
[2026-09-21T02:00:38.824+0000] {processor.py:809} INFO - DAG(s) dict_keys(['2-bashoperator']) retrieved from /opt/airflow/dags/2_bash_operator.py
[2026-09-21T02:00:38.907+0000] {logging_mixin.py:149} INFO - [2026-09-21T02:00:38.906+0000] {dag.py:2726} INFO - Sync 1 DAGs
[2026-09-21T02:00:38.949+0000] {logging_mixin.py:149} INFO - [2026-09-21T02:00:38.949+0000] {dag.py:3490} INFO - Setting next_dagrun for 2-bashoperator to 2026-09-21T00:00:00+00:00, run_after=2026-09-22T00:00:00+00:00
[2026-09-21T02:00:38.982+0000] {processor.py:178} INFO - Processing /opt/airflow/dags/2_bash_operator.py took 0.177 seconds
[2026-09-21T02:01:09.145+0000] {processor.py:156} INFO - Started process (PID=138) to work on /opt/airflow/dags/2_bash_operator.py
[2026-09-21T02:01:09.147+0000] {processor.py:799} INFO - Processing file /opt/airflow/dags/2_bash_operator.py for tasks to queue
[2026-09-21T02:01:09.148+0000] {logging_mixin.py:149} INFO - [2026-09-21T02:01:09.148+0000] {dagbag.py:541} INFO - Filling up the DagBag from /opt/airflow/dags/2_bash_operator.py
[2026-09-21T02:01:09.155+0000] {processor.py:809} INFO - DAG(s) dict_keys(['2-bashoperator']) retrieved from /opt/airflow/dags/2_bash_operator.py
[2026-09-21T02:01:09.259+0000] {logging_mixin.py:149} INFO - [2026-09-21T02:01:09.259+0000] {dag.py:2726} INFO - Sync 1 DAGs
[2026-09-21T02:01:09.302+0000] {logging_mixin.py:149} INFO - [2026-09-21T02:01:09.301+0000] {dag.py:3490} INFO - Setting next_dagrun for 2-bashoperator to 2026-09-21T00:00:00+00:00, run_after=2026-09-22T00:00:00+00:00
[2026-09-21T02:01:09.343+0000] {processor.py:178} INFO - Processing /opt/airflow/dags/2_bash_operator.py took 0.215 seconds
[2026-09-21T02:01:40.319+0000] {processor.py:156} INFO - Started process (PID=152) to work on /opt/airflow/dags/2_bash_operator.py
[2026-09-21T02:01:40.322+0000] {processor.py:799} INFO - Processing file /opt/airflow/dags/2_bash_operator.py for tasks to queue
[2026-09-21T02:01:40.323+0000] {logging_mixin.py:149} INFO - [2026-09-21T02:01:40.322+0000] {dagbag.py:541} INFO - Filling up the DagBag from /opt/airflow/dags/2_bash_operator.py
[2026-09-21T02:01:40.330+0000] {processor.py:809} INFO - DAG(s) dict_keys(['2-bashoperator']) retrieved from /opt/airflow/dags/2_bash_operator.py
[2026-09-21T02:01:40.382+0000] {logging_mixin.py:149} INFO - [2026-09-21T02:01:40.382+0000] {dag.py:2726} INFO - Sync 1 DAGs
[2026-09-21T02:01:40.433+0000] {logging_mixin.py:149} INFO - [2026-09-21T02:01:40.432+0000] {dag.py:3490} INFO - Setting next_dagrun for 2-bashoperator to 2026-09-21T00:00:00+00:00, run_after=2026-09-22T00:00:00+00:00
[2026-09-21T02:01:40.467+0000] {processor.py:178} INFO - Processing /opt/airflow/dags/2_bash_operator.py took 0.154 seconds
[2026-09-21T02:02:10.595+0000] {processor.py:156} INFO - Started process (PID=170) to work on /opt/airflow/dags/2_bash_operator.py
[2026-09-21T02:02:10.597+0000] {processor.py:799} INFO - Processing file /opt/airflow/dags/2_bash_operator.py for tasks to queue
[2026-09-21T02:02:10.598+0000] {logging_mixin.py:149} INFO - [2026-09-21T02:02:10.598+0000] {dagbag.py:541} INFO - Filling up the DagBag from /opt/airflow/dags/2_bash_operator.py
[2026-09-21T02:02:10.607+0000] {processor.py:809} INFO - DAG(s) dict_keys(['2-bashoperator']) retrieved from /opt/airflow/dags/2_bash_operator.py
[2026-09-21T02:02:10.662+0000] {logging_mixin.py:149} INFO - [2026-09-21T02:02:10.662+0000] {dag.py:2726} INFO - Sync 1 DAGs
[2026-09-21T02:02:10.698+0000] {logging_mixin.py:149} INFO - [2026-09-21T02:02:10.698+0000] {dag.py:3490} INFO - Setting next_dagrun for 2-bashoperator to 2026-09-21T00:00:00+00:00, run_after=2026-09-22T00:00:00+00:00
[2026-09-21T02:02:10.732+0000] {processor.py:178} INFO - Processing /opt/airflow/dags/2_bash_operator.py took 0.148 seconds
[2026-09-21T02:02:41.976+0000] {processor.py:156} INFO - Started process (PID=184) to work on /opt/airflow/dags/2_bash_operator.py
[2026-09-21T02:02:41.979+0000] {processor.py:799} INFO - Processing file /opt/airflow/dags/2_bash_operator.py for tasks to queue
[2026-09-21T02:02:41.980+0000] {logging_mixin.py:149} INFO - [2026-09-21T02:02:41.980+0000] {dagbag.py:541} INFO - Filling up the DagBag from /opt/airflow/dags/2_bash_operator.py
[2026-09-21T02:02:41.996+0000] {processor.py:809} INFO - DAG(s) dict_keys(['2-bashoperator']) retrieved from /opt/airflow/dags/2_bash_operator.py
[2026-09-21T02:02:42.067+0000] {logging_mixin.py:149} INFO - [2026-09-21T02:02:42.066+0000] {dag.py:2726} INFO - Sync 1 DAGs
[2026-09-21T02:02:42.126+0000] {logging_mixin.py:149} INFO - [2026-09-21T02:02:42.125+0000] {dag.py:3490} INFO - Setting next_dagrun for 2-bashoperator to 2026-09-21T00:00:00+00:00, run_after=2026-09-22T00:00:00+00:00
[2026-09-21T02:02:42.189+0000] {processor.py:178} INFO - Processing /opt/airflow/dags/2_bash_operator.py took 0.221 seconds
[2026-09-21T02:03:12.550+0000] {processor.py:156} INFO - Started process (PID=195) to work on /opt/airflow/dags/2_bash_operator.py
[2026-09-21T02:03:12.553+0000] {processor.py:799} INFO - Processing file /opt/airflow/dags/2_bash_operator.py for tasks to queue
[2026-09-21T02:03:12.554+0000] {logging_mixin.py:149} INFO - [2026-09-21T02:03:12.554+0000] {dagbag.py:541} INFO - Filling up the DagBag from /opt/airflow/dags/2_bash_operator.py
[2026-09-21T02:03:12.564+0000] {processor.py:809} INFO - DAG(s) dict_keys(['2-bashoperator']) retrieved from /opt/airflow/dags/2_bash_operator.py
[2026-09-21T02:03:12.648+0000] {logging_mixin.py:149} INFO - [2026-09-21T02:03:12.648+0000] {dag.py:2726} INFO - Sync 1 DAGs
[2026-09-21T02:03:12.718+0000] {logging_mixin.py:149} INFO - [2026-09-21T02:03:12.716+0000] {dag.py:3490} INFO - Setting next_dagrun for 2-bashoperator to 2026-09-21T00:00:00+00:00, run_after=2026-09-22T00:00:00+00:00
[2026-09-21T02:03:12.772+0000] {processor.py:178} INFO - Processing /opt/airflow/dags/2_bash_operator.py took 0.230 seconds
[2026-09-21T02:03:43.118+0000] {processor.py:156} INFO - Started process (PID=206) to work on /opt/airflow/dags/2_bash_operator.py
[2026-09-21T02:03:43.121+0000] {processor.py:799} INFO - Processing file /opt/airflow/dags/2_bash_operator.py for tasks to queue
[2026-09-21T02:03:43.123+0000] {logging_mixin.py:149} INFO - [2026-09-21T02:03:43.123+0000] {dagbag.py:541} INFO - Filling up the DagBag from /opt/airflow/dags/2_bash_operator.py
[2026-09-21T02:03:43.131+0000] {processor.py:809} INFO - DAG(s) dict_keys(['2-bashoperator']) retrieved from /opt/airflow/dags/2_bash_operator.py
[2026-09-21T02:03:43.201+0000] {logging_mixin.py:149} INFO - [2026-09-21T02:03:43.200+0000] {dag.py:2726} INFO - Sync 1 DAGs
[2026-09-21T02:03:43.242+0000] {logging_mixin.py:149} INFO - [2026-09-21T02:03:43.242+0000] {dag.py:3490} INFO - Setting next_dagrun for 2-bashoperator to 2026-09-21T00:00:00+00:00, run_after=2026-09-22T00:00:00+00:00
[2026-09-21T02:03:43.279+0000] {processor.py:178} INFO - Processing /opt/airflow/dags/2_bash_operator.py took 0.170 seconds
[2026-09-21T02:04:14.289+0000] {processor.py:156} INFO - Started process (PID=217) to work on /opt/airflow/dags/2_bash_operator.py
[2026-09-21T02:04:14.291+0000] {processor.py:799} INFO - Processing file /opt/airflow/dags/2_bash_operator.py for tasks to queue
[2026-09-21T02:04:14.293+0000] {logging_mixin.py:149} INFO - [2026-09-21T02:04:14.292+0000] {dagbag.py:541} INFO - Filling up the DagBag from /opt/airflow/dags/2_bash_operator.py
[2026-09-21T02:04:14.306+0000] {processor.py:809} INFO - DAG(s) dict_keys(['2-bashoperator']) retrieved from /opt/airflow/dags/2_bash_operator.py
[2026-09-21T02:04:14.405+0000] {logging_mixin.py:149} INFO - [2026-09-21T02:04:14.404+0000] {dag.py:2726} INFO - Sync 1 DAGs
[2026-09-21T02:04:14.460+0000] {logging_mixin.py:149} INFO - [2026-09-21T02:04:14.460+0000] {dag.py:3490} INFO - Setting next_dagrun for 2-bashoperator to 2026-09-21T00:00:00+00:00, run_after=2026-09-22T00:00:00+00:00
[2026-09-21T02:04:14.492+0000] {processor.py:178} INFO - Processing /opt/airflow/dags/2_bash_operator.py took 0.215 seconds
[2026-09-21T02:04:45.048+0000] {processor.py:156} INFO - Started process (PID=228) to work on /opt/airflow/dags/2_bash_operator.py
[2026-09-21T02:04:45.062+0000] {processor.py:799} INFO - Processing file /opt/airflow/dags/2_bash_operator.py for tasks to queue
[2026-09-21T02:04:45.069+0000] {logging_mixin.py:149} INFO - [2026-09-21T02:04:45.068+0000] {dagbag.py:541} INFO - Filling up the DagBag from /opt/airflow/dags/2_bash_operator.py
[2026-09-21T02:04:45.086+0000] {processor.py:809} INFO - DAG(s) dict_keys(['2-bashoperator']) retrieved from /opt/airflow/dags/2_bash_operator.py
[2026-09-21T02:04:45.176+0000] {logging_mixin.py:149} INFO - [2026-09-21T02:04:45.176+0000] {dag.py:2726} INFO - Sync 1 DAGs
[2026-09-21T02:04:45.224+0000] {logging_mixin.py:149} INFO - [2026-09-21T02:04:45.224+0000] {dag.py:3490} INFO - Setting next_dagrun for 2-bashoperator to 2026-09-21T00:00:00+00:00, run_after=2026-09-22T00:00:00+00:00
[2026-09-21T02:04:45.318+0000] {processor.py:178} INFO - Processing /opt/airflow/dags/2_bash_operator.py took 0.291 seconds
[2026-09-21T02:05:15.554+0000] {processor.py:156} INFO - Started process (PID=240) to work on /opt/airflow/dags/2_bash_operator.py
[2026-09-21T02:05:15.556+0000] {processor.py:799} INFO - Processing file /opt/airflow/dags/2_bash_operator.py for tasks to queue
[2026-09-21T02:05:15.557+0000] {logging_mixin.py:149} INFO - [2026-09-21T02:05:15.557+0000] {dagbag.py:541} INFO - Filling up the DagBag from /opt/airflow/dags/2_bash_operator.py
[2026-09-21T02:05:15.565+0000] {processor.py:809} INFO - DAG(s) dict_keys(['2-bashoperator']) retrieved from /opt/airflow/dags/2_bash_operator.py
[2026-09-21T02:05:15.623+0000] {logging_mixin.py:149} INFO - [2026-09-21T02:05:15.623+0000] {dag.py:2726} INFO - Sync 1 DAGs
[2026-09-21T02:05:15.669+0000] {logging_mixin.py:149} INFO - [2026-09-21T02:05:15.668+0000] {dag.py:3490} INFO - Setting next_dagrun for 2-bashoperator to 2026-09-21T00:00:00+00:00, run_after=2026-09-22T00:00:00+00:00
[2026-09-21T02:05:15.705+0000] {processor.py:178} INFO - Processing /opt/airflow/dags/2_bash_operator.py took 0.157 seconds
[2026-09-21T02:05:45.932+0000] {processor.py:156} INFO - Started process (PID=251) to work on /opt/airflow/dags/2_bash_operator.py
[2026-09-21T02:05:45.934+0000] {processor.py:799} INFO - Processing file /opt/airflow/dags/2_bash_operator.py for tasks to queue
[2026-09-21T02:05:45.935+0000] {logging_mixin.py:149} INFO - [2026-09-21T02:05:45.935+0000] {dagbag.py:541} INFO - Filling up the DagBag from /opt/airflow/dags/2_bash_operator.py
[2026-09-21T02:05:45.943+0000] {processor.py:809} INFO - DAG(s) dict_keys(['2-bashoperator']) retrieved from /opt/airflow/dags/2_bash_operator.py
[2026-09-21T02:05:46.006+0000] {logging_mixin.py:149} INFO - [2026-09-21T02:05:46.006+0000] {dag.py:2726} INFO - Sync 1 DAGs
[2026-09-21T02:05:46.059+0000] {logging_mixin.py:149} INFO - [2026-09-21T02:05:46.059+0000] {dag.py:3490} INFO - Setting next_dagrun for 2-bashoperator to 2026-09-21T00:00:00+00:00, run_after=2026-09-22T00:00:00+00:00
[2026-09-21T02:05:46.094+0000] {processor.py:178} INFO - Processing /opt/airflow/dags/2_bash_operator.py took 0.168 seconds
[2026-09-21T02:06:16.719+0000] {processor.py:156} INFO - Started process (PID=261) to work on /opt/airflow/dags/2_bash_operator.py
[2026-09-21T02:06:16.721+0000] {processor.py:799} INFO - Processing file /opt/airflow/dags/2_bash_operator.py for tasks to queue
[2026-09-21T02:06:16.722+0000] {logging_mixin.py:149} INFO - [2026-09-21T02:06:16.722+0000] {dagbag.py:541} INFO - Filling up the DagBag from /opt/airflow/dags/2_bash_operator.py
[2026-09-21T02:06:16.728+0000] {processor.py:809} INFO - DAG(s) dict_keys(['2-bashoperator']) retrieved from /opt/airflow/dags/2_bash_operator.py
[2026-09-21T02:06:16.775+0000] {logging_mixin.py:149} INFO - [2026-09-21T02:06:16.774+0000] {dag.py:2726} INFO - Sync 1 DAGs
[2026-09-21T02:06:16.806+0000] {logging_mixin.py:149} INFO - [2026-09-21T02:06:16.806+0000] {dag.py:3490} INFO - Setting next_dagrun for 2-bashoperator to 2026-09-21T00:00:00+00:00, run_after=2026-09-22T00:00:00+00:00
[2026-09-21T02:06:16.828+0000] {processor.py:178} INFO - Processing /opt/airflow/dags/2_bash_operator.py took 0.114 seconds
[2026-09-21T02:06:46.911+0000] {processor.py:156} INFO - Started process (PID=272) to work on /opt/airflow/dags/2_bash_operator.py
[2026-09-21T02:06:46.913+0000] {processor.py:799} INFO - Processing file /opt/airflow/dags/2_bash_operator.py for tasks to queue
[2026-09-21T02:06:46.914+0000] {logging_mixin.py:149} INFO - [2026-09-21T02:06:46.914+0000] {dagbag.py:541} INFO - Filling up the DagBag from /opt/airflow/dags/2_bash_operator.py
[2026-09-21T02:06:46.923+0000] {processor.py:809} INFO - DAG(s) dict_keys(['2-bashoperator']) retrieved from /opt/airflow/dags/2_bash_operator.py
[2026-09-21T02:06:47.016+0000] {logging_mixin.py:149} INFO - [2026-09-21T02:06:47.016+0000] {dag.py:2726} INFO - Sync 1 DAGs
[2026-09-21T02:06:47.072+0000] {logging_mixin.py:149} INFO - [2026-09-21T02:06:47.072+0000] {dag.py:3490} INFO - Setting next_dagrun for 2-bashoperator to 2026-09-21T00:00:00+00:00, run_after=2026-09-22T00:00:00+00:00
[2026-09-21T02:06:47.108+0000] {processor.py:178} INFO - Processing /opt/airflow/dags/2_bash_operator.py took 0.206 seconds
[2026-09-21T02:07:17.382+0000] {processor.py:156} INFO - Started process (PID=283) to work on /opt/airflow/dags/2_bash_operator.py
[2026-09-21T02:07:17.384+0000] {processor.py:799} INFO - Processing file /opt/airflow/dags/2_bash_operator.py for tasks to queue
[2026-09-21T02:07:17.385+0000] {logging_mixin.py:149} INFO - [2026-09-21T02:07:17.385+0000] {dagbag.py:541} INFO - Filling up the DagBag from /opt/airflow/dags/2_bash_operator.py
[2026-09-21T02:07:17.393+0000] {processor.py:809} INFO - DAG(s) dict_keys(['2-bashoperator']) retrieved from /opt/airflow/dags/2_bash_operator.py
[2026-09-21T02:07:17.450+0000] {logging_mixin.py:149} INFO - [2026-09-21T02:07:17.449+0000] {dag.py:2726} INFO - Sync 1 DAGs
[2026-09-21T02:07:17.491+0000] {logging_mixin.py:149} INFO - [2026-09-21T02:07:17.491+0000] {dag.py:3490} INFO - Setting next_dagrun for 2-bashoperator to 2026-09-21T00:00:00+00:00, run_after=2026-09-22T00:00:00+00:00
[2026-09-21T02:07:17.525+0000] {processor.py:178} INFO - Processing /opt/airflow/dags/2_bash_operator.py took 0.149 seconds
[2026-09-21T02:07:47.373+0000] {processor.py:156} INFO - Started process (PID=296) to work on /opt/airflow/dags/2_bash_operator.py
[2026-09-21T02:07:47.374+0000] {processor.py:799} INFO - Processing file /opt/airflow/dags/2_bash_operator.py for tasks to queue
[2026-09-21T02:07:47.376+0000] {logging_mixin.py:149} INFO - [2026-09-21T02:07:47.375+0000] {dagbag.py:541} INFO - Filling up the DagBag from /opt/airflow/dags/2_bash_operator.py
[2026-09-21T02:07:47.391+0000] {processor.py:809} INFO - DAG(s) dict_keys(['2-bashoperator']) retrieved from /opt/airflow/dags/2_bash_operator.py
[2026-09-21T02:07:47.464+0000] {logging_mixin.py:149} INFO - [2026-09-21T02:07:47.464+0000] {dag.py:2726} INFO - Sync 1 DAGs
[2026-09-21T02:07:47.507+0000] {logging_mixin.py:149} INFO - [2026-09-21T02:07:47.506+0000] {dag.py:3490} INFO - Setting next_dagrun for 2-bashoperator to 2026-09-21T00:00:00+00:00, run_after=2026-09-22T00:00:00+00:00
[2026-09-21T02:07:47.554+0000] {processor.py:178} INFO - Processing /opt/airflow/dags/2_bash_operator.py took 0.190 seconds
[2026-09-21T02:08:18.168+0000] {processor.py:156} INFO - Started process (PID=307) to work on /opt/airflow/dags/2_bash_operator.py
[2026-09-21T02:08:18.171+0000] {processor.py:799} INFO - Processing file /opt/airflow/dags/2_bash_operator.py for tasks to queue
[2026-09-21T02:08:18.173+0000] {logging_mixin.py:149} INFO - [2026-09-21T02:08:18.172+0000] {dagbag.py:541} INFO - Filling up the DagBag from /opt/airflow/dags/2_bash_operator.py
[2026-09-21T02:08:18.181+0000] {processor.py:809} INFO - DAG(s) dict_keys(['2-bashoperator']) retrieved from /opt/airflow/dags/2_bash_operator.py
[2026-09-21T02:08:18.248+0000] {logging_mixin.py:149} INFO - [2026-09-21T02:08:18.248+0000] {dag.py:2726} INFO - Sync 1 DAGs
[2026-09-21T02:08:18.292+0000] {logging_mixin.py:149} INFO - [2026-09-21T02:08:18.291+0000] {dag.py:3490} INFO - Setting next_dagrun for 2-bashoperator to 2026-09-21T00:00:00+00:00, run_after=2026-09-22T00:00:00+00:00
[2026-09-21T02:08:18.335+0000] {processor.py:178} INFO - Processing /opt/airflow/dags/2_bash_operator.py took 0.186 seconds
[2026-09-21T02:08:48.590+0000] {processor.py:156} INFO - Started process (PID=318) to work on /opt/airflow/dags/2_bash_operator.py
[2026-09-21T02:08:48.592+0000] {processor.py:799} INFO - Processing file /opt/airflow/dags/2_bash_operator.py for tasks to queue
[2026-09-21T02:08:48.593+0000] {logging_mixin.py:149} INFO - [2026-09-21T02:08:48.593+0000] {dagbag.py:541} INFO - Filling up the DagBag from /opt/airflow/dags/2_bash_operator.py
[2026-09-21T02:08:48.604+0000] {processor.py:809} INFO - DAG(s) dict_keys(['2-bashoperator']) retrieved from /opt/airflow/dags/2_bash_operator.py
[2026-09-21T02:08:48.679+0000] {logging_mixin.py:149} INFO - [2026-09-21T02:08:48.678+0000] {dag.py:2726} INFO - Sync 1 DAGs
[2026-09-21T02:08:48.730+0000] {logging_mixin.py:149} INFO - [2026-09-21T02:08:48.730+0000] {dag.py:3490} INFO - Setting next_dagrun for 2-bashoperator to 2026-09-21T00:00:00+00:00, run_after=2026-09-22T00:00:00+00:00
[2026-09-21T02:08:48.763+0000] {processor.py:178} INFO - Processing /opt/airflow/dags/2_bash_operator.py took 0.179 seconds
[2026-09-21T02:09:18.999+0000] {processor.py:156} INFO - Started process (PID=329) to work on /opt/airflow/dags/2_bash_operator.py
[2026-09-21T02:09:19.004+0000] {processor.py:799} INFO - Processing file /opt/airflow/dags/2_bash_operator.py for tasks to queue
[2026-09-21T02:09:19.005+0000] {logging_mixin.py:149} INFO - [2026-09-21T02:09:19.005+0000] {dagbag.py:541} INFO - Filling up the DagBag from /opt/airflow/dags/2_bash_operator.py
[2026-09-21T02:09:19.023+0000] {processor.py:809} INFO - DAG(s) dict_keys(['2-bashoperator']) retrieved from /opt/airflow/dags/2_bash_operator.py
[2026-09-21T02:09:19.183+0000] {logging_mixin.py:149} INFO - [2026-09-21T02:09:19.178+0000] {dag.py:2726} INFO - Sync 1 DAGs
[2026-09-21T02:09:19.269+0000] {logging_mixin.py:149} INFO - [2026-09-21T02:09:19.268+0000] {dag.py:3490} INFO - Setting next_dagrun for 2-bashoperator to 2026-09-21T00:00:00+00:00, run_after=2026-09-22T00:00:00+00:00
[2026-09-21T02:09:19.333+0000] {processor.py:178} INFO - Processing /opt/airflow/dags/2_bash_operator.py took 0.347 seconds
[2026-09-21T02:09:49.469+0000] {processor.py:156} INFO - Started process (PID=340) to work on /opt/airflow/dags/2_bash_operator.py
[2026-09-21T02:09:49.472+0000] {processor.py:799} INFO - Processing file /opt/airflow/dags/2_bash_operator.py for tasks to queue
[2026-09-21T02:09:49.473+0000] {logging_mixin.py:149} INFO - [2026-09-21T02:09:49.473+0000] {dagbag.py:541} INFO - Filling up the DagBag from /opt/airflow/dags/2_bash_operator.py
[2026-09-21T02:09:49.481+0000] {processor.py:809} INFO - DAG(s) dict_keys(['2-bashoperator']) retrieved from /opt/airflow/dags/2_bash_operator.py
[2026-09-21T02:09:49.562+0000] {logging_mixin.py:149} INFO - [2026-09-21T02:09:49.561+0000] {dag.py:2726} INFO - Sync 1 DAGs
[2026-09-21T02:09:49.627+0000] {logging_mixin.py:149} INFO - [2026-09-21T02:09:49.626+0000] {dag.py:3490} INFO - Setting next_dagrun for 2-bashoperator to 2026-09-21T00:00:00+00:00, run_after=2026-09-22T00:00:00+00:00
[2026-09-21T02:09:49.663+0000] {processor.py:178} INFO - Processing /opt/airflow/dags/2_bash_operator.py took 0.204 seconds
[2026-09-21T02:10:19.837+0000] {processor.py:156} INFO - Started process (PID=351) to work on /opt/airflow/dags/2_bash_operator.py
[2026-09-21T02:10:19.839+0000] {processor.py:799} INFO - Processing file /opt/airflow/dags/2_bash_operator.py for tasks to queue
[2026-09-21T02:10:19.840+0000] {logging_mixin.py:149} INFO - [2026-09-21T02:10:19.840+0000] {dagbag.py:541} INFO - Filling up the DagBag from /opt/airflow/dags/2_bash_operator.py
[2026-09-21T02:10:19.847+0000] {processor.py:809} INFO - DAG(s) dict_keys(['2-bashoperator']) retrieved from /opt/airflow/dags/2_bash_operator.py
[2026-09-21T02:10:19.904+0000] {logging_mixin.py:149} INFO - [2026-09-21T02:10:19.904+0000] {dag.py:2726} INFO - Sync 1 DAGs
[2026-09-21T02:10:19.954+0000] {logging_mixin.py:149} INFO - [2026-09-21T02:10:19.954+0000] {dag.py:3490} INFO - Setting next_dagrun for 2-bashoperator to 2026-09-21T00:00:00+00:00, run_after=2026-09-22T00:00:00+00:00
[2026-09-21T02:10:20.001+0000] {processor.py:178} INFO - Processing /opt/airflow/dags/2_bash_operator.py took 0.170 seconds
[2026-09-21T02:10:50.453+0000] {processor.py:156} INFO - Started process (PID=362) to work on /opt/airflow/dags/2_bash_operator.py
[2026-09-21T02:10:50.457+0000] {processor.py:799} INFO - Processing file /opt/airflow/dags/2_bash_operator.py for tasks to queue
[2026-09-21T02:10:50.458+0000] {logging_mixin.py:149} INFO - [2026-09-21T02:10:50.458+0000] {dagbag.py:541} INFO - Filling up the DagBag from /opt/airflow/dags/2_bash_operator.py
[2026-09-21T02:10:50.465+0000] {processor.py:809} INFO - DAG(s) dict_keys(['2-bashoperator']) retrieved from /opt/airflow/dags/2_bash_operator.py
[2026-09-21T02:10:50.571+0000] {logging_mixin.py:149} INFO - [2026-09-21T02:10:50.570+0000] {dag.py:2726} INFO - Sync 1 DAGs
[2026-09-21T02:10:50.620+0000] {logging_mixin.py:149} INFO - [2026-09-21T02:10:50.620+0000] {dag.py:3490} INFO - Setting next_dagrun for 2-bashoperator to 2026-09-21T00:00:00+00:00, run_after=2026-09-22T00:00:00+00:00
[2026-09-21T02:10:50.652+0000] {processor.py:178} INFO - Processing /opt/airflow/dags/2_bash_operator.py took 0.208 seconds
[2026-09-21T02:11:20.938+0000] {processor.py:156} INFO - Started process (PID=373) to work on /opt/airflow/dags/2_bash_operator.py
[2026-09-21T02:11:20.951+0000] {processor.py:799} INFO - Processing file /opt/airflow/dags/2_bash_operator.py for tasks to queue
[2026-09-21T02:11:20.958+0000] {logging_mixin.py:149} INFO - [2026-09-21T02:11:20.955+0000] {dagbag.py:541} INFO - Filling up the DagBag from /opt/airflow/dags/2_bash_operator.py
[2026-09-21T02:11:20.983+0000] {processor.py:809} INFO - DAG(s) dict_keys(['2-bashoperator']) retrieved from /opt/airflow/dags/2_bash_operator.py
[2026-09-21T02:11:21.056+0000] {logging_mixin.py:149} INFO - [2026-09-21T02:11:21.056+0000] {dag.py:2726} INFO - Sync 1 DAGs
[2026-09-21T02:11:21.112+0000] {logging_mixin.py:149} INFO - [2026-09-21T02:11:21.112+0000] {dag.py:3490} INFO - Setting next_dagrun for 2-bashoperator to 2026-09-21T00:00:00+00:00, run_after=2026-09-22T00:00:00+00:00
[2026-09-21T02:11:21.159+0000] {processor.py:178} INFO - Processing /opt/airflow/dags/2_bash_operator.py took 0.230 seconds
[2026-09-21T02:11:51.442+0000] {processor.py:156} INFO - Started process (PID=385) to work on /opt/airflow/dags/2_bash_operator.py
[2026-09-21T02:11:51.443+0000] {processor.py:799} INFO - Processing file /opt/airflow/dags/2_bash_operator.py for tasks to queue
[2026-09-21T02:11:51.444+0000] {logging_mixin.py:149} INFO - [2026-09-21T02:11:51.444+0000] {dagbag.py:541} INFO - Filling up the DagBag from /opt/airflow/dags/2_bash_operator.py
[2026-09-21T02:11:51.452+0000] {processor.py:809} INFO - DAG(s) dict_keys(['2-bashoperator']) retrieved from /opt/airflow/dags/2_bash_operator.py
[2026-09-21T02:11:51.543+0000] {logging_mixin.py:149} INFO - [2026-09-21T02:11:51.543+0000] {dag.py:2726} INFO - Sync 1 DAGs
[2026-09-21T02:11:51.597+0000] {logging_mixin.py:149} INFO - [2026-09-21T02:11:51.597+0000] {dag.py:3490} INFO - Setting next_dagrun for 2-bashoperator to 2026-09-21T00:00:00+00:00, run_after=2026-09-22T00:00:00+00:00
[2026-09-21T02:11:51.634+0000] {processor.py:178} INFO - Processing /opt/airflow/dags/2_bash_operator.py took 0.199 seconds
[2026-09-21T02:12:21.733+0000] {processor.py:156} INFO - Started process (PID=396) to work on /opt/airflow/dags/2_bash_operator.py
[2026-09-21T02:12:21.739+0000] {processor.py:799} INFO - Processing file /opt/airflow/dags/2_bash_operator.py for tasks to queue
[2026-09-21T02:12:21.741+0000] {logging_mixin.py:149} INFO - [2026-09-21T02:12:21.740+0000] {dagbag.py:541} INFO - Filling up the DagBag from /opt/airflow/dags/2_bash_operator.py
[2026-09-21T02:12:21.749+0000] {processor.py:809} INFO - DAG(s) dict_keys(['2-bashoperator']) retrieved from /opt/airflow/dags/2_bash_operator.py
[2026-09-21T02:12:21.837+0000] {logging_mixin.py:149} INFO - [2026-09-21T02:12:21.837+0000] {dag.py:2726} INFO - Sync 1 DAGs
[2026-09-21T02:12:21.905+0000] {logging_mixin.py:149} INFO - [2026-09-21T02:12:21.904+0000] {dag.py:3490} INFO - Setting next_dagrun for 2-bashoperator to 2026-09-21T00:00:00+00:00, run_after=2026-09-22T00:00:00+00:00
[2026-09-21T02:12:21.957+0000] {processor.py:178} INFO - Processing /opt/airflow/dags/2_bash_operator.py took 0.233 seconds
[2026-09-21T02:12:52.040+0000] {processor.py:156} INFO - Started process (PID=407) to work on /opt/airflow/dags/2_bash_operator.py
[2026-09-21T02:12:52.042+0000] {processor.py:799} INFO - Processing file /opt/airflow/dags/2_bash_operator.py for tasks to queue
[2026-09-21T02:12:52.042+0000] {logging_mixin.py:149} INFO - [2026-09-21T02:12:52.042+0000] {dagbag.py:541} INFO - Filling up the DagBag from /opt/airflow/dags/2_bash_operator.py
[2026-09-21T02:12:52.048+0000] {processor.py:809} INFO - DAG(s) dict_keys(['2-bashoperator']) retrieved from /opt/airflow/dags/2_bash_operator.py
[2026-09-21T02:12:52.094+0000] {logging_mixin.py:149} INFO - [2026-09-21T02:12:52.093+0000] {dag.py:2726} INFO - Sync 1 DAGs
[2026-09-21T02:12:52.128+0000] {logging_mixin.py:149} INFO - [2026-09-21T02:12:52.128+0000] {dag.py:3490} INFO - Setting next_dagrun for 2-bashoperator to 2026-09-21T00:00:00+00:00, run_after=2026-09-22T00:00:00+00:00
[2026-09-21T02:12:52.153+0000] {processor.py:178} INFO - Processing /opt/airflow/dags/2_bash_operator.py took 0.118 seconds
[2026-09-21T02:13:22.409+0000] {processor.py:156} INFO - Started process (PID=418) to work on /opt/airflow/dags/2_bash_operator.py
[2026-09-21T02:13:22.412+0000] {processor.py:799} INFO - Processing file /opt/airflow/dags/2_bash_operator.py for tasks to queue
[2026-09-21T02:13:22.413+0000] {logging_mixin.py:149} INFO - [2026-09-21T02:13:22.413+0000] {dagbag.py:541} INFO - Filling up the DagBag from /opt/airflow/dags/2_bash_operator.py
[2026-09-21T02:13:22.422+0000] {processor.py:809} INFO - DAG(s) dict_keys(['2-bashoperator']) retrieved from /opt/airflow/dags/2_bash_operator.py
[2026-09-21T02:13:22.503+0000] {logging_mixin.py:149} INFO - [2026-09-21T02:13:22.502+0000] {dag.py:2726} INFO - Sync 1 DAGs
[2026-09-21T02:13:22.551+0000] {logging_mixin.py:149} INFO - [2026-09-21T02:13:22.551+0000] {dag.py:3490} INFO - Setting next_dagrun for 2-bashoperator to 2026-09-21T00:00:00+00:00, run_after=2026-09-22T00:00:00+00:00
[2026-09-21T02:13:22.586+0000] {processor.py:178} INFO - Processing /opt/airflow/dags/2_bash_operator.py took 0.187 seconds
[2026-09-21T02:13:53.361+0000] {processor.py:156} INFO - Started process (PID=428) to work on /opt/airflow/dags/2_bash_operator.py
[2026-09-21T02:13:53.362+0000] {processor.py:799} INFO - Processing file /opt/airflow/dags/2_bash_operator.py for tasks to queue
[2026-09-21T02:13:53.362+0000] {logging_mixin.py:149} INFO - [2026-09-21T02:13:53.362+0000] {dagbag.py:541} INFO - Filling up the DagBag from /opt/airflow/dags/2_bash_operator.py
[2026-09-21T02:13:53.381+0000] {processor.py:809} INFO - DAG(s) dict_keys(['2-bashoperator']) retrieved from /opt/airflow/dags/2_bash_operator.py
[2026-09-21T02:13:53.423+0000] {logging_mixin.py:149} INFO - [2026-09-21T02:13:53.423+0000] {dag.py:2726} INFO - Sync 1 DAGs
[2026-09-21T02:13:53.456+0000] {logging_mixin.py:149} INFO - [2026-09-21T02:13:53.456+0000] {dag.py:3490} INFO - Setting next_dagrun for 2-bashoperator to 2026-09-21T00:00:00+00:00, run_after=2026-09-22T00:00:00+00:00
[2026-09-21T02:13:53.479+0000] {processor.py:178} INFO - Processing /opt/airflow/dags/2_bash_operator.py took 0.123 seconds
[2026-09-21T02:14:24.091+0000] {processor.py:156} INFO - Started process (PID=439) to work on /opt/airflow/dags/2_bash_operator.py
[2026-09-21T02:14:24.094+0000] {processor.py:799} INFO - Processing file /opt/airflow/dags/2_bash_operator.py for tasks to queue
[2026-09-21T02:14:24.097+0000] {logging_mixin.py:149} INFO - [2026-09-21T02:14:24.096+0000] {dagbag.py:541} INFO - Filling up the DagBag from /opt/airflow/dags/2_bash_operator.py
[2026-09-21T02:14:24.105+0000] {processor.py:809} INFO - DAG(s) dict_keys(['2-bashoperator']) retrieved from /opt/airflow/dags/2_bash_operator.py
[2026-09-21T02:14:24.181+0000] {logging_mixin.py:149} INFO - [2026-09-21T02:14:24.181+0000] {dag.py:2726} INFO - Sync 1 DAGs
[2026-09-21T02:14:24.225+0000] {logging_mixin.py:149} INFO - [2026-09-21T02:14:24.225+0000] {dag.py:3490} INFO - Setting next_dagrun for 2-bashoperator to 2026-09-21T00:00:00+00:00, run_after=2026-09-22T00:00:00+00:00
[2026-09-21T02:14:24.284+0000] {processor.py:178} INFO - Processing /opt/airflow/dags/2_bash_operator.py took 0.203 seconds
[2026-09-21T02:14:54.505+0000] {processor.py:156} INFO - Started process (PID=450) to work on /opt/airflow/dags/2_bash_operator.py
[2026-09-21T02:14:54.507+0000] {processor.py:799} INFO - Processing file /opt/airflow/dags/2_bash_operator.py for tasks to queue
[2026-09-21T02:14:54.508+0000] {logging_mixin.py:149} INFO - [2026-09-21T02:14:54.508+0000] {dagbag.py:541} INFO - Filling up the DagBag from /opt/airflow/dags/2_bash_operator.py
[2026-09-21T02:14:54.515+0000] {processor.py:809} INFO - DAG(s) dict_keys(['2-bashoperator']) retrieved from /opt/airflow/dags/2_bash_operator.py
[2026-09-21T02:14:54.580+0000] {logging_mixin.py:149} INFO - [2026-09-21T02:14:54.579+0000] {dag.py:2726} INFO - Sync 1 DAGs
[2026-09-21T02:14:54.631+0000] {logging_mixin.py:149} INFO - [2026-09-21T02:14:54.630+0000] {dag.py:3490} INFO - Setting next_dagrun for 2-bashoperator to 2026-09-21T00:00:00+00:00, run_after=2026-09-22T00:00:00+00:00
[2026-09-21T02:14:54.669+0000] {processor.py:178} INFO - Processing /opt/airflow/dags/2_bash_operator.py took 0.171 seconds
[2026-09-21T02:15:24.870+0000] {processor.py:156} INFO - Started process (PID=461) to work on /opt/airflow/dags/2_bash_operator.py
[2026-09-21T02:15:24.872+0000] {processor.py:799} INFO - Processing file /opt/airflow/dags/2_bash_operator.py for tasks to queue
[2026-09-21T02:15:24.874+0000] {logging_mixin.py:149} INFO - [2026-09-21T02:15:24.874+0000] {dagbag.py:541} INFO - Filling up the DagBag from /opt/airflow/dags/2_bash_operator.py
[2026-09-21T02:15:24.884+0000] {processor.py:809} INFO - DAG(s) dict_keys(['2-bashoperator']) retrieved from /opt/airflow/dags/2_bash_operator.py
[2026-09-21T02:15:24.975+0000] {logging_mixin.py:149} INFO - [2026-09-21T02:15:24.975+0000] {dag.py:2726} INFO - Sync 1 DAGs
[2026-09-21T02:15:25.027+0000] {logging_mixin.py:149} INFO - [2026-09-21T02:15:25.027+0000] {dag.py:3490} INFO - Setting next_dagrun for 2-bashoperator to 2026-09-21T00:00:00+00:00, run_after=2026-09-22T00:00:00+00:00
[2026-09-21T02:15:25.063+0000] {processor.py:178} INFO - Processing /opt/airflow/dags/2_bash_operator.py took 0.202 seconds
[2026-09-21T02:15:55.118+0000] {processor.py:156} INFO - Started process (PID=472) to work on /opt/airflow/dags/2_bash_operator.py
[2026-09-21T02:15:55.120+0000] {processor.py:799} INFO - Processing file /opt/airflow/dags/2_bash_operator.py for tasks to queue
[2026-09-21T02:15:55.121+0000] {logging_mixin.py:149} INFO - [2026-09-21T02:15:55.120+0000] {dagbag.py:541} INFO - Filling up the DagBag from /opt/airflow/dags/2_bash_operator.py
[2026-09-21T02:15:55.128+0000] {processor.py:809} INFO - DAG(s) dict_keys(['2-bashoperator']) retrieved from /opt/airflow/dags/2_bash_operator.py
[2026-09-21T02:15:55.188+0000] {logging_mixin.py:149} INFO - [2026-09-21T02:15:55.188+0000] {dag.py:2726} INFO - Sync 1 DAGs
[2026-09-21T02:15:55.235+0000] {logging_mixin.py:149} INFO - [2026-09-21T02:15:55.235+0000] {dag.py:3490} INFO - Setting next_dagrun for 2-bashoperator to 2026-09-21T00:00:00+00:00, run_after=2026-09-22T00:00:00+00:00
[2026-09-21T02:15:55.282+0000] {processor.py:178} INFO - Processing /opt/airflow/dags/2_bash_operator.py took 0.170 seconds
[2026-09-21T02:16:25.477+0000] {processor.py:156} INFO - Started process (PID=483) to work on /opt/airflow/dags/2_bash_operator.py
[2026-09-21T02:16:25.479+0000] {processor.py:799} INFO - Processing file /opt/airflow/dags/2_bash_operator.py for tasks to queue
[2026-09-21T02:16:25.480+0000] {logging_mixin.py:149} INFO - [2026-09-21T02:16:25.480+0000] {dagbag.py:541} INFO - Filling up the DagBag from /opt/airflow/dags/2_bash_operator.py
[2026-09-21T02:16:25.487+0000] {processor.py:809} INFO - DAG(s) dict_keys(['2-bashoperator']) retrieved from /opt/airflow/dags/2_bash_operator.py
[2026-09-21T02:16:25.540+0000] {logging_mixin.py:149} INFO - [2026-09-21T02:16:25.540+0000] {dag.py:2726} INFO - Sync 1 DAGs
[2026-09-21T02:16:25.577+0000] {logging_mixin.py:149} INFO - [2026-09-21T02:16:25.577+0000] {dag.py:3490} INFO - Setting next_dagrun for 2-bashoperator to 2026-09-21T00:00:00+00:00, run_after=2026-09-22T00:00:00+00:00
[2026-09-21T02:16:25.606+0000] {processor.py:178} INFO - Processing /opt/airflow/dags/2_bash_operator.py took 0.135 seconds
[2026-09-21T02:16:55.790+0000] {processor.py:156} INFO - Started process (PID=494) to work on /opt/airflow/dags/2_bash_operator.py
[2026-09-21T02:16:55.801+0000] {processor.py:799} INFO - Processing file /opt/airflow/dags/2_bash_operator.py for tasks to queue
[2026-09-21T02:16:55.802+0000] {logging_mixin.py:149} INFO - [2026-09-21T02:16:55.802+0000] {dagbag.py:541} INFO - Filling up the DagBag from /opt/airflow/dags/2_bash_operator.py
[2026-09-21T02:16:55.816+0000] {processor.py:809} INFO - DAG(s) dict_keys(['2-bashoperator']) retrieved from /opt/airflow/dags/2_bash_operator.py
[2026-09-21T02:16:55.905+0000] {logging_mixin.py:149} INFO - [2026-09-21T02:16:55.905+0000] {dag.py:2726} INFO - Sync 1 DAGs
[2026-09-21T02:16:55.973+0000] {logging_mixin.py:149} INFO - [2026-09-21T02:16:55.973+0000] {dag.py:3490} INFO - Setting next_dagrun for 2-bashoperator to 2026-09-21T00:00:00+00:00, run_after=2026-09-22T00:00:00+00:00
[2026-09-21T02:16:56.003+0000] {processor.py:178} INFO - Processing /opt/airflow/dags/2_bash_operator.py took 0.224 seconds
[2026-09-21T02:17:26.693+0000] {processor.py:156} INFO - Started process (PID=508) to work on /opt/airflow/dags/2_bash_operator.py
[2026-09-21T02:17:26.695+0000] {processor.py:799} INFO - Processing file /opt/airflow/dags/2_bash_operator.py for tasks to queue
[2026-09-21T02:17:26.697+0000] {logging_mixin.py:149} INFO - [2026-09-21T02:17:26.696+0000] {dagbag.py:541} INFO - Filling up the DagBag from /opt/airflow/dags/2_bash_operator.py
[2026-09-21T02:17:26.707+0000] {processor.py:809} INFO - DAG(s) dict_keys(['2-bashoperator']) retrieved from /opt/airflow/dags/2_bash_operator.py
[2026-09-21T02:17:26.796+0000] {logging_mixin.py:149} INFO - [2026-09-21T02:17:26.796+0000] {dag.py:2726} INFO - Sync 1 DAGs
[2026-09-21T02:17:26.851+0000] {logging_mixin.py:149} INFO - [2026-09-21T02:17:26.851+0000] {dag.py:3490} INFO - Setting next_dagrun for 2-bashoperator to 2026-09-21T00:00:00+00:00, run_after=2026-09-22T00:00:00+00:00
[2026-09-21T02:17:26.888+0000] {processor.py:178} INFO - Processing /opt/airflow/dags/2_bash_operator.py took 0.212 seconds
[2026-09-21T02:17:57.683+0000] {processor.py:156} INFO - Started process (PID=521) to work on /opt/airflow/dags/2_bash_operator.py
[2026-09-21T02:17:57.693+0000] {processor.py:799} INFO - Processing file /opt/airflow/dags/2_bash_operator.py for tasks to queue
[2026-09-21T02:17:57.694+0000] {logging_mixin.py:149} INFO - [2026-09-21T02:17:57.694+0000] {dagbag.py:541} INFO - Filling up the DagBag from /opt/airflow/dags/2_bash_operator.py
[2026-09-21T02:17:57.704+0000] {processor.py:809} INFO - DAG(s) dict_keys(['2-bashoperator']) retrieved from /opt/airflow/dags/2_bash_operator.py
[2026-09-21T02:17:57.807+0000] {logging_mixin.py:149} INFO - [2026-09-21T02:17:57.806+0000] {dag.py:2726} INFO - Sync 1 DAGs
[2026-09-21T02:17:57.893+0000] {logging_mixin.py:149} INFO - [2026-09-21T02:17:57.892+0000] {dag.py:3490} INFO - Setting next_dagrun for 2-bashoperator to 2026-09-21T00:00:00+00:00, run_after=2026-09-22T00:00:00+00:00
[2026-09-21T02:17:57.981+0000] {processor.py:178} INFO - Processing /opt/airflow/dags/2_bash_operator.py took 0.305 seconds
[2026-09-21T02:18:28.304+0000] {processor.py:156} INFO - Started process (PID=532) to work on /opt/airflow/dags/2_bash_operator.py
[2026-09-21T02:18:28.308+0000] {processor.py:799} INFO - Processing file /opt/airflow/dags/2_bash_operator.py for tasks to queue
[2026-09-21T02:18:28.311+0000] {logging_mixin.py:149} INFO - [2026-09-21T02:18:28.311+0000] {dagbag.py:541} INFO - Filling up the DagBag from /opt/airflow/dags/2_bash_operator.py
[2026-09-21T02:18:28.327+0000] {processor.py:809} INFO - DAG(s) dict_keys(['2-bashoperator']) retrieved from /opt/airflow/dags/2_bash_operator.py
[2026-09-21T02:18:28.445+0000] {logging_mixin.py:149} INFO - [2026-09-21T02:18:28.444+0000] {dag.py:2726} INFO - Sync 1 DAGs
[2026-09-21T02:18:28.578+0000] {logging_mixin.py:149} INFO - [2026-09-21T02:18:28.578+0000] {dag.py:3490} INFO - Setting next_dagrun for 2-bashoperator to 2026-09-21T00:00:00+00:00, run_after=2026-09-22T00:00:00+00:00
[2026-09-21T02:18:28.676+0000] {processor.py:178} INFO - Processing /opt/airflow/dags/2_bash_operator.py took 0.389 seconds
[2026-09-21T02:18:58.976+0000] {processor.py:156} INFO - Started process (PID=543) to work on /opt/airflow/dags/2_bash_operator.py
[2026-09-21T02:18:58.981+0000] {processor.py:799} INFO - Processing file /opt/airflow/dags/2_bash_operator.py for tasks to queue
[2026-09-21T02:18:58.982+0000] {logging_mixin.py:149} INFO - [2026-09-21T02:18:58.982+0000] {dagbag.py:541} INFO - Filling up the DagBag from /opt/airflow/dags/2_bash_operator.py
[2026-09-21T02:18:58.999+0000] {processor.py:809} INFO - DAG(s) dict_keys(['2-bashoperator']) retrieved from /opt/airflow/dags/2_bash_operator.py
[2026-09-21T02:18:59.073+0000] {logging_mixin.py:149} INFO - [2026-09-21T02:18:59.073+0000] {dag.py:2726} INFO - Sync 1 DAGs
[2026-09-21T02:18:59.112+0000] {logging_mixin.py:149} INFO - [2026-09-21T02:18:59.111+0000] {dag.py:3490} INFO - Setting next_dagrun for 2-bashoperator to 2026-09-21T00:00:00+00:00, run_after=2026-09-22T00:00:00+00:00
[2026-09-21T02:18:59.160+0000] {processor.py:178} INFO - Processing /opt/airflow/dags/2_bash_operator.py took 0.192 seconds
[2026-09-21T02:19:29.860+0000] {processor.py:156} INFO - Started process (PID=554) to work on /opt/airflow/dags/2_bash_operator.py
[2026-09-21T02:19:29.862+0000] {processor.py:799} INFO - Processing file /opt/airflow/dags/2_bash_operator.py for tasks to queue
[2026-09-21T02:19:29.863+0000] {logging_mixin.py:149} INFO - [2026-09-21T02:19:29.863+0000] {dagbag.py:541} INFO - Filling up the DagBag from /opt/airflow/dags/2_bash_operator.py
[2026-09-21T02:19:29.875+0000] {processor.py:809} INFO - DAG(s) dict_keys(['2-bashoperator']) retrieved from /opt/airflow/dags/2_bash_operator.py
[2026-09-21T02:19:29.966+0000] {logging_mixin.py:149} INFO - [2026-09-21T02:19:29.965+0000] {dag.py:2726} INFO - Sync 1 DAGs
[2026-09-21T02:19:30.058+0000] {logging_mixin.py:149} INFO - [2026-09-21T02:19:30.057+0000] {dag.py:3490} INFO - Setting next_dagrun for 2-bashoperator to 2026-09-21T00:00:00+00:00, run_after=2026-09-22T00:00:00+00:00
[2026-09-21T02:19:30.105+0000] {processor.py:178} INFO - Processing /opt/airflow/dags/2_bash_operator.py took 0.257 seconds
[2026-09-21T02:20:00.645+0000] {processor.py:156} INFO - Started process (PID=565) to work on /opt/airflow/dags/2_bash_operator.py
[2026-09-21T02:20:00.647+0000] {processor.py:799} INFO - Processing file /opt/airflow/dags/2_bash_operator.py for tasks to queue
[2026-09-21T02:20:00.648+0000] {logging_mixin.py:149} INFO - [2026-09-21T02:20:00.648+0000] {dagbag.py:541} INFO - Filling up the DagBag from /opt/airflow/dags/2_bash_operator.py
[2026-09-21T02:20:00.657+0000] {processor.py:809} INFO - DAG(s) dict_keys(['2-bashoperator']) retrieved from /opt/airflow/dags/2_bash_operator.py
[2026-09-21T02:20:00.750+0000] {logging_mixin.py:149} INFO - [2026-09-21T02:20:00.749+0000] {dag.py:2726} INFO - Sync 1 DAGs
[2026-09-21T02:20:00.800+0000] {logging_mixin.py:149} INFO - [2026-09-21T02:20:00.800+0000] {dag.py:3490} INFO - Setting next_dagrun for 2-bashoperator to 2026-09-21T00:00:00+00:00, run_after=2026-09-22T00:00:00+00:00
[2026-09-21T02:20:00.838+0000] {processor.py:178} INFO - Processing /opt/airflow/dags/2_bash_operator.py took 0.203 seconds
[2026-09-21T02:20:31.527+0000] {processor.py:156} INFO - Started process (PID=576) to work on /opt/airflow/dags/2_bash_operator.py
[2026-09-21T02:20:31.528+0000] {processor.py:799} INFO - Processing file /opt/airflow/dags/2_bash_operator.py for tasks to queue
[2026-09-21T02:20:31.531+0000] {logging_mixin.py:149} INFO - [2026-09-21T02:20:31.529+0000] {dagbag.py:541} INFO - Filling up the DagBag from /opt/airflow/dags/2_bash_operator.py
[2026-09-21T02:20:31.549+0000] {processor.py:809} INFO - DAG(s) dict_keys(['2-bashoperator']) retrieved from /opt/airflow/dags/2_bash_operator.py
[2026-09-21T02:20:31.638+0000] {logging_mixin.py:149} INFO - [2026-09-21T02:20:31.637+0000] {dag.py:2726} INFO - Sync 1 DAGs
[2026-09-21T02:20:31.690+0000] {logging_mixin.py:149} INFO - [2026-09-21T02:20:31.690+0000] {dag.py:3490} INFO - Setting next_dagrun for 2-bashoperator to 2026-09-21T00:00:00+00:00, run_after=2026-09-22T00:00:00+00:00
[2026-09-21T02:20:31.728+0000] {processor.py:178} INFO - Processing /opt/airflow/dags/2_bash_operator.py took 0.214 seconds
[2026-09-21T02:21:02.173+0000] {processor.py:156} INFO - Started process (PID=591) to work on /opt/airflow/dags/2_bash_operator.py
[2026-09-21T02:21:02.177+0000] {processor.py:799} INFO - Processing file /opt/airflow/dags/2_bash_operator.py for tasks to queue
[2026-09-21T02:21:02.178+0000] {logging_mixin.py:149} INFO - [2026-09-21T02:21:02.178+0000] {dagbag.py:541} INFO - Filling up the DagBag from /opt/airflow/dags/2_bash_operator.py
[2026-09-21T02:21:02.190+0000] {processor.py:809} INFO - DAG(s) dict_keys(['2-bashoperator']) retrieved from /opt/airflow/dags/2_bash_operator.py
[2026-09-21T02:21:02.275+0000] {logging_mixin.py:149} INFO - [2026-09-21T02:21:02.275+0000] {dag.py:2726} INFO - Sync 1 DAGs
[2026-09-21T02:21:02.355+0000] {logging_mixin.py:149} INFO - [2026-09-21T02:21:02.355+0000] {dag.py:3490} INFO - Setting next_dagrun for 2-bashoperator to 2026-09-21T00:00:00+00:00, run_after=2026-09-22T00:00:00+00:00
[2026-09-21T02:21:02.404+0000] {processor.py:178} INFO - Processing /opt/airflow/dags/2_bash_operator.py took 0.242 seconds
[2026-09-21T02:21:32.616+0000] {processor.py:156} INFO - Started process (PID=602) to work on /opt/airflow/dags/2_bash_operator.py
[2026-09-21T02:21:32.619+0000] {processor.py:799} INFO - Processing file /opt/airflow/dags/2_bash_operator.py for tasks to queue
[2026-09-21T02:21:32.620+0000] {logging_mixin.py:149} INFO - [2026-09-21T02:21:32.620+0000] {dagbag.py:541} INFO - Filling up the DagBag from /opt/airflow/dags/2_bash_operator.py
[2026-09-21T02:21:32.630+0000] {processor.py:809} INFO - DAG(s) dict_keys(['2-bashoperator']) retrieved from /opt/airflow/dags/2_bash_operator.py
[2026-09-21T02:21:32.706+0000] {logging_mixin.py:149} INFO - [2026-09-21T02:21:32.706+0000] {dag.py:2726} INFO - Sync 1 DAGs
[2026-09-21T02:21:32.748+0000] {logging_mixin.py:149} INFO - [2026-09-21T02:21:32.747+0000] {dag.py:3490} INFO - Setting next_dagrun for 2-bashoperator to 2026-09-21T00:00:00+00:00, run_after=2026-09-22T00:00:00+00:00
[2026-09-21T02:21:32.788+0000] {processor.py:178} INFO - Processing /opt/airflow/dags/2_bash_operator.py took 0.182 seconds
[2026-09-21T02:22:03.076+0000] {processor.py:156} INFO - Started process (PID=613) to work on /opt/airflow/dags/2_bash_operator.py
[2026-09-21T02:22:03.078+0000] {processor.py:799} INFO - Processing file /opt/airflow/dags/2_bash_operator.py for tasks to queue
[2026-09-21T02:22:03.079+0000] {logging_mixin.py:149} INFO - [2026-09-21T02:22:03.079+0000] {dagbag.py:541} INFO - Filling up the DagBag from /opt/airflow/dags/2_bash_operator.py
[2026-09-21T02:22:03.091+0000] {processor.py:809} INFO - DAG(s) dict_keys(['2-bashoperator']) retrieved from /opt/airflow/dags/2_bash_operator.py
[2026-09-21T02:22:03.185+0000] {logging_mixin.py:149} INFO - [2026-09-21T02:22:03.184+0000] {dag.py:2726} INFO - Sync 1 DAGs
[2026-09-21T02:22:03.249+0000] {logging_mixin.py:149} INFO - [2026-09-21T02:22:03.249+0000] {dag.py:3490} INFO - Setting next_dagrun for 2-bashoperator to 2026-09-21T00:00:00+00:00, run_after=2026-09-22T00:00:00+00:00
[2026-09-21T02:22:03.287+0000] {processor.py:178} INFO - Processing /opt/airflow/dags/2_bash_operator.py took 0.218 seconds
[2026-09-21T02:22:33.601+0000] {processor.py:156} INFO - Started process (PID=624) to work on /opt/airflow/dags/2_bash_operator.py
[2026-09-21T02:22:33.604+0000] {processor.py:799} INFO - Processing file /opt/airflow/dags/2_bash_operator.py for tasks to queue
[2026-09-21T02:22:33.605+0000] {logging_mixin.py:149} INFO - [2026-09-21T02:22:33.605+0000] {dagbag.py:541} INFO - Filling up the DagBag from /opt/airflow/dags/2_bash_operator.py
[2026-09-21T02:22:33.613+0000] {processor.py:809} INFO - DAG(s) dict_keys(['2-bashoperator']) retrieved from /opt/airflow/dags/2_bash_operator.py
[2026-09-21T02:22:33.700+0000] {logging_mixin.py:149} INFO - [2026-09-21T02:22:33.700+0000] {dag.py:2726} INFO - Sync 1 DAGs
[2026-09-21T02:22:33.754+0000] {logging_mixin.py:149} INFO - [2026-09-21T02:22:33.753+0000] {dag.py:3490} INFO - Setting next_dagrun for 2-bashoperator to 2026-09-21T00:00:00+00:00, run_after=2026-09-22T00:00:00+00:00
[2026-09-21T02:22:33.806+0000] {processor.py:178} INFO - Processing /opt/airflow/dags/2_bash_operator.py took 0.216 seconds
[2026-09-21T02:23:04.070+0000] {processor.py:156} INFO - Started process (PID=635) to work on /opt/airflow/dags/2_bash_operator.py
[2026-09-21T02:23:04.073+0000] {processor.py:799} INFO - Processing file /opt/airflow/dags/2_bash_operator.py for tasks to queue
[2026-09-21T02:23:04.076+0000] {logging_mixin.py:149} INFO - [2026-09-21T02:23:04.075+0000] {dagbag.py:541} INFO - Filling up the DagBag from /opt/airflow/dags/2_bash_operator.py
[2026-09-21T02:23:04.088+0000] {processor.py:809} INFO - DAG(s) dict_keys(['2-bashoperator']) retrieved from /opt/airflow/dags/2_bash_operator.py
[2026-09-21T02:23:04.165+0000] {logging_mixin.py:149} INFO - [2026-09-21T02:23:04.164+0000] {dag.py:2726} INFO - Sync 1 DAGs
[2026-09-21T02:23:04.207+0000] {logging_mixin.py:149} INFO - [2026-09-21T02:23:04.206+0000] {dag.py:3490} INFO - Setting next_dagrun for 2-bashoperator to 2026-09-21T00:00:00+00:00, run_after=2026-09-22T00:00:00+00:00
[2026-09-21T02:23:04.240+0000] {processor.py:178} INFO - Processing /opt/airflow/dags/2_bash_operator.py took 0.178 seconds
[2026-09-21T02:23:34.393+0000] {processor.py:156} INFO - Started process (PID=646) to work on /opt/airflow/dags/2_bash_operator.py
[2026-09-21T02:23:34.396+0000] {processor.py:799} INFO - Processing file /opt/airflow/dags/2_bash_operator.py for tasks to queue
[2026-09-21T02:23:34.397+0000] {logging_mixin.py:149} INFO - [2026-09-21T02:23:34.397+0000] {dagbag.py:541} INFO - Filling up the DagBag from /opt/airflow/dags/2_bash_operator.py
[2026-09-21T02:23:34.409+0000] {processor.py:809} INFO - DAG(s) dict_keys(['2-bashoperator']) retrieved from /opt/airflow/dags/2_bash_operator.py
[2026-09-21T02:23:34.492+0000] {logging_mixin.py:149} INFO - [2026-09-21T02:23:34.492+0000] {dag.py:2726} INFO - Sync 1 DAGs
[2026-09-21T02:23:34.553+0000] {logging_mixin.py:149} INFO - [2026-09-21T02:23:34.553+0000] {dag.py:3490} INFO - Setting next_dagrun for 2-bashoperator to 2026-09-21T00:00:00+00:00, run_after=2026-09-22T00:00:00+00:00
[2026-09-21T02:23:34.595+0000] {processor.py:178} INFO - Processing /opt/airflow/dags/2_bash_operator.py took 0.215 seconds
[2026-09-21T02:24:04.644+0000] {processor.py:156} INFO - Started process (PID=657) to work on /opt/airflow/dags/2_bash_operator.py
[2026-09-21T02:24:04.648+0000] {processor.py:799} INFO - Processing file /opt/airflow/dags/2_bash_operator.py for tasks to queue
[2026-09-21T02:24:04.649+0000] {logging_mixin.py:149} INFO - [2026-09-21T02:24:04.649+0000] {dagbag.py:541} INFO - Filling up the DagBag from /opt/airflow/dags/2_bash_operator.py
[2026-09-21T02:24:04.663+0000] {processor.py:809} INFO - DAG(s) dict_keys(['2-bashoperator']) retrieved from /opt/airflow/dags/2_bash_operator.py
[2026-09-21T02:24:04.754+0000] {logging_mixin.py:149} INFO - [2026-09-21T02:24:04.754+0000] {dag.py:2726} INFO - Sync 1 DAGs
[2026-09-21T02:24:04.809+0000] {logging_mixin.py:149} INFO - [2026-09-21T02:24:04.808+0000] {dag.py:3490} INFO - Setting next_dagrun for 2-bashoperator to 2026-09-21T00:00:00+00:00, run_after=2026-09-22T00:00:00+00:00
[2026-09-21T02:24:04.853+0000] {processor.py:178} INFO - Processing /opt/airflow/dags/2_bash_operator.py took 0.219 seconds
[2026-09-21T02:24:35.181+0000] {processor.py:156} INFO - Started process (PID=668) to work on /opt/airflow/dags/2_bash_operator.py
[2026-09-21T02:24:35.191+0000] {processor.py:799} INFO - Processing file /opt/airflow/dags/2_bash_operator.py for tasks to queue
[2026-09-21T02:24:35.194+0000] {logging_mixin.py:149} INFO - [2026-09-21T02:24:35.194+0000] {dagbag.py:541} INFO - Filling up the DagBag from /opt/airflow/dags/2_bash_operator.py
[2026-09-21T02:24:35.206+0000] {processor.py:809} INFO - DAG(s) dict_keys(['2-bashoperator']) retrieved from /opt/airflow/dags/2_bash_operator.py
[2026-09-21T02:24:35.349+0000] {logging_mixin.py:149} INFO - [2026-09-21T02:24:35.349+0000] {dag.py:2726} INFO - Sync 1 DAGs
[2026-09-21T02:24:35.419+0000] {logging_mixin.py:149} INFO - [2026-09-21T02:24:35.418+0000] {dag.py:3490} INFO - Setting next_dagrun for 2-bashoperator to 2026-09-21T00:00:00+00:00, run_after=2026-09-22T00:00:00+00:00
[2026-09-21T02:24:35.467+0000] {processor.py:178} INFO - Processing /opt/airflow/dags/2_bash_operator.py took 0.304 seconds
[2026-09-21T02:25:05.550+0000] {processor.py:156} INFO - Started process (PID=679) to work on /opt/airflow/dags/2_bash_operator.py
[2026-09-21T02:25:05.554+0000] {processor.py:799} INFO - Processing file /opt/airflow/dags/2_bash_operator.py for tasks to queue
[2026-09-21T02:25:05.556+0000] {logging_mixin.py:149} INFO - [2026-09-21T02:25:05.555+0000] {dagbag.py:541} INFO - Filling up the DagBag from /opt/airflow/dags/2_bash_operator.py
[2026-09-21T02:25:05.563+0000] {processor.py:809} INFO - DAG(s) dict_keys(['2-bashoperator']) retrieved from /opt/airflow/dags/2_bash_operator.py
[2026-09-21T02:25:05.629+0000] {logging_mixin.py:149} INFO - [2026-09-21T02:25:05.629+0000] {dag.py:2726} INFO - Sync 1 DAGs
[2026-09-21T02:25:05.672+0000] {logging_mixin.py:149} INFO - [2026-09-21T02:25:05.671+0000] {dag.py:3490} INFO - Setting next_dagrun for 2-bashoperator to 2026-09-21T00:00:00+00:00, run_after=2026-09-22T00:00:00+00:00
[2026-09-21T02:25:05.715+0000] {processor.py:178} INFO - Processing /opt/airflow/dags/2_bash_operator.py took 0.172 seconds
[2026-09-21T02:25:35.827+0000] {processor.py:156} INFO - Started process (PID=690) to work on /opt/airflow/dags/2_bash_operator.py
[2026-09-21T02:25:35.829+0000] {processor.py:799} INFO - Processing file /opt/airflow/dags/2_bash_operator.py for tasks to queue
[2026-09-21T02:25:35.830+0000] {logging_mixin.py:149} INFO - [2026-09-21T02:25:35.830+0000] {dagbag.py:541} INFO - Filling up the DagBag from /opt/airflow/dags/2_bash_operator.py
[2026-09-21T02:25:35.837+0000] {processor.py:809} INFO - DAG(s) dict_keys(['2-bashoperator']) retrieved from /opt/airflow/dags/2_bash_operator.py
[2026-09-21T02:25:35.888+0000] {logging_mixin.py:149} INFO - [2026-09-21T02:25:35.888+0000] {dag.py:2726} INFO - Sync 1 DAGs
[2026-09-21T02:25:35.925+0000] {logging_mixin.py:149} INFO - [2026-09-21T02:25:35.925+0000] {dag.py:3490} INFO - Setting next_dagrun for 2-bashoperator to 2026-09-21T00:00:00+00:00, run_after=2026-09-22T00:00:00+00:00
[2026-09-21T02:25:35.964+0000] {processor.py:178} INFO - Processing /opt/airflow/dags/2_bash_operator.py took 0.148 seconds
[2026-09-21T02:26:06.085+0000] {processor.py:156} INFO - Started process (PID=701) to work on /opt/airflow/dags/2_bash_operator.py
[2026-09-21T02:26:06.093+0000] {processor.py:799} INFO - Processing file /opt/airflow/dags/2_bash_operator.py for tasks to queue
[2026-09-21T02:26:06.096+0000] {logging_mixin.py:149} INFO - [2026-09-21T02:26:06.096+0000] {dagbag.py:541} INFO - Filling up the DagBag from /opt/airflow/dags/2_bash_operator.py
[2026-09-21T02:26:06.108+0000] {processor.py:809} INFO - DAG(s) dict_keys(['2-bashoperator']) retrieved from /opt/airflow/dags/2_bash_operator.py
[2026-09-21T02:26:06.171+0000] {logging_mixin.py:149} INFO - [2026-09-21T02:26:06.171+0000] {dag.py:2726} INFO - Sync 1 DAGs
[2026-09-21T02:26:06.208+0000] {logging_mixin.py:149} INFO - [2026-09-21T02:26:06.208+0000] {dag.py:3490} INFO - Setting next_dagrun for 2-bashoperator to 2026-09-21T00:00:00+00:00, run_after=2026-09-22T00:00:00+00:00
[2026-09-21T02:26:06.236+0000] {processor.py:178} INFO - Processing /opt/airflow/dags/2_bash_operator.py took 0.170 seconds
[2026-09-21T02:26:36.515+0000] {processor.py:156} INFO - Started process (PID=712) to work on /opt/airflow/dags/2_bash_operator.py
[2026-09-21T02:26:36.517+0000] {processor.py:799} INFO - Processing file /opt/airflow/dags/2_bash_operator.py for tasks to queue
[2026-09-21T02:26:36.519+0000] {logging_mixin.py:149} INFO - [2026-09-21T02:26:36.518+0000] {dagbag.py:541} INFO - Filling up the DagBag from /opt/airflow/dags/2_bash_operator.py
[2026-09-21T02:26:36.532+0000] {processor.py:809} INFO - DAG(s) dict_keys(['2-bashoperator']) retrieved from /opt/airflow/dags/2_bash_operator.py
[2026-09-21T02:26:36.597+0000] {logging_mixin.py:149} INFO - [2026-09-21T02:26:36.596+0000] {dag.py:2726} INFO - Sync 1 DAGs
[2026-09-21T02:26:36.637+0000] {logging_mixin.py:149} INFO - [2026-09-21T02:26:36.637+0000] {dag.py:3490} INFO - Setting next_dagrun for 2-bashoperator to 2026-09-21T00:00:00+00:00, run_after=2026-09-22T00:00:00+00:00
[2026-09-21T02:26:36.671+0000] {processor.py:178} INFO - Processing /opt/airflow/dags/2_bash_operator.py took 0.165 seconds
[2026-09-21T02:27:06.973+0000] {processor.py:156} INFO - Started process (PID=723) to work on /opt/airflow/dags/2_bash_operator.py
[2026-09-21T02:27:06.977+0000] {processor.py:799} INFO - Processing file /opt/airflow/dags/2_bash_operator.py for tasks to queue
[2026-09-21T02:27:06.978+0000] {logging_mixin.py:149} INFO - [2026-09-21T02:27:06.978+0000] {dagbag.py:541} INFO - Filling up the DagBag from /opt/airflow/dags/2_bash_operator.py
[2026-09-21T02:27:06.996+0000] {processor.py:809} INFO - DAG(s) dict_keys(['2-bashoperator']) retrieved from /opt/airflow/dags/2_bash_operator.py
[2026-09-21T02:27:07.094+0000] {logging_mixin.py:149} INFO - [2026-09-21T02:27:07.094+0000] {dag.py:2726} INFO - Sync 1 DAGs
[2026-09-21T02:27:07.138+0000] {logging_mixin.py:149} INFO - [2026-09-21T02:27:07.138+0000] {dag.py:3490} INFO - Setting next_dagrun for 2-bashoperator to 2026-09-21T00:00:00+00:00, run_after=2026-09-22T00:00:00+00:00
[2026-09-21T02:27:07.169+0000] {processor.py:178} INFO - Processing /opt/airflow/dags/2_bash_operator.py took 0.205 seconds
[2026-09-21T02:27:37.456+0000] {processor.py:156} INFO - Started process (PID=734) to work on /opt/airflow/dags/2_bash_operator.py
[2026-09-21T02:27:37.459+0000] {processor.py:799} INFO - Processing file /opt/airflow/dags/2_bash_operator.py for tasks to queue
[2026-09-21T02:27:37.460+0000] {logging_mixin.py:149} INFO - [2026-09-21T02:27:37.460+0000] {dagbag.py:541} INFO - Filling up the DagBag from /opt/airflow/dags/2_bash_operator.py
[2026-09-21T02:27:37.468+0000] {processor.py:809} INFO - DAG(s) dict_keys(['2-bashoperator']) retrieved from /opt/airflow/dags/2_bash_operator.py
[2026-09-21T02:27:37.519+0000] {logging_mixin.py:149} INFO - [2026-09-21T02:27:37.519+0000] {dag.py:2726} INFO - Sync 1 DAGs
[2026-09-21T02:27:37.562+0000] {logging_mixin.py:149} INFO - [2026-09-21T02:27:37.562+0000] {dag.py:3490} INFO - Setting next_dagrun for 2-bashoperator to 2026-09-21T00:00:00+00:00, run_after=2026-09-22T00:00:00+00:00
[2026-09-21T02:27:37.618+0000] {processor.py:178} INFO - Processing /opt/airflow/dags/2_bash_operator.py took 0.168 seconds
[2026-09-21T02:28:07.695+0000] {processor.py:156} INFO - Started process (PID=745) to work on /opt/airflow/dags/2_bash_operator.py
[2026-09-21T02:28:07.699+0000] {processor.py:799} INFO - Processing file /opt/airflow/dags/2_bash_operator.py for tasks to queue
[2026-09-21T02:28:07.700+0000] {logging_mixin.py:149} INFO - [2026-09-21T02:28:07.700+0000] {dagbag.py:541} INFO - Filling up the DagBag from /opt/airflow/dags/2_bash_operator.py
[2026-09-21T02:28:07.718+0000] {processor.py:809} INFO - DAG(s) dict_keys(['2-bashoperator']) retrieved from /opt/airflow/dags/2_bash_operator.py
[2026-09-21T02:28:07.786+0000] {logging_mixin.py:149} INFO - [2026-09-21T02:28:07.786+0000] {dag.py:2726} INFO - Sync 1 DAGs
[2026-09-21T02:28:07.837+0000] {logging_mixin.py:149} INFO - [2026-09-21T02:28:07.837+0000] {dag.py:3490} INFO - Setting next_dagrun for 2-bashoperator to 2026-09-21T00:00:00+00:00, run_after=2026-09-22T00:00:00+00:00
[2026-09-21T02:28:07.895+0000] {processor.py:178} INFO - Processing /opt/airflow/dags/2_bash_operator.py took 0.207 seconds
[2026-09-21T02:28:38.093+0000] {processor.py:156} INFO - Started process (PID=756) to work on /opt/airflow/dags/2_bash_operator.py
[2026-09-21T02:28:38.095+0000] {processor.py:799} INFO - Processing file /opt/airflow/dags/2_bash_operator.py for tasks to queue
[2026-09-21T02:28:38.096+0000] {logging_mixin.py:149} INFO - [2026-09-21T02:28:38.095+0000] {dagbag.py:541} INFO - Filling up the DagBag from /opt/airflow/dags/2_bash_operator.py
[2026-09-21T02:28:38.103+0000] {processor.py:809} INFO - DAG(s) dict_keys(['2-bashoperator']) retrieved from /opt/airflow/dags/2_bash_operator.py
[2026-09-21T02:28:38.158+0000] {logging_mixin.py:149} INFO - [2026-09-21T02:28:38.158+0000] {dag.py:2726} INFO - Sync 1 DAGs
[2026-09-21T02:28:38.197+0000] {logging_mixin.py:149} INFO - [2026-09-21T02:28:38.197+0000] {dag.py:3490} INFO - Setting next_dagrun for 2-bashoperator to 2026-09-21T00:00:00+00:00, run_after=2026-09-22T00:00:00+00:00
[2026-09-21T02:28:38.233+0000] {processor.py:178} INFO - Processing /opt/airflow/dags/2_bash_operator.py took 0.146 seconds
[2026-09-21T02:29:08.798+0000] {processor.py:156} INFO - Started process (PID=767) to work on /opt/airflow/dags/2_bash_operator.py
[2026-09-21T02:29:08.804+0000] {processor.py:799} INFO - Processing file /opt/airflow/dags/2_bash_operator.py for tasks to queue
[2026-09-21T02:29:08.805+0000] {logging_mixin.py:149} INFO - [2026-09-21T02:29:08.805+0000] {dagbag.py:541} INFO - Filling up the DagBag from /opt/airflow/dags/2_bash_operator.py
[2026-09-21T02:29:08.817+0000] {processor.py:809} INFO - DAG(s) dict_keys(['2-bashoperator']) retrieved from /opt/airflow/dags/2_bash_operator.py
[2026-09-21T02:29:08.908+0000] {logging_mixin.py:149} INFO - [2026-09-21T02:29:08.907+0000] {dag.py:2726} INFO - Sync 1 DAGs
[2026-09-21T02:29:08.985+0000] {logging_mixin.py:149} INFO - [2026-09-21T02:29:08.984+0000] {dag.py:3490} INFO - Setting next_dagrun for 2-bashoperator to 2026-09-21T00:00:00+00:00, run_after=2026-09-22T00:00:00+00:00
[2026-09-21T02:29:09.033+0000] {processor.py:178} INFO - Processing /opt/airflow/dags/2_bash_operator.py took 0.240 seconds
[2026-09-21T02:29:39.139+0000] {processor.py:156} INFO - Started process (PID=778) to work on /opt/airflow/dags/2_bash_operator.py
[2026-09-21T02:29:39.141+0000] {processor.py:799} INFO - Processing file /opt/airflow/dags/2_bash_operator.py for tasks to queue
[2026-09-21T02:29:39.142+0000] {logging_mixin.py:149} INFO - [2026-09-21T02:29:39.142+0000] {dagbag.py:541} INFO - Filling up the DagBag from /opt/airflow/dags/2_bash_operator.py
[2026-09-21T02:29:39.150+0000] {processor.py:809} INFO - DAG(s) dict_keys(['2-bashoperator']) retrieved from /opt/airflow/dags/2_bash_operator.py
[2026-09-21T02:29:39.207+0000] {logging_mixin.py:149} INFO - [2026-09-21T02:29:39.207+0000] {dag.py:2726} INFO - Sync 1 DAGs
[2026-09-21T02:29:39.254+0000] {logging_mixin.py:149} INFO - [2026-09-21T02:29:39.253+0000] {dag.py:3490} INFO - Setting next_dagrun for 2-bashoperator to 2026-09-21T00:00:00+00:00, run_after=2026-09-22T00:00:00+00:00
[2026-09-21T02:29:39.288+0000] {processor.py:178} INFO - Processing /opt/airflow/dags/2_bash_operator.py took 0.159 seconds
[2026-09-21T02:30:09.549+0000] {processor.py:156} INFO - Started process (PID=789) to work on /opt/airflow/dags/2_bash_operator.py
[2026-09-21T02:30:09.557+0000] {processor.py:799} INFO - Processing file /opt/airflow/dags/2_bash_operator.py for tasks to queue
[2026-09-21T02:30:09.569+0000] {logging_mixin.py:149} INFO - [2026-09-21T02:30:09.569+0000] {dagbag.py:541} INFO - Filling up the DagBag from /opt/airflow/dags/2_bash_operator.py
[2026-09-21T02:30:09.577+0000] {processor.py:809} INFO - DAG(s) dict_keys(['2-bashoperator']) retrieved from /opt/airflow/dags/2_bash_operator.py
[2026-09-21T02:30:09.665+0000] {logging_mixin.py:149} INFO - [2026-09-21T02:30:09.665+0000] {dag.py:2726} INFO - Sync 1 DAGs
[2026-09-21T02:30:09.722+0000] {logging_mixin.py:149} INFO - [2026-09-21T02:30:09.722+0000] {dag.py:3490} INFO - Setting next_dagrun for 2-bashoperator to 2026-09-21T00:00:00+00:00, run_after=2026-09-22T00:00:00+00:00
[2026-09-21T02:30:09.768+0000] {processor.py:178} INFO - Processing /opt/airflow/dags/2_bash_operator.py took 0.227 seconds
[2026-09-21T02:30:39.897+0000] {processor.py:156} INFO - Started process (PID=800) to work on /opt/airflow/dags/2_bash_operator.py
[2026-09-21T02:30:39.905+0000] {processor.py:799} INFO - Processing file /opt/airflow/dags/2_bash_operator.py for tasks to queue
[2026-09-21T02:30:39.907+0000] {logging_mixin.py:149} INFO - [2026-09-21T02:30:39.906+0000] {dagbag.py:541} INFO - Filling up the DagBag from /opt/airflow/dags/2_bash_operator.py
[2026-09-21T02:30:39.915+0000] {processor.py:809} INFO - DAG(s) dict_keys(['2-bashoperator']) retrieved from /opt/airflow/dags/2_bash_operator.py
[2026-09-21T02:30:39.996+0000] {logging_mixin.py:149} INFO - [2026-09-21T02:30:39.996+0000] {dag.py:2726} INFO - Sync 1 DAGs
[2026-09-21T02:30:40.047+0000] {logging_mixin.py:149} INFO - [2026-09-21T02:30:40.047+0000] {dag.py:3490} INFO - Setting next_dagrun for 2-bashoperator to 2026-09-21T00:00:00+00:00, run_after=2026-09-22T00:00:00+00:00
[2026-09-21T02:30:40.083+0000] {processor.py:178} INFO - Processing /opt/airflow/dags/2_bash_operator.py took 0.204 seconds
[2026-09-21T02:31:10.377+0000] {processor.py:156} INFO - Started process (PID=811) to work on /opt/airflow/dags/2_bash_operator.py
[2026-09-21T02:31:10.383+0000] {processor.py:799} INFO - Processing file /opt/airflow/dags/2_bash_operator.py for tasks to queue
[2026-09-21T02:31:10.385+0000] {logging_mixin.py:149} INFO - [2026-09-21T02:31:10.384+0000] {dagbag.py:541} INFO - Filling up the DagBag from /opt/airflow/dags/2_bash_operator.py
[2026-09-21T02:31:10.393+0000] {processor.py:809} INFO - DAG(s) dict_keys(['2-bashoperator']) retrieved from /opt/airflow/dags/2_bash_operator.py
[2026-09-21T02:31:10.450+0000] {logging_mixin.py:149} INFO - [2026-09-21T02:31:10.450+0000] {dag.py:2726} INFO - Sync 1 DAGs
[2026-09-21T02:31:10.493+0000] {logging_mixin.py:149} INFO - [2026-09-21T02:31:10.492+0000] {dag.py:3490} INFO - Setting next_dagrun for 2-bashoperator to 2026-09-21T00:00:00+00:00, run_after=2026-09-22T00:00:00+00:00
[2026-09-21T02:31:10.539+0000] {processor.py:178} INFO - Processing /opt/airflow/dags/2_bash_operator.py took 0.182 seconds
[2026-09-21T02:31:40.808+0000] {processor.py:156} INFO - Started process (PID=822) to work on /opt/airflow/dags/2_bash_operator.py
[2026-09-21T02:31:40.810+0000] {processor.py:799} INFO - Processing file /opt/airflow/dags/2_bash_operator.py for tasks to queue
[2026-09-21T02:31:40.811+0000] {logging_mixin.py:149} INFO - [2026-09-21T02:31:40.811+0000] {dagbag.py:541} INFO - Filling up the DagBag from /opt/airflow/dags/2_bash_operator.py
[2026-09-21T02:31:40.819+0000] {processor.py:809} INFO - DAG(s) dict_keys(['2-bashoperator']) retrieved from /opt/airflow/dags/2_bash_operator.py
[2026-09-21T02:31:40.873+0000] {logging_mixin.py:149} INFO - [2026-09-21T02:31:40.872+0000] {dag.py:2726} INFO - Sync 1 DAGs
[2026-09-21T02:31:40.916+0000] {logging_mixin.py:149} INFO - [2026-09-21T02:31:40.915+0000] {dag.py:3490} INFO - Setting next_dagrun for 2-bashoperator to 2026-09-21T00:00:00+00:00, run_after=2026-09-22T00:00:00+00:00
[2026-09-21T02:31:40.948+0000] {processor.py:178} INFO - Processing /opt/airflow/dags/2_bash_operator.py took 0.147 seconds
[2026-09-21T02:32:11.150+0000] {processor.py:156} INFO - Started process (PID=833) to work on /opt/airflow/dags/2_bash_operator.py
[2026-09-21T02:32:11.160+0000] {processor.py:799} INFO - Processing file /opt/airflow/dags/2_bash_operator.py for tasks to queue
[2026-09-21T02:32:11.162+0000] {logging_mixin.py:149} INFO - [2026-09-21T02:32:11.161+0000] {dagbag.py:541} INFO - Filling up the DagBag from /opt/airflow/dags/2_bash_operator.py
[2026-09-21T02:32:11.169+0000] {processor.py:809} INFO - DAG(s) dict_keys(['2-bashoperator']) retrieved from /opt/airflow/dags/2_bash_operator.py
[2026-09-21T02:32:11.232+0000] {logging_mixin.py:149} INFO - [2026-09-21T02:32:11.231+0000] {dag.py:2726} INFO - Sync 1 DAGs
[2026-09-21T02:32:11.283+0000] {logging_mixin.py:149} INFO - [2026-09-21T02:32:11.282+0000] {dag.py:3490} INFO - Setting next_dagrun for 2-bashoperator to 2026-09-21T00:00:00+00:00, run_after=2026-09-22T00:00:00+00:00
[2026-09-21T02:32:11.317+0000] {processor.py:178} INFO - Processing /opt/airflow/dags/2_bash_operator.py took 0.174 seconds
[2026-09-21T02:32:41.424+0000] {processor.py:156} INFO - Started process (PID=844) to work on /opt/airflow/dags/2_bash_operator.py
[2026-09-21T02:32:41.426+0000] {processor.py:799} INFO - Processing file /opt/airflow/dags/2_bash_operator.py for tasks to queue
[2026-09-21T02:32:41.427+0000] {logging_mixin.py:149} INFO - [2026-09-21T02:32:41.427+0000] {dagbag.py:541} INFO - Filling up the DagBag from /opt/airflow/dags/2_bash_operator.py
[2026-09-21T02:32:41.435+0000] {processor.py:809} INFO - DAG(s) dict_keys(['2-bashoperator']) retrieved from /opt/airflow/dags/2_bash_operator.py
[2026-09-21T02:32:41.484+0000] {logging_mixin.py:149} INFO - [2026-09-21T02:32:41.484+0000] {dag.py:2726} INFO - Sync 1 DAGs
[2026-09-21T02:32:41.520+0000] {logging_mixin.py:149} INFO - [2026-09-21T02:32:41.520+0000] {dag.py:3490} INFO - Setting next_dagrun for 2-bashoperator to 2026-09-21T00:00:00+00:00, run_after=2026-09-22T00:00:00+00:00
[2026-09-21T02:32:41.550+0000] {processor.py:178} INFO - Processing /opt/airflow/dags/2_bash_operator.py took 0.131 seconds
[2026-09-21T02:33:12.500+0000] {processor.py:156} INFO - Started process (PID=855) to work on /opt/airflow/dags/2_bash_operator.py
[2026-09-21T02:33:12.503+0000] {processor.py:799} INFO - Processing file /opt/airflow/dags/2_bash_operator.py for tasks to queue
[2026-09-21T02:33:12.504+0000] {logging_mixin.py:149} INFO - [2026-09-21T02:33:12.504+0000] {dagbag.py:541} INFO - Filling up the DagBag from /opt/airflow/dags/2_bash_operator.py
[2026-09-21T02:33:12.512+0000] {processor.py:809} INFO - DAG(s) dict_keys(['2-bashoperator']) retrieved from /opt/airflow/dags/2_bash_operator.py
[2026-09-21T02:33:12.560+0000] {logging_mixin.py:149} INFO - [2026-09-21T02:33:12.559+0000] {dag.py:2726} INFO - Sync 1 DAGs
[2026-09-21T02:33:12.592+0000] {logging_mixin.py:149} INFO - [2026-09-21T02:33:12.592+0000] {dag.py:3490} INFO - Setting next_dagrun for 2-bashoperator to 2026-09-21T00:00:00+00:00, run_after=2026-09-22T00:00:00+00:00
[2026-09-21T02:33:12.625+0000] {processor.py:178} INFO - Processing /opt/airflow/dags/2_bash_operator.py took 0.132 seconds
[2026-09-21T02:33:43.867+0000] {processor.py:156} INFO - Started process (PID=866) to work on /opt/airflow/dags/2_bash_operator.py
[2026-09-21T02:33:43.868+0000] {processor.py:799} INFO - Processing file /opt/airflow/dags/2_bash_operator.py for tasks to queue
[2026-09-21T02:33:43.869+0000] {logging_mixin.py:149} INFO - [2026-09-21T02:33:43.869+0000] {dagbag.py:541} INFO - Filling up the DagBag from /opt/airflow/dags/2_bash_operator.py
[2026-09-21T02:33:43.875+0000] {processor.py:809} INFO - DAG(s) dict_keys(['2-bashoperator']) retrieved from /opt/airflow/dags/2_bash_operator.py
[2026-09-21T02:33:43.940+0000] {logging_mixin.py:149} INFO - [2026-09-21T02:33:43.940+0000] {dag.py:2726} INFO - Sync 1 DAGs
[2026-09-21T02:33:43.995+0000] {logging_mixin.py:149} INFO - [2026-09-21T02:33:43.995+0000] {dag.py:3490} INFO - Setting next_dagrun for 2-bashoperator to 2026-09-21T00:00:00+00:00, run_after=2026-09-22T00:00:00+00:00
[2026-09-21T02:33:44.036+0000] {processor.py:178} INFO - Processing /opt/airflow/dags/2_bash_operator.py took 0.175 seconds
[2026-09-21T02:34:15.295+0000] {processor.py:156} INFO - Started process (PID=877) to work on /opt/airflow/dags/2_bash_operator.py
[2026-09-21T02:34:15.303+0000] {processor.py:799} INFO - Processing file /opt/airflow/dags/2_bash_operator.py for tasks to queue
[2026-09-21T02:34:15.308+0000] {logging_mixin.py:149} INFO - [2026-09-21T02:34:15.308+0000] {dagbag.py:541} INFO - Filling up the DagBag from /opt/airflow/dags/2_bash_operator.py
[2026-09-21T02:34:15.349+0000] {processor.py:809} INFO - DAG(s) dict_keys(['2-bashoperator']) retrieved from /opt/airflow/dags/2_bash_operator.py
[2026-09-21T02:34:15.506+0000] {logging_mixin.py:149} INFO - [2026-09-21T02:34:15.506+0000] {dag.py:2726} INFO - Sync 1 DAGs
[2026-09-21T02:34:15.627+0000] {logging_mixin.py:149} INFO - [2026-09-21T02:34:15.626+0000] {dag.py:3490} INFO - Setting next_dagrun for 2-bashoperator to 2026-09-21T00:00:00+00:00, run_after=2026-09-22T00:00:00+00:00
[2026-09-21T02:34:15.708+0000] {processor.py:178} INFO - Processing /opt/airflow/dags/2_bash_operator.py took 0.447 seconds
[2026-09-21T02:34:46.639+0000] {processor.py:156} INFO - Started process (PID=888) to work on /opt/airflow/dags/2_bash_operator.py
[2026-09-21T02:34:46.643+0000] {processor.py:799} INFO - Processing file /opt/airflow/dags/2_bash_operator.py for tasks to queue
[2026-09-21T02:34:46.645+0000] {logging_mixin.py:149} INFO - [2026-09-21T02:34:46.645+0000] {dagbag.py:541} INFO - Filling up the DagBag from /opt/airflow/dags/2_bash_operator.py
[2026-09-21T02:34:46.652+0000] {processor.py:809} INFO - DAG(s) dict_keys(['2-bashoperator']) retrieved from /opt/airflow/dags/2_bash_operator.py
[2026-09-21T02:34:46.757+0000] {logging_mixin.py:149} INFO - [2026-09-21T02:34:46.756+0000] {dag.py:2726} INFO - Sync 1 DAGs
[2026-09-21T02:34:46.811+0000] {logging_mixin.py:149} INFO - [2026-09-21T02:34:46.810+0000] {dag.py:3490} INFO - Setting next_dagrun for 2-bashoperator to 2026-09-21T00:00:00+00:00, run_after=2026-09-22T00:00:00+00:00
[2026-09-21T02:34:46.841+0000] {processor.py:178} INFO - Processing /opt/airflow/dags/2_bash_operator.py took 0.209 seconds
[2026-09-21T02:35:17.618+0000] {processor.py:156} INFO - Started process (PID=899) to work on /opt/airflow/dags/2_bash_operator.py
[2026-09-21T02:35:17.620+0000] {processor.py:799} INFO - Processing file /opt/airflow/dags/2_bash_operator.py for tasks to queue
[2026-09-21T02:35:17.621+0000] {logging_mixin.py:149} INFO - [2026-09-21T02:35:17.621+0000] {dagbag.py:541} INFO - Filling up the DagBag from /opt/airflow/dags/2_bash_operator.py
[2026-09-21T02:35:17.627+0000] {processor.py:809} INFO - DAG(s) dict_keys(['2-bashoperator']) retrieved from /opt/airflow/dags/2_bash_operator.py
[2026-09-21T02:35:17.670+0000] {logging_mixin.py:149} INFO - [2026-09-21T02:35:17.670+0000] {dag.py:2726} INFO - Sync 1 DAGs
[2026-09-21T02:35:17.702+0000] {logging_mixin.py:149} INFO - [2026-09-21T02:35:17.701+0000] {dag.py:3490} INFO - Setting next_dagrun for 2-bashoperator to 2026-09-21T00:00:00+00:00, run_after=2026-09-22T00:00:00+00:00
[2026-09-21T02:35:17.729+0000] {processor.py:178} INFO - Processing /opt/airflow/dags/2_bash_operator.py took 0.117 seconds
[2026-09-21T02:35:44.011+0000] {processor.py:156} INFO - Started process (PID=912) to work on /opt/airflow/dags/2_bash_operator.py
[2026-09-21T02:35:44.017+0000] {processor.py:799} INFO - Processing file /opt/airflow/dags/2_bash_operator.py for tasks to queue
[2026-09-21T02:35:44.019+0000] {logging_mixin.py:149} INFO - [2026-09-21T02:35:44.018+0000] {dagbag.py:541} INFO - Filling up the DagBag from /opt/airflow/dags/2_bash_operator.py
[2026-09-21T02:35:44.026+0000] {processor.py:809} INFO - DAG(s) dict_keys(['2-bashoperator']) retrieved from /opt/airflow/dags/2_bash_operator.py
[2026-09-21T02:35:44.117+0000] {logging_mixin.py:149} INFO - [2026-09-21T02:35:44.117+0000] {dag.py:2726} INFO - Sync 1 DAGs
[2026-09-21T02:35:44.156+0000] {logging_mixin.py:149} INFO - [2026-09-21T02:35:44.156+0000] {dag.py:3490} INFO - Setting next_dagrun for 2-bashoperator to 2026-09-21T00:00:00+00:00, run_after=2026-09-22T00:00:00+00:00
[2026-09-21T02:35:44.184+0000] {processor.py:178} INFO - Processing /opt/airflow/dags/2_bash_operator.py took 0.179 seconds
[2026-09-21T02:36:14.450+0000] {processor.py:156} INFO - Started process (PID=923) to work on /opt/airflow/dags/2_bash_operator.py
[2026-09-21T02:36:14.453+0000] {processor.py:799} INFO - Processing file /opt/airflow/dags/2_bash_operator.py for tasks to queue
[2026-09-21T02:36:14.454+0000] {logging_mixin.py:149} INFO - [2026-09-21T02:36:14.454+0000] {dagbag.py:541} INFO - Filling up the DagBag from /opt/airflow/dags/2_bash_operator.py
[2026-09-21T02:36:14.461+0000] {processor.py:809} INFO - DAG(s) dict_keys(['2-bashoperator']) retrieved from /opt/airflow/dags/2_bash_operator.py
[2026-09-21T02:36:14.528+0000] {logging_mixin.py:149} INFO - [2026-09-21T02:36:14.528+0000] {dag.py:2726} INFO - Sync 1 DAGs
[2026-09-21T02:36:14.587+0000] {logging_mixin.py:149} INFO - [2026-09-21T02:36:14.586+0000] {dag.py:3490} INFO - Setting next_dagrun for 2-bashoperator to 2026-09-21T00:00:00+00:00, run_after=2026-09-22T00:00:00+00:00
[2026-09-21T02:36:14.629+0000] {processor.py:178} INFO - Processing /opt/airflow/dags/2_bash_operator.py took 0.187 seconds
[2026-09-21T02:36:44.759+0000] {processor.py:156} INFO - Started process (PID=934) to work on /opt/airflow/dags/2_bash_operator.py
[2026-09-21T02:36:44.761+0000] {processor.py:799} INFO - Processing file /opt/airflow/dags/2_bash_operator.py for tasks to queue
[2026-09-21T02:36:44.762+0000] {logging_mixin.py:149} INFO - [2026-09-21T02:36:44.762+0000] {dagbag.py:541} INFO - Filling up the DagBag from /opt/airflow/dags/2_bash_operator.py
[2026-09-21T02:36:44.769+0000] {processor.py:809} INFO - DAG(s) dict_keys(['2-bashoperator']) retrieved from /opt/airflow/dags/2_bash_operator.py
[2026-09-21T02:36:44.834+0000] {logging_mixin.py:149} INFO - [2026-09-21T02:36:44.833+0000] {dag.py:2726} INFO - Sync 1 DAGs
[2026-09-21T02:36:44.879+0000] {logging_mixin.py:149} INFO - [2026-09-21T02:36:44.879+0000] {dag.py:3490} INFO - Setting next_dagrun for 2-bashoperator to 2026-09-21T00:00:00+00:00, run_after=2026-09-22T00:00:00+00:00
[2026-09-21T02:36:44.930+0000] {processor.py:178} INFO - Processing /opt/airflow/dags/2_bash_operator.py took 0.179 seconds
[2026-09-21T02:37:15.282+0000] {processor.py:156} INFO - Started process (PID=945) to work on /opt/airflow/dags/2_bash_operator.py
[2026-09-21T02:37:15.285+0000] {processor.py:799} INFO - Processing file /opt/airflow/dags/2_bash_operator.py for tasks to queue
[2026-09-21T02:37:15.285+0000] {logging_mixin.py:149} INFO - [2026-09-21T02:37:15.285+0000] {dagbag.py:541} INFO - Filling up the DagBag from /opt/airflow/dags/2_bash_operator.py
[2026-09-21T02:37:15.292+0000] {processor.py:809} INFO - DAG(s) dict_keys(['2-bashoperator']) retrieved from /opt/airflow/dags/2_bash_operator.py
[2026-09-21T02:37:15.366+0000] {logging_mixin.py:149} INFO - [2026-09-21T02:37:15.366+0000] {dag.py:2726} INFO - Sync 1 DAGs
[2026-09-21T02:37:15.423+0000] {logging_mixin.py:149} INFO - [2026-09-21T02:37:15.423+0000] {dag.py:3490} INFO - Setting next_dagrun for 2-bashoperator to 2026-09-21T00:00:00+00:00, run_after=2026-09-22T00:00:00+00:00
[2026-09-21T02:37:15.473+0000] {processor.py:178} INFO - Processing /opt/airflow/dags/2_bash_operator.py took 0.197 seconds
[2026-09-21T02:37:45.547+0000] {processor.py:156} INFO - Started process (PID=956) to work on /opt/airflow/dags/2_bash_operator.py
[2026-09-21T02:37:45.549+0000] {processor.py:799} INFO - Processing file /opt/airflow/dags/2_bash_operator.py for tasks to queue
[2026-09-21T02:37:45.550+0000] {logging_mixin.py:149} INFO - [2026-09-21T02:37:45.550+0000] {dagbag.py:541} INFO - Filling up the DagBag from /opt/airflow/dags/2_bash_operator.py
[2026-09-21T02:37:45.557+0000] {processor.py:809} INFO - DAG(s) dict_keys(['2-bashoperator']) retrieved from /opt/airflow/dags/2_bash_operator.py
[2026-09-21T02:37:45.613+0000] {logging_mixin.py:149} INFO - [2026-09-21T02:37:45.613+0000] {dag.py:2726} INFO - Sync 1 DAGs
[2026-09-21T02:37:45.661+0000] {logging_mixin.py:149} INFO - [2026-09-21T02:37:45.661+0000] {dag.py:3490} INFO - Setting next_dagrun for 2-bashoperator to 2026-09-21T00:00:00+00:00, run_after=2026-09-22T00:00:00+00:00
[2026-09-21T02:37:45.698+0000] {processor.py:178} INFO - Processing /opt/airflow/dags/2_bash_operator.py took 0.157 seconds
[2026-09-21T02:38:15.764+0000] {processor.py:156} INFO - Started process (PID=967) to work on /opt/airflow/dags/2_bash_operator.py
[2026-09-21T02:38:15.766+0000] {processor.py:799} INFO - Processing file /opt/airflow/dags/2_bash_operator.py for tasks to queue
[2026-09-21T02:38:15.767+0000] {logging_mixin.py:149} INFO - [2026-09-21T02:38:15.767+0000] {dagbag.py:541} INFO - Filling up the DagBag from /opt/airflow/dags/2_bash_operator.py
[2026-09-21T02:38:15.774+0000] {processor.py:809} INFO - DAG(s) dict_keys(['2-bashoperator']) retrieved from /opt/airflow/dags/2_bash_operator.py
[2026-09-21T02:38:15.873+0000] {logging_mixin.py:149} INFO - [2026-09-21T02:38:15.872+0000] {dag.py:2726} INFO - Sync 1 DAGs
[2026-09-21T02:38:15.929+0000] {logging_mixin.py:149} INFO - [2026-09-21T02:38:15.929+0000] {dag.py:3490} INFO - Setting next_dagrun for 2-bashoperator to 2026-09-21T00:00:00+00:00, run_after=2026-09-22T00:00:00+00:00
[2026-09-21T02:38:15.993+0000] {processor.py:178} INFO - Processing /opt/airflow/dags/2_bash_operator.py took 0.236 seconds
[2026-09-21T02:38:46.234+0000] {processor.py:156} INFO - Started process (PID=978) to work on /opt/airflow/dags/2_bash_operator.py
[2026-09-21T02:38:46.238+0000] {processor.py:799} INFO - Processing file /opt/airflow/dags/2_bash_operator.py for tasks to queue
[2026-09-21T02:38:46.239+0000] {logging_mixin.py:149} INFO - [2026-09-21T02:38:46.239+0000] {dagbag.py:541} INFO - Filling up the DagBag from /opt/airflow/dags/2_bash_operator.py
[2026-09-21T02:38:46.260+0000] {processor.py:809} INFO - DAG(s) dict_keys(['2-bashoperator']) retrieved from /opt/airflow/dags/2_bash_operator.py
[2026-09-21T02:38:46.380+0000] {logging_mixin.py:149} INFO - [2026-09-21T02:38:46.379+0000] {dag.py:2726} INFO - Sync 1 DAGs
[2026-09-21T02:38:46.440+0000] {logging_mixin.py:149} INFO - [2026-09-21T02:38:46.440+0000] {dag.py:3490} INFO - Setting next_dagrun for 2-bashoperator to 2026-09-21T00:00:00+00:00, run_after=2026-09-22T00:00:00+00:00
[2026-09-21T02:38:46.510+0000] {processor.py:178} INFO - Processing /opt/airflow/dags/2_bash_operator.py took 0.288 seconds
[2026-09-21T02:39:16.591+0000] {processor.py:156} INFO - Started process (PID=989) to work on /opt/airflow/dags/2_bash_operator.py
[2026-09-21T02:39:16.593+0000] {processor.py:799} INFO - Processing file /opt/airflow/dags/2_bash_operator.py for tasks to queue
[2026-09-21T02:39:16.594+0000] {logging_mixin.py:149} INFO - [2026-09-21T02:39:16.594+0000] {dagbag.py:541} INFO - Filling up the DagBag from /opt/airflow/dags/2_bash_operator.py
[2026-09-21T02:39:16.603+0000] {processor.py:809} INFO - DAG(s) dict_keys(['2-bashoperator']) retrieved from /opt/airflow/dags/2_bash_operator.py
[2026-09-21T02:39:16.684+0000] {logging_mixin.py:149} INFO - [2026-09-21T02:39:16.684+0000] {dag.py:2726} INFO - Sync 1 DAGs
[2026-09-21T02:39:16.728+0000] {logging_mixin.py:149} INFO - [2026-09-21T02:39:16.728+0000] {dag.py:3490} INFO - Setting next_dagrun for 2-bashoperator to 2026-09-21T00:00:00+00:00, run_after=2026-09-22T00:00:00+00:00
[2026-09-21T02:39:16.770+0000] {processor.py:178} INFO - Processing /opt/airflow/dags/2_bash_operator.py took 0.185 seconds
[2026-09-21T02:39:46.981+0000] {processor.py:156} INFO - Started process (PID=1000) to work on /opt/airflow/dags/2_bash_operator.py
[2026-09-21T02:39:46.987+0000] {processor.py:799} INFO - Processing file /opt/airflow/dags/2_bash_operator.py for tasks to queue
[2026-09-21T02:39:46.988+0000] {logging_mixin.py:149} INFO - [2026-09-21T02:39:46.988+0000] {dagbag.py:541} INFO - Filling up the DagBag from /opt/airflow/dags/2_bash_operator.py
[2026-09-21T02:39:47.004+0000] {processor.py:809} INFO - DAG(s) dict_keys(['2-bashoperator']) retrieved from /opt/airflow/dags/2_bash_operator.py
[2026-09-21T02:39:47.090+0000] {logging_mixin.py:149} INFO - [2026-09-21T02:39:47.090+0000] {dag.py:2726} INFO - Sync 1 DAGs
[2026-09-21T02:39:47.159+0000] {logging_mixin.py:149} INFO - [2026-09-21T02:39:47.158+0000] {dag.py:3490} INFO - Setting next_dagrun for 2-bashoperator to 2026-09-21T00:00:00+00:00, run_after=2026-09-22T00:00:00+00:00
[2026-09-21T02:39:47.187+0000] {processor.py:178} INFO - Processing /opt/airflow/dags/2_bash_operator.py took 0.220 seconds
[2026-09-21T02:40:18.191+0000] {processor.py:156} INFO - Started process (PID=1011) to work on /opt/airflow/dags/2_bash_operator.py
[2026-09-21T02:40:18.199+0000] {processor.py:799} INFO - Processing file /opt/airflow/dags/2_bash_operator.py for tasks to queue
[2026-09-21T02:40:18.200+0000] {logging_mixin.py:149} INFO - [2026-09-21T02:40:18.199+0000] {dagbag.py:541} INFO - Filling up the DagBag from /opt/airflow/dags/2_bash_operator.py
[2026-09-21T02:40:18.209+0000] {processor.py:809} INFO - DAG(s) dict_keys(['2-bashoperator']) retrieved from /opt/airflow/dags/2_bash_operator.py
[2026-09-21T02:40:18.272+0000] {logging_mixin.py:149} INFO - [2026-09-21T02:40:18.272+0000] {dag.py:2726} INFO - Sync 1 DAGs
[2026-09-21T02:40:18.309+0000] {logging_mixin.py:149} INFO - [2026-09-21T02:40:18.308+0000] {dag.py:3490} INFO - Setting next_dagrun for 2-bashoperator to 2026-09-21T00:00:00+00:00, run_after=2026-09-22T00:00:00+00:00
[2026-09-21T02:40:18.339+0000] {processor.py:178} INFO - Processing /opt/airflow/dags/2_bash_operator.py took 0.159 seconds
[2026-09-21T02:40:48.475+0000] {processor.py:156} INFO - Started process (PID=1022) to work on /opt/airflow/dags/2_bash_operator.py
[2026-09-21T02:40:48.480+0000] {processor.py:799} INFO - Processing file /opt/airflow/dags/2_bash_operator.py for tasks to queue
[2026-09-21T02:40:48.482+0000] {logging_mixin.py:149} INFO - [2026-09-21T02:40:48.481+0000] {dagbag.py:541} INFO - Filling up the DagBag from /opt/airflow/dags/2_bash_operator.py
[2026-09-21T02:40:48.496+0000] {processor.py:809} INFO - DAG(s) dict_keys(['2-bashoperator']) retrieved from /opt/airflow/dags/2_bash_operator.py
[2026-09-21T02:40:48.575+0000] {logging_mixin.py:149} INFO - [2026-09-21T02:40:48.575+0000] {dag.py:2726} INFO - Sync 1 DAGs
[2026-09-21T02:40:48.626+0000] {logging_mixin.py:149} INFO - [2026-09-21T02:40:48.626+0000] {dag.py:3490} INFO - Setting next_dagrun for 2-bashoperator to 2026-09-21T00:00:00+00:00, run_after=2026-09-22T00:00:00+00:00
[2026-09-21T02:40:48.657+0000] {processor.py:178} INFO - Processing /opt/airflow/dags/2_bash_operator.py took 0.189 seconds
[2026-09-21T02:41:18.856+0000] {processor.py:156} INFO - Started process (PID=1033) to work on /opt/airflow/dags/2_bash_operator.py
[2026-09-21T02:41:18.858+0000] {processor.py:799} INFO - Processing file /opt/airflow/dags/2_bash_operator.py for tasks to queue
[2026-09-21T02:41:18.859+0000] {logging_mixin.py:149} INFO - [2026-09-21T02:41:18.859+0000] {dagbag.py:541} INFO - Filling up the DagBag from /opt/airflow/dags/2_bash_operator.py
[2026-09-21T02:41:18.866+0000] {processor.py:809} INFO - DAG(s) dict_keys(['2-bashoperator']) retrieved from /opt/airflow/dags/2_bash_operator.py
[2026-09-21T02:41:18.936+0000] {logging_mixin.py:149} INFO - [2026-09-21T02:41:18.935+0000] {dag.py:2726} INFO - Sync 1 DAGs
[2026-09-21T02:41:18.996+0000] {logging_mixin.py:149} INFO - [2026-09-21T02:41:18.995+0000] {dag.py:3490} INFO - Setting next_dagrun for 2-bashoperator to 2026-09-21T00:00:00+00:00, run_after=2026-09-22T00:00:00+00:00
[2026-09-21T02:41:19.029+0000] {processor.py:178} INFO - Processing /opt/airflow/dags/2_bash_operator.py took 0.182 seconds
[2026-09-21T02:41:48.908+0000] {processor.py:156} INFO - Started process (PID=1046) to work on /opt/airflow/dags/2_bash_operator.py
[2026-09-21T02:41:48.910+0000] {processor.py:799} INFO - Processing file /opt/airflow/dags/2_bash_operator.py for tasks to queue
[2026-09-21T02:41:48.911+0000] {logging_mixin.py:149} INFO - [2026-09-21T02:41:48.910+0000] {dagbag.py:541} INFO - Filling up the DagBag from /opt/airflow/dags/2_bash_operator.py
[2026-09-21T02:41:48.918+0000] {processor.py:809} INFO - DAG(s) dict_keys(['2-bashoperator']) retrieved from /opt/airflow/dags/2_bash_operator.py
[2026-09-21T02:41:49.009+0000] {logging_mixin.py:149} INFO - [2026-09-21T02:41:49.009+0000] {dag.py:2726} INFO - Sync 1 DAGs
[2026-09-21T02:41:49.126+0000] {logging_mixin.py:149} INFO - [2026-09-21T02:41:49.121+0000] {dag.py:3490} INFO - Setting next_dagrun for 2-bashoperator to 2026-09-21T00:00:00+00:00, run_after=2026-09-22T00:00:00+00:00
[2026-09-21T02:41:49.212+0000] {processor.py:178} INFO - Processing /opt/airflow/dags/2_bash_operator.py took 0.310 seconds
[2026-09-21T02:42:19.328+0000] {processor.py:156} INFO - Started process (PID=1057) to work on /opt/airflow/dags/2_bash_operator.py
[2026-09-21T02:42:19.331+0000] {processor.py:799} INFO - Processing file /opt/airflow/dags/2_bash_operator.py for tasks to queue
[2026-09-21T02:42:19.334+0000] {logging_mixin.py:149} INFO - [2026-09-21T02:42:19.334+0000] {dagbag.py:541} INFO - Filling up the DagBag from /opt/airflow/dags/2_bash_operator.py
[2026-09-21T02:42:19.343+0000] {processor.py:809} INFO - DAG(s) dict_keys(['2-bashoperator']) retrieved from /opt/airflow/dags/2_bash_operator.py
[2026-09-21T02:42:19.418+0000] {logging_mixin.py:149} INFO - [2026-09-21T02:42:19.418+0000] {dag.py:2726} INFO - Sync 1 DAGs
[2026-09-21T02:42:19.470+0000] {logging_mixin.py:149} INFO - [2026-09-21T02:42:19.470+0000] {dag.py:3490} INFO - Setting next_dagrun for 2-bashoperator to 2026-09-21T00:00:00+00:00, run_after=2026-09-22T00:00:00+00:00
[2026-09-21T02:42:19.585+0000] {processor.py:178} INFO - Processing /opt/airflow/dags/2_bash_operator.py took 0.270 seconds
[2026-09-21T02:42:50.623+0000] {processor.py:156} INFO - Started process (PID=1068) to work on /opt/airflow/dags/2_bash_operator.py
[2026-09-21T02:42:50.626+0000] {processor.py:799} INFO - Processing file /opt/airflow/dags/2_bash_operator.py for tasks to queue
[2026-09-21T02:42:50.627+0000] {logging_mixin.py:149} INFO - [2026-09-21T02:42:50.627+0000] {dagbag.py:541} INFO - Filling up the DagBag from /opt/airflow/dags/2_bash_operator.py
[2026-09-21T02:42:50.636+0000] {processor.py:809} INFO - DAG(s) dict_keys(['2-bashoperator']) retrieved from /opt/airflow/dags/2_bash_operator.py
[2026-09-21T02:42:50.706+0000] {logging_mixin.py:149} INFO - [2026-09-21T02:42:50.706+0000] {dag.py:2726} INFO - Sync 1 DAGs
[2026-09-21T02:42:50.750+0000] {logging_mixin.py:149} INFO - [2026-09-21T02:42:50.750+0000] {dag.py:3490} INFO - Setting next_dagrun for 2-bashoperator to 2026-09-21T00:00:00+00:00, run_after=2026-09-22T00:00:00+00:00
[2026-09-21T02:42:50.782+0000] {processor.py:178} INFO - Processing /opt/airflow/dags/2_bash_operator.py took 0.166 seconds
[2026-09-21T02:43:21.220+0000] {processor.py:156} INFO - Started process (PID=1079) to work on /opt/airflow/dags/2_bash_operator.py
[2026-09-21T02:43:21.224+0000] {processor.py:799} INFO - Processing file /opt/airflow/dags/2_bash_operator.py for tasks to queue
[2026-09-21T02:43:21.225+0000] {logging_mixin.py:149} INFO - [2026-09-21T02:43:21.225+0000] {dagbag.py:541} INFO - Filling up the DagBag from /opt/airflow/dags/2_bash_operator.py
[2026-09-21T02:43:21.232+0000] {processor.py:809} INFO - DAG(s) dict_keys(['2-bashoperator']) retrieved from /opt/airflow/dags/2_bash_operator.py
[2026-09-21T02:43:21.305+0000] {logging_mixin.py:149} INFO - [2026-09-21T02:43:21.304+0000] {dag.py:2726} INFO - Sync 1 DAGs
[2026-09-21T02:43:21.348+0000] {logging_mixin.py:149} INFO - [2026-09-21T02:43:21.348+0000] {dag.py:3490} INFO - Setting next_dagrun for 2-bashoperator to 2026-09-21T00:00:00+00:00, run_after=2026-09-22T00:00:00+00:00
[2026-09-21T02:43:21.376+0000] {processor.py:178} INFO - Processing /opt/airflow/dags/2_bash_operator.py took 0.166 seconds
[2026-09-21T02:43:51.489+0000] {processor.py:156} INFO - Started process (PID=1090) to work on /opt/airflow/dags/2_bash_operator.py
[2026-09-21T02:43:51.498+0000] {processor.py:799} INFO - Processing file /opt/airflow/dags/2_bash_operator.py for tasks to queue
[2026-09-21T02:43:51.514+0000] {logging_mixin.py:149} INFO - [2026-09-21T02:43:51.503+0000] {dagbag.py:541} INFO - Filling up the DagBag from /opt/airflow/dags/2_bash_operator.py
[2026-09-21T02:43:51.522+0000] {processor.py:809} INFO - DAG(s) dict_keys(['2-bashoperator']) retrieved from /opt/airflow/dags/2_bash_operator.py
[2026-09-21T02:43:51.620+0000] {logging_mixin.py:149} INFO - [2026-09-21T02:43:51.620+0000] {dag.py:2726} INFO - Sync 1 DAGs
[2026-09-21T02:43:51.693+0000] {logging_mixin.py:149} INFO - [2026-09-21T02:43:51.692+0000] {dag.py:3490} INFO - Setting next_dagrun for 2-bashoperator to 2026-09-21T00:00:00+00:00, run_after=2026-09-22T00:00:00+00:00
[2026-09-21T02:43:51.763+0000] {processor.py:178} INFO - Processing /opt/airflow/dags/2_bash_operator.py took 0.283 seconds
[2026-09-21T02:44:22.125+0000] {processor.py:156} INFO - Started process (PID=1101) to work on /opt/airflow/dags/2_bash_operator.py
[2026-09-21T02:44:22.134+0000] {processor.py:799} INFO - Processing file /opt/airflow/dags/2_bash_operator.py for tasks to queue
[2026-09-21T02:44:22.136+0000] {logging_mixin.py:149} INFO - [2026-09-21T02:44:22.135+0000] {dagbag.py:541} INFO - Filling up the DagBag from /opt/airflow/dags/2_bash_operator.py
[2026-09-21T02:44:22.143+0000] {processor.py:809} INFO - DAG(s) dict_keys(['2-bashoperator']) retrieved from /opt/airflow/dags/2_bash_operator.py
[2026-09-21T02:44:22.260+0000] {logging_mixin.py:149} INFO - [2026-09-21T02:44:22.259+0000] {dag.py:2726} INFO - Sync 1 DAGs
[2026-09-21T02:44:22.357+0000] {logging_mixin.py:149} INFO - [2026-09-21T02:44:22.356+0000] {dag.py:3490} INFO - Setting next_dagrun for 2-bashoperator to 2026-09-21T00:00:00+00:00, run_after=2026-09-22T00:00:00+00:00
[2026-09-21T02:44:22.420+0000] {processor.py:178} INFO - Processing /opt/airflow/dags/2_bash_operator.py took 0.321 seconds
[2026-09-21T02:44:53.280+0000] {processor.py:156} INFO - Started process (PID=1112) to work on /opt/airflow/dags/2_bash_operator.py
[2026-09-21T02:44:53.283+0000] {processor.py:799} INFO - Processing file /opt/airflow/dags/2_bash_operator.py for tasks to queue
[2026-09-21T02:44:53.284+0000] {logging_mixin.py:149} INFO - [2026-09-21T02:44:53.283+0000] {dagbag.py:541} INFO - Filling up the DagBag from /opt/airflow/dags/2_bash_operator.py
[2026-09-21T02:44:53.289+0000] {processor.py:809} INFO - DAG(s) dict_keys(['2-bashoperator']) retrieved from /opt/airflow/dags/2_bash_operator.py
[2026-09-21T02:44:53.341+0000] {logging_mixin.py:149} INFO - [2026-09-21T02:44:53.340+0000] {dag.py:2726} INFO - Sync 1 DAGs
[2026-09-21T02:44:53.378+0000] {logging_mixin.py:149} INFO - [2026-09-21T02:44:53.378+0000] {dag.py:3490} INFO - Setting next_dagrun for 2-bashoperator to 2026-09-21T00:00:00+00:00, run_after=2026-09-22T00:00:00+00:00
[2026-09-21T02:44:53.399+0000] {processor.py:178} INFO - Processing /opt/airflow/dags/2_bash_operator.py took 0.126 seconds
[2026-09-21T02:45:24.218+0000] {processor.py:156} INFO - Started process (PID=1123) to work on /opt/airflow/dags/2_bash_operator.py
[2026-09-21T02:45:24.221+0000] {processor.py:799} INFO - Processing file /opt/airflow/dags/2_bash_operator.py for tasks to queue
[2026-09-21T02:45:24.222+0000] {logging_mixin.py:149} INFO - [2026-09-21T02:45:24.221+0000] {dagbag.py:541} INFO - Filling up the DagBag from /opt/airflow/dags/2_bash_operator.py
[2026-09-21T02:45:24.228+0000] {processor.py:809} INFO - DAG(s) dict_keys(['2-bashoperator']) retrieved from /opt/airflow/dags/2_bash_operator.py
[2026-09-21T02:45:24.294+0000] {logging_mixin.py:149} INFO - [2026-09-21T02:45:24.294+0000] {dag.py:2726} INFO - Sync 1 DAGs
[2026-09-21T02:45:24.332+0000] {logging_mixin.py:149} INFO - [2026-09-21T02:45:24.331+0000] {dag.py:3490} INFO - Setting next_dagrun for 2-bashoperator to 2026-09-21T00:00:00+00:00, run_after=2026-09-22T00:00:00+00:00
[2026-09-21T02:45:24.369+0000] {processor.py:178} INFO - Processing /opt/airflow/dags/2_bash_operator.py took 0.158 seconds
[2026-09-21T02:45:55.100+0000] {processor.py:156} INFO - Started process (PID=1134) to work on /opt/airflow/dags/2_bash_operator.py
[2026-09-21T02:45:55.105+0000] {processor.py:799} INFO - Processing file /opt/airflow/dags/2_bash_operator.py for tasks to queue
[2026-09-21T02:45:55.106+0000] {logging_mixin.py:149} INFO - [2026-09-21T02:45:55.106+0000] {dagbag.py:541} INFO - Filling up the DagBag from /opt/airflow/dags/2_bash_operator.py
[2026-09-21T02:45:55.118+0000] {processor.py:809} INFO - DAG(s) dict_keys(['2-bashoperator']) retrieved from /opt/airflow/dags/2_bash_operator.py
[2026-09-21T02:45:55.176+0000] {logging_mixin.py:149} INFO - [2026-09-21T02:45:55.176+0000] {dag.py:2726} INFO - Sync 1 DAGs
[2026-09-21T02:45:55.221+0000] {logging_mixin.py:149} INFO - [2026-09-21T02:45:55.220+0000] {dag.py:3490} INFO - Setting next_dagrun for 2-bashoperator to 2026-09-21T00:00:00+00:00, run_after=2026-09-22T00:00:00+00:00
[2026-09-21T02:45:55.260+0000] {processor.py:178} INFO - Processing /opt/airflow/dags/2_bash_operator.py took 0.169 seconds
[2026-09-21T02:46:26.141+0000] {processor.py:156} INFO - Started process (PID=1145) to work on /opt/airflow/dags/2_bash_operator.py
[2026-09-21T02:46:26.144+0000] {processor.py:799} INFO - Processing file /opt/airflow/dags/2_bash_operator.py for tasks to queue
[2026-09-21T02:46:26.145+0000] {logging_mixin.py:149} INFO - [2026-09-21T02:46:26.145+0000] {dagbag.py:541} INFO - Filling up the DagBag from /opt/airflow/dags/2_bash_operator.py
[2026-09-21T02:46:26.153+0000] {processor.py:809} INFO - DAG(s) dict_keys(['2-bashoperator']) retrieved from /opt/airflow/dags/2_bash_operator.py
[2026-09-21T02:46:26.228+0000] {logging_mixin.py:149} INFO - [2026-09-21T02:46:26.228+0000] {dag.py:2726} INFO - Sync 1 DAGs
[2026-09-21T02:46:26.284+0000] {logging_mixin.py:149} INFO - [2026-09-21T02:46:26.284+0000] {dag.py:3490} INFO - Setting next_dagrun for 2-bashoperator to 2026-09-21T00:00:00+00:00, run_after=2026-09-22T00:00:00+00:00
[2026-09-21T02:46:26.318+0000] {processor.py:178} INFO - Processing /opt/airflow/dags/2_bash_operator.py took 0.184 seconds
[2026-09-21T02:46:56.496+0000] {processor.py:156} INFO - Started process (PID=1156) to work on /opt/airflow/dags/2_bash_operator.py
[2026-09-21T02:46:56.505+0000] {processor.py:799} INFO - Processing file /opt/airflow/dags/2_bash_operator.py for tasks to queue
[2026-09-21T02:46:56.511+0000] {logging_mixin.py:149} INFO - [2026-09-21T02:46:56.506+0000] {dagbag.py:541} INFO - Filling up the DagBag from /opt/airflow/dags/2_bash_operator.py
[2026-09-21T02:46:56.525+0000] {processor.py:809} INFO - DAG(s) dict_keys(['2-bashoperator']) retrieved from /opt/airflow/dags/2_bash_operator.py
[2026-09-21T02:46:56.605+0000] {logging_mixin.py:149} INFO - [2026-09-21T02:46:56.605+0000] {dag.py:2726} INFO - Sync 1 DAGs
[2026-09-21T02:46:56.654+0000] {logging_mixin.py:149} INFO - [2026-09-21T02:46:56.654+0000] {dag.py:3490} INFO - Setting next_dagrun for 2-bashoperator to 2026-09-21T00:00:00+00:00, run_after=2026-09-22T00:00:00+00:00
[2026-09-21T02:46:56.685+0000] {processor.py:178} INFO - Processing /opt/airflow/dags/2_bash_operator.py took 0.195 seconds
[2026-09-21T02:47:27.532+0000] {processor.py:156} INFO - Started process (PID=1167) to work on /opt/airflow/dags/2_bash_operator.py
[2026-09-21T02:47:27.534+0000] {processor.py:799} INFO - Processing file /opt/airflow/dags/2_bash_operator.py for tasks to queue
[2026-09-21T02:47:27.535+0000] {logging_mixin.py:149} INFO - [2026-09-21T02:47:27.535+0000] {dagbag.py:541} INFO - Filling up the DagBag from /opt/airflow/dags/2_bash_operator.py
[2026-09-21T02:47:27.542+0000] {processor.py:809} INFO - DAG(s) dict_keys(['2-bashoperator']) retrieved from /opt/airflow/dags/2_bash_operator.py
[2026-09-21T02:47:27.641+0000] {logging_mixin.py:149} INFO - [2026-09-21T02:47:27.640+0000] {dag.py:2726} INFO - Sync 1 DAGs
[2026-09-21T02:47:27.709+0000] {logging_mixin.py:149} INFO - [2026-09-21T02:47:27.708+0000] {dag.py:3490} INFO - Setting next_dagrun for 2-bashoperator to 2026-09-21T00:00:00+00:00, run_after=2026-09-22T00:00:00+00:00
[2026-09-21T02:47:27.750+0000] {processor.py:178} INFO - Processing /opt/airflow/dags/2_bash_operator.py took 0.224 seconds
[2026-09-21T02:47:58.446+0000] {processor.py:156} INFO - Started process (PID=1178) to work on /opt/airflow/dags/2_bash_operator.py
[2026-09-21T02:47:58.450+0000] {processor.py:799} INFO - Processing file /opt/airflow/dags/2_bash_operator.py for tasks to queue
[2026-09-21T02:47:58.451+0000] {logging_mixin.py:149} INFO - [2026-09-21T02:47:58.451+0000] {dagbag.py:541} INFO - Filling up the DagBag from /opt/airflow/dags/2_bash_operator.py
[2026-09-21T02:47:58.460+0000] {processor.py:809} INFO - DAG(s) dict_keys(['2-bashoperator']) retrieved from /opt/airflow/dags/2_bash_operator.py
[2026-09-21T02:47:58.541+0000] {logging_mixin.py:149} INFO - [2026-09-21T02:47:58.541+0000] {dag.py:2726} INFO - Sync 1 DAGs
[2026-09-21T02:47:58.575+0000] {logging_mixin.py:149} INFO - [2026-09-21T02:47:58.575+0000] {dag.py:3490} INFO - Setting next_dagrun for 2-bashoperator to 2026-09-21T00:00:00+00:00, run_after=2026-09-22T00:00:00+00:00
[2026-09-21T02:47:58.618+0000] {processor.py:178} INFO - Processing /opt/airflow/dags/2_bash_operator.py took 0.180 seconds
[2026-09-21T02:48:28.765+0000] {processor.py:156} INFO - Started process (PID=1189) to work on /opt/airflow/dags/2_bash_operator.py
[2026-09-21T02:48:28.771+0000] {processor.py:799} INFO - Processing file /opt/airflow/dags/2_bash_operator.py for tasks to queue
[2026-09-21T02:48:28.773+0000] {logging_mixin.py:149} INFO - [2026-09-21T02:48:28.772+0000] {dagbag.py:541} INFO - Filling up the DagBag from /opt/airflow/dags/2_bash_operator.py
[2026-09-21T02:48:28.787+0000] {processor.py:809} INFO - DAG(s) dict_keys(['2-bashoperator']) retrieved from /opt/airflow/dags/2_bash_operator.py
[2026-09-21T02:48:28.879+0000] {logging_mixin.py:149} INFO - [2026-09-21T02:48:28.879+0000] {dag.py:2726} INFO - Sync 1 DAGs
[2026-09-21T02:48:28.938+0000] {logging_mixin.py:149} INFO - [2026-09-21T02:48:28.938+0000] {dag.py:3490} INFO - Setting next_dagrun for 2-bashoperator to 2026-09-21T00:00:00+00:00, run_after=2026-09-22T00:00:00+00:00
[2026-09-21T02:48:28.971+0000] {processor.py:178} INFO - Processing /opt/airflow/dags/2_bash_operator.py took 0.213 seconds
[2026-09-21T02:48:59.784+0000] {processor.py:156} INFO - Started process (PID=1200) to work on /opt/airflow/dags/2_bash_operator.py
[2026-09-21T02:48:59.786+0000] {processor.py:799} INFO - Processing file /opt/airflow/dags/2_bash_operator.py for tasks to queue
[2026-09-21T02:48:59.787+0000] {logging_mixin.py:149} INFO - [2026-09-21T02:48:59.787+0000] {dagbag.py:541} INFO - Filling up the DagBag from /opt/airflow/dags/2_bash_operator.py
[2026-09-21T02:48:59.798+0000] {processor.py:809} INFO - DAG(s) dict_keys(['2-bashoperator']) retrieved from /opt/airflow/dags/2_bash_operator.py
[2026-09-21T02:48:59.893+0000] {logging_mixin.py:149} INFO - [2026-09-21T02:48:59.892+0000] {dag.py:2726} INFO - Sync 1 DAGs
[2026-09-21T02:48:59.937+0000] {logging_mixin.py:149} INFO - [2026-09-21T02:48:59.937+0000] {dag.py:3490} INFO - Setting next_dagrun for 2-bashoperator to 2026-09-21T00:00:00+00:00, run_after=2026-09-22T00:00:00+00:00
[2026-09-21T02:48:59.977+0000] {processor.py:178} INFO - Processing /opt/airflow/dags/2_bash_operator.py took 0.200 seconds
[2026-09-21T02:49:30.370+0000] {processor.py:156} INFO - Started process (PID=1211) to work on /opt/airflow/dags/2_bash_operator.py
[2026-09-21T02:49:30.375+0000] {processor.py:799} INFO - Processing file /opt/airflow/dags/2_bash_operator.py for tasks to queue
[2026-09-21T02:49:30.376+0000] {logging_mixin.py:149} INFO - [2026-09-21T02:49:30.375+0000] {dagbag.py:541} INFO - Filling up the DagBag from /opt/airflow/dags/2_bash_operator.py
[2026-09-21T02:49:30.389+0000] {processor.py:809} INFO - DAG(s) dict_keys(['2-bashoperator']) retrieved from /opt/airflow/dags/2_bash_operator.py
[2026-09-21T02:49:30.454+0000] {logging_mixin.py:149} INFO - [2026-09-21T02:49:30.454+0000] {dag.py:2726} INFO - Sync 1 DAGs
[2026-09-21T02:49:30.487+0000] {logging_mixin.py:149} INFO - [2026-09-21T02:49:30.487+0000] {dag.py:3490} INFO - Setting next_dagrun for 2-bashoperator to 2026-09-21T00:00:00+00:00, run_after=2026-09-22T00:00:00+00:00
[2026-09-21T02:49:30.519+0000] {processor.py:178} INFO - Processing /opt/airflow/dags/2_bash_operator.py took 0.155 seconds
[2026-09-21T02:50:01.732+0000] {processor.py:156} INFO - Started process (PID=1222) to work on /opt/airflow/dags/2_bash_operator.py
[2026-09-21T02:50:01.738+0000] {processor.py:799} INFO - Processing file /opt/airflow/dags/2_bash_operator.py for tasks to queue
[2026-09-21T02:50:01.739+0000] {logging_mixin.py:149} INFO - [2026-09-21T02:50:01.739+0000] {dagbag.py:541} INFO - Filling up the DagBag from /opt/airflow/dags/2_bash_operator.py
[2026-09-21T02:50:01.759+0000] {processor.py:809} INFO - DAG(s) dict_keys(['2-bashoperator']) retrieved from /opt/airflow/dags/2_bash_operator.py
[2026-09-21T02:50:01.821+0000] {logging_mixin.py:149} INFO - [2026-09-21T02:50:01.820+0000] {dag.py:2726} INFO - Sync 1 DAGs
[2026-09-21T02:50:01.862+0000] {logging_mixin.py:149} INFO - [2026-09-21T02:50:01.861+0000] {dag.py:3490} INFO - Setting next_dagrun for 2-bashoperator to 2026-09-21T00:00:00+00:00, run_after=2026-09-22T00:00:00+00:00
[2026-09-21T02:50:01.913+0000] {processor.py:178} INFO - Processing /opt/airflow/dags/2_bash_operator.py took 0.186 seconds
[2026-09-21T02:50:32.031+0000] {processor.py:156} INFO - Started process (PID=1233) to work on /opt/airflow/dags/2_bash_operator.py
[2026-09-21T02:50:32.035+0000] {processor.py:799} INFO - Processing file /opt/airflow/dags/2_bash_operator.py for tasks to queue
[2026-09-21T02:50:32.037+0000] {logging_mixin.py:149} INFO - [2026-09-21T02:50:32.036+0000] {dagbag.py:541} INFO - Filling up the DagBag from /opt/airflow/dags/2_bash_operator.py
[2026-09-21T02:50:32.050+0000] {processor.py:809} INFO - DAG(s) dict_keys(['2-bashoperator']) retrieved from /opt/airflow/dags/2_bash_operator.py
[2026-09-21T02:50:32.124+0000] {logging_mixin.py:149} INFO - [2026-09-21T02:50:32.123+0000] {dag.py:2726} INFO - Sync 1 DAGs
[2026-09-21T02:50:32.178+0000] {logging_mixin.py:149} INFO - [2026-09-21T02:50:32.178+0000] {dag.py:3490} INFO - Setting next_dagrun for 2-bashoperator to 2026-09-21T00:00:00+00:00, run_after=2026-09-22T00:00:00+00:00
[2026-09-21T02:50:32.219+0000] {processor.py:178} INFO - Processing /opt/airflow/dags/2_bash_operator.py took 0.198 seconds
[2026-09-21T02:51:02.296+0000] {processor.py:156} INFO - Started process (PID=1244) to work on /opt/airflow/dags/2_bash_operator.py
[2026-09-21T02:51:02.299+0000] {processor.py:799} INFO - Processing file /opt/airflow/dags/2_bash_operator.py for tasks to queue
[2026-09-21T02:51:02.302+0000] {logging_mixin.py:149} INFO - [2026-09-21T02:51:02.301+0000] {dagbag.py:541} INFO - Filling up the DagBag from /opt/airflow/dags/2_bash_operator.py
[2026-09-21T02:51:02.319+0000] {processor.py:809} INFO - DAG(s) dict_keys(['2-bashoperator']) retrieved from /opt/airflow/dags/2_bash_operator.py
[2026-09-21T02:51:02.403+0000] {logging_mixin.py:149} INFO - [2026-09-21T02:51:02.403+0000] {dag.py:2726} INFO - Sync 1 DAGs
[2026-09-21T02:51:02.447+0000] {logging_mixin.py:149} INFO - [2026-09-21T02:51:02.447+0000] {dag.py:3490} INFO - Setting next_dagrun for 2-bashoperator to 2026-09-21T00:00:00+00:00, run_after=2026-09-22T00:00:00+00:00
[2026-09-21T02:51:02.481+0000] {processor.py:178} INFO - Processing /opt/airflow/dags/2_bash_operator.py took 0.205 seconds
[2026-09-21T02:51:33.202+0000] {processor.py:156} INFO - Started process (PID=1255) to work on /opt/airflow/dags/2_bash_operator.py
[2026-09-21T02:51:33.208+0000] {processor.py:799} INFO - Processing file /opt/airflow/dags/2_bash_operator.py for tasks to queue
[2026-09-21T02:51:33.209+0000] {logging_mixin.py:149} INFO - [2026-09-21T02:51:33.208+0000] {dagbag.py:541} INFO - Filling up the DagBag from /opt/airflow/dags/2_bash_operator.py
[2026-09-21T02:51:33.231+0000] {processor.py:809} INFO - DAG(s) dict_keys(['2-bashoperator']) retrieved from /opt/airflow/dags/2_bash_operator.py
[2026-09-21T02:51:33.330+0000] {logging_mixin.py:149} INFO - [2026-09-21T02:51:33.330+0000] {dag.py:2726} INFO - Sync 1 DAGs
[2026-09-21T02:51:33.402+0000] {logging_mixin.py:149} INFO - [2026-09-21T02:51:33.401+0000] {dag.py:3490} INFO - Setting next_dagrun for 2-bashoperator to 2026-09-21T00:00:00+00:00, run_after=2026-09-22T00:00:00+00:00
[2026-09-21T02:51:33.438+0000] {processor.py:178} INFO - Processing /opt/airflow/dags/2_bash_operator.py took 0.250 seconds
[2026-09-21T02:52:04.273+0000] {processor.py:156} INFO - Started process (PID=1266) to work on /opt/airflow/dags/2_bash_operator.py
[2026-09-21T02:52:04.278+0000] {processor.py:799} INFO - Processing file /opt/airflow/dags/2_bash_operator.py for tasks to queue
[2026-09-21T02:52:04.279+0000] {logging_mixin.py:149} INFO - [2026-09-21T02:52:04.278+0000] {dagbag.py:541} INFO - Filling up the DagBag from /opt/airflow/dags/2_bash_operator.py
[2026-09-21T02:52:04.289+0000] {processor.py:809} INFO - DAG(s) dict_keys(['2-bashoperator']) retrieved from /opt/airflow/dags/2_bash_operator.py
[2026-09-21T02:52:04.339+0000] {logging_mixin.py:149} INFO - [2026-09-21T02:52:04.339+0000] {dag.py:2726} INFO - Sync 1 DAGs
[2026-09-21T02:52:04.375+0000] {logging_mixin.py:149} INFO - [2026-09-21T02:52:04.374+0000] {dag.py:3490} INFO - Setting next_dagrun for 2-bashoperator to 2026-09-21T00:00:00+00:00, run_after=2026-09-22T00:00:00+00:00
[2026-09-21T02:52:04.405+0000] {processor.py:178} INFO - Processing /opt/airflow/dags/2_bash_operator.py took 0.139 seconds
[2026-09-21T02:52:35.069+0000] {processor.py:156} INFO - Started process (PID=1277) to work on /opt/airflow/dags/2_bash_operator.py
[2026-09-21T02:52:35.071+0000] {processor.py:799} INFO - Processing file /opt/airflow/dags/2_bash_operator.py for tasks to queue
[2026-09-21T02:52:35.072+0000] {logging_mixin.py:149} INFO - [2026-09-21T02:52:35.072+0000] {dagbag.py:541} INFO - Filling up the DagBag from /opt/airflow/dags/2_bash_operator.py
[2026-09-21T02:52:35.080+0000] {processor.py:809} INFO - DAG(s) dict_keys(['2-bashoperator']) retrieved from /opt/airflow/dags/2_bash_operator.py
[2026-09-21T02:52:35.125+0000] {logging_mixin.py:149} INFO - [2026-09-21T02:52:35.125+0000] {dag.py:2726} INFO - Sync 1 DAGs
[2026-09-21T02:52:35.162+0000] {logging_mixin.py:149} INFO - [2026-09-21T02:52:35.161+0000] {dag.py:3490} INFO - Setting next_dagrun for 2-bashoperator to 2026-09-21T00:00:00+00:00, run_after=2026-09-22T00:00:00+00:00
[2026-09-21T02:52:35.184+0000] {processor.py:178} INFO - Processing /opt/airflow/dags/2_bash_operator.py took 0.121 seconds
[2026-09-21T02:53:05.905+0000] {processor.py:156} INFO - Started process (PID=1288) to work on /opt/airflow/dags/2_bash_operator.py
[2026-09-21T02:53:05.907+0000] {processor.py:799} INFO - Processing file /opt/airflow/dags/2_bash_operator.py for tasks to queue
[2026-09-21T02:53:05.908+0000] {logging_mixin.py:149} INFO - [2026-09-21T02:53:05.908+0000] {dagbag.py:541} INFO - Filling up the DagBag from /opt/airflow/dags/2_bash_operator.py
[2026-09-21T02:53:05.917+0000] {processor.py:809} INFO - DAG(s) dict_keys(['2-bashoperator']) retrieved from /opt/airflow/dags/2_bash_operator.py
[2026-09-21T02:53:05.965+0000] {logging_mixin.py:149} INFO - [2026-09-21T02:53:05.965+0000] {dag.py:2726} INFO - Sync 1 DAGs
[2026-09-21T02:53:06.006+0000] {logging_mixin.py:149} INFO - [2026-09-21T02:53:06.006+0000] {dag.py:3490} INFO - Setting next_dagrun for 2-bashoperator to 2026-09-21T00:00:00+00:00, run_after=2026-09-22T00:00:00+00:00
[2026-09-21T02:53:06.043+0000] {processor.py:178} INFO - Processing /opt/airflow/dags/2_bash_operator.py took 0.144 seconds
[2026-09-21T02:53:36.992+0000] {processor.py:156} INFO - Started process (PID=1299) to work on /opt/airflow/dags/2_bash_operator.py
[2026-09-21T02:53:36.994+0000] {processor.py:799} INFO - Processing file /opt/airflow/dags/2_bash_operator.py for tasks to queue
[2026-09-21T02:53:36.995+0000] {logging_mixin.py:149} INFO - [2026-09-21T02:53:36.995+0000] {dagbag.py:541} INFO - Filling up the DagBag from /opt/airflow/dags/2_bash_operator.py
[2026-09-21T02:53:37.004+0000] {processor.py:809} INFO - DAG(s) dict_keys(['2-bashoperator']) retrieved from /opt/airflow/dags/2_bash_operator.py
[2026-09-21T02:53:37.055+0000] {logging_mixin.py:149} INFO - [2026-09-21T02:53:37.054+0000] {dag.py:2726} INFO - Sync 1 DAGs
[2026-09-21T02:53:37.092+0000] {logging_mixin.py:149} INFO - [2026-09-21T02:53:37.092+0000] {dag.py:3490} INFO - Setting next_dagrun for 2-bashoperator to 2026-09-21T00:00:00+00:00, run_after=2026-09-22T00:00:00+00:00
[2026-09-21T02:53:37.127+0000] {processor.py:178} INFO - Processing /opt/airflow/dags/2_bash_operator.py took 0.141 seconds
[2026-09-21T02:54:08.006+0000] {processor.py:156} INFO - Started process (PID=1310) to work on /opt/airflow/dags/2_bash_operator.py
[2026-09-21T02:54:08.009+0000] {processor.py:799} INFO - Processing file /opt/airflow/dags/2_bash_operator.py for tasks to queue
[2026-09-21T02:54:08.011+0000] {logging_mixin.py:149} INFO - [2026-09-21T02:54:08.010+0000] {dagbag.py:541} INFO - Filling up the DagBag from /opt/airflow/dags/2_bash_operator.py
[2026-09-21T02:54:08.022+0000] {processor.py:809} INFO - DAG(s) dict_keys(['2-bashoperator']) retrieved from /opt/airflow/dags/2_bash_operator.py
[2026-09-21T02:54:08.072+0000] {logging_mixin.py:149} INFO - [2026-09-21T02:54:08.071+0000] {dag.py:2726} INFO - Sync 1 DAGs
[2026-09-21T02:54:08.108+0000] {logging_mixin.py:149} INFO - [2026-09-21T02:54:08.107+0000] {dag.py:3490} INFO - Setting next_dagrun for 2-bashoperator to 2026-09-21T00:00:00+00:00, run_after=2026-09-22T00:00:00+00:00
[2026-09-21T02:54:08.138+0000] {processor.py:178} INFO - Processing /opt/airflow/dags/2_bash_operator.py took 0.140 seconds
[2026-09-21T02:54:38.961+0000] {processor.py:156} INFO - Started process (PID=1321) to work on /opt/airflow/dags/2_bash_operator.py
[2026-09-21T02:54:38.963+0000] {processor.py:799} INFO - Processing file /opt/airflow/dags/2_bash_operator.py for tasks to queue
[2026-09-21T02:54:38.964+0000] {logging_mixin.py:149} INFO - [2026-09-21T02:54:38.964+0000] {dagbag.py:541} INFO - Filling up the DagBag from /opt/airflow/dags/2_bash_operator.py
[2026-09-21T02:54:38.972+0000] {processor.py:809} INFO - DAG(s) dict_keys(['2-bashoperator']) retrieved from /opt/airflow/dags/2_bash_operator.py
[2026-09-21T02:54:39.035+0000] {logging_mixin.py:149} INFO - [2026-09-21T02:54:39.035+0000] {dag.py:2726} INFO - Sync 1 DAGs
[2026-09-21T02:54:39.070+0000] {logging_mixin.py:149} INFO - [2026-09-21T02:54:39.069+0000] {dag.py:3490} INFO - Setting next_dagrun for 2-bashoperator to 2026-09-21T00:00:00+00:00, run_after=2026-09-22T00:00:00+00:00
[2026-09-21T02:54:39.096+0000] {processor.py:178} INFO - Processing /opt/airflow/dags/2_bash_operator.py took 0.141 seconds
[2026-09-21T02:55:10.043+0000] {processor.py:156} INFO - Started process (PID=1332) to work on /opt/airflow/dags/2_bash_operator.py
[2026-09-21T02:55:10.046+0000] {processor.py:799} INFO - Processing file /opt/airflow/dags/2_bash_operator.py for tasks to queue
[2026-09-21T02:55:10.047+0000] {logging_mixin.py:149} INFO - [2026-09-21T02:55:10.047+0000] {dagbag.py:541} INFO - Filling up the DagBag from /opt/airflow/dags/2_bash_operator.py
[2026-09-21T02:55:10.057+0000] {processor.py:809} INFO - DAG(s) dict_keys(['2-bashoperator']) retrieved from /opt/airflow/dags/2_bash_operator.py
[2026-09-21T02:55:10.124+0000] {logging_mixin.py:149} INFO - [2026-09-21T02:55:10.123+0000] {dag.py:2726} INFO - Sync 1 DAGs
[2026-09-21T02:55:10.181+0000] {logging_mixin.py:149} INFO - [2026-09-21T02:55:10.181+0000] {dag.py:3490} INFO - Setting next_dagrun for 2-bashoperator to 2026-09-21T00:00:00+00:00, run_after=2026-09-22T00:00:00+00:00
[2026-09-21T02:55:10.213+0000] {processor.py:178} INFO - Processing /opt/airflow/dags/2_bash_operator.py took 0.182 seconds
[2026-09-21T02:55:41.056+0000] {processor.py:156} INFO - Started process (PID=1343) to work on /opt/airflow/dags/2_bash_operator.py
[2026-09-21T02:55:41.058+0000] {processor.py:799} INFO - Processing file /opt/airflow/dags/2_bash_operator.py for tasks to queue
[2026-09-21T02:55:41.059+0000] {logging_mixin.py:149} INFO - [2026-09-21T02:55:41.059+0000] {dagbag.py:541} INFO - Filling up the DagBag from /opt/airflow/dags/2_bash_operator.py
[2026-09-21T02:55:41.073+0000] {processor.py:809} INFO - DAG(s) dict_keys(['2-bashoperator']) retrieved from /opt/airflow/dags/2_bash_operator.py
[2026-09-21T02:55:41.130+0000] {logging_mixin.py:149} INFO - [2026-09-21T02:55:41.130+0000] {dag.py:2726} INFO - Sync 1 DAGs
[2026-09-21T02:55:41.175+0000] {logging_mixin.py:149} INFO - [2026-09-21T02:55:41.175+0000] {dag.py:3490} INFO - Setting next_dagrun for 2-bashoperator to 2026-09-21T00:00:00+00:00, run_after=2026-09-22T00:00:00+00:00
[2026-09-21T02:55:41.201+0000] {processor.py:178} INFO - Processing /opt/airflow/dags/2_bash_operator.py took 0.149 seconds
[2026-09-21T02:56:12.275+0000] {processor.py:156} INFO - Started process (PID=1354) to work on /opt/airflow/dags/2_bash_operator.py
[2026-09-21T02:56:12.280+0000] {processor.py:799} INFO - Processing file /opt/airflow/dags/2_bash_operator.py for tasks to queue
[2026-09-21T02:56:12.281+0000] {logging_mixin.py:149} INFO - [2026-09-21T02:56:12.281+0000] {dagbag.py:541} INFO - Filling up the DagBag from /opt/airflow/dags/2_bash_operator.py
[2026-09-21T02:56:12.292+0000] {processor.py:809} INFO - DAG(s) dict_keys(['2-bashoperator']) retrieved from /opt/airflow/dags/2_bash_operator.py
[2026-09-21T02:56:12.351+0000] {logging_mixin.py:149} INFO - [2026-09-21T02:56:12.350+0000] {dag.py:2726} INFO - Sync 1 DAGs
[2026-09-21T02:56:12.392+0000] {logging_mixin.py:149} INFO - [2026-09-21T02:56:12.392+0000] {dag.py:3490} INFO - Setting next_dagrun for 2-bashoperator to 2026-09-21T00:00:00+00:00, run_after=2026-09-22T00:00:00+00:00
[2026-09-21T02:56:12.420+0000] {processor.py:178} INFO - Processing /opt/airflow/dags/2_bash_operator.py took 0.152 seconds
[2026-09-21T02:56:42.566+0000] {processor.py:156} INFO - Started process (PID=1365) to work on /opt/airflow/dags/2_bash_operator.py
[2026-09-21T02:56:42.569+0000] {processor.py:799} INFO - Processing file /opt/airflow/dags/2_bash_operator.py for tasks to queue
[2026-09-21T02:56:42.570+0000] {logging_mixin.py:149} INFO - [2026-09-21T02:56:42.569+0000] {dagbag.py:541} INFO - Filling up the DagBag from /opt/airflow/dags/2_bash_operator.py
[2026-09-21T02:56:42.578+0000] {processor.py:809} INFO - DAG(s) dict_keys(['2-bashoperator']) retrieved from /opt/airflow/dags/2_bash_operator.py
[2026-09-21T02:56:42.630+0000] {logging_mixin.py:149} INFO - [2026-09-21T02:56:42.630+0000] {dag.py:2726} INFO - Sync 1 DAGs
[2026-09-21T02:56:42.685+0000] {logging_mixin.py:149} INFO - [2026-09-21T02:56:42.685+0000] {dag.py:3490} INFO - Setting next_dagrun for 2-bashoperator to 2026-09-21T00:00:00+00:00, run_after=2026-09-22T00:00:00+00:00
[2026-09-21T02:56:42.723+0000] {processor.py:178} INFO - Processing /opt/airflow/dags/2_bash_operator.py took 0.163 seconds
[2026-09-21T02:57:12.772+0000] {processor.py:156} INFO - Started process (PID=1376) to work on /opt/airflow/dags/2_bash_operator.py
[2026-09-21T02:57:12.774+0000] {processor.py:799} INFO - Processing file /opt/airflow/dags/2_bash_operator.py for tasks to queue
[2026-09-21T02:57:12.777+0000] {logging_mixin.py:149} INFO - [2026-09-21T02:57:12.777+0000] {dagbag.py:541} INFO - Filling up the DagBag from /opt/airflow/dags/2_bash_operator.py
[2026-09-21T02:57:12.785+0000] {processor.py:809} INFO - DAG(s) dict_keys(['2-bashoperator']) retrieved from /opt/airflow/dags/2_bash_operator.py
[2026-09-21T02:57:12.842+0000] {logging_mixin.py:149} INFO - [2026-09-21T02:57:12.842+0000] {dag.py:2726} INFO - Sync 1 DAGs
[2026-09-21T02:57:12.888+0000] {logging_mixin.py:149} INFO - [2026-09-21T02:57:12.888+0000] {dag.py:3490} INFO - Setting next_dagrun for 2-bashoperator to 2026-09-21T00:00:00+00:00, run_after=2026-09-22T00:00:00+00:00
[2026-09-21T02:57:12.920+0000] {processor.py:178} INFO - Processing /opt/airflow/dags/2_bash_operator.py took 0.154 seconds
[2026-09-21T02:57:43.097+0000] {processor.py:156} INFO - Started process (PID=1387) to work on /opt/airflow/dags/2_bash_operator.py
[2026-09-21T02:57:43.099+0000] {processor.py:799} INFO - Processing file /opt/airflow/dags/2_bash_operator.py for tasks to queue
[2026-09-21T02:57:43.100+0000] {logging_mixin.py:149} INFO - [2026-09-21T02:57:43.100+0000] {dagbag.py:541} INFO - Filling up the DagBag from /opt/airflow/dags/2_bash_operator.py
[2026-09-21T02:57:43.109+0000] {processor.py:809} INFO - DAG(s) dict_keys(['2-bashoperator']) retrieved from /opt/airflow/dags/2_bash_operator.py
[2026-09-21T02:57:43.169+0000] {logging_mixin.py:149} INFO - [2026-09-21T02:57:43.168+0000] {dag.py:2726} INFO - Sync 1 DAGs
[2026-09-21T02:57:43.214+0000] {logging_mixin.py:149} INFO - [2026-09-21T02:57:43.214+0000] {dag.py:3490} INFO - Setting next_dagrun for 2-bashoperator to 2026-09-21T00:00:00+00:00, run_after=2026-09-22T00:00:00+00:00
[2026-09-21T02:57:43.273+0000] {processor.py:178} INFO - Processing /opt/airflow/dags/2_bash_operator.py took 0.182 seconds
[2026-09-21T02:58:13.411+0000] {processor.py:156} INFO - Started process (PID=1398) to work on /opt/airflow/dags/2_bash_operator.py
[2026-09-21T02:58:13.419+0000] {processor.py:799} INFO - Processing file /opt/airflow/dags/2_bash_operator.py for tasks to queue
[2026-09-21T02:58:13.421+0000] {logging_mixin.py:149} INFO - [2026-09-21T02:58:13.420+0000] {dagbag.py:541} INFO - Filling up the DagBag from /opt/airflow/dags/2_bash_operator.py
[2026-09-21T02:58:13.435+0000] {processor.py:809} INFO - DAG(s) dict_keys(['2-bashoperator']) retrieved from /opt/airflow/dags/2_bash_operator.py
[2026-09-21T02:58:13.489+0000] {logging_mixin.py:149} INFO - [2026-09-21T02:58:13.489+0000] {dag.py:2726} INFO - Sync 1 DAGs
[2026-09-21T02:58:13.537+0000] {logging_mixin.py:149} INFO - [2026-09-21T02:58:13.536+0000] {dag.py:3490} INFO - Setting next_dagrun for 2-bashoperator to 2026-09-21T00:00:00+00:00, run_after=2026-09-22T00:00:00+00:00
[2026-09-21T02:58:13.583+0000] {processor.py:178} INFO - Processing /opt/airflow/dags/2_bash_operator.py took 0.184 seconds
[2026-09-21T02:58:44.398+0000] {processor.py:156} INFO - Started process (PID=1409) to work on /opt/airflow/dags/2_bash_operator.py
[2026-09-21T02:58:44.401+0000] {processor.py:799} INFO - Processing file /opt/airflow/dags/2_bash_operator.py for tasks to queue
[2026-09-21T02:58:44.402+0000] {logging_mixin.py:149} INFO - [2026-09-21T02:58:44.401+0000] {dagbag.py:541} INFO - Filling up the DagBag from /opt/airflow/dags/2_bash_operator.py
[2026-09-21T02:58:44.408+0000] {processor.py:809} INFO - DAG(s) dict_keys(['2-bashoperator']) retrieved from /opt/airflow/dags/2_bash_operator.py
[2026-09-21T02:58:44.449+0000] {logging_mixin.py:149} INFO - [2026-09-21T02:58:44.449+0000] {dag.py:2726} INFO - Sync 1 DAGs
[2026-09-21T02:58:44.479+0000] {logging_mixin.py:149} INFO - [2026-09-21T02:58:44.479+0000] {dag.py:3490} INFO - Setting next_dagrun for 2-bashoperator to 2026-09-21T00:00:00+00:00, run_after=2026-09-22T00:00:00+00:00
[2026-09-21T02:58:44.500+0000] {processor.py:178} INFO - Processing /opt/airflow/dags/2_bash_operator.py took 0.108 seconds
[2026-09-21T02:59:15.453+0000] {processor.py:156} INFO - Started process (PID=1420) to work on /opt/airflow/dags/2_bash_operator.py
[2026-09-21T02:59:15.458+0000] {processor.py:799} INFO - Processing file /opt/airflow/dags/2_bash_operator.py for tasks to queue
[2026-09-21T02:59:15.461+0000] {logging_mixin.py:149} INFO - [2026-09-21T02:59:15.461+0000] {dagbag.py:541} INFO - Filling up the DagBag from /opt/airflow/dags/2_bash_operator.py
[2026-09-21T02:59:15.470+0000] {processor.py:809} INFO - DAG(s) dict_keys(['2-bashoperator']) retrieved from /opt/airflow/dags/2_bash_operator.py
[2026-09-21T02:59:15.549+0000] {logging_mixin.py:149} INFO - [2026-09-21T02:59:15.549+0000] {dag.py:2726} INFO - Sync 1 DAGs
[2026-09-21T02:59:15.593+0000] {logging_mixin.py:149} INFO - [2026-09-21T02:59:15.593+0000] {dag.py:3490} INFO - Setting next_dagrun for 2-bashoperator to 2026-09-21T00:00:00+00:00, run_after=2026-09-22T00:00:00+00:00
[2026-09-21T02:59:15.628+0000] {processor.py:178} INFO - Processing /opt/airflow/dags/2_bash_operator.py took 0.182 seconds
[2026-09-21T02:59:46.517+0000] {processor.py:156} INFO - Started process (PID=1431) to work on /opt/airflow/dags/2_bash_operator.py
[2026-09-21T02:59:46.520+0000] {processor.py:799} INFO - Processing file /opt/airflow/dags/2_bash_operator.py for tasks to queue
[2026-09-21T02:59:46.521+0000] {logging_mixin.py:149} INFO - [2026-09-21T02:59:46.521+0000] {dagbag.py:541} INFO - Filling up the DagBag from /opt/airflow/dags/2_bash_operator.py
[2026-09-21T02:59:46.529+0000] {processor.py:809} INFO - DAG(s) dict_keys(['2-bashoperator']) retrieved from /opt/airflow/dags/2_bash_operator.py
[2026-09-21T02:59:46.626+0000] {logging_mixin.py:149} INFO - [2026-09-21T02:59:46.626+0000] {dag.py:2726} INFO - Sync 1 DAGs
[2026-09-21T02:59:46.672+0000] {logging_mixin.py:149} INFO - [2026-09-21T02:59:46.672+0000] {dag.py:3490} INFO - Setting next_dagrun for 2-bashoperator to 2026-09-21T00:00:00+00:00, run_after=2026-09-22T00:00:00+00:00
[2026-09-21T02:59:46.733+0000] {processor.py:178} INFO - Processing /opt/airflow/dags/2_bash_operator.py took 0.224 seconds
[2026-09-21T03:00:17.454+0000] {processor.py:156} INFO - Started process (PID=1442) to work on /opt/airflow/dags/2_bash_operator.py
[2026-09-21T03:00:17.456+0000] {processor.py:799} INFO - Processing file /opt/airflow/dags/2_bash_operator.py for tasks to queue
[2026-09-21T03:00:17.457+0000] {logging_mixin.py:149} INFO - [2026-09-21T03:00:17.456+0000] {dagbag.py:541} INFO - Filling up the DagBag from /opt/airflow/dags/2_bash_operator.py
[2026-09-21T03:00:17.462+0000] {processor.py:809} INFO - DAG(s) dict_keys(['2-bashoperator']) retrieved from /opt/airflow/dags/2_bash_operator.py
[2026-09-21T03:00:17.501+0000] {logging_mixin.py:149} INFO - [2026-09-21T03:00:17.501+0000] {dag.py:2726} INFO - Sync 1 DAGs
[2026-09-21T03:00:17.529+0000] {logging_mixin.py:149} INFO - [2026-09-21T03:00:17.529+0000] {dag.py:3490} INFO - Setting next_dagrun for 2-bashoperator to 2026-09-21T00:00:00+00:00, run_after=2026-09-22T00:00:00+00:00
[2026-09-21T03:00:17.562+0000] {processor.py:178} INFO - Processing /opt/airflow/dags/2_bash_operator.py took 0.114 seconds
[2026-09-21T03:00:48.377+0000] {processor.py:156} INFO - Started process (PID=1453) to work on /opt/airflow/dags/2_bash_operator.py
[2026-09-21T03:00:48.379+0000] {processor.py:799} INFO - Processing file /opt/airflow/dags/2_bash_operator.py for tasks to queue
[2026-09-21T03:00:48.380+0000] {logging_mixin.py:149} INFO - [2026-09-21T03:00:48.380+0000] {dagbag.py:541} INFO - Filling up the DagBag from /opt/airflow/dags/2_bash_operator.py
[2026-09-21T03:00:48.387+0000] {processor.py:809} INFO - DAG(s) dict_keys(['2-bashoperator']) retrieved from /opt/airflow/dags/2_bash_operator.py
[2026-09-21T03:00:48.427+0000] {logging_mixin.py:149} INFO - [2026-09-21T03:00:48.427+0000] {dag.py:2726} INFO - Sync 1 DAGs
[2026-09-21T03:00:48.458+0000] {logging_mixin.py:149} INFO - [2026-09-21T03:00:48.458+0000] {dag.py:3490} INFO - Setting next_dagrun for 2-bashoperator to 2026-09-21T00:00:00+00:00, run_after=2026-09-22T00:00:00+00:00
[2026-09-21T03:00:48.479+0000] {processor.py:178} INFO - Processing /opt/airflow/dags/2_bash_operator.py took 0.108 seconds
[2026-09-21T03:01:19.343+0000] {processor.py:156} INFO - Started process (PID=1464) to work on /opt/airflow/dags/2_bash_operator.py
[2026-09-21T03:01:19.346+0000] {processor.py:799} INFO - Processing file /opt/airflow/dags/2_bash_operator.py for tasks to queue
[2026-09-21T03:01:19.347+0000] {logging_mixin.py:149} INFO - [2026-09-21T03:01:19.347+0000] {dagbag.py:541} INFO - Filling up the DagBag from /opt/airflow/dags/2_bash_operator.py
[2026-09-21T03:01:19.356+0000] {processor.py:809} INFO - DAG(s) dict_keys(['2-bashoperator']) retrieved from /opt/airflow/dags/2_bash_operator.py
[2026-09-21T03:01:19.454+0000] {logging_mixin.py:149} INFO - [2026-09-21T03:01:19.454+0000] {dag.py:2726} INFO - Sync 1 DAGs
[2026-09-21T03:01:19.494+0000] {logging_mixin.py:149} INFO - [2026-09-21T03:01:19.494+0000] {dag.py:3490} INFO - Setting next_dagrun for 2-bashoperator to 2026-09-21T00:00:00+00:00, run_after=2026-09-22T00:00:00+00:00
[2026-09-21T03:01:19.536+0000] {processor.py:178} INFO - Processing /opt/airflow/dags/2_bash_operator.py took 0.201 seconds
[2026-09-21T03:01:49.733+0000] {processor.py:156} INFO - Started process (PID=1475) to work on /opt/airflow/dags/2_bash_operator.py
[2026-09-21T03:01:49.738+0000] {processor.py:799} INFO - Processing file /opt/airflow/dags/2_bash_operator.py for tasks to queue
[2026-09-21T03:01:49.739+0000] {logging_mixin.py:149} INFO - [2026-09-21T03:01:49.739+0000] {dagbag.py:541} INFO - Filling up the DagBag from /opt/airflow/dags/2_bash_operator.py
[2026-09-21T03:01:49.746+0000] {processor.py:809} INFO - DAG(s) dict_keys(['2-bashoperator']) retrieved from /opt/airflow/dags/2_bash_operator.py
[2026-09-21T03:01:49.795+0000] {logging_mixin.py:149} INFO - [2026-09-21T03:01:49.794+0000] {dag.py:2726} INFO - Sync 1 DAGs
[2026-09-21T03:01:49.844+0000] {logging_mixin.py:149} INFO - [2026-09-21T03:01:49.843+0000] {dag.py:3490} INFO - Setting next_dagrun for 2-bashoperator to 2026-09-21T00:00:00+00:00, run_after=2026-09-22T00:00:00+00:00
[2026-09-21T03:01:49.901+0000] {processor.py:178} INFO - Processing /opt/airflow/dags/2_bash_operator.py took 0.182 seconds
[2026-09-21T03:02:20.750+0000] {processor.py:156} INFO - Started process (PID=1486) to work on /opt/airflow/dags/2_bash_operator.py
[2026-09-21T03:02:20.752+0000] {processor.py:799} INFO - Processing file /opt/airflow/dags/2_bash_operator.py for tasks to queue
[2026-09-21T03:02:20.753+0000] {logging_mixin.py:149} INFO - [2026-09-21T03:02:20.753+0000] {dagbag.py:541} INFO - Filling up the DagBag from /opt/airflow/dags/2_bash_operator.py
[2026-09-21T03:02:20.760+0000] {processor.py:809} INFO - DAG(s) dict_keys(['2-bashoperator']) retrieved from /opt/airflow/dags/2_bash_operator.py
[2026-09-21T03:02:20.818+0000] {logging_mixin.py:149} INFO - [2026-09-21T03:02:20.818+0000] {dag.py:2726} INFO - Sync 1 DAGs
[2026-09-21T03:02:20.855+0000] {logging_mixin.py:149} INFO - [2026-09-21T03:02:20.855+0000] {dag.py:3490} INFO - Setting next_dagrun for 2-bashoperator to 2026-09-21T00:00:00+00:00, run_after=2026-09-22T00:00:00+00:00
[2026-09-21T03:02:20.889+0000] {processor.py:178} INFO - Processing /opt/airflow/dags/2_bash_operator.py took 0.145 seconds
[2026-09-21T03:02:51.097+0000] {processor.py:156} INFO - Started process (PID=1497) to work on /opt/airflow/dags/2_bash_operator.py
[2026-09-21T03:02:51.098+0000] {processor.py:799} INFO - Processing file /opt/airflow/dags/2_bash_operator.py for tasks to queue
[2026-09-21T03:02:51.100+0000] {logging_mixin.py:149} INFO - [2026-09-21T03:02:51.099+0000] {dagbag.py:541} INFO - Filling up the DagBag from /opt/airflow/dags/2_bash_operator.py
[2026-09-21T03:02:51.107+0000] {processor.py:809} INFO - DAG(s) dict_keys(['2-bashoperator']) retrieved from /opt/airflow/dags/2_bash_operator.py
[2026-09-21T03:02:51.158+0000] {logging_mixin.py:149} INFO - [2026-09-21T03:02:51.158+0000] {dag.py:2726} INFO - Sync 1 DAGs
[2026-09-21T03:02:51.198+0000] {logging_mixin.py:149} INFO - [2026-09-21T03:02:51.197+0000] {dag.py:3490} INFO - Setting next_dagrun for 2-bashoperator to 2026-09-21T00:00:00+00:00, run_after=2026-09-22T00:00:00+00:00
[2026-09-21T03:02:51.233+0000] {processor.py:178} INFO - Processing /opt/airflow/dags/2_bash_operator.py took 0.147 seconds
[2026-09-21T03:03:22.018+0000] {processor.py:156} INFO - Started process (PID=1508) to work on /opt/airflow/dags/2_bash_operator.py
[2026-09-21T03:03:22.025+0000] {processor.py:799} INFO - Processing file /opt/airflow/dags/2_bash_operator.py for tasks to queue
[2026-09-21T03:03:22.028+0000] {logging_mixin.py:149} INFO - [2026-09-21T03:03:22.027+0000] {dagbag.py:541} INFO - Filling up the DagBag from /opt/airflow/dags/2_bash_operator.py
[2026-09-21T03:03:22.052+0000] {processor.py:809} INFO - DAG(s) dict_keys(['2-bashoperator']) retrieved from /opt/airflow/dags/2_bash_operator.py
[2026-09-21T03:03:22.111+0000] {logging_mixin.py:149} INFO - [2026-09-21T03:03:22.111+0000] {dag.py:2726} INFO - Sync 1 DAGs
[2026-09-21T03:03:22.152+0000] {logging_mixin.py:149} INFO - [2026-09-21T03:03:22.151+0000] {dag.py:3490} INFO - Setting next_dagrun for 2-bashoperator to 2026-09-21T00:00:00+00:00, run_after=2026-09-22T00:00:00+00:00
[2026-09-21T03:03:22.188+0000] {processor.py:178} INFO - Processing /opt/airflow/dags/2_bash_operator.py took 0.191 seconds
[2026-09-21T03:03:53.137+0000] {processor.py:156} INFO - Started process (PID=1519) to work on /opt/airflow/dags/2_bash_operator.py
[2026-09-21T03:03:53.139+0000] {processor.py:799} INFO - Processing file /opt/airflow/dags/2_bash_operator.py for tasks to queue
[2026-09-21T03:03:53.140+0000] {logging_mixin.py:149} INFO - [2026-09-21T03:03:53.140+0000] {dagbag.py:541} INFO - Filling up the DagBag from /opt/airflow/dags/2_bash_operator.py
[2026-09-21T03:03:53.145+0000] {processor.py:809} INFO - DAG(s) dict_keys(['2-bashoperator']) retrieved from /opt/airflow/dags/2_bash_operator.py
[2026-09-21T03:03:53.215+0000] {logging_mixin.py:149} INFO - [2026-09-21T03:03:53.215+0000] {dag.py:2726} INFO - Sync 1 DAGs
[2026-09-21T03:03:53.267+0000] {logging_mixin.py:149} INFO - [2026-09-21T03:03:53.267+0000] {dag.py:3490} INFO - Setting next_dagrun for 2-bashoperator to 2026-09-21T00:00:00+00:00, run_after=2026-09-22T00:00:00+00:00
[2026-09-21T03:03:53.316+0000] {processor.py:178} INFO - Processing /opt/airflow/dags/2_bash_operator.py took 0.184 seconds
[2026-09-21T03:04:23.452+0000] {processor.py:156} INFO - Started process (PID=1531) to work on /opt/airflow/dags/2_bash_operator.py
[2026-09-21T03:04:23.453+0000] {processor.py:799} INFO - Processing file /opt/airflow/dags/2_bash_operator.py for tasks to queue
[2026-09-21T03:04:23.454+0000] {logging_mixin.py:149} INFO - [2026-09-21T03:04:23.454+0000] {dagbag.py:541} INFO - Filling up the DagBag from /opt/airflow/dags/2_bash_operator.py
[2026-09-21T03:04:23.460+0000] {processor.py:809} INFO - DAG(s) dict_keys(['2-bashoperator']) retrieved from /opt/airflow/dags/2_bash_operator.py
[2026-09-21T03:04:23.503+0000] {logging_mixin.py:149} INFO - [2026-09-21T03:04:23.503+0000] {dag.py:2726} INFO - Sync 1 DAGs
[2026-09-21T03:04:23.537+0000] {logging_mixin.py:149} INFO - [2026-09-21T03:04:23.537+0000] {dag.py:3490} INFO - Setting next_dagrun for 2-bashoperator to 2026-09-21T00:00:00+00:00, run_after=2026-09-22T00:00:00+00:00
[2026-09-21T03:04:23.563+0000] {processor.py:178} INFO - Processing /opt/airflow/dags/2_bash_operator.py took 0.116 seconds
[2026-09-21T03:04:53.734+0000] {processor.py:156} INFO - Started process (PID=1542) to work on /opt/airflow/dags/2_bash_operator.py
[2026-09-21T03:04:53.736+0000] {processor.py:799} INFO - Processing file /opt/airflow/dags/2_bash_operator.py for tasks to queue
[2026-09-21T03:04:53.737+0000] {logging_mixin.py:149} INFO - [2026-09-21T03:04:53.736+0000] {dagbag.py:541} INFO - Filling up the DagBag from /opt/airflow/dags/2_bash_operator.py
[2026-09-21T03:04:53.743+0000] {processor.py:809} INFO - DAG(s) dict_keys(['2-bashoperator']) retrieved from /opt/airflow/dags/2_bash_operator.py
[2026-09-21T03:04:53.798+0000] {logging_mixin.py:149} INFO - [2026-09-21T03:04:53.797+0000] {dag.py:2726} INFO - Sync 1 DAGs
[2026-09-21T03:04:53.838+0000] {logging_mixin.py:149} INFO - [2026-09-21T03:04:53.838+0000] {dag.py:3490} INFO - Setting next_dagrun for 2-bashoperator to 2026-09-21T00:00:00+00:00, run_after=2026-09-22T00:00:00+00:00
[2026-09-21T03:04:53.871+0000] {processor.py:178} INFO - Processing /opt/airflow/dags/2_bash_operator.py took 0.148 seconds
[2026-09-21T03:05:24.014+0000] {processor.py:156} INFO - Started process (PID=1553) to work on /opt/airflow/dags/2_bash_operator.py
[2026-09-21T03:05:24.016+0000] {processor.py:799} INFO - Processing file /opt/airflow/dags/2_bash_operator.py for tasks to queue
[2026-09-21T03:05:24.017+0000] {logging_mixin.py:149} INFO - [2026-09-21T03:05:24.017+0000] {dagbag.py:541} INFO - Filling up the DagBag from /opt/airflow/dags/2_bash_operator.py
[2026-09-21T03:05:24.024+0000] {processor.py:809} INFO - DAG(s) dict_keys(['2-bashoperator']) retrieved from /opt/airflow/dags/2_bash_operator.py
[2026-09-21T03:05:24.085+0000] {logging_mixin.py:149} INFO - [2026-09-21T03:05:24.085+0000] {dag.py:2726} INFO - Sync 1 DAGs
[2026-09-21T03:05:24.133+0000] {logging_mixin.py:149} INFO - [2026-09-21T03:05:24.132+0000] {dag.py:3490} INFO - Setting next_dagrun for 2-bashoperator to 2026-09-21T00:00:00+00:00, run_after=2026-09-22T00:00:00+00:00
[2026-09-21T03:05:24.166+0000] {processor.py:178} INFO - Processing /opt/airflow/dags/2_bash_operator.py took 0.157 seconds
[2026-09-21T03:05:54.813+0000] {processor.py:156} INFO - Started process (PID=1563) to work on /opt/airflow/dags/2_bash_operator.py
[2026-09-21T03:05:54.815+0000] {processor.py:799} INFO - Processing file /opt/airflow/dags/2_bash_operator.py for tasks to queue
[2026-09-21T03:05:54.816+0000] {logging_mixin.py:149} INFO - [2026-09-21T03:05:54.816+0000] {dagbag.py:541} INFO - Filling up the DagBag from /opt/airflow/dags/2_bash_operator.py
[2026-09-21T03:05:54.827+0000] {processor.py:809} INFO - DAG(s) dict_keys(['2-bashoperator']) retrieved from /opt/airflow/dags/2_bash_operator.py
[2026-09-21T03:05:54.864+0000] {logging_mixin.py:149} INFO - [2026-09-21T03:05:54.864+0000] {dag.py:2726} INFO - Sync 1 DAGs
[2026-09-21T03:05:54.899+0000] {logging_mixin.py:149} INFO - [2026-09-21T03:05:54.898+0000] {dag.py:3490} INFO - Setting next_dagrun for 2-bashoperator to 2026-09-21T00:00:00+00:00, run_after=2026-09-22T00:00:00+00:00
[2026-09-21T03:05:54.925+0000] {processor.py:178} INFO - Processing /opt/airflow/dags/2_bash_operator.py took 0.126 seconds
[2026-09-21T03:06:25.894+0000] {processor.py:156} INFO - Started process (PID=1574) to work on /opt/airflow/dags/2_bash_operator.py
[2026-09-21T03:06:25.896+0000] {processor.py:799} INFO - Processing file /opt/airflow/dags/2_bash_operator.py for tasks to queue
[2026-09-21T03:06:25.897+0000] {logging_mixin.py:149} INFO - [2026-09-21T03:06:25.897+0000] {dagbag.py:541} INFO - Filling up the DagBag from /opt/airflow/dags/2_bash_operator.py
[2026-09-21T03:06:25.904+0000] {processor.py:809} INFO - DAG(s) dict_keys(['2-bashoperator']) retrieved from /opt/airflow/dags/2_bash_operator.py
[2026-09-21T03:06:25.963+0000] {logging_mixin.py:149} INFO - [2026-09-21T03:06:25.963+0000] {dag.py:2726} INFO - Sync 1 DAGs
[2026-09-21T03:06:26.005+0000] {logging_mixin.py:149} INFO - [2026-09-21T03:06:26.004+0000] {dag.py:3490} INFO - Setting next_dagrun for 2-bashoperator to 2026-09-21T00:00:00+00:00, run_after=2026-09-22T00:00:00+00:00
[2026-09-21T03:06:26.037+0000] {processor.py:178} INFO - Processing /opt/airflow/dags/2_bash_operator.py took 0.150 seconds
[2026-09-21T03:06:56.106+0000] {processor.py:156} INFO - Started process (PID=1585) to work on /opt/airflow/dags/2_bash_operator.py
[2026-09-21T03:06:56.108+0000] {processor.py:799} INFO - Processing file /opt/airflow/dags/2_bash_operator.py for tasks to queue
[2026-09-21T03:06:56.109+0000] {logging_mixin.py:149} INFO - [2026-09-21T03:06:56.109+0000] {dagbag.py:541} INFO - Filling up the DagBag from /opt/airflow/dags/2_bash_operator.py
[2026-09-21T03:06:56.116+0000] {processor.py:809} INFO - DAG(s) dict_keys(['2-bashoperator']) retrieved from /opt/airflow/dags/2_bash_operator.py
[2026-09-21T03:06:56.168+0000] {logging_mixin.py:149} INFO - [2026-09-21T03:06:56.168+0000] {dag.py:2726} INFO - Sync 1 DAGs
[2026-09-21T03:06:56.213+0000] {logging_mixin.py:149} INFO - [2026-09-21T03:06:56.212+0000] {dag.py:3490} INFO - Setting next_dagrun for 2-bashoperator to 2026-09-21T00:00:00+00:00, run_after=2026-09-22T00:00:00+00:00
[2026-09-21T03:06:56.251+0000] {processor.py:178} INFO - Processing /opt/airflow/dags/2_bash_operator.py took 0.151 seconds
[2026-09-21T03:07:11.574+0000] {processor.py:156} INFO - Started process (PID=1596) to work on /opt/airflow/dags/2_bash_operator.py
[2026-09-21T03:07:11.576+0000] {processor.py:799} INFO - Processing file /opt/airflow/dags/2_bash_operator.py for tasks to queue
[2026-09-21T03:07:11.577+0000] {logging_mixin.py:149} INFO - [2026-09-21T03:07:11.576+0000] {dagbag.py:541} INFO - Filling up the DagBag from /opt/airflow/dags/2_bash_operator.py
[2026-09-21T03:07:11.584+0000] {processor.py:809} INFO - DAG(s) dict_keys(['2-bashoperator']) retrieved from /opt/airflow/dags/2_bash_operator.py
[2026-09-21T03:07:11.666+0000] {logging_mixin.py:149} INFO - [2026-09-21T03:07:11.665+0000] {dag.py:2726} INFO - Sync 1 DAGs
[2026-09-21T03:07:11.720+0000] {logging_mixin.py:149} INFO - [2026-09-21T03:07:11.720+0000] {dag.py:3490} INFO - Setting next_dagrun for 2-bashoperator to 2026-09-21T00:00:00+00:00, run_after=2026-09-22T00:00:00+00:00
[2026-09-21T03:07:11.766+0000] {processor.py:178} INFO - Processing /opt/airflow/dags/2_bash_operator.py took 0.199 seconds
[2026-09-21T03:07:42.796+0000] {processor.py:156} INFO - Started process (PID=1607) to work on /opt/airflow/dags/2_bash_operator.py
[2026-09-21T03:07:42.799+0000] {processor.py:799} INFO - Processing file /opt/airflow/dags/2_bash_operator.py for tasks to queue
[2026-09-21T03:07:42.800+0000] {logging_mixin.py:149} INFO - [2026-09-21T03:07:42.800+0000] {dagbag.py:541} INFO - Filling up the DagBag from /opt/airflow/dags/2_bash_operator.py
[2026-09-21T03:07:42.808+0000] {processor.py:809} INFO - DAG(s) dict_keys(['2-bashoperator']) retrieved from /opt/airflow/dags/2_bash_operator.py
[2026-09-21T03:07:42.877+0000] {logging_mixin.py:149} INFO - [2026-09-21T03:07:42.877+0000] {dag.py:2726} INFO - Sync 1 DAGs
[2026-09-21T03:07:42.921+0000] {logging_mixin.py:149} INFO - [2026-09-21T03:07:42.920+0000] {dag.py:3490} INFO - Setting next_dagrun for 2-bashoperator to 2026-09-21T00:00:00+00:00, run_after=2026-09-22T00:00:00+00:00
[2026-09-21T03:07:42.951+0000] {processor.py:178} INFO - Processing /opt/airflow/dags/2_bash_operator.py took 0.161 seconds
[2026-09-21T03:08:13.882+0000] {processor.py:156} INFO - Started process (PID=1618) to work on /opt/airflow/dags/2_bash_operator.py
[2026-09-21T03:08:13.883+0000] {processor.py:799} INFO - Processing file /opt/airflow/dags/2_bash_operator.py for tasks to queue
[2026-09-21T03:08:13.884+0000] {logging_mixin.py:149} INFO - [2026-09-21T03:08:13.884+0000] {dagbag.py:541} INFO - Filling up the DagBag from /opt/airflow/dags/2_bash_operator.py
[2026-09-21T03:08:13.891+0000] {processor.py:809} INFO - DAG(s) dict_keys(['2-bashoperator']) retrieved from /opt/airflow/dags/2_bash_operator.py
[2026-09-21T03:08:13.954+0000] {logging_mixin.py:149} INFO - [2026-09-21T03:08:13.954+0000] {dag.py:2726} INFO - Sync 1 DAGs
[2026-09-21T03:08:13.997+0000] {logging_mixin.py:149} INFO - [2026-09-21T03:08:13.996+0000] {dag.py:3490} INFO - Setting next_dagrun for 2-bashoperator to 2026-09-21T00:00:00+00:00, run_after=2026-09-22T00:00:00+00:00
[2026-09-21T03:08:14.030+0000] {processor.py:178} INFO - Processing /opt/airflow/dags/2_bash_operator.py took 0.155 seconds
[2026-09-21T03:08:44.105+0000] {processor.py:156} INFO - Started process (PID=1629) to work on /opt/airflow/dags/2_bash_operator.py
[2026-09-21T03:08:44.108+0000] {processor.py:799} INFO - Processing file /opt/airflow/dags/2_bash_operator.py for tasks to queue
[2026-09-21T03:08:44.109+0000] {logging_mixin.py:149} INFO - [2026-09-21T03:08:44.109+0000] {dagbag.py:541} INFO - Filling up the DagBag from /opt/airflow/dags/2_bash_operator.py
[2026-09-21T03:08:44.117+0000] {processor.py:809} INFO - DAG(s) dict_keys(['2-bashoperator']) retrieved from /opt/airflow/dags/2_bash_operator.py
[2026-09-21T03:08:44.170+0000] {logging_mixin.py:149} INFO - [2026-09-21T03:08:44.170+0000] {dag.py:2726} INFO - Sync 1 DAGs
[2026-09-21T03:08:44.222+0000] {logging_mixin.py:149} INFO - [2026-09-21T03:08:44.222+0000] {dag.py:3490} INFO - Setting next_dagrun for 2-bashoperator to 2026-09-21T00:00:00+00:00, run_after=2026-09-22T00:00:00+00:00
[2026-09-21T03:08:44.255+0000] {processor.py:178} INFO - Processing /opt/airflow/dags/2_bash_operator.py took 0.156 seconds
[2026-09-21T03:09:13.624+0000] {processor.py:156} INFO - Started process (PID=1642) to work on /opt/airflow/dags/2_bash_operator.py
[2026-09-21T03:09:13.625+0000] {processor.py:799} INFO - Processing file /opt/airflow/dags/2_bash_operator.py for tasks to queue
[2026-09-21T03:09:13.626+0000] {logging_mixin.py:149} INFO - [2026-09-21T03:09:13.626+0000] {dagbag.py:541} INFO - Filling up the DagBag from /opt/airflow/dags/2_bash_operator.py
[2026-09-21T03:09:13.635+0000] {processor.py:809} INFO - DAG(s) dict_keys(['2-bashoperator']) retrieved from /opt/airflow/dags/2_bash_operator.py
[2026-09-21T03:09:13.695+0000] {logging_mixin.py:149} INFO - [2026-09-21T03:09:13.694+0000] {dag.py:2726} INFO - Sync 1 DAGs
[2026-09-21T03:09:13.734+0000] {logging_mixin.py:149} INFO - [2026-09-21T03:09:13.734+0000] {dag.py:3490} INFO - Setting next_dagrun for 2-bashoperator to 2026-09-21T00:00:00+00:00, run_after=2026-09-22T00:00:00+00:00
[2026-09-21T03:09:13.771+0000] {processor.py:178} INFO - Processing /opt/airflow/dags/2_bash_operator.py took 0.164 seconds
[2026-09-21T03:09:43.900+0000] {processor.py:156} INFO - Started process (PID=1653) to work on /opt/airflow/dags/2_bash_operator.py
[2026-09-21T03:09:43.902+0000] {processor.py:799} INFO - Processing file /opt/airflow/dags/2_bash_operator.py for tasks to queue
[2026-09-21T03:09:43.903+0000] {logging_mixin.py:149} INFO - [2026-09-21T03:09:43.903+0000] {dagbag.py:541} INFO - Filling up the DagBag from /opt/airflow/dags/2_bash_operator.py
[2026-09-21T03:09:43.910+0000] {processor.py:809} INFO - DAG(s) dict_keys(['2-bashoperator']) retrieved from /opt/airflow/dags/2_bash_operator.py
[2026-09-21T03:09:43.965+0000] {logging_mixin.py:149} INFO - [2026-09-21T03:09:43.965+0000] {dag.py:2726} INFO - Sync 1 DAGs
[2026-09-21T03:09:44.002+0000] {logging_mixin.py:149} INFO - [2026-09-21T03:09:44.002+0000] {dag.py:3490} INFO - Setting next_dagrun for 2-bashoperator to 2026-09-21T00:00:00+00:00, run_after=2026-09-22T00:00:00+00:00
[2026-09-21T03:09:44.044+0000] {processor.py:178} INFO - Processing /opt/airflow/dags/2_bash_operator.py took 0.151 seconds
[2026-09-21T03:10:14.138+0000] {processor.py:156} INFO - Started process (PID=1664) to work on /opt/airflow/dags/2_bash_operator.py
[2026-09-21T03:10:14.140+0000] {processor.py:799} INFO - Processing file /opt/airflow/dags/2_bash_operator.py for tasks to queue
[2026-09-21T03:10:14.141+0000] {logging_mixin.py:149} INFO - [2026-09-21T03:10:14.140+0000] {dagbag.py:541} INFO - Filling up the DagBag from /opt/airflow/dags/2_bash_operator.py
[2026-09-21T03:10:14.147+0000] {processor.py:809} INFO - DAG(s) dict_keys(['2-bashoperator']) retrieved from /opt/airflow/dags/2_bash_operator.py
[2026-09-21T03:10:14.202+0000] {logging_mixin.py:149} INFO - [2026-09-21T03:10:14.202+0000] {dag.py:2726} INFO - Sync 1 DAGs
[2026-09-21T03:10:14.250+0000] {logging_mixin.py:149} INFO - [2026-09-21T03:10:14.250+0000] {dag.py:3490} INFO - Setting next_dagrun for 2-bashoperator to 2026-09-21T00:00:00+00:00, run_after=2026-09-22T00:00:00+00:00
[2026-09-21T03:10:14.285+0000] {processor.py:178} INFO - Processing /opt/airflow/dags/2_bash_operator.py took 0.159 seconds
[2026-09-21T03:10:44.412+0000] {processor.py:156} INFO - Started process (PID=1675) to work on /opt/airflow/dags/2_bash_operator.py
[2026-09-21T03:10:44.416+0000] {processor.py:799} INFO - Processing file /opt/airflow/dags/2_bash_operator.py for tasks to queue
[2026-09-21T03:10:44.417+0000] {logging_mixin.py:149} INFO - [2026-09-21T03:10:44.417+0000] {dagbag.py:541} INFO - Filling up the DagBag from /opt/airflow/dags/2_bash_operator.py
[2026-09-21T03:10:44.424+0000] {processor.py:809} INFO - DAG(s) dict_keys(['2-bashoperator']) retrieved from /opt/airflow/dags/2_bash_operator.py
[2026-09-21T03:10:44.478+0000] {logging_mixin.py:149} INFO - [2026-09-21T03:10:44.478+0000] {dag.py:2726} INFO - Sync 1 DAGs
[2026-09-21T03:10:44.523+0000] {logging_mixin.py:149} INFO - [2026-09-21T03:10:44.523+0000] {dag.py:3490} INFO - Setting next_dagrun for 2-bashoperator to 2026-09-21T00:00:00+00:00, run_after=2026-09-22T00:00:00+00:00
[2026-09-21T03:10:44.571+0000] {processor.py:178} INFO - Processing /opt/airflow/dags/2_bash_operator.py took 0.165 seconds
[2026-09-21T03:11:14.636+0000] {processor.py:156} INFO - Started process (PID=1686) to work on /opt/airflow/dags/2_bash_operator.py
[2026-09-21T03:11:14.637+0000] {processor.py:799} INFO - Processing file /opt/airflow/dags/2_bash_operator.py for tasks to queue
[2026-09-21T03:11:14.638+0000] {logging_mixin.py:149} INFO - [2026-09-21T03:11:14.638+0000] {dagbag.py:541} INFO - Filling up the DagBag from /opt/airflow/dags/2_bash_operator.py
[2026-09-21T03:11:14.646+0000] {processor.py:809} INFO - DAG(s) dict_keys(['2-bashoperator']) retrieved from /opt/airflow/dags/2_bash_operator.py
[2026-09-21T03:11:14.703+0000] {logging_mixin.py:149} INFO - [2026-09-21T03:11:14.702+0000] {dag.py:2726} INFO - Sync 1 DAGs
[2026-09-21T03:11:14.743+0000] {logging_mixin.py:149} INFO - [2026-09-21T03:11:14.742+0000] {dag.py:3490} INFO - Setting next_dagrun for 2-bashoperator to 2026-09-21T00:00:00+00:00, run_after=2026-09-22T00:00:00+00:00
[2026-09-21T03:11:14.774+0000] {processor.py:178} INFO - Processing /opt/airflow/dags/2_bash_operator.py took 0.143 seconds
[2026-09-21T03:11:45.034+0000] {processor.py:156} INFO - Started process (PID=1697) to work on /opt/airflow/dags/2_bash_operator.py
[2026-09-21T03:11:45.037+0000] {processor.py:799} INFO - Processing file /opt/airflow/dags/2_bash_operator.py for tasks to queue
[2026-09-21T03:11:45.038+0000] {logging_mixin.py:149} INFO - [2026-09-21T03:11:45.037+0000] {dagbag.py:541} INFO - Filling up the DagBag from /opt/airflow/dags/2_bash_operator.py
[2026-09-21T03:11:45.044+0000] {processor.py:809} INFO - DAG(s) dict_keys(['2-bashoperator']) retrieved from /opt/airflow/dags/2_bash_operator.py
[2026-09-21T03:11:45.102+0000] {logging_mixin.py:149} INFO - [2026-09-21T03:11:45.101+0000] {dag.py:2726} INFO - Sync 1 DAGs
[2026-09-21T03:11:45.143+0000] {logging_mixin.py:149} INFO - [2026-09-21T03:11:45.142+0000] {dag.py:3490} INFO - Setting next_dagrun for 2-bashoperator to 2026-09-21T00:00:00+00:00, run_after=2026-09-22T00:00:00+00:00
[2026-09-21T03:11:45.176+0000] {processor.py:178} INFO - Processing /opt/airflow/dags/2_bash_operator.py took 0.148 seconds
[2026-09-21T03:12:15.389+0000] {processor.py:156} INFO - Started process (PID=1708) to work on /opt/airflow/dags/2_bash_operator.py
[2026-09-21T03:12:15.390+0000] {processor.py:799} INFO - Processing file /opt/airflow/dags/2_bash_operator.py for tasks to queue
[2026-09-21T03:12:15.391+0000] {logging_mixin.py:149} INFO - [2026-09-21T03:12:15.391+0000] {dagbag.py:541} INFO - Filling up the DagBag from /opt/airflow/dags/2_bash_operator.py
[2026-09-21T03:12:15.398+0000] {processor.py:809} INFO - DAG(s) dict_keys(['2-bashoperator']) retrieved from /opt/airflow/dags/2_bash_operator.py
[2026-09-21T03:12:15.449+0000] {logging_mixin.py:149} INFO - [2026-09-21T03:12:15.449+0000] {dag.py:2726} INFO - Sync 1 DAGs
[2026-09-21T03:12:15.491+0000] {logging_mixin.py:149} INFO - [2026-09-21T03:12:15.489+0000] {dag.py:3490} INFO - Setting next_dagrun for 2-bashoperator to 2026-09-21T00:00:00+00:00, run_after=2026-09-22T00:00:00+00:00
[2026-09-21T03:12:15.529+0000] {processor.py:178} INFO - Processing /opt/airflow/dags/2_bash_operator.py took 0.146 seconds
[2026-09-21T03:12:45.693+0000] {processor.py:156} INFO - Started process (PID=1719) to work on /opt/airflow/dags/2_bash_operator.py
[2026-09-21T03:12:45.696+0000] {processor.py:799} INFO - Processing file /opt/airflow/dags/2_bash_operator.py for tasks to queue
[2026-09-21T03:12:45.697+0000] {logging_mixin.py:149} INFO - [2026-09-21T03:12:45.697+0000] {dagbag.py:541} INFO - Filling up the DagBag from /opt/airflow/dags/2_bash_operator.py
[2026-09-21T03:12:45.704+0000] {processor.py:809} INFO - DAG(s) dict_keys(['2-bashoperator']) retrieved from /opt/airflow/dags/2_bash_operator.py
[2026-09-21T03:12:45.755+0000] {logging_mixin.py:149} INFO - [2026-09-21T03:12:45.755+0000] {dag.py:2726} INFO - Sync 1 DAGs
[2026-09-21T03:12:45.794+0000] {logging_mixin.py:149} INFO - [2026-09-21T03:12:45.793+0000] {dag.py:3490} INFO - Setting next_dagrun for 2-bashoperator to 2026-09-21T00:00:00+00:00, run_after=2026-09-22T00:00:00+00:00
[2026-09-21T03:12:45.822+0000] {processor.py:178} INFO - Processing /opt/airflow/dags/2_bash_operator.py took 0.136 seconds
[2026-09-21T03:13:15.960+0000] {processor.py:156} INFO - Started process (PID=1730) to work on /opt/airflow/dags/2_bash_operator.py
[2026-09-21T03:13:15.962+0000] {processor.py:799} INFO - Processing file /opt/airflow/dags/2_bash_operator.py for tasks to queue
[2026-09-21T03:13:15.963+0000] {logging_mixin.py:149} INFO - [2026-09-21T03:13:15.963+0000] {dagbag.py:541} INFO - Filling up the DagBag from /opt/airflow/dags/2_bash_operator.py
[2026-09-21T03:13:15.971+0000] {processor.py:809} INFO - DAG(s) dict_keys(['2-bashoperator']) retrieved from /opt/airflow/dags/2_bash_operator.py
[2026-09-21T03:13:16.024+0000] {logging_mixin.py:149} INFO - [2026-09-21T03:13:16.024+0000] {dag.py:2726} INFO - Sync 1 DAGs
[2026-09-21T03:13:16.061+0000] {logging_mixin.py:149} INFO - [2026-09-21T03:13:16.061+0000] {dag.py:3490} INFO - Setting next_dagrun for 2-bashoperator to 2026-09-21T00:00:00+00:00, run_after=2026-09-22T00:00:00+00:00
[2026-09-21T03:13:16.097+0000] {processor.py:178} INFO - Processing /opt/airflow/dags/2_bash_operator.py took 0.144 seconds
[2026-09-21T03:13:46.225+0000] {processor.py:156} INFO - Started process (PID=1741) to work on /opt/airflow/dags/2_bash_operator.py
[2026-09-21T03:13:46.239+0000] {processor.py:799} INFO - Processing file /opt/airflow/dags/2_bash_operator.py for tasks to queue
[2026-09-21T03:13:46.240+0000] {logging_mixin.py:149} INFO - [2026-09-21T03:13:46.240+0000] {dagbag.py:541} INFO - Filling up the DagBag from /opt/airflow/dags/2_bash_operator.py
[2026-09-21T03:13:46.251+0000] {processor.py:809} INFO - DAG(s) dict_keys(['2-bashoperator']) retrieved from /opt/airflow/dags/2_bash_operator.py
[2026-09-21T03:13:46.323+0000] {logging_mixin.py:149} INFO - [2026-09-21T03:13:46.323+0000] {dag.py:2726} INFO - Sync 1 DAGs
[2026-09-21T03:13:46.367+0000] {logging_mixin.py:149} INFO - [2026-09-21T03:13:46.367+0000] {dag.py:3490} INFO - Setting next_dagrun for 2-bashoperator to 2026-09-21T00:00:00+00:00, run_after=2026-09-22T00:00:00+00:00
[2026-09-21T03:13:46.426+0000] {processor.py:178} INFO - Processing /opt/airflow/dags/2_bash_operator.py took 0.230 seconds
[2026-09-21T03:14:17.376+0000] {processor.py:156} INFO - Started process (PID=1752) to work on /opt/airflow/dags/2_bash_operator.py
[2026-09-21T03:14:17.380+0000] {processor.py:799} INFO - Processing file /opt/airflow/dags/2_bash_operator.py for tasks to queue
[2026-09-21T03:14:17.381+0000] {logging_mixin.py:149} INFO - [2026-09-21T03:14:17.381+0000] {dagbag.py:541} INFO - Filling up the DagBag from /opt/airflow/dags/2_bash_operator.py
[2026-09-21T03:14:17.402+0000] {processor.py:809} INFO - DAG(s) dict_keys(['2-bashoperator']) retrieved from /opt/airflow/dags/2_bash_operator.py
[2026-09-21T03:14:17.501+0000] {logging_mixin.py:149} INFO - [2026-09-21T03:14:17.501+0000] {dag.py:2726} INFO - Sync 1 DAGs
[2026-09-21T03:14:17.562+0000] {logging_mixin.py:149} INFO - [2026-09-21T03:14:17.562+0000] {dag.py:3490} INFO - Setting next_dagrun for 2-bashoperator to 2026-09-21T00:00:00+00:00, run_after=2026-09-22T00:00:00+00:00
[2026-09-21T03:14:17.615+0000] {processor.py:178} INFO - Processing /opt/airflow/dags/2_bash_operator.py took 0.254 seconds
[2026-09-21T03:14:48.656+0000] {processor.py:156} INFO - Started process (PID=1766) to work on /opt/airflow/dags/2_bash_operator.py
[2026-09-21T03:14:48.658+0000] {processor.py:799} INFO - Processing file /opt/airflow/dags/2_bash_operator.py for tasks to queue
[2026-09-21T03:14:48.660+0000] {logging_mixin.py:149} INFO - [2026-09-21T03:14:48.660+0000] {dagbag.py:541} INFO - Filling up the DagBag from /opt/airflow/dags/2_bash_operator.py
[2026-09-21T03:14:48.677+0000] {processor.py:809} INFO - DAG(s) dict_keys(['2-bashoperator']) retrieved from /opt/airflow/dags/2_bash_operator.py
[2026-09-21T03:14:48.727+0000] {logging_mixin.py:149} INFO - [2026-09-21T03:14:48.727+0000] {dag.py:2726} INFO - Sync 1 DAGs
[2026-09-21T03:14:48.771+0000] {logging_mixin.py:149} INFO - [2026-09-21T03:14:48.771+0000] {dag.py:3490} INFO - Setting next_dagrun for 2-bashoperator to 2026-09-21T00:00:00+00:00, run_after=2026-09-22T00:00:00+00:00
[2026-09-21T03:14:48.799+0000] {processor.py:178} INFO - Processing /opt/airflow/dags/2_bash_operator.py took 0.148 seconds
[2026-09-21T03:15:19.649+0000] {processor.py:156} INFO - Started process (PID=1780) to work on /opt/airflow/dags/2_bash_operator.py
[2026-09-21T03:15:19.653+0000] {processor.py:799} INFO - Processing file /opt/airflow/dags/2_bash_operator.py for tasks to queue
[2026-09-21T03:15:19.656+0000] {logging_mixin.py:149} INFO - [2026-09-21T03:15:19.653+0000] {dagbag.py:541} INFO - Filling up the DagBag from /opt/airflow/dags/2_bash_operator.py
[2026-09-21T03:15:19.664+0000] {processor.py:809} INFO - DAG(s) dict_keys(['2-bashoperator']) retrieved from /opt/airflow/dags/2_bash_operator.py
[2026-09-21T03:15:19.719+0000] {logging_mixin.py:149} INFO - [2026-09-21T03:15:19.719+0000] {dag.py:2726} INFO - Sync 1 DAGs
[2026-09-21T03:15:19.767+0000] {logging_mixin.py:149} INFO - [2026-09-21T03:15:19.767+0000] {dag.py:3490} INFO - Setting next_dagrun for 2-bashoperator to 2026-09-21T00:00:00+00:00, run_after=2026-09-22T00:00:00+00:00
[2026-09-21T03:15:19.798+0000] {processor.py:178} INFO - Processing /opt/airflow/dags/2_bash_operator.py took 0.155 seconds
[2026-09-21T03:15:50.564+0000] {processor.py:156} INFO - Started process (PID=1794) to work on /opt/airflow/dags/2_bash_operator.py
[2026-09-21T03:15:50.566+0000] {processor.py:799} INFO - Processing file /opt/airflow/dags/2_bash_operator.py for tasks to queue
[2026-09-21T03:15:50.568+0000] {logging_mixin.py:149} INFO - [2026-09-21T03:15:50.568+0000] {dagbag.py:541} INFO - Filling up the DagBag from /opt/airflow/dags/2_bash_operator.py
[2026-09-21T03:15:50.577+0000] {processor.py:809} INFO - DAG(s) dict_keys(['2-bashoperator']) retrieved from /opt/airflow/dags/2_bash_operator.py
[2026-09-21T03:15:50.640+0000] {logging_mixin.py:149} INFO - [2026-09-21T03:15:50.640+0000] {dag.py:2726} INFO - Sync 1 DAGs
[2026-09-21T03:15:50.677+0000] {logging_mixin.py:149} INFO - [2026-09-21T03:15:50.677+0000] {dag.py:3490} INFO - Setting next_dagrun for 2-bashoperator to 2026-09-21T00:00:00+00:00, run_after=2026-09-22T00:00:00+00:00
[2026-09-21T03:15:50.706+0000] {processor.py:178} INFO - Processing /opt/airflow/dags/2_bash_operator.py took 0.149 seconds
[2026-09-21T03:16:21.555+0000] {processor.py:156} INFO - Started process (PID=1808) to work on /opt/airflow/dags/2_bash_operator.py
[2026-09-21T03:16:21.560+0000] {processor.py:799} INFO - Processing file /opt/airflow/dags/2_bash_operator.py for tasks to queue
[2026-09-21T03:16:21.561+0000] {logging_mixin.py:149} INFO - [2026-09-21T03:16:21.561+0000] {dagbag.py:541} INFO - Filling up the DagBag from /opt/airflow/dags/2_bash_operator.py
[2026-09-21T03:16:21.584+0000] {processor.py:809} INFO - DAG(s) dict_keys(['2-bashoperator']) retrieved from /opt/airflow/dags/2_bash_operator.py
[2026-09-21T03:16:21.650+0000] {logging_mixin.py:149} INFO - [2026-09-21T03:16:21.649+0000] {dag.py:2726} INFO - Sync 1 DAGs
[2026-09-21T03:16:21.689+0000] {logging_mixin.py:149} INFO - [2026-09-21T03:16:21.689+0000] {dag.py:3490} INFO - Setting next_dagrun for 2-bashoperator to 2026-09-21T00:00:00+00:00, run_after=2026-09-22T00:00:00+00:00
[2026-09-21T03:16:21.728+0000] {processor.py:178} INFO - Processing /opt/airflow/dags/2_bash_operator.py took 0.196 seconds
[2026-09-21T03:16:51.783+0000] {processor.py:156} INFO - Started process (PID=1822) to work on /opt/airflow/dags/2_bash_operator.py
[2026-09-21T03:16:51.785+0000] {processor.py:799} INFO - Processing file /opt/airflow/dags/2_bash_operator.py for tasks to queue
[2026-09-21T03:16:51.786+0000] {logging_mixin.py:149} INFO - [2026-09-21T03:16:51.786+0000] {dagbag.py:541} INFO - Filling up the DagBag from /opt/airflow/dags/2_bash_operator.py
[2026-09-21T03:16:51.795+0000] {processor.py:809} INFO - DAG(s) dict_keys(['2-bashoperator']) retrieved from /opt/airflow/dags/2_bash_operator.py
[2026-09-21T03:16:51.854+0000] {logging_mixin.py:149} INFO - [2026-09-21T03:16:51.854+0000] {dag.py:2726} INFO - Sync 1 DAGs
[2026-09-21T03:16:51.892+0000] {logging_mixin.py:149} INFO - [2026-09-21T03:16:51.892+0000] {dag.py:3490} INFO - Setting next_dagrun for 2-bashoperator to 2026-09-21T00:00:00+00:00, run_after=2026-09-22T00:00:00+00:00
[2026-09-21T03:16:51.926+0000] {processor.py:178} INFO - Processing /opt/airflow/dags/2_bash_operator.py took 0.152 seconds
[2026-09-21T03:17:22.130+0000] {processor.py:156} INFO - Started process (PID=1836) to work on /opt/airflow/dags/2_bash_operator.py
[2026-09-21T03:17:22.143+0000] {processor.py:799} INFO - Processing file /opt/airflow/dags/2_bash_operator.py for tasks to queue
[2026-09-21T03:17:22.148+0000] {logging_mixin.py:149} INFO - [2026-09-21T03:17:22.147+0000] {dagbag.py:541} INFO - Filling up the DagBag from /opt/airflow/dags/2_bash_operator.py
[2026-09-21T03:17:22.159+0000] {processor.py:809} INFO - DAG(s) dict_keys(['2-bashoperator']) retrieved from /opt/airflow/dags/2_bash_operator.py
[2026-09-21T03:17:22.251+0000] {logging_mixin.py:149} INFO - [2026-09-21T03:17:22.250+0000] {dag.py:2726} INFO - Sync 1 DAGs
[2026-09-21T03:17:22.303+0000] {logging_mixin.py:149} INFO - [2026-09-21T03:17:22.303+0000] {dag.py:3490} INFO - Setting next_dagrun for 2-bashoperator to 2026-09-21T00:00:00+00:00, run_after=2026-09-22T00:00:00+00:00
[2026-09-21T03:17:22.334+0000] {processor.py:178} INFO - Processing /opt/airflow/dags/2_bash_operator.py took 0.213 seconds
[2026-09-21T03:17:52.476+0000] {processor.py:156} INFO - Started process (PID=1850) to work on /opt/airflow/dags/2_bash_operator.py
[2026-09-21T03:17:52.477+0000] {processor.py:799} INFO - Processing file /opt/airflow/dags/2_bash_operator.py for tasks to queue
[2026-09-21T03:17:52.478+0000] {logging_mixin.py:149} INFO - [2026-09-21T03:17:52.478+0000] {dagbag.py:541} INFO - Filling up the DagBag from /opt/airflow/dags/2_bash_operator.py
[2026-09-21T03:17:52.485+0000] {processor.py:809} INFO - DAG(s) dict_keys(['2-bashoperator']) retrieved from /opt/airflow/dags/2_bash_operator.py
[2026-09-21T03:17:52.550+0000] {logging_mixin.py:149} INFO - [2026-09-21T03:17:52.549+0000] {dag.py:2726} INFO - Sync 1 DAGs
[2026-09-21T03:17:52.589+0000] {logging_mixin.py:149} INFO - [2026-09-21T03:17:52.589+0000] {dag.py:3490} INFO - Setting next_dagrun for 2-bashoperator to 2026-09-21T00:00:00+00:00, run_after=2026-09-22T00:00:00+00:00
[2026-09-21T03:17:52.629+0000] {processor.py:178} INFO - Processing /opt/airflow/dags/2_bash_operator.py took 0.159 seconds
[2026-09-21T03:18:22.890+0000] {processor.py:156} INFO - Started process (PID=1864) to work on /opt/airflow/dags/2_bash_operator.py
[2026-09-21T03:18:22.894+0000] {processor.py:799} INFO - Processing file /opt/airflow/dags/2_bash_operator.py for tasks to queue
[2026-09-21T03:18:22.895+0000] {logging_mixin.py:149} INFO - [2026-09-21T03:18:22.895+0000] {dagbag.py:541} INFO - Filling up the DagBag from /opt/airflow/dags/2_bash_operator.py
[2026-09-21T03:18:22.905+0000] {processor.py:809} INFO - DAG(s) dict_keys(['2-bashoperator']) retrieved from /opt/airflow/dags/2_bash_operator.py
[2026-09-21T03:18:22.969+0000] {logging_mixin.py:149} INFO - [2026-09-21T03:18:22.969+0000] {dag.py:2726} INFO - Sync 1 DAGs
[2026-09-21T03:18:23.019+0000] {logging_mixin.py:149} INFO - [2026-09-21T03:18:23.019+0000] {dag.py:3490} INFO - Setting next_dagrun for 2-bashoperator to 2026-09-21T00:00:00+00:00, run_after=2026-09-22T00:00:00+00:00
[2026-09-21T03:18:23.079+0000] {processor.py:178} INFO - Processing /opt/airflow/dags/2_bash_operator.py took 0.202 seconds
[2026-09-21T03:18:51.420+0000] {processor.py:156} INFO - Started process (PID=1880) to work on /opt/airflow/dags/2_bash_operator.py
[2026-09-21T03:18:51.421+0000] {processor.py:799} INFO - Processing file /opt/airflow/dags/2_bash_operator.py for tasks to queue
[2026-09-21T03:18:51.422+0000] {logging_mixin.py:149} INFO - [2026-09-21T03:18:51.422+0000] {dagbag.py:541} INFO - Filling up the DagBag from /opt/airflow/dags/2_bash_operator.py
[2026-09-21T03:18:51.430+0000] {processor.py:809} INFO - DAG(s) dict_keys(['2-bashoperator']) retrieved from /opt/airflow/dags/2_bash_operator.py
[2026-09-21T03:18:51.491+0000] {logging_mixin.py:149} INFO - [2026-09-21T03:18:51.490+0000] {dag.py:2726} INFO - Sync 1 DAGs
[2026-09-21T03:18:51.550+0000] {logging_mixin.py:149} INFO - [2026-09-21T03:18:51.549+0000] {dag.py:3490} INFO - Setting next_dagrun for 2-bashoperator to 2026-09-21T00:00:00+00:00, run_after=2026-09-22T00:00:00+00:00
[2026-09-21T03:18:51.610+0000] {processor.py:178} INFO - Processing /opt/airflow/dags/2_bash_operator.py took 0.202 seconds
[2026-09-21T03:19:22.317+0000] {processor.py:156} INFO - Started process (PID=1894) to work on /opt/airflow/dags/2_bash_operator.py
[2026-09-21T03:19:22.323+0000] {processor.py:799} INFO - Processing file /opt/airflow/dags/2_bash_operator.py for tasks to queue
[2026-09-21T03:19:22.324+0000] {logging_mixin.py:149} INFO - [2026-09-21T03:19:22.324+0000] {dagbag.py:541} INFO - Filling up the DagBag from /opt/airflow/dags/2_bash_operator.py
[2026-09-21T03:19:22.330+0000] {processor.py:809} INFO - DAG(s) dict_keys(['2-bashoperator']) retrieved from /opt/airflow/dags/2_bash_operator.py
[2026-09-21T03:19:22.389+0000] {logging_mixin.py:149} INFO - [2026-09-21T03:19:22.389+0000] {dag.py:2726} INFO - Sync 1 DAGs
[2026-09-21T03:19:22.453+0000] {logging_mixin.py:149} INFO - [2026-09-21T03:19:22.453+0000] {dag.py:3490} INFO - Setting next_dagrun for 2-bashoperator to 2026-09-21T00:00:00+00:00, run_after=2026-09-22T00:00:00+00:00
[2026-09-21T03:19:22.491+0000] {processor.py:178} INFO - Processing /opt/airflow/dags/2_bash_operator.py took 0.191 seconds
[2026-09-21T03:19:53.209+0000] {processor.py:156} INFO - Started process (PID=1908) to work on /opt/airflow/dags/2_bash_operator.py
[2026-09-21T03:19:53.210+0000] {processor.py:799} INFO - Processing file /opt/airflow/dags/2_bash_operator.py for tasks to queue
[2026-09-21T03:19:53.211+0000] {logging_mixin.py:149} INFO - [2026-09-21T03:19:53.211+0000] {dagbag.py:541} INFO - Filling up the DagBag from /opt/airflow/dags/2_bash_operator.py
[2026-09-21T03:19:53.219+0000] {processor.py:809} INFO - DAG(s) dict_keys(['2-bashoperator']) retrieved from /opt/airflow/dags/2_bash_operator.py
[2026-09-21T03:19:53.279+0000] {logging_mixin.py:149} INFO - [2026-09-21T03:19:53.278+0000] {dag.py:2726} INFO - Sync 1 DAGs
[2026-09-21T03:19:53.327+0000] {logging_mixin.py:149} INFO - [2026-09-21T03:19:53.327+0000] {dag.py:3490} INFO - Setting next_dagrun for 2-bashoperator to 2026-09-21T00:00:00+00:00, run_after=2026-09-22T00:00:00+00:00
[2026-09-21T03:19:53.368+0000] {processor.py:178} INFO - Processing /opt/airflow/dags/2_bash_operator.py took 0.166 seconds
[2026-09-21T03:20:24.073+0000] {processor.py:156} INFO - Started process (PID=1922) to work on /opt/airflow/dags/2_bash_operator.py
[2026-09-21T03:20:24.076+0000] {processor.py:799} INFO - Processing file /opt/airflow/dags/2_bash_operator.py for tasks to queue
[2026-09-21T03:20:24.077+0000] {logging_mixin.py:149} INFO - [2026-09-21T03:20:24.076+0000] {dagbag.py:541} INFO - Filling up the DagBag from /opt/airflow/dags/2_bash_operator.py
[2026-09-21T03:20:24.086+0000] {processor.py:809} INFO - DAG(s) dict_keys(['2-bashoperator']) retrieved from /opt/airflow/dags/2_bash_operator.py
[2026-09-21T03:20:24.145+0000] {logging_mixin.py:149} INFO - [2026-09-21T03:20:24.144+0000] {dag.py:2726} INFO - Sync 1 DAGs
[2026-09-21T03:20:24.188+0000] {logging_mixin.py:149} INFO - [2026-09-21T03:20:24.187+0000] {dag.py:3490} INFO - Setting next_dagrun for 2-bashoperator to 2026-09-21T00:00:00+00:00, run_after=2026-09-22T00:00:00+00:00
[2026-09-21T03:20:24.247+0000] {processor.py:178} INFO - Processing /opt/airflow/dags/2_bash_operator.py took 0.181 seconds
[2026-09-21T03:20:54.929+0000] {processor.py:156} INFO - Started process (PID=1936) to work on /opt/airflow/dags/2_bash_operator.py
[2026-09-21T03:20:54.931+0000] {processor.py:799} INFO - Processing file /opt/airflow/dags/2_bash_operator.py for tasks to queue
[2026-09-21T03:20:54.932+0000] {logging_mixin.py:149} INFO - [2026-09-21T03:20:54.932+0000] {dagbag.py:541} INFO - Filling up the DagBag from /opt/airflow/dags/2_bash_operator.py
[2026-09-21T03:20:54.939+0000] {processor.py:809} INFO - DAG(s) dict_keys(['2-bashoperator']) retrieved from /opt/airflow/dags/2_bash_operator.py
[2026-09-21T03:20:54.998+0000] {logging_mixin.py:149} INFO - [2026-09-21T03:20:54.998+0000] {dag.py:2726} INFO - Sync 1 DAGs
[2026-09-21T03:20:55.041+0000] {logging_mixin.py:149} INFO - [2026-09-21T03:20:55.040+0000] {dag.py:3490} INFO - Setting next_dagrun for 2-bashoperator to 2026-09-21T00:00:00+00:00, run_after=2026-09-22T00:00:00+00:00
[2026-09-21T03:20:55.073+0000] {processor.py:178} INFO - Processing /opt/airflow/dags/2_bash_operator.py took 0.150 seconds
[2026-09-21T03:21:25.760+0000] {processor.py:156} INFO - Started process (PID=1950) to work on /opt/airflow/dags/2_bash_operator.py
[2026-09-21T03:21:25.762+0000] {processor.py:799} INFO - Processing file /opt/airflow/dags/2_bash_operator.py for tasks to queue
[2026-09-21T03:21:25.764+0000] {logging_mixin.py:149} INFO - [2026-09-21T03:21:25.763+0000] {dagbag.py:541} INFO - Filling up the DagBag from /opt/airflow/dags/2_bash_operator.py
[2026-09-21T03:21:25.771+0000] {processor.py:809} INFO - DAG(s) dict_keys(['2-bashoperator']) retrieved from /opt/airflow/dags/2_bash_operator.py
[2026-09-21T03:21:25.825+0000] {logging_mixin.py:149} INFO - [2026-09-21T03:21:25.824+0000] {dag.py:2726} INFO - Sync 1 DAGs
[2026-09-21T03:21:25.862+0000] {logging_mixin.py:149} INFO - [2026-09-21T03:21:25.861+0000] {dag.py:3490} INFO - Setting next_dagrun for 2-bashoperator to 2026-09-21T00:00:00+00:00, run_after=2026-09-22T00:00:00+00:00
[2026-09-21T03:21:25.895+0000] {processor.py:178} INFO - Processing /opt/airflow/dags/2_bash_operator.py took 0.140 seconds
[2026-09-21T03:21:57.197+0000] {processor.py:156} INFO - Started process (PID=1964) to work on /opt/airflow/dags/2_bash_operator.py
[2026-09-21T03:21:57.206+0000] {processor.py:799} INFO - Processing file /opt/airflow/dags/2_bash_operator.py for tasks to queue
[2026-09-21T03:21:57.207+0000] {logging_mixin.py:149} INFO - [2026-09-21T03:21:57.207+0000] {dagbag.py:541} INFO - Filling up the DagBag from /opt/airflow/dags/2_bash_operator.py
[2026-09-21T03:21:57.214+0000] {processor.py:809} INFO - DAG(s) dict_keys(['2-bashoperator']) retrieved from /opt/airflow/dags/2_bash_operator.py
[2026-09-21T03:21:57.291+0000] {logging_mixin.py:149} INFO - [2026-09-21T03:21:57.291+0000] {dag.py:2726} INFO - Sync 1 DAGs
[2026-09-21T03:21:57.325+0000] {logging_mixin.py:149} INFO - [2026-09-21T03:21:57.325+0000] {dag.py:3490} INFO - Setting next_dagrun for 2-bashoperator to 2026-09-21T00:00:00+00:00, run_after=2026-09-22T00:00:00+00:00
[2026-09-21T03:21:57.353+0000] {processor.py:178} INFO - Processing /opt/airflow/dags/2_bash_operator.py took 0.168 seconds
[2026-09-21T03:22:28.406+0000] {processor.py:156} INFO - Started process (PID=1978) to work on /opt/airflow/dags/2_bash_operator.py
[2026-09-21T03:22:28.409+0000] {processor.py:799} INFO - Processing file /opt/airflow/dags/2_bash_operator.py for tasks to queue
[2026-09-21T03:22:28.410+0000] {logging_mixin.py:149} INFO - [2026-09-21T03:22:28.410+0000] {dagbag.py:541} INFO - Filling up the DagBag from /opt/airflow/dags/2_bash_operator.py
[2026-09-21T03:22:28.418+0000] {processor.py:809} INFO - DAG(s) dict_keys(['2-bashoperator']) retrieved from /opt/airflow/dags/2_bash_operator.py
[2026-09-21T03:22:28.474+0000] {logging_mixin.py:149} INFO - [2026-09-21T03:22:28.474+0000] {dag.py:2726} INFO - Sync 1 DAGs
[2026-09-21T03:22:28.512+0000] {logging_mixin.py:149} INFO - [2026-09-21T03:22:28.511+0000] {dag.py:3490} INFO - Setting next_dagrun for 2-bashoperator to 2026-09-21T00:00:00+00:00, run_after=2026-09-22T00:00:00+00:00
[2026-09-21T03:22:28.541+0000] {processor.py:178} INFO - Processing /opt/airflow/dags/2_bash_operator.py took 0.142 seconds
[2026-09-21T03:22:58.665+0000] {processor.py:156} INFO - Started process (PID=1988) to work on /opt/airflow/dags/2_bash_operator.py
[2026-09-21T03:22:58.668+0000] {processor.py:799} INFO - Processing file /opt/airflow/dags/2_bash_operator.py for tasks to queue
[2026-09-21T03:22:58.670+0000] {logging_mixin.py:149} INFO - [2026-09-21T03:22:58.669+0000] {dagbag.py:541} INFO - Filling up the DagBag from /opt/airflow/dags/2_bash_operator.py
[2026-09-21T03:22:58.676+0000] {processor.py:809} INFO - DAG(s) dict_keys(['2-bashoperator']) retrieved from /opt/airflow/dags/2_bash_operator.py
[2026-09-21T03:22:58.726+0000] {logging_mixin.py:149} INFO - [2026-09-21T03:22:58.725+0000] {dag.py:2726} INFO - Sync 1 DAGs
[2026-09-21T03:22:58.763+0000] {logging_mixin.py:149} INFO - [2026-09-21T03:22:58.762+0000] {dag.py:3490} INFO - Setting next_dagrun for 2-bashoperator to 2026-09-21T00:00:00+00:00, run_after=2026-09-22T00:00:00+00:00
[2026-09-21T03:22:58.790+0000] {processor.py:178} INFO - Processing /opt/airflow/dags/2_bash_operator.py took 0.131 seconds
[2026-09-21T03:23:28.916+0000] {processor.py:156} INFO - Started process (PID=2002) to work on /opt/airflow/dags/2_bash_operator.py
[2026-09-21T03:23:28.918+0000] {processor.py:799} INFO - Processing file /opt/airflow/dags/2_bash_operator.py for tasks to queue
[2026-09-21T03:23:28.919+0000] {logging_mixin.py:149} INFO - [2026-09-21T03:23:28.918+0000] {dagbag.py:541} INFO - Filling up the DagBag from /opt/airflow/dags/2_bash_operator.py
[2026-09-21T03:23:28.927+0000] {processor.py:809} INFO - DAG(s) dict_keys(['2-bashoperator']) retrieved from /opt/airflow/dags/2_bash_operator.py
[2026-09-21T03:23:28.976+0000] {logging_mixin.py:149} INFO - [2026-09-21T03:23:28.976+0000] {dag.py:2726} INFO - Sync 1 DAGs
[2026-09-21T03:23:29.011+0000] {logging_mixin.py:149} INFO - [2026-09-21T03:23:29.011+0000] {dag.py:3490} INFO - Setting next_dagrun for 2-bashoperator to 2026-09-21T00:00:00+00:00, run_after=2026-09-22T00:00:00+00:00
[2026-09-21T03:23:29.037+0000] {processor.py:178} INFO - Processing /opt/airflow/dags/2_bash_operator.py took 0.130 seconds
[2026-09-21T03:23:59.770+0000] {processor.py:156} INFO - Started process (PID=2016) to work on /opt/airflow/dags/2_bash_operator.py
[2026-09-21T03:23:59.779+0000] {processor.py:799} INFO - Processing file /opt/airflow/dags/2_bash_operator.py for tasks to queue
[2026-09-21T03:23:59.781+0000] {logging_mixin.py:149} INFO - [2026-09-21T03:23:59.781+0000] {dagbag.py:541} INFO - Filling up the DagBag from /opt/airflow/dags/2_bash_operator.py
[2026-09-21T03:23:59.789+0000] {processor.py:809} INFO - DAG(s) dict_keys(['2-bashoperator']) retrieved from /opt/airflow/dags/2_bash_operator.py
[2026-09-21T03:23:59.845+0000] {logging_mixin.py:149} INFO - [2026-09-21T03:23:59.845+0000] {dag.py:2726} INFO - Sync 1 DAGs
[2026-09-21T03:23:59.891+0000] {logging_mixin.py:149} INFO - [2026-09-21T03:23:59.891+0000] {dag.py:3490} INFO - Setting next_dagrun for 2-bashoperator to 2026-09-21T00:00:00+00:00, run_after=2026-09-22T00:00:00+00:00
[2026-09-21T03:23:59.923+0000] {processor.py:178} INFO - Processing /opt/airflow/dags/2_bash_operator.py took 0.176 seconds
[2026-09-21T03:24:30.082+0000] {processor.py:156} INFO - Started process (PID=2030) to work on /opt/airflow/dags/2_bash_operator.py
[2026-09-21T03:24:30.090+0000] {processor.py:799} INFO - Processing file /opt/airflow/dags/2_bash_operator.py for tasks to queue
[2026-09-21T03:24:30.091+0000] {logging_mixin.py:149} INFO - [2026-09-21T03:24:30.091+0000] {dagbag.py:541} INFO - Filling up the DagBag from /opt/airflow/dags/2_bash_operator.py
[2026-09-21T03:24:30.114+0000] {processor.py:809} INFO - DAG(s) dict_keys(['2-bashoperator']) retrieved from /opt/airflow/dags/2_bash_operator.py
[2026-09-21T03:24:30.200+0000] {logging_mixin.py:149} INFO - [2026-09-21T03:24:30.199+0000] {dag.py:2726} INFO - Sync 1 DAGs
[2026-09-21T03:24:30.273+0000] {logging_mixin.py:149} INFO - [2026-09-21T03:24:30.272+0000] {dag.py:3490} INFO - Setting next_dagrun for 2-bashoperator to 2026-09-21T00:00:00+00:00, run_after=2026-09-22T00:00:00+00:00
[2026-09-21T03:24:30.342+0000] {processor.py:178} INFO - Processing /opt/airflow/dags/2_bash_operator.py took 0.267 seconds
[2026-09-21T03:25:01.148+0000] {processor.py:156} INFO - Started process (PID=2044) to work on /opt/airflow/dags/2_bash_operator.py
[2026-09-21T03:25:01.150+0000] {processor.py:799} INFO - Processing file /opt/airflow/dags/2_bash_operator.py for tasks to queue
[2026-09-21T03:25:01.151+0000] {logging_mixin.py:149} INFO - [2026-09-21T03:25:01.151+0000] {dagbag.py:541} INFO - Filling up the DagBag from /opt/airflow/dags/2_bash_operator.py
[2026-09-21T03:25:01.160+0000] {processor.py:809} INFO - DAG(s) dict_keys(['2-bashoperator']) retrieved from /opt/airflow/dags/2_bash_operator.py
[2026-09-21T03:25:01.266+0000] {logging_mixin.py:149} INFO - [2026-09-21T03:25:01.266+0000] {dag.py:2726} INFO - Sync 1 DAGs
[2026-09-21T03:25:01.323+0000] {logging_mixin.py:149} INFO - [2026-09-21T03:25:01.323+0000] {dag.py:3490} INFO - Setting next_dagrun for 2-bashoperator to 2026-09-21T00:00:00+00:00, run_after=2026-09-22T00:00:00+00:00
[2026-09-21T03:25:01.351+0000] {processor.py:178} INFO - Processing /opt/airflow/dags/2_bash_operator.py took 0.209 seconds
[2026-09-21T03:25:32.149+0000] {processor.py:156} INFO - Started process (PID=2058) to work on /opt/airflow/dags/2_bash_operator.py
[2026-09-21T03:25:32.153+0000] {processor.py:799} INFO - Processing file /opt/airflow/dags/2_bash_operator.py for tasks to queue
[2026-09-21T03:25:32.156+0000] {logging_mixin.py:149} INFO - [2026-09-21T03:25:32.155+0000] {dagbag.py:541} INFO - Filling up the DagBag from /opt/airflow/dags/2_bash_operator.py
[2026-09-21T03:25:32.167+0000] {processor.py:809} INFO - DAG(s) dict_keys(['2-bashoperator']) retrieved from /opt/airflow/dags/2_bash_operator.py
[2026-09-21T03:25:32.225+0000] {logging_mixin.py:149} INFO - [2026-09-21T03:25:32.225+0000] {dag.py:2726} INFO - Sync 1 DAGs
[2026-09-21T03:25:32.290+0000] {logging_mixin.py:149} INFO - [2026-09-21T03:25:32.290+0000] {dag.py:3490} INFO - Setting next_dagrun for 2-bashoperator to 2026-09-21T00:00:00+00:00, run_after=2026-09-22T00:00:00+00:00
[2026-09-21T03:25:32.331+0000] {processor.py:178} INFO - Processing /opt/airflow/dags/2_bash_operator.py took 0.190 seconds
[2026-09-21T03:26:02.846+0000] {processor.py:156} INFO - Started process (PID=2072) to work on /opt/airflow/dags/2_bash_operator.py
[2026-09-21T03:26:02.850+0000] {processor.py:799} INFO - Processing file /opt/airflow/dags/2_bash_operator.py for tasks to queue
[2026-09-21T03:26:02.851+0000] {logging_mixin.py:149} INFO - [2026-09-21T03:26:02.850+0000] {dagbag.py:541} INFO - Filling up the DagBag from /opt/airflow/dags/2_bash_operator.py
[2026-09-21T03:26:02.857+0000] {processor.py:809} INFO - DAG(s) dict_keys(['2-bashoperator']) retrieved from /opt/airflow/dags/2_bash_operator.py
[2026-09-21T03:26:02.906+0000] {logging_mixin.py:149} INFO - [2026-09-21T03:26:02.906+0000] {dag.py:2726} INFO - Sync 1 DAGs
[2026-09-21T03:26:02.940+0000] {logging_mixin.py:149} INFO - [2026-09-21T03:26:02.940+0000] {dag.py:3490} INFO - Setting next_dagrun for 2-bashoperator to 2026-09-21T00:00:00+00:00, run_after=2026-09-22T00:00:00+00:00
[2026-09-21T03:26:02.967+0000] {processor.py:178} INFO - Processing /opt/airflow/dags/2_bash_operator.py took 0.129 seconds
[2026-09-21T03:26:33.608+0000] {processor.py:156} INFO - Started process (PID=2086) to work on /opt/airflow/dags/2_bash_operator.py
[2026-09-21T03:26:33.611+0000] {processor.py:799} INFO - Processing file /opt/airflow/dags/2_bash_operator.py for tasks to queue
[2026-09-21T03:26:33.612+0000] {logging_mixin.py:149} INFO - [2026-09-21T03:26:33.612+0000] {dagbag.py:541} INFO - Filling up the DagBag from /opt/airflow/dags/2_bash_operator.py
[2026-09-21T03:26:33.628+0000] {processor.py:809} INFO - DAG(s) dict_keys(['2-bashoperator']) retrieved from /opt/airflow/dags/2_bash_operator.py
[2026-09-21T03:26:33.684+0000] {logging_mixin.py:149} INFO - [2026-09-21T03:26:33.684+0000] {dag.py:2726} INFO - Sync 1 DAGs
[2026-09-21T03:26:33.723+0000] {logging_mixin.py:149} INFO - [2026-09-21T03:26:33.723+0000] {dag.py:3490} INFO - Setting next_dagrun for 2-bashoperator to 2026-09-21T00:00:00+00:00, run_after=2026-09-22T00:00:00+00:00
[2026-09-21T03:26:33.762+0000] {processor.py:178} INFO - Processing /opt/airflow/dags/2_bash_operator.py took 0.162 seconds
[2026-09-21T03:27:03.827+0000] {processor.py:156} INFO - Started process (PID=2100) to work on /opt/airflow/dags/2_bash_operator.py
[2026-09-21T03:27:03.829+0000] {processor.py:799} INFO - Processing file /opt/airflow/dags/2_bash_operator.py for tasks to queue
[2026-09-21T03:27:03.830+0000] {logging_mixin.py:149} INFO - [2026-09-21T03:27:03.829+0000] {dagbag.py:541} INFO - Filling up the DagBag from /opt/airflow/dags/2_bash_operator.py
[2026-09-21T03:27:03.836+0000] {processor.py:809} INFO - DAG(s) dict_keys(['2-bashoperator']) retrieved from /opt/airflow/dags/2_bash_operator.py
[2026-09-21T03:27:03.892+0000] {logging_mixin.py:149} INFO - [2026-09-21T03:27:03.892+0000] {dag.py:2726} INFO - Sync 1 DAGs
[2026-09-21T03:27:03.933+0000] {logging_mixin.py:149} INFO - [2026-09-21T03:27:03.933+0000] {dag.py:3490} INFO - Setting next_dagrun for 2-bashoperator to 2026-09-21T00:00:00+00:00, run_after=2026-09-22T00:00:00+00:00
[2026-09-21T03:27:03.969+0000] {processor.py:178} INFO - Processing /opt/airflow/dags/2_bash_operator.py took 0.148 seconds
[2026-09-21T03:27:34.915+0000] {processor.py:156} INFO - Started process (PID=2112) to work on /opt/airflow/dags/2_bash_operator.py
[2026-09-21T03:27:34.917+0000] {processor.py:799} INFO - Processing file /opt/airflow/dags/2_bash_operator.py for tasks to queue
[2026-09-21T03:27:34.921+0000] {logging_mixin.py:149} INFO - [2026-09-21T03:27:34.919+0000] {dagbag.py:541} INFO - Filling up the DagBag from /opt/airflow/dags/2_bash_operator.py
[2026-09-21T03:27:34.933+0000] {processor.py:809} INFO - DAG(s) dict_keys(['2-bashoperator']) retrieved from /opt/airflow/dags/2_bash_operator.py
[2026-09-21T03:27:35.014+0000] {logging_mixin.py:149} INFO - [2026-09-21T03:27:35.013+0000] {dag.py:2726} INFO - Sync 1 DAGs
[2026-09-21T03:27:35.089+0000] {logging_mixin.py:149} INFO - [2026-09-21T03:27:35.088+0000] {dag.py:3490} INFO - Setting next_dagrun for 2-bashoperator to 2026-09-21T00:00:00+00:00, run_after=2026-09-22T00:00:00+00:00
[2026-09-21T03:27:35.132+0000] {processor.py:178} INFO - Processing /opt/airflow/dags/2_bash_operator.py took 0.225 seconds
[2026-09-21T03:28:05.233+0000] {processor.py:156} INFO - Started process (PID=2123) to work on /opt/airflow/dags/2_bash_operator.py
[2026-09-21T03:28:05.235+0000] {processor.py:799} INFO - Processing file /opt/airflow/dags/2_bash_operator.py for tasks to queue
[2026-09-21T03:28:05.236+0000] {logging_mixin.py:149} INFO - [2026-09-21T03:28:05.235+0000] {dagbag.py:541} INFO - Filling up the DagBag from /opt/airflow/dags/2_bash_operator.py
[2026-09-21T03:28:05.245+0000] {processor.py:809} INFO - DAG(s) dict_keys(['2-bashoperator']) retrieved from /opt/airflow/dags/2_bash_operator.py
[2026-09-21T03:28:05.315+0000] {logging_mixin.py:149} INFO - [2026-09-21T03:28:05.314+0000] {dag.py:2726} INFO - Sync 1 DAGs
[2026-09-21T03:28:05.353+0000] {logging_mixin.py:149} INFO - [2026-09-21T03:28:05.353+0000] {dag.py:3490} INFO - Setting next_dagrun for 2-bashoperator to 2026-09-21T00:00:00+00:00, run_after=2026-09-22T00:00:00+00:00
[2026-09-21T03:28:05.381+0000] {processor.py:178} INFO - Processing /opt/airflow/dags/2_bash_operator.py took 0.154 seconds
[2026-09-21T03:28:36.114+0000] {processor.py:156} INFO - Started process (PID=2134) to work on /opt/airflow/dags/2_bash_operator.py
[2026-09-21T03:28:36.121+0000] {processor.py:799} INFO - Processing file /opt/airflow/dags/2_bash_operator.py for tasks to queue
[2026-09-21T03:28:36.123+0000] {logging_mixin.py:149} INFO - [2026-09-21T03:28:36.122+0000] {dagbag.py:541} INFO - Filling up the DagBag from /opt/airflow/dags/2_bash_operator.py
[2026-09-21T03:28:36.138+0000] {processor.py:809} INFO - DAG(s) dict_keys(['2-bashoperator']) retrieved from /opt/airflow/dags/2_bash_operator.py
[2026-09-21T03:28:36.212+0000] {logging_mixin.py:149} INFO - [2026-09-21T03:28:36.211+0000] {dag.py:2726} INFO - Sync 1 DAGs
[2026-09-21T03:28:36.270+0000] {logging_mixin.py:149} INFO - [2026-09-21T03:28:36.269+0000] {dag.py:3490} INFO - Setting next_dagrun for 2-bashoperator to 2026-09-21T00:00:00+00:00, run_after=2026-09-22T00:00:00+00:00
[2026-09-21T03:28:36.297+0000] {processor.py:178} INFO - Processing /opt/airflow/dags/2_bash_operator.py took 0.196 seconds
[2026-09-21T03:29:07.190+0000] {processor.py:156} INFO - Started process (PID=2145) to work on /opt/airflow/dags/2_bash_operator.py
[2026-09-21T03:29:07.192+0000] {processor.py:799} INFO - Processing file /opt/airflow/dags/2_bash_operator.py for tasks to queue
[2026-09-21T03:29:07.193+0000] {logging_mixin.py:149} INFO - [2026-09-21T03:29:07.192+0000] {dagbag.py:541} INFO - Filling up the DagBag from /opt/airflow/dags/2_bash_operator.py
[2026-09-21T03:29:07.200+0000] {processor.py:809} INFO - DAG(s) dict_keys(['2-bashoperator']) retrieved from /opt/airflow/dags/2_bash_operator.py
[2026-09-21T03:29:07.257+0000] {logging_mixin.py:149} INFO - [2026-09-21T03:29:07.256+0000] {dag.py:2726} INFO - Sync 1 DAGs
[2026-09-21T03:29:07.297+0000] {logging_mixin.py:149} INFO - [2026-09-21T03:29:07.297+0000] {dag.py:3490} INFO - Setting next_dagrun for 2-bashoperator to 2026-09-21T00:00:00+00:00, run_after=2026-09-22T00:00:00+00:00
[2026-09-21T03:29:07.338+0000] {processor.py:178} INFO - Processing /opt/airflow/dags/2_bash_operator.py took 0.155 seconds
[2026-09-21T03:29:38.489+0000] {processor.py:156} INFO - Started process (PID=2156) to work on /opt/airflow/dags/2_bash_operator.py
[2026-09-21T03:29:38.492+0000] {processor.py:799} INFO - Processing file /opt/airflow/dags/2_bash_operator.py for tasks to queue
[2026-09-21T03:29:38.493+0000] {logging_mixin.py:149} INFO - [2026-09-21T03:29:38.493+0000] {dagbag.py:541} INFO - Filling up the DagBag from /opt/airflow/dags/2_bash_operator.py
[2026-09-21T03:29:38.504+0000] {processor.py:809} INFO - DAG(s) dict_keys(['2-bashoperator']) retrieved from /opt/airflow/dags/2_bash_operator.py
[2026-09-21T03:29:38.577+0000] {logging_mixin.py:149} INFO - [2026-09-21T03:29:38.576+0000] {dag.py:2726} INFO - Sync 1 DAGs
[2026-09-21T03:29:38.623+0000] {logging_mixin.py:149} INFO - [2026-09-21T03:29:38.623+0000] {dag.py:3490} INFO - Setting next_dagrun for 2-bashoperator to 2026-09-21T00:00:00+00:00, run_after=2026-09-22T00:00:00+00:00
[2026-09-21T03:29:38.665+0000] {processor.py:178} INFO - Processing /opt/airflow/dags/2_bash_operator.py took 0.188 seconds
[2026-09-21T03:30:09.534+0000] {processor.py:156} INFO - Started process (PID=2167) to work on /opt/airflow/dags/2_bash_operator.py
[2026-09-21T03:30:09.539+0000] {processor.py:799} INFO - Processing file /opt/airflow/dags/2_bash_operator.py for tasks to queue
[2026-09-21T03:30:09.540+0000] {logging_mixin.py:149} INFO - [2026-09-21T03:30:09.540+0000] {dagbag.py:541} INFO - Filling up the DagBag from /opt/airflow/dags/2_bash_operator.py
[2026-09-21T03:30:09.548+0000] {processor.py:809} INFO - DAG(s) dict_keys(['2-bashoperator']) retrieved from /opt/airflow/dags/2_bash_operator.py
[2026-09-21T03:30:09.611+0000] {logging_mixin.py:149} INFO - [2026-09-21T03:30:09.610+0000] {dag.py:2726} INFO - Sync 1 DAGs
[2026-09-21T03:30:09.660+0000] {logging_mixin.py:149} INFO - [2026-09-21T03:30:09.659+0000] {dag.py:3490} INFO - Setting next_dagrun for 2-bashoperator to 2026-09-21T00:00:00+00:00, run_after=2026-09-22T00:00:00+00:00
[2026-09-21T03:30:09.710+0000] {processor.py:178} INFO - Processing /opt/airflow/dags/2_bash_operator.py took 0.181 seconds
[2026-09-21T03:30:40.537+0000] {processor.py:156} INFO - Started process (PID=2178) to work on /opt/airflow/dags/2_bash_operator.py
[2026-09-21T03:30:40.540+0000] {processor.py:799} INFO - Processing file /opt/airflow/dags/2_bash_operator.py for tasks to queue
[2026-09-21T03:30:40.541+0000] {logging_mixin.py:149} INFO - [2026-09-21T03:30:40.541+0000] {dagbag.py:541} INFO - Filling up the DagBag from /opt/airflow/dags/2_bash_operator.py
[2026-09-21T03:30:40.577+0000] {processor.py:809} INFO - DAG(s) dict_keys(['2-bashoperator']) retrieved from /opt/airflow/dags/2_bash_operator.py
[2026-09-21T03:30:40.678+0000] {logging_mixin.py:149} INFO - [2026-09-21T03:30:40.678+0000] {dag.py:2726} INFO - Sync 1 DAGs
[2026-09-21T03:30:40.745+0000] {logging_mixin.py:149} INFO - [2026-09-21T03:30:40.745+0000] {dag.py:3490} INFO - Setting next_dagrun for 2-bashoperator to 2026-09-21T00:00:00+00:00, run_after=2026-09-22T00:00:00+00:00
[2026-09-21T03:30:40.790+0000] {processor.py:178} INFO - Processing /opt/airflow/dags/2_bash_operator.py took 0.288 seconds
[2026-09-21T03:31:11.657+0000] {processor.py:156} INFO - Started process (PID=2189) to work on /opt/airflow/dags/2_bash_operator.py
[2026-09-21T03:31:11.660+0000] {processor.py:799} INFO - Processing file /opt/airflow/dags/2_bash_operator.py for tasks to queue
[2026-09-21T03:31:11.662+0000] {logging_mixin.py:149} INFO - [2026-09-21T03:31:11.661+0000] {dagbag.py:541} INFO - Filling up the DagBag from /opt/airflow/dags/2_bash_operator.py
[2026-09-21T03:31:11.674+0000] {processor.py:809} INFO - DAG(s) dict_keys(['2-bashoperator']) retrieved from /opt/airflow/dags/2_bash_operator.py
[2026-09-21T03:31:11.746+0000] {logging_mixin.py:149} INFO - [2026-09-21T03:31:11.745+0000] {dag.py:2726} INFO - Sync 1 DAGs
[2026-09-21T03:31:11.827+0000] {logging_mixin.py:149} INFO - [2026-09-21T03:31:11.826+0000] {dag.py:3490} INFO - Setting next_dagrun for 2-bashoperator to 2026-09-21T00:00:00+00:00, run_after=2026-09-22T00:00:00+00:00
[2026-09-21T03:31:11.885+0000] {processor.py:178} INFO - Processing /opt/airflow/dags/2_bash_operator.py took 0.236 seconds
[2026-09-21T03:31:41.960+0000] {processor.py:156} INFO - Started process (PID=2200) to work on /opt/airflow/dags/2_bash_operator.py
[2026-09-21T03:31:41.962+0000] {processor.py:799} INFO - Processing file /opt/airflow/dags/2_bash_operator.py for tasks to queue
[2026-09-21T03:31:41.964+0000] {logging_mixin.py:149} INFO - [2026-09-21T03:31:41.963+0000] {dagbag.py:541} INFO - Filling up the DagBag from /opt/airflow/dags/2_bash_operator.py
[2026-09-21T03:31:41.973+0000] {processor.py:809} INFO - DAG(s) dict_keys(['2-bashoperator']) retrieved from /opt/airflow/dags/2_bash_operator.py
[2026-09-21T03:31:42.062+0000] {logging_mixin.py:149} INFO - [2026-09-21T03:31:42.061+0000] {dag.py:2726} INFO - Sync 1 DAGs
[2026-09-21T03:31:42.108+0000] {logging_mixin.py:149} INFO - [2026-09-21T03:31:42.108+0000] {dag.py:3490} INFO - Setting next_dagrun for 2-bashoperator to 2026-09-21T00:00:00+00:00, run_after=2026-09-22T00:00:00+00:00
[2026-09-21T03:31:42.200+0000] {processor.py:178} INFO - Processing /opt/airflow/dags/2_bash_operator.py took 0.246 seconds
[2026-09-21T03:32:12.987+0000] {processor.py:156} INFO - Started process (PID=2211) to work on /opt/airflow/dags/2_bash_operator.py
[2026-09-21T03:32:12.989+0000] {processor.py:799} INFO - Processing file /opt/airflow/dags/2_bash_operator.py for tasks to queue
[2026-09-21T03:32:12.990+0000] {logging_mixin.py:149} INFO - [2026-09-21T03:32:12.990+0000] {dagbag.py:541} INFO - Filling up the DagBag from /opt/airflow/dags/2_bash_operator.py
[2026-09-21T03:32:12.999+0000] {processor.py:809} INFO - DAG(s) dict_keys(['2-bashoperator']) retrieved from /opt/airflow/dags/2_bash_operator.py
[2026-09-21T03:32:13.054+0000] {logging_mixin.py:149} INFO - [2026-09-21T03:32:13.053+0000] {dag.py:2726} INFO - Sync 1 DAGs
[2026-09-21T03:32:13.089+0000] {logging_mixin.py:149} INFO - [2026-09-21T03:32:13.089+0000] {dag.py:3490} INFO - Setting next_dagrun for 2-bashoperator to 2026-09-21T00:00:00+00:00, run_after=2026-09-22T00:00:00+00:00
[2026-09-21T03:32:13.118+0000] {processor.py:178} INFO - Processing /opt/airflow/dags/2_bash_operator.py took 0.139 seconds
[2026-09-21T03:32:44.022+0000] {processor.py:156} INFO - Started process (PID=2229) to work on /opt/airflow/dags/2_bash_operator.py
[2026-09-21T03:32:44.023+0000] {processor.py:799} INFO - Processing file /opt/airflow/dags/2_bash_operator.py for tasks to queue
[2026-09-21T03:32:44.024+0000] {logging_mixin.py:149} INFO - [2026-09-21T03:32:44.024+0000] {dagbag.py:541} INFO - Filling up the DagBag from /opt/airflow/dags/2_bash_operator.py
[2026-09-21T03:32:44.031+0000] {processor.py:809} INFO - DAG(s) dict_keys(['2-bashoperator']) retrieved from /opt/airflow/dags/2_bash_operator.py
[2026-09-21T03:32:44.077+0000] {logging_mixin.py:149} INFO - [2026-09-21T03:32:44.077+0000] {dag.py:2726} INFO - Sync 1 DAGs
[2026-09-21T03:32:44.112+0000] {logging_mixin.py:149} INFO - [2026-09-21T03:32:44.112+0000] {dag.py:3490} INFO - Setting next_dagrun for 2-bashoperator to 2026-09-21T00:00:00+00:00, run_after=2026-09-22T00:00:00+00:00
[2026-09-21T03:32:44.159+0000] {processor.py:178} INFO - Processing /opt/airflow/dags/2_bash_operator.py took 0.144 seconds
[2026-09-21T03:33:15.131+0000] {processor.py:156} INFO - Started process (PID=2240) to work on /opt/airflow/dags/2_bash_operator.py
[2026-09-21T03:33:15.137+0000] {processor.py:799} INFO - Processing file /opt/airflow/dags/2_bash_operator.py for tasks to queue
[2026-09-21T03:33:15.140+0000] {logging_mixin.py:149} INFO - [2026-09-21T03:33:15.140+0000] {dagbag.py:541} INFO - Filling up the DagBag from /opt/airflow/dags/2_bash_operator.py
[2026-09-21T03:33:15.148+0000] {processor.py:809} INFO - DAG(s) dict_keys(['2-bashoperator']) retrieved from /opt/airflow/dags/2_bash_operator.py
[2026-09-21T03:33:15.212+0000] {logging_mixin.py:149} INFO - [2026-09-21T03:33:15.212+0000] {dag.py:2726} INFO - Sync 1 DAGs
[2026-09-21T03:33:15.260+0000] {logging_mixin.py:149} INFO - [2026-09-21T03:33:15.260+0000] {dag.py:3490} INFO - Setting next_dagrun for 2-bashoperator to 2026-09-21T00:00:00+00:00, run_after=2026-09-22T00:00:00+00:00
[2026-09-21T03:33:15.294+0000] {processor.py:178} INFO - Processing /opt/airflow/dags/2_bash_operator.py took 0.172 seconds
[2026-09-21T03:33:46.214+0000] {processor.py:156} INFO - Started process (PID=2251) to work on /opt/airflow/dags/2_bash_operator.py
[2026-09-21T03:33:46.218+0000] {processor.py:799} INFO - Processing file /opt/airflow/dags/2_bash_operator.py for tasks to queue
[2026-09-21T03:33:46.220+0000] {logging_mixin.py:149} INFO - [2026-09-21T03:33:46.219+0000] {dagbag.py:541} INFO - Filling up the DagBag from /opt/airflow/dags/2_bash_operator.py
[2026-09-21T03:33:46.230+0000] {processor.py:809} INFO - DAG(s) dict_keys(['2-bashoperator']) retrieved from /opt/airflow/dags/2_bash_operator.py
[2026-09-21T03:33:46.308+0000] {logging_mixin.py:149} INFO - [2026-09-21T03:33:46.308+0000] {dag.py:2726} INFO - Sync 1 DAGs
[2026-09-21T03:33:46.347+0000] {logging_mixin.py:149} INFO - [2026-09-21T03:33:46.347+0000] {dag.py:3490} INFO - Setting next_dagrun for 2-bashoperator to 2026-09-21T00:00:00+00:00, run_after=2026-09-22T00:00:00+00:00
[2026-09-21T03:33:46.381+0000] {processor.py:178} INFO - Processing /opt/airflow/dags/2_bash_operator.py took 0.174 seconds
[2026-09-21T03:34:17.178+0000] {processor.py:156} INFO - Started process (PID=2262) to work on /opt/airflow/dags/2_bash_operator.py
[2026-09-21T03:34:17.182+0000] {processor.py:799} INFO - Processing file /opt/airflow/dags/2_bash_operator.py for tasks to queue
[2026-09-21T03:34:17.183+0000] {logging_mixin.py:149} INFO - [2026-09-21T03:34:17.183+0000] {dagbag.py:541} INFO - Filling up the DagBag from /opt/airflow/dags/2_bash_operator.py
[2026-09-21T03:34:17.193+0000] {processor.py:809} INFO - DAG(s) dict_keys(['2-bashoperator']) retrieved from /opt/airflow/dags/2_bash_operator.py
[2026-09-21T03:34:17.231+0000] {logging_mixin.py:149} INFO - [2026-09-21T03:34:17.231+0000] {dag.py:2726} INFO - Sync 1 DAGs
[2026-09-21T03:34:17.258+0000] {logging_mixin.py:149} INFO - [2026-09-21T03:34:17.258+0000] {dag.py:3490} INFO - Setting next_dagrun for 2-bashoperator to 2026-09-21T00:00:00+00:00, run_after=2026-09-22T00:00:00+00:00
[2026-09-21T03:34:17.284+0000] {processor.py:178} INFO - Processing /opt/airflow/dags/2_bash_operator.py took 0.116 seconds
[2026-09-21T03:34:48.251+0000] {processor.py:156} INFO - Started process (PID=2273) to work on /opt/airflow/dags/2_bash_operator.py
[2026-09-21T03:34:48.252+0000] {processor.py:799} INFO - Processing file /opt/airflow/dags/2_bash_operator.py for tasks to queue
[2026-09-21T03:34:48.253+0000] {logging_mixin.py:149} INFO - [2026-09-21T03:34:48.253+0000] {dagbag.py:541} INFO - Filling up the DagBag from /opt/airflow/dags/2_bash_operator.py
[2026-09-21T03:34:48.259+0000] {processor.py:809} INFO - DAG(s) dict_keys(['2-bashoperator']) retrieved from /opt/airflow/dags/2_bash_operator.py
[2026-09-21T03:34:48.309+0000] {logging_mixin.py:149} INFO - [2026-09-21T03:34:48.309+0000] {dag.py:2726} INFO - Sync 1 DAGs
[2026-09-21T03:34:48.344+0000] {logging_mixin.py:149} INFO - [2026-09-21T03:34:48.344+0000] {dag.py:3490} INFO - Setting next_dagrun for 2-bashoperator to 2026-09-21T00:00:00+00:00, run_after=2026-09-22T00:00:00+00:00
[2026-09-21T03:34:48.370+0000] {processor.py:178} INFO - Processing /opt/airflow/dags/2_bash_operator.py took 0.125 seconds
[2026-09-21T03:35:19.338+0000] {processor.py:156} INFO - Started process (PID=2284) to work on /opt/airflow/dags/2_bash_operator.py
[2026-09-21T03:35:19.342+0000] {processor.py:799} INFO - Processing file /opt/airflow/dags/2_bash_operator.py for tasks to queue
[2026-09-21T03:35:19.344+0000] {logging_mixin.py:149} INFO - [2026-09-21T03:35:19.343+0000] {dagbag.py:541} INFO - Filling up the DagBag from /opt/airflow/dags/2_bash_operator.py
[2026-09-21T03:35:19.352+0000] {processor.py:809} INFO - DAG(s) dict_keys(['2-bashoperator']) retrieved from /opt/airflow/dags/2_bash_operator.py
[2026-09-21T03:35:19.401+0000] {logging_mixin.py:149} INFO - [2026-09-21T03:35:19.400+0000] {dag.py:2726} INFO - Sync 1 DAGs
[2026-09-21T03:35:19.445+0000] {logging_mixin.py:149} INFO - [2026-09-21T03:35:19.444+0000] {dag.py:3490} INFO - Setting next_dagrun for 2-bashoperator to 2026-09-21T00:00:00+00:00, run_after=2026-09-22T00:00:00+00:00
[2026-09-21T03:35:19.493+0000] {processor.py:178} INFO - Processing /opt/airflow/dags/2_bash_operator.py took 0.162 seconds
[2026-09-21T03:35:50.679+0000] {processor.py:156} INFO - Started process (PID=2295) to work on /opt/airflow/dags/2_bash_operator.py
[2026-09-21T03:35:50.680+0000] {processor.py:799} INFO - Processing file /opt/airflow/dags/2_bash_operator.py for tasks to queue
[2026-09-21T03:35:50.681+0000] {logging_mixin.py:149} INFO - [2026-09-21T03:35:50.681+0000] {dagbag.py:541} INFO - Filling up the DagBag from /opt/airflow/dags/2_bash_operator.py
[2026-09-21T03:35:50.688+0000] {processor.py:809} INFO - DAG(s) dict_keys(['2-bashoperator']) retrieved from /opt/airflow/dags/2_bash_operator.py
[2026-09-21T03:35:50.735+0000] {logging_mixin.py:149} INFO - [2026-09-21T03:35:50.735+0000] {dag.py:2726} INFO - Sync 1 DAGs
[2026-09-21T03:35:50.769+0000] {logging_mixin.py:149} INFO - [2026-09-21T03:35:50.769+0000] {dag.py:3490} INFO - Setting next_dagrun for 2-bashoperator to 2026-09-21T00:00:00+00:00, run_after=2026-09-22T00:00:00+00:00
[2026-09-21T03:35:50.802+0000] {processor.py:178} INFO - Processing /opt/airflow/dags/2_bash_operator.py took 0.129 seconds
[2026-09-21T03:36:20.916+0000] {processor.py:156} INFO - Started process (PID=2310) to work on /opt/airflow/dags/2_bash_operator.py
[2026-09-21T03:36:20.925+0000] {processor.py:799} INFO - Processing file /opt/airflow/dags/2_bash_operator.py for tasks to queue
[2026-09-21T03:36:20.926+0000] {logging_mixin.py:149} INFO - [2026-09-21T03:36:20.926+0000] {dagbag.py:541} INFO - Filling up the DagBag from /opt/airflow/dags/2_bash_operator.py
[2026-09-21T03:36:20.934+0000] {processor.py:809} INFO - DAG(s) dict_keys(['2-bashoperator']) retrieved from /opt/airflow/dags/2_bash_operator.py
[2026-09-21T03:36:21.008+0000] {logging_mixin.py:149} INFO - [2026-09-21T03:36:21.007+0000] {dag.py:2726} INFO - Sync 1 DAGs
[2026-09-21T03:36:21.049+0000] {logging_mixin.py:149} INFO - [2026-09-21T03:36:21.049+0000] {dag.py:3490} INFO - Setting next_dagrun for 2-bashoperator to 2026-09-21T00:00:00+00:00, run_after=2026-09-22T00:00:00+00:00
[2026-09-21T03:36:21.077+0000] {processor.py:178} INFO - Processing /opt/airflow/dags/2_bash_operator.py took 0.175 seconds
[2026-09-21T03:36:51.590+0000] {processor.py:156} INFO - Started process (PID=2331) to work on /opt/airflow/dags/2_bash_operator.py
[2026-09-21T03:36:51.593+0000] {processor.py:799} INFO - Processing file /opt/airflow/dags/2_bash_operator.py for tasks to queue
[2026-09-21T03:36:51.595+0000] {logging_mixin.py:149} INFO - [2026-09-21T03:36:51.594+0000] {dagbag.py:541} INFO - Filling up the DagBag from /opt/airflow/dags/2_bash_operator.py
[2026-09-21T03:36:51.605+0000] {processor.py:809} INFO - DAG(s) dict_keys(['2-bashoperator']) retrieved from /opt/airflow/dags/2_bash_operator.py
[2026-09-21T03:36:51.682+0000] {logging_mixin.py:149} INFO - [2026-09-21T03:36:51.681+0000] {dag.py:2726} INFO - Sync 1 DAGs
[2026-09-21T03:36:51.719+0000] {logging_mixin.py:149} INFO - [2026-09-21T03:36:51.718+0000] {dag.py:3490} INFO - Setting next_dagrun for 2-bashoperator to 2026-09-21T00:00:00+00:00, run_after=2026-09-22T00:00:00+00:00
[2026-09-21T03:36:51.748+0000] {processor.py:178} INFO - Processing /opt/airflow/dags/2_bash_operator.py took 0.169 seconds
[2026-09-21T03:37:22.410+0000] {processor.py:156} INFO - Started process (PID=2345) to work on /opt/airflow/dags/2_bash_operator.py
[2026-09-21T03:37:22.417+0000] {processor.py:799} INFO - Processing file /opt/airflow/dags/2_bash_operator.py for tasks to queue
[2026-09-21T03:37:22.418+0000] {logging_mixin.py:149} INFO - [2026-09-21T03:37:22.417+0000] {dagbag.py:541} INFO - Filling up the DagBag from /opt/airflow/dags/2_bash_operator.py
[2026-09-21T03:37:22.425+0000] {processor.py:809} INFO - DAG(s) dict_keys(['2-bashoperator']) retrieved from /opt/airflow/dags/2_bash_operator.py
[2026-09-21T03:37:22.521+0000] {logging_mixin.py:149} INFO - [2026-09-21T03:37:22.520+0000] {dag.py:2726} INFO - Sync 1 DAGs
[2026-09-21T03:37:22.577+0000] {logging_mixin.py:149} INFO - [2026-09-21T03:37:22.577+0000] {dag.py:3490} INFO - Setting next_dagrun for 2-bashoperator to 2026-09-21T00:00:00+00:00, run_after=2026-09-22T00:00:00+00:00
[2026-09-21T03:37:22.608+0000] {processor.py:178} INFO - Processing /opt/airflow/dags/2_bash_operator.py took 0.205 seconds
[2026-09-21T03:37:53.296+0000] {processor.py:156} INFO - Started process (PID=2359) to work on /opt/airflow/dags/2_bash_operator.py
[2026-09-21T03:37:53.298+0000] {processor.py:799} INFO - Processing file /opt/airflow/dags/2_bash_operator.py for tasks to queue
[2026-09-21T03:37:53.299+0000] {logging_mixin.py:149} INFO - [2026-09-21T03:37:53.299+0000] {dagbag.py:541} INFO - Filling up the DagBag from /opt/airflow/dags/2_bash_operator.py
[2026-09-21T03:37:53.309+0000] {processor.py:809} INFO - DAG(s) dict_keys(['2-bashoperator']) retrieved from /opt/airflow/dags/2_bash_operator.py
[2026-09-21T03:37:53.377+0000] {logging_mixin.py:149} INFO - [2026-09-21T03:37:53.377+0000] {dag.py:2726} INFO - Sync 1 DAGs
[2026-09-21T03:37:53.416+0000] {logging_mixin.py:149} INFO - [2026-09-21T03:37:53.416+0000] {dag.py:3490} INFO - Setting next_dagrun for 2-bashoperator to 2026-09-21T00:00:00+00:00, run_after=2026-09-22T00:00:00+00:00
[2026-09-21T03:37:53.449+0000] {processor.py:178} INFO - Processing /opt/airflow/dags/2_bash_operator.py took 0.160 seconds
[2026-09-21T03:38:24.283+0000] {processor.py:156} INFO - Started process (PID=2373) to work on /opt/airflow/dags/2_bash_operator.py
[2026-09-21T03:38:24.285+0000] {processor.py:799} INFO - Processing file /opt/airflow/dags/2_bash_operator.py for tasks to queue
[2026-09-21T03:38:24.286+0000] {logging_mixin.py:149} INFO - [2026-09-21T03:38:24.286+0000] {dagbag.py:541} INFO - Filling up the DagBag from /opt/airflow/dags/2_bash_operator.py
[2026-09-21T03:38:24.295+0000] {processor.py:809} INFO - DAG(s) dict_keys(['2-bashoperator']) retrieved from /opt/airflow/dags/2_bash_operator.py
[2026-09-21T03:38:24.345+0000] {logging_mixin.py:149} INFO - [2026-09-21T03:38:24.344+0000] {dag.py:2726} INFO - Sync 1 DAGs
[2026-09-21T03:38:24.389+0000] {logging_mixin.py:149} INFO - [2026-09-21T03:38:24.388+0000] {dag.py:3490} INFO - Setting next_dagrun for 2-bashoperator to 2026-09-21T00:00:00+00:00, run_after=2026-09-22T00:00:00+00:00
[2026-09-21T03:38:24.420+0000] {processor.py:178} INFO - Processing /opt/airflow/dags/2_bash_operator.py took 0.144 seconds
[2026-09-21T03:38:40.843+0000] {processor.py:156} INFO - Started process (PID=2387) to work on /opt/airflow/dags/2_bash_operator.py
[2026-09-21T03:38:40.850+0000] {processor.py:799} INFO - Processing file /opt/airflow/dags/2_bash_operator.py for tasks to queue
[2026-09-21T03:38:40.851+0000] {logging_mixin.py:149} INFO - [2026-09-21T03:38:40.851+0000] {dagbag.py:541} INFO - Filling up the DagBag from /opt/airflow/dags/2_bash_operator.py
[2026-09-21T03:38:40.862+0000] {processor.py:809} INFO - DAG(s) dict_keys(['2-bashoperator']) retrieved from /opt/airflow/dags/2_bash_operator.py
[2026-09-21T03:38:40.969+0000] {logging_mixin.py:149} INFO - [2026-09-21T03:38:40.969+0000] {dag.py:2726} INFO - Sync 1 DAGs
[2026-09-21T03:38:41.026+0000] {logging_mixin.py:149} INFO - [2026-09-21T03:38:41.026+0000] {dag.py:3490} INFO - Setting next_dagrun for 2-bashoperator to 2026-09-21T00:00:00+00:00, run_after=2026-09-22T00:00:00+00:00
[2026-09-21T03:38:41.087+0000] {processor.py:178} INFO - Processing /opt/airflow/dags/2_bash_operator.py took 0.250 seconds
[2026-09-21T03:39:11.269+0000] {processor.py:156} INFO - Started process (PID=2397) to work on /opt/airflow/dags/2_bash_operator.py
[2026-09-21T03:39:11.271+0000] {processor.py:799} INFO - Processing file /opt/airflow/dags/2_bash_operator.py for tasks to queue
[2026-09-21T03:39:11.272+0000] {logging_mixin.py:149} INFO - [2026-09-21T03:39:11.272+0000] {dagbag.py:541} INFO - Filling up the DagBag from /opt/airflow/dags/2_bash_operator.py
[2026-09-21T03:39:11.287+0000] {processor.py:809} INFO - DAG(s) dict_keys(['2-bashoperator']) retrieved from /opt/airflow/dags/2_bash_operator.py
[2026-09-21T03:39:11.346+0000] {logging_mixin.py:149} INFO - [2026-09-21T03:39:11.346+0000] {dag.py:2726} INFO - Sync 1 DAGs
[2026-09-21T03:39:11.388+0000] {logging_mixin.py:149} INFO - [2026-09-21T03:39:11.387+0000] {dag.py:3490} INFO - Setting next_dagrun for 2-bashoperator to 2026-09-21T00:00:00+00:00, run_after=2026-09-22T00:00:00+00:00
[2026-09-21T03:39:11.421+0000] {processor.py:178} INFO - Processing /opt/airflow/dags/2_bash_operator.py took 0.164 seconds
[2026-09-21T03:39:41.548+0000] {processor.py:156} INFO - Started process (PID=2411) to work on /opt/airflow/dags/2_bash_operator.py
[2026-09-21T03:39:41.549+0000] {processor.py:799} INFO - Processing file /opt/airflow/dags/2_bash_operator.py for tasks to queue
[2026-09-21T03:39:41.549+0000] {logging_mixin.py:149} INFO - [2026-09-21T03:39:41.549+0000] {dagbag.py:541} INFO - Filling up the DagBag from /opt/airflow/dags/2_bash_operator.py
[2026-09-21T03:39:41.555+0000] {processor.py:809} INFO - DAG(s) dict_keys(['2-bashoperator']) retrieved from /opt/airflow/dags/2_bash_operator.py
[2026-09-21T03:39:41.603+0000] {logging_mixin.py:149} INFO - [2026-09-21T03:39:41.603+0000] {dag.py:2726} INFO - Sync 1 DAGs
[2026-09-21T03:39:41.640+0000] {logging_mixin.py:149} INFO - [2026-09-21T03:39:41.640+0000] {dag.py:3490} INFO - Setting next_dagrun for 2-bashoperator to 2026-09-21T00:00:00+00:00, run_after=2026-09-22T00:00:00+00:00
[2026-09-21T03:39:41.667+0000] {processor.py:178} INFO - Processing /opt/airflow/dags/2_bash_operator.py took 0.124 seconds
[2026-09-21T03:40:12.412+0000] {processor.py:156} INFO - Started process (PID=2425) to work on /opt/airflow/dags/2_bash_operator.py
[2026-09-21T03:40:12.420+0000] {processor.py:799} INFO - Processing file /opt/airflow/dags/2_bash_operator.py for tasks to queue
[2026-09-21T03:40:12.421+0000] {logging_mixin.py:149} INFO - [2026-09-21T03:40:12.421+0000] {dagbag.py:541} INFO - Filling up the DagBag from /opt/airflow/dags/2_bash_operator.py
[2026-09-21T03:40:12.430+0000] {processor.py:809} INFO - DAG(s) dict_keys(['2-bashoperator']) retrieved from /opt/airflow/dags/2_bash_operator.py
[2026-09-21T03:40:12.486+0000] {logging_mixin.py:149} INFO - [2026-09-21T03:40:12.486+0000] {dag.py:2726} INFO - Sync 1 DAGs
[2026-09-21T03:40:12.529+0000] {logging_mixin.py:149} INFO - [2026-09-21T03:40:12.528+0000] {dag.py:3490} INFO - Setting next_dagrun for 2-bashoperator to 2026-09-21T00:00:00+00:00, run_after=2026-09-22T00:00:00+00:00
[2026-09-21T03:40:12.571+0000] {processor.py:178} INFO - Processing /opt/airflow/dags/2_bash_operator.py took 0.170 seconds
[2026-09-21T03:40:43.442+0000] {processor.py:156} INFO - Started process (PID=2439) to work on /opt/airflow/dags/2_bash_operator.py
[2026-09-21T03:40:43.446+0000] {processor.py:799} INFO - Processing file /opt/airflow/dags/2_bash_operator.py for tasks to queue
[2026-09-21T03:40:43.447+0000] {logging_mixin.py:149} INFO - [2026-09-21T03:40:43.446+0000] {dagbag.py:541} INFO - Filling up the DagBag from /opt/airflow/dags/2_bash_operator.py
[2026-09-21T03:40:43.453+0000] {processor.py:809} INFO - DAG(s) dict_keys(['2-bashoperator']) retrieved from /opt/airflow/dags/2_bash_operator.py
[2026-09-21T03:40:43.510+0000] {logging_mixin.py:149} INFO - [2026-09-21T03:40:43.508+0000] {dag.py:2726} INFO - Sync 1 DAGs
[2026-09-21T03:40:43.548+0000] {logging_mixin.py:149} INFO - [2026-09-21T03:40:43.547+0000] {dag.py:3490} INFO - Setting next_dagrun for 2-bashoperator to 2026-09-21T00:00:00+00:00, run_after=2026-09-22T00:00:00+00:00
[2026-09-21T03:40:43.579+0000] {processor.py:178} INFO - Processing /opt/airflow/dags/2_bash_operator.py took 0.145 seconds
[2026-09-21T03:41:14.475+0000] {processor.py:156} INFO - Started process (PID=2453) to work on /opt/airflow/dags/2_bash_operator.py
[2026-09-21T03:41:14.477+0000] {processor.py:799} INFO - Processing file /opt/airflow/dags/2_bash_operator.py for tasks to queue
[2026-09-21T03:41:14.482+0000] {logging_mixin.py:149} INFO - [2026-09-21T03:41:14.481+0000] {dagbag.py:541} INFO - Filling up the DagBag from /opt/airflow/dags/2_bash_operator.py
[2026-09-21T03:41:14.497+0000] {processor.py:809} INFO - DAG(s) dict_keys(['2-bashoperator']) retrieved from /opt/airflow/dags/2_bash_operator.py
[2026-09-21T03:41:14.607+0000] {logging_mixin.py:149} INFO - [2026-09-21T03:41:14.606+0000] {dag.py:2726} INFO - Sync 1 DAGs
[2026-09-21T03:41:14.662+0000] {logging_mixin.py:149} INFO - [2026-09-21T03:41:14.661+0000] {dag.py:3490} INFO - Setting next_dagrun for 2-bashoperator to 2026-09-21T00:00:00+00:00, run_after=2026-09-22T00:00:00+00:00
[2026-09-21T03:41:14.688+0000] {processor.py:178} INFO - Processing /opt/airflow/dags/2_bash_operator.py took 0.223 seconds
[2026-09-21T03:41:44.844+0000] {processor.py:156} INFO - Started process (PID=2467) to work on /opt/airflow/dags/2_bash_operator.py
[2026-09-21T03:41:44.846+0000] {processor.py:799} INFO - Processing file /opt/airflow/dags/2_bash_operator.py for tasks to queue
[2026-09-21T03:41:44.847+0000] {logging_mixin.py:149} INFO - [2026-09-21T03:41:44.847+0000] {dagbag.py:541} INFO - Filling up the DagBag from /opt/airflow/dags/2_bash_operator.py
[2026-09-21T03:41:44.855+0000] {processor.py:809} INFO - DAG(s) dict_keys(['2-bashoperator']) retrieved from /opt/airflow/dags/2_bash_operator.py
[2026-09-21T03:41:44.910+0000] {logging_mixin.py:149} INFO - [2026-09-21T03:41:44.909+0000] {dag.py:2726} INFO - Sync 1 DAGs
[2026-09-21T03:41:44.945+0000] {logging_mixin.py:149} INFO - [2026-09-21T03:41:44.945+0000] {dag.py:3490} INFO - Setting next_dagrun for 2-bashoperator to 2026-09-21T00:00:00+00:00, run_after=2026-09-22T00:00:00+00:00
[2026-09-21T03:41:44.974+0000] {processor.py:178} INFO - Processing /opt/airflow/dags/2_bash_operator.py took 0.136 seconds
[2026-09-21T03:42:15.731+0000] {processor.py:156} INFO - Started process (PID=2481) to work on /opt/airflow/dags/2_bash_operator.py
[2026-09-21T03:42:15.732+0000] {processor.py:799} INFO - Processing file /opt/airflow/dags/2_bash_operator.py for tasks to queue
[2026-09-21T03:42:15.733+0000] {logging_mixin.py:149} INFO - [2026-09-21T03:42:15.733+0000] {dagbag.py:541} INFO - Filling up the DagBag from /opt/airflow/dags/2_bash_operator.py
[2026-09-21T03:42:15.745+0000] {processor.py:809} INFO - DAG(s) dict_keys(['2-bashoperator']) retrieved from /opt/airflow/dags/2_bash_operator.py
[2026-09-21T03:42:15.810+0000] {logging_mixin.py:149} INFO - [2026-09-21T03:42:15.809+0000] {dag.py:2726} INFO - Sync 1 DAGs
[2026-09-21T03:42:15.857+0000] {logging_mixin.py:149} INFO - [2026-09-21T03:42:15.857+0000] {dag.py:3490} INFO - Setting next_dagrun for 2-bashoperator to 2026-09-21T00:00:00+00:00, run_after=2026-09-22T00:00:00+00:00
[2026-09-21T03:42:15.882+0000] {processor.py:178} INFO - Processing /opt/airflow/dags/2_bash_operator.py took 0.159 seconds
[2026-09-21T03:42:46.640+0000] {processor.py:156} INFO - Started process (PID=2495) to work on /opt/airflow/dags/2_bash_operator.py
[2026-09-21T03:42:46.643+0000] {processor.py:799} INFO - Processing file /opt/airflow/dags/2_bash_operator.py for tasks to queue
[2026-09-21T03:42:46.643+0000] {logging_mixin.py:149} INFO - [2026-09-21T03:42:46.643+0000] {dagbag.py:541} INFO - Filling up the DagBag from /opt/airflow/dags/2_bash_operator.py
[2026-09-21T03:42:46.651+0000] {processor.py:809} INFO - DAG(s) dict_keys(['2-bashoperator']) retrieved from /opt/airflow/dags/2_bash_operator.py
[2026-09-21T03:42:46.711+0000] {logging_mixin.py:149} INFO - [2026-09-21T03:42:46.711+0000] {dag.py:2726} INFO - Sync 1 DAGs
[2026-09-21T03:42:46.750+0000] {logging_mixin.py:149} INFO - [2026-09-21T03:42:46.749+0000] {dag.py:3490} INFO - Setting next_dagrun for 2-bashoperator to 2026-09-21T00:00:00+00:00, run_after=2026-09-22T00:00:00+00:00
[2026-09-21T03:42:46.788+0000] {processor.py:178} INFO - Processing /opt/airflow/dags/2_bash_operator.py took 0.153 seconds
[2026-09-21T03:43:16.931+0000] {processor.py:156} INFO - Started process (PID=2509) to work on /opt/airflow/dags/2_bash_operator.py
[2026-09-21T03:43:16.933+0000] {processor.py:799} INFO - Processing file /opt/airflow/dags/2_bash_operator.py for tasks to queue
[2026-09-21T03:43:16.934+0000] {logging_mixin.py:149} INFO - [2026-09-21T03:43:16.933+0000] {dagbag.py:541} INFO - Filling up the DagBag from /opt/airflow/dags/2_bash_operator.py
[2026-09-21T03:43:16.943+0000] {processor.py:809} INFO - DAG(s) dict_keys(['2-bashoperator']) retrieved from /opt/airflow/dags/2_bash_operator.py
[2026-09-21T03:43:17.011+0000] {logging_mixin.py:149} INFO - [2026-09-21T03:43:17.011+0000] {dag.py:2726} INFO - Sync 1 DAGs
[2026-09-21T03:43:17.049+0000] {logging_mixin.py:149} INFO - [2026-09-21T03:43:17.049+0000] {dag.py:3490} INFO - Setting next_dagrun for 2-bashoperator to 2026-09-21T00:00:00+00:00, run_after=2026-09-22T00:00:00+00:00
[2026-09-21T03:43:17.086+0000] {processor.py:178} INFO - Processing /opt/airflow/dags/2_bash_operator.py took 0.178 seconds
[2026-09-21T03:43:46.066+0000] {processor.py:156} INFO - Started process (PID=2529) to work on /opt/airflow/dags/2_bash_operator.py
[2026-09-21T03:43:46.070+0000] {processor.py:799} INFO - Processing file /opt/airflow/dags/2_bash_operator.py for tasks to queue
[2026-09-21T03:43:46.071+0000] {logging_mixin.py:149} INFO - [2026-09-21T03:43:46.071+0000] {dagbag.py:541} INFO - Filling up the DagBag from /opt/airflow/dags/2_bash_operator.py
[2026-09-21T03:43:46.078+0000] {processor.py:809} INFO - DAG(s) dict_keys(['2-bashoperator']) retrieved from /opt/airflow/dags/2_bash_operator.py
[2026-09-21T03:43:46.258+0000] {logging_mixin.py:149} INFO - [2026-09-21T03:43:46.258+0000] {dag.py:2726} INFO - Sync 1 DAGs
[2026-09-21T03:43:46.351+0000] {logging_mixin.py:149} INFO - [2026-09-21T03:43:46.351+0000] {dag.py:3490} INFO - Setting next_dagrun for 2-bashoperator to 2026-09-21T00:00:00+00:00, run_after=2026-09-22T00:00:00+00:00
[2026-09-21T03:43:46.416+0000] {processor.py:178} INFO - Processing /opt/airflow/dags/2_bash_operator.py took 0.362 seconds
[2026-09-21T03:44:16.529+0000] {processor.py:156} INFO - Started process (PID=2539) to work on /opt/airflow/dags/2_bash_operator.py
[2026-09-21T03:44:16.536+0000] {processor.py:799} INFO - Processing file /opt/airflow/dags/2_bash_operator.py for tasks to queue
[2026-09-21T03:44:16.538+0000] {logging_mixin.py:149} INFO - [2026-09-21T03:44:16.537+0000] {dagbag.py:541} INFO - Filling up the DagBag from /opt/airflow/dags/2_bash_operator.py
[2026-09-21T03:44:16.544+0000] {processor.py:809} INFO - DAG(s) dict_keys(['2-bashoperator']) retrieved from /opt/airflow/dags/2_bash_operator.py
[2026-09-21T03:44:16.618+0000] {logging_mixin.py:149} INFO - [2026-09-21T03:44:16.618+0000] {dag.py:2726} INFO - Sync 1 DAGs
[2026-09-21T03:44:16.668+0000] {logging_mixin.py:149} INFO - [2026-09-21T03:44:16.668+0000] {dag.py:3490} INFO - Setting next_dagrun for 2-bashoperator to 2026-09-21T00:00:00+00:00, run_after=2026-09-22T00:00:00+00:00
[2026-09-21T03:44:16.692+0000] {processor.py:178} INFO - Processing /opt/airflow/dags/2_bash_operator.py took 0.170 seconds
[2026-09-21T03:44:47.625+0000] {processor.py:156} INFO - Started process (PID=2558) to work on /opt/airflow/dags/2_bash_operator.py
[2026-09-21T03:44:47.629+0000] {processor.py:799} INFO - Processing file /opt/airflow/dags/2_bash_operator.py for tasks to queue
[2026-09-21T03:44:47.630+0000] {logging_mixin.py:149} INFO - [2026-09-21T03:44:47.630+0000] {dagbag.py:541} INFO - Filling up the DagBag from /opt/airflow/dags/2_bash_operator.py
[2026-09-21T03:44:47.635+0000] {processor.py:809} INFO - DAG(s) dict_keys(['2-bashoperator']) retrieved from /opt/airflow/dags/2_bash_operator.py
[2026-09-21T03:44:47.708+0000] {logging_mixin.py:149} INFO - [2026-09-21T03:44:47.708+0000] {dag.py:2726} INFO - Sync 1 DAGs
[2026-09-21T03:44:47.784+0000] {logging_mixin.py:149} INFO - [2026-09-21T03:44:47.784+0000] {dag.py:3490} INFO - Setting next_dagrun for 2-bashoperator to 2026-09-21T00:00:00+00:00, run_after=2026-09-22T00:00:00+00:00
[2026-09-21T03:44:47.843+0000] {processor.py:178} INFO - Processing /opt/airflow/dags/2_bash_operator.py took 0.222 seconds
[2026-09-21T03:45:18.031+0000] {processor.py:156} INFO - Started process (PID=2572) to work on /opt/airflow/dags/2_bash_operator.py
[2026-09-21T03:45:18.033+0000] {processor.py:799} INFO - Processing file /opt/airflow/dags/2_bash_operator.py for tasks to queue
[2026-09-21T03:45:18.034+0000] {logging_mixin.py:149} INFO - [2026-09-21T03:45:18.034+0000] {dagbag.py:541} INFO - Filling up the DagBag from /opt/airflow/dags/2_bash_operator.py
[2026-09-21T03:45:18.041+0000] {processor.py:809} INFO - DAG(s) dict_keys(['2-bashoperator']) retrieved from /opt/airflow/dags/2_bash_operator.py
[2026-09-21T03:45:18.100+0000] {logging_mixin.py:149} INFO - [2026-09-21T03:45:18.100+0000] {dag.py:2726} INFO - Sync 1 DAGs
[2026-09-21T03:45:18.138+0000] {logging_mixin.py:149} INFO - [2026-09-21T03:45:18.138+0000] {dag.py:3490} INFO - Setting next_dagrun for 2-bashoperator to 2026-09-21T00:00:00+00:00, run_after=2026-09-22T00:00:00+00:00
[2026-09-21T03:45:18.167+0000] {processor.py:178} INFO - Processing /opt/airflow/dags/2_bash_operator.py took 0.143 seconds
[2026-09-21T03:45:48.299+0000] {processor.py:156} INFO - Started process (PID=2586) to work on /opt/airflow/dags/2_bash_operator.py
[2026-09-21T03:45:48.302+0000] {processor.py:799} INFO - Processing file /opt/airflow/dags/2_bash_operator.py for tasks to queue
[2026-09-21T03:45:48.304+0000] {logging_mixin.py:149} INFO - [2026-09-21T03:45:48.303+0000] {dagbag.py:541} INFO - Filling up the DagBag from /opt/airflow/dags/2_bash_operator.py
[2026-09-21T03:45:48.316+0000] {processor.py:809} INFO - DAG(s) dict_keys(['2-bashoperator']) retrieved from /opt/airflow/dags/2_bash_operator.py
[2026-09-21T03:45:48.374+0000] {logging_mixin.py:149} INFO - [2026-09-21T03:45:48.373+0000] {dag.py:2726} INFO - Sync 1 DAGs
[2026-09-21T03:45:48.411+0000] {logging_mixin.py:149} INFO - [2026-09-21T03:45:48.411+0000] {dag.py:3490} INFO - Setting next_dagrun for 2-bashoperator to 2026-09-21T00:00:00+00:00, run_after=2026-09-22T00:00:00+00:00
[2026-09-21T03:45:48.445+0000] {processor.py:178} INFO - Processing /opt/airflow/dags/2_bash_operator.py took 0.156 seconds
[2026-09-21T03:46:19.256+0000] {processor.py:156} INFO - Started process (PID=2607) to work on /opt/airflow/dags/2_bash_operator.py
[2026-09-21T03:46:19.258+0000] {processor.py:799} INFO - Processing file /opt/airflow/dags/2_bash_operator.py for tasks to queue
[2026-09-21T03:46:19.259+0000] {logging_mixin.py:149} INFO - [2026-09-21T03:46:19.258+0000] {dagbag.py:541} INFO - Filling up the DagBag from /opt/airflow/dags/2_bash_operator.py
[2026-09-21T03:46:19.265+0000] {processor.py:809} INFO - DAG(s) dict_keys(['2-bashoperator']) retrieved from /opt/airflow/dags/2_bash_operator.py
[2026-09-21T03:46:19.316+0000] {logging_mixin.py:149} INFO - [2026-09-21T03:46:19.316+0000] {dag.py:2726} INFO - Sync 1 DAGs
[2026-09-21T03:46:19.353+0000] {logging_mixin.py:149} INFO - [2026-09-21T03:46:19.353+0000] {dag.py:3490} INFO - Setting next_dagrun for 2-bashoperator to 2026-09-21T00:00:00+00:00, run_after=2026-09-22T00:00:00+00:00
[2026-09-21T03:46:19.381+0000] {processor.py:178} INFO - Processing /opt/airflow/dags/2_bash_operator.py took 0.130 seconds
[2026-09-21T03:46:50.284+0000] {processor.py:156} INFO - Started process (PID=2621) to work on /opt/airflow/dags/2_bash_operator.py
[2026-09-21T03:46:50.286+0000] {processor.py:799} INFO - Processing file /opt/airflow/dags/2_bash_operator.py for tasks to queue
[2026-09-21T03:46:50.287+0000] {logging_mixin.py:149} INFO - [2026-09-21T03:46:50.287+0000] {dagbag.py:541} INFO - Filling up the DagBag from /opt/airflow/dags/2_bash_operator.py
[2026-09-21T03:46:50.294+0000] {processor.py:809} INFO - DAG(s) dict_keys(['2-bashoperator']) retrieved from /opt/airflow/dags/2_bash_operator.py
[2026-09-21T03:46:50.353+0000] {logging_mixin.py:149} INFO - [2026-09-21T03:46:50.352+0000] {dag.py:2726} INFO - Sync 1 DAGs
[2026-09-21T03:46:50.392+0000] {logging_mixin.py:149} INFO - [2026-09-21T03:46:50.392+0000] {dag.py:3490} INFO - Setting next_dagrun for 2-bashoperator to 2026-09-21T00:00:00+00:00, run_after=2026-09-22T00:00:00+00:00
[2026-09-21T03:46:50.423+0000] {processor.py:178} INFO - Processing /opt/airflow/dags/2_bash_operator.py took 0.145 seconds
[2026-09-21T03:47:20.495+0000] {processor.py:156} INFO - Started process (PID=2635) to work on /opt/airflow/dags/2_bash_operator.py
[2026-09-21T03:47:20.507+0000] {processor.py:799} INFO - Processing file /opt/airflow/dags/2_bash_operator.py for tasks to queue
[2026-09-21T03:47:20.509+0000] {logging_mixin.py:149} INFO - [2026-09-21T03:47:20.508+0000] {dagbag.py:541} INFO - Filling up the DagBag from /opt/airflow/dags/2_bash_operator.py
[2026-09-21T03:47:20.524+0000] {processor.py:809} INFO - DAG(s) dict_keys(['2-bashoperator']) retrieved from /opt/airflow/dags/2_bash_operator.py
[2026-09-21T03:47:20.592+0000] {logging_mixin.py:149} INFO - [2026-09-21T03:47:20.592+0000] {dag.py:2726} INFO - Sync 1 DAGs
[2026-09-21T03:47:20.633+0000] {logging_mixin.py:149} INFO - [2026-09-21T03:47:20.633+0000] {dag.py:3490} INFO - Setting next_dagrun for 2-bashoperator to 2026-09-21T00:00:00+00:00, run_after=2026-09-22T00:00:00+00:00
[2026-09-21T03:47:20.674+0000] {processor.py:178} INFO - Processing /opt/airflow/dags/2_bash_operator.py took 0.188 seconds
[2026-09-21T03:47:51.622+0000] {processor.py:156} INFO - Started process (PID=2649) to work on /opt/airflow/dags/2_bash_operator.py
[2026-09-21T03:47:51.624+0000] {processor.py:799} INFO - Processing file /opt/airflow/dags/2_bash_operator.py for tasks to queue
[2026-09-21T03:47:51.625+0000] {logging_mixin.py:149} INFO - [2026-09-21T03:47:51.625+0000] {dagbag.py:541} INFO - Filling up the DagBag from /opt/airflow/dags/2_bash_operator.py
[2026-09-21T03:47:51.634+0000] {processor.py:809} INFO - DAG(s) dict_keys(['2-bashoperator']) retrieved from /opt/airflow/dags/2_bash_operator.py
[2026-09-21T03:47:51.687+0000] {logging_mixin.py:149} INFO - [2026-09-21T03:47:51.687+0000] {dag.py:2726} INFO - Sync 1 DAGs
[2026-09-21T03:47:51.723+0000] {logging_mixin.py:149} INFO - [2026-09-21T03:47:51.722+0000] {dag.py:3490} INFO - Setting next_dagrun for 2-bashoperator to 2026-09-21T00:00:00+00:00, run_after=2026-09-22T00:00:00+00:00
[2026-09-21T03:47:51.751+0000] {processor.py:178} INFO - Processing /opt/airflow/dags/2_bash_operator.py took 0.140 seconds
[2026-09-21T03:48:18.154+0000] {processor.py:156} INFO - Started process (PID=2669) to work on /opt/airflow/dags/2_bash_operator.py
[2026-09-21T03:48:18.156+0000] {processor.py:799} INFO - Processing file /opt/airflow/dags/2_bash_operator.py for tasks to queue
[2026-09-21T03:48:18.158+0000] {logging_mixin.py:149} INFO - [2026-09-21T03:48:18.157+0000] {dagbag.py:541} INFO - Filling up the DagBag from /opt/airflow/dags/2_bash_operator.py
[2026-09-21T03:48:18.165+0000] {processor.py:809} INFO - DAG(s) dict_keys(['2-bashoperator']) retrieved from /opt/airflow/dags/2_bash_operator.py
[2026-09-21T03:48:18.226+0000] {logging_mixin.py:149} INFO - [2026-09-21T03:48:18.226+0000] {dag.py:2726} INFO - Sync 1 DAGs
[2026-09-21T03:48:18.266+0000] {logging_mixin.py:149} INFO - [2026-09-21T03:48:18.266+0000] {dag.py:3490} INFO - Setting next_dagrun for 2-bashoperator to 2026-09-21T00:00:00+00:00, run_after=2026-09-22T00:00:00+00:00
[2026-09-21T03:48:18.299+0000] {processor.py:178} INFO - Processing /opt/airflow/dags/2_bash_operator.py took 0.152 seconds
[2026-09-21T03:48:48.827+0000] {processor.py:156} INFO - Started process (PID=2683) to work on /opt/airflow/dags/2_bash_operator.py
[2026-09-21T03:48:48.829+0000] {processor.py:799} INFO - Processing file /opt/airflow/dags/2_bash_operator.py for tasks to queue
[2026-09-21T03:48:48.830+0000] {logging_mixin.py:149} INFO - [2026-09-21T03:48:48.830+0000] {dagbag.py:541} INFO - Filling up the DagBag from /opt/airflow/dags/2_bash_operator.py
[2026-09-21T03:48:48.837+0000] {processor.py:809} INFO - DAG(s) dict_keys(['2-bashoperator']) retrieved from /opt/airflow/dags/2_bash_operator.py
[2026-09-21T03:48:48.891+0000] {logging_mixin.py:149} INFO - [2026-09-21T03:48:48.891+0000] {dag.py:2726} INFO - Sync 1 DAGs
[2026-09-21T03:48:48.932+0000] {logging_mixin.py:149} INFO - [2026-09-21T03:48:48.932+0000] {dag.py:3490} INFO - Setting next_dagrun for 2-bashoperator to 2026-09-21T00:00:00+00:00, run_after=2026-09-22T00:00:00+00:00
[2026-09-21T03:48:48.983+0000] {processor.py:178} INFO - Processing /opt/airflow/dags/2_bash_operator.py took 0.168 seconds
[2026-09-21T03:49:19.197+0000] {processor.py:156} INFO - Started process (PID=2697) to work on /opt/airflow/dags/2_bash_operator.py
[2026-09-21T03:49:19.208+0000] {processor.py:799} INFO - Processing file /opt/airflow/dags/2_bash_operator.py for tasks to queue
[2026-09-21T03:49:19.210+0000] {logging_mixin.py:149} INFO - [2026-09-21T03:49:19.210+0000] {dagbag.py:541} INFO - Filling up the DagBag from /opt/airflow/dags/2_bash_operator.py
[2026-09-21T03:49:19.218+0000] {processor.py:809} INFO - DAG(s) dict_keys(['2-bashoperator']) retrieved from /opt/airflow/dags/2_bash_operator.py
[2026-09-21T03:49:19.286+0000] {logging_mixin.py:149} INFO - [2026-09-21T03:49:19.286+0000] {dag.py:2726} INFO - Sync 1 DAGs
[2026-09-21T03:49:19.330+0000] {logging_mixin.py:149} INFO - [2026-09-21T03:49:19.330+0000] {dag.py:3490} INFO - Setting next_dagrun for 2-bashoperator to 2026-09-21T00:00:00+00:00, run_after=2026-09-22T00:00:00+00:00
[2026-09-21T03:49:19.378+0000] {processor.py:178} INFO - Processing /opt/airflow/dags/2_bash_operator.py took 0.196 seconds
[2026-09-21T03:49:49.747+0000] {processor.py:156} INFO - Started process (PID=2707) to work on /opt/airflow/dags/2_bash_operator.py
[2026-09-21T03:49:49.756+0000] {processor.py:799} INFO - Processing file /opt/airflow/dags/2_bash_operator.py for tasks to queue
[2026-09-21T03:49:49.763+0000] {logging_mixin.py:149} INFO - [2026-09-21T03:49:49.763+0000] {dagbag.py:541} INFO - Filling up the DagBag from /opt/airflow/dags/2_bash_operator.py
[2026-09-21T03:49:49.776+0000] {processor.py:809} INFO - DAG(s) dict_keys(['2-bashoperator']) retrieved from /opt/airflow/dags/2_bash_operator.py
[2026-09-21T03:49:49.853+0000] {logging_mixin.py:149} INFO - [2026-09-21T03:49:49.853+0000] {dag.py:2726} INFO - Sync 1 DAGs
[2026-09-21T03:49:49.909+0000] {logging_mixin.py:149} INFO - [2026-09-21T03:49:49.909+0000] {dag.py:3490} INFO - Setting next_dagrun for 2-bashoperator to 2026-09-21T00:00:00+00:00, run_after=2026-09-22T00:00:00+00:00
[2026-09-21T03:49:49.951+0000] {processor.py:178} INFO - Processing /opt/airflow/dags/2_bash_operator.py took 0.210 seconds
[2026-09-21T03:50:20.673+0000] {processor.py:156} INFO - Started process (PID=2721) to work on /opt/airflow/dags/2_bash_operator.py
[2026-09-21T03:50:20.676+0000] {processor.py:799} INFO - Processing file /opt/airflow/dags/2_bash_operator.py for tasks to queue
[2026-09-21T03:50:20.678+0000] {logging_mixin.py:149} INFO - [2026-09-21T03:50:20.677+0000] {dagbag.py:541} INFO - Filling up the DagBag from /opt/airflow/dags/2_bash_operator.py
[2026-09-21T03:50:20.686+0000] {processor.py:809} INFO - DAG(s) dict_keys(['2-bashoperator']) retrieved from /opt/airflow/dags/2_bash_operator.py
[2026-09-21T03:50:20.754+0000] {logging_mixin.py:149} INFO - [2026-09-21T03:50:20.753+0000] {dag.py:2726} INFO - Sync 1 DAGs
[2026-09-21T03:50:20.821+0000] {logging_mixin.py:149} INFO - [2026-09-21T03:50:20.821+0000] {dag.py:3490} INFO - Setting next_dagrun for 2-bashoperator to 2026-09-21T00:00:00+00:00, run_after=2026-09-22T00:00:00+00:00
[2026-09-21T03:50:20.878+0000] {processor.py:178} INFO - Processing /opt/airflow/dags/2_bash_operator.py took 0.218 seconds
[2026-09-21T03:50:51.720+0000] {processor.py:156} INFO - Started process (PID=2735) to work on /opt/airflow/dags/2_bash_operator.py
[2026-09-21T03:50:51.727+0000] {processor.py:799} INFO - Processing file /opt/airflow/dags/2_bash_operator.py for tasks to queue
[2026-09-21T03:50:51.728+0000] {logging_mixin.py:149} INFO - [2026-09-21T03:50:51.728+0000] {dagbag.py:541} INFO - Filling up the DagBag from /opt/airflow/dags/2_bash_operator.py
[2026-09-21T03:50:51.736+0000] {processor.py:809} INFO - DAG(s) dict_keys(['2-bashoperator']) retrieved from /opt/airflow/dags/2_bash_operator.py
[2026-09-21T03:50:51.804+0000] {logging_mixin.py:149} INFO - [2026-09-21T03:50:51.803+0000] {dag.py:2726} INFO - Sync 1 DAGs
[2026-09-21T03:50:51.866+0000] {logging_mixin.py:149} INFO - [2026-09-21T03:50:51.865+0000] {dag.py:3490} INFO - Setting next_dagrun for 2-bashoperator to 2026-09-21T00:00:00+00:00, run_after=2026-09-22T00:00:00+00:00
[2026-09-21T03:50:51.927+0000] {processor.py:178} INFO - Processing /opt/airflow/dags/2_bash_operator.py took 0.212 seconds
[2026-09-21T03:51:22.821+0000] {processor.py:156} INFO - Started process (PID=2749) to work on /opt/airflow/dags/2_bash_operator.py
[2026-09-21T03:51:22.823+0000] {processor.py:799} INFO - Processing file /opt/airflow/dags/2_bash_operator.py for tasks to queue
[2026-09-21T03:51:22.824+0000] {logging_mixin.py:149} INFO - [2026-09-21T03:51:22.824+0000] {dagbag.py:541} INFO - Filling up the DagBag from /opt/airflow/dags/2_bash_operator.py
[2026-09-21T03:51:22.833+0000] {processor.py:809} INFO - DAG(s) dict_keys(['2-bashoperator']) retrieved from /opt/airflow/dags/2_bash_operator.py
[2026-09-21T03:51:22.890+0000] {logging_mixin.py:149} INFO - [2026-09-21T03:51:22.890+0000] {dag.py:2726} INFO - Sync 1 DAGs
[2026-09-21T03:51:22.935+0000] {logging_mixin.py:149} INFO - [2026-09-21T03:51:22.935+0000] {dag.py:3490} INFO - Setting next_dagrun for 2-bashoperator to 2026-09-21T00:00:00+00:00, run_after=2026-09-22T00:00:00+00:00
[2026-09-21T03:51:22.966+0000] {processor.py:178} INFO - Processing /opt/airflow/dags/2_bash_operator.py took 0.151 seconds
[2026-09-21T03:51:53.914+0000] {processor.py:156} INFO - Started process (PID=2763) to work on /opt/airflow/dags/2_bash_operator.py
[2026-09-21T03:51:53.917+0000] {processor.py:799} INFO - Processing file /opt/airflow/dags/2_bash_operator.py for tasks to queue
[2026-09-21T03:51:53.918+0000] {logging_mixin.py:149} INFO - [2026-09-21T03:51:53.918+0000] {dagbag.py:541} INFO - Filling up the DagBag from /opt/airflow/dags/2_bash_operator.py
[2026-09-21T03:51:53.931+0000] {processor.py:809} INFO - DAG(s) dict_keys(['2-bashoperator']) retrieved from /opt/airflow/dags/2_bash_operator.py
[2026-09-21T03:51:53.995+0000] {logging_mixin.py:149} INFO - [2026-09-21T03:51:53.994+0000] {dag.py:2726} INFO - Sync 1 DAGs
[2026-09-21T03:51:54.036+0000] {logging_mixin.py:149} INFO - [2026-09-21T03:51:54.036+0000] {dag.py:3490} INFO - Setting next_dagrun for 2-bashoperator to 2026-09-21T00:00:00+00:00, run_after=2026-09-22T00:00:00+00:00
[2026-09-21T03:51:54.072+0000] {processor.py:178} INFO - Processing /opt/airflow/dags/2_bash_operator.py took 0.165 seconds
[2026-09-21T03:52:25.002+0000] {processor.py:156} INFO - Started process (PID=2777) to work on /opt/airflow/dags/2_bash_operator.py
[2026-09-21T03:52:25.004+0000] {processor.py:799} INFO - Processing file /opt/airflow/dags/2_bash_operator.py for tasks to queue
[2026-09-21T03:52:25.005+0000] {logging_mixin.py:149} INFO - [2026-09-21T03:52:25.005+0000] {dagbag.py:541} INFO - Filling up the DagBag from /opt/airflow/dags/2_bash_operator.py
[2026-09-21T03:52:25.015+0000] {processor.py:809} INFO - DAG(s) dict_keys(['2-bashoperator']) retrieved from /opt/airflow/dags/2_bash_operator.py
[2026-09-21T03:52:25.078+0000] {logging_mixin.py:149} INFO - [2026-09-21T03:52:25.078+0000] {dag.py:2726} INFO - Sync 1 DAGs
[2026-09-21T03:52:25.117+0000] {logging_mixin.py:149} INFO - [2026-09-21T03:52:25.116+0000] {dag.py:3490} INFO - Setting next_dagrun for 2-bashoperator to 2026-09-21T00:00:00+00:00, run_after=2026-09-22T00:00:00+00:00
[2026-09-21T03:52:25.149+0000] {processor.py:178} INFO - Processing /opt/airflow/dags/2_bash_operator.py took 0.153 seconds
[2026-09-21T03:52:56.111+0000] {processor.py:156} INFO - Started process (PID=2791) to work on /opt/airflow/dags/2_bash_operator.py
[2026-09-21T03:52:56.116+0000] {processor.py:799} INFO - Processing file /opt/airflow/dags/2_bash_operator.py for tasks to queue
[2026-09-21T03:52:56.117+0000] {logging_mixin.py:149} INFO - [2026-09-21T03:52:56.117+0000] {dagbag.py:541} INFO - Filling up the DagBag from /opt/airflow/dags/2_bash_operator.py
[2026-09-21T03:52:56.129+0000] {processor.py:809} INFO - DAG(s) dict_keys(['2-bashoperator']) retrieved from /opt/airflow/dags/2_bash_operator.py
[2026-09-21T03:52:56.197+0000] {logging_mixin.py:149} INFO - [2026-09-21T03:52:56.196+0000] {dag.py:2726} INFO - Sync 1 DAGs
[2026-09-21T03:52:56.233+0000] {logging_mixin.py:149} INFO - [2026-09-21T03:52:56.233+0000] {dag.py:3490} INFO - Setting next_dagrun for 2-bashoperator to 2026-09-21T00:00:00+00:00, run_after=2026-09-22T00:00:00+00:00
[2026-09-21T03:52:56.273+0000] {processor.py:178} INFO - Processing /opt/airflow/dags/2_bash_operator.py took 0.168 seconds
[2026-09-21T03:53:27.246+0000] {processor.py:156} INFO - Started process (PID=2805) to work on /opt/airflow/dags/2_bash_operator.py
[2026-09-21T03:53:27.251+0000] {processor.py:799} INFO - Processing file /opt/airflow/dags/2_bash_operator.py for tasks to queue
[2026-09-21T03:53:27.252+0000] {logging_mixin.py:149} INFO - [2026-09-21T03:53:27.252+0000] {dagbag.py:541} INFO - Filling up the DagBag from /opt/airflow/dags/2_bash_operator.py
[2026-09-21T03:53:27.260+0000] {processor.py:809} INFO - DAG(s) dict_keys(['2-bashoperator']) retrieved from /opt/airflow/dags/2_bash_operator.py
[2026-09-21T03:53:27.315+0000] {logging_mixin.py:149} INFO - [2026-09-21T03:53:27.314+0000] {dag.py:2726} INFO - Sync 1 DAGs
[2026-09-21T03:53:27.353+0000] {logging_mixin.py:149} INFO - [2026-09-21T03:53:27.353+0000] {dag.py:3490} INFO - Setting next_dagrun for 2-bashoperator to 2026-09-21T00:00:00+00:00, run_after=2026-09-22T00:00:00+00:00
[2026-09-21T03:53:27.383+0000] {processor.py:178} INFO - Processing /opt/airflow/dags/2_bash_operator.py took 0.147 seconds
[2026-09-21T03:53:58.483+0000] {processor.py:156} INFO - Started process (PID=2819) to work on /opt/airflow/dags/2_bash_operator.py
[2026-09-21T03:53:58.487+0000] {processor.py:799} INFO - Processing file /opt/airflow/dags/2_bash_operator.py for tasks to queue
[2026-09-21T03:53:58.489+0000] {logging_mixin.py:149} INFO - [2026-09-21T03:53:58.488+0000] {dagbag.py:541} INFO - Filling up the DagBag from /opt/airflow/dags/2_bash_operator.py
[2026-09-21T03:53:58.497+0000] {processor.py:809} INFO - DAG(s) dict_keys(['2-bashoperator']) retrieved from /opt/airflow/dags/2_bash_operator.py
[2026-09-21T03:53:58.547+0000] {logging_mixin.py:149} INFO - [2026-09-21T03:53:58.547+0000] {dag.py:2726} INFO - Sync 1 DAGs
[2026-09-21T03:53:58.585+0000] {logging_mixin.py:149} INFO - [2026-09-21T03:53:58.585+0000] {dag.py:3490} INFO - Setting next_dagrun for 2-bashoperator to 2026-09-21T00:00:00+00:00, run_after=2026-09-22T00:00:00+00:00
[2026-09-21T03:53:58.614+0000] {processor.py:178} INFO - Processing /opt/airflow/dags/2_bash_operator.py took 0.146 seconds
[2026-09-21T03:54:29.645+0000] {processor.py:156} INFO - Started process (PID=2833) to work on /opt/airflow/dags/2_bash_operator.py
[2026-09-21T03:54:29.651+0000] {processor.py:799} INFO - Processing file /opt/airflow/dags/2_bash_operator.py for tasks to queue
[2026-09-21T03:54:29.652+0000] {logging_mixin.py:149} INFO - [2026-09-21T03:54:29.652+0000] {dagbag.py:541} INFO - Filling up the DagBag from /opt/airflow/dags/2_bash_operator.py
[2026-09-21T03:54:29.668+0000] {processor.py:809} INFO - DAG(s) dict_keys(['2-bashoperator']) retrieved from /opt/airflow/dags/2_bash_operator.py
[2026-09-21T03:54:29.759+0000] {logging_mixin.py:149} INFO - [2026-09-21T03:54:29.759+0000] {dag.py:2726} INFO - Sync 1 DAGs
[2026-09-21T03:54:29.811+0000] {logging_mixin.py:149} INFO - [2026-09-21T03:54:29.810+0000] {dag.py:3490} INFO - Setting next_dagrun for 2-bashoperator to 2026-09-21T00:00:00+00:00, run_after=2026-09-22T00:00:00+00:00
[2026-09-21T03:54:29.860+0000] {processor.py:178} INFO - Processing /opt/airflow/dags/2_bash_operator.py took 0.224 seconds
[2026-09-21T03:55:00.821+0000] {processor.py:156} INFO - Started process (PID=2847) to work on /opt/airflow/dags/2_bash_operator.py
[2026-09-21T03:55:00.823+0000] {processor.py:799} INFO - Processing file /opt/airflow/dags/2_bash_operator.py for tasks to queue
[2026-09-21T03:55:00.824+0000] {logging_mixin.py:149} INFO - [2026-09-21T03:55:00.824+0000] {dagbag.py:541} INFO - Filling up the DagBag from /opt/airflow/dags/2_bash_operator.py
[2026-09-21T03:55:00.832+0000] {processor.py:809} INFO - DAG(s) dict_keys(['2-bashoperator']) retrieved from /opt/airflow/dags/2_bash_operator.py
[2026-09-21T03:55:00.910+0000] {logging_mixin.py:149} INFO - [2026-09-21T03:55:00.909+0000] {dag.py:2726} INFO - Sync 1 DAGs
[2026-09-21T03:55:00.952+0000] {logging_mixin.py:149} INFO - [2026-09-21T03:55:00.952+0000] {dag.py:3490} INFO - Setting next_dagrun for 2-bashoperator to 2026-09-21T00:00:00+00:00, run_after=2026-09-22T00:00:00+00:00
[2026-09-21T03:55:00.981+0000] {processor.py:178} INFO - Processing /opt/airflow/dags/2_bash_operator.py took 0.166 seconds
[2026-09-21T03:55:31.915+0000] {processor.py:156} INFO - Started process (PID=2861) to work on /opt/airflow/dags/2_bash_operator.py
[2026-09-21T03:55:31.917+0000] {processor.py:799} INFO - Processing file /opt/airflow/dags/2_bash_operator.py for tasks to queue
[2026-09-21T03:55:31.917+0000] {logging_mixin.py:149} INFO - [2026-09-21T03:55:31.917+0000] {dagbag.py:541} INFO - Filling up the DagBag from /opt/airflow/dags/2_bash_operator.py
[2026-09-21T03:55:31.924+0000] {processor.py:809} INFO - DAG(s) dict_keys(['2-bashoperator']) retrieved from /opt/airflow/dags/2_bash_operator.py
[2026-09-21T03:55:31.974+0000] {logging_mixin.py:149} INFO - [2026-09-21T03:55:31.974+0000] {dag.py:2726} INFO - Sync 1 DAGs
[2026-09-21T03:55:32.023+0000] {logging_mixin.py:149} INFO - [2026-09-21T03:55:32.021+0000] {dag.py:3490} INFO - Setting next_dagrun for 2-bashoperator to 2026-09-21T00:00:00+00:00, run_after=2026-09-22T00:00:00+00:00
[2026-09-21T03:55:32.069+0000] {processor.py:178} INFO - Processing /opt/airflow/dags/2_bash_operator.py took 0.167 seconds
[2026-09-21T03:56:02.966+0000] {processor.py:156} INFO - Started process (PID=2875) to work on /opt/airflow/dags/2_bash_operator.py
[2026-09-21T03:56:02.968+0000] {processor.py:799} INFO - Processing file /opt/airflow/dags/2_bash_operator.py for tasks to queue
[2026-09-21T03:56:02.969+0000] {logging_mixin.py:149} INFO - [2026-09-21T03:56:02.969+0000] {dagbag.py:541} INFO - Filling up the DagBag from /opt/airflow/dags/2_bash_operator.py
[2026-09-21T03:56:02.976+0000] {processor.py:809} INFO - DAG(s) dict_keys(['2-bashoperator']) retrieved from /opt/airflow/dags/2_bash_operator.py
[2026-09-21T03:56:03.038+0000] {logging_mixin.py:149} INFO - [2026-09-21T03:56:03.038+0000] {dag.py:2726} INFO - Sync 1 DAGs
[2026-09-21T03:56:03.117+0000] {logging_mixin.py:149} INFO - [2026-09-21T03:56:03.117+0000] {dag.py:3490} INFO - Setting next_dagrun for 2-bashoperator to 2026-09-21T00:00:00+00:00, run_after=2026-09-22T00:00:00+00:00
[2026-09-21T03:56:03.159+0000] {processor.py:178} INFO - Processing /opt/airflow/dags/2_bash_operator.py took 0.198 seconds
[2026-09-21T03:56:34.054+0000] {processor.py:156} INFO - Started process (PID=2889) to work on /opt/airflow/dags/2_bash_operator.py
[2026-09-21T03:56:34.055+0000] {processor.py:799} INFO - Processing file /opt/airflow/dags/2_bash_operator.py for tasks to queue
[2026-09-21T03:56:34.056+0000] {logging_mixin.py:149} INFO - [2026-09-21T03:56:34.056+0000] {dagbag.py:541} INFO - Filling up the DagBag from /opt/airflow/dags/2_bash_operator.py
[2026-09-21T03:56:34.063+0000] {processor.py:809} INFO - DAG(s) dict_keys(['2-bashoperator']) retrieved from /opt/airflow/dags/2_bash_operator.py
[2026-09-21T03:56:34.111+0000] {logging_mixin.py:149} INFO - [2026-09-21T03:56:34.111+0000] {dag.py:2726} INFO - Sync 1 DAGs
[2026-09-21T03:56:34.148+0000] {logging_mixin.py:149} INFO - [2026-09-21T03:56:34.148+0000] {dag.py:3490} INFO - Setting next_dagrun for 2-bashoperator to 2026-09-21T00:00:00+00:00, run_after=2026-09-22T00:00:00+00:00
[2026-09-21T03:56:34.185+0000] {processor.py:178} INFO - Processing /opt/airflow/dags/2_bash_operator.py took 0.137 seconds
[2026-09-21T03:57:05.104+0000] {processor.py:156} INFO - Started process (PID=2903) to work on /opt/airflow/dags/2_bash_operator.py
[2026-09-21T03:57:05.106+0000] {processor.py:799} INFO - Processing file /opt/airflow/dags/2_bash_operator.py for tasks to queue
[2026-09-21T03:57:05.107+0000] {logging_mixin.py:149} INFO - [2026-09-21T03:57:05.107+0000] {dagbag.py:541} INFO - Filling up the DagBag from /opt/airflow/dags/2_bash_operator.py
[2026-09-21T03:57:05.115+0000] {processor.py:809} INFO - DAG(s) dict_keys(['2-bashoperator']) retrieved from /opt/airflow/dags/2_bash_operator.py
[2026-09-21T03:57:05.174+0000] {logging_mixin.py:149} INFO - [2026-09-21T03:57:05.174+0000] {dag.py:2726} INFO - Sync 1 DAGs
[2026-09-21T03:57:05.214+0000] {logging_mixin.py:149} INFO - [2026-09-21T03:57:05.214+0000] {dag.py:3490} INFO - Setting next_dagrun for 2-bashoperator to 2026-09-21T00:00:00+00:00, run_after=2026-09-22T00:00:00+00:00
[2026-09-21T03:57:05.254+0000] {processor.py:178} INFO - Processing /opt/airflow/dags/2_bash_operator.py took 0.156 seconds
[2026-09-21T03:57:22.338+0000] {processor.py:156} INFO - Started process (PID=2923) to work on /opt/airflow/dags/2_bash_operator.py
[2026-09-21T03:57:22.349+0000] {processor.py:799} INFO - Processing file /opt/airflow/dags/2_bash_operator.py for tasks to queue
[2026-09-21T03:57:22.359+0000] {logging_mixin.py:149} INFO - [2026-09-21T03:57:22.350+0000] {dagbag.py:541} INFO - Filling up the DagBag from /opt/airflow/dags/2_bash_operator.py
[2026-09-21T03:57:22.401+0000] {processor.py:809} INFO - DAG(s) dict_keys(['2-bashoperator']) retrieved from /opt/airflow/dags/2_bash_operator.py
[2026-09-21T03:57:22.568+0000] {logging_mixin.py:149} INFO - [2026-09-21T03:57:22.560+0000] {dag.py:2726} INFO - Sync 1 DAGs
[2026-09-21T03:57:22.663+0000] {logging_mixin.py:149} INFO - [2026-09-21T03:57:22.663+0000] {dag.py:3490} INFO - Setting next_dagrun for 2-bashoperator to 2026-09-21T00:00:00+00:00, run_after=2026-09-22T00:00:00+00:00
[2026-09-21T03:57:22.749+0000] {processor.py:178} INFO - Processing /opt/airflow/dags/2_bash_operator.py took 0.421 seconds
[2026-09-21T03:57:52.982+0000] {processor.py:156} INFO - Started process (PID=2934) to work on /opt/airflow/dags/2_bash_operator.py
[2026-09-21T03:57:52.987+0000] {processor.py:799} INFO - Processing file /opt/airflow/dags/2_bash_operator.py for tasks to queue
[2026-09-21T03:57:52.988+0000] {logging_mixin.py:149} INFO - [2026-09-21T03:57:52.988+0000] {dagbag.py:541} INFO - Filling up the DagBag from /opt/airflow/dags/2_bash_operator.py
[2026-09-21T03:57:52.998+0000] {processor.py:809} INFO - DAG(s) dict_keys(['2-bashoperator']) retrieved from /opt/airflow/dags/2_bash_operator.py
[2026-09-21T03:57:53.120+0000] {logging_mixin.py:149} INFO - [2026-09-21T03:57:53.119+0000] {dag.py:2726} INFO - Sync 1 DAGs
[2026-09-21T03:57:53.210+0000] {logging_mixin.py:149} INFO - [2026-09-21T03:57:53.209+0000] {dag.py:3490} INFO - Setting next_dagrun for 2-bashoperator to 2026-09-21T00:00:00+00:00, run_after=2026-09-22T00:00:00+00:00
[2026-09-21T03:57:53.296+0000] {processor.py:178} INFO - Processing /opt/airflow/dags/2_bash_operator.py took 0.334 seconds
[2026-09-21T03:58:24.121+0000] {processor.py:156} INFO - Started process (PID=2947) to work on /opt/airflow/dags/2_bash_operator.py
[2026-09-21T03:58:24.130+0000] {processor.py:799} INFO - Processing file /opt/airflow/dags/2_bash_operator.py for tasks to queue
[2026-09-21T03:58:24.131+0000] {logging_mixin.py:149} INFO - [2026-09-21T03:58:24.130+0000] {dagbag.py:541} INFO - Filling up the DagBag from /opt/airflow/dags/2_bash_operator.py
[2026-09-21T03:58:24.145+0000] {processor.py:809} INFO - DAG(s) dict_keys(['2-bashoperator']) retrieved from /opt/airflow/dags/2_bash_operator.py
[2026-09-21T03:58:24.205+0000] {logging_mixin.py:149} INFO - [2026-09-21T03:58:24.205+0000] {dag.py:2726} INFO - Sync 1 DAGs
[2026-09-21T03:58:24.246+0000] {logging_mixin.py:149} INFO - [2026-09-21T03:58:24.245+0000] {dag.py:3490} INFO - Setting next_dagrun for 2-bashoperator to 2026-09-21T00:00:00+00:00, run_after=2026-09-22T00:00:00+00:00
[2026-09-21T03:58:24.279+0000] {processor.py:178} INFO - Processing /opt/airflow/dags/2_bash_operator.py took 0.164 seconds
[2026-09-21T03:58:52.914+0000] {processor.py:156} INFO - Started process (PID=2967) to work on /opt/airflow/dags/2_bash_operator.py
[2026-09-21T03:58:52.917+0000] {processor.py:799} INFO - Processing file /opt/airflow/dags/2_bash_operator.py for tasks to queue
[2026-09-21T03:58:52.918+0000] {logging_mixin.py:149} INFO - [2026-09-21T03:58:52.918+0000] {dagbag.py:541} INFO - Filling up the DagBag from /opt/airflow/dags/2_bash_operator.py
[2026-09-21T03:58:52.925+0000] {processor.py:809} INFO - DAG(s) dict_keys(['2-bashoperator']) retrieved from /opt/airflow/dags/2_bash_operator.py
[2026-09-21T03:58:52.974+0000] {logging_mixin.py:149} INFO - [2026-09-21T03:58:52.974+0000] {dag.py:2726} INFO - Sync 1 DAGs
[2026-09-21T03:58:53.014+0000] {logging_mixin.py:149} INFO - [2026-09-21T03:58:53.014+0000] {dag.py:3490} INFO - Setting next_dagrun for 2-bashoperator to 2026-09-21T00:00:00+00:00, run_after=2026-09-22T00:00:00+00:00
[2026-09-21T03:58:53.050+0000] {processor.py:178} INFO - Processing /opt/airflow/dags/2_bash_operator.py took 0.142 seconds
[2026-09-21T03:59:23.147+0000] {processor.py:156} INFO - Started process (PID=2977) to work on /opt/airflow/dags/2_bash_operator.py
[2026-09-21T03:59:23.149+0000] {processor.py:799} INFO - Processing file /opt/airflow/dags/2_bash_operator.py for tasks to queue
[2026-09-21T03:59:23.150+0000] {logging_mixin.py:149} INFO - [2026-09-21T03:59:23.149+0000] {dagbag.py:541} INFO - Filling up the DagBag from /opt/airflow/dags/2_bash_operator.py
[2026-09-21T03:59:23.156+0000] {processor.py:809} INFO - DAG(s) dict_keys(['2-bashoperator']) retrieved from /opt/airflow/dags/2_bash_operator.py
[2026-09-21T03:59:23.213+0000] {logging_mixin.py:149} INFO - [2026-09-21T03:59:23.213+0000] {dag.py:2726} INFO - Sync 1 DAGs
[2026-09-21T03:59:23.252+0000] {logging_mixin.py:149} INFO - [2026-09-21T03:59:23.252+0000] {dag.py:3490} INFO - Setting next_dagrun for 2-bashoperator to 2026-09-21T00:00:00+00:00, run_after=2026-09-22T00:00:00+00:00
[2026-09-21T03:59:23.280+0000] {processor.py:178} INFO - Processing /opt/airflow/dags/2_bash_operator.py took 0.139 seconds
[2026-09-21T03:59:54.171+0000] {processor.py:156} INFO - Started process (PID=2991) to work on /opt/airflow/dags/2_bash_operator.py
[2026-09-21T03:59:54.175+0000] {processor.py:799} INFO - Processing file /opt/airflow/dags/2_bash_operator.py for tasks to queue
[2026-09-21T03:59:54.176+0000] {logging_mixin.py:149} INFO - [2026-09-21T03:59:54.176+0000] {dagbag.py:541} INFO - Filling up the DagBag from /opt/airflow/dags/2_bash_operator.py
[2026-09-21T03:59:54.188+0000] {processor.py:809} INFO - DAG(s) dict_keys(['2-bashoperator']) retrieved from /opt/airflow/dags/2_bash_operator.py
[2026-09-21T03:59:54.249+0000] {logging_mixin.py:149} INFO - [2026-09-21T03:59:54.249+0000] {dag.py:2726} INFO - Sync 1 DAGs
[2026-09-21T03:59:54.283+0000] {logging_mixin.py:149} INFO - [2026-09-21T03:59:54.283+0000] {dag.py:3490} INFO - Setting next_dagrun for 2-bashoperator to 2026-09-21T00:00:00+00:00, run_after=2026-09-22T00:00:00+00:00
[2026-09-21T03:59:54.309+0000] {processor.py:178} INFO - Processing /opt/airflow/dags/2_bash_operator.py took 0.151 seconds
[2026-09-21T04:00:25.108+0000] {processor.py:156} INFO - Started process (PID=3005) to work on /opt/airflow/dags/2_bash_operator.py
[2026-09-21T04:00:25.109+0000] {processor.py:799} INFO - Processing file /opt/airflow/dags/2_bash_operator.py for tasks to queue
[2026-09-21T04:00:25.109+0000] {logging_mixin.py:149} INFO - [2026-09-21T04:00:25.109+0000] {dagbag.py:541} INFO - Filling up the DagBag from /opt/airflow/dags/2_bash_operator.py
[2026-09-21T04:00:25.115+0000] {processor.py:809} INFO - DAG(s) dict_keys(['2-bashoperator']) retrieved from /opt/airflow/dags/2_bash_operator.py
[2026-09-21T04:00:25.180+0000] {logging_mixin.py:149} INFO - [2026-09-21T04:00:25.179+0000] {dag.py:2726} INFO - Sync 1 DAGs
[2026-09-21T04:00:25.220+0000] {logging_mixin.py:149} INFO - [2026-09-21T04:00:25.220+0000] {dag.py:3490} INFO - Setting next_dagrun for 2-bashoperator to 2026-09-21T00:00:00+00:00, run_after=2026-09-22T00:00:00+00:00
[2026-09-21T04:00:25.243+0000] {processor.py:178} INFO - Processing /opt/airflow/dags/2_bash_operator.py took 0.140 seconds
[2026-09-21T04:00:56.331+0000] {processor.py:156} INFO - Started process (PID=3025) to work on /opt/airflow/dags/2_bash_operator.py
[2026-09-21T04:00:56.337+0000] {processor.py:799} INFO - Processing file /opt/airflow/dags/2_bash_operator.py for tasks to queue
[2026-09-21T04:00:56.338+0000] {logging_mixin.py:149} INFO - [2026-09-21T04:00:56.338+0000] {dagbag.py:541} INFO - Filling up the DagBag from /opt/airflow/dags/2_bash_operator.py
[2026-09-21T04:00:56.345+0000] {processor.py:809} INFO - DAG(s) dict_keys(['2-bashoperator']) retrieved from /opt/airflow/dags/2_bash_operator.py
[2026-09-21T04:00:56.394+0000] {logging_mixin.py:149} INFO - [2026-09-21T04:00:56.393+0000] {dag.py:2726} INFO - Sync 1 DAGs
[2026-09-21T04:00:56.711+0000] {logging_mixin.py:149} INFO - [2026-09-21T04:00:56.710+0000] {dag.py:3490} INFO - Setting next_dagrun for 2-bashoperator to 2026-09-21T00:00:00+00:00, run_after=2026-09-22T00:00:00+00:00
[2026-09-21T04:00:56.735+0000] {processor.py:178} INFO - Processing /opt/airflow/dags/2_bash_operator.py took 0.410 seconds
[2026-09-21T04:01:27.410+0000] {processor.py:156} INFO - Started process (PID=3039) to work on /opt/airflow/dags/2_bash_operator.py
[2026-09-21T04:01:27.412+0000] {processor.py:799} INFO - Processing file /opt/airflow/dags/2_bash_operator.py for tasks to queue
[2026-09-21T04:01:27.413+0000] {logging_mixin.py:149} INFO - [2026-09-21T04:01:27.413+0000] {dagbag.py:541} INFO - Filling up the DagBag from /opt/airflow/dags/2_bash_operator.py
[2026-09-21T04:01:27.420+0000] {processor.py:809} INFO - DAG(s) dict_keys(['2-bashoperator']) retrieved from /opt/airflow/dags/2_bash_operator.py
[2026-09-21T04:01:27.773+0000] {logging_mixin.py:149} INFO - [2026-09-21T04:01:27.772+0000] {dag.py:2726} INFO - Sync 1 DAGs
[2026-09-21T04:01:27.822+0000] {logging_mixin.py:149} INFO - [2026-09-21T04:01:27.822+0000] {dag.py:3490} INFO - Setting next_dagrun for 2-bashoperator to 2026-09-21T00:00:00+00:00, run_after=2026-09-22T00:00:00+00:00
[2026-09-21T04:01:27.851+0000] {processor.py:178} INFO - Processing /opt/airflow/dags/2_bash_operator.py took 0.447 seconds
[2026-09-21T04:01:57.914+0000] {processor.py:156} INFO - Started process (PID=3053) to work on /opt/airflow/dags/2_bash_operator.py
[2026-09-21T04:01:57.916+0000] {processor.py:799} INFO - Processing file /opt/airflow/dags/2_bash_operator.py for tasks to queue
[2026-09-21T04:01:57.917+0000] {logging_mixin.py:149} INFO - [2026-09-21T04:01:57.917+0000] {dagbag.py:541} INFO - Filling up the DagBag from /opt/airflow/dags/2_bash_operator.py
[2026-09-21T04:01:57.925+0000] {processor.py:809} INFO - DAG(s) dict_keys(['2-bashoperator']) retrieved from /opt/airflow/dags/2_bash_operator.py
[2026-09-21T04:01:58.011+0000] {logging_mixin.py:149} INFO - [2026-09-21T04:01:58.010+0000] {dag.py:2726} INFO - Sync 1 DAGs
[2026-09-21T04:01:58.082+0000] {logging_mixin.py:149} INFO - [2026-09-21T04:01:58.082+0000] {dag.py:3490} INFO - Setting next_dagrun for 2-bashoperator to 2026-09-21T00:00:00+00:00, run_after=2026-09-22T00:00:00+00:00
[2026-09-21T04:01:58.111+0000] {processor.py:178} INFO - Processing /opt/airflow/dags/2_bash_operator.py took 0.204 seconds
[2026-09-21T04:02:27.672+0000] {processor.py:156} INFO - Started process (PID=3069) to work on /opt/airflow/dags/2_bash_operator.py
[2026-09-21T04:02:27.678+0000] {processor.py:799} INFO - Processing file /opt/airflow/dags/2_bash_operator.py for tasks to queue
[2026-09-21T04:02:27.679+0000] {logging_mixin.py:149} INFO - [2026-09-21T04:02:27.679+0000] {dagbag.py:541} INFO - Filling up the DagBag from /opt/airflow/dags/2_bash_operator.py
[2026-09-21T04:02:27.690+0000] {processor.py:809} INFO - DAG(s) dict_keys(['2-bashoperator']) retrieved from /opt/airflow/dags/2_bash_operator.py
[2026-09-21T04:02:27.767+0000] {logging_mixin.py:149} INFO - [2026-09-21T04:02:27.767+0000] {dag.py:2726} INFO - Sync 1 DAGs
[2026-09-21T04:02:27.843+0000] {logging_mixin.py:149} INFO - [2026-09-21T04:02:27.843+0000] {dag.py:3490} INFO - Setting next_dagrun for 2-bashoperator to 2026-09-21T00:00:00+00:00, run_after=2026-09-22T00:00:00+00:00
[2026-09-21T04:02:27.891+0000] {processor.py:178} INFO - Processing /opt/airflow/dags/2_bash_operator.py took 0.231 seconds
[2026-09-21T04:02:58.387+0000] {processor.py:156} INFO - Started process (PID=3084) to work on /opt/airflow/dags/2_bash_operator.py
[2026-09-21T04:02:58.389+0000] {processor.py:799} INFO - Processing file /opt/airflow/dags/2_bash_operator.py for tasks to queue
[2026-09-21T04:02:58.390+0000] {logging_mixin.py:149} INFO - [2026-09-21T04:02:58.390+0000] {dagbag.py:541} INFO - Filling up the DagBag from /opt/airflow/dags/2_bash_operator.py
[2026-09-21T04:02:58.398+0000] {processor.py:809} INFO - DAG(s) dict_keys(['2-bashoperator']) retrieved from /opt/airflow/dags/2_bash_operator.py
[2026-09-21T04:02:58.451+0000] {logging_mixin.py:149} INFO - [2026-09-21T04:02:58.450+0000] {dag.py:2726} INFO - Sync 1 DAGs
[2026-09-21T04:02:58.487+0000] {logging_mixin.py:149} INFO - [2026-09-21T04:02:58.487+0000] {dag.py:3490} INFO - Setting next_dagrun for 2-bashoperator to 2026-09-21T00:00:00+00:00, run_after=2026-09-22T00:00:00+00:00
[2026-09-21T04:02:58.515+0000] {processor.py:178} INFO - Processing /opt/airflow/dags/2_bash_operator.py took 0.136 seconds
[2026-09-21T04:03:28.627+0000] {processor.py:156} INFO - Started process (PID=3097) to work on /opt/airflow/dags/2_bash_operator.py
[2026-09-21T04:03:28.630+0000] {processor.py:799} INFO - Processing file /opt/airflow/dags/2_bash_operator.py for tasks to queue
[2026-09-21T04:03:28.631+0000] {logging_mixin.py:149} INFO - [2026-09-21T04:03:28.631+0000] {dagbag.py:541} INFO - Filling up the DagBag from /opt/airflow/dags/2_bash_operator.py
[2026-09-21T04:03:28.640+0000] {processor.py:809} INFO - DAG(s) dict_keys(['2-bashoperator']) retrieved from /opt/airflow/dags/2_bash_operator.py
[2026-09-21T04:03:28.687+0000] {logging_mixin.py:149} INFO - [2026-09-21T04:03:28.686+0000] {dag.py:2726} INFO - Sync 1 DAGs
[2026-09-21T04:03:28.718+0000] {logging_mixin.py:149} INFO - [2026-09-21T04:03:28.718+0000] {dag.py:3490} INFO - Setting next_dagrun for 2-bashoperator to 2026-09-21T00:00:00+00:00, run_after=2026-09-22T00:00:00+00:00
[2026-09-21T04:03:28.749+0000] {processor.py:178} INFO - Processing /opt/airflow/dags/2_bash_operator.py took 0.128 seconds
[2026-09-21T04:03:58.990+0000] {processor.py:156} INFO - Started process (PID=3107) to work on /opt/airflow/dags/2_bash_operator.py
[2026-09-21T04:03:58.992+0000] {processor.py:799} INFO - Processing file /opt/airflow/dags/2_bash_operator.py for tasks to queue
[2026-09-21T04:03:58.993+0000] {logging_mixin.py:149} INFO - [2026-09-21T04:03:58.992+0000] {dagbag.py:541} INFO - Filling up the DagBag from /opt/airflow/dags/2_bash_operator.py
[2026-09-21T04:03:59.000+0000] {processor.py:809} INFO - DAG(s) dict_keys(['2-bashoperator']) retrieved from /opt/airflow/dags/2_bash_operator.py
[2026-09-21T04:03:59.093+0000] {logging_mixin.py:149} INFO - [2026-09-21T04:03:59.092+0000] {dag.py:2726} INFO - Sync 1 DAGs
[2026-09-21T04:03:59.150+0000] {logging_mixin.py:149} INFO - [2026-09-21T04:03:59.150+0000] {dag.py:3490} INFO - Setting next_dagrun for 2-bashoperator to 2026-09-21T00:00:00+00:00, run_after=2026-09-22T00:00:00+00:00
[2026-09-21T04:03:59.188+0000] {processor.py:178} INFO - Processing /opt/airflow/dags/2_bash_operator.py took 0.216 seconds
[2026-09-21T04:04:30.145+0000] {processor.py:156} INFO - Started process (PID=3121) to work on /opt/airflow/dags/2_bash_operator.py
[2026-09-21T04:04:30.153+0000] {processor.py:799} INFO - Processing file /opt/airflow/dags/2_bash_operator.py for tasks to queue
[2026-09-21T04:04:30.154+0000] {logging_mixin.py:149} INFO - [2026-09-21T04:04:30.154+0000] {dagbag.py:541} INFO - Filling up the DagBag from /opt/airflow/dags/2_bash_operator.py
[2026-09-21T04:04:30.162+0000] {processor.py:809} INFO - DAG(s) dict_keys(['2-bashoperator']) retrieved from /opt/airflow/dags/2_bash_operator.py
[2026-09-21T04:04:30.213+0000] {logging_mixin.py:149} INFO - [2026-09-21T04:04:30.212+0000] {dag.py:2726} INFO - Sync 1 DAGs
[2026-09-21T04:04:30.250+0000] {logging_mixin.py:149} INFO - [2026-09-21T04:04:30.250+0000] {dag.py:3490} INFO - Setting next_dagrun for 2-bashoperator to 2026-09-21T00:00:00+00:00, run_after=2026-09-22T00:00:00+00:00
[2026-09-21T04:04:30.278+0000] {processor.py:178} INFO - Processing /opt/airflow/dags/2_bash_operator.py took 0.140 seconds
[2026-09-21T04:05:00.804+0000] {processor.py:156} INFO - Started process (PID=3135) to work on /opt/airflow/dags/2_bash_operator.py
[2026-09-21T04:05:00.806+0000] {processor.py:799} INFO - Processing file /opt/airflow/dags/2_bash_operator.py for tasks to queue
[2026-09-21T04:05:00.807+0000] {logging_mixin.py:149} INFO - [2026-09-21T04:05:00.807+0000] {dagbag.py:541} INFO - Filling up the DagBag from /opt/airflow/dags/2_bash_operator.py
[2026-09-21T04:05:00.814+0000] {processor.py:809} INFO - DAG(s) dict_keys(['2-bashoperator']) retrieved from /opt/airflow/dags/2_bash_operator.py
[2026-09-21T04:05:00.872+0000] {logging_mixin.py:149} INFO - [2026-09-21T04:05:00.872+0000] {dag.py:2726} INFO - Sync 1 DAGs
[2026-09-21T04:05:00.911+0000] {logging_mixin.py:149} INFO - [2026-09-21T04:05:00.911+0000] {dag.py:3490} INFO - Setting next_dagrun for 2-bashoperator to 2026-09-21T00:00:00+00:00, run_after=2026-09-22T00:00:00+00:00
[2026-09-21T04:05:00.941+0000] {processor.py:178} INFO - Processing /opt/airflow/dags/2_bash_operator.py took 0.145 seconds
[2026-09-21T04:05:31.511+0000] {processor.py:156} INFO - Started process (PID=3149) to work on /opt/airflow/dags/2_bash_operator.py
[2026-09-21T04:05:31.518+0000] {processor.py:799} INFO - Processing file /opt/airflow/dags/2_bash_operator.py for tasks to queue
[2026-09-21T04:05:31.519+0000] {logging_mixin.py:149} INFO - [2026-09-21T04:05:31.519+0000] {dagbag.py:541} INFO - Filling up the DagBag from /opt/airflow/dags/2_bash_operator.py
[2026-09-21T04:05:31.526+0000] {processor.py:809} INFO - DAG(s) dict_keys(['2-bashoperator']) retrieved from /opt/airflow/dags/2_bash_operator.py
[2026-09-21T04:05:31.588+0000] {logging_mixin.py:149} INFO - [2026-09-21T04:05:31.588+0000] {dag.py:2726} INFO - Sync 1 DAGs
[2026-09-21T04:05:31.628+0000] {logging_mixin.py:149} INFO - [2026-09-21T04:05:31.628+0000] {dag.py:3490} INFO - Setting next_dagrun for 2-bashoperator to 2026-09-21T00:00:00+00:00, run_after=2026-09-22T00:00:00+00:00
[2026-09-21T04:05:31.657+0000] {processor.py:178} INFO - Processing /opt/airflow/dags/2_bash_operator.py took 0.158 seconds
[2026-09-21T04:06:02.544+0000] {processor.py:156} INFO - Started process (PID=3163) to work on /opt/airflow/dags/2_bash_operator.py
[2026-09-21T04:06:02.548+0000] {processor.py:799} INFO - Processing file /opt/airflow/dags/2_bash_operator.py for tasks to queue
[2026-09-21T04:06:02.548+0000] {logging_mixin.py:149} INFO - [2026-09-21T04:06:02.548+0000] {dagbag.py:541} INFO - Filling up the DagBag from /opt/airflow/dags/2_bash_operator.py
[2026-09-21T04:06:02.555+0000] {processor.py:809} INFO - DAG(s) dict_keys(['2-bashoperator']) retrieved from /opt/airflow/dags/2_bash_operator.py
[2026-09-21T04:06:02.617+0000] {logging_mixin.py:149} INFO - [2026-09-21T04:06:02.617+0000] {dag.py:2726} INFO - Sync 1 DAGs
[2026-09-21T04:06:02.657+0000] {logging_mixin.py:149} INFO - [2026-09-21T04:06:02.656+0000] {dag.py:3490} INFO - Setting next_dagrun for 2-bashoperator to 2026-09-21T00:00:00+00:00, run_after=2026-09-22T00:00:00+00:00
[2026-09-21T04:06:02.691+0000] {processor.py:178} INFO - Processing /opt/airflow/dags/2_bash_operator.py took 0.158 seconds
[2026-09-21T04:06:33.419+0000] {processor.py:156} INFO - Started process (PID=3177) to work on /opt/airflow/dags/2_bash_operator.py
[2026-09-21T04:06:33.428+0000] {processor.py:799} INFO - Processing file /opt/airflow/dags/2_bash_operator.py for tasks to queue
[2026-09-21T04:06:33.429+0000] {logging_mixin.py:149} INFO - [2026-09-21T04:06:33.429+0000] {dagbag.py:541} INFO - Filling up the DagBag from /opt/airflow/dags/2_bash_operator.py
[2026-09-21T04:06:33.436+0000] {processor.py:809} INFO - DAG(s) dict_keys(['2-bashoperator']) retrieved from /opt/airflow/dags/2_bash_operator.py
[2026-09-21T04:06:33.512+0000] {logging_mixin.py:149} INFO - [2026-09-21T04:06:33.511+0000] {dag.py:2726} INFO - Sync 1 DAGs
[2026-09-21T04:06:33.562+0000] {logging_mixin.py:149} INFO - [2026-09-21T04:06:33.562+0000] {dag.py:3490} INFO - Setting next_dagrun for 2-bashoperator to 2026-09-21T00:00:00+00:00, run_after=2026-09-22T00:00:00+00:00
[2026-09-21T04:06:33.614+0000] {processor.py:178} INFO - Processing /opt/airflow/dags/2_bash_operator.py took 0.201 seconds
[2026-09-21T04:07:04.443+0000] {processor.py:156} INFO - Started process (PID=3191) to work on /opt/airflow/dags/2_bash_operator.py
[2026-09-21T04:07:04.444+0000] {processor.py:799} INFO - Processing file /opt/airflow/dags/2_bash_operator.py for tasks to queue
[2026-09-21T04:07:04.445+0000] {logging_mixin.py:149} INFO - [2026-09-21T04:07:04.445+0000] {dagbag.py:541} INFO - Filling up the DagBag from /opt/airflow/dags/2_bash_operator.py
[2026-09-21T04:07:04.450+0000] {processor.py:809} INFO - DAG(s) dict_keys(['2-bashoperator']) retrieved from /opt/airflow/dags/2_bash_operator.py
[2026-09-21T04:07:04.498+0000] {logging_mixin.py:149} INFO - [2026-09-21T04:07:04.498+0000] {dag.py:2726} INFO - Sync 1 DAGs
[2026-09-21T04:07:04.536+0000] {logging_mixin.py:149} INFO - [2026-09-21T04:07:04.536+0000] {dag.py:3490} INFO - Setting next_dagrun for 2-bashoperator to 2026-09-21T00:00:00+00:00, run_after=2026-09-22T00:00:00+00:00
[2026-09-21T04:07:04.565+0000] {processor.py:178} INFO - Processing /opt/airflow/dags/2_bash_operator.py took 0.130 seconds
[2026-09-21T04:07:32.711+0000] {processor.py:156} INFO - Started process (PID=3211) to work on /opt/airflow/dags/2_bash_operator.py
[2026-09-21T04:07:32.712+0000] {processor.py:799} INFO - Processing file /opt/airflow/dags/2_bash_operator.py for tasks to queue
[2026-09-21T04:07:32.713+0000] {logging_mixin.py:149} INFO - [2026-09-21T04:07:32.713+0000] {dagbag.py:541} INFO - Filling up the DagBag from /opt/airflow/dags/2_bash_operator.py
[2026-09-21T04:07:32.721+0000] {processor.py:809} INFO - DAG(s) dict_keys(['2-bashoperator']) retrieved from /opt/airflow/dags/2_bash_operator.py
[2026-09-21T04:07:32.783+0000] {logging_mixin.py:149} INFO - [2026-09-21T04:07:32.783+0000] {dag.py:2726} INFO - Sync 1 DAGs
[2026-09-21T04:07:32.830+0000] {logging_mixin.py:149} INFO - [2026-09-21T04:07:32.830+0000] {dag.py:3490} INFO - Setting next_dagrun for 2-bashoperator to 2026-09-21T00:00:00+00:00, run_after=2026-09-22T00:00:00+00:00
[2026-09-21T04:07:32.872+0000] {processor.py:178} INFO - Processing /opt/airflow/dags/2_bash_operator.py took 0.182 seconds
[2026-09-21T04:08:03.083+0000] {processor.py:156} INFO - Started process (PID=3222) to work on /opt/airflow/dags/2_bash_operator.py
[2026-09-21T04:08:03.087+0000] {processor.py:799} INFO - Processing file /opt/airflow/dags/2_bash_operator.py for tasks to queue
[2026-09-21T04:08:03.088+0000] {logging_mixin.py:149} INFO - [2026-09-21T04:08:03.087+0000] {dagbag.py:541} INFO - Filling up the DagBag from /opt/airflow/dags/2_bash_operator.py
[2026-09-21T04:08:03.095+0000] {processor.py:809} INFO - DAG(s) dict_keys(['2-bashoperator']) retrieved from /opt/airflow/dags/2_bash_operator.py
[2026-09-21T04:08:03.201+0000] {logging_mixin.py:149} INFO - [2026-09-21T04:08:03.200+0000] {dag.py:2726} INFO - Sync 1 DAGs
[2026-09-21T04:08:03.265+0000] {logging_mixin.py:149} INFO - [2026-09-21T04:08:03.264+0000] {dag.py:3490} INFO - Setting next_dagrun for 2-bashoperator to 2026-09-21T00:00:00+00:00, run_after=2026-09-22T00:00:00+00:00
[2026-09-21T04:08:03.318+0000] {processor.py:178} INFO - Processing /opt/airflow/dags/2_bash_operator.py took 0.242 seconds
[2026-09-21T04:08:34.037+0000] {processor.py:156} INFO - Started process (PID=3235) to work on /opt/airflow/dags/2_bash_operator.py
[2026-09-21T04:08:34.040+0000] {processor.py:799} INFO - Processing file /opt/airflow/dags/2_bash_operator.py for tasks to queue
[2026-09-21T04:08:34.041+0000] {logging_mixin.py:149} INFO - [2026-09-21T04:08:34.041+0000] {dagbag.py:541} INFO - Filling up the DagBag from /opt/airflow/dags/2_bash_operator.py
[2026-09-21T04:08:34.050+0000] {processor.py:809} INFO - DAG(s) dict_keys(['2-bashoperator']) retrieved from /opt/airflow/dags/2_bash_operator.py
[2026-09-21T04:08:34.110+0000] {logging_mixin.py:149} INFO - [2026-09-21T04:08:34.110+0000] {dag.py:2726} INFO - Sync 1 DAGs
[2026-09-21T04:08:34.156+0000] {logging_mixin.py:149} INFO - [2026-09-21T04:08:34.156+0000] {dag.py:3490} INFO - Setting next_dagrun for 2-bashoperator to 2026-09-21T00:00:00+00:00, run_after=2026-09-22T00:00:00+00:00
[2026-09-21T04:08:34.189+0000] {processor.py:178} INFO - Processing /opt/airflow/dags/2_bash_operator.py took 0.161 seconds
[2026-09-21T04:09:05.206+0000] {processor.py:156} INFO - Started process (PID=3249) to work on /opt/airflow/dags/2_bash_operator.py
[2026-09-21T04:09:05.211+0000] {processor.py:799} INFO - Processing file /opt/airflow/dags/2_bash_operator.py for tasks to queue
[2026-09-21T04:09:05.213+0000] {logging_mixin.py:149} INFO - [2026-09-21T04:09:05.213+0000] {dagbag.py:541} INFO - Filling up the DagBag from /opt/airflow/dags/2_bash_operator.py
[2026-09-21T04:09:05.223+0000] {processor.py:809} INFO - DAG(s) dict_keys(['2-bashoperator']) retrieved from /opt/airflow/dags/2_bash_operator.py
[2026-09-21T04:09:05.273+0000] {logging_mixin.py:149} INFO - [2026-09-21T04:09:05.273+0000] {dag.py:2726} INFO - Sync 1 DAGs
[2026-09-21T04:09:05.310+0000] {logging_mixin.py:149} INFO - [2026-09-21T04:09:05.309+0000] {dag.py:3490} INFO - Setting next_dagrun for 2-bashoperator to 2026-09-21T00:00:00+00:00, run_after=2026-09-22T00:00:00+00:00
[2026-09-21T04:09:05.337+0000] {processor.py:178} INFO - Processing /opt/airflow/dags/2_bash_operator.py took 0.137 seconds
[2026-09-21T04:09:36.247+0000] {processor.py:156} INFO - Started process (PID=3263) to work on /opt/airflow/dags/2_bash_operator.py
[2026-09-21T04:09:36.249+0000] {processor.py:799} INFO - Processing file /opt/airflow/dags/2_bash_operator.py for tasks to queue
[2026-09-21T04:09:36.249+0000] {logging_mixin.py:149} INFO - [2026-09-21T04:09:36.249+0000] {dagbag.py:541} INFO - Filling up the DagBag from /opt/airflow/dags/2_bash_operator.py
[2026-09-21T04:09:36.255+0000] {processor.py:809} INFO - DAG(s) dict_keys(['2-bashoperator']) retrieved from /opt/airflow/dags/2_bash_operator.py
[2026-09-21T04:09:36.291+0000] {logging_mixin.py:149} INFO - [2026-09-21T04:09:36.291+0000] {dag.py:2726} INFO - Sync 1 DAGs
[2026-09-21T04:09:36.319+0000] {logging_mixin.py:149} INFO - [2026-09-21T04:09:36.318+0000] {dag.py:3490} INFO - Setting next_dagrun for 2-bashoperator to 2026-09-21T00:00:00+00:00, run_after=2026-09-22T00:00:00+00:00
[2026-09-21T04:09:36.339+0000] {processor.py:178} INFO - Processing /opt/airflow/dags/2_bash_operator.py took 0.096 seconds
[2026-09-21T04:10:06.987+0000] {processor.py:156} INFO - Started process (PID=3277) to work on /opt/airflow/dags/2_bash_operator.py
[2026-09-21T04:10:06.991+0000] {processor.py:799} INFO - Processing file /opt/airflow/dags/2_bash_operator.py for tasks to queue
[2026-09-21T04:10:06.992+0000] {logging_mixin.py:149} INFO - [2026-09-21T04:10:06.991+0000] {dagbag.py:541} INFO - Filling up the DagBag from /opt/airflow/dags/2_bash_operator.py
[2026-09-21T04:10:06.998+0000] {processor.py:809} INFO - DAG(s) dict_keys(['2-bashoperator']) retrieved from /opt/airflow/dags/2_bash_operator.py
[2026-09-21T04:10:07.057+0000] {logging_mixin.py:149} INFO - [2026-09-21T04:10:07.057+0000] {dag.py:2726} INFO - Sync 1 DAGs
[2026-09-21T04:10:07.101+0000] {logging_mixin.py:149} INFO - [2026-09-21T04:10:07.101+0000] {dag.py:3490} INFO - Setting next_dagrun for 2-bashoperator to 2026-09-21T00:00:00+00:00, run_after=2026-09-22T00:00:00+00:00
[2026-09-21T04:10:07.157+0000] {processor.py:178} INFO - Processing /opt/airflow/dags/2_bash_operator.py took 0.175 seconds
[2026-09-21T04:10:34.046+0000] {processor.py:156} INFO - Started process (PID=3295) to work on /opt/airflow/dags/2_bash_operator.py
[2026-09-21T04:10:34.047+0000] {processor.py:799} INFO - Processing file /opt/airflow/dags/2_bash_operator.py for tasks to queue
[2026-09-21T04:10:34.048+0000] {logging_mixin.py:149} INFO - [2026-09-21T04:10:34.048+0000] {dagbag.py:541} INFO - Filling up the DagBag from /opt/airflow/dags/2_bash_operator.py
[2026-09-21T04:10:34.055+0000] {processor.py:809} INFO - DAG(s) dict_keys(['2-bashoperator']) retrieved from /opt/airflow/dags/2_bash_operator.py
[2026-09-21T04:10:34.108+0000] {logging_mixin.py:149} INFO - [2026-09-21T04:10:34.107+0000] {dag.py:2726} INFO - Sync 1 DAGs
[2026-09-21T04:10:34.158+0000] {logging_mixin.py:149} INFO - [2026-09-21T04:10:34.158+0000] {dag.py:3490} INFO - Setting next_dagrun for 2-bashoperator to 2026-09-21T00:00:00+00:00, run_after=2026-09-22T00:00:00+00:00
[2026-09-21T04:10:34.217+0000] {processor.py:178} INFO - Processing /opt/airflow/dags/2_bash_operator.py took 0.178 seconds
[2026-09-21T04:11:04.297+0000] {processor.py:156} INFO - Started process (PID=3306) to work on /opt/airflow/dags/2_bash_operator.py
[2026-09-21T04:11:04.304+0000] {processor.py:799} INFO - Processing file /opt/airflow/dags/2_bash_operator.py for tasks to queue
[2026-09-21T04:11:04.308+0000] {logging_mixin.py:149} INFO - [2026-09-21T04:11:04.307+0000] {dagbag.py:541} INFO - Filling up the DagBag from /opt/airflow/dags/2_bash_operator.py
[2026-09-21T04:11:04.317+0000] {processor.py:809} INFO - DAG(s) dict_keys(['2-bashoperator']) retrieved from /opt/airflow/dags/2_bash_operator.py
[2026-09-21T04:11:04.374+0000] {logging_mixin.py:149} INFO - [2026-09-21T04:11:04.374+0000] {dag.py:2726} INFO - Sync 1 DAGs
[2026-09-21T04:11:04.485+0000] {logging_mixin.py:149} INFO - [2026-09-21T04:11:04.484+0000] {dag.py:3490} INFO - Setting next_dagrun for 2-bashoperator to 2026-09-21T00:00:00+00:00, run_after=2026-09-22T00:00:00+00:00
[2026-09-21T04:11:04.532+0000] {processor.py:178} INFO - Processing /opt/airflow/dags/2_bash_operator.py took 0.247 seconds
[2026-09-21T04:11:34.705+0000] {processor.py:156} INFO - Started process (PID=3319) to work on /opt/airflow/dags/2_bash_operator.py
[2026-09-21T04:11:34.708+0000] {processor.py:799} INFO - Processing file /opt/airflow/dags/2_bash_operator.py for tasks to queue
[2026-09-21T04:11:34.709+0000] {logging_mixin.py:149} INFO - [2026-09-21T04:11:34.708+0000] {dagbag.py:541} INFO - Filling up the DagBag from /opt/airflow/dags/2_bash_operator.py
[2026-09-21T04:11:34.716+0000] {processor.py:809} INFO - DAG(s) dict_keys(['2-bashoperator']) retrieved from /opt/airflow/dags/2_bash_operator.py
[2026-09-21T04:11:34.767+0000] {logging_mixin.py:149} INFO - [2026-09-21T04:11:34.766+0000] {dag.py:2726} INFO - Sync 1 DAGs
[2026-09-21T04:11:34.810+0000] {logging_mixin.py:149} INFO - [2026-09-21T04:11:34.810+0000] {dag.py:3490} INFO - Setting next_dagrun for 2-bashoperator to 2026-09-21T00:00:00+00:00, run_after=2026-09-22T00:00:00+00:00
[2026-09-21T04:11:34.839+0000] {processor.py:178} INFO - Processing /opt/airflow/dags/2_bash_operator.py took 0.139 seconds
[2026-09-21T04:12:05.747+0000] {processor.py:156} INFO - Started process (PID=3333) to work on /opt/airflow/dags/2_bash_operator.py
[2026-09-21T04:12:05.749+0000] {processor.py:799} INFO - Processing file /opt/airflow/dags/2_bash_operator.py for tasks to queue
[2026-09-21T04:12:05.750+0000] {logging_mixin.py:149} INFO - [2026-09-21T04:12:05.750+0000] {dagbag.py:541} INFO - Filling up the DagBag from /opt/airflow/dags/2_bash_operator.py
[2026-09-21T04:12:05.757+0000] {processor.py:809} INFO - DAG(s) dict_keys(['2-bashoperator']) retrieved from /opt/airflow/dags/2_bash_operator.py
[2026-09-21T04:12:05.808+0000] {logging_mixin.py:149} INFO - [2026-09-21T04:12:05.808+0000] {dag.py:2726} INFO - Sync 1 DAGs
[2026-09-21T04:12:05.844+0000] {logging_mixin.py:149} INFO - [2026-09-21T04:12:05.844+0000] {dag.py:3490} INFO - Setting next_dagrun for 2-bashoperator to 2026-09-21T00:00:00+00:00, run_after=2026-09-22T00:00:00+00:00
[2026-09-21T04:12:05.871+0000] {processor.py:178} INFO - Processing /opt/airflow/dags/2_bash_operator.py took 0.130 seconds
[2026-09-21T04:12:37.006+0000] {processor.py:156} INFO - Started process (PID=3347) to work on /opt/airflow/dags/2_bash_operator.py
[2026-09-21T04:12:37.008+0000] {processor.py:799} INFO - Processing file /opt/airflow/dags/2_bash_operator.py for tasks to queue
[2026-09-21T04:12:37.009+0000] {logging_mixin.py:149} INFO - [2026-09-21T04:12:37.009+0000] {dagbag.py:541} INFO - Filling up the DagBag from /opt/airflow/dags/2_bash_operator.py
[2026-09-21T04:12:37.021+0000] {processor.py:809} INFO - DAG(s) dict_keys(['2-bashoperator']) retrieved from /opt/airflow/dags/2_bash_operator.py
[2026-09-21T04:12:37.171+0000] {logging_mixin.py:149} INFO - [2026-09-21T04:12:37.170+0000] {dag.py:2726} INFO - Sync 1 DAGs
[2026-09-21T04:12:37.281+0000] {logging_mixin.py:149} INFO - [2026-09-21T04:12:37.281+0000] {dag.py:3490} INFO - Setting next_dagrun for 2-bashoperator to 2026-09-21T00:00:00+00:00, run_after=2026-09-22T00:00:00+00:00
[2026-09-21T04:12:37.330+0000] {processor.py:178} INFO - Processing /opt/airflow/dags/2_bash_operator.py took 0.338 seconds
