[2026-09-21T00:00:28.097+0000] {processor.py:156} INFO - Started process (PID=3248) to work on /opt/airflow/dags/3_python_operator.py
[2026-09-21T00:00:28.098+0000] {processor.py:799} INFO - Processing file /opt/airflow/dags/3_python_operator.py for tasks to queue
[2026-09-21T00:00:28.099+0000] {logging_mixin.py:149} INFO - [2026-09-21T00:00:28.099+0000] {dagbag.py:541} INFO - Filling up the DagBag from /opt/airflow/dags/3_python_operator.py
[2026-09-21T00:00:28.135+0000] {processor.py:809} INFO - DAG(s) dict_keys(['3-pythonoperator']) retrieved from /opt/airflow/dags/3_python_operator.py
[2026-09-21T00:00:28.200+0000] {logging_mixin.py:149} INFO - [2026-09-21T00:00:28.200+0000] {dag.py:2726} INFO - Sync 1 DAGs
[2026-09-21T00:00:28.260+0000] {logging_mixin.py:149} INFO - [2026-09-21T00:00:28.260+0000] {dag.py:3490} INFO - Setting next_dagrun for 3-pythonoperator to None, run_after=None
[2026-09-21T00:00:28.326+0000] {processor.py:178} INFO - Processing /opt/airflow/dags/3_python_operator.py took 0.247 seconds
[2026-09-21T00:00:58.494+0000] {processor.py:156} INFO - Started process (PID=3258) to work on /opt/airflow/dags/3_python_operator.py
[2026-09-21T00:00:58.496+0000] {processor.py:799} INFO - Processing file /opt/airflow/dags/3_python_operator.py for tasks to queue
[2026-09-21T00:00:58.497+0000] {logging_mixin.py:149} INFO - [2026-09-21T00:00:58.497+0000] {dagbag.py:541} INFO - Filling up the DagBag from /opt/airflow/dags/3_python_operator.py
[2026-09-21T00:00:58.522+0000] {processor.py:809} INFO - DAG(s) dict_keys(['3-pythonoperator']) retrieved from /opt/airflow/dags/3_python_operator.py
[2026-09-21T00:00:58.572+0000] {logging_mixin.py:149} INFO - [2026-09-21T00:00:58.571+0000] {dag.py:2726} INFO - Sync 1 DAGs
[2026-09-21T00:00:58.615+0000] {logging_mixin.py:149} INFO - [2026-09-21T00:00:58.615+0000] {dag.py:3490} INFO - Setting next_dagrun for 3-pythonoperator to None, run_after=None
[2026-09-21T00:00:58.653+0000] {processor.py:178} INFO - Processing /opt/airflow/dags/3_python_operator.py took 0.165 seconds
[2026-09-21T00:01:28.827+0000] {processor.py:156} INFO - Started process (PID=3268) to work on /opt/airflow/dags/3_python_operator.py
[2026-09-21T00:01:28.830+0000] {processor.py:799} INFO - Processing file /opt/airflow/dags/3_python_operator.py for tasks to queue
[2026-09-21T00:01:28.831+0000] {logging_mixin.py:149} INFO - [2026-09-21T00:01:28.831+0000] {dagbag.py:541} INFO - Filling up the DagBag from /opt/airflow/dags/3_python_operator.py
[2026-09-21T00:01:28.847+0000] {processor.py:809} INFO - DAG(s) dict_keys(['3-pythonoperator']) retrieved from /opt/airflow/dags/3_python_operator.py
[2026-09-21T00:01:28.908+0000] {logging_mixin.py:149} INFO - [2026-09-21T00:01:28.908+0000] {dag.py:2726} INFO - Sync 1 DAGs
[2026-09-21T00:01:28.947+0000] {logging_mixin.py:149} INFO - [2026-09-21T00:01:28.947+0000] {dag.py:3490} INFO - Setting next_dagrun for 3-pythonoperator to None, run_after=None
[2026-09-21T00:01:28.988+0000] {processor.py:178} INFO - Processing /opt/airflow/dags/3_python_operator.py took 0.173 seconds
[2026-09-21T00:01:59.320+0000] {processor.py:156} INFO - Started process (PID=3278) to work on /opt/airflow/dags/3_python_operator.py
[2026-09-21T00:01:59.327+0000] {processor.py:799} INFO - Processing file /opt/airflow/dags/3_python_operator.py for tasks to queue
[2026-09-21T00:01:59.328+0000] {logging_mixin.py:149} INFO - [2026-09-21T00:01:59.328+0000] {dagbag.py:541} INFO - Filling up the DagBag from /opt/airflow/dags/3_python_operator.py
[2026-09-21T00:01:59.370+0000] {processor.py:809} INFO - DAG(s) dict_keys(['3-pythonoperator']) retrieved from /opt/airflow/dags/3_python_operator.py
[2026-09-21T00:01:59.490+0000] {logging_mixin.py:149} INFO - [2026-09-21T00:01:59.489+0000] {dag.py:2726} INFO - Sync 1 DAGs
[2026-09-21T00:01:59.577+0000] {logging_mixin.py:149} INFO - [2026-09-21T00:01:59.577+0000] {dag.py:3490} INFO - Setting next_dagrun for 3-pythonoperator to None, run_after=None
[2026-09-21T00:01:59.628+0000] {processor.py:178} INFO - Processing /opt/airflow/dags/3_python_operator.py took 0.322 seconds
[2026-09-21T00:02:29.697+0000] {processor.py:156} INFO - Started process (PID=3288) to work on /opt/airflow/dags/3_python_operator.py
[2026-09-21T00:02:29.703+0000] {processor.py:799} INFO - Processing file /opt/airflow/dags/3_python_operator.py for tasks to queue
[2026-09-21T00:02:29.704+0000] {logging_mixin.py:149} INFO - [2026-09-21T00:02:29.704+0000] {dagbag.py:541} INFO - Filling up the DagBag from /opt/airflow/dags/3_python_operator.py
[2026-09-21T00:02:29.731+0000] {processor.py:809} INFO - DAG(s) dict_keys(['3-pythonoperator']) retrieved from /opt/airflow/dags/3_python_operator.py
[2026-09-21T00:02:29.821+0000] {logging_mixin.py:149} INFO - [2026-09-21T00:02:29.821+0000] {dag.py:2726} INFO - Sync 1 DAGs
[2026-09-21T00:02:29.897+0000] {logging_mixin.py:149} INFO - [2026-09-21T00:02:29.897+0000] {dag.py:3490} INFO - Setting next_dagrun for 3-pythonoperator to None, run_after=None
[2026-09-21T00:02:29.945+0000] {processor.py:178} INFO - Processing /opt/airflow/dags/3_python_operator.py took 0.256 seconds
[2026-09-21T00:03:00.633+0000] {processor.py:156} INFO - Started process (PID=3298) to work on /opt/airflow/dags/3_python_operator.py
[2026-09-21T00:03:00.644+0000] {processor.py:799} INFO - Processing file /opt/airflow/dags/3_python_operator.py for tasks to queue
[2026-09-21T00:03:00.648+0000] {logging_mixin.py:149} INFO - [2026-09-21T00:03:00.648+0000] {dagbag.py:541} INFO - Filling up the DagBag from /opt/airflow/dags/3_python_operator.py
[2026-09-21T00:03:00.719+0000] {processor.py:809} INFO - DAG(s) dict_keys(['3-pythonoperator']) retrieved from /opt/airflow/dags/3_python_operator.py
[2026-09-21T00:03:00.794+0000] {logging_mixin.py:149} INFO - [2026-09-21T00:03:00.794+0000] {dag.py:2726} INFO - Sync 1 DAGs
[2026-09-21T00:03:00.863+0000] {logging_mixin.py:149} INFO - [2026-09-21T00:03:00.863+0000] {dag.py:3490} INFO - Setting next_dagrun for 3-pythonoperator to None, run_after=None
[2026-09-21T00:03:00.935+0000] {processor.py:178} INFO - Processing /opt/airflow/dags/3_python_operator.py took 0.321 seconds
[2026-09-21T00:03:31.898+0000] {processor.py:156} INFO - Started process (PID=3308) to work on /opt/airflow/dags/3_python_operator.py
[2026-09-21T00:03:31.901+0000] {processor.py:799} INFO - Processing file /opt/airflow/dags/3_python_operator.py for tasks to queue
[2026-09-21T00:03:31.902+0000] {logging_mixin.py:149} INFO - [2026-09-21T00:03:31.902+0000] {dagbag.py:541} INFO - Filling up the DagBag from /opt/airflow/dags/3_python_operator.py
[2026-09-21T00:03:31.918+0000] {processor.py:809} INFO - DAG(s) dict_keys(['3-pythonoperator']) retrieved from /opt/airflow/dags/3_python_operator.py
[2026-09-21T00:03:31.965+0000] {logging_mixin.py:149} INFO - [2026-09-21T00:03:31.965+0000] {dag.py:2726} INFO - Sync 1 DAGs
[2026-09-21T00:03:32.006+0000] {logging_mixin.py:149} INFO - [2026-09-21T00:03:32.005+0000] {dag.py:3490} INFO - Setting next_dagrun for 3-pythonoperator to None, run_after=None
[2026-09-21T00:03:32.050+0000] {processor.py:178} INFO - Processing /opt/airflow/dags/3_python_operator.py took 0.158 seconds
[2026-09-21T00:04:02.206+0000] {processor.py:156} INFO - Started process (PID=3318) to work on /opt/airflow/dags/3_python_operator.py
[2026-09-21T00:04:02.224+0000] {processor.py:799} INFO - Processing file /opt/airflow/dags/3_python_operator.py for tasks to queue
[2026-09-21T00:04:02.225+0000] {logging_mixin.py:149} INFO - [2026-09-21T00:04:02.225+0000] {dagbag.py:541} INFO - Filling up the DagBag from /opt/airflow/dags/3_python_operator.py
[2026-09-21T00:04:02.270+0000] {processor.py:809} INFO - DAG(s) dict_keys(['3-pythonoperator']) retrieved from /opt/airflow/dags/3_python_operator.py
[2026-09-21T00:04:02.395+0000] {logging_mixin.py:149} INFO - [2026-09-21T00:04:02.395+0000] {dag.py:2726} INFO - Sync 1 DAGs
[2026-09-21T00:04:02.444+0000] {logging_mixin.py:149} INFO - [2026-09-21T00:04:02.444+0000] {dag.py:3490} INFO - Setting next_dagrun for 3-pythonoperator to None, run_after=None
[2026-09-21T00:04:02.482+0000] {processor.py:178} INFO - Processing /opt/airflow/dags/3_python_operator.py took 0.285 seconds
[2026-09-21T00:04:32.684+0000] {processor.py:156} INFO - Started process (PID=3328) to work on /opt/airflow/dags/3_python_operator.py
[2026-09-21T00:04:32.686+0000] {processor.py:799} INFO - Processing file /opt/airflow/dags/3_python_operator.py for tasks to queue
[2026-09-21T00:04:32.687+0000] {logging_mixin.py:149} INFO - [2026-09-21T00:04:32.687+0000] {dagbag.py:541} INFO - Filling up the DagBag from /opt/airflow/dags/3_python_operator.py
[2026-09-21T00:04:32.706+0000] {processor.py:809} INFO - DAG(s) dict_keys(['3-pythonoperator']) retrieved from /opt/airflow/dags/3_python_operator.py
[2026-09-21T00:04:32.811+0000] {logging_mixin.py:149} INFO - [2026-09-21T00:04:32.808+0000] {dag.py:2726} INFO - Sync 1 DAGs
[2026-09-21T00:04:32.885+0000] {logging_mixin.py:149} INFO - [2026-09-21T00:04:32.884+0000] {dag.py:3490} INFO - Setting next_dagrun for 3-pythonoperator to None, run_after=None
[2026-09-21T00:04:32.958+0000] {processor.py:178} INFO - Processing /opt/airflow/dags/3_python_operator.py took 0.281 seconds
[2026-09-21T00:05:03.712+0000] {processor.py:156} INFO - Started process (PID=3338) to work on /opt/airflow/dags/3_python_operator.py
[2026-09-21T00:05:03.717+0000] {processor.py:799} INFO - Processing file /opt/airflow/dags/3_python_operator.py for tasks to queue
[2026-09-21T00:05:03.718+0000] {logging_mixin.py:149} INFO - [2026-09-21T00:05:03.718+0000] {dagbag.py:541} INFO - Filling up the DagBag from /opt/airflow/dags/3_python_operator.py
[2026-09-21T00:05:03.756+0000] {processor.py:809} INFO - DAG(s) dict_keys(['3-pythonoperator']) retrieved from /opt/airflow/dags/3_python_operator.py
[2026-09-21T00:05:03.824+0000] {logging_mixin.py:149} INFO - [2026-09-21T00:05:03.824+0000] {dag.py:2726} INFO - Sync 1 DAGs
[2026-09-21T00:05:03.867+0000] {logging_mixin.py:149} INFO - [2026-09-21T00:05:03.866+0000] {dag.py:3490} INFO - Setting next_dagrun for 3-pythonoperator to None, run_after=None
[2026-09-21T00:05:03.906+0000] {processor.py:178} INFO - Processing /opt/airflow/dags/3_python_operator.py took 0.201 seconds
[2026-09-21T00:05:34.887+0000] {processor.py:156} INFO - Started process (PID=3348) to work on /opt/airflow/dags/3_python_operator.py
[2026-09-21T00:05:34.893+0000] {processor.py:799} INFO - Processing file /opt/airflow/dags/3_python_operator.py for tasks to queue
[2026-09-21T00:05:34.896+0000] {logging_mixin.py:149} INFO - [2026-09-21T00:05:34.896+0000] {dagbag.py:541} INFO - Filling up the DagBag from /opt/airflow/dags/3_python_operator.py
[2026-09-21T00:05:34.919+0000] {processor.py:809} INFO - DAG(s) dict_keys(['3-pythonoperator']) retrieved from /opt/airflow/dags/3_python_operator.py
[2026-09-21T00:05:35.101+0000] {logging_mixin.py:149} INFO - [2026-09-21T00:05:35.100+0000] {dag.py:2726} INFO - Sync 1 DAGs
[2026-09-21T00:05:35.178+0000] {logging_mixin.py:149} INFO - [2026-09-21T00:05:35.178+0000] {dag.py:3490} INFO - Setting next_dagrun for 3-pythonoperator to None, run_after=None
[2026-09-21T00:05:35.208+0000] {processor.py:178} INFO - Processing /opt/airflow/dags/3_python_operator.py took 0.337 seconds
[2026-09-21T00:06:05.504+0000] {processor.py:156} INFO - Started process (PID=3359) to work on /opt/airflow/dags/3_python_operator.py
[2026-09-21T00:06:05.510+0000] {processor.py:799} INFO - Processing file /opt/airflow/dags/3_python_operator.py for tasks to queue
[2026-09-21T00:06:05.513+0000] {logging_mixin.py:149} INFO - [2026-09-21T00:06:05.513+0000] {dagbag.py:541} INFO - Filling up the DagBag from /opt/airflow/dags/3_python_operator.py
[2026-09-21T00:06:05.539+0000] {processor.py:809} INFO - DAG(s) dict_keys(['3-pythonoperator']) retrieved from /opt/airflow/dags/3_python_operator.py
[2026-09-21T00:06:05.590+0000] {logging_mixin.py:149} INFO - [2026-09-21T00:06:05.590+0000] {dag.py:2726} INFO - Sync 1 DAGs
[2026-09-21T00:06:05.628+0000] {logging_mixin.py:149} INFO - [2026-09-21T00:06:05.628+0000] {dag.py:3490} INFO - Setting next_dagrun for 3-pythonoperator to None, run_after=None
[2026-09-21T00:06:05.665+0000] {processor.py:178} INFO - Processing /opt/airflow/dags/3_python_operator.py took 0.172 seconds
[2026-09-21T00:06:35.754+0000] {processor.py:156} INFO - Started process (PID=3369) to work on /opt/airflow/dags/3_python_operator.py
[2026-09-21T00:06:35.756+0000] {processor.py:799} INFO - Processing file /opt/airflow/dags/3_python_operator.py for tasks to queue
[2026-09-21T00:06:35.757+0000] {logging_mixin.py:149} INFO - [2026-09-21T00:06:35.757+0000] {dagbag.py:541} INFO - Filling up the DagBag from /opt/airflow/dags/3_python_operator.py
[2026-09-21T00:06:35.774+0000] {processor.py:809} INFO - DAG(s) dict_keys(['3-pythonoperator']) retrieved from /opt/airflow/dags/3_python_operator.py
[2026-09-21T00:06:35.821+0000] {logging_mixin.py:149} INFO - [2026-09-21T00:06:35.820+0000] {dag.py:2726} INFO - Sync 1 DAGs
[2026-09-21T00:06:35.858+0000] {logging_mixin.py:149} INFO - [2026-09-21T00:06:35.857+0000] {dag.py:3490} INFO - Setting next_dagrun for 3-pythonoperator to None, run_after=None
[2026-09-21T00:06:35.884+0000] {processor.py:178} INFO - Processing /opt/airflow/dags/3_python_operator.py took 0.136 seconds
[2026-09-21T00:07:05.971+0000] {processor.py:156} INFO - Started process (PID=3378) to work on /opt/airflow/dags/3_python_operator.py
[2026-09-21T00:07:05.975+0000] {processor.py:799} INFO - Processing file /opt/airflow/dags/3_python_operator.py for tasks to queue
[2026-09-21T00:07:05.976+0000] {logging_mixin.py:149} INFO - [2026-09-21T00:07:05.976+0000] {dagbag.py:541} INFO - Filling up the DagBag from /opt/airflow/dags/3_python_operator.py
[2026-09-21T00:07:05.996+0000] {processor.py:809} INFO - DAG(s) dict_keys(['3-pythonoperator']) retrieved from /opt/airflow/dags/3_python_operator.py
[2026-09-21T00:07:06.105+0000] {logging_mixin.py:149} INFO - [2026-09-21T00:07:06.104+0000] {dag.py:2726} INFO - Sync 1 DAGs
[2026-09-21T00:07:06.149+0000] {logging_mixin.py:149} INFO - [2026-09-21T00:07:06.149+0000] {dag.py:3490} INFO - Setting next_dagrun for 3-pythonoperator to None, run_after=None
[2026-09-21T00:07:06.196+0000] {processor.py:178} INFO - Processing /opt/airflow/dags/3_python_operator.py took 0.231 seconds
[2026-09-21T00:07:36.296+0000] {processor.py:156} INFO - Started process (PID=3388) to work on /opt/airflow/dags/3_python_operator.py
[2026-09-21T00:07:36.300+0000] {processor.py:799} INFO - Processing file /opt/airflow/dags/3_python_operator.py for tasks to queue
[2026-09-21T00:07:36.302+0000] {logging_mixin.py:149} INFO - [2026-09-21T00:07:36.301+0000] {dagbag.py:541} INFO - Filling up the DagBag from /opt/airflow/dags/3_python_operator.py
[2026-09-21T00:07:36.327+0000] {processor.py:809} INFO - DAG(s) dict_keys(['3-pythonoperator']) retrieved from /opt/airflow/dags/3_python_operator.py
[2026-09-21T00:07:36.395+0000] {logging_mixin.py:149} INFO - [2026-09-21T00:07:36.395+0000] {dag.py:2726} INFO - Sync 1 DAGs
[2026-09-21T00:07:36.449+0000] {logging_mixin.py:149} INFO - [2026-09-21T00:07:36.448+0000] {dag.py:3490} INFO - Setting next_dagrun for 3-pythonoperator to None, run_after=None
[2026-09-21T00:07:36.503+0000] {processor.py:178} INFO - Processing /opt/airflow/dags/3_python_operator.py took 0.213 seconds
[2026-09-21T00:08:06.721+0000] {processor.py:156} INFO - Started process (PID=3398) to work on /opt/airflow/dags/3_python_operator.py
[2026-09-21T00:08:06.724+0000] {processor.py:799} INFO - Processing file /opt/airflow/dags/3_python_operator.py for tasks to queue
[2026-09-21T00:08:06.725+0000] {logging_mixin.py:149} INFO - [2026-09-21T00:08:06.725+0000] {dagbag.py:541} INFO - Filling up the DagBag from /opt/airflow/dags/3_python_operator.py
[2026-09-21T00:08:06.744+0000] {processor.py:809} INFO - DAG(s) dict_keys(['3-pythonoperator']) retrieved from /opt/airflow/dags/3_python_operator.py
[2026-09-21T00:08:06.833+0000] {logging_mixin.py:149} INFO - [2026-09-21T00:08:06.833+0000] {dag.py:2726} INFO - Sync 1 DAGs
[2026-09-21T00:08:06.883+0000] {logging_mixin.py:149} INFO - [2026-09-21T00:08:06.882+0000] {dag.py:3490} INFO - Setting next_dagrun for 3-pythonoperator to None, run_after=None
[2026-09-21T00:08:06.941+0000] {processor.py:178} INFO - Processing /opt/airflow/dags/3_python_operator.py took 0.229 seconds
[2026-09-21T00:08:37.037+0000] {processor.py:156} INFO - Started process (PID=3408) to work on /opt/airflow/dags/3_python_operator.py
[2026-09-21T00:08:37.048+0000] {processor.py:799} INFO - Processing file /opt/airflow/dags/3_python_operator.py for tasks to queue
[2026-09-21T00:08:37.058+0000] {logging_mixin.py:149} INFO - [2026-09-21T00:08:37.058+0000] {dagbag.py:541} INFO - Filling up the DagBag from /opt/airflow/dags/3_python_operator.py
[2026-09-21T00:08:37.092+0000] {processor.py:809} INFO - DAG(s) dict_keys(['3-pythonoperator']) retrieved from /opt/airflow/dags/3_python_operator.py
[2026-09-21T00:08:37.156+0000] {logging_mixin.py:149} INFO - [2026-09-21T00:08:37.155+0000] {dag.py:2726} INFO - Sync 1 DAGs
[2026-09-21T00:08:37.195+0000] {logging_mixin.py:149} INFO - [2026-09-21T00:08:37.195+0000] {dag.py:3490} INFO - Setting next_dagrun for 3-pythonoperator to None, run_after=None
[2026-09-21T00:08:37.244+0000] {processor.py:178} INFO - Processing /opt/airflow/dags/3_python_operator.py took 0.217 seconds
[2026-09-21T00:09:07.310+0000] {processor.py:156} INFO - Started process (PID=3418) to work on /opt/airflow/dags/3_python_operator.py
[2026-09-21T00:09:07.312+0000] {processor.py:799} INFO - Processing file /opt/airflow/dags/3_python_operator.py for tasks to queue
[2026-09-21T00:09:07.314+0000] {logging_mixin.py:149} INFO - [2026-09-21T00:09:07.313+0000] {dagbag.py:541} INFO - Filling up the DagBag from /opt/airflow/dags/3_python_operator.py
[2026-09-21T00:09:07.348+0000] {processor.py:809} INFO - DAG(s) dict_keys(['3-pythonoperator']) retrieved from /opt/airflow/dags/3_python_operator.py
[2026-09-21T00:09:07.416+0000] {logging_mixin.py:149} INFO - [2026-09-21T00:09:07.415+0000] {dag.py:2726} INFO - Sync 1 DAGs
[2026-09-21T00:09:07.457+0000] {logging_mixin.py:149} INFO - [2026-09-21T00:09:07.457+0000] {dag.py:3490} INFO - Setting next_dagrun for 3-pythonoperator to None, run_after=None
[2026-09-21T00:09:07.507+0000] {processor.py:178} INFO - Processing /opt/airflow/dags/3_python_operator.py took 0.205 seconds
[2026-09-21T00:09:37.727+0000] {processor.py:156} INFO - Started process (PID=3428) to work on /opt/airflow/dags/3_python_operator.py
[2026-09-21T00:09:37.729+0000] {processor.py:799} INFO - Processing file /opt/airflow/dags/3_python_operator.py for tasks to queue
[2026-09-21T00:09:37.730+0000] {logging_mixin.py:149} INFO - [2026-09-21T00:09:37.730+0000] {dagbag.py:541} INFO - Filling up the DagBag from /opt/airflow/dags/3_python_operator.py
[2026-09-21T00:09:37.748+0000] {processor.py:809} INFO - DAG(s) dict_keys(['3-pythonoperator']) retrieved from /opt/airflow/dags/3_python_operator.py
[2026-09-21T00:09:37.803+0000] {logging_mixin.py:149} INFO - [2026-09-21T00:09:37.800+0000] {dag.py:2726} INFO - Sync 1 DAGs
[2026-09-21T00:09:37.856+0000] {logging_mixin.py:149} INFO - [2026-09-21T00:09:37.856+0000] {dag.py:3490} INFO - Setting next_dagrun for 3-pythonoperator to None, run_after=None
[2026-09-21T00:09:37.913+0000] {processor.py:178} INFO - Processing /opt/airflow/dags/3_python_operator.py took 0.190 seconds
[2026-09-21T00:10:08.001+0000] {processor.py:156} INFO - Started process (PID=3438) to work on /opt/airflow/dags/3_python_operator.py
[2026-09-21T00:10:08.004+0000] {processor.py:799} INFO - Processing file /opt/airflow/dags/3_python_operator.py for tasks to queue
[2026-09-21T00:10:08.005+0000] {logging_mixin.py:149} INFO - [2026-09-21T00:10:08.005+0000] {dagbag.py:541} INFO - Filling up the DagBag from /opt/airflow/dags/3_python_operator.py
[2026-09-21T00:10:08.035+0000] {processor.py:809} INFO - DAG(s) dict_keys(['3-pythonoperator']) retrieved from /opt/airflow/dags/3_python_operator.py
[2026-09-21T00:10:08.126+0000] {logging_mixin.py:149} INFO - [2026-09-21T00:10:08.125+0000] {dag.py:2726} INFO - Sync 1 DAGs
[2026-09-21T00:10:08.239+0000] {logging_mixin.py:149} INFO - [2026-09-21T00:10:08.237+0000] {dag.py:3490} INFO - Setting next_dagrun for 3-pythonoperator to None, run_after=None
[2026-09-21T00:10:08.335+0000] {processor.py:178} INFO - Processing /opt/airflow/dags/3_python_operator.py took 0.345 seconds
[2026-09-21T00:10:38.453+0000] {processor.py:156} INFO - Started process (PID=3448) to work on /opt/airflow/dags/3_python_operator.py
[2026-09-21T00:10:38.455+0000] {processor.py:799} INFO - Processing file /opt/airflow/dags/3_python_operator.py for tasks to queue
[2026-09-21T00:10:38.456+0000] {logging_mixin.py:149} INFO - [2026-09-21T00:10:38.456+0000] {dagbag.py:541} INFO - Filling up the DagBag from /opt/airflow/dags/3_python_operator.py
[2026-09-21T00:10:38.475+0000] {processor.py:809} INFO - DAG(s) dict_keys(['3-pythonoperator']) retrieved from /opt/airflow/dags/3_python_operator.py
[2026-09-21T00:10:38.543+0000] {logging_mixin.py:149} INFO - [2026-09-21T00:10:38.543+0000] {dag.py:2726} INFO - Sync 1 DAGs
[2026-09-21T00:10:38.613+0000] {logging_mixin.py:149} INFO - [2026-09-21T00:10:38.613+0000] {dag.py:3490} INFO - Setting next_dagrun for 3-pythonoperator to None, run_after=None
[2026-09-21T00:10:38.680+0000] {processor.py:178} INFO - Processing /opt/airflow/dags/3_python_operator.py took 0.234 seconds
[2026-09-21T00:11:08.736+0000] {processor.py:156} INFO - Started process (PID=3458) to work on /opt/airflow/dags/3_python_operator.py
[2026-09-21T00:11:08.738+0000] {processor.py:799} INFO - Processing file /opt/airflow/dags/3_python_operator.py for tasks to queue
[2026-09-21T00:11:08.739+0000] {logging_mixin.py:149} INFO - [2026-09-21T00:11:08.739+0000] {dagbag.py:541} INFO - Filling up the DagBag from /opt/airflow/dags/3_python_operator.py
[2026-09-21T00:11:08.762+0000] {processor.py:809} INFO - DAG(s) dict_keys(['3-pythonoperator']) retrieved from /opt/airflow/dags/3_python_operator.py
[2026-09-21T00:11:08.821+0000] {logging_mixin.py:149} INFO - [2026-09-21T00:11:08.821+0000] {dag.py:2726} INFO - Sync 1 DAGs
[2026-09-21T00:11:08.895+0000] {logging_mixin.py:149} INFO - [2026-09-21T00:11:08.895+0000] {dag.py:3490} INFO - Setting next_dagrun for 3-pythonoperator to None, run_after=None
[2026-09-21T00:11:08.972+0000] {processor.py:178} INFO - Processing /opt/airflow/dags/3_python_operator.py took 0.240 seconds
[2026-09-21T00:11:39.293+0000] {processor.py:156} INFO - Started process (PID=3468) to work on /opt/airflow/dags/3_python_operator.py
[2026-09-21T00:11:39.306+0000] {processor.py:799} INFO - Processing file /opt/airflow/dags/3_python_operator.py for tasks to queue
[2026-09-21T00:11:39.307+0000] {logging_mixin.py:149} INFO - [2026-09-21T00:11:39.307+0000] {dagbag.py:541} INFO - Filling up the DagBag from /opt/airflow/dags/3_python_operator.py
[2026-09-21T00:11:39.365+0000] {processor.py:809} INFO - DAG(s) dict_keys(['3-pythonoperator']) retrieved from /opt/airflow/dags/3_python_operator.py
[2026-09-21T00:11:39.445+0000] {logging_mixin.py:149} INFO - [2026-09-21T00:11:39.445+0000] {dag.py:2726} INFO - Sync 1 DAGs
[2026-09-21T00:11:39.515+0000] {logging_mixin.py:149} INFO - [2026-09-21T00:11:39.514+0000] {dag.py:3490} INFO - Setting next_dagrun for 3-pythonoperator to None, run_after=None
[2026-09-21T00:11:39.579+0000] {processor.py:178} INFO - Processing /opt/airflow/dags/3_python_operator.py took 0.292 seconds
[2026-09-21T00:12:10.052+0000] {processor.py:156} INFO - Started process (PID=3478) to work on /opt/airflow/dags/3_python_operator.py
[2026-09-21T00:12:10.056+0000] {processor.py:799} INFO - Processing file /opt/airflow/dags/3_python_operator.py for tasks to queue
[2026-09-21T00:12:10.056+0000] {logging_mixin.py:149} INFO - [2026-09-21T00:12:10.056+0000] {dagbag.py:541} INFO - Filling up the DagBag from /opt/airflow/dags/3_python_operator.py
[2026-09-21T00:12:10.078+0000] {processor.py:809} INFO - DAG(s) dict_keys(['3-pythonoperator']) retrieved from /opt/airflow/dags/3_python_operator.py
[2026-09-21T00:12:10.135+0000] {logging_mixin.py:149} INFO - [2026-09-21T00:12:10.135+0000] {dag.py:2726} INFO - Sync 1 DAGs
[2026-09-21T00:12:10.176+0000] {logging_mixin.py:149} INFO - [2026-09-21T00:12:10.176+0000] {dag.py:3490} INFO - Setting next_dagrun for 3-pythonoperator to None, run_after=None
[2026-09-21T00:12:10.219+0000] {processor.py:178} INFO - Processing /opt/airflow/dags/3_python_operator.py took 0.173 seconds
[2026-09-21T00:12:41.016+0000] {processor.py:156} INFO - Started process (PID=3488) to work on /opt/airflow/dags/3_python_operator.py
[2026-09-21T00:12:41.020+0000] {processor.py:799} INFO - Processing file /opt/airflow/dags/3_python_operator.py for tasks to queue
[2026-09-21T00:12:41.022+0000] {logging_mixin.py:149} INFO - [2026-09-21T00:12:41.021+0000] {dagbag.py:541} INFO - Filling up the DagBag from /opt/airflow/dags/3_python_operator.py
[2026-09-21T00:12:41.038+0000] {processor.py:809} INFO - DAG(s) dict_keys(['3-pythonoperator']) retrieved from /opt/airflow/dags/3_python_operator.py
[2026-09-21T00:12:41.106+0000] {logging_mixin.py:149} INFO - [2026-09-21T00:12:41.105+0000] {dag.py:2726} INFO - Sync 1 DAGs
[2026-09-21T00:12:41.161+0000] {logging_mixin.py:149} INFO - [2026-09-21T00:12:41.160+0000] {dag.py:3490} INFO - Setting next_dagrun for 3-pythonoperator to None, run_after=None
[2026-09-21T00:12:41.215+0000] {processor.py:178} INFO - Processing /opt/airflow/dags/3_python_operator.py took 0.205 seconds
[2026-09-21T00:13:12.079+0000] {processor.py:156} INFO - Started process (PID=3498) to work on /opt/airflow/dags/3_python_operator.py
[2026-09-21T00:13:12.084+0000] {processor.py:799} INFO - Processing file /opt/airflow/dags/3_python_operator.py for tasks to queue
[2026-09-21T00:13:12.086+0000] {logging_mixin.py:149} INFO - [2026-09-21T00:13:12.086+0000] {dagbag.py:541} INFO - Filling up the DagBag from /opt/airflow/dags/3_python_operator.py
[2026-09-21T00:13:12.117+0000] {processor.py:809} INFO - DAG(s) dict_keys(['3-pythonoperator']) retrieved from /opt/airflow/dags/3_python_operator.py
[2026-09-21T00:13:12.191+0000] {logging_mixin.py:149} INFO - [2026-09-21T00:13:12.191+0000] {dag.py:2726} INFO - Sync 1 DAGs
[2026-09-21T00:13:12.255+0000] {logging_mixin.py:149} INFO - [2026-09-21T00:13:12.253+0000] {dag.py:3490} INFO - Setting next_dagrun for 3-pythonoperator to None, run_after=None
[2026-09-21T00:13:12.313+0000] {processor.py:178} INFO - Processing /opt/airflow/dags/3_python_operator.py took 0.267 seconds
[2026-09-21T00:13:42.375+0000] {processor.py:156} INFO - Started process (PID=3508) to work on /opt/airflow/dags/3_python_operator.py
[2026-09-21T00:13:42.380+0000] {processor.py:799} INFO - Processing file /opt/airflow/dags/3_python_operator.py for tasks to queue
[2026-09-21T00:13:42.381+0000] {logging_mixin.py:149} INFO - [2026-09-21T00:13:42.381+0000] {dagbag.py:541} INFO - Filling up the DagBag from /opt/airflow/dags/3_python_operator.py
[2026-09-21T00:13:42.396+0000] {processor.py:809} INFO - DAG(s) dict_keys(['3-pythonoperator']) retrieved from /opt/airflow/dags/3_python_operator.py
[2026-09-21T00:13:42.435+0000] {logging_mixin.py:149} INFO - [2026-09-21T00:13:42.435+0000] {dag.py:2726} INFO - Sync 1 DAGs
[2026-09-21T00:13:42.483+0000] {logging_mixin.py:149} INFO - [2026-09-21T00:13:42.483+0000] {dag.py:3490} INFO - Setting next_dagrun for 3-pythonoperator to None, run_after=None
[2026-09-21T00:13:42.527+0000] {processor.py:178} INFO - Processing /opt/airflow/dags/3_python_operator.py took 0.159 seconds
[2026-09-21T00:14:12.828+0000] {processor.py:156} INFO - Started process (PID=3518) to work on /opt/airflow/dags/3_python_operator.py
[2026-09-21T00:14:12.832+0000] {processor.py:799} INFO - Processing file /opt/airflow/dags/3_python_operator.py for tasks to queue
[2026-09-21T00:14:12.833+0000] {logging_mixin.py:149} INFO - [2026-09-21T00:14:12.833+0000] {dagbag.py:541} INFO - Filling up the DagBag from /opt/airflow/dags/3_python_operator.py
[2026-09-21T00:14:12.881+0000] {processor.py:809} INFO - DAG(s) dict_keys(['3-pythonoperator']) retrieved from /opt/airflow/dags/3_python_operator.py
[2026-09-21T00:14:12.950+0000] {logging_mixin.py:149} INFO - [2026-09-21T00:14:12.950+0000] {dag.py:2726} INFO - Sync 1 DAGs
[2026-09-21T00:14:13.038+0000] {logging_mixin.py:149} INFO - [2026-09-21T00:14:13.037+0000] {dag.py:3490} INFO - Setting next_dagrun for 3-pythonoperator to None, run_after=None
[2026-09-21T00:14:13.097+0000] {processor.py:178} INFO - Processing /opt/airflow/dags/3_python_operator.py took 0.279 seconds
[2026-09-21T00:14:43.380+0000] {processor.py:156} INFO - Started process (PID=3528) to work on /opt/airflow/dags/3_python_operator.py
[2026-09-21T00:14:43.393+0000] {processor.py:799} INFO - Processing file /opt/airflow/dags/3_python_operator.py for tasks to queue
[2026-09-21T00:14:43.395+0000] {logging_mixin.py:149} INFO - [2026-09-21T00:14:43.394+0000] {dagbag.py:541} INFO - Filling up the DagBag from /opt/airflow/dags/3_python_operator.py
[2026-09-21T00:14:43.413+0000] {processor.py:809} INFO - DAG(s) dict_keys(['3-pythonoperator']) retrieved from /opt/airflow/dags/3_python_operator.py
[2026-09-21T00:14:43.481+0000] {logging_mixin.py:149} INFO - [2026-09-21T00:14:43.481+0000] {dag.py:2726} INFO - Sync 1 DAGs
[2026-09-21T00:14:43.551+0000] {logging_mixin.py:149} INFO - [2026-09-21T00:14:43.550+0000] {dag.py:3490} INFO - Setting next_dagrun for 3-pythonoperator to None, run_after=None
[2026-09-21T00:14:43.596+0000] {processor.py:178} INFO - Processing /opt/airflow/dags/3_python_operator.py took 0.225 seconds
[2026-09-21T00:15:14.572+0000] {processor.py:156} INFO - Started process (PID=3538) to work on /opt/airflow/dags/3_python_operator.py
[2026-09-21T00:15:14.577+0000] {processor.py:799} INFO - Processing file /opt/airflow/dags/3_python_operator.py for tasks to queue
[2026-09-21T00:15:14.578+0000] {logging_mixin.py:149} INFO - [2026-09-21T00:15:14.578+0000] {dagbag.py:541} INFO - Filling up the DagBag from /opt/airflow/dags/3_python_operator.py
[2026-09-21T00:15:14.613+0000] {processor.py:809} INFO - DAG(s) dict_keys(['3-pythonoperator']) retrieved from /opt/airflow/dags/3_python_operator.py
[2026-09-21T00:15:14.702+0000] {logging_mixin.py:149} INFO - [2026-09-21T00:15:14.702+0000] {dag.py:2726} INFO - Sync 1 DAGs
[2026-09-21T00:15:14.765+0000] {logging_mixin.py:149} INFO - [2026-09-21T00:15:14.765+0000] {dag.py:3490} INFO - Setting next_dagrun for 3-pythonoperator to None, run_after=None
[2026-09-21T00:15:14.850+0000] {processor.py:178} INFO - Processing /opt/airflow/dags/3_python_operator.py took 0.289 seconds
[2026-09-21T00:15:44.992+0000] {processor.py:156} INFO - Started process (PID=3548) to work on /opt/airflow/dags/3_python_operator.py
[2026-09-21T00:15:44.994+0000] {processor.py:799} INFO - Processing file /opt/airflow/dags/3_python_operator.py for tasks to queue
[2026-09-21T00:15:44.996+0000] {logging_mixin.py:149} INFO - [2026-09-21T00:15:44.995+0000] {dagbag.py:541} INFO - Filling up the DagBag from /opt/airflow/dags/3_python_operator.py
[2026-09-21T00:15:45.029+0000] {processor.py:809} INFO - DAG(s) dict_keys(['3-pythonoperator']) retrieved from /opt/airflow/dags/3_python_operator.py
[2026-09-21T00:15:45.102+0000] {logging_mixin.py:149} INFO - [2026-09-21T00:15:45.102+0000] {dag.py:2726} INFO - Sync 1 DAGs
[2026-09-21T00:15:45.158+0000] {logging_mixin.py:149} INFO - [2026-09-21T00:15:45.158+0000] {dag.py:3490} INFO - Setting next_dagrun for 3-pythonoperator to None, run_after=None
[2026-09-21T00:15:45.217+0000] {processor.py:178} INFO - Processing /opt/airflow/dags/3_python_operator.py took 0.239 seconds
[2026-09-21T00:16:15.259+0000] {processor.py:156} INFO - Started process (PID=3558) to work on /opt/airflow/dags/3_python_operator.py
[2026-09-21T00:16:15.268+0000] {processor.py:799} INFO - Processing file /opt/airflow/dags/3_python_operator.py for tasks to queue
[2026-09-21T00:16:15.269+0000] {logging_mixin.py:149} INFO - [2026-09-21T00:16:15.269+0000] {dagbag.py:541} INFO - Filling up the DagBag from /opt/airflow/dags/3_python_operator.py
[2026-09-21T00:16:15.292+0000] {processor.py:809} INFO - DAG(s) dict_keys(['3-pythonoperator']) retrieved from /opt/airflow/dags/3_python_operator.py
[2026-09-21T00:16:15.347+0000] {logging_mixin.py:149} INFO - [2026-09-21T00:16:15.346+0000] {dag.py:2726} INFO - Sync 1 DAGs
[2026-09-21T00:16:15.396+0000] {logging_mixin.py:149} INFO - [2026-09-21T00:16:15.395+0000] {dag.py:3490} INFO - Setting next_dagrun for 3-pythonoperator to None, run_after=None
[2026-09-21T00:16:15.425+0000] {processor.py:178} INFO - Processing /opt/airflow/dags/3_python_operator.py took 0.173 seconds
[2026-09-21T00:16:45.492+0000] {processor.py:156} INFO - Started process (PID=3568) to work on /opt/airflow/dags/3_python_operator.py
[2026-09-21T00:16:45.494+0000] {processor.py:799} INFO - Processing file /opt/airflow/dags/3_python_operator.py for tasks to queue
[2026-09-21T00:16:45.495+0000] {logging_mixin.py:149} INFO - [2026-09-21T00:16:45.495+0000] {dagbag.py:541} INFO - Filling up the DagBag from /opt/airflow/dags/3_python_operator.py
[2026-09-21T00:16:45.508+0000] {processor.py:809} INFO - DAG(s) dict_keys(['3-pythonoperator']) retrieved from /opt/airflow/dags/3_python_operator.py
[2026-09-21T00:16:45.562+0000] {logging_mixin.py:149} INFO - [2026-09-21T00:16:45.561+0000] {dag.py:2726} INFO - Sync 1 DAGs
[2026-09-21T00:16:45.600+0000] {logging_mixin.py:149} INFO - [2026-09-21T00:16:45.599+0000] {dag.py:3490} INFO - Setting next_dagrun for 3-pythonoperator to None, run_after=None
[2026-09-21T00:16:45.633+0000] {processor.py:178} INFO - Processing /opt/airflow/dags/3_python_operator.py took 0.145 seconds
[2026-09-21T00:17:15.761+0000] {processor.py:156} INFO - Started process (PID=3578) to work on /opt/airflow/dags/3_python_operator.py
[2026-09-21T00:17:15.766+0000] {processor.py:799} INFO - Processing file /opt/airflow/dags/3_python_operator.py for tasks to queue
[2026-09-21T00:17:15.767+0000] {logging_mixin.py:149} INFO - [2026-09-21T00:17:15.767+0000] {dagbag.py:541} INFO - Filling up the DagBag from /opt/airflow/dags/3_python_operator.py
[2026-09-21T00:17:15.791+0000] {processor.py:809} INFO - DAG(s) dict_keys(['3-pythonoperator']) retrieved from /opt/airflow/dags/3_python_operator.py
[2026-09-21T00:17:15.841+0000] {logging_mixin.py:149} INFO - [2026-09-21T00:17:15.840+0000] {dag.py:2726} INFO - Sync 1 DAGs
[2026-09-21T00:17:15.889+0000] {logging_mixin.py:149} INFO - [2026-09-21T00:17:15.889+0000] {dag.py:3490} INFO - Setting next_dagrun for 3-pythonoperator to None, run_after=None
[2026-09-21T00:17:15.931+0000] {processor.py:178} INFO - Processing /opt/airflow/dags/3_python_operator.py took 0.178 seconds
[2026-09-21T00:17:46.242+0000] {processor.py:156} INFO - Started process (PID=3588) to work on /opt/airflow/dags/3_python_operator.py
[2026-09-21T00:17:46.247+0000] {processor.py:799} INFO - Processing file /opt/airflow/dags/3_python_operator.py for tasks to queue
[2026-09-21T00:17:46.249+0000] {logging_mixin.py:149} INFO - [2026-09-21T00:17:46.248+0000] {dagbag.py:541} INFO - Filling up the DagBag from /opt/airflow/dags/3_python_operator.py
[2026-09-21T00:17:46.278+0000] {processor.py:809} INFO - DAG(s) dict_keys(['3-pythonoperator']) retrieved from /opt/airflow/dags/3_python_operator.py
[2026-09-21T00:17:46.337+0000] {logging_mixin.py:149} INFO - [2026-09-21T00:17:46.336+0000] {dag.py:2726} INFO - Sync 1 DAGs
[2026-09-21T00:17:46.375+0000] {logging_mixin.py:149} INFO - [2026-09-21T00:17:46.375+0000] {dag.py:3490} INFO - Setting next_dagrun for 3-pythonoperator to None, run_after=None
[2026-09-21T00:17:46.405+0000] {processor.py:178} INFO - Processing /opt/airflow/dags/3_python_operator.py took 0.169 seconds
[2026-09-21T00:18:16.465+0000] {processor.py:156} INFO - Started process (PID=3598) to work on /opt/airflow/dags/3_python_operator.py
[2026-09-21T00:18:16.468+0000] {processor.py:799} INFO - Processing file /opt/airflow/dags/3_python_operator.py for tasks to queue
[2026-09-21T00:18:16.469+0000] {logging_mixin.py:149} INFO - [2026-09-21T00:18:16.469+0000] {dagbag.py:541} INFO - Filling up the DagBag from /opt/airflow/dags/3_python_operator.py
[2026-09-21T00:18:16.496+0000] {processor.py:809} INFO - DAG(s) dict_keys(['3-pythonoperator']) retrieved from /opt/airflow/dags/3_python_operator.py
[2026-09-21T00:18:16.569+0000] {logging_mixin.py:149} INFO - [2026-09-21T00:18:16.569+0000] {dag.py:2726} INFO - Sync 1 DAGs
[2026-09-21T00:18:16.622+0000] {logging_mixin.py:149} INFO - [2026-09-21T00:18:16.622+0000] {dag.py:3490} INFO - Setting next_dagrun for 3-pythonoperator to None, run_after=None
[2026-09-21T00:18:16.655+0000] {processor.py:178} INFO - Processing /opt/airflow/dags/3_python_operator.py took 0.197 seconds
[2026-09-21T00:18:46.738+0000] {processor.py:156} INFO - Started process (PID=3608) to work on /opt/airflow/dags/3_python_operator.py
[2026-09-21T00:18:46.740+0000] {processor.py:799} INFO - Processing file /opt/airflow/dags/3_python_operator.py for tasks to queue
[2026-09-21T00:18:46.741+0000] {logging_mixin.py:149} INFO - [2026-09-21T00:18:46.741+0000] {dagbag.py:541} INFO - Filling up the DagBag from /opt/airflow/dags/3_python_operator.py
[2026-09-21T00:18:46.763+0000] {processor.py:809} INFO - DAG(s) dict_keys(['3-pythonoperator']) retrieved from /opt/airflow/dags/3_python_operator.py
[2026-09-21T00:18:46.817+0000] {logging_mixin.py:149} INFO - [2026-09-21T00:18:46.817+0000] {dag.py:2726} INFO - Sync 1 DAGs
[2026-09-21T00:18:46.856+0000] {logging_mixin.py:149} INFO - [2026-09-21T00:18:46.856+0000] {dag.py:3490} INFO - Setting next_dagrun for 3-pythonoperator to None, run_after=None
[2026-09-21T00:18:46.900+0000] {processor.py:178} INFO - Processing /opt/airflow/dags/3_python_operator.py took 0.168 seconds
[2026-09-21T00:19:17.329+0000] {processor.py:156} INFO - Started process (PID=3618) to work on /opt/airflow/dags/3_python_operator.py
[2026-09-21T00:19:17.334+0000] {processor.py:799} INFO - Processing file /opt/airflow/dags/3_python_operator.py for tasks to queue
[2026-09-21T00:19:17.335+0000] {logging_mixin.py:149} INFO - [2026-09-21T00:19:17.335+0000] {dagbag.py:541} INFO - Filling up the DagBag from /opt/airflow/dags/3_python_operator.py
[2026-09-21T00:19:17.350+0000] {processor.py:809} INFO - DAG(s) dict_keys(['3-pythonoperator']) retrieved from /opt/airflow/dags/3_python_operator.py
[2026-09-21T00:19:17.410+0000] {logging_mixin.py:149} INFO - [2026-09-21T00:19:17.409+0000] {dag.py:2726} INFO - Sync 1 DAGs
[2026-09-21T00:19:17.464+0000] {logging_mixin.py:149} INFO - [2026-09-21T00:19:17.463+0000] {dag.py:3490} INFO - Setting next_dagrun for 3-pythonoperator to None, run_after=None
[2026-09-21T00:19:17.498+0000] {processor.py:178} INFO - Processing /opt/airflow/dags/3_python_operator.py took 0.180 seconds
[2026-09-21T00:19:47.571+0000] {processor.py:156} INFO - Started process (PID=3628) to work on /opt/airflow/dags/3_python_operator.py
[2026-09-21T00:19:47.574+0000] {processor.py:799} INFO - Processing file /opt/airflow/dags/3_python_operator.py for tasks to queue
[2026-09-21T00:19:47.575+0000] {logging_mixin.py:149} INFO - [2026-09-21T00:19:47.575+0000] {dagbag.py:541} INFO - Filling up the DagBag from /opt/airflow/dags/3_python_operator.py
[2026-09-21T00:19:47.592+0000] {processor.py:809} INFO - DAG(s) dict_keys(['3-pythonoperator']) retrieved from /opt/airflow/dags/3_python_operator.py
[2026-09-21T00:19:47.662+0000] {logging_mixin.py:149} INFO - [2026-09-21T00:19:47.662+0000] {dag.py:2726} INFO - Sync 1 DAGs
[2026-09-21T00:19:47.716+0000] {logging_mixin.py:149} INFO - [2026-09-21T00:19:47.715+0000] {dag.py:3490} INFO - Setting next_dagrun for 3-pythonoperator to None, run_after=None
[2026-09-21T00:19:47.759+0000] {processor.py:178} INFO - Processing /opt/airflow/dags/3_python_operator.py took 0.194 seconds
[2026-09-21T00:20:17.976+0000] {processor.py:156} INFO - Started process (PID=3638) to work on /opt/airflow/dags/3_python_operator.py
[2026-09-21T00:20:17.979+0000] {processor.py:799} INFO - Processing file /opt/airflow/dags/3_python_operator.py for tasks to queue
[2026-09-21T00:20:17.980+0000] {logging_mixin.py:149} INFO - [2026-09-21T00:20:17.980+0000] {dagbag.py:541} INFO - Filling up the DagBag from /opt/airflow/dags/3_python_operator.py
[2026-09-21T00:20:18.008+0000] {processor.py:809} INFO - DAG(s) dict_keys(['3-pythonoperator']) retrieved from /opt/airflow/dags/3_python_operator.py
[2026-09-21T00:20:18.094+0000] {logging_mixin.py:149} INFO - [2026-09-21T00:20:18.094+0000] {dag.py:2726} INFO - Sync 1 DAGs
[2026-09-21T00:20:18.144+0000] {logging_mixin.py:149} INFO - [2026-09-21T00:20:18.144+0000] {dag.py:3490} INFO - Setting next_dagrun for 3-pythonoperator to None, run_after=None
[2026-09-21T00:20:18.182+0000] {processor.py:178} INFO - Processing /opt/airflow/dags/3_python_operator.py took 0.213 seconds
[2026-09-21T00:20:48.387+0000] {processor.py:156} INFO - Started process (PID=3648) to work on /opt/airflow/dags/3_python_operator.py
[2026-09-21T00:20:48.390+0000] {processor.py:799} INFO - Processing file /opt/airflow/dags/3_python_operator.py for tasks to queue
[2026-09-21T00:20:48.391+0000] {logging_mixin.py:149} INFO - [2026-09-21T00:20:48.391+0000] {dagbag.py:541} INFO - Filling up the DagBag from /opt/airflow/dags/3_python_operator.py
[2026-09-21T00:20:48.409+0000] {processor.py:809} INFO - DAG(s) dict_keys(['3-pythonoperator']) retrieved from /opt/airflow/dags/3_python_operator.py
[2026-09-21T00:20:48.463+0000] {logging_mixin.py:149} INFO - [2026-09-21T00:20:48.462+0000] {dag.py:2726} INFO - Sync 1 DAGs
[2026-09-21T00:20:48.508+0000] {logging_mixin.py:149} INFO - [2026-09-21T00:20:48.508+0000] {dag.py:3490} INFO - Setting next_dagrun for 3-pythonoperator to None, run_after=None
[2026-09-21T00:20:48.543+0000] {processor.py:178} INFO - Processing /opt/airflow/dags/3_python_operator.py took 0.162 seconds
[2026-09-21T00:21:18.641+0000] {processor.py:156} INFO - Started process (PID=3658) to work on /opt/airflow/dags/3_python_operator.py
[2026-09-21T00:21:18.645+0000] {processor.py:799} INFO - Processing file /opt/airflow/dags/3_python_operator.py for tasks to queue
[2026-09-21T00:21:18.647+0000] {logging_mixin.py:149} INFO - [2026-09-21T00:21:18.646+0000] {dagbag.py:541} INFO - Filling up the DagBag from /opt/airflow/dags/3_python_operator.py
[2026-09-21T00:21:18.667+0000] {processor.py:809} INFO - DAG(s) dict_keys(['3-pythonoperator']) retrieved from /opt/airflow/dags/3_python_operator.py
[2026-09-21T00:21:18.754+0000] {logging_mixin.py:149} INFO - [2026-09-21T00:21:18.754+0000] {dag.py:2726} INFO - Sync 1 DAGs
[2026-09-21T00:21:18.812+0000] {logging_mixin.py:149} INFO - [2026-09-21T00:21:18.812+0000] {dag.py:3490} INFO - Setting next_dagrun for 3-pythonoperator to None, run_after=None
[2026-09-21T00:21:18.868+0000] {processor.py:178} INFO - Processing /opt/airflow/dags/3_python_operator.py took 0.236 seconds
[2026-09-21T00:21:48.993+0000] {processor.py:156} INFO - Started process (PID=3668) to work on /opt/airflow/dags/3_python_operator.py
[2026-09-21T00:21:48.999+0000] {processor.py:799} INFO - Processing file /opt/airflow/dags/3_python_operator.py for tasks to queue
[2026-09-21T00:21:49.000+0000] {logging_mixin.py:149} INFO - [2026-09-21T00:21:49.000+0000] {dagbag.py:541} INFO - Filling up the DagBag from /opt/airflow/dags/3_python_operator.py
[2026-09-21T00:21:49.017+0000] {processor.py:809} INFO - DAG(s) dict_keys(['3-pythonoperator']) retrieved from /opt/airflow/dags/3_python_operator.py
[2026-09-21T00:21:49.056+0000] {logging_mixin.py:149} INFO - [2026-09-21T00:21:49.056+0000] {dag.py:2726} INFO - Sync 1 DAGs
[2026-09-21T00:21:49.092+0000] {logging_mixin.py:149} INFO - [2026-09-21T00:21:49.092+0000] {dag.py:3490} INFO - Setting next_dagrun for 3-pythonoperator to None, run_after=None
[2026-09-21T00:21:49.113+0000] {processor.py:178} INFO - Processing /opt/airflow/dags/3_python_operator.py took 0.124 seconds
[2026-09-21T00:22:19.623+0000] {processor.py:156} INFO - Started process (PID=3678) to work on /opt/airflow/dags/3_python_operator.py
[2026-09-21T00:22:19.624+0000] {processor.py:799} INFO - Processing file /opt/airflow/dags/3_python_operator.py for tasks to queue
[2026-09-21T00:22:19.626+0000] {logging_mixin.py:149} INFO - [2026-09-21T00:22:19.626+0000] {dagbag.py:541} INFO - Filling up the DagBag from /opt/airflow/dags/3_python_operator.py
[2026-09-21T00:22:19.643+0000] {processor.py:809} INFO - DAG(s) dict_keys(['3-pythonoperator']) retrieved from /opt/airflow/dags/3_python_operator.py
[2026-09-21T00:22:19.690+0000] {logging_mixin.py:149} INFO - [2026-09-21T00:22:19.689+0000] {dag.py:2726} INFO - Sync 1 DAGs
[2026-09-21T00:22:19.736+0000] {logging_mixin.py:149} INFO - [2026-09-21T00:22:19.736+0000] {dag.py:3490} INFO - Setting next_dagrun for 3-pythonoperator to None, run_after=None
[2026-09-21T00:22:19.771+0000] {processor.py:178} INFO - Processing /opt/airflow/dags/3_python_operator.py took 0.153 seconds
[2026-09-21T00:22:49.935+0000] {processor.py:156} INFO - Started process (PID=3688) to work on /opt/airflow/dags/3_python_operator.py
[2026-09-21T00:22:49.937+0000] {processor.py:799} INFO - Processing file /opt/airflow/dags/3_python_operator.py for tasks to queue
[2026-09-21T00:22:49.938+0000] {logging_mixin.py:149} INFO - [2026-09-21T00:22:49.938+0000] {dagbag.py:541} INFO - Filling up the DagBag from /opt/airflow/dags/3_python_operator.py
[2026-09-21T00:22:49.954+0000] {processor.py:809} INFO - DAG(s) dict_keys(['3-pythonoperator']) retrieved from /opt/airflow/dags/3_python_operator.py
[2026-09-21T00:22:50.002+0000] {logging_mixin.py:149} INFO - [2026-09-21T00:22:50.001+0000] {dag.py:2726} INFO - Sync 1 DAGs
[2026-09-21T00:22:50.040+0000] {logging_mixin.py:149} INFO - [2026-09-21T00:22:50.040+0000] {dag.py:3490} INFO - Setting next_dagrun for 3-pythonoperator to None, run_after=None
[2026-09-21T00:22:50.071+0000] {processor.py:178} INFO - Processing /opt/airflow/dags/3_python_operator.py took 0.144 seconds
[2026-09-21T00:23:20.196+0000] {processor.py:156} INFO - Started process (PID=3698) to work on /opt/airflow/dags/3_python_operator.py
[2026-09-21T00:23:20.198+0000] {processor.py:799} INFO - Processing file /opt/airflow/dags/3_python_operator.py for tasks to queue
[2026-09-21T00:23:20.199+0000] {logging_mixin.py:149} INFO - [2026-09-21T00:23:20.199+0000] {dagbag.py:541} INFO - Filling up the DagBag from /opt/airflow/dags/3_python_operator.py
[2026-09-21T00:23:20.216+0000] {processor.py:809} INFO - DAG(s) dict_keys(['3-pythonoperator']) retrieved from /opt/airflow/dags/3_python_operator.py
[2026-09-21T00:23:20.264+0000] {logging_mixin.py:149} INFO - [2026-09-21T00:23:20.264+0000] {dag.py:2726} INFO - Sync 1 DAGs
[2026-09-21T00:23:20.302+0000] {logging_mixin.py:149} INFO - [2026-09-21T00:23:20.302+0000] {dag.py:3490} INFO - Setting next_dagrun for 3-pythonoperator to None, run_after=None
[2026-09-21T00:23:20.333+0000] {processor.py:178} INFO - Processing /opt/airflow/dags/3_python_operator.py took 0.144 seconds
[2026-09-21T00:23:50.385+0000] {processor.py:156} INFO - Started process (PID=3708) to work on /opt/airflow/dags/3_python_operator.py
[2026-09-21T00:23:50.392+0000] {processor.py:799} INFO - Processing file /opt/airflow/dags/3_python_operator.py for tasks to queue
[2026-09-21T00:23:50.396+0000] {logging_mixin.py:149} INFO - [2026-09-21T00:23:50.395+0000] {dagbag.py:541} INFO - Filling up the DagBag from /opt/airflow/dags/3_python_operator.py
[2026-09-21T00:23:50.441+0000] {processor.py:809} INFO - DAG(s) dict_keys(['3-pythonoperator']) retrieved from /opt/airflow/dags/3_python_operator.py
[2026-09-21T00:23:50.527+0000] {logging_mixin.py:149} INFO - [2026-09-21T00:23:50.526+0000] {dag.py:2726} INFO - Sync 1 DAGs
[2026-09-21T00:23:50.565+0000] {logging_mixin.py:149} INFO - [2026-09-21T00:23:50.564+0000] {dag.py:3490} INFO - Setting next_dagrun for 3-pythonoperator to None, run_after=None
[2026-09-21T00:23:50.598+0000] {processor.py:178} INFO - Processing /opt/airflow/dags/3_python_operator.py took 0.231 seconds
[2026-09-21T00:24:20.655+0000] {processor.py:156} INFO - Started process (PID=3718) to work on /opt/airflow/dags/3_python_operator.py
[2026-09-21T00:24:20.656+0000] {processor.py:799} INFO - Processing file /opt/airflow/dags/3_python_operator.py for tasks to queue
[2026-09-21T00:24:20.657+0000] {logging_mixin.py:149} INFO - [2026-09-21T00:24:20.657+0000] {dagbag.py:541} INFO - Filling up the DagBag from /opt/airflow/dags/3_python_operator.py
[2026-09-21T00:24:20.674+0000] {processor.py:809} INFO - DAG(s) dict_keys(['3-pythonoperator']) retrieved from /opt/airflow/dags/3_python_operator.py
[2026-09-21T00:24:20.725+0000] {logging_mixin.py:149} INFO - [2026-09-21T00:24:20.725+0000] {dag.py:2726} INFO - Sync 1 DAGs
[2026-09-21T00:24:20.769+0000] {logging_mixin.py:149} INFO - [2026-09-21T00:24:20.768+0000] {dag.py:3490} INFO - Setting next_dagrun for 3-pythonoperator to None, run_after=None
[2026-09-21T00:24:20.808+0000] {processor.py:178} INFO - Processing /opt/airflow/dags/3_python_operator.py took 0.160 seconds
[2026-09-21T00:24:51.241+0000] {processor.py:156} INFO - Started process (PID=3728) to work on /opt/airflow/dags/3_python_operator.py
[2026-09-21T00:24:51.245+0000] {processor.py:799} INFO - Processing file /opt/airflow/dags/3_python_operator.py for tasks to queue
[2026-09-21T00:24:51.248+0000] {logging_mixin.py:149} INFO - [2026-09-21T00:24:51.248+0000] {dagbag.py:541} INFO - Filling up the DagBag from /opt/airflow/dags/3_python_operator.py
[2026-09-21T00:24:51.269+0000] {processor.py:809} INFO - DAG(s) dict_keys(['3-pythonoperator']) retrieved from /opt/airflow/dags/3_python_operator.py
[2026-09-21T00:24:51.332+0000] {logging_mixin.py:149} INFO - [2026-09-21T00:24:51.332+0000] {dag.py:2726} INFO - Sync 1 DAGs
[2026-09-21T00:24:51.396+0000] {logging_mixin.py:149} INFO - [2026-09-21T00:24:51.396+0000] {dag.py:3490} INFO - Setting next_dagrun for 3-pythonoperator to None, run_after=None
[2026-09-21T00:24:51.426+0000] {processor.py:178} INFO - Processing /opt/airflow/dags/3_python_operator.py took 0.194 seconds
[2026-09-21T00:25:21.553+0000] {processor.py:156} INFO - Started process (PID=3738) to work on /opt/airflow/dags/3_python_operator.py
[2026-09-21T00:25:21.555+0000] {processor.py:799} INFO - Processing file /opt/airflow/dags/3_python_operator.py for tasks to queue
[2026-09-21T00:25:21.556+0000] {logging_mixin.py:149} INFO - [2026-09-21T00:25:21.556+0000] {dagbag.py:541} INFO - Filling up the DagBag from /opt/airflow/dags/3_python_operator.py
[2026-09-21T00:25:21.574+0000] {processor.py:809} INFO - DAG(s) dict_keys(['3-pythonoperator']) retrieved from /opt/airflow/dags/3_python_operator.py
[2026-09-21T00:25:21.645+0000] {logging_mixin.py:149} INFO - [2026-09-21T00:25:21.644+0000] {dag.py:2726} INFO - Sync 1 DAGs
[2026-09-21T00:25:21.683+0000] {logging_mixin.py:149} INFO - [2026-09-21T00:25:21.683+0000] {dag.py:3490} INFO - Setting next_dagrun for 3-pythonoperator to None, run_after=None
[2026-09-21T00:25:21.724+0000] {processor.py:178} INFO - Processing /opt/airflow/dags/3_python_operator.py took 0.178 seconds
[2026-09-21T00:25:52.594+0000] {processor.py:156} INFO - Started process (PID=3748) to work on /opt/airflow/dags/3_python_operator.py
[2026-09-21T00:25:52.600+0000] {processor.py:799} INFO - Processing file /opt/airflow/dags/3_python_operator.py for tasks to queue
[2026-09-21T00:25:52.601+0000] {logging_mixin.py:149} INFO - [2026-09-21T00:25:52.601+0000] {dagbag.py:541} INFO - Filling up the DagBag from /opt/airflow/dags/3_python_operator.py
[2026-09-21T00:25:52.625+0000] {processor.py:809} INFO - DAG(s) dict_keys(['3-pythonoperator']) retrieved from /opt/airflow/dags/3_python_operator.py
[2026-09-21T00:25:52.695+0000] {logging_mixin.py:149} INFO - [2026-09-21T00:25:52.694+0000] {dag.py:2726} INFO - Sync 1 DAGs
[2026-09-21T00:25:52.756+0000] {logging_mixin.py:149} INFO - [2026-09-21T00:25:52.755+0000] {dag.py:3490} INFO - Setting next_dagrun for 3-pythonoperator to None, run_after=None
[2026-09-21T00:25:52.795+0000] {processor.py:178} INFO - Processing /opt/airflow/dags/3_python_operator.py took 0.207 seconds
[2026-09-21T00:26:23.810+0000] {processor.py:156} INFO - Started process (PID=3758) to work on /opt/airflow/dags/3_python_operator.py
[2026-09-21T00:26:23.814+0000] {processor.py:799} INFO - Processing file /opt/airflow/dags/3_python_operator.py for tasks to queue
[2026-09-21T00:26:23.816+0000] {logging_mixin.py:149} INFO - [2026-09-21T00:26:23.816+0000] {dagbag.py:541} INFO - Filling up the DagBag from /opt/airflow/dags/3_python_operator.py
[2026-09-21T00:26:23.840+0000] {processor.py:809} INFO - DAG(s) dict_keys(['3-pythonoperator']) retrieved from /opt/airflow/dags/3_python_operator.py
[2026-09-21T00:26:23.948+0000] {logging_mixin.py:149} INFO - [2026-09-21T00:26:23.947+0000] {dag.py:2726} INFO - Sync 1 DAGs
[2026-09-21T00:26:24.014+0000] {logging_mixin.py:149} INFO - [2026-09-21T00:26:24.013+0000] {dag.py:3490} INFO - Setting next_dagrun for 3-pythonoperator to None, run_after=None
[2026-09-21T00:26:24.074+0000] {processor.py:178} INFO - Processing /opt/airflow/dags/3_python_operator.py took 0.274 seconds
[2026-09-21T00:26:54.323+0000] {processor.py:156} INFO - Started process (PID=3768) to work on /opt/airflow/dags/3_python_operator.py
[2026-09-21T00:26:54.330+0000] {processor.py:799} INFO - Processing file /opt/airflow/dags/3_python_operator.py for tasks to queue
[2026-09-21T00:26:54.331+0000] {logging_mixin.py:149} INFO - [2026-09-21T00:26:54.331+0000] {dagbag.py:541} INFO - Filling up the DagBag from /opt/airflow/dags/3_python_operator.py
[2026-09-21T00:26:54.364+0000] {processor.py:809} INFO - DAG(s) dict_keys(['3-pythonoperator']) retrieved from /opt/airflow/dags/3_python_operator.py
[2026-09-21T00:26:54.421+0000] {logging_mixin.py:149} INFO - [2026-09-21T00:26:54.421+0000] {dag.py:2726} INFO - Sync 1 DAGs
[2026-09-21T00:26:54.479+0000] {logging_mixin.py:149} INFO - [2026-09-21T00:26:54.478+0000] {dag.py:3490} INFO - Setting next_dagrun for 3-pythonoperator to None, run_after=None
[2026-09-21T00:26:54.535+0000] {processor.py:178} INFO - Processing /opt/airflow/dags/3_python_operator.py took 0.243 seconds
[2026-09-21T00:27:24.680+0000] {processor.py:156} INFO - Started process (PID=3778) to work on /opt/airflow/dags/3_python_operator.py
[2026-09-21T00:27:24.682+0000] {processor.py:799} INFO - Processing file /opt/airflow/dags/3_python_operator.py for tasks to queue
[2026-09-21T00:27:24.683+0000] {logging_mixin.py:149} INFO - [2026-09-21T00:27:24.683+0000] {dagbag.py:541} INFO - Filling up the DagBag from /opt/airflow/dags/3_python_operator.py
[2026-09-21T00:27:24.698+0000] {processor.py:809} INFO - DAG(s) dict_keys(['3-pythonoperator']) retrieved from /opt/airflow/dags/3_python_operator.py
[2026-09-21T00:27:24.743+0000] {logging_mixin.py:149} INFO - [2026-09-21T00:27:24.743+0000] {dag.py:2726} INFO - Sync 1 DAGs
[2026-09-21T00:27:24.784+0000] {logging_mixin.py:149} INFO - [2026-09-21T00:27:24.783+0000] {dag.py:3490} INFO - Setting next_dagrun for 3-pythonoperator to None, run_after=None
[2026-09-21T00:27:24.814+0000] {processor.py:178} INFO - Processing /opt/airflow/dags/3_python_operator.py took 0.139 seconds
[2026-09-21T00:27:54.945+0000] {processor.py:156} INFO - Started process (PID=3788) to work on /opt/airflow/dags/3_python_operator.py
[2026-09-21T00:27:54.953+0000] {processor.py:799} INFO - Processing file /opt/airflow/dags/3_python_operator.py for tasks to queue
[2026-09-21T00:27:54.954+0000] {logging_mixin.py:149} INFO - [2026-09-21T00:27:54.954+0000] {dagbag.py:541} INFO - Filling up the DagBag from /opt/airflow/dags/3_python_operator.py
[2026-09-21T00:27:54.979+0000] {processor.py:809} INFO - DAG(s) dict_keys(['3-pythonoperator']) retrieved from /opt/airflow/dags/3_python_operator.py
[2026-09-21T00:27:55.044+0000] {logging_mixin.py:149} INFO - [2026-09-21T00:27:55.043+0000] {dag.py:2726} INFO - Sync 1 DAGs
[2026-09-21T00:27:55.083+0000] {logging_mixin.py:149} INFO - [2026-09-21T00:27:55.082+0000] {dag.py:3490} INFO - Setting next_dagrun for 3-pythonoperator to None, run_after=None
[2026-09-21T00:27:55.110+0000] {processor.py:178} INFO - Processing /opt/airflow/dags/3_python_operator.py took 0.171 seconds
[2026-09-21T00:28:25.250+0000] {processor.py:156} INFO - Started process (PID=3798) to work on /opt/airflow/dags/3_python_operator.py
[2026-09-21T00:28:25.251+0000] {processor.py:799} INFO - Processing file /opt/airflow/dags/3_python_operator.py for tasks to queue
[2026-09-21T00:28:25.252+0000] {logging_mixin.py:149} INFO - [2026-09-21T00:28:25.252+0000] {dagbag.py:541} INFO - Filling up the DagBag from /opt/airflow/dags/3_python_operator.py
[2026-09-21T00:28:25.279+0000] {processor.py:809} INFO - DAG(s) dict_keys(['3-pythonoperator']) retrieved from /opt/airflow/dags/3_python_operator.py
[2026-09-21T00:28:25.404+0000] {logging_mixin.py:149} INFO - [2026-09-21T00:28:25.404+0000] {dag.py:2726} INFO - Sync 1 DAGs
[2026-09-21T00:28:25.487+0000] {logging_mixin.py:149} INFO - [2026-09-21T00:28:25.487+0000] {dag.py:3490} INFO - Setting next_dagrun for 3-pythonoperator to None, run_after=None
[2026-09-21T00:28:25.530+0000] {processor.py:178} INFO - Processing /opt/airflow/dags/3_python_operator.py took 0.288 seconds
[2026-09-21T00:28:55.689+0000] {processor.py:156} INFO - Started process (PID=3808) to work on /opt/airflow/dags/3_python_operator.py
[2026-09-21T00:28:55.691+0000] {processor.py:799} INFO - Processing file /opt/airflow/dags/3_python_operator.py for tasks to queue
[2026-09-21T00:28:55.692+0000] {logging_mixin.py:149} INFO - [2026-09-21T00:28:55.692+0000] {dagbag.py:541} INFO - Filling up the DagBag from /opt/airflow/dags/3_python_operator.py
[2026-09-21T00:28:55.709+0000] {processor.py:809} INFO - DAG(s) dict_keys(['3-pythonoperator']) retrieved from /opt/airflow/dags/3_python_operator.py
[2026-09-21T00:28:55.747+0000] {logging_mixin.py:149} INFO - [2026-09-21T00:28:55.747+0000] {dag.py:2726} INFO - Sync 1 DAGs
[2026-09-21T00:28:55.804+0000] {logging_mixin.py:149} INFO - [2026-09-21T00:28:55.804+0000] {dag.py:3490} INFO - Setting next_dagrun for 3-pythonoperator to None, run_after=None
[2026-09-21T00:28:55.832+0000] {processor.py:178} INFO - Processing /opt/airflow/dags/3_python_operator.py took 0.149 seconds
[2026-09-21T00:29:25.919+0000] {processor.py:156} INFO - Started process (PID=3818) to work on /opt/airflow/dags/3_python_operator.py
[2026-09-21T00:29:25.920+0000] {processor.py:799} INFO - Processing file /opt/airflow/dags/3_python_operator.py for tasks to queue
[2026-09-21T00:29:25.921+0000] {logging_mixin.py:149} INFO - [2026-09-21T00:29:25.921+0000] {dagbag.py:541} INFO - Filling up the DagBag from /opt/airflow/dags/3_python_operator.py
[2026-09-21T00:29:25.936+0000] {processor.py:809} INFO - DAG(s) dict_keys(['3-pythonoperator']) retrieved from /opt/airflow/dags/3_python_operator.py
[2026-09-21T00:29:25.977+0000] {logging_mixin.py:149} INFO - [2026-09-21T00:29:25.977+0000] {dag.py:2726} INFO - Sync 1 DAGs
[2026-09-21T00:29:26.045+0000] {logging_mixin.py:149} INFO - [2026-09-21T00:29:26.045+0000] {dag.py:3490} INFO - Setting next_dagrun for 3-pythonoperator to None, run_after=None
[2026-09-21T00:29:26.067+0000] {processor.py:178} INFO - Processing /opt/airflow/dags/3_python_operator.py took 0.154 seconds
[2026-09-21T00:29:56.187+0000] {processor.py:156} INFO - Started process (PID=3828) to work on /opt/airflow/dags/3_python_operator.py
[2026-09-21T00:29:56.188+0000] {processor.py:799} INFO - Processing file /opt/airflow/dags/3_python_operator.py for tasks to queue
[2026-09-21T00:29:56.189+0000] {logging_mixin.py:149} INFO - [2026-09-21T00:29:56.189+0000] {dagbag.py:541} INFO - Filling up the DagBag from /opt/airflow/dags/3_python_operator.py
[2026-09-21T00:29:56.262+0000] {processor.py:809} INFO - DAG(s) dict_keys(['3-pythonoperator']) retrieved from /opt/airflow/dags/3_python_operator.py
[2026-09-21T00:29:56.423+0000] {logging_mixin.py:149} INFO - [2026-09-21T00:29:56.423+0000] {dag.py:2726} INFO - Sync 1 DAGs
[2026-09-21T00:29:56.556+0000] {logging_mixin.py:149} INFO - [2026-09-21T00:29:56.552+0000] {dag.py:3490} INFO - Setting next_dagrun for 3-pythonoperator to None, run_after=None
[2026-09-21T00:29:56.609+0000] {processor.py:178} INFO - Processing /opt/airflow/dags/3_python_operator.py took 0.438 seconds
[2026-09-21T00:30:27.609+0000] {processor.py:156} INFO - Started process (PID=3838) to work on /opt/airflow/dags/3_python_operator.py
[2026-09-21T00:30:27.619+0000] {processor.py:799} INFO - Processing file /opt/airflow/dags/3_python_operator.py for tasks to queue
[2026-09-21T00:30:27.620+0000] {logging_mixin.py:149} INFO - [2026-09-21T00:30:27.620+0000] {dagbag.py:541} INFO - Filling up the DagBag from /opt/airflow/dags/3_python_operator.py
[2026-09-21T00:30:27.649+0000] {processor.py:809} INFO - DAG(s) dict_keys(['3-pythonoperator']) retrieved from /opt/airflow/dags/3_python_operator.py
[2026-09-21T00:30:27.716+0000] {logging_mixin.py:149} INFO - [2026-09-21T00:30:27.715+0000] {dag.py:2726} INFO - Sync 1 DAGs
[2026-09-21T00:30:27.759+0000] {logging_mixin.py:149} INFO - [2026-09-21T00:30:27.758+0000] {dag.py:3490} INFO - Setting next_dagrun for 3-pythonoperator to None, run_after=None
[2026-09-21T00:30:27.800+0000] {processor.py:178} INFO - Processing /opt/airflow/dags/3_python_operator.py took 0.203 seconds
[2026-09-21T00:30:58.138+0000] {processor.py:156} INFO - Started process (PID=3848) to work on /opt/airflow/dags/3_python_operator.py
[2026-09-21T00:30:58.141+0000] {processor.py:799} INFO - Processing file /opt/airflow/dags/3_python_operator.py for tasks to queue
[2026-09-21T00:30:58.143+0000] {logging_mixin.py:149} INFO - [2026-09-21T00:30:58.143+0000] {dagbag.py:541} INFO - Filling up the DagBag from /opt/airflow/dags/3_python_operator.py
[2026-09-21T00:30:58.174+0000] {processor.py:809} INFO - DAG(s) dict_keys(['3-pythonoperator']) retrieved from /opt/airflow/dags/3_python_operator.py
[2026-09-21T00:30:58.224+0000] {logging_mixin.py:149} INFO - [2026-09-21T00:30:58.224+0000] {dag.py:2726} INFO - Sync 1 DAGs
[2026-09-21T00:30:58.263+0000] {logging_mixin.py:149} INFO - [2026-09-21T00:30:58.262+0000] {dag.py:3490} INFO - Setting next_dagrun for 3-pythonoperator to None, run_after=None
[2026-09-21T00:30:58.291+0000] {processor.py:178} INFO - Processing /opt/airflow/dags/3_python_operator.py took 0.165 seconds
[2026-09-21T00:31:28.492+0000] {processor.py:156} INFO - Started process (PID=3858) to work on /opt/airflow/dags/3_python_operator.py
[2026-09-21T00:31:28.494+0000] {processor.py:799} INFO - Processing file /opt/airflow/dags/3_python_operator.py for tasks to queue
[2026-09-21T00:31:28.495+0000] {logging_mixin.py:149} INFO - [2026-09-21T00:31:28.495+0000] {dagbag.py:541} INFO - Filling up the DagBag from /opt/airflow/dags/3_python_operator.py
[2026-09-21T00:31:28.511+0000] {processor.py:809} INFO - DAG(s) dict_keys(['3-pythonoperator']) retrieved from /opt/airflow/dags/3_python_operator.py
[2026-09-21T00:31:28.558+0000] {logging_mixin.py:149} INFO - [2026-09-21T00:31:28.558+0000] {dag.py:2726} INFO - Sync 1 DAGs
[2026-09-21T00:31:28.597+0000] {logging_mixin.py:149} INFO - [2026-09-21T00:31:28.596+0000] {dag.py:3490} INFO - Setting next_dagrun for 3-pythonoperator to None, run_after=None
[2026-09-21T00:31:28.628+0000] {processor.py:178} INFO - Processing /opt/airflow/dags/3_python_operator.py took 0.142 seconds
[2026-09-21T00:31:58.883+0000] {processor.py:156} INFO - Started process (PID=3868) to work on /opt/airflow/dags/3_python_operator.py
[2026-09-21T00:31:58.887+0000] {processor.py:799} INFO - Processing file /opt/airflow/dags/3_python_operator.py for tasks to queue
[2026-09-21T00:31:58.890+0000] {logging_mixin.py:149} INFO - [2026-09-21T00:31:58.890+0000] {dagbag.py:541} INFO - Filling up the DagBag from /opt/airflow/dags/3_python_operator.py
[2026-09-21T00:31:58.911+0000] {processor.py:809} INFO - DAG(s) dict_keys(['3-pythonoperator']) retrieved from /opt/airflow/dags/3_python_operator.py
[2026-09-21T00:31:58.971+0000] {logging_mixin.py:149} INFO - [2026-09-21T00:31:58.971+0000] {dag.py:2726} INFO - Sync 1 DAGs
[2026-09-21T00:31:59.029+0000] {logging_mixin.py:149} INFO - [2026-09-21T00:31:59.029+0000] {dag.py:3490} INFO - Setting next_dagrun for 3-pythonoperator to None, run_after=None
[2026-09-21T00:31:59.075+0000] {processor.py:178} INFO - Processing /opt/airflow/dags/3_python_operator.py took 0.209 seconds
[2026-09-21T00:32:29.297+0000] {processor.py:156} INFO - Started process (PID=3878) to work on /opt/airflow/dags/3_python_operator.py
[2026-09-21T00:32:29.298+0000] {processor.py:799} INFO - Processing file /opt/airflow/dags/3_python_operator.py for tasks to queue
[2026-09-21T00:32:29.299+0000] {logging_mixin.py:149} INFO - [2026-09-21T00:32:29.299+0000] {dagbag.py:541} INFO - Filling up the DagBag from /opt/airflow/dags/3_python_operator.py
[2026-09-21T00:32:29.314+0000] {processor.py:809} INFO - DAG(s) dict_keys(['3-pythonoperator']) retrieved from /opt/airflow/dags/3_python_operator.py
[2026-09-21T00:32:29.395+0000] {logging_mixin.py:149} INFO - [2026-09-21T00:32:29.394+0000] {dag.py:2726} INFO - Sync 1 DAGs
[2026-09-21T00:32:29.448+0000] {logging_mixin.py:149} INFO - [2026-09-21T00:32:29.447+0000] {dag.py:3490} INFO - Setting next_dagrun for 3-pythonoperator to None, run_after=None
[2026-09-21T00:32:29.499+0000] {processor.py:178} INFO - Processing /opt/airflow/dags/3_python_operator.py took 0.210 seconds
[2026-09-21T00:32:59.697+0000] {processor.py:156} INFO - Started process (PID=3888) to work on /opt/airflow/dags/3_python_operator.py
[2026-09-21T00:32:59.701+0000] {processor.py:799} INFO - Processing file /opt/airflow/dags/3_python_operator.py for tasks to queue
[2026-09-21T00:32:59.703+0000] {logging_mixin.py:149} INFO - [2026-09-21T00:32:59.703+0000] {dagbag.py:541} INFO - Filling up the DagBag from /opt/airflow/dags/3_python_operator.py
[2026-09-21T00:32:59.726+0000] {processor.py:809} INFO - DAG(s) dict_keys(['3-pythonoperator']) retrieved from /opt/airflow/dags/3_python_operator.py
[2026-09-21T00:32:59.830+0000] {logging_mixin.py:149} INFO - [2026-09-21T00:32:59.827+0000] {dag.py:2726} INFO - Sync 1 DAGs
[2026-09-21T00:32:59.919+0000] {logging_mixin.py:149} INFO - [2026-09-21T00:32:59.919+0000] {dag.py:3490} INFO - Setting next_dagrun for 3-pythonoperator to None, run_after=None
[2026-09-21T00:32:59.991+0000] {processor.py:178} INFO - Processing /opt/airflow/dags/3_python_operator.py took 0.303 seconds
[2026-09-21T00:33:30.080+0000] {processor.py:156} INFO - Started process (PID=3898) to work on /opt/airflow/dags/3_python_operator.py
[2026-09-21T00:33:30.082+0000] {processor.py:799} INFO - Processing file /opt/airflow/dags/3_python_operator.py for tasks to queue
[2026-09-21T00:33:30.083+0000] {logging_mixin.py:149} INFO - [2026-09-21T00:33:30.082+0000] {dagbag.py:541} INFO - Filling up the DagBag from /opt/airflow/dags/3_python_operator.py
[2026-09-21T00:33:30.108+0000] {processor.py:809} INFO - DAG(s) dict_keys(['3-pythonoperator']) retrieved from /opt/airflow/dags/3_python_operator.py
[2026-09-21T00:33:30.165+0000] {logging_mixin.py:149} INFO - [2026-09-21T00:33:30.164+0000] {dag.py:2726} INFO - Sync 1 DAGs
[2026-09-21T00:33:30.208+0000] {logging_mixin.py:149} INFO - [2026-09-21T00:33:30.208+0000] {dag.py:3490} INFO - Setting next_dagrun for 3-pythonoperator to None, run_after=None
[2026-09-21T00:33:30.246+0000] {processor.py:178} INFO - Processing /opt/airflow/dags/3_python_operator.py took 0.177 seconds
[2026-09-21T00:34:00.586+0000] {processor.py:156} INFO - Started process (PID=3908) to work on /opt/airflow/dags/3_python_operator.py
[2026-09-21T00:34:00.589+0000] {processor.py:799} INFO - Processing file /opt/airflow/dags/3_python_operator.py for tasks to queue
[2026-09-21T00:34:00.592+0000] {logging_mixin.py:149} INFO - [2026-09-21T00:34:00.592+0000] {dagbag.py:541} INFO - Filling up the DagBag from /opt/airflow/dags/3_python_operator.py
[2026-09-21T00:34:00.610+0000] {processor.py:809} INFO - DAG(s) dict_keys(['3-pythonoperator']) retrieved from /opt/airflow/dags/3_python_operator.py
[2026-09-21T00:34:00.686+0000] {logging_mixin.py:149} INFO - [2026-09-21T00:34:00.685+0000] {dag.py:2726} INFO - Sync 1 DAGs
[2026-09-21T00:34:00.749+0000] {logging_mixin.py:149} INFO - [2026-09-21T00:34:00.748+0000] {dag.py:3490} INFO - Setting next_dagrun for 3-pythonoperator to None, run_after=None
[2026-09-21T00:34:00.798+0000] {processor.py:178} INFO - Processing /opt/airflow/dags/3_python_operator.py took 0.220 seconds
[2026-09-21T00:34:30.864+0000] {processor.py:156} INFO - Started process (PID=3918) to work on /opt/airflow/dags/3_python_operator.py
[2026-09-21T00:34:30.866+0000] {processor.py:799} INFO - Processing file /opt/airflow/dags/3_python_operator.py for tasks to queue
[2026-09-21T00:34:30.867+0000] {logging_mixin.py:149} INFO - [2026-09-21T00:34:30.867+0000] {dagbag.py:541} INFO - Filling up the DagBag from /opt/airflow/dags/3_python_operator.py
[2026-09-21T00:34:30.885+0000] {processor.py:809} INFO - DAG(s) dict_keys(['3-pythonoperator']) retrieved from /opt/airflow/dags/3_python_operator.py
[2026-09-21T00:34:30.966+0000] {logging_mixin.py:149} INFO - [2026-09-21T00:34:30.965+0000] {dag.py:2726} INFO - Sync 1 DAGs
[2026-09-21T00:34:31.016+0000] {logging_mixin.py:149} INFO - [2026-09-21T00:34:31.016+0000] {dag.py:3490} INFO - Setting next_dagrun for 3-pythonoperator to None, run_after=None
[2026-09-21T00:34:31.073+0000] {processor.py:178} INFO - Processing /opt/airflow/dags/3_python_operator.py took 0.216 seconds
[2026-09-21T00:35:01.161+0000] {processor.py:156} INFO - Started process (PID=3928) to work on /opt/airflow/dags/3_python_operator.py
[2026-09-21T00:35:01.166+0000] {processor.py:799} INFO - Processing file /opt/airflow/dags/3_python_operator.py for tasks to queue
[2026-09-21T00:35:01.168+0000] {logging_mixin.py:149} INFO - [2026-09-21T00:35:01.168+0000] {dagbag.py:541} INFO - Filling up the DagBag from /opt/airflow/dags/3_python_operator.py
[2026-09-21T00:35:01.191+0000] {processor.py:809} INFO - DAG(s) dict_keys(['3-pythonoperator']) retrieved from /opt/airflow/dags/3_python_operator.py
[2026-09-21T00:35:01.272+0000] {logging_mixin.py:149} INFO - [2026-09-21T00:35:01.271+0000] {dag.py:2726} INFO - Sync 1 DAGs
[2026-09-21T00:35:01.339+0000] {logging_mixin.py:149} INFO - [2026-09-21T00:35:01.338+0000] {dag.py:3490} INFO - Setting next_dagrun for 3-pythonoperator to None, run_after=None
[2026-09-21T00:35:01.382+0000] {processor.py:178} INFO - Processing /opt/airflow/dags/3_python_operator.py took 0.229 seconds
[2026-09-21T00:35:32.418+0000] {processor.py:156} INFO - Started process (PID=3938) to work on /opt/airflow/dags/3_python_operator.py
[2026-09-21T00:35:32.419+0000] {processor.py:799} INFO - Processing file /opt/airflow/dags/3_python_operator.py for tasks to queue
[2026-09-21T00:35:32.420+0000] {logging_mixin.py:149} INFO - [2026-09-21T00:35:32.420+0000] {dagbag.py:541} INFO - Filling up the DagBag from /opt/airflow/dags/3_python_operator.py
[2026-09-21T00:35:32.442+0000] {processor.py:809} INFO - DAG(s) dict_keys(['3-pythonoperator']) retrieved from /opt/airflow/dags/3_python_operator.py
[2026-09-21T00:35:32.488+0000] {logging_mixin.py:149} INFO - [2026-09-21T00:35:32.488+0000] {dag.py:2726} INFO - Sync 1 DAGs
[2026-09-21T00:35:32.523+0000] {logging_mixin.py:149} INFO - [2026-09-21T00:35:32.523+0000] {dag.py:3490} INFO - Setting next_dagrun for 3-pythonoperator to None, run_after=None
[2026-09-21T00:35:32.548+0000] {processor.py:178} INFO - Processing /opt/airflow/dags/3_python_operator.py took 0.141 seconds
[2026-09-21T00:36:02.679+0000] {processor.py:156} INFO - Started process (PID=3948) to work on /opt/airflow/dags/3_python_operator.py
[2026-09-21T00:36:02.685+0000] {processor.py:799} INFO - Processing file /opt/airflow/dags/3_python_operator.py for tasks to queue
[2026-09-21T00:36:02.686+0000] {logging_mixin.py:149} INFO - [2026-09-21T00:36:02.686+0000] {dagbag.py:541} INFO - Filling up the DagBag from /opt/airflow/dags/3_python_operator.py
[2026-09-21T00:36:02.704+0000] {processor.py:809} INFO - DAG(s) dict_keys(['3-pythonoperator']) retrieved from /opt/airflow/dags/3_python_operator.py
[2026-09-21T00:36:02.766+0000] {logging_mixin.py:149} INFO - [2026-09-21T00:36:02.766+0000] {dag.py:2726} INFO - Sync 1 DAGs
[2026-09-21T00:36:02.808+0000] {logging_mixin.py:149} INFO - [2026-09-21T00:36:02.808+0000] {dag.py:3490} INFO - Setting next_dagrun for 3-pythonoperator to None, run_after=None
[2026-09-21T00:36:02.833+0000] {processor.py:178} INFO - Processing /opt/airflow/dags/3_python_operator.py took 0.162 seconds
[2026-09-21T00:36:32.948+0000] {processor.py:156} INFO - Started process (PID=3958) to work on /opt/airflow/dags/3_python_operator.py
[2026-09-21T00:36:32.950+0000] {processor.py:799} INFO - Processing file /opt/airflow/dags/3_python_operator.py for tasks to queue
[2026-09-21T00:36:32.956+0000] {logging_mixin.py:149} INFO - [2026-09-21T00:36:32.955+0000] {dagbag.py:541} INFO - Filling up the DagBag from /opt/airflow/dags/3_python_operator.py
[2026-09-21T00:36:32.980+0000] {processor.py:809} INFO - DAG(s) dict_keys(['3-pythonoperator']) retrieved from /opt/airflow/dags/3_python_operator.py
[2026-09-21T00:36:33.050+0000] {logging_mixin.py:149} INFO - [2026-09-21T00:36:33.049+0000] {dag.py:2726} INFO - Sync 1 DAGs
[2026-09-21T00:36:33.098+0000] {logging_mixin.py:149} INFO - [2026-09-21T00:36:33.097+0000] {dag.py:3490} INFO - Setting next_dagrun for 3-pythonoperator to None, run_after=None
[2026-09-21T00:36:33.137+0000] {processor.py:178} INFO - Processing /opt/airflow/dags/3_python_operator.py took 0.203 seconds
[2026-09-21T00:37:03.314+0000] {processor.py:156} INFO - Started process (PID=3968) to work on /opt/airflow/dags/3_python_operator.py
[2026-09-21T00:37:03.317+0000] {processor.py:799} INFO - Processing file /opt/airflow/dags/3_python_operator.py for tasks to queue
[2026-09-21T00:37:03.318+0000] {logging_mixin.py:149} INFO - [2026-09-21T00:37:03.318+0000] {dagbag.py:541} INFO - Filling up the DagBag from /opt/airflow/dags/3_python_operator.py
[2026-09-21T00:37:03.337+0000] {processor.py:809} INFO - DAG(s) dict_keys(['3-pythonoperator']) retrieved from /opt/airflow/dags/3_python_operator.py
[2026-09-21T00:37:03.399+0000] {logging_mixin.py:149} INFO - [2026-09-21T00:37:03.398+0000] {dag.py:2726} INFO - Sync 1 DAGs
[2026-09-21T00:37:03.443+0000] {logging_mixin.py:149} INFO - [2026-09-21T00:37:03.443+0000] {dag.py:3490} INFO - Setting next_dagrun for 3-pythonoperator to None, run_after=None
[2026-09-21T00:37:03.485+0000] {processor.py:178} INFO - Processing /opt/airflow/dags/3_python_operator.py took 0.176 seconds
[2026-09-21T00:37:33.757+0000] {processor.py:156} INFO - Started process (PID=3978) to work on /opt/airflow/dags/3_python_operator.py
[2026-09-21T00:37:33.760+0000] {processor.py:799} INFO - Processing file /opt/airflow/dags/3_python_operator.py for tasks to queue
[2026-09-21T00:37:33.762+0000] {logging_mixin.py:149} INFO - [2026-09-21T00:37:33.761+0000] {dagbag.py:541} INFO - Filling up the DagBag from /opt/airflow/dags/3_python_operator.py
[2026-09-21T00:37:33.781+0000] {processor.py:809} INFO - DAG(s) dict_keys(['3-pythonoperator']) retrieved from /opt/airflow/dags/3_python_operator.py
[2026-09-21T00:37:33.845+0000] {logging_mixin.py:149} INFO - [2026-09-21T00:37:33.845+0000] {dag.py:2726} INFO - Sync 1 DAGs
[2026-09-21T00:37:33.886+0000] {logging_mixin.py:149} INFO - [2026-09-21T00:37:33.886+0000] {dag.py:3490} INFO - Setting next_dagrun for 3-pythonoperator to None, run_after=None
[2026-09-21T00:37:33.948+0000] {processor.py:178} INFO - Processing /opt/airflow/dags/3_python_operator.py took 0.199 seconds
[2026-09-21T00:38:04.095+0000] {processor.py:156} INFO - Started process (PID=3988) to work on /opt/airflow/dags/3_python_operator.py
[2026-09-21T00:38:04.103+0000] {processor.py:799} INFO - Processing file /opt/airflow/dags/3_python_operator.py for tasks to queue
[2026-09-21T00:38:04.104+0000] {logging_mixin.py:149} INFO - [2026-09-21T00:38:04.104+0000] {dagbag.py:541} INFO - Filling up the DagBag from /opt/airflow/dags/3_python_operator.py
[2026-09-21T00:38:04.122+0000] {processor.py:809} INFO - DAG(s) dict_keys(['3-pythonoperator']) retrieved from /opt/airflow/dags/3_python_operator.py
[2026-09-21T00:38:04.179+0000] {logging_mixin.py:149} INFO - [2026-09-21T00:38:04.179+0000] {dag.py:2726} INFO - Sync 1 DAGs
[2026-09-21T00:38:04.230+0000] {logging_mixin.py:149} INFO - [2026-09-21T00:38:04.230+0000] {dag.py:3490} INFO - Setting next_dagrun for 3-pythonoperator to None, run_after=None
[2026-09-21T00:38:04.263+0000] {processor.py:178} INFO - Processing /opt/airflow/dags/3_python_operator.py took 0.174 seconds
[2026-09-21T00:38:34.495+0000] {processor.py:156} INFO - Started process (PID=3998) to work on /opt/airflow/dags/3_python_operator.py
[2026-09-21T00:38:34.497+0000] {processor.py:799} INFO - Processing file /opt/airflow/dags/3_python_operator.py for tasks to queue
[2026-09-21T00:38:34.502+0000] {logging_mixin.py:149} INFO - [2026-09-21T00:38:34.501+0000] {dagbag.py:541} INFO - Filling up the DagBag from /opt/airflow/dags/3_python_operator.py
[2026-09-21T00:38:34.540+0000] {processor.py:809} INFO - DAG(s) dict_keys(['3-pythonoperator']) retrieved from /opt/airflow/dags/3_python_operator.py
[2026-09-21T00:38:34.627+0000] {logging_mixin.py:149} INFO - [2026-09-21T00:38:34.626+0000] {dag.py:2726} INFO - Sync 1 DAGs
[2026-09-21T00:38:34.695+0000] {logging_mixin.py:149} INFO - [2026-09-21T00:38:34.694+0000] {dag.py:3490} INFO - Setting next_dagrun for 3-pythonoperator to None, run_after=None
[2026-09-21T00:38:34.731+0000] {processor.py:178} INFO - Processing /opt/airflow/dags/3_python_operator.py took 0.249 seconds
[2026-09-21T00:39:05.188+0000] {processor.py:156} INFO - Started process (PID=4008) to work on /opt/airflow/dags/3_python_operator.py
[2026-09-21T00:39:05.190+0000] {processor.py:799} INFO - Processing file /opt/airflow/dags/3_python_operator.py for tasks to queue
[2026-09-21T00:39:05.191+0000] {logging_mixin.py:149} INFO - [2026-09-21T00:39:05.191+0000] {dagbag.py:541} INFO - Filling up the DagBag from /opt/airflow/dags/3_python_operator.py
[2026-09-21T00:39:05.205+0000] {processor.py:809} INFO - DAG(s) dict_keys(['3-pythonoperator']) retrieved from /opt/airflow/dags/3_python_operator.py
[2026-09-21T00:39:05.242+0000] {logging_mixin.py:149} INFO - [2026-09-21T00:39:05.242+0000] {dag.py:2726} INFO - Sync 1 DAGs
[2026-09-21T00:39:05.279+0000] {logging_mixin.py:149} INFO - [2026-09-21T00:39:05.279+0000] {dag.py:3490} INFO - Setting next_dagrun for 3-pythonoperator to None, run_after=None
[2026-09-21T00:39:05.318+0000] {processor.py:178} INFO - Processing /opt/airflow/dags/3_python_operator.py took 0.138 seconds
[2026-09-21T00:39:35.422+0000] {processor.py:156} INFO - Started process (PID=4018) to work on /opt/airflow/dags/3_python_operator.py
[2026-09-21T00:39:35.425+0000] {processor.py:799} INFO - Processing file /opt/airflow/dags/3_python_operator.py for tasks to queue
[2026-09-21T00:39:35.426+0000] {logging_mixin.py:149} INFO - [2026-09-21T00:39:35.426+0000] {dagbag.py:541} INFO - Filling up the DagBag from /opt/airflow/dags/3_python_operator.py
[2026-09-21T00:39:35.451+0000] {processor.py:809} INFO - DAG(s) dict_keys(['3-pythonoperator']) retrieved from /opt/airflow/dags/3_python_operator.py
[2026-09-21T00:39:35.509+0000] {logging_mixin.py:149} INFO - [2026-09-21T00:39:35.509+0000] {dag.py:2726} INFO - Sync 1 DAGs
[2026-09-21T00:39:35.553+0000] {logging_mixin.py:149} INFO - [2026-09-21T00:39:35.553+0000] {dag.py:3490} INFO - Setting next_dagrun for 3-pythonoperator to None, run_after=None
[2026-09-21T00:39:35.584+0000] {processor.py:178} INFO - Processing /opt/airflow/dags/3_python_operator.py took 0.169 seconds
[2026-09-21T00:40:05.815+0000] {processor.py:156} INFO - Started process (PID=4028) to work on /opt/airflow/dags/3_python_operator.py
[2026-09-21T00:40:05.816+0000] {processor.py:799} INFO - Processing file /opt/airflow/dags/3_python_operator.py for tasks to queue
[2026-09-21T00:40:05.818+0000] {logging_mixin.py:149} INFO - [2026-09-21T00:40:05.817+0000] {dagbag.py:541} INFO - Filling up the DagBag from /opt/airflow/dags/3_python_operator.py
[2026-09-21T00:40:05.841+0000] {processor.py:809} INFO - DAG(s) dict_keys(['3-pythonoperator']) retrieved from /opt/airflow/dags/3_python_operator.py
[2026-09-21T00:40:05.912+0000] {logging_mixin.py:149} INFO - [2026-09-21T00:40:05.911+0000] {dag.py:2726} INFO - Sync 1 DAGs
[2026-09-21T00:40:05.973+0000] {logging_mixin.py:149} INFO - [2026-09-21T00:40:05.973+0000] {dag.py:3490} INFO - Setting next_dagrun for 3-pythonoperator to None, run_after=None
[2026-09-21T00:40:06.019+0000] {processor.py:178} INFO - Processing /opt/airflow/dags/3_python_operator.py took 0.214 seconds
[2026-09-21T00:40:37.015+0000] {processor.py:156} INFO - Started process (PID=4038) to work on /opt/airflow/dags/3_python_operator.py
[2026-09-21T00:40:37.021+0000] {processor.py:799} INFO - Processing file /opt/airflow/dags/3_python_operator.py for tasks to queue
[2026-09-21T00:40:37.022+0000] {logging_mixin.py:149} INFO - [2026-09-21T00:40:37.022+0000] {dagbag.py:541} INFO - Filling up the DagBag from /opt/airflow/dags/3_python_operator.py
[2026-09-21T00:40:37.038+0000] {processor.py:809} INFO - DAG(s) dict_keys(['3-pythonoperator']) retrieved from /opt/airflow/dags/3_python_operator.py
[2026-09-21T00:40:37.093+0000] {logging_mixin.py:149} INFO - [2026-09-21T00:40:37.093+0000] {dag.py:2726} INFO - Sync 1 DAGs
[2026-09-21T00:40:37.148+0000] {logging_mixin.py:149} INFO - [2026-09-21T00:40:37.148+0000] {dag.py:3490} INFO - Setting next_dagrun for 3-pythonoperator to None, run_after=None
[2026-09-21T00:40:37.186+0000] {processor.py:178} INFO - Processing /opt/airflow/dags/3_python_operator.py took 0.177 seconds
[2026-09-21T00:41:07.281+0000] {processor.py:156} INFO - Started process (PID=4048) to work on /opt/airflow/dags/3_python_operator.py
[2026-09-21T00:41:07.282+0000] {processor.py:799} INFO - Processing file /opt/airflow/dags/3_python_operator.py for tasks to queue
[2026-09-21T00:41:07.284+0000] {logging_mixin.py:149} INFO - [2026-09-21T00:41:07.283+0000] {dagbag.py:541} INFO - Filling up the DagBag from /opt/airflow/dags/3_python_operator.py
[2026-09-21T00:41:07.311+0000] {processor.py:809} INFO - DAG(s) dict_keys(['3-pythonoperator']) retrieved from /opt/airflow/dags/3_python_operator.py
[2026-09-21T00:41:07.372+0000] {logging_mixin.py:149} INFO - [2026-09-21T00:41:07.371+0000] {dag.py:2726} INFO - Sync 1 DAGs
[2026-09-21T00:41:07.431+0000] {logging_mixin.py:149} INFO - [2026-09-21T00:41:07.430+0000] {dag.py:3490} INFO - Setting next_dagrun for 3-pythonoperator to None, run_after=None
[2026-09-21T00:41:07.469+0000] {processor.py:178} INFO - Processing /opt/airflow/dags/3_python_operator.py took 0.196 seconds
[2026-09-21T00:41:37.618+0000] {processor.py:156} INFO - Started process (PID=4058) to work on /opt/airflow/dags/3_python_operator.py
[2026-09-21T00:41:37.624+0000] {processor.py:799} INFO - Processing file /opt/airflow/dags/3_python_operator.py for tasks to queue
[2026-09-21T00:41:37.626+0000] {logging_mixin.py:149} INFO - [2026-09-21T00:41:37.626+0000] {dagbag.py:541} INFO - Filling up the DagBag from /opt/airflow/dags/3_python_operator.py
[2026-09-21T00:41:37.644+0000] {processor.py:809} INFO - DAG(s) dict_keys(['3-pythonoperator']) retrieved from /opt/airflow/dags/3_python_operator.py
[2026-09-21T00:41:37.702+0000] {logging_mixin.py:149} INFO - [2026-09-21T00:41:37.702+0000] {dag.py:2726} INFO - Sync 1 DAGs
[2026-09-21T00:41:37.740+0000] {logging_mixin.py:149} INFO - [2026-09-21T00:41:37.740+0000] {dag.py:3490} INFO - Setting next_dagrun for 3-pythonoperator to None, run_after=None
[2026-09-21T00:41:37.781+0000] {processor.py:178} INFO - Processing /opt/airflow/dags/3_python_operator.py took 0.174 seconds
[2026-09-21T00:42:07.863+0000] {processor.py:156} INFO - Started process (PID=4068) to work on /opt/airflow/dags/3_python_operator.py
[2026-09-21T00:42:07.869+0000] {processor.py:799} INFO - Processing file /opt/airflow/dags/3_python_operator.py for tasks to queue
[2026-09-21T00:42:07.870+0000] {logging_mixin.py:149} INFO - [2026-09-21T00:42:07.870+0000] {dagbag.py:541} INFO - Filling up the DagBag from /opt/airflow/dags/3_python_operator.py
[2026-09-21T00:42:07.889+0000] {processor.py:809} INFO - DAG(s) dict_keys(['3-pythonoperator']) retrieved from /opt/airflow/dags/3_python_operator.py
[2026-09-21T00:42:07.946+0000] {logging_mixin.py:149} INFO - [2026-09-21T00:42:07.946+0000] {dag.py:2726} INFO - Sync 1 DAGs
[2026-09-21T00:42:07.989+0000] {logging_mixin.py:149} INFO - [2026-09-21T00:42:07.989+0000] {dag.py:3490} INFO - Setting next_dagrun for 3-pythonoperator to None, run_after=None
[2026-09-21T00:42:08.037+0000] {processor.py:178} INFO - Processing /opt/airflow/dags/3_python_operator.py took 0.181 seconds
[2026-09-21T00:42:38.332+0000] {processor.py:156} INFO - Started process (PID=4078) to work on /opt/airflow/dags/3_python_operator.py
[2026-09-21T00:42:38.333+0000] {processor.py:799} INFO - Processing file /opt/airflow/dags/3_python_operator.py for tasks to queue
[2026-09-21T00:42:38.349+0000] {logging_mixin.py:149} INFO - [2026-09-21T00:42:38.349+0000] {dagbag.py:541} INFO - Filling up the DagBag from /opt/airflow/dags/3_python_operator.py
[2026-09-21T00:42:38.375+0000] {processor.py:809} INFO - DAG(s) dict_keys(['3-pythonoperator']) retrieved from /opt/airflow/dags/3_python_operator.py
[2026-09-21T00:42:38.434+0000] {logging_mixin.py:149} INFO - [2026-09-21T00:42:38.433+0000] {dag.py:2726} INFO - Sync 1 DAGs
[2026-09-21T00:42:38.473+0000] {logging_mixin.py:149} INFO - [2026-09-21T00:42:38.473+0000] {dag.py:3490} INFO - Setting next_dagrun for 3-pythonoperator to None, run_after=None
[2026-09-21T00:42:38.534+0000] {processor.py:178} INFO - Processing /opt/airflow/dags/3_python_operator.py took 0.219 seconds
[2026-09-21T00:43:08.725+0000] {processor.py:156} INFO - Started process (PID=4088) to work on /opt/airflow/dags/3_python_operator.py
[2026-09-21T00:43:08.732+0000] {processor.py:799} INFO - Processing file /opt/airflow/dags/3_python_operator.py for tasks to queue
[2026-09-21T00:43:08.733+0000] {logging_mixin.py:149} INFO - [2026-09-21T00:43:08.733+0000] {dagbag.py:541} INFO - Filling up the DagBag from /opt/airflow/dags/3_python_operator.py
[2026-09-21T00:43:08.747+0000] {processor.py:809} INFO - DAG(s) dict_keys(['3-pythonoperator']) retrieved from /opt/airflow/dags/3_python_operator.py
[2026-09-21T00:43:08.821+0000] {logging_mixin.py:149} INFO - [2026-09-21T00:43:08.821+0000] {dag.py:2726} INFO - Sync 1 DAGs
[2026-09-21T00:43:08.874+0000] {logging_mixin.py:149} INFO - [2026-09-21T00:43:08.873+0000] {dag.py:3490} INFO - Setting next_dagrun for 3-pythonoperator to None, run_after=None
[2026-09-21T00:43:08.908+0000] {processor.py:178} INFO - Processing /opt/airflow/dags/3_python_operator.py took 0.188 seconds
[2026-09-21T00:43:39.073+0000] {processor.py:156} INFO - Started process (PID=4098) to work on /opt/airflow/dags/3_python_operator.py
[2026-09-21T00:43:39.074+0000] {processor.py:799} INFO - Processing file /opt/airflow/dags/3_python_operator.py for tasks to queue
[2026-09-21T00:43:39.075+0000] {logging_mixin.py:149} INFO - [2026-09-21T00:43:39.075+0000] {dagbag.py:541} INFO - Filling up the DagBag from /opt/airflow/dags/3_python_operator.py
[2026-09-21T00:43:39.095+0000] {processor.py:809} INFO - DAG(s) dict_keys(['3-pythonoperator']) retrieved from /opt/airflow/dags/3_python_operator.py
[2026-09-21T00:43:39.206+0000] {logging_mixin.py:149} INFO - [2026-09-21T00:43:39.204+0000] {dag.py:2726} INFO - Sync 1 DAGs
[2026-09-21T00:43:39.281+0000] {logging_mixin.py:149} INFO - [2026-09-21T00:43:39.280+0000] {dag.py:3490} INFO - Setting next_dagrun for 3-pythonoperator to None, run_after=None
[2026-09-21T00:43:39.322+0000] {processor.py:178} INFO - Processing /opt/airflow/dags/3_python_operator.py took 0.256 seconds
[2026-09-21T00:44:09.397+0000] {processor.py:156} INFO - Started process (PID=4108) to work on /opt/airflow/dags/3_python_operator.py
[2026-09-21T00:44:09.408+0000] {processor.py:799} INFO - Processing file /opt/airflow/dags/3_python_operator.py for tasks to queue
[2026-09-21T00:44:09.409+0000] {logging_mixin.py:149} INFO - [2026-09-21T00:44:09.409+0000] {dagbag.py:541} INFO - Filling up the DagBag from /opt/airflow/dags/3_python_operator.py
[2026-09-21T00:44:09.435+0000] {processor.py:809} INFO - DAG(s) dict_keys(['3-pythonoperator']) retrieved from /opt/airflow/dags/3_python_operator.py
[2026-09-21T00:44:09.522+0000] {logging_mixin.py:149} INFO - [2026-09-21T00:44:09.520+0000] {dag.py:2726} INFO - Sync 1 DAGs
[2026-09-21T00:44:09.596+0000] {logging_mixin.py:149} INFO - [2026-09-21T00:44:09.596+0000] {dag.py:3490} INFO - Setting next_dagrun for 3-pythonoperator to None, run_after=None
[2026-09-21T00:44:09.647+0000] {processor.py:178} INFO - Processing /opt/airflow/dags/3_python_operator.py took 0.256 seconds
[2026-09-21T00:44:39.831+0000] {processor.py:156} INFO - Started process (PID=4118) to work on /opt/airflow/dags/3_python_operator.py
[2026-09-21T00:44:39.832+0000] {processor.py:799} INFO - Processing file /opt/airflow/dags/3_python_operator.py for tasks to queue
[2026-09-21T00:44:39.833+0000] {logging_mixin.py:149} INFO - [2026-09-21T00:44:39.833+0000] {dagbag.py:541} INFO - Filling up the DagBag from /opt/airflow/dags/3_python_operator.py
[2026-09-21T00:44:39.922+0000] {processor.py:809} INFO - DAG(s) dict_keys(['3-pythonoperator']) retrieved from /opt/airflow/dags/3_python_operator.py
[2026-09-21T00:44:40.069+0000] {logging_mixin.py:149} INFO - [2026-09-21T00:44:40.067+0000] {dag.py:2726} INFO - Sync 1 DAGs
[2026-09-21T00:44:40.179+0000] {logging_mixin.py:149} INFO - [2026-09-21T00:44:40.179+0000] {dag.py:3490} INFO - Setting next_dagrun for 3-pythonoperator to None, run_after=None
[2026-09-21T00:44:40.214+0000] {processor.py:178} INFO - Processing /opt/airflow/dags/3_python_operator.py took 0.418 seconds
[2026-09-21T00:45:11.130+0000] {processor.py:156} INFO - Started process (PID=4128) to work on /opt/airflow/dags/3_python_operator.py
[2026-09-21T00:45:11.139+0000] {processor.py:799} INFO - Processing file /opt/airflow/dags/3_python_operator.py for tasks to queue
[2026-09-21T00:45:11.140+0000] {logging_mixin.py:149} INFO - [2026-09-21T00:45:11.140+0000] {dagbag.py:541} INFO - Filling up the DagBag from /opt/airflow/dags/3_python_operator.py
[2026-09-21T00:45:11.156+0000] {processor.py:809} INFO - DAG(s) dict_keys(['3-pythonoperator']) retrieved from /opt/airflow/dags/3_python_operator.py
[2026-09-21T00:45:11.204+0000] {logging_mixin.py:149} INFO - [2026-09-21T00:45:11.204+0000] {dag.py:2726} INFO - Sync 1 DAGs
[2026-09-21T00:45:11.243+0000] {logging_mixin.py:149} INFO - [2026-09-21T00:45:11.242+0000] {dag.py:3490} INFO - Setting next_dagrun for 3-pythonoperator to None, run_after=None
[2026-09-21T00:45:11.293+0000] {processor.py:178} INFO - Processing /opt/airflow/dags/3_python_operator.py took 0.172 seconds
[2026-09-21T00:45:42.115+0000] {processor.py:156} INFO - Started process (PID=4138) to work on /opt/airflow/dags/3_python_operator.py
[2026-09-21T00:45:42.118+0000] {processor.py:799} INFO - Processing file /opt/airflow/dags/3_python_operator.py for tasks to queue
[2026-09-21T00:45:42.119+0000] {logging_mixin.py:149} INFO - [2026-09-21T00:45:42.119+0000] {dagbag.py:541} INFO - Filling up the DagBag from /opt/airflow/dags/3_python_operator.py
[2026-09-21T00:45:42.138+0000] {processor.py:809} INFO - DAG(s) dict_keys(['3-pythonoperator']) retrieved from /opt/airflow/dags/3_python_operator.py
[2026-09-21T00:45:42.205+0000] {logging_mixin.py:149} INFO - [2026-09-21T00:45:42.204+0000] {dag.py:2726} INFO - Sync 1 DAGs
[2026-09-21T00:45:42.255+0000] {logging_mixin.py:149} INFO - [2026-09-21T00:45:42.255+0000] {dag.py:3490} INFO - Setting next_dagrun for 3-pythonoperator to None, run_after=None
[2026-09-21T00:45:42.305+0000] {processor.py:178} INFO - Processing /opt/airflow/dags/3_python_operator.py took 0.200 seconds
[2026-09-21T00:46:12.450+0000] {processor.py:156} INFO - Started process (PID=4148) to work on /opt/airflow/dags/3_python_operator.py
[2026-09-21T00:46:12.455+0000] {processor.py:799} INFO - Processing file /opt/airflow/dags/3_python_operator.py for tasks to queue
[2026-09-21T00:46:12.458+0000] {logging_mixin.py:149} INFO - [2026-09-21T00:46:12.458+0000] {dagbag.py:541} INFO - Filling up the DagBag from /opt/airflow/dags/3_python_operator.py
[2026-09-21T00:46:12.494+0000] {processor.py:809} INFO - DAG(s) dict_keys(['3-pythonoperator']) retrieved from /opt/airflow/dags/3_python_operator.py
[2026-09-21T00:46:12.559+0000] {logging_mixin.py:149} INFO - [2026-09-21T00:46:12.559+0000] {dag.py:2726} INFO - Sync 1 DAGs
[2026-09-21T00:46:12.615+0000] {logging_mixin.py:149} INFO - [2026-09-21T00:46:12.614+0000] {dag.py:3490} INFO - Setting next_dagrun for 3-pythonoperator to None, run_after=None
[2026-09-21T00:46:12.661+0000] {processor.py:178} INFO - Processing /opt/airflow/dags/3_python_operator.py took 0.220 seconds
[2026-09-21T00:46:42.905+0000] {processor.py:156} INFO - Started process (PID=4158) to work on /opt/airflow/dags/3_python_operator.py
[2026-09-21T00:46:42.907+0000] {processor.py:799} INFO - Processing file /opt/airflow/dags/3_python_operator.py for tasks to queue
[2026-09-21T00:46:42.908+0000] {logging_mixin.py:149} INFO - [2026-09-21T00:46:42.908+0000] {dagbag.py:541} INFO - Filling up the DagBag from /opt/airflow/dags/3_python_operator.py
[2026-09-21T00:46:42.940+0000] {processor.py:809} INFO - DAG(s) dict_keys(['3-pythonoperator']) retrieved from /opt/airflow/dags/3_python_operator.py
[2026-09-21T00:46:43.025+0000] {logging_mixin.py:149} INFO - [2026-09-21T00:46:43.024+0000] {dag.py:2726} INFO - Sync 1 DAGs
[2026-09-21T00:46:43.099+0000] {logging_mixin.py:149} INFO - [2026-09-21T00:46:43.099+0000] {dag.py:3490} INFO - Setting next_dagrun for 3-pythonoperator to None, run_after=None
[2026-09-21T00:46:43.166+0000] {processor.py:178} INFO - Processing /opt/airflow/dags/3_python_operator.py took 0.269 seconds
[2026-09-21T00:47:13.265+0000] {processor.py:156} INFO - Started process (PID=4168) to work on /opt/airflow/dags/3_python_operator.py
[2026-09-21T00:47:13.268+0000] {processor.py:799} INFO - Processing file /opt/airflow/dags/3_python_operator.py for tasks to queue
[2026-09-21T00:47:13.269+0000] {logging_mixin.py:149} INFO - [2026-09-21T00:47:13.268+0000] {dagbag.py:541} INFO - Filling up the DagBag from /opt/airflow/dags/3_python_operator.py
[2026-09-21T00:47:13.291+0000] {processor.py:809} INFO - DAG(s) dict_keys(['3-pythonoperator']) retrieved from /opt/airflow/dags/3_python_operator.py
[2026-09-21T00:47:13.369+0000] {logging_mixin.py:149} INFO - [2026-09-21T00:47:13.369+0000] {dag.py:2726} INFO - Sync 1 DAGs
[2026-09-21T00:47:13.422+0000] {logging_mixin.py:149} INFO - [2026-09-21T00:47:13.422+0000] {dag.py:3490} INFO - Setting next_dagrun for 3-pythonoperator to None, run_after=None
[2026-09-21T00:47:13.476+0000] {processor.py:178} INFO - Processing /opt/airflow/dags/3_python_operator.py took 0.219 seconds
[2026-09-21T00:47:43.753+0000] {processor.py:156} INFO - Started process (PID=4178) to work on /opt/airflow/dags/3_python_operator.py
[2026-09-21T00:47:43.755+0000] {processor.py:799} INFO - Processing file /opt/airflow/dags/3_python_operator.py for tasks to queue
[2026-09-21T00:47:43.758+0000] {logging_mixin.py:149} INFO - [2026-09-21T00:47:43.757+0000] {dagbag.py:541} INFO - Filling up the DagBag from /opt/airflow/dags/3_python_operator.py
[2026-09-21T00:47:43.779+0000] {processor.py:809} INFO - DAG(s) dict_keys(['3-pythonoperator']) retrieved from /opt/airflow/dags/3_python_operator.py
[2026-09-21T00:47:43.837+0000] {logging_mixin.py:149} INFO - [2026-09-21T00:47:43.837+0000] {dag.py:2726} INFO - Sync 1 DAGs
[2026-09-21T00:47:43.888+0000] {logging_mixin.py:149} INFO - [2026-09-21T00:47:43.887+0000] {dag.py:3490} INFO - Setting next_dagrun for 3-pythonoperator to None, run_after=None
[2026-09-21T00:47:43.958+0000] {processor.py:178} INFO - Processing /opt/airflow/dags/3_python_operator.py took 0.225 seconds
[2026-09-21T00:48:14.011+0000] {processor.py:156} INFO - Started process (PID=4188) to work on /opt/airflow/dags/3_python_operator.py
[2026-09-21T00:48:14.018+0000] {processor.py:799} INFO - Processing file /opt/airflow/dags/3_python_operator.py for tasks to queue
[2026-09-21T00:48:14.021+0000] {logging_mixin.py:149} INFO - [2026-09-21T00:48:14.020+0000] {dagbag.py:541} INFO - Filling up the DagBag from /opt/airflow/dags/3_python_operator.py
[2026-09-21T00:48:14.055+0000] {processor.py:809} INFO - DAG(s) dict_keys(['3-pythonoperator']) retrieved from /opt/airflow/dags/3_python_operator.py
[2026-09-21T00:48:14.138+0000] {logging_mixin.py:149} INFO - [2026-09-21T00:48:14.137+0000] {dag.py:2726} INFO - Sync 1 DAGs
[2026-09-21T00:48:14.217+0000] {logging_mixin.py:149} INFO - [2026-09-21T00:48:14.216+0000] {dag.py:3490} INFO - Setting next_dagrun for 3-pythonoperator to None, run_after=None
[2026-09-21T00:48:14.268+0000] {processor.py:178} INFO - Processing /opt/airflow/dags/3_python_operator.py took 0.263 seconds
[2026-09-21T00:48:44.435+0000] {processor.py:156} INFO - Started process (PID=4198) to work on /opt/airflow/dags/3_python_operator.py
[2026-09-21T00:48:44.437+0000] {processor.py:799} INFO - Processing file /opt/airflow/dags/3_python_operator.py for tasks to queue
[2026-09-21T00:48:44.438+0000] {logging_mixin.py:149} INFO - [2026-09-21T00:48:44.437+0000] {dagbag.py:541} INFO - Filling up the DagBag from /opt/airflow/dags/3_python_operator.py
[2026-09-21T00:48:44.453+0000] {processor.py:809} INFO - DAG(s) dict_keys(['3-pythonoperator']) retrieved from /opt/airflow/dags/3_python_operator.py
[2026-09-21T00:48:44.498+0000] {logging_mixin.py:149} INFO - [2026-09-21T00:48:44.498+0000] {dag.py:2726} INFO - Sync 1 DAGs
[2026-09-21T00:48:44.545+0000] {logging_mixin.py:149} INFO - [2026-09-21T00:48:44.544+0000] {dag.py:3490} INFO - Setting next_dagrun for 3-pythonoperator to None, run_after=None
[2026-09-21T00:48:44.573+0000] {processor.py:178} INFO - Processing /opt/airflow/dags/3_python_operator.py took 0.143 seconds
[2026-09-21T00:49:14.800+0000] {processor.py:156} INFO - Started process (PID=4208) to work on /opt/airflow/dags/3_python_operator.py
[2026-09-21T00:49:14.805+0000] {processor.py:799} INFO - Processing file /opt/airflow/dags/3_python_operator.py for tasks to queue
[2026-09-21T00:49:14.811+0000] {logging_mixin.py:149} INFO - [2026-09-21T00:49:14.811+0000] {dagbag.py:541} INFO - Filling up the DagBag from /opt/airflow/dags/3_python_operator.py
[2026-09-21T00:49:14.842+0000] {processor.py:809} INFO - DAG(s) dict_keys(['3-pythonoperator']) retrieved from /opt/airflow/dags/3_python_operator.py
[2026-09-21T00:49:14.934+0000] {logging_mixin.py:149} INFO - [2026-09-21T00:49:14.932+0000] {dag.py:2726} INFO - Sync 1 DAGs
[2026-09-21T00:49:15.068+0000] {logging_mixin.py:149} INFO - [2026-09-21T00:49:15.067+0000] {dag.py:3490} INFO - Setting next_dagrun for 3-pythonoperator to None, run_after=None
[2026-09-21T00:49:15.116+0000] {processor.py:178} INFO - Processing /opt/airflow/dags/3_python_operator.py took 0.322 seconds
[2026-09-21T00:49:45.309+0000] {processor.py:156} INFO - Started process (PID=4219) to work on /opt/airflow/dags/3_python_operator.py
[2026-09-21T00:49:45.321+0000] {processor.py:799} INFO - Processing file /opt/airflow/dags/3_python_operator.py for tasks to queue
[2026-09-21T00:49:45.322+0000] {logging_mixin.py:149} INFO - [2026-09-21T00:49:45.322+0000] {dagbag.py:541} INFO - Filling up the DagBag from /opt/airflow/dags/3_python_operator.py
[2026-09-21T00:49:45.357+0000] {processor.py:809} INFO - DAG(s) dict_keys(['3-pythonoperator']) retrieved from /opt/airflow/dags/3_python_operator.py
[2026-09-21T00:49:45.419+0000] {logging_mixin.py:149} INFO - [2026-09-21T00:49:45.419+0000] {dag.py:2726} INFO - Sync 1 DAGs
[2026-09-21T00:49:45.462+0000] {logging_mixin.py:149} INFO - [2026-09-21T00:49:45.462+0000] {dag.py:3490} INFO - Setting next_dagrun for 3-pythonoperator to None, run_after=None
[2026-09-21T00:49:45.528+0000] {processor.py:178} INFO - Processing /opt/airflow/dags/3_python_operator.py took 0.227 seconds
[2026-09-21T00:50:15.617+0000] {processor.py:156} INFO - Started process (PID=4229) to work on /opt/airflow/dags/3_python_operator.py
[2026-09-21T00:50:15.623+0000] {processor.py:799} INFO - Processing file /opt/airflow/dags/3_python_operator.py for tasks to queue
[2026-09-21T00:50:15.627+0000] {logging_mixin.py:149} INFO - [2026-09-21T00:50:15.624+0000] {dagbag.py:541} INFO - Filling up the DagBag from /opt/airflow/dags/3_python_operator.py
[2026-09-21T00:50:15.668+0000] {processor.py:809} INFO - DAG(s) dict_keys(['3-pythonoperator']) retrieved from /opt/airflow/dags/3_python_operator.py
[2026-09-21T00:50:15.726+0000] {logging_mixin.py:149} INFO - [2026-09-21T00:50:15.725+0000] {dag.py:2726} INFO - Sync 1 DAGs
[2026-09-21T00:50:15.767+0000] {logging_mixin.py:149} INFO - [2026-09-21T00:50:15.767+0000] {dag.py:3490} INFO - Setting next_dagrun for 3-pythonoperator to None, run_after=None
[2026-09-21T00:50:15.815+0000] {processor.py:178} INFO - Processing /opt/airflow/dags/3_python_operator.py took 0.211 seconds
[2026-09-21T00:50:46.543+0000] {processor.py:156} INFO - Started process (PID=4238) to work on /opt/airflow/dags/3_python_operator.py
[2026-09-21T00:50:46.545+0000] {processor.py:799} INFO - Processing file /opt/airflow/dags/3_python_operator.py for tasks to queue
[2026-09-21T00:50:46.551+0000] {logging_mixin.py:149} INFO - [2026-09-21T00:50:46.550+0000] {dagbag.py:541} INFO - Filling up the DagBag from /opt/airflow/dags/3_python_operator.py
[2026-09-21T00:50:46.570+0000] {processor.py:809} INFO - DAG(s) dict_keys(['3-pythonoperator']) retrieved from /opt/airflow/dags/3_python_operator.py
[2026-09-21T00:50:46.641+0000] {logging_mixin.py:149} INFO - [2026-09-21T00:50:46.640+0000] {dag.py:2726} INFO - Sync 1 DAGs
[2026-09-21T00:50:46.711+0000] {logging_mixin.py:149} INFO - [2026-09-21T00:50:46.710+0000] {dag.py:3490} INFO - Setting next_dagrun for 3-pythonoperator to None, run_after=None
[2026-09-21T00:50:46.761+0000] {processor.py:178} INFO - Processing /opt/airflow/dags/3_python_operator.py took 0.224 seconds
[2026-09-21T00:51:17.006+0000] {processor.py:156} INFO - Started process (PID=4248) to work on /opt/airflow/dags/3_python_operator.py
[2026-09-21T00:51:17.019+0000] {processor.py:799} INFO - Processing file /opt/airflow/dags/3_python_operator.py for tasks to queue
[2026-09-21T00:51:17.020+0000] {logging_mixin.py:149} INFO - [2026-09-21T00:51:17.020+0000] {dagbag.py:541} INFO - Filling up the DagBag from /opt/airflow/dags/3_python_operator.py
[2026-09-21T00:51:17.076+0000] {processor.py:809} INFO - DAG(s) dict_keys(['3-pythonoperator']) retrieved from /opt/airflow/dags/3_python_operator.py
[2026-09-21T00:51:17.195+0000] {logging_mixin.py:149} INFO - [2026-09-21T00:51:17.194+0000] {dag.py:2726} INFO - Sync 1 DAGs
[2026-09-21T00:51:17.289+0000] {logging_mixin.py:149} INFO - [2026-09-21T00:51:17.289+0000] {dag.py:3490} INFO - Setting next_dagrun for 3-pythonoperator to None, run_after=None
[2026-09-21T00:51:17.338+0000] {processor.py:178} INFO - Processing /opt/airflow/dags/3_python_operator.py took 0.343 seconds
[2026-09-21T00:51:48.233+0000] {processor.py:156} INFO - Started process (PID=4258) to work on /opt/airflow/dags/3_python_operator.py
[2026-09-21T00:51:48.242+0000] {processor.py:799} INFO - Processing file /opt/airflow/dags/3_python_operator.py for tasks to queue
[2026-09-21T00:51:48.243+0000] {logging_mixin.py:149} INFO - [2026-09-21T00:51:48.243+0000] {dagbag.py:541} INFO - Filling up the DagBag from /opt/airflow/dags/3_python_operator.py
[2026-09-21T00:51:48.261+0000] {processor.py:809} INFO - DAG(s) dict_keys(['3-pythonoperator']) retrieved from /opt/airflow/dags/3_python_operator.py
[2026-09-21T00:51:48.327+0000] {logging_mixin.py:149} INFO - [2026-09-21T00:51:48.327+0000] {dag.py:2726} INFO - Sync 1 DAGs
[2026-09-21T00:51:48.367+0000] {logging_mixin.py:149} INFO - [2026-09-21T00:51:48.367+0000] {dag.py:3490} INFO - Setting next_dagrun for 3-pythonoperator to None, run_after=None
[2026-09-21T00:51:48.397+0000] {processor.py:178} INFO - Processing /opt/airflow/dags/3_python_operator.py took 0.181 seconds
[2026-09-21T00:52:18.526+0000] {processor.py:156} INFO - Started process (PID=4268) to work on /opt/airflow/dags/3_python_operator.py
[2026-09-21T00:52:18.528+0000] {processor.py:799} INFO - Processing file /opt/airflow/dags/3_python_operator.py for tasks to queue
[2026-09-21T00:52:18.529+0000] {logging_mixin.py:149} INFO - [2026-09-21T00:52:18.529+0000] {dagbag.py:541} INFO - Filling up the DagBag from /opt/airflow/dags/3_python_operator.py
[2026-09-21T00:52:18.567+0000] {processor.py:809} INFO - DAG(s) dict_keys(['3-pythonoperator']) retrieved from /opt/airflow/dags/3_python_operator.py
[2026-09-21T00:52:18.677+0000] {logging_mixin.py:149} INFO - [2026-09-21T00:52:18.676+0000] {dag.py:2726} INFO - Sync 1 DAGs
[2026-09-21T00:52:18.728+0000] {logging_mixin.py:149} INFO - [2026-09-21T00:52:18.728+0000] {dag.py:3490} INFO - Setting next_dagrun for 3-pythonoperator to None, run_after=None
[2026-09-21T00:52:18.779+0000] {processor.py:178} INFO - Processing /opt/airflow/dags/3_python_operator.py took 0.258 seconds
[2026-09-21T00:52:49.697+0000] {processor.py:156} INFO - Started process (PID=4278) to work on /opt/airflow/dags/3_python_operator.py
[2026-09-21T00:52:49.700+0000] {processor.py:799} INFO - Processing file /opt/airflow/dags/3_python_operator.py for tasks to queue
[2026-09-21T00:52:49.701+0000] {logging_mixin.py:149} INFO - [2026-09-21T00:52:49.701+0000] {dagbag.py:541} INFO - Filling up the DagBag from /opt/airflow/dags/3_python_operator.py
[2026-09-21T00:52:49.722+0000] {processor.py:809} INFO - DAG(s) dict_keys(['3-pythonoperator']) retrieved from /opt/airflow/dags/3_python_operator.py
[2026-09-21T00:52:49.827+0000] {logging_mixin.py:149} INFO - [2026-09-21T00:52:49.827+0000] {dag.py:2726} INFO - Sync 1 DAGs
[2026-09-21T00:52:49.887+0000] {logging_mixin.py:149} INFO - [2026-09-21T00:52:49.886+0000] {dag.py:3490} INFO - Setting next_dagrun for 3-pythonoperator to None, run_after=None
[2026-09-21T00:52:49.958+0000] {processor.py:178} INFO - Processing /opt/airflow/dags/3_python_operator.py took 0.271 seconds
[2026-09-21T00:53:20.160+0000] {processor.py:156} INFO - Started process (PID=4288) to work on /opt/airflow/dags/3_python_operator.py
[2026-09-21T00:53:20.170+0000] {processor.py:799} INFO - Processing file /opt/airflow/dags/3_python_operator.py for tasks to queue
[2026-09-21T00:53:20.171+0000] {logging_mixin.py:149} INFO - [2026-09-21T00:53:20.171+0000] {dagbag.py:541} INFO - Filling up the DagBag from /opt/airflow/dags/3_python_operator.py
[2026-09-21T00:53:20.220+0000] {processor.py:809} INFO - DAG(s) dict_keys(['3-pythonoperator']) retrieved from /opt/airflow/dags/3_python_operator.py
[2026-09-21T00:53:20.308+0000] {logging_mixin.py:149} INFO - [2026-09-21T00:53:20.308+0000] {dag.py:2726} INFO - Sync 1 DAGs
[2026-09-21T00:53:20.378+0000] {logging_mixin.py:149} INFO - [2026-09-21T00:53:20.377+0000] {dag.py:3490} INFO - Setting next_dagrun for 3-pythonoperator to None, run_after=None
[2026-09-21T00:53:20.432+0000] {processor.py:178} INFO - Processing /opt/airflow/dags/3_python_operator.py took 0.285 seconds
[2026-09-21T00:53:50.478+0000] {processor.py:156} INFO - Started process (PID=4298) to work on /opt/airflow/dags/3_python_operator.py
[2026-09-21T00:53:50.480+0000] {processor.py:799} INFO - Processing file /opt/airflow/dags/3_python_operator.py for tasks to queue
[2026-09-21T00:53:50.481+0000] {logging_mixin.py:149} INFO - [2026-09-21T00:53:50.481+0000] {dagbag.py:541} INFO - Filling up the DagBag from /opt/airflow/dags/3_python_operator.py
[2026-09-21T00:53:50.497+0000] {processor.py:809} INFO - DAG(s) dict_keys(['3-pythonoperator']) retrieved from /opt/airflow/dags/3_python_operator.py
[2026-09-21T00:53:50.545+0000] {logging_mixin.py:149} INFO - [2026-09-21T00:53:50.545+0000] {dag.py:2726} INFO - Sync 1 DAGs
[2026-09-21T00:53:50.589+0000] {logging_mixin.py:149} INFO - [2026-09-21T00:53:50.589+0000] {dag.py:3490} INFO - Setting next_dagrun for 3-pythonoperator to None, run_after=None
[2026-09-21T00:53:50.627+0000] {processor.py:178} INFO - Processing /opt/airflow/dags/3_python_operator.py took 0.155 seconds
[2026-09-21T00:54:21.040+0000] {processor.py:156} INFO - Started process (PID=4308) to work on /opt/airflow/dags/3_python_operator.py
[2026-09-21T00:54:21.043+0000] {processor.py:799} INFO - Processing file /opt/airflow/dags/3_python_operator.py for tasks to queue
[2026-09-21T00:54:21.043+0000] {logging_mixin.py:149} INFO - [2026-09-21T00:54:21.043+0000] {dagbag.py:541} INFO - Filling up the DagBag from /opt/airflow/dags/3_python_operator.py
[2026-09-21T00:54:21.058+0000] {processor.py:809} INFO - DAG(s) dict_keys(['3-pythonoperator']) retrieved from /opt/airflow/dags/3_python_operator.py
[2026-09-21T00:54:21.135+0000] {logging_mixin.py:149} INFO - [2026-09-21T00:54:21.134+0000] {dag.py:2726} INFO - Sync 1 DAGs
[2026-09-21T00:54:21.235+0000] {logging_mixin.py:149} INFO - [2026-09-21T00:54:21.235+0000] {dag.py:3490} INFO - Setting next_dagrun for 3-pythonoperator to None, run_after=None
[2026-09-21T00:54:21.309+0000] {processor.py:178} INFO - Processing /opt/airflow/dags/3_python_operator.py took 0.276 seconds
[2026-09-21T00:54:51.397+0000] {processor.py:156} INFO - Started process (PID=4318) to work on /opt/airflow/dags/3_python_operator.py
[2026-09-21T00:54:51.398+0000] {processor.py:799} INFO - Processing file /opt/airflow/dags/3_python_operator.py for tasks to queue
[2026-09-21T00:54:51.399+0000] {logging_mixin.py:149} INFO - [2026-09-21T00:54:51.398+0000] {dagbag.py:541} INFO - Filling up the DagBag from /opt/airflow/dags/3_python_operator.py
[2026-09-21T00:54:51.414+0000] {processor.py:809} INFO - DAG(s) dict_keys(['3-pythonoperator']) retrieved from /opt/airflow/dags/3_python_operator.py
[2026-09-21T00:54:51.494+0000] {logging_mixin.py:149} INFO - [2026-09-21T00:54:51.493+0000] {dag.py:2726} INFO - Sync 1 DAGs
[2026-09-21T00:54:51.578+0000] {logging_mixin.py:149} INFO - [2026-09-21T00:54:51.578+0000] {dag.py:3490} INFO - Setting next_dagrun for 3-pythonoperator to None, run_after=None
[2026-09-21T00:54:51.621+0000] {processor.py:178} INFO - Processing /opt/airflow/dags/3_python_operator.py took 0.230 seconds
[2026-09-21T00:55:21.933+0000] {processor.py:156} INFO - Started process (PID=4328) to work on /opt/airflow/dags/3_python_operator.py
[2026-09-21T00:55:21.939+0000] {processor.py:799} INFO - Processing file /opt/airflow/dags/3_python_operator.py for tasks to queue
[2026-09-21T00:55:21.941+0000] {logging_mixin.py:149} INFO - [2026-09-21T00:55:21.940+0000] {dagbag.py:541} INFO - Filling up the DagBag from /opt/airflow/dags/3_python_operator.py
[2026-09-21T00:55:21.978+0000] {processor.py:809} INFO - DAG(s) dict_keys(['3-pythonoperator']) retrieved from /opt/airflow/dags/3_python_operator.py
[2026-09-21T00:55:22.067+0000] {logging_mixin.py:149} INFO - [2026-09-21T00:55:22.067+0000] {dag.py:2726} INFO - Sync 1 DAGs
[2026-09-21T00:55:22.145+0000] {logging_mixin.py:149} INFO - [2026-09-21T00:55:22.142+0000] {dag.py:3490} INFO - Setting next_dagrun for 3-pythonoperator to None, run_after=None
[2026-09-21T00:55:22.211+0000] {processor.py:178} INFO - Processing /opt/airflow/dags/3_python_operator.py took 0.291 seconds
[2026-09-21T00:55:52.946+0000] {processor.py:156} INFO - Started process (PID=4338) to work on /opt/airflow/dags/3_python_operator.py
[2026-09-21T00:55:52.947+0000] {processor.py:799} INFO - Processing file /opt/airflow/dags/3_python_operator.py for tasks to queue
[2026-09-21T00:55:52.948+0000] {logging_mixin.py:149} INFO - [2026-09-21T00:55:52.947+0000] {dagbag.py:541} INFO - Filling up the DagBag from /opt/airflow/dags/3_python_operator.py
[2026-09-21T00:55:52.960+0000] {processor.py:809} INFO - DAG(s) dict_keys(['3-pythonoperator']) retrieved from /opt/airflow/dags/3_python_operator.py
[2026-09-21T00:55:53.023+0000] {logging_mixin.py:149} INFO - [2026-09-21T00:55:53.023+0000] {dag.py:2726} INFO - Sync 1 DAGs
[2026-09-21T00:55:53.054+0000] {logging_mixin.py:149} INFO - [2026-09-21T00:55:53.054+0000] {dag.py:3490} INFO - Setting next_dagrun for 3-pythonoperator to None, run_after=None
[2026-09-21T00:55:53.081+0000] {processor.py:178} INFO - Processing /opt/airflow/dags/3_python_operator.py took 0.142 seconds
[2026-09-21T00:56:23.213+0000] {processor.py:156} INFO - Started process (PID=4348) to work on /opt/airflow/dags/3_python_operator.py
[2026-09-21T00:56:23.217+0000] {processor.py:799} INFO - Processing file /opt/airflow/dags/3_python_operator.py for tasks to queue
[2026-09-21T00:56:23.218+0000] {logging_mixin.py:149} INFO - [2026-09-21T00:56:23.218+0000] {dagbag.py:541} INFO - Filling up the DagBag from /opt/airflow/dags/3_python_operator.py
[2026-09-21T00:56:23.248+0000] {processor.py:809} INFO - DAG(s) dict_keys(['3-pythonoperator']) retrieved from /opt/airflow/dags/3_python_operator.py
[2026-09-21T00:56:23.313+0000] {logging_mixin.py:149} INFO - [2026-09-21T00:56:23.313+0000] {dag.py:2726} INFO - Sync 1 DAGs
[2026-09-21T00:56:23.401+0000] {logging_mixin.py:149} INFO - [2026-09-21T00:56:23.400+0000] {dag.py:3490} INFO - Setting next_dagrun for 3-pythonoperator to None, run_after=None
[2026-09-21T00:56:23.467+0000] {processor.py:178} INFO - Processing /opt/airflow/dags/3_python_operator.py took 0.259 seconds
[2026-09-21T00:56:53.706+0000] {processor.py:156} INFO - Started process (PID=4358) to work on /opt/airflow/dags/3_python_operator.py
[2026-09-21T00:56:53.707+0000] {processor.py:799} INFO - Processing file /opt/airflow/dags/3_python_operator.py for tasks to queue
[2026-09-21T00:56:53.709+0000] {logging_mixin.py:149} INFO - [2026-09-21T00:56:53.708+0000] {dagbag.py:541} INFO - Filling up the DagBag from /opt/airflow/dags/3_python_operator.py
[2026-09-21T00:56:53.728+0000] {processor.py:809} INFO - DAG(s) dict_keys(['3-pythonoperator']) retrieved from /opt/airflow/dags/3_python_operator.py
[2026-09-21T00:56:53.827+0000] {logging_mixin.py:149} INFO - [2026-09-21T00:56:53.827+0000] {dag.py:2726} INFO - Sync 1 DAGs
[2026-09-21T00:56:53.891+0000] {logging_mixin.py:149} INFO - [2026-09-21T00:56:53.891+0000] {dag.py:3490} INFO - Setting next_dagrun for 3-pythonoperator to None, run_after=None
[2026-09-21T00:56:53.940+0000] {processor.py:178} INFO - Processing /opt/airflow/dags/3_python_operator.py took 0.242 seconds
[2026-09-21T00:57:24.058+0000] {processor.py:156} INFO - Started process (PID=4368) to work on /opt/airflow/dags/3_python_operator.py
[2026-09-21T00:57:24.064+0000] {processor.py:799} INFO - Processing file /opt/airflow/dags/3_python_operator.py for tasks to queue
[2026-09-21T00:57:24.066+0000] {logging_mixin.py:149} INFO - [2026-09-21T00:57:24.065+0000] {dagbag.py:541} INFO - Filling up the DagBag from /opt/airflow/dags/3_python_operator.py
[2026-09-21T00:57:24.086+0000] {processor.py:809} INFO - DAG(s) dict_keys(['3-pythonoperator']) retrieved from /opt/airflow/dags/3_python_operator.py
[2026-09-21T00:57:24.176+0000] {logging_mixin.py:149} INFO - [2026-09-21T00:57:24.176+0000] {dag.py:2726} INFO - Sync 1 DAGs
[2026-09-21T00:57:24.266+0000] {logging_mixin.py:149} INFO - [2026-09-21T00:57:24.266+0000] {dag.py:3490} INFO - Setting next_dagrun for 3-pythonoperator to None, run_after=None
[2026-09-21T00:57:24.325+0000] {processor.py:178} INFO - Processing /opt/airflow/dags/3_python_operator.py took 0.279 seconds
[2026-09-21T00:57:54.378+0000] {processor.py:156} INFO - Started process (PID=4378) to work on /opt/airflow/dags/3_python_operator.py
[2026-09-21T00:57:54.379+0000] {processor.py:799} INFO - Processing file /opt/airflow/dags/3_python_operator.py for tasks to queue
[2026-09-21T00:57:54.380+0000] {logging_mixin.py:149} INFO - [2026-09-21T00:57:54.380+0000] {dagbag.py:541} INFO - Filling up the DagBag from /opt/airflow/dags/3_python_operator.py
[2026-09-21T00:57:54.396+0000] {processor.py:809} INFO - DAG(s) dict_keys(['3-pythonoperator']) retrieved from /opt/airflow/dags/3_python_operator.py
[2026-09-21T00:57:54.480+0000] {logging_mixin.py:149} INFO - [2026-09-21T00:57:54.479+0000] {dag.py:2726} INFO - Sync 1 DAGs
[2026-09-21T00:57:54.582+0000] {logging_mixin.py:149} INFO - [2026-09-21T00:57:54.582+0000] {dag.py:3490} INFO - Setting next_dagrun for 3-pythonoperator to None, run_after=None
[2026-09-21T00:57:54.625+0000] {processor.py:178} INFO - Processing /opt/airflow/dags/3_python_operator.py took 0.253 seconds
[2026-09-21T00:58:24.781+0000] {processor.py:156} INFO - Started process (PID=4388) to work on /opt/airflow/dags/3_python_operator.py
[2026-09-21T00:58:24.784+0000] {processor.py:799} INFO - Processing file /opt/airflow/dags/3_python_operator.py for tasks to queue
[2026-09-21T00:58:24.785+0000] {logging_mixin.py:149} INFO - [2026-09-21T00:58:24.785+0000] {dagbag.py:541} INFO - Filling up the DagBag from /opt/airflow/dags/3_python_operator.py
[2026-09-21T00:58:24.816+0000] {processor.py:809} INFO - DAG(s) dict_keys(['3-pythonoperator']) retrieved from /opt/airflow/dags/3_python_operator.py
[2026-09-21T00:58:24.901+0000] {logging_mixin.py:149} INFO - [2026-09-21T00:58:24.901+0000] {dag.py:2726} INFO - Sync 1 DAGs
[2026-09-21T00:58:24.963+0000] {logging_mixin.py:149} INFO - [2026-09-21T00:58:24.963+0000] {dag.py:3490} INFO - Setting next_dagrun for 3-pythonoperator to None, run_after=None
[2026-09-21T00:58:25.007+0000] {processor.py:178} INFO - Processing /opt/airflow/dags/3_python_operator.py took 0.238 seconds
[2026-09-21T00:58:55.776+0000] {processor.py:156} INFO - Started process (PID=4398) to work on /opt/airflow/dags/3_python_operator.py
[2026-09-21T00:58:55.777+0000] {processor.py:799} INFO - Processing file /opt/airflow/dags/3_python_operator.py for tasks to queue
[2026-09-21T00:58:55.777+0000] {logging_mixin.py:149} INFO - [2026-09-21T00:58:55.777+0000] {dagbag.py:541} INFO - Filling up the DagBag from /opt/airflow/dags/3_python_operator.py
[2026-09-21T00:58:55.804+0000] {processor.py:809} INFO - DAG(s) dict_keys(['3-pythonoperator']) retrieved from /opt/airflow/dags/3_python_operator.py
[2026-09-21T00:58:55.892+0000] {logging_mixin.py:149} INFO - [2026-09-21T00:58:55.892+0000] {dag.py:2726} INFO - Sync 1 DAGs
[2026-09-21T00:58:55.964+0000] {logging_mixin.py:149} INFO - [2026-09-21T00:58:55.964+0000] {dag.py:3490} INFO - Setting next_dagrun for 3-pythonoperator to None, run_after=None
[2026-09-21T00:58:55.994+0000] {processor.py:178} INFO - Processing /opt/airflow/dags/3_python_operator.py took 0.226 seconds
[2026-09-21T00:59:26.320+0000] {processor.py:156} INFO - Started process (PID=4408) to work on /opt/airflow/dags/3_python_operator.py
[2026-09-21T00:59:26.323+0000] {processor.py:799} INFO - Processing file /opt/airflow/dags/3_python_operator.py for tasks to queue
[2026-09-21T00:59:26.324+0000] {logging_mixin.py:149} INFO - [2026-09-21T00:59:26.323+0000] {dagbag.py:541} INFO - Filling up the DagBag from /opt/airflow/dags/3_python_operator.py
[2026-09-21T00:59:26.340+0000] {processor.py:809} INFO - DAG(s) dict_keys(['3-pythonoperator']) retrieved from /opt/airflow/dags/3_python_operator.py
[2026-09-21T00:59:26.395+0000] {logging_mixin.py:149} INFO - [2026-09-21T00:59:26.395+0000] {dag.py:2726} INFO - Sync 1 DAGs
[2026-09-21T00:59:26.444+0000] {logging_mixin.py:149} INFO - [2026-09-21T00:59:26.444+0000] {dag.py:3490} INFO - Setting next_dagrun for 3-pythonoperator to None, run_after=None
[2026-09-21T00:59:26.482+0000] {processor.py:178} INFO - Processing /opt/airflow/dags/3_python_operator.py took 0.169 seconds
[2026-09-21T00:59:56.797+0000] {processor.py:156} INFO - Started process (PID=4418) to work on /opt/airflow/dags/3_python_operator.py
[2026-09-21T00:59:56.801+0000] {processor.py:799} INFO - Processing file /opt/airflow/dags/3_python_operator.py for tasks to queue
[2026-09-21T00:59:56.802+0000] {logging_mixin.py:149} INFO - [2026-09-21T00:59:56.802+0000] {dagbag.py:541} INFO - Filling up the DagBag from /opt/airflow/dags/3_python_operator.py
[2026-09-21T00:59:56.857+0000] {processor.py:809} INFO - DAG(s) dict_keys(['3-pythonoperator']) retrieved from /opt/airflow/dags/3_python_operator.py
[2026-09-21T00:59:57.034+0000] {logging_mixin.py:149} INFO - [2026-09-21T00:59:57.032+0000] {dag.py:2726} INFO - Sync 1 DAGs
[2026-09-21T00:59:57.169+0000] {logging_mixin.py:149} INFO - [2026-09-21T00:59:57.169+0000] {dag.py:3490} INFO - Setting next_dagrun for 3-pythonoperator to None, run_after=None
[2026-09-21T00:59:57.231+0000] {processor.py:178} INFO - Processing /opt/airflow/dags/3_python_operator.py took 0.450 seconds
[2026-09-21T01:00:27.325+0000] {processor.py:156} INFO - Started process (PID=4428) to work on /opt/airflow/dags/3_python_operator.py
[2026-09-21T01:00:27.334+0000] {processor.py:799} INFO - Processing file /opt/airflow/dags/3_python_operator.py for tasks to queue
[2026-09-21T01:00:27.340+0000] {logging_mixin.py:149} INFO - [2026-09-21T01:00:27.340+0000] {dagbag.py:541} INFO - Filling up the DagBag from /opt/airflow/dags/3_python_operator.py
[2026-09-21T01:00:27.381+0000] {processor.py:809} INFO - DAG(s) dict_keys(['3-pythonoperator']) retrieved from /opt/airflow/dags/3_python_operator.py
[2026-09-21T01:00:27.457+0000] {logging_mixin.py:149} INFO - [2026-09-21T01:00:27.457+0000] {dag.py:2726} INFO - Sync 1 DAGs
[2026-09-21T01:00:27.515+0000] {logging_mixin.py:149} INFO - [2026-09-21T01:00:27.515+0000] {dag.py:3490} INFO - Setting next_dagrun for 3-pythonoperator to None, run_after=None
[2026-09-21T01:00:27.558+0000] {processor.py:178} INFO - Processing /opt/airflow/dags/3_python_operator.py took 0.243 seconds
[2026-09-21T01:00:57.772+0000] {processor.py:156} INFO - Started process (PID=4439) to work on /opt/airflow/dags/3_python_operator.py
[2026-09-21T01:00:57.773+0000] {processor.py:799} INFO - Processing file /opt/airflow/dags/3_python_operator.py for tasks to queue
[2026-09-21T01:00:57.774+0000] {logging_mixin.py:149} INFO - [2026-09-21T01:00:57.774+0000] {dagbag.py:541} INFO - Filling up the DagBag from /opt/airflow/dags/3_python_operator.py
[2026-09-21T01:00:57.790+0000] {processor.py:809} INFO - DAG(s) dict_keys(['3-pythonoperator']) retrieved from /opt/airflow/dags/3_python_operator.py
[2026-09-21T01:00:57.848+0000] {logging_mixin.py:149} INFO - [2026-09-21T01:00:57.847+0000] {dag.py:2726} INFO - Sync 1 DAGs
[2026-09-21T01:00:57.886+0000] {logging_mixin.py:149} INFO - [2026-09-21T01:00:57.885+0000] {dag.py:3490} INFO - Setting next_dagrun for 3-pythonoperator to None, run_after=None
[2026-09-21T01:00:57.927+0000] {processor.py:178} INFO - Processing /opt/airflow/dags/3_python_operator.py took 0.162 seconds
[2026-09-21T01:01:28.026+0000] {processor.py:156} INFO - Started process (PID=4449) to work on /opt/airflow/dags/3_python_operator.py
[2026-09-21T01:01:28.033+0000] {processor.py:799} INFO - Processing file /opt/airflow/dags/3_python_operator.py for tasks to queue
[2026-09-21T01:01:28.035+0000] {logging_mixin.py:149} INFO - [2026-09-21T01:01:28.035+0000] {dagbag.py:541} INFO - Filling up the DagBag from /opt/airflow/dags/3_python_operator.py
[2026-09-21T01:01:28.062+0000] {processor.py:809} INFO - DAG(s) dict_keys(['3-pythonoperator']) retrieved from /opt/airflow/dags/3_python_operator.py
[2026-09-21T01:01:28.166+0000] {logging_mixin.py:149} INFO - [2026-09-21T01:01:28.165+0000] {dag.py:2726} INFO - Sync 1 DAGs
[2026-09-21T01:01:28.273+0000] {logging_mixin.py:149} INFO - [2026-09-21T01:01:28.273+0000] {dag.py:3490} INFO - Setting next_dagrun for 3-pythonoperator to None, run_after=None
[2026-09-21T01:01:28.354+0000] {processor.py:178} INFO - Processing /opt/airflow/dags/3_python_operator.py took 0.341 seconds
[2026-09-21T01:01:58.417+0000] {processor.py:156} INFO - Started process (PID=4458) to work on /opt/airflow/dags/3_python_operator.py
[2026-09-21T01:01:58.418+0000] {processor.py:799} INFO - Processing file /opt/airflow/dags/3_python_operator.py for tasks to queue
[2026-09-21T01:01:58.419+0000] {logging_mixin.py:149} INFO - [2026-09-21T01:01:58.419+0000] {dagbag.py:541} INFO - Filling up the DagBag from /opt/airflow/dags/3_python_operator.py
[2026-09-21T01:01:58.438+0000] {processor.py:809} INFO - DAG(s) dict_keys(['3-pythonoperator']) retrieved from /opt/airflow/dags/3_python_operator.py
[2026-09-21T01:01:58.514+0000] {logging_mixin.py:149} INFO - [2026-09-21T01:01:58.514+0000] {dag.py:2726} INFO - Sync 1 DAGs
[2026-09-21T01:01:58.601+0000] {logging_mixin.py:149} INFO - [2026-09-21T01:01:58.601+0000] {dag.py:3490} INFO - Setting next_dagrun for 3-pythonoperator to None, run_after=None
[2026-09-21T01:01:58.667+0000] {processor.py:178} INFO - Processing /opt/airflow/dags/3_python_operator.py took 0.256 seconds
[2026-09-21T01:02:28.949+0000] {processor.py:156} INFO - Started process (PID=4468) to work on /opt/airflow/dags/3_python_operator.py
[2026-09-21T01:02:28.957+0000] {processor.py:799} INFO - Processing file /opt/airflow/dags/3_python_operator.py for tasks to queue
[2026-09-21T01:02:28.958+0000] {logging_mixin.py:149} INFO - [2026-09-21T01:02:28.958+0000] {dagbag.py:541} INFO - Filling up the DagBag from /opt/airflow/dags/3_python_operator.py
[2026-09-21T01:02:28.998+0000] {processor.py:809} INFO - DAG(s) dict_keys(['3-pythonoperator']) retrieved from /opt/airflow/dags/3_python_operator.py
[2026-09-21T01:02:29.108+0000] {logging_mixin.py:149} INFO - [2026-09-21T01:02:29.108+0000] {dag.py:2726} INFO - Sync 1 DAGs
[2026-09-21T01:02:29.260+0000] {logging_mixin.py:149} INFO - [2026-09-21T01:02:29.254+0000] {dag.py:3490} INFO - Setting next_dagrun for 3-pythonoperator to None, run_after=None
[2026-09-21T01:02:29.311+0000] {processor.py:178} INFO - Processing /opt/airflow/dags/3_python_operator.py took 0.374 seconds
[2026-09-21T01:03:00.125+0000] {processor.py:156} INFO - Started process (PID=4478) to work on /opt/airflow/dags/3_python_operator.py
[2026-09-21T01:03:00.127+0000] {processor.py:799} INFO - Processing file /opt/airflow/dags/3_python_operator.py for tasks to queue
[2026-09-21T01:03:00.129+0000] {logging_mixin.py:149} INFO - [2026-09-21T01:03:00.129+0000] {dagbag.py:541} INFO - Filling up the DagBag from /opt/airflow/dags/3_python_operator.py
[2026-09-21T01:03:00.144+0000] {processor.py:809} INFO - DAG(s) dict_keys(['3-pythonoperator']) retrieved from /opt/airflow/dags/3_python_operator.py
[2026-09-21T01:03:00.205+0000] {logging_mixin.py:149} INFO - [2026-09-21T01:03:00.205+0000] {dag.py:2726} INFO - Sync 1 DAGs
[2026-09-21T01:03:00.261+0000] {logging_mixin.py:149} INFO - [2026-09-21T01:03:00.260+0000] {dag.py:3490} INFO - Setting next_dagrun for 3-pythonoperator to None, run_after=None
[2026-09-21T01:03:00.312+0000] {processor.py:178} INFO - Processing /opt/airflow/dags/3_python_operator.py took 0.192 seconds
[2026-09-21T01:03:30.985+0000] {processor.py:156} INFO - Started process (PID=4488) to work on /opt/airflow/dags/3_python_operator.py
[2026-09-21T01:03:30.990+0000] {processor.py:799} INFO - Processing file /opt/airflow/dags/3_python_operator.py for tasks to queue
[2026-09-21T01:03:30.991+0000] {logging_mixin.py:149} INFO - [2026-09-21T01:03:30.991+0000] {dagbag.py:541} INFO - Filling up the DagBag from /opt/airflow/dags/3_python_operator.py
[2026-09-21T01:03:31.013+0000] {processor.py:809} INFO - DAG(s) dict_keys(['3-pythonoperator']) retrieved from /opt/airflow/dags/3_python_operator.py
[2026-09-21T01:03:31.100+0000] {logging_mixin.py:149} INFO - [2026-09-21T01:03:31.099+0000] {dag.py:2726} INFO - Sync 1 DAGs
[2026-09-21T01:03:31.162+0000] {logging_mixin.py:149} INFO - [2026-09-21T01:03:31.162+0000] {dag.py:3490} INFO - Setting next_dagrun for 3-pythonoperator to None, run_after=None
[2026-09-21T01:03:31.206+0000] {processor.py:178} INFO - Processing /opt/airflow/dags/3_python_operator.py took 0.230 seconds
[2026-09-21T01:04:02.006+0000] {processor.py:156} INFO - Started process (PID=4498) to work on /opt/airflow/dags/3_python_operator.py
[2026-09-21T01:04:02.019+0000] {processor.py:799} INFO - Processing file /opt/airflow/dags/3_python_operator.py for tasks to queue
[2026-09-21T01:04:02.020+0000] {logging_mixin.py:149} INFO - [2026-09-21T01:04:02.020+0000] {dagbag.py:541} INFO - Filling up the DagBag from /opt/airflow/dags/3_python_operator.py
[2026-09-21T01:04:02.056+0000] {processor.py:809} INFO - DAG(s) dict_keys(['3-pythonoperator']) retrieved from /opt/airflow/dags/3_python_operator.py
[2026-09-21T01:04:02.115+0000] {logging_mixin.py:149} INFO - [2026-09-21T01:04:02.115+0000] {dag.py:2726} INFO - Sync 1 DAGs
[2026-09-21T01:04:02.157+0000] {logging_mixin.py:149} INFO - [2026-09-21T01:04:02.156+0000] {dag.py:3490} INFO - Setting next_dagrun for 3-pythonoperator to None, run_after=None
[2026-09-21T01:04:02.197+0000] {processor.py:178} INFO - Processing /opt/airflow/dags/3_python_operator.py took 0.207 seconds
[2026-09-21T01:04:32.547+0000] {processor.py:156} INFO - Started process (PID=4508) to work on /opt/airflow/dags/3_python_operator.py
[2026-09-21T01:04:32.550+0000] {processor.py:799} INFO - Processing file /opt/airflow/dags/3_python_operator.py for tasks to queue
[2026-09-21T01:04:32.552+0000] {logging_mixin.py:149} INFO - [2026-09-21T01:04:32.552+0000] {dagbag.py:541} INFO - Filling up the DagBag from /opt/airflow/dags/3_python_operator.py
[2026-09-21T01:04:32.574+0000] {processor.py:809} INFO - DAG(s) dict_keys(['3-pythonoperator']) retrieved from /opt/airflow/dags/3_python_operator.py
[2026-09-21T01:04:32.627+0000] {logging_mixin.py:149} INFO - [2026-09-21T01:04:32.627+0000] {dag.py:2726} INFO - Sync 1 DAGs
[2026-09-21T01:04:32.676+0000] {logging_mixin.py:149} INFO - [2026-09-21T01:04:32.675+0000] {dag.py:3490} INFO - Setting next_dagrun for 3-pythonoperator to None, run_after=None
[2026-09-21T01:04:32.734+0000] {processor.py:178} INFO - Processing /opt/airflow/dags/3_python_operator.py took 0.193 seconds
[2026-09-21T01:05:03.015+0000] {processor.py:156} INFO - Started process (PID=4518) to work on /opt/airflow/dags/3_python_operator.py
[2026-09-21T01:05:03.017+0000] {processor.py:799} INFO - Processing file /opt/airflow/dags/3_python_operator.py for tasks to queue
[2026-09-21T01:05:03.018+0000] {logging_mixin.py:149} INFO - [2026-09-21T01:05:03.018+0000] {dagbag.py:541} INFO - Filling up the DagBag from /opt/airflow/dags/3_python_operator.py
[2026-09-21T01:05:03.052+0000] {processor.py:809} INFO - DAG(s) dict_keys(['3-pythonoperator']) retrieved from /opt/airflow/dags/3_python_operator.py
[2026-09-21T01:05:03.138+0000] {logging_mixin.py:149} INFO - [2026-09-21T01:05:03.138+0000] {dag.py:2726} INFO - Sync 1 DAGs
[2026-09-21T01:05:03.201+0000] {logging_mixin.py:149} INFO - [2026-09-21T01:05:03.201+0000] {dag.py:3490} INFO - Setting next_dagrun for 3-pythonoperator to None, run_after=None
[2026-09-21T01:05:03.267+0000] {processor.py:178} INFO - Processing /opt/airflow/dags/3_python_operator.py took 0.258 seconds
[2026-09-21T01:05:33.344+0000] {processor.py:156} INFO - Started process (PID=4528) to work on /opt/airflow/dags/3_python_operator.py
[2026-09-21T01:05:33.354+0000] {processor.py:799} INFO - Processing file /opt/airflow/dags/3_python_operator.py for tasks to queue
[2026-09-21T01:05:33.355+0000] {logging_mixin.py:149} INFO - [2026-09-21T01:05:33.355+0000] {dagbag.py:541} INFO - Filling up the DagBag from /opt/airflow/dags/3_python_operator.py
[2026-09-21T01:05:33.384+0000] {processor.py:809} INFO - DAG(s) dict_keys(['3-pythonoperator']) retrieved from /opt/airflow/dags/3_python_operator.py
[2026-09-21T01:05:33.442+0000] {logging_mixin.py:149} INFO - [2026-09-21T01:05:33.442+0000] {dag.py:2726} INFO - Sync 1 DAGs
[2026-09-21T01:05:33.482+0000] {logging_mixin.py:149} INFO - [2026-09-21T01:05:33.482+0000] {dag.py:3490} INFO - Setting next_dagrun for 3-pythonoperator to None, run_after=None
[2026-09-21T01:05:33.537+0000] {processor.py:178} INFO - Processing /opt/airflow/dags/3_python_operator.py took 0.209 seconds
[2026-09-21T01:06:03.592+0000] {processor.py:156} INFO - Started process (PID=4538) to work on /opt/airflow/dags/3_python_operator.py
[2026-09-21T01:06:03.594+0000] {processor.py:799} INFO - Processing file /opt/airflow/dags/3_python_operator.py for tasks to queue
[2026-09-21T01:06:03.595+0000] {logging_mixin.py:149} INFO - [2026-09-21T01:06:03.595+0000] {dagbag.py:541} INFO - Filling up the DagBag from /opt/airflow/dags/3_python_operator.py
[2026-09-21T01:06:03.613+0000] {processor.py:809} INFO - DAG(s) dict_keys(['3-pythonoperator']) retrieved from /opt/airflow/dags/3_python_operator.py
[2026-09-21T01:06:03.665+0000] {logging_mixin.py:149} INFO - [2026-09-21T01:06:03.665+0000] {dag.py:2726} INFO - Sync 1 DAGs
[2026-09-21T01:06:03.707+0000] {logging_mixin.py:149} INFO - [2026-09-21T01:06:03.707+0000] {dag.py:3490} INFO - Setting next_dagrun for 3-pythonoperator to None, run_after=None
[2026-09-21T01:06:03.739+0000] {processor.py:178} INFO - Processing /opt/airflow/dags/3_python_operator.py took 0.161 seconds
[2026-09-21T01:06:33.951+0000] {processor.py:156} INFO - Started process (PID=4548) to work on /opt/airflow/dags/3_python_operator.py
[2026-09-21T01:06:33.954+0000] {processor.py:799} INFO - Processing file /opt/airflow/dags/3_python_operator.py for tasks to queue
[2026-09-21T01:06:33.955+0000] {logging_mixin.py:149} INFO - [2026-09-21T01:06:33.955+0000] {dagbag.py:541} INFO - Filling up the DagBag from /opt/airflow/dags/3_python_operator.py
[2026-09-21T01:06:33.972+0000] {processor.py:809} INFO - DAG(s) dict_keys(['3-pythonoperator']) retrieved from /opt/airflow/dags/3_python_operator.py
[2026-09-21T01:06:34.016+0000] {logging_mixin.py:149} INFO - [2026-09-21T01:06:34.015+0000] {dag.py:2726} INFO - Sync 1 DAGs
[2026-09-21T01:06:34.054+0000] {logging_mixin.py:149} INFO - [2026-09-21T01:06:34.054+0000] {dag.py:3490} INFO - Setting next_dagrun for 3-pythonoperator to None, run_after=None
[2026-09-21T01:06:34.093+0000] {processor.py:178} INFO - Processing /opt/airflow/dags/3_python_operator.py took 0.147 seconds
[2026-09-21T01:07:04.280+0000] {processor.py:156} INFO - Started process (PID=4558) to work on /opt/airflow/dags/3_python_operator.py
[2026-09-21T01:07:04.281+0000] {processor.py:799} INFO - Processing file /opt/airflow/dags/3_python_operator.py for tasks to queue
[2026-09-21T01:07:04.282+0000] {logging_mixin.py:149} INFO - [2026-09-21T01:07:04.282+0000] {dagbag.py:541} INFO - Filling up the DagBag from /opt/airflow/dags/3_python_operator.py
[2026-09-21T01:07:04.295+0000] {processor.py:809} INFO - DAG(s) dict_keys(['3-pythonoperator']) retrieved from /opt/airflow/dags/3_python_operator.py
[2026-09-21T01:07:04.331+0000] {logging_mixin.py:149} INFO - [2026-09-21T01:07:04.331+0000] {dag.py:2726} INFO - Sync 1 DAGs
[2026-09-21T01:07:04.364+0000] {logging_mixin.py:149} INFO - [2026-09-21T01:07:04.364+0000] {dag.py:3490} INFO - Setting next_dagrun for 3-pythonoperator to None, run_after=None
[2026-09-21T01:07:04.389+0000] {processor.py:178} INFO - Processing /opt/airflow/dags/3_python_operator.py took 0.115 seconds
[2026-09-21T01:07:35.200+0000] {processor.py:156} INFO - Started process (PID=4568) to work on /opt/airflow/dags/3_python_operator.py
[2026-09-21T01:07:35.204+0000] {processor.py:799} INFO - Processing file /opt/airflow/dags/3_python_operator.py for tasks to queue
[2026-09-21T01:07:35.207+0000] {logging_mixin.py:149} INFO - [2026-09-21T01:07:35.205+0000] {dagbag.py:541} INFO - Filling up the DagBag from /opt/airflow/dags/3_python_operator.py
[2026-09-21T01:07:35.233+0000] {processor.py:809} INFO - DAG(s) dict_keys(['3-pythonoperator']) retrieved from /opt/airflow/dags/3_python_operator.py
[2026-09-21T01:07:35.297+0000] {logging_mixin.py:149} INFO - [2026-09-21T01:07:35.296+0000] {dag.py:2726} INFO - Sync 1 DAGs
[2026-09-21T01:07:35.343+0000] {logging_mixin.py:149} INFO - [2026-09-21T01:07:35.343+0000] {dag.py:3490} INFO - Setting next_dagrun for 3-pythonoperator to None, run_after=None
[2026-09-21T01:07:35.373+0000] {processor.py:178} INFO - Processing /opt/airflow/dags/3_python_operator.py took 0.180 seconds
[2026-09-21T01:08:05.495+0000] {processor.py:156} INFO - Started process (PID=4578) to work on /opt/airflow/dags/3_python_operator.py
[2026-09-21T01:08:05.501+0000] {processor.py:799} INFO - Processing file /opt/airflow/dags/3_python_operator.py for tasks to queue
[2026-09-21T01:08:05.503+0000] {logging_mixin.py:149} INFO - [2026-09-21T01:08:05.502+0000] {dagbag.py:541} INFO - Filling up the DagBag from /opt/airflow/dags/3_python_operator.py
[2026-09-21T01:08:05.520+0000] {processor.py:809} INFO - DAG(s) dict_keys(['3-pythonoperator']) retrieved from /opt/airflow/dags/3_python_operator.py
[2026-09-21T01:08:05.567+0000] {logging_mixin.py:149} INFO - [2026-09-21T01:08:05.566+0000] {dag.py:2726} INFO - Sync 1 DAGs
[2026-09-21T01:08:05.610+0000] {logging_mixin.py:149} INFO - [2026-09-21T01:08:05.610+0000] {dag.py:3490} INFO - Setting next_dagrun for 3-pythonoperator to None, run_after=None
[2026-09-21T01:08:05.651+0000] {processor.py:178} INFO - Processing /opt/airflow/dags/3_python_operator.py took 0.165 seconds
[2026-09-21T01:08:35.908+0000] {processor.py:156} INFO - Started process (PID=4588) to work on /opt/airflow/dags/3_python_operator.py
[2026-09-21T01:08:35.914+0000] {processor.py:799} INFO - Processing file /opt/airflow/dags/3_python_operator.py for tasks to queue
[2026-09-21T01:08:35.917+0000] {logging_mixin.py:149} INFO - [2026-09-21T01:08:35.917+0000] {dagbag.py:541} INFO - Filling up the DagBag from /opt/airflow/dags/3_python_operator.py
[2026-09-21T01:08:35.937+0000] {processor.py:809} INFO - DAG(s) dict_keys(['3-pythonoperator']) retrieved from /opt/airflow/dags/3_python_operator.py
[2026-09-21T01:08:35.999+0000] {logging_mixin.py:149} INFO - [2026-09-21T01:08:35.998+0000] {dag.py:2726} INFO - Sync 1 DAGs
[2026-09-21T01:08:36.040+0000] {logging_mixin.py:149} INFO - [2026-09-21T01:08:36.039+0000] {dag.py:3490} INFO - Setting next_dagrun for 3-pythonoperator to None, run_after=None
[2026-09-21T01:08:36.069+0000] {processor.py:178} INFO - Processing /opt/airflow/dags/3_python_operator.py took 0.175 seconds
[2026-09-21T01:09:06.292+0000] {processor.py:156} INFO - Started process (PID=4598) to work on /opt/airflow/dags/3_python_operator.py
[2026-09-21T01:09:06.294+0000] {processor.py:799} INFO - Processing file /opt/airflow/dags/3_python_operator.py for tasks to queue
[2026-09-21T01:09:06.295+0000] {logging_mixin.py:149} INFO - [2026-09-21T01:09:06.295+0000] {dagbag.py:541} INFO - Filling up the DagBag from /opt/airflow/dags/3_python_operator.py
[2026-09-21T01:09:06.311+0000] {processor.py:809} INFO - DAG(s) dict_keys(['3-pythonoperator']) retrieved from /opt/airflow/dags/3_python_operator.py
[2026-09-21T01:09:06.361+0000] {logging_mixin.py:149} INFO - [2026-09-21T01:09:06.361+0000] {dag.py:2726} INFO - Sync 1 DAGs
[2026-09-21T01:09:06.399+0000] {logging_mixin.py:149} INFO - [2026-09-21T01:09:06.399+0000] {dag.py:3490} INFO - Setting next_dagrun for 3-pythonoperator to None, run_after=None
[2026-09-21T01:09:06.440+0000] {processor.py:178} INFO - Processing /opt/airflow/dags/3_python_operator.py took 0.154 seconds
[2026-09-21T01:09:36.519+0000] {processor.py:156} INFO - Started process (PID=4608) to work on /opt/airflow/dags/3_python_operator.py
[2026-09-21T01:09:36.521+0000] {processor.py:799} INFO - Processing file /opt/airflow/dags/3_python_operator.py for tasks to queue
[2026-09-21T01:09:36.522+0000] {logging_mixin.py:149} INFO - [2026-09-21T01:09:36.521+0000] {dagbag.py:541} INFO - Filling up the DagBag from /opt/airflow/dags/3_python_operator.py
[2026-09-21T01:09:36.538+0000] {processor.py:809} INFO - DAG(s) dict_keys(['3-pythonoperator']) retrieved from /opt/airflow/dags/3_python_operator.py
[2026-09-21T01:09:36.595+0000] {logging_mixin.py:149} INFO - [2026-09-21T01:09:36.594+0000] {dag.py:2726} INFO - Sync 1 DAGs
[2026-09-21T01:09:36.652+0000] {logging_mixin.py:149} INFO - [2026-09-21T01:09:36.652+0000] {dag.py:3490} INFO - Setting next_dagrun for 3-pythonoperator to None, run_after=None
[2026-09-21T01:09:36.692+0000] {processor.py:178} INFO - Processing /opt/airflow/dags/3_python_operator.py took 0.180 seconds
[2026-09-21T01:10:06.890+0000] {processor.py:156} INFO - Started process (PID=4618) to work on /opt/airflow/dags/3_python_operator.py
[2026-09-21T01:10:06.892+0000] {processor.py:799} INFO - Processing file /opt/airflow/dags/3_python_operator.py for tasks to queue
[2026-09-21T01:10:06.893+0000] {logging_mixin.py:149} INFO - [2026-09-21T01:10:06.893+0000] {dagbag.py:541} INFO - Filling up the DagBag from /opt/airflow/dags/3_python_operator.py
[2026-09-21T01:10:06.908+0000] {processor.py:809} INFO - DAG(s) dict_keys(['3-pythonoperator']) retrieved from /opt/airflow/dags/3_python_operator.py
[2026-09-21T01:10:06.980+0000] {logging_mixin.py:149} INFO - [2026-09-21T01:10:06.979+0000] {dag.py:2726} INFO - Sync 1 DAGs
[2026-09-21T01:10:07.058+0000] {logging_mixin.py:149} INFO - [2026-09-21T01:10:07.057+0000] {dag.py:3490} INFO - Setting next_dagrun for 3-pythonoperator to None, run_after=None
[2026-09-21T01:10:07.153+0000] {processor.py:178} INFO - Processing /opt/airflow/dags/3_python_operator.py took 0.272 seconds
[2026-09-21T01:10:37.329+0000] {processor.py:156} INFO - Started process (PID=4628) to work on /opt/airflow/dags/3_python_operator.py
[2026-09-21T01:10:37.336+0000] {processor.py:799} INFO - Processing file /opt/airflow/dags/3_python_operator.py for tasks to queue
[2026-09-21T01:10:37.337+0000] {logging_mixin.py:149} INFO - [2026-09-21T01:10:37.337+0000] {dagbag.py:541} INFO - Filling up the DagBag from /opt/airflow/dags/3_python_operator.py
[2026-09-21T01:10:37.353+0000] {processor.py:809} INFO - DAG(s) dict_keys(['3-pythonoperator']) retrieved from /opt/airflow/dags/3_python_operator.py
[2026-09-21T01:10:37.404+0000] {logging_mixin.py:149} INFO - [2026-09-21T01:10:37.404+0000] {dag.py:2726} INFO - Sync 1 DAGs
[2026-09-21T01:10:37.447+0000] {logging_mixin.py:149} INFO - [2026-09-21T01:10:37.446+0000] {dag.py:3490} INFO - Setting next_dagrun for 3-pythonoperator to None, run_after=None
[2026-09-21T01:10:37.480+0000] {processor.py:178} INFO - Processing /opt/airflow/dags/3_python_operator.py took 0.157 seconds
[2026-09-21T01:11:08.342+0000] {processor.py:156} INFO - Started process (PID=4638) to work on /opt/airflow/dags/3_python_operator.py
[2026-09-21T01:11:08.343+0000] {processor.py:799} INFO - Processing file /opt/airflow/dags/3_python_operator.py for tasks to queue
[2026-09-21T01:11:08.344+0000] {logging_mixin.py:149} INFO - [2026-09-21T01:11:08.344+0000] {dagbag.py:541} INFO - Filling up the DagBag from /opt/airflow/dags/3_python_operator.py
[2026-09-21T01:11:08.356+0000] {processor.py:809} INFO - DAG(s) dict_keys(['3-pythonoperator']) retrieved from /opt/airflow/dags/3_python_operator.py
[2026-09-21T01:11:08.395+0000] {logging_mixin.py:149} INFO - [2026-09-21T01:11:08.393+0000] {dag.py:2726} INFO - Sync 1 DAGs
[2026-09-21T01:11:08.428+0000] {logging_mixin.py:149} INFO - [2026-09-21T01:11:08.428+0000] {dag.py:3490} INFO - Setting next_dagrun for 3-pythonoperator to None, run_after=None
[2026-09-21T01:11:08.450+0000] {processor.py:178} INFO - Processing /opt/airflow/dags/3_python_operator.py took 0.114 seconds
[2026-09-21T01:11:39.436+0000] {processor.py:156} INFO - Started process (PID=4648) to work on /opt/airflow/dags/3_python_operator.py
[2026-09-21T01:11:39.439+0000] {processor.py:799} INFO - Processing file /opt/airflow/dags/3_python_operator.py for tasks to queue
[2026-09-21T01:11:39.440+0000] {logging_mixin.py:149} INFO - [2026-09-21T01:11:39.440+0000] {dagbag.py:541} INFO - Filling up the DagBag from /opt/airflow/dags/3_python_operator.py
[2026-09-21T01:11:39.458+0000] {processor.py:809} INFO - DAG(s) dict_keys(['3-pythonoperator']) retrieved from /opt/airflow/dags/3_python_operator.py
[2026-09-21T01:11:39.508+0000] {logging_mixin.py:149} INFO - [2026-09-21T01:11:39.508+0000] {dag.py:2726} INFO - Sync 1 DAGs
[2026-09-21T01:11:39.556+0000] {logging_mixin.py:149} INFO - [2026-09-21T01:11:39.556+0000] {dag.py:3490} INFO - Setting next_dagrun for 3-pythonoperator to None, run_after=None
[2026-09-21T01:11:39.598+0000] {processor.py:178} INFO - Processing /opt/airflow/dags/3_python_operator.py took 0.167 seconds
[2026-09-21T01:12:09.679+0000] {processor.py:156} INFO - Started process (PID=4658) to work on /opt/airflow/dags/3_python_operator.py
[2026-09-21T01:12:09.680+0000] {processor.py:799} INFO - Processing file /opt/airflow/dags/3_python_operator.py for tasks to queue
[2026-09-21T01:12:09.681+0000] {logging_mixin.py:149} INFO - [2026-09-21T01:12:09.681+0000] {dagbag.py:541} INFO - Filling up the DagBag from /opt/airflow/dags/3_python_operator.py
[2026-09-21T01:12:09.700+0000] {processor.py:809} INFO - DAG(s) dict_keys(['3-pythonoperator']) retrieved from /opt/airflow/dags/3_python_operator.py
[2026-09-21T01:12:09.759+0000] {logging_mixin.py:149} INFO - [2026-09-21T01:12:09.759+0000] {dag.py:2726} INFO - Sync 1 DAGs
[2026-09-21T01:12:09.804+0000] {logging_mixin.py:149} INFO - [2026-09-21T01:12:09.804+0000] {dag.py:3490} INFO - Setting next_dagrun for 3-pythonoperator to None, run_after=None
[2026-09-21T01:12:09.836+0000] {processor.py:178} INFO - Processing /opt/airflow/dags/3_python_operator.py took 0.164 seconds
[2026-09-21T01:12:40.036+0000] {processor.py:156} INFO - Started process (PID=4668) to work on /opt/airflow/dags/3_python_operator.py
[2026-09-21T01:12:40.038+0000] {processor.py:799} INFO - Processing file /opt/airflow/dags/3_python_operator.py for tasks to queue
[2026-09-21T01:12:40.039+0000] {logging_mixin.py:149} INFO - [2026-09-21T01:12:40.039+0000] {dagbag.py:541} INFO - Filling up the DagBag from /opt/airflow/dags/3_python_operator.py
[2026-09-21T01:12:40.055+0000] {processor.py:809} INFO - DAG(s) dict_keys(['3-pythonoperator']) retrieved from /opt/airflow/dags/3_python_operator.py
[2026-09-21T01:12:40.103+0000] {logging_mixin.py:149} INFO - [2026-09-21T01:12:40.102+0000] {dag.py:2726} INFO - Sync 1 DAGs
[2026-09-21T01:12:40.148+0000] {logging_mixin.py:149} INFO - [2026-09-21T01:12:40.148+0000] {dag.py:3490} INFO - Setting next_dagrun for 3-pythonoperator to None, run_after=None
[2026-09-21T01:12:40.180+0000] {processor.py:178} INFO - Processing /opt/airflow/dags/3_python_operator.py took 0.154 seconds
[2026-09-21T01:13:10.267+0000] {processor.py:156} INFO - Started process (PID=4678) to work on /opt/airflow/dags/3_python_operator.py
[2026-09-21T01:13:10.269+0000] {processor.py:799} INFO - Processing file /opt/airflow/dags/3_python_operator.py for tasks to queue
[2026-09-21T01:13:10.270+0000] {logging_mixin.py:149} INFO - [2026-09-21T01:13:10.270+0000] {dagbag.py:541} INFO - Filling up the DagBag from /opt/airflow/dags/3_python_operator.py
[2026-09-21T01:13:10.287+0000] {processor.py:809} INFO - DAG(s) dict_keys(['3-pythonoperator']) retrieved from /opt/airflow/dags/3_python_operator.py
[2026-09-21T01:13:10.344+0000] {logging_mixin.py:149} INFO - [2026-09-21T01:13:10.344+0000] {dag.py:2726} INFO - Sync 1 DAGs
[2026-09-21T01:13:10.383+0000] {logging_mixin.py:149} INFO - [2026-09-21T01:13:10.383+0000] {dag.py:3490} INFO - Setting next_dagrun for 3-pythonoperator to None, run_after=None
[2026-09-21T01:13:10.419+0000] {processor.py:178} INFO - Processing /opt/airflow/dags/3_python_operator.py took 0.158 seconds
[2026-09-21T01:13:40.559+0000] {processor.py:156} INFO - Started process (PID=4688) to work on /opt/airflow/dags/3_python_operator.py
[2026-09-21T01:13:40.567+0000] {processor.py:799} INFO - Processing file /opt/airflow/dags/3_python_operator.py for tasks to queue
[2026-09-21T01:13:40.571+0000] {logging_mixin.py:149} INFO - [2026-09-21T01:13:40.570+0000] {dagbag.py:541} INFO - Filling up the DagBag from /opt/airflow/dags/3_python_operator.py
[2026-09-21T01:13:40.589+0000] {processor.py:809} INFO - DAG(s) dict_keys(['3-pythonoperator']) retrieved from /opt/airflow/dags/3_python_operator.py
[2026-09-21T01:13:40.639+0000] {logging_mixin.py:149} INFO - [2026-09-21T01:13:40.639+0000] {dag.py:2726} INFO - Sync 1 DAGs
[2026-09-21T01:13:40.691+0000] {logging_mixin.py:149} INFO - [2026-09-21T01:13:40.691+0000] {dag.py:3490} INFO - Setting next_dagrun for 3-pythonoperator to None, run_after=None
[2026-09-21T01:13:40.729+0000] {processor.py:178} INFO - Processing /opt/airflow/dags/3_python_operator.py took 0.179 seconds
[2026-09-21T01:14:10.775+0000] {processor.py:156} INFO - Started process (PID=4698) to work on /opt/airflow/dags/3_python_operator.py
[2026-09-21T01:14:10.777+0000] {processor.py:799} INFO - Processing file /opt/airflow/dags/3_python_operator.py for tasks to queue
[2026-09-21T01:14:10.778+0000] {logging_mixin.py:149} INFO - [2026-09-21T01:14:10.778+0000] {dagbag.py:541} INFO - Filling up the DagBag from /opt/airflow/dags/3_python_operator.py
[2026-09-21T01:14:10.796+0000] {processor.py:809} INFO - DAG(s) dict_keys(['3-pythonoperator']) retrieved from /opt/airflow/dags/3_python_operator.py
[2026-09-21T01:14:10.845+0000] {logging_mixin.py:149} INFO - [2026-09-21T01:14:10.844+0000] {dag.py:2726} INFO - Sync 1 DAGs
[2026-09-21T01:14:10.882+0000] {logging_mixin.py:149} INFO - [2026-09-21T01:14:10.882+0000] {dag.py:3490} INFO - Setting next_dagrun for 3-pythonoperator to None, run_after=None
[2026-09-21T01:14:10.930+0000] {processor.py:178} INFO - Processing /opt/airflow/dags/3_python_operator.py took 0.160 seconds
[2026-09-21T01:14:41.796+0000] {processor.py:156} INFO - Started process (PID=4708) to work on /opt/airflow/dags/3_python_operator.py
[2026-09-21T01:14:41.801+0000] {processor.py:799} INFO - Processing file /opt/airflow/dags/3_python_operator.py for tasks to queue
[2026-09-21T01:14:41.805+0000] {logging_mixin.py:149} INFO - [2026-09-21T01:14:41.805+0000] {dagbag.py:541} INFO - Filling up the DagBag from /opt/airflow/dags/3_python_operator.py
[2026-09-21T01:14:41.821+0000] {processor.py:809} INFO - DAG(s) dict_keys(['3-pythonoperator']) retrieved from /opt/airflow/dags/3_python_operator.py
[2026-09-21T01:14:41.884+0000] {logging_mixin.py:149} INFO - [2026-09-21T01:14:41.884+0000] {dag.py:2726} INFO - Sync 1 DAGs
[2026-09-21T01:14:41.971+0000] {logging_mixin.py:149} INFO - [2026-09-21T01:14:41.970+0000] {dag.py:3490} INFO - Setting next_dagrun for 3-pythonoperator to None, run_after=None
[2026-09-21T01:14:42.005+0000] {processor.py:178} INFO - Processing /opt/airflow/dags/3_python_operator.py took 0.230 seconds
[2026-09-21T01:15:12.257+0000] {processor.py:156} INFO - Started process (PID=4719) to work on /opt/airflow/dags/3_python_operator.py
[2026-09-21T01:15:12.262+0000] {processor.py:799} INFO - Processing file /opt/airflow/dags/3_python_operator.py for tasks to queue
[2026-09-21T01:15:12.264+0000] {logging_mixin.py:149} INFO - [2026-09-21T01:15:12.263+0000] {dagbag.py:541} INFO - Filling up the DagBag from /opt/airflow/dags/3_python_operator.py
[2026-09-21T01:15:12.284+0000] {processor.py:809} INFO - DAG(s) dict_keys(['3-pythonoperator']) retrieved from /opt/airflow/dags/3_python_operator.py
[2026-09-21T01:15:12.333+0000] {logging_mixin.py:149} INFO - [2026-09-21T01:15:12.333+0000] {dag.py:2726} INFO - Sync 1 DAGs
[2026-09-21T01:15:12.373+0000] {logging_mixin.py:149} INFO - [2026-09-21T01:15:12.373+0000] {dag.py:3490} INFO - Setting next_dagrun for 3-pythonoperator to None, run_after=None
[2026-09-21T01:15:12.405+0000] {processor.py:178} INFO - Processing /opt/airflow/dags/3_python_operator.py took 0.156 seconds
[2026-09-21T01:15:42.493+0000] {processor.py:156} INFO - Started process (PID=4728) to work on /opt/airflow/dags/3_python_operator.py
[2026-09-21T01:15:42.498+0000] {processor.py:799} INFO - Processing file /opt/airflow/dags/3_python_operator.py for tasks to queue
[2026-09-21T01:15:42.500+0000] {logging_mixin.py:149} INFO - [2026-09-21T01:15:42.499+0000] {dagbag.py:541} INFO - Filling up the DagBag from /opt/airflow/dags/3_python_operator.py
[2026-09-21T01:15:42.546+0000] {processor.py:809} INFO - DAG(s) dict_keys(['3-pythonoperator']) retrieved from /opt/airflow/dags/3_python_operator.py
[2026-09-21T01:15:42.675+0000] {logging_mixin.py:149} INFO - [2026-09-21T01:15:42.675+0000] {dag.py:2726} INFO - Sync 1 DAGs
[2026-09-21T01:15:42.726+0000] {logging_mixin.py:149} INFO - [2026-09-21T01:15:42.726+0000] {dag.py:3490} INFO - Setting next_dagrun for 3-pythonoperator to None, run_after=None
[2026-09-21T01:15:42.771+0000] {processor.py:178} INFO - Processing /opt/airflow/dags/3_python_operator.py took 0.298 seconds
[2026-09-21T01:16:12.922+0000] {processor.py:156} INFO - Started process (PID=4738) to work on /opt/airflow/dags/3_python_operator.py
[2026-09-21T01:16:12.925+0000] {processor.py:799} INFO - Processing file /opt/airflow/dags/3_python_operator.py for tasks to queue
[2026-09-21T01:16:12.926+0000] {logging_mixin.py:149} INFO - [2026-09-21T01:16:12.926+0000] {dagbag.py:541} INFO - Filling up the DagBag from /opt/airflow/dags/3_python_operator.py
[2026-09-21T01:16:12.945+0000] {processor.py:809} INFO - DAG(s) dict_keys(['3-pythonoperator']) retrieved from /opt/airflow/dags/3_python_operator.py
[2026-09-21T01:16:13.020+0000] {logging_mixin.py:149} INFO - [2026-09-21T01:16:13.019+0000] {dag.py:2726} INFO - Sync 1 DAGs
[2026-09-21T01:16:13.072+0000] {logging_mixin.py:149} INFO - [2026-09-21T01:16:13.071+0000] {dag.py:3490} INFO - Setting next_dagrun for 3-pythonoperator to None, run_after=None
[2026-09-21T01:16:13.126+0000] {processor.py:178} INFO - Processing /opt/airflow/dags/3_python_operator.py took 0.209 seconds
[2026-09-21T01:16:43.229+0000] {processor.py:156} INFO - Started process (PID=4748) to work on /opt/airflow/dags/3_python_operator.py
[2026-09-21T01:16:43.234+0000] {processor.py:799} INFO - Processing file /opt/airflow/dags/3_python_operator.py for tasks to queue
[2026-09-21T01:16:43.235+0000] {logging_mixin.py:149} INFO - [2026-09-21T01:16:43.235+0000] {dagbag.py:541} INFO - Filling up the DagBag from /opt/airflow/dags/3_python_operator.py
[2026-09-21T01:16:43.251+0000] {processor.py:809} INFO - DAG(s) dict_keys(['3-pythonoperator']) retrieved from /opt/airflow/dags/3_python_operator.py
[2026-09-21T01:16:43.295+0000] {logging_mixin.py:149} INFO - [2026-09-21T01:16:43.295+0000] {dag.py:2726} INFO - Sync 1 DAGs
[2026-09-21T01:16:43.336+0000] {logging_mixin.py:149} INFO - [2026-09-21T01:16:43.336+0000] {dag.py:3490} INFO - Setting next_dagrun for 3-pythonoperator to None, run_after=None
[2026-09-21T01:16:43.369+0000] {processor.py:178} INFO - Processing /opt/airflow/dags/3_python_operator.py took 0.156 seconds
[2026-09-21T01:17:13.515+0000] {processor.py:156} INFO - Started process (PID=4758) to work on /opt/airflow/dags/3_python_operator.py
[2026-09-21T01:17:13.518+0000] {processor.py:799} INFO - Processing file /opt/airflow/dags/3_python_operator.py for tasks to queue
[2026-09-21T01:17:13.520+0000] {logging_mixin.py:149} INFO - [2026-09-21T01:17:13.519+0000] {dagbag.py:541} INFO - Filling up the DagBag from /opt/airflow/dags/3_python_operator.py
[2026-09-21T01:17:13.544+0000] {processor.py:809} INFO - DAG(s) dict_keys(['3-pythonoperator']) retrieved from /opt/airflow/dags/3_python_operator.py
[2026-09-21T01:17:13.608+0000] {logging_mixin.py:149} INFO - [2026-09-21T01:17:13.608+0000] {dag.py:2726} INFO - Sync 1 DAGs
[2026-09-21T01:17:13.651+0000] {logging_mixin.py:149} INFO - [2026-09-21T01:17:13.651+0000] {dag.py:3490} INFO - Setting next_dagrun for 3-pythonoperator to None, run_after=None
[2026-09-21T01:17:13.681+0000] {processor.py:178} INFO - Processing /opt/airflow/dags/3_python_operator.py took 0.176 seconds
[2026-09-21T01:17:43.790+0000] {processor.py:156} INFO - Started process (PID=4768) to work on /opt/airflow/dags/3_python_operator.py
[2026-09-21T01:17:43.793+0000] {processor.py:799} INFO - Processing file /opt/airflow/dags/3_python_operator.py for tasks to queue
[2026-09-21T01:17:43.794+0000] {logging_mixin.py:149} INFO - [2026-09-21T01:17:43.794+0000] {dagbag.py:541} INFO - Filling up the DagBag from /opt/airflow/dags/3_python_operator.py
[2026-09-21T01:17:43.822+0000] {processor.py:809} INFO - DAG(s) dict_keys(['3-pythonoperator']) retrieved from /opt/airflow/dags/3_python_operator.py
[2026-09-21T01:17:43.887+0000] {logging_mixin.py:149} INFO - [2026-09-21T01:17:43.886+0000] {dag.py:2726} INFO - Sync 1 DAGs
[2026-09-21T01:17:43.958+0000] {logging_mixin.py:149} INFO - [2026-09-21T01:17:43.957+0000] {dag.py:3490} INFO - Setting next_dagrun for 3-pythonoperator to None, run_after=None
[2026-09-21T01:17:44.001+0000] {processor.py:178} INFO - Processing /opt/airflow/dags/3_python_operator.py took 0.220 seconds
[2026-09-21T01:18:14.234+0000] {processor.py:156} INFO - Started process (PID=4778) to work on /opt/airflow/dags/3_python_operator.py
[2026-09-21T01:18:14.237+0000] {processor.py:799} INFO - Processing file /opt/airflow/dags/3_python_operator.py for tasks to queue
[2026-09-21T01:18:14.239+0000] {logging_mixin.py:149} INFO - [2026-09-21T01:18:14.239+0000] {dagbag.py:541} INFO - Filling up the DagBag from /opt/airflow/dags/3_python_operator.py
[2026-09-21T01:18:14.263+0000] {processor.py:809} INFO - DAG(s) dict_keys(['3-pythonoperator']) retrieved from /opt/airflow/dags/3_python_operator.py
[2026-09-21T01:18:14.331+0000] {logging_mixin.py:149} INFO - [2026-09-21T01:18:14.331+0000] {dag.py:2726} INFO - Sync 1 DAGs
[2026-09-21T01:18:14.371+0000] {logging_mixin.py:149} INFO - [2026-09-21T01:18:14.370+0000] {dag.py:3490} INFO - Setting next_dagrun for 3-pythonoperator to None, run_after=None
[2026-09-21T01:18:14.410+0000] {processor.py:178} INFO - Processing /opt/airflow/dags/3_python_operator.py took 0.187 seconds
[2026-09-21T01:18:44.541+0000] {processor.py:156} INFO - Started process (PID=4788) to work on /opt/airflow/dags/3_python_operator.py
[2026-09-21T01:18:44.544+0000] {processor.py:799} INFO - Processing file /opt/airflow/dags/3_python_operator.py for tasks to queue
[2026-09-21T01:18:44.545+0000] {logging_mixin.py:149} INFO - [2026-09-21T01:18:44.545+0000] {dagbag.py:541} INFO - Filling up the DagBag from /opt/airflow/dags/3_python_operator.py
[2026-09-21T01:18:44.566+0000] {processor.py:809} INFO - DAG(s) dict_keys(['3-pythonoperator']) retrieved from /opt/airflow/dags/3_python_operator.py
[2026-09-21T01:18:44.628+0000] {logging_mixin.py:149} INFO - [2026-09-21T01:18:44.627+0000] {dag.py:2726} INFO - Sync 1 DAGs
[2026-09-21T01:18:44.678+0000] {logging_mixin.py:149} INFO - [2026-09-21T01:18:44.678+0000] {dag.py:3490} INFO - Setting next_dagrun for 3-pythonoperator to None, run_after=None
[2026-09-21T01:18:44.716+0000] {processor.py:178} INFO - Processing /opt/airflow/dags/3_python_operator.py took 0.185 seconds
[2026-09-21T01:19:14.817+0000] {processor.py:156} INFO - Started process (PID=4798) to work on /opt/airflow/dags/3_python_operator.py
[2026-09-21T01:19:14.819+0000] {processor.py:799} INFO - Processing file /opt/airflow/dags/3_python_operator.py for tasks to queue
[2026-09-21T01:19:14.820+0000] {logging_mixin.py:149} INFO - [2026-09-21T01:19:14.820+0000] {dagbag.py:541} INFO - Filling up the DagBag from /opt/airflow/dags/3_python_operator.py
[2026-09-21T01:19:14.837+0000] {processor.py:809} INFO - DAG(s) dict_keys(['3-pythonoperator']) retrieved from /opt/airflow/dags/3_python_operator.py
[2026-09-21T01:19:14.883+0000] {logging_mixin.py:149} INFO - [2026-09-21T01:19:14.883+0000] {dag.py:2726} INFO - Sync 1 DAGs
[2026-09-21T01:19:14.928+0000] {logging_mixin.py:149} INFO - [2026-09-21T01:19:14.927+0000] {dag.py:3490} INFO - Setting next_dagrun for 3-pythonoperator to None, run_after=None
[2026-09-21T01:19:14.979+0000] {processor.py:178} INFO - Processing /opt/airflow/dags/3_python_operator.py took 0.176 seconds
[2026-09-21T01:19:45.195+0000] {processor.py:156} INFO - Started process (PID=4808) to work on /opt/airflow/dags/3_python_operator.py
[2026-09-21T01:19:45.200+0000] {processor.py:799} INFO - Processing file /opt/airflow/dags/3_python_operator.py for tasks to queue
[2026-09-21T01:19:45.201+0000] {logging_mixin.py:149} INFO - [2026-09-21T01:19:45.201+0000] {dagbag.py:541} INFO - Filling up the DagBag from /opt/airflow/dags/3_python_operator.py
[2026-09-21T01:19:45.223+0000] {processor.py:809} INFO - DAG(s) dict_keys(['3-pythonoperator']) retrieved from /opt/airflow/dags/3_python_operator.py
[2026-09-21T01:19:45.283+0000] {logging_mixin.py:149} INFO - [2026-09-21T01:19:45.282+0000] {dag.py:2726} INFO - Sync 1 DAGs
[2026-09-21T01:19:45.331+0000] {logging_mixin.py:149} INFO - [2026-09-21T01:19:45.330+0000] {dag.py:3490} INFO - Setting next_dagrun for 3-pythonoperator to None, run_after=None
[2026-09-21T01:19:45.372+0000] {processor.py:178} INFO - Processing /opt/airflow/dags/3_python_operator.py took 0.191 seconds
[2026-09-21T01:20:15.459+0000] {processor.py:156} INFO - Started process (PID=4818) to work on /opt/airflow/dags/3_python_operator.py
[2026-09-21T01:20:15.461+0000] {processor.py:799} INFO - Processing file /opt/airflow/dags/3_python_operator.py for tasks to queue
[2026-09-21T01:20:15.462+0000] {logging_mixin.py:149} INFO - [2026-09-21T01:20:15.462+0000] {dagbag.py:541} INFO - Filling up the DagBag from /opt/airflow/dags/3_python_operator.py
[2026-09-21T01:20:15.484+0000] {processor.py:809} INFO - DAG(s) dict_keys(['3-pythonoperator']) retrieved from /opt/airflow/dags/3_python_operator.py
[2026-09-21T01:20:15.550+0000] {logging_mixin.py:149} INFO - [2026-09-21T01:20:15.549+0000] {dag.py:2726} INFO - Sync 1 DAGs
[2026-09-21T01:20:15.598+0000] {logging_mixin.py:149} INFO - [2026-09-21T01:20:15.598+0000] {dag.py:3490} INFO - Setting next_dagrun for 3-pythonoperator to None, run_after=None
[2026-09-21T01:20:15.640+0000] {processor.py:178} INFO - Processing /opt/airflow/dags/3_python_operator.py took 0.185 seconds
[2026-09-21T01:20:45.839+0000] {processor.py:156} INFO - Started process (PID=4828) to work on /opt/airflow/dags/3_python_operator.py
[2026-09-21T01:20:45.842+0000] {processor.py:799} INFO - Processing file /opt/airflow/dags/3_python_operator.py for tasks to queue
[2026-09-21T01:20:45.843+0000] {logging_mixin.py:149} INFO - [2026-09-21T01:20:45.843+0000] {dagbag.py:541} INFO - Filling up the DagBag from /opt/airflow/dags/3_python_operator.py
[2026-09-21T01:20:45.860+0000] {processor.py:809} INFO - DAG(s) dict_keys(['3-pythonoperator']) retrieved from /opt/airflow/dags/3_python_operator.py
[2026-09-21T01:20:45.930+0000] {logging_mixin.py:149} INFO - [2026-09-21T01:20:45.930+0000] {dag.py:2726} INFO - Sync 1 DAGs
[2026-09-21T01:20:45.979+0000] {logging_mixin.py:149} INFO - [2026-09-21T01:20:45.978+0000] {dag.py:3490} INFO - Setting next_dagrun for 3-pythonoperator to None, run_after=None
[2026-09-21T01:20:46.015+0000] {processor.py:178} INFO - Processing /opt/airflow/dags/3_python_operator.py took 0.191 seconds
[2026-09-21T01:21:16.092+0000] {processor.py:156} INFO - Started process (PID=4838) to work on /opt/airflow/dags/3_python_operator.py
[2026-09-21T01:21:16.093+0000] {processor.py:799} INFO - Processing file /opt/airflow/dags/3_python_operator.py for tasks to queue
[2026-09-21T01:21:16.094+0000] {logging_mixin.py:149} INFO - [2026-09-21T01:21:16.093+0000] {dagbag.py:541} INFO - Filling up the DagBag from /opt/airflow/dags/3_python_operator.py
[2026-09-21T01:21:16.107+0000] {processor.py:809} INFO - DAG(s) dict_keys(['3-pythonoperator']) retrieved from /opt/airflow/dags/3_python_operator.py
[2026-09-21T01:21:16.145+0000] {logging_mixin.py:149} INFO - [2026-09-21T01:21:16.145+0000] {dag.py:2726} INFO - Sync 1 DAGs
[2026-09-21T01:21:16.189+0000] {logging_mixin.py:149} INFO - [2026-09-21T01:21:16.189+0000] {dag.py:3490} INFO - Setting next_dagrun for 3-pythonoperator to None, run_after=None
[2026-09-21T01:21:16.213+0000] {processor.py:178} INFO - Processing /opt/airflow/dags/3_python_operator.py took 0.126 seconds
[2026-09-21T01:21:47.071+0000] {processor.py:156} INFO - Started process (PID=4848) to work on /opt/airflow/dags/3_python_operator.py
[2026-09-21T01:21:47.075+0000] {processor.py:799} INFO - Processing file /opt/airflow/dags/3_python_operator.py for tasks to queue
[2026-09-21T01:21:47.076+0000] {logging_mixin.py:149} INFO - [2026-09-21T01:21:47.076+0000] {dagbag.py:541} INFO - Filling up the DagBag from /opt/airflow/dags/3_python_operator.py
[2026-09-21T01:21:47.110+0000] {processor.py:809} INFO - DAG(s) dict_keys(['3-pythonoperator']) retrieved from /opt/airflow/dags/3_python_operator.py
[2026-09-21T01:21:47.227+0000] {logging_mixin.py:149} INFO - [2026-09-21T01:21:47.227+0000] {dag.py:2726} INFO - Sync 1 DAGs
[2026-09-21T01:21:47.305+0000] {logging_mixin.py:149} INFO - [2026-09-21T01:21:47.305+0000] {dag.py:3490} INFO - Setting next_dagrun for 3-pythonoperator to None, run_after=None
[2026-09-21T01:21:47.346+0000] {processor.py:178} INFO - Processing /opt/airflow/dags/3_python_operator.py took 0.283 seconds
[2026-09-21T01:22:17.402+0000] {processor.py:156} INFO - Started process (PID=4858) to work on /opt/airflow/dags/3_python_operator.py
[2026-09-21T01:22:17.403+0000] {processor.py:799} INFO - Processing file /opt/airflow/dags/3_python_operator.py for tasks to queue
[2026-09-21T01:22:17.404+0000] {logging_mixin.py:149} INFO - [2026-09-21T01:22:17.403+0000] {dagbag.py:541} INFO - Filling up the DagBag from /opt/airflow/dags/3_python_operator.py
[2026-09-21T01:22:17.416+0000] {processor.py:809} INFO - DAG(s) dict_keys(['3-pythonoperator']) retrieved from /opt/airflow/dags/3_python_operator.py
[2026-09-21T01:22:17.455+0000] {logging_mixin.py:149} INFO - [2026-09-21T01:22:17.455+0000] {dag.py:2726} INFO - Sync 1 DAGs
[2026-09-21T01:22:17.487+0000] {logging_mixin.py:149} INFO - [2026-09-21T01:22:17.487+0000] {dag.py:3490} INFO - Setting next_dagrun for 3-pythonoperator to None, run_after=None
[2026-09-21T01:22:17.509+0000] {processor.py:178} INFO - Processing /opt/airflow/dags/3_python_operator.py took 0.113 seconds
[2026-09-21T01:22:48.418+0000] {processor.py:156} INFO - Started process (PID=4868) to work on /opt/airflow/dags/3_python_operator.py
[2026-09-21T01:22:48.420+0000] {processor.py:799} INFO - Processing file /opt/airflow/dags/3_python_operator.py for tasks to queue
[2026-09-21T01:22:48.422+0000] {logging_mixin.py:149} INFO - [2026-09-21T01:22:48.421+0000] {dagbag.py:541} INFO - Filling up the DagBag from /opt/airflow/dags/3_python_operator.py
[2026-09-21T01:22:48.438+0000] {processor.py:809} INFO - DAG(s) dict_keys(['3-pythonoperator']) retrieved from /opt/airflow/dags/3_python_operator.py
[2026-09-21T01:22:48.486+0000] {logging_mixin.py:149} INFO - [2026-09-21T01:22:48.485+0000] {dag.py:2726} INFO - Sync 1 DAGs
[2026-09-21T01:22:48.523+0000] {logging_mixin.py:149} INFO - [2026-09-21T01:22:48.523+0000] {dag.py:3490} INFO - Setting next_dagrun for 3-pythonoperator to None, run_after=None
[2026-09-21T01:22:48.555+0000] {processor.py:178} INFO - Processing /opt/airflow/dags/3_python_operator.py took 0.162 seconds
[2026-09-21T01:23:18.791+0000] {processor.py:156} INFO - Started process (PID=4878) to work on /opt/airflow/dags/3_python_operator.py
[2026-09-21T01:23:18.795+0000] {processor.py:799} INFO - Processing file /opt/airflow/dags/3_python_operator.py for tasks to queue
[2026-09-21T01:23:18.796+0000] {logging_mixin.py:149} INFO - [2026-09-21T01:23:18.796+0000] {dagbag.py:541} INFO - Filling up the DagBag from /opt/airflow/dags/3_python_operator.py
[2026-09-21T01:23:18.826+0000] {processor.py:809} INFO - DAG(s) dict_keys(['3-pythonoperator']) retrieved from /opt/airflow/dags/3_python_operator.py
[2026-09-21T01:23:18.935+0000] {logging_mixin.py:149} INFO - [2026-09-21T01:23:18.934+0000] {dag.py:2726} INFO - Sync 1 DAGs
[2026-09-21T01:23:18.997+0000] {logging_mixin.py:149} INFO - [2026-09-21T01:23:18.997+0000] {dag.py:3490} INFO - Setting next_dagrun for 3-pythonoperator to None, run_after=None
[2026-09-21T01:23:19.068+0000] {processor.py:178} INFO - Processing /opt/airflow/dags/3_python_operator.py took 0.291 seconds
[2026-09-21T01:23:49.145+0000] {processor.py:156} INFO - Started process (PID=4888) to work on /opt/airflow/dags/3_python_operator.py
[2026-09-21T01:23:49.149+0000] {processor.py:799} INFO - Processing file /opt/airflow/dags/3_python_operator.py for tasks to queue
[2026-09-21T01:23:49.151+0000] {logging_mixin.py:149} INFO - [2026-09-21T01:23:49.150+0000] {dagbag.py:541} INFO - Filling up the DagBag from /opt/airflow/dags/3_python_operator.py
[2026-09-21T01:23:49.201+0000] {processor.py:809} INFO - DAG(s) dict_keys(['3-pythonoperator']) retrieved from /opt/airflow/dags/3_python_operator.py
[2026-09-21T01:23:49.284+0000] {logging_mixin.py:149} INFO - [2026-09-21T01:23:49.284+0000] {dag.py:2726} INFO - Sync 1 DAGs
[2026-09-21T01:23:49.365+0000] {logging_mixin.py:149} INFO - [2026-09-21T01:23:49.364+0000] {dag.py:3490} INFO - Setting next_dagrun for 3-pythonoperator to None, run_after=None
[2026-09-21T01:23:49.410+0000] {processor.py:178} INFO - Processing /opt/airflow/dags/3_python_operator.py took 0.283 seconds
[2026-09-21T01:24:19.459+0000] {processor.py:156} INFO - Started process (PID=4898) to work on /opt/airflow/dags/3_python_operator.py
[2026-09-21T01:24:19.460+0000] {processor.py:799} INFO - Processing file /opt/airflow/dags/3_python_operator.py for tasks to queue
[2026-09-21T01:24:19.461+0000] {logging_mixin.py:149} INFO - [2026-09-21T01:24:19.461+0000] {dagbag.py:541} INFO - Filling up the DagBag from /opt/airflow/dags/3_python_operator.py
[2026-09-21T01:24:19.485+0000] {processor.py:809} INFO - DAG(s) dict_keys(['3-pythonoperator']) retrieved from /opt/airflow/dags/3_python_operator.py
[2026-09-21T01:24:19.544+0000] {logging_mixin.py:149} INFO - [2026-09-21T01:24:19.544+0000] {dag.py:2726} INFO - Sync 1 DAGs
[2026-09-21T01:24:19.583+0000] {logging_mixin.py:149} INFO - [2026-09-21T01:24:19.583+0000] {dag.py:3490} INFO - Setting next_dagrun for 3-pythonoperator to None, run_after=None
[2026-09-21T01:24:19.618+0000] {processor.py:178} INFO - Processing /opt/airflow/dags/3_python_operator.py took 0.166 seconds
[2026-09-21T01:24:50.402+0000] {processor.py:156} INFO - Started process (PID=4908) to work on /opt/airflow/dags/3_python_operator.py
[2026-09-21T01:24:50.415+0000] {processor.py:799} INFO - Processing file /opt/airflow/dags/3_python_operator.py for tasks to queue
[2026-09-21T01:24:50.416+0000] {logging_mixin.py:149} INFO - [2026-09-21T01:24:50.416+0000] {dagbag.py:541} INFO - Filling up the DagBag from /opt/airflow/dags/3_python_operator.py
[2026-09-21T01:24:50.434+0000] {processor.py:809} INFO - DAG(s) dict_keys(['3-pythonoperator']) retrieved from /opt/airflow/dags/3_python_operator.py
[2026-09-21T01:24:50.485+0000] {logging_mixin.py:149} INFO - [2026-09-21T01:24:50.485+0000] {dag.py:2726} INFO - Sync 1 DAGs
[2026-09-21T01:24:50.531+0000] {logging_mixin.py:149} INFO - [2026-09-21T01:24:50.530+0000] {dag.py:3490} INFO - Setting next_dagrun for 3-pythonoperator to None, run_after=None
[2026-09-21T01:24:50.569+0000] {processor.py:178} INFO - Processing /opt/airflow/dags/3_python_operator.py took 0.174 seconds
[2026-09-21T01:25:21.428+0000] {processor.py:156} INFO - Started process (PID=4918) to work on /opt/airflow/dags/3_python_operator.py
[2026-09-21T01:25:21.432+0000] {processor.py:799} INFO - Processing file /opt/airflow/dags/3_python_operator.py for tasks to queue
[2026-09-21T01:25:21.433+0000] {logging_mixin.py:149} INFO - [2026-09-21T01:25:21.433+0000] {dagbag.py:541} INFO - Filling up the DagBag from /opt/airflow/dags/3_python_operator.py
[2026-09-21T01:25:21.502+0000] {processor.py:809} INFO - DAG(s) dict_keys(['3-pythonoperator']) retrieved from /opt/airflow/dags/3_python_operator.py
[2026-09-21T01:25:21.582+0000] {logging_mixin.py:149} INFO - [2026-09-21T01:25:21.581+0000] {dag.py:2726} INFO - Sync 1 DAGs
[2026-09-21T01:25:21.645+0000] {logging_mixin.py:149} INFO - [2026-09-21T01:25:21.645+0000] {dag.py:3490} INFO - Setting next_dagrun for 3-pythonoperator to None, run_after=None
[2026-09-21T01:25:21.692+0000] {processor.py:178} INFO - Processing /opt/airflow/dags/3_python_operator.py took 0.288 seconds
[2026-09-21T01:25:51.942+0000] {processor.py:156} INFO - Started process (PID=4930) to work on /opt/airflow/dags/3_python_operator.py
[2026-09-21T01:25:51.954+0000] {processor.py:799} INFO - Processing file /opt/airflow/dags/3_python_operator.py for tasks to queue
[2026-09-21T01:25:51.955+0000] {logging_mixin.py:149} INFO - [2026-09-21T01:25:51.955+0000] {dagbag.py:541} INFO - Filling up the DagBag from /opt/airflow/dags/3_python_operator.py
[2026-09-21T01:25:51.982+0000] {processor.py:809} INFO - DAG(s) dict_keys(['3-pythonoperator']) retrieved from /opt/airflow/dags/3_python_operator.py
[2026-09-21T01:25:52.045+0000] {logging_mixin.py:149} INFO - [2026-09-21T01:25:52.045+0000] {dag.py:2726} INFO - Sync 1 DAGs
[2026-09-21T01:25:52.101+0000] {logging_mixin.py:149} INFO - [2026-09-21T01:25:52.099+0000] {dag.py:3490} INFO - Setting next_dagrun for 3-pythonoperator to None, run_after=None
[2026-09-21T01:25:52.142+0000] {processor.py:178} INFO - Processing /opt/airflow/dags/3_python_operator.py took 0.210 seconds
[2026-09-21T01:26:22.231+0000] {processor.py:156} INFO - Started process (PID=4938) to work on /opt/airflow/dags/3_python_operator.py
[2026-09-21T01:26:22.232+0000] {processor.py:799} INFO - Processing file /opt/airflow/dags/3_python_operator.py for tasks to queue
[2026-09-21T01:26:22.233+0000] {logging_mixin.py:149} INFO - [2026-09-21T01:26:22.233+0000] {dagbag.py:541} INFO - Filling up the DagBag from /opt/airflow/dags/3_python_operator.py
[2026-09-21T01:26:22.254+0000] {processor.py:809} INFO - DAG(s) dict_keys(['3-pythonoperator']) retrieved from /opt/airflow/dags/3_python_operator.py
[2026-09-21T01:26:22.310+0000] {logging_mixin.py:149} INFO - [2026-09-21T01:26:22.310+0000] {dag.py:2726} INFO - Sync 1 DAGs
[2026-09-21T01:26:22.357+0000] {logging_mixin.py:149} INFO - [2026-09-21T01:26:22.357+0000] {dag.py:3490} INFO - Setting next_dagrun for 3-pythonoperator to None, run_after=None
[2026-09-21T01:26:22.437+0000] {processor.py:178} INFO - Processing /opt/airflow/dags/3_python_operator.py took 0.221 seconds
[2026-09-21T01:26:52.548+0000] {processor.py:156} INFO - Started process (PID=4948) to work on /opt/airflow/dags/3_python_operator.py
[2026-09-21T01:26:52.550+0000] {processor.py:799} INFO - Processing file /opt/airflow/dags/3_python_operator.py for tasks to queue
[2026-09-21T01:26:52.551+0000] {logging_mixin.py:149} INFO - [2026-09-21T01:26:52.551+0000] {dagbag.py:541} INFO - Filling up the DagBag from /opt/airflow/dags/3_python_operator.py
[2026-09-21T01:26:52.564+0000] {processor.py:809} INFO - DAG(s) dict_keys(['3-pythonoperator']) retrieved from /opt/airflow/dags/3_python_operator.py
[2026-09-21T01:26:52.612+0000] {logging_mixin.py:149} INFO - [2026-09-21T01:26:52.612+0000] {dag.py:2726} INFO - Sync 1 DAGs
[2026-09-21T01:26:52.655+0000] {logging_mixin.py:149} INFO - [2026-09-21T01:26:52.655+0000] {dag.py:3490} INFO - Setting next_dagrun for 3-pythonoperator to None, run_after=None
[2026-09-21T01:26:52.685+0000] {processor.py:178} INFO - Processing /opt/airflow/dags/3_python_operator.py took 0.150 seconds
[2026-09-21T01:27:23.097+0000] {processor.py:156} INFO - Started process (PID=4958) to work on /opt/airflow/dags/3_python_operator.py
[2026-09-21T01:27:23.099+0000] {processor.py:799} INFO - Processing file /opt/airflow/dags/3_python_operator.py for tasks to queue
[2026-09-21T01:27:23.100+0000] {logging_mixin.py:149} INFO - [2026-09-21T01:27:23.100+0000] {dagbag.py:541} INFO - Filling up the DagBag from /opt/airflow/dags/3_python_operator.py
[2026-09-21T01:27:23.128+0000] {processor.py:809} INFO - DAG(s) dict_keys(['3-pythonoperator']) retrieved from /opt/airflow/dags/3_python_operator.py
[2026-09-21T01:27:23.207+0000] {logging_mixin.py:149} INFO - [2026-09-21T01:27:23.206+0000] {dag.py:2726} INFO - Sync 1 DAGs
[2026-09-21T01:27:23.276+0000] {logging_mixin.py:149} INFO - [2026-09-21T01:27:23.275+0000] {dag.py:3490} INFO - Setting next_dagrun for 3-pythonoperator to None, run_after=None
[2026-09-21T01:27:23.329+0000] {processor.py:178} INFO - Processing /opt/airflow/dags/3_python_operator.py took 0.245 seconds
[2026-09-21T01:27:54.085+0000] {processor.py:156} INFO - Started process (PID=4970) to work on /opt/airflow/dags/3_python_operator.py
[2026-09-21T01:27:54.091+0000] {processor.py:799} INFO - Processing file /opt/airflow/dags/3_python_operator.py for tasks to queue
[2026-09-21T01:27:54.095+0000] {logging_mixin.py:149} INFO - [2026-09-21T01:27:54.094+0000] {dagbag.py:541} INFO - Filling up the DagBag from /opt/airflow/dags/3_python_operator.py
[2026-09-21T01:27:54.114+0000] {processor.py:809} INFO - DAG(s) dict_keys(['3-pythonoperator']) retrieved from /opt/airflow/dags/3_python_operator.py
[2026-09-21T01:27:54.164+0000] {logging_mixin.py:149} INFO - [2026-09-21T01:27:54.164+0000] {dag.py:2726} INFO - Sync 1 DAGs
[2026-09-21T01:27:54.204+0000] {logging_mixin.py:149} INFO - [2026-09-21T01:27:54.204+0000] {dag.py:3490} INFO - Setting next_dagrun for 3-pythonoperator to None, run_after=None
[2026-09-21T01:27:54.240+0000] {processor.py:178} INFO - Processing /opt/airflow/dags/3_python_operator.py took 0.164 seconds
[2026-09-21T01:28:25.247+0000] {processor.py:156} INFO - Started process (PID=4980) to work on /opt/airflow/dags/3_python_operator.py
[2026-09-21T01:28:25.248+0000] {processor.py:799} INFO - Processing file /opt/airflow/dags/3_python_operator.py for tasks to queue
[2026-09-21T01:28:25.249+0000] {logging_mixin.py:149} INFO - [2026-09-21T01:28:25.249+0000] {dagbag.py:541} INFO - Filling up the DagBag from /opt/airflow/dags/3_python_operator.py
[2026-09-21T01:28:25.300+0000] {processor.py:809} INFO - DAG(s) dict_keys(['3-pythonoperator']) retrieved from /opt/airflow/dags/3_python_operator.py
[2026-09-21T01:28:25.393+0000] {logging_mixin.py:149} INFO - [2026-09-21T01:28:25.393+0000] {dag.py:2726} INFO - Sync 1 DAGs
[2026-09-21T01:28:25.487+0000] {logging_mixin.py:149} INFO - [2026-09-21T01:28:25.486+0000] {dag.py:3490} INFO - Setting next_dagrun for 3-pythonoperator to None, run_after=None
[2026-09-21T01:28:25.554+0000] {processor.py:178} INFO - Processing /opt/airflow/dags/3_python_operator.py took 0.318 seconds
[2026-09-21T01:28:55.617+0000] {processor.py:156} INFO - Started process (PID=4990) to work on /opt/airflow/dags/3_python_operator.py
[2026-09-21T01:28:55.622+0000] {processor.py:799} INFO - Processing file /opt/airflow/dags/3_python_operator.py for tasks to queue
[2026-09-21T01:28:55.623+0000] {logging_mixin.py:149} INFO - [2026-09-21T01:28:55.623+0000] {dagbag.py:541} INFO - Filling up the DagBag from /opt/airflow/dags/3_python_operator.py
[2026-09-21T01:28:55.650+0000] {processor.py:809} INFO - DAG(s) dict_keys(['3-pythonoperator']) retrieved from /opt/airflow/dags/3_python_operator.py
[2026-09-21T01:28:55.732+0000] {logging_mixin.py:149} INFO - [2026-09-21T01:28:55.732+0000] {dag.py:2726} INFO - Sync 1 DAGs
[2026-09-21T01:28:55.817+0000] {logging_mixin.py:149} INFO - [2026-09-21T01:28:55.816+0000] {dag.py:3490} INFO - Setting next_dagrun for 3-pythonoperator to None, run_after=None
[2026-09-21T01:28:55.863+0000] {processor.py:178} INFO - Processing /opt/airflow/dags/3_python_operator.py took 0.258 seconds
[2026-09-21T01:29:26.007+0000] {processor.py:156} INFO - Started process (PID=5000) to work on /opt/airflow/dags/3_python_operator.py
[2026-09-21T01:29:26.009+0000] {processor.py:799} INFO - Processing file /opt/airflow/dags/3_python_operator.py for tasks to queue
[2026-09-21T01:29:26.010+0000] {logging_mixin.py:149} INFO - [2026-09-21T01:29:26.010+0000] {dagbag.py:541} INFO - Filling up the DagBag from /opt/airflow/dags/3_python_operator.py
[2026-09-21T01:29:26.027+0000] {processor.py:809} INFO - DAG(s) dict_keys(['3-pythonoperator']) retrieved from /opt/airflow/dags/3_python_operator.py
[2026-09-21T01:29:26.075+0000] {logging_mixin.py:149} INFO - [2026-09-21T01:29:26.075+0000] {dag.py:2726} INFO - Sync 1 DAGs
[2026-09-21T01:29:26.115+0000] {logging_mixin.py:149} INFO - [2026-09-21T01:29:26.114+0000] {dag.py:3490} INFO - Setting next_dagrun for 3-pythonoperator to None, run_after=None
[2026-09-21T01:29:26.143+0000] {processor.py:178} INFO - Processing /opt/airflow/dags/3_python_operator.py took 0.143 seconds
[2026-09-21T01:29:56.401+0000] {processor.py:156} INFO - Started process (PID=5010) to work on /opt/airflow/dags/3_python_operator.py
[2026-09-21T01:29:56.403+0000] {processor.py:799} INFO - Processing file /opt/airflow/dags/3_python_operator.py for tasks to queue
[2026-09-21T01:29:56.405+0000] {logging_mixin.py:149} INFO - [2026-09-21T01:29:56.404+0000] {dagbag.py:541} INFO - Filling up the DagBag from /opt/airflow/dags/3_python_operator.py
[2026-09-21T01:29:56.424+0000] {processor.py:809} INFO - DAG(s) dict_keys(['3-pythonoperator']) retrieved from /opt/airflow/dags/3_python_operator.py
[2026-09-21T01:29:56.493+0000] {logging_mixin.py:149} INFO - [2026-09-21T01:29:56.488+0000] {dag.py:2726} INFO - Sync 1 DAGs
[2026-09-21T01:29:56.562+0000] {logging_mixin.py:149} INFO - [2026-09-21T01:29:56.562+0000] {dag.py:3490} INFO - Setting next_dagrun for 3-pythonoperator to None, run_after=None
[2026-09-21T01:29:56.600+0000] {processor.py:178} INFO - Processing /opt/airflow/dags/3_python_operator.py took 0.207 seconds
[2026-09-21T01:30:27.477+0000] {processor.py:156} INFO - Started process (PID=5020) to work on /opt/airflow/dags/3_python_operator.py
[2026-09-21T01:30:27.489+0000] {processor.py:799} INFO - Processing file /opt/airflow/dags/3_python_operator.py for tasks to queue
[2026-09-21T01:30:27.495+0000] {logging_mixin.py:149} INFO - [2026-09-21T01:30:27.495+0000] {dagbag.py:541} INFO - Filling up the DagBag from /opt/airflow/dags/3_python_operator.py
[2026-09-21T01:30:27.543+0000] {processor.py:809} INFO - DAG(s) dict_keys(['3-pythonoperator']) retrieved from /opt/airflow/dags/3_python_operator.py
[2026-09-21T01:30:27.612+0000] {logging_mixin.py:149} INFO - [2026-09-21T01:30:27.612+0000] {dag.py:2726} INFO - Sync 1 DAGs
[2026-09-21T01:30:27.673+0000] {logging_mixin.py:149} INFO - [2026-09-21T01:30:27.673+0000] {dag.py:3490} INFO - Setting next_dagrun for 3-pythonoperator to None, run_after=None
[2026-09-21T01:30:27.715+0000] {processor.py:178} INFO - Processing /opt/airflow/dags/3_python_operator.py took 0.253 seconds
[2026-09-21T01:30:57.968+0000] {processor.py:156} INFO - Started process (PID=5030) to work on /opt/airflow/dags/3_python_operator.py
[2026-09-21T01:30:57.970+0000] {processor.py:799} INFO - Processing file /opt/airflow/dags/3_python_operator.py for tasks to queue
[2026-09-21T01:30:57.972+0000] {logging_mixin.py:149} INFO - [2026-09-21T01:30:57.971+0000] {dagbag.py:541} INFO - Filling up the DagBag from /opt/airflow/dags/3_python_operator.py
[2026-09-21T01:30:57.989+0000] {processor.py:809} INFO - DAG(s) dict_keys(['3-pythonoperator']) retrieved from /opt/airflow/dags/3_python_operator.py
[2026-09-21T01:30:58.046+0000] {logging_mixin.py:149} INFO - [2026-09-21T01:30:58.046+0000] {dag.py:2726} INFO - Sync 1 DAGs
[2026-09-21T01:30:58.090+0000] {logging_mixin.py:149} INFO - [2026-09-21T01:30:58.090+0000] {dag.py:3490} INFO - Setting next_dagrun for 3-pythonoperator to None, run_after=None
[2026-09-21T01:30:58.125+0000] {processor.py:178} INFO - Processing /opt/airflow/dags/3_python_operator.py took 0.169 seconds
[2026-09-21T01:31:29.024+0000] {processor.py:156} INFO - Started process (PID=5040) to work on /opt/airflow/dags/3_python_operator.py
[2026-09-21T01:31:29.027+0000] {processor.py:799} INFO - Processing file /opt/airflow/dags/3_python_operator.py for tasks to queue
[2026-09-21T01:31:29.028+0000] {logging_mixin.py:149} INFO - [2026-09-21T01:31:29.028+0000] {dagbag.py:541} INFO - Filling up the DagBag from /opt/airflow/dags/3_python_operator.py
[2026-09-21T01:31:29.054+0000] {processor.py:809} INFO - DAG(s) dict_keys(['3-pythonoperator']) retrieved from /opt/airflow/dags/3_python_operator.py
[2026-09-21T01:31:29.104+0000] {logging_mixin.py:149} INFO - [2026-09-21T01:31:29.104+0000] {dag.py:2726} INFO - Sync 1 DAGs
[2026-09-21T01:31:29.145+0000] {logging_mixin.py:149} INFO - [2026-09-21T01:31:29.145+0000] {dag.py:3490} INFO - Setting next_dagrun for 3-pythonoperator to None, run_after=None
[2026-09-21T01:31:29.175+0000] {processor.py:178} INFO - Processing /opt/airflow/dags/3_python_operator.py took 0.157 seconds
[2026-09-21T01:31:59.624+0000] {processor.py:156} INFO - Started process (PID=5050) to work on /opt/airflow/dags/3_python_operator.py
[2026-09-21T01:31:59.625+0000] {processor.py:799} INFO - Processing file /opt/airflow/dags/3_python_operator.py for tasks to queue
[2026-09-21T01:31:59.626+0000] {logging_mixin.py:149} INFO - [2026-09-21T01:31:59.626+0000] {dagbag.py:541} INFO - Filling up the DagBag from /opt/airflow/dags/3_python_operator.py
[2026-09-21T01:31:59.641+0000] {processor.py:809} INFO - DAG(s) dict_keys(['3-pythonoperator']) retrieved from /opt/airflow/dags/3_python_operator.py
[2026-09-21T01:31:59.710+0000] {logging_mixin.py:149} INFO - [2026-09-21T01:31:59.710+0000] {dag.py:2726} INFO - Sync 1 DAGs
[2026-09-21T01:31:59.787+0000] {logging_mixin.py:149} INFO - [2026-09-21T01:31:59.787+0000] {dag.py:3490} INFO - Setting next_dagrun for 3-pythonoperator to None, run_after=None
[2026-09-21T01:31:59.823+0000] {processor.py:178} INFO - Processing /opt/airflow/dags/3_python_operator.py took 0.204 seconds
[2026-09-21T01:32:29.944+0000] {processor.py:156} INFO - Started process (PID=5060) to work on /opt/airflow/dags/3_python_operator.py
[2026-09-21T01:32:29.952+0000] {processor.py:799} INFO - Processing file /opt/airflow/dags/3_python_operator.py for tasks to queue
[2026-09-21T01:32:29.954+0000] {logging_mixin.py:149} INFO - [2026-09-21T01:32:29.953+0000] {dagbag.py:541} INFO - Filling up the DagBag from /opt/airflow/dags/3_python_operator.py
[2026-09-21T01:32:29.983+0000] {processor.py:809} INFO - DAG(s) dict_keys(['3-pythonoperator']) retrieved from /opt/airflow/dags/3_python_operator.py
[2026-09-21T01:32:30.067+0000] {logging_mixin.py:149} INFO - [2026-09-21T01:32:30.067+0000] {dag.py:2726} INFO - Sync 1 DAGs
[2026-09-21T01:32:30.117+0000] {logging_mixin.py:149} INFO - [2026-09-21T01:32:30.117+0000] {dag.py:3490} INFO - Setting next_dagrun for 3-pythonoperator to None, run_after=None
[2026-09-21T01:32:30.162+0000] {processor.py:178} INFO - Processing /opt/airflow/dags/3_python_operator.py took 0.244 seconds
[2026-09-21T01:33:00.996+0000] {processor.py:156} INFO - Started process (PID=5070) to work on /opt/airflow/dags/3_python_operator.py
[2026-09-21T01:33:01.000+0000] {processor.py:799} INFO - Processing file /opt/airflow/dags/3_python_operator.py for tasks to queue
[2026-09-21T01:33:01.001+0000] {logging_mixin.py:149} INFO - [2026-09-21T01:33:01.001+0000] {dagbag.py:541} INFO - Filling up the DagBag from /opt/airflow/dags/3_python_operator.py
[2026-09-21T01:33:01.028+0000] {processor.py:809} INFO - DAG(s) dict_keys(['3-pythonoperator']) retrieved from /opt/airflow/dags/3_python_operator.py
[2026-09-21T01:33:01.088+0000] {logging_mixin.py:149} INFO - [2026-09-21T01:33:01.088+0000] {dag.py:2726} INFO - Sync 1 DAGs
[2026-09-21T01:33:01.147+0000] {logging_mixin.py:149} INFO - [2026-09-21T01:33:01.147+0000] {dag.py:3490} INFO - Setting next_dagrun for 3-pythonoperator to None, run_after=None
[2026-09-21T01:33:01.175+0000] {processor.py:178} INFO - Processing /opt/airflow/dags/3_python_operator.py took 0.189 seconds
[2026-09-21T01:33:31.270+0000] {processor.py:156} INFO - Started process (PID=5080) to work on /opt/airflow/dags/3_python_operator.py
[2026-09-21T01:33:31.273+0000] {processor.py:799} INFO - Processing file /opt/airflow/dags/3_python_operator.py for tasks to queue
[2026-09-21T01:33:31.274+0000] {logging_mixin.py:149} INFO - [2026-09-21T01:33:31.273+0000] {dagbag.py:541} INFO - Filling up the DagBag from /opt/airflow/dags/3_python_operator.py
[2026-09-21T01:33:31.292+0000] {processor.py:809} INFO - DAG(s) dict_keys(['3-pythonoperator']) retrieved from /opt/airflow/dags/3_python_operator.py
[2026-09-21T01:33:31.342+0000] {logging_mixin.py:149} INFO - [2026-09-21T01:33:31.342+0000] {dag.py:2726} INFO - Sync 1 DAGs
[2026-09-21T01:33:31.391+0000] {logging_mixin.py:149} INFO - [2026-09-21T01:33:31.391+0000] {dag.py:3490} INFO - Setting next_dagrun for 3-pythonoperator to None, run_after=None
[2026-09-21T01:33:31.423+0000] {processor.py:178} INFO - Processing /opt/airflow/dags/3_python_operator.py took 0.159 seconds
[2026-09-21T01:34:01.495+0000] {processor.py:156} INFO - Started process (PID=5089) to work on /opt/airflow/dags/3_python_operator.py
[2026-09-21T01:34:01.498+0000] {processor.py:799} INFO - Processing file /opt/airflow/dags/3_python_operator.py for tasks to queue
[2026-09-21T01:34:01.499+0000] {logging_mixin.py:149} INFO - [2026-09-21T01:34:01.499+0000] {dagbag.py:541} INFO - Filling up the DagBag from /opt/airflow/dags/3_python_operator.py
[2026-09-21T01:34:01.521+0000] {processor.py:809} INFO - DAG(s) dict_keys(['3-pythonoperator']) retrieved from /opt/airflow/dags/3_python_operator.py
[2026-09-21T01:34:01.588+0000] {logging_mixin.py:149} INFO - [2026-09-21T01:34:01.588+0000] {dag.py:2726} INFO - Sync 1 DAGs
[2026-09-21T01:34:01.640+0000] {logging_mixin.py:149} INFO - [2026-09-21T01:34:01.639+0000] {dag.py:3490} INFO - Setting next_dagrun for 3-pythonoperator to None, run_after=None
[2026-09-21T01:34:01.683+0000] {processor.py:178} INFO - Processing /opt/airflow/dags/3_python_operator.py took 0.198 seconds
[2026-09-21T01:34:31.797+0000] {processor.py:156} INFO - Started process (PID=5099) to work on /opt/airflow/dags/3_python_operator.py
[2026-09-21T01:34:31.804+0000] {processor.py:799} INFO - Processing file /opt/airflow/dags/3_python_operator.py for tasks to queue
[2026-09-21T01:34:31.806+0000] {logging_mixin.py:149} INFO - [2026-09-21T01:34:31.805+0000] {dagbag.py:541} INFO - Filling up the DagBag from /opt/airflow/dags/3_python_operator.py
[2026-09-21T01:34:31.835+0000] {processor.py:809} INFO - DAG(s) dict_keys(['3-pythonoperator']) retrieved from /opt/airflow/dags/3_python_operator.py
[2026-09-21T01:34:31.924+0000] {logging_mixin.py:149} INFO - [2026-09-21T01:34:31.923+0000] {dag.py:2726} INFO - Sync 1 DAGs
[2026-09-21T01:34:31.999+0000] {logging_mixin.py:149} INFO - [2026-09-21T01:34:31.999+0000] {dag.py:3490} INFO - Setting next_dagrun for 3-pythonoperator to None, run_after=None
[2026-09-21T01:34:32.091+0000] {processor.py:178} INFO - Processing /opt/airflow/dags/3_python_operator.py took 0.308 seconds
[2026-09-21T01:35:02.283+0000] {processor.py:156} INFO - Started process (PID=5109) to work on /opt/airflow/dags/3_python_operator.py
[2026-09-21T01:35:02.284+0000] {processor.py:799} INFO - Processing file /opt/airflow/dags/3_python_operator.py for tasks to queue
[2026-09-21T01:35:02.286+0000] {logging_mixin.py:149} INFO - [2026-09-21T01:35:02.286+0000] {dagbag.py:541} INFO - Filling up the DagBag from /opt/airflow/dags/3_python_operator.py
[2026-09-21T01:35:02.302+0000] {processor.py:809} INFO - DAG(s) dict_keys(['3-pythonoperator']) retrieved from /opt/airflow/dags/3_python_operator.py
[2026-09-21T01:35:02.369+0000] {logging_mixin.py:149} INFO - [2026-09-21T01:35:02.369+0000] {dag.py:2726} INFO - Sync 1 DAGs
[2026-09-21T01:35:02.413+0000] {logging_mixin.py:149} INFO - [2026-09-21T01:35:02.413+0000] {dag.py:3490} INFO - Setting next_dagrun for 3-pythonoperator to None, run_after=None
[2026-09-21T01:35:02.445+0000] {processor.py:178} INFO - Processing /opt/airflow/dags/3_python_operator.py took 0.168 seconds
[2026-09-21T01:35:32.725+0000] {processor.py:156} INFO - Started process (PID=5120) to work on /opt/airflow/dags/3_python_operator.py
[2026-09-21T01:35:32.731+0000] {processor.py:799} INFO - Processing file /opt/airflow/dags/3_python_operator.py for tasks to queue
[2026-09-21T01:35:32.732+0000] {logging_mixin.py:149} INFO - [2026-09-21T01:35:32.732+0000] {dagbag.py:541} INFO - Filling up the DagBag from /opt/airflow/dags/3_python_operator.py
[2026-09-21T01:35:32.755+0000] {processor.py:809} INFO - DAG(s) dict_keys(['3-pythonoperator']) retrieved from /opt/airflow/dags/3_python_operator.py
[2026-09-21T01:35:32.823+0000] {logging_mixin.py:149} INFO - [2026-09-21T01:35:32.823+0000] {dag.py:2726} INFO - Sync 1 DAGs
[2026-09-21T01:35:32.881+0000] {logging_mixin.py:149} INFO - [2026-09-21T01:35:32.880+0000] {dag.py:3490} INFO - Setting next_dagrun for 3-pythonoperator to None, run_after=None
[2026-09-21T01:35:32.977+0000] {processor.py:178} INFO - Processing /opt/airflow/dags/3_python_operator.py took 0.265 seconds
[2026-09-21T01:36:03.829+0000] {processor.py:156} INFO - Started process (PID=5130) to work on /opt/airflow/dags/3_python_operator.py
[2026-09-21T01:36:03.830+0000] {processor.py:799} INFO - Processing file /opt/airflow/dags/3_python_operator.py for tasks to queue
[2026-09-21T01:36:03.831+0000] {logging_mixin.py:149} INFO - [2026-09-21T01:36:03.831+0000] {dagbag.py:541} INFO - Filling up the DagBag from /opt/airflow/dags/3_python_operator.py
[2026-09-21T01:36:03.848+0000] {processor.py:809} INFO - DAG(s) dict_keys(['3-pythonoperator']) retrieved from /opt/airflow/dags/3_python_operator.py
[2026-09-21T01:36:03.955+0000] {logging_mixin.py:149} INFO - [2026-09-21T01:36:03.955+0000] {dag.py:2726} INFO - Sync 1 DAGs
[2026-09-21T01:36:04.014+0000] {logging_mixin.py:149} INFO - [2026-09-21T01:36:04.013+0000] {dag.py:3490} INFO - Setting next_dagrun for 3-pythonoperator to None, run_after=None
[2026-09-21T01:36:04.054+0000] {processor.py:178} INFO - Processing /opt/airflow/dags/3_python_operator.py took 0.234 seconds
[2026-09-21T01:36:34.389+0000] {processor.py:156} INFO - Started process (PID=5140) to work on /opt/airflow/dags/3_python_operator.py
[2026-09-21T01:36:34.391+0000] {processor.py:799} INFO - Processing file /opt/airflow/dags/3_python_operator.py for tasks to queue
[2026-09-21T01:36:34.392+0000] {logging_mixin.py:149} INFO - [2026-09-21T01:36:34.391+0000] {dagbag.py:541} INFO - Filling up the DagBag from /opt/airflow/dags/3_python_operator.py
[2026-09-21T01:36:34.412+0000] {processor.py:809} INFO - DAG(s) dict_keys(['3-pythonoperator']) retrieved from /opt/airflow/dags/3_python_operator.py
[2026-09-21T01:36:34.509+0000] {logging_mixin.py:149} INFO - [2026-09-21T01:36:34.509+0000] {dag.py:2726} INFO - Sync 1 DAGs
[2026-09-21T01:36:34.591+0000] {logging_mixin.py:149} INFO - [2026-09-21T01:36:34.591+0000] {dag.py:3490} INFO - Setting next_dagrun for 3-pythonoperator to None, run_after=None
[2026-09-21T01:36:34.654+0000] {processor.py:178} INFO - Processing /opt/airflow/dags/3_python_operator.py took 0.272 seconds
[2026-09-21T01:37:04.756+0000] {processor.py:156} INFO - Started process (PID=5150) to work on /opt/airflow/dags/3_python_operator.py
[2026-09-21T01:37:04.758+0000] {processor.py:799} INFO - Processing file /opt/airflow/dags/3_python_operator.py for tasks to queue
[2026-09-21T01:37:04.759+0000] {logging_mixin.py:149} INFO - [2026-09-21T01:37:04.759+0000] {dagbag.py:541} INFO - Filling up the DagBag from /opt/airflow/dags/3_python_operator.py
[2026-09-21T01:37:04.797+0000] {processor.py:809} INFO - DAG(s) dict_keys(['3-pythonoperator']) retrieved from /opt/airflow/dags/3_python_operator.py
[2026-09-21T01:37:04.893+0000] {logging_mixin.py:149} INFO - [2026-09-21T01:37:04.893+0000] {dag.py:2726} INFO - Sync 1 DAGs
[2026-09-21T01:37:04.974+0000] {logging_mixin.py:149} INFO - [2026-09-21T01:37:04.973+0000] {dag.py:3490} INFO - Setting next_dagrun for 3-pythonoperator to None, run_after=None
[2026-09-21T01:37:05.020+0000] {processor.py:178} INFO - Processing /opt/airflow/dags/3_python_operator.py took 0.280 seconds
[2026-09-21T01:37:35.265+0000] {processor.py:156} INFO - Started process (PID=5160) to work on /opt/airflow/dags/3_python_operator.py
[2026-09-21T01:37:35.267+0000] {processor.py:799} INFO - Processing file /opt/airflow/dags/3_python_operator.py for tasks to queue
[2026-09-21T01:37:35.268+0000] {logging_mixin.py:149} INFO - [2026-09-21T01:37:35.268+0000] {dagbag.py:541} INFO - Filling up the DagBag from /opt/airflow/dags/3_python_operator.py
[2026-09-21T01:37:35.285+0000] {processor.py:809} INFO - DAG(s) dict_keys(['3-pythonoperator']) retrieved from /opt/airflow/dags/3_python_operator.py
[2026-09-21T01:37:35.346+0000] {logging_mixin.py:149} INFO - [2026-09-21T01:37:35.345+0000] {dag.py:2726} INFO - Sync 1 DAGs
[2026-09-21T01:37:35.383+0000] {logging_mixin.py:149} INFO - [2026-09-21T01:37:35.383+0000] {dag.py:3490} INFO - Setting next_dagrun for 3-pythonoperator to None, run_after=None
[2026-09-21T01:37:35.427+0000] {processor.py:178} INFO - Processing /opt/airflow/dags/3_python_operator.py took 0.181 seconds
[2026-09-21T01:38:05.526+0000] {processor.py:156} INFO - Started process (PID=5170) to work on /opt/airflow/dags/3_python_operator.py
[2026-09-21T01:38:05.530+0000] {processor.py:799} INFO - Processing file /opt/airflow/dags/3_python_operator.py for tasks to queue
[2026-09-21T01:38:05.537+0000] {logging_mixin.py:149} INFO - [2026-09-21T01:38:05.537+0000] {dagbag.py:541} INFO - Filling up the DagBag from /opt/airflow/dags/3_python_operator.py
[2026-09-21T01:38:05.587+0000] {processor.py:809} INFO - DAG(s) dict_keys(['3-pythonoperator']) retrieved from /opt/airflow/dags/3_python_operator.py
[2026-09-21T01:38:05.666+0000] {logging_mixin.py:149} INFO - [2026-09-21T01:38:05.666+0000] {dag.py:2726} INFO - Sync 1 DAGs
[2026-09-21T01:38:05.722+0000] {logging_mixin.py:149} INFO - [2026-09-21T01:38:05.722+0000] {dag.py:3490} INFO - Setting next_dagrun for 3-pythonoperator to None, run_after=None
[2026-09-21T01:38:05.796+0000] {processor.py:178} INFO - Processing /opt/airflow/dags/3_python_operator.py took 0.280 seconds
[2026-09-21T01:38:35.940+0000] {processor.py:156} INFO - Started process (PID=5180) to work on /opt/airflow/dags/3_python_operator.py
[2026-09-21T01:38:35.947+0000] {processor.py:799} INFO - Processing file /opt/airflow/dags/3_python_operator.py for tasks to queue
[2026-09-21T01:38:35.951+0000] {logging_mixin.py:149} INFO - [2026-09-21T01:38:35.950+0000] {dagbag.py:541} INFO - Filling up the DagBag from /opt/airflow/dags/3_python_operator.py
[2026-09-21T01:38:35.967+0000] {processor.py:809} INFO - DAG(s) dict_keys(['3-pythonoperator']) retrieved from /opt/airflow/dags/3_python_operator.py
[2026-09-21T01:38:36.016+0000] {logging_mixin.py:149} INFO - [2026-09-21T01:38:36.016+0000] {dag.py:2726} INFO - Sync 1 DAGs
[2026-09-21T01:38:36.056+0000] {logging_mixin.py:149} INFO - [2026-09-21T01:38:36.056+0000] {dag.py:3490} INFO - Setting next_dagrun for 3-pythonoperator to None, run_after=None
[2026-09-21T01:38:36.087+0000] {processor.py:178} INFO - Processing /opt/airflow/dags/3_python_operator.py took 0.153 seconds
[2026-09-21T01:39:06.198+0000] {processor.py:156} INFO - Started process (PID=5190) to work on /opt/airflow/dags/3_python_operator.py
[2026-09-21T01:39:06.200+0000] {processor.py:799} INFO - Processing file /opt/airflow/dags/3_python_operator.py for tasks to queue
[2026-09-21T01:39:06.201+0000] {logging_mixin.py:149} INFO - [2026-09-21T01:39:06.201+0000] {dagbag.py:541} INFO - Filling up the DagBag from /opt/airflow/dags/3_python_operator.py
[2026-09-21T01:39:06.219+0000] {processor.py:809} INFO - DAG(s) dict_keys(['3-pythonoperator']) retrieved from /opt/airflow/dags/3_python_operator.py
[2026-09-21T01:39:06.269+0000] {logging_mixin.py:149} INFO - [2026-09-21T01:39:06.269+0000] {dag.py:2726} INFO - Sync 1 DAGs
[2026-09-21T01:39:06.312+0000] {logging_mixin.py:149} INFO - [2026-09-21T01:39:06.312+0000] {dag.py:3490} INFO - Setting next_dagrun for 3-pythonoperator to None, run_after=None
[2026-09-21T01:39:06.346+0000] {processor.py:178} INFO - Processing /opt/airflow/dags/3_python_operator.py took 0.154 seconds
[2026-09-21T01:39:36.480+0000] {processor.py:156} INFO - Started process (PID=5200) to work on /opt/airflow/dags/3_python_operator.py
[2026-09-21T01:39:36.486+0000] {processor.py:799} INFO - Processing file /opt/airflow/dags/3_python_operator.py for tasks to queue
[2026-09-21T01:39:36.487+0000] {logging_mixin.py:149} INFO - [2026-09-21T01:39:36.487+0000] {dagbag.py:541} INFO - Filling up the DagBag from /opt/airflow/dags/3_python_operator.py
[2026-09-21T01:39:36.520+0000] {processor.py:809} INFO - DAG(s) dict_keys(['3-pythonoperator']) retrieved from /opt/airflow/dags/3_python_operator.py
[2026-09-21T01:39:36.611+0000] {logging_mixin.py:149} INFO - [2026-09-21T01:39:36.611+0000] {dag.py:2726} INFO - Sync 1 DAGs
[2026-09-21T01:39:36.665+0000] {logging_mixin.py:149} INFO - [2026-09-21T01:39:36.665+0000] {dag.py:3490} INFO - Setting next_dagrun for 3-pythonoperator to None, run_after=None
[2026-09-21T01:39:36.721+0000] {processor.py:178} INFO - Processing /opt/airflow/dags/3_python_operator.py took 0.254 seconds
[2026-09-21T01:40:07.370+0000] {processor.py:156} INFO - Started process (PID=5210) to work on /opt/airflow/dags/3_python_operator.py
[2026-09-21T01:40:07.371+0000] {processor.py:799} INFO - Processing file /opt/airflow/dags/3_python_operator.py for tasks to queue
[2026-09-21T01:40:07.373+0000] {logging_mixin.py:149} INFO - [2026-09-21T01:40:07.372+0000] {dagbag.py:541} INFO - Filling up the DagBag from /opt/airflow/dags/3_python_operator.py
[2026-09-21T01:40:07.388+0000] {processor.py:809} INFO - DAG(s) dict_keys(['3-pythonoperator']) retrieved from /opt/airflow/dags/3_python_operator.py
[2026-09-21T01:40:07.452+0000] {logging_mixin.py:149} INFO - [2026-09-21T01:40:07.451+0000] {dag.py:2726} INFO - Sync 1 DAGs
[2026-09-21T01:40:07.493+0000] {logging_mixin.py:149} INFO - [2026-09-21T01:40:07.493+0000] {dag.py:3490} INFO - Setting next_dagrun for 3-pythonoperator to None, run_after=None
[2026-09-21T01:40:07.524+0000] {processor.py:178} INFO - Processing /opt/airflow/dags/3_python_operator.py took 0.159 seconds
[2026-09-21T01:40:37.990+0000] {processor.py:156} INFO - Started process (PID=5220) to work on /opt/airflow/dags/3_python_operator.py
[2026-09-21T01:40:37.992+0000] {processor.py:799} INFO - Processing file /opt/airflow/dags/3_python_operator.py for tasks to queue
[2026-09-21T01:40:37.993+0000] {logging_mixin.py:149} INFO - [2026-09-21T01:40:37.993+0000] {dagbag.py:541} INFO - Filling up the DagBag from /opt/airflow/dags/3_python_operator.py
[2026-09-21T01:40:38.009+0000] {processor.py:809} INFO - DAG(s) dict_keys(['3-pythonoperator']) retrieved from /opt/airflow/dags/3_python_operator.py
[2026-09-21T01:40:38.066+0000] {logging_mixin.py:149} INFO - [2026-09-21T01:40:38.066+0000] {dag.py:2726} INFO - Sync 1 DAGs
[2026-09-21T01:40:38.115+0000] {logging_mixin.py:149} INFO - [2026-09-21T01:40:38.114+0000] {dag.py:3490} INFO - Setting next_dagrun for 3-pythonoperator to None, run_after=None
[2026-09-21T01:40:38.145+0000] {processor.py:178} INFO - Processing /opt/airflow/dags/3_python_operator.py took 0.160 seconds
[2026-09-21T01:42:35.763+0000] {processor.py:156} INFO - Started process (PID=34) to work on /opt/airflow/dags/3_python_operator.py
[2026-09-21T01:42:35.772+0000] {processor.py:799} INFO - Processing file /opt/airflow/dags/3_python_operator.py for tasks to queue
[2026-09-21T01:42:35.776+0000] {logging_mixin.py:149} INFO - [2026-09-21T01:42:35.776+0000] {dagbag.py:541} INFO - Filling up the DagBag from /opt/airflow/dags/3_python_operator.py
[2026-09-21T01:42:36.642+0000] {processor.py:809} INFO - DAG(s) dict_keys(['3-pythonoperator']) retrieved from /opt/airflow/dags/3_python_operator.py
[2026-09-21T01:42:36.908+0000] {logging_mixin.py:149} INFO - [2026-09-21T01:42:36.908+0000] {dag.py:2726} INFO - Sync 1 DAGs
[2026-09-21T01:42:37.001+0000] {logging_mixin.py:149} INFO - [2026-09-21T01:42:37.001+0000] {dag.py:3490} INFO - Setting next_dagrun for 3-pythonoperator to None, run_after=None
[2026-09-21T01:42:37.082+0000] {processor.py:178} INFO - Processing /opt/airflow/dags/3_python_operator.py took 1.345 seconds
[2026-09-21T01:57:41.304+0000] {processor.py:156} INFO - Started process (PID=35) to work on /opt/airflow/dags/3_python_operator.py
[2026-09-21T01:57:41.308+0000] {processor.py:799} INFO - Processing file /opt/airflow/dags/3_python_operator.py for tasks to queue
[2026-09-21T01:57:41.313+0000] {logging_mixin.py:149} INFO - [2026-09-21T01:57:41.313+0000] {dagbag.py:541} INFO - Filling up the DagBag from /opt/airflow/dags/3_python_operator.py
[2026-09-21T01:57:41.345+0000] {processor.py:809} INFO - DAG(s) dict_keys(['3-pythonoperator']) retrieved from /opt/airflow/dags/3_python_operator.py
[2026-09-21T01:57:41.722+0000] {logging_mixin.py:149} INFO - [2026-09-21T01:57:41.721+0000] {dag.py:2726} INFO - Sync 1 DAGs
[2026-09-21T01:57:41.777+0000] {logging_mixin.py:149} INFO - [2026-09-21T01:57:41.777+0000] {dag.py:3490} INFO - Setting next_dagrun for 3-pythonoperator to None, run_after=None
[2026-09-21T01:57:41.892+0000] {processor.py:178} INFO - Processing /opt/airflow/dags/3_python_operator.py took 1.522 seconds
[2026-09-21T01:58:12.638+0000] {processor.py:156} INFO - Started process (PID=46) to work on /opt/airflow/dags/3_python_operator.py
[2026-09-21T01:58:12.645+0000] {processor.py:799} INFO - Processing file /opt/airflow/dags/3_python_operator.py for tasks to queue
[2026-09-21T01:58:12.649+0000] {logging_mixin.py:149} INFO - [2026-09-21T01:58:12.646+0000] {dagbag.py:541} INFO - Filling up the DagBag from /opt/airflow/dags/3_python_operator.py
[2026-09-21T01:58:12.695+0000] {processor.py:809} INFO - DAG(s) dict_keys(['3-pythonoperator']) retrieved from /opt/airflow/dags/3_python_operator.py
[2026-09-21T01:58:12.872+0000] {logging_mixin.py:149} INFO - [2026-09-21T01:58:12.872+0000] {dag.py:2726} INFO - Sync 1 DAGs
[2026-09-21T01:58:12.914+0000] {logging_mixin.py:149} INFO - [2026-09-21T01:58:12.913+0000] {dag.py:3490} INFO - Setting next_dagrun for 3-pythonoperator to None, run_after=None
[2026-09-21T01:58:12.954+0000] {processor.py:178} INFO - Processing /opt/airflow/dags/3_python_operator.py took 0.330 seconds
[2026-09-21T01:58:37.174+0000] {processor.py:156} INFO - Started process (PID=59) to work on /opt/airflow/dags/3_python_operator.py
[2026-09-21T01:58:37.176+0000] {processor.py:799} INFO - Processing file /opt/airflow/dags/3_python_operator.py for tasks to queue
[2026-09-21T01:58:37.178+0000] {logging_mixin.py:149} INFO - [2026-09-21T01:58:37.177+0000] {dagbag.py:541} INFO - Filling up the DagBag from /opt/airflow/dags/3_python_operator.py
[2026-09-21T01:58:37.188+0000] {processor.py:809} INFO - DAG(s) dict_keys(['3-pythonoperator']) retrieved from /opt/airflow/dags/3_python_operator.py
[2026-09-21T01:58:37.221+0000] {logging_mixin.py:149} INFO - [2026-09-21T01:58:37.219+0000] {dag.py:2726} INFO - Sync 1 DAGs
[2026-09-21T01:58:37.274+0000] {logging_mixin.py:149} INFO - [2026-09-21T01:58:37.273+0000] {dag.py:3490} INFO - Setting next_dagrun for 3-pythonoperator to None, run_after=None
[2026-09-21T01:58:37.332+0000] {processor.py:178} INFO - Processing /opt/airflow/dags/3_python_operator.py took 0.165 seconds
[2026-09-21T01:59:08.315+0000] {processor.py:156} INFO - Started process (PID=77) to work on /opt/airflow/dags/3_python_operator.py
[2026-09-21T01:59:08.320+0000] {processor.py:799} INFO - Processing file /opt/airflow/dags/3_python_operator.py for tasks to queue
[2026-09-21T01:59:08.321+0000] {logging_mixin.py:149} INFO - [2026-09-21T01:59:08.321+0000] {dagbag.py:541} INFO - Filling up the DagBag from /opt/airflow/dags/3_python_operator.py
[2026-09-21T01:59:08.332+0000] {processor.py:809} INFO - DAG(s) dict_keys(['3-pythonoperator']) retrieved from /opt/airflow/dags/3_python_operator.py
[2026-09-21T01:59:08.389+0000] {logging_mixin.py:149} INFO - [2026-09-21T01:59:08.389+0000] {dag.py:2726} INFO - Sync 1 DAGs
[2026-09-21T01:59:08.430+0000] {logging_mixin.py:149} INFO - [2026-09-21T01:59:08.429+0000] {dag.py:3490} INFO - Setting next_dagrun for 3-pythonoperator to None, run_after=None
[2026-09-21T01:59:08.471+0000] {processor.py:178} INFO - Processing /opt/airflow/dags/3_python_operator.py took 0.171 seconds
[2026-09-21T01:59:39.801+0000] {processor.py:156} INFO - Started process (PID=88) to work on /opt/airflow/dags/3_python_operator.py
[2026-09-21T01:59:39.809+0000] {processor.py:799} INFO - Processing file /opt/airflow/dags/3_python_operator.py for tasks to queue
[2026-09-21T01:59:39.810+0000] {logging_mixin.py:149} INFO - [2026-09-21T01:59:39.809+0000] {dagbag.py:541} INFO - Filling up the DagBag from /opt/airflow/dags/3_python_operator.py
[2026-09-21T01:59:39.826+0000] {processor.py:809} INFO - DAG(s) dict_keys(['3-pythonoperator']) retrieved from /opt/airflow/dags/3_python_operator.py
[2026-09-21T01:59:39.956+0000] {logging_mixin.py:149} INFO - [2026-09-21T01:59:39.956+0000] {dag.py:2726} INFO - Sync 1 DAGs
[2026-09-21T01:59:40.062+0000] {logging_mixin.py:149} INFO - [2026-09-21T01:59:40.062+0000] {dag.py:3490} INFO - Setting next_dagrun for 3-pythonoperator to None, run_after=None
[2026-09-21T01:59:40.134+0000] {processor.py:178} INFO - Processing /opt/airflow/dags/3_python_operator.py took 0.343 seconds
[2026-09-21T02:00:08.543+0000] {processor.py:156} INFO - Started process (PID=108) to work on /opt/airflow/dags/3_python_operator.py
[2026-09-21T02:00:08.547+0000] {processor.py:799} INFO - Processing file /opt/airflow/dags/3_python_operator.py for tasks to queue
[2026-09-21T02:00:08.548+0000] {logging_mixin.py:149} INFO - [2026-09-21T02:00:08.547+0000] {dagbag.py:541} INFO - Filling up the DagBag from /opt/airflow/dags/3_python_operator.py
[2026-09-21T02:00:08.560+0000] {processor.py:809} INFO - DAG(s) dict_keys(['3-pythonoperator']) retrieved from /opt/airflow/dags/3_python_operator.py
[2026-09-21T02:00:08.647+0000] {logging_mixin.py:149} INFO - [2026-09-21T02:00:08.647+0000] {dag.py:2726} INFO - Sync 1 DAGs
[2026-09-21T02:00:08.693+0000] {logging_mixin.py:149} INFO - [2026-09-21T02:00:08.693+0000] {dag.py:3490} INFO - Setting next_dagrun for 3-pythonoperator to None, run_after=None
[2026-09-21T02:00:08.732+0000] {processor.py:178} INFO - Processing /opt/airflow/dags/3_python_operator.py took 0.195 seconds
[2026-09-21T02:00:38.837+0000] {processor.py:156} INFO - Started process (PID=128) to work on /opt/airflow/dags/3_python_operator.py
[2026-09-21T02:00:38.840+0000] {processor.py:799} INFO - Processing file /opt/airflow/dags/3_python_operator.py for tasks to queue
[2026-09-21T02:00:38.842+0000] {logging_mixin.py:149} INFO - [2026-09-21T02:00:38.841+0000] {dagbag.py:541} INFO - Filling up the DagBag from /opt/airflow/dags/3_python_operator.py
[2026-09-21T02:00:38.853+0000] {processor.py:809} INFO - DAG(s) dict_keys(['3-pythonoperator']) retrieved from /opt/airflow/dags/3_python_operator.py
[2026-09-21T02:00:38.925+0000] {logging_mixin.py:149} INFO - [2026-09-21T02:00:38.924+0000] {dag.py:2726} INFO - Sync 1 DAGs
[2026-09-21T02:00:39.015+0000] {logging_mixin.py:149} INFO - [2026-09-21T02:00:39.015+0000] {dag.py:3490} INFO - Setting next_dagrun for 3-pythonoperator to None, run_after=None
[2026-09-21T02:00:39.083+0000] {processor.py:178} INFO - Processing /opt/airflow/dags/3_python_operator.py took 0.253 seconds
[2026-09-21T02:01:09.384+0000] {processor.py:156} INFO - Started process (PID=139) to work on /opt/airflow/dags/3_python_operator.py
[2026-09-21T02:01:09.385+0000] {processor.py:799} INFO - Processing file /opt/airflow/dags/3_python_operator.py for tasks to queue
[2026-09-21T02:01:09.386+0000] {logging_mixin.py:149} INFO - [2026-09-21T02:01:09.386+0000] {dagbag.py:541} INFO - Filling up the DagBag from /opt/airflow/dags/3_python_operator.py
[2026-09-21T02:01:09.393+0000] {processor.py:809} INFO - DAG(s) dict_keys(['3-pythonoperator']) retrieved from /opt/airflow/dags/3_python_operator.py
[2026-09-21T02:01:09.448+0000] {logging_mixin.py:149} INFO - [2026-09-21T02:01:09.448+0000] {dag.py:2726} INFO - Sync 1 DAGs
[2026-09-21T02:01:09.495+0000] {logging_mixin.py:149} INFO - [2026-09-21T02:01:09.494+0000] {dag.py:3490} INFO - Setting next_dagrun for 3-pythonoperator to None, run_after=None
[2026-09-21T02:01:09.531+0000] {processor.py:178} INFO - Processing /opt/airflow/dags/3_python_operator.py took 0.153 seconds
[2026-09-21T02:01:40.525+0000] {processor.py:156} INFO - Started process (PID=153) to work on /opt/airflow/dags/3_python_operator.py
[2026-09-21T02:01:40.528+0000] {processor.py:799} INFO - Processing file /opt/airflow/dags/3_python_operator.py for tasks to queue
[2026-09-21T02:01:40.529+0000] {logging_mixin.py:149} INFO - [2026-09-21T02:01:40.529+0000] {dagbag.py:541} INFO - Filling up the DagBag from /opt/airflow/dags/3_python_operator.py
[2026-09-21T02:01:40.536+0000] {processor.py:809} INFO - DAG(s) dict_keys(['3-pythonoperator']) retrieved from /opt/airflow/dags/3_python_operator.py
[2026-09-21T02:01:40.631+0000] {logging_mixin.py:149} INFO - [2026-09-21T02:01:40.631+0000] {dag.py:2726} INFO - Sync 1 DAGs
[2026-09-21T02:01:40.688+0000] {logging_mixin.py:149} INFO - [2026-09-21T02:01:40.688+0000] {dag.py:3490} INFO - Setting next_dagrun for 3-pythonoperator to None, run_after=None
[2026-09-21T02:01:40.744+0000] {processor.py:178} INFO - Processing /opt/airflow/dags/3_python_operator.py took 0.226 seconds
[2026-09-21T02:02:10.989+0000] {processor.py:156} INFO - Started process (PID=172) to work on /opt/airflow/dags/3_python_operator.py
[2026-09-21T02:02:10.990+0000] {processor.py:799} INFO - Processing file /opt/airflow/dags/3_python_operator.py for tasks to queue
[2026-09-21T02:02:10.991+0000] {logging_mixin.py:149} INFO - [2026-09-21T02:02:10.991+0000] {dagbag.py:541} INFO - Filling up the DagBag from /opt/airflow/dags/3_python_operator.py
[2026-09-21T02:02:10.999+0000] {processor.py:809} INFO - DAG(s) dict_keys(['3-pythonoperator']) retrieved from /opt/airflow/dags/3_python_operator.py
[2026-09-21T02:02:11.059+0000] {logging_mixin.py:149} INFO - [2026-09-21T02:02:11.058+0000] {dag.py:2726} INFO - Sync 1 DAGs
[2026-09-21T02:02:11.100+0000] {logging_mixin.py:149} INFO - [2026-09-21T02:02:11.100+0000] {dag.py:3490} INFO - Setting next_dagrun for 3-pythonoperator to None, run_after=None
[2026-09-21T02:02:11.133+0000] {processor.py:178} INFO - Processing /opt/airflow/dags/3_python_operator.py took 0.151 seconds
[2026-09-21T02:02:42.121+0000] {processor.py:156} INFO - Started process (PID=185) to work on /opt/airflow/dags/3_python_operator.py
[2026-09-21T02:02:42.124+0000] {processor.py:799} INFO - Processing file /opt/airflow/dags/3_python_operator.py for tasks to queue
[2026-09-21T02:02:42.125+0000] {logging_mixin.py:149} INFO - [2026-09-21T02:02:42.125+0000] {dagbag.py:541} INFO - Filling up the DagBag from /opt/airflow/dags/3_python_operator.py
[2026-09-21T02:02:42.135+0000] {processor.py:809} INFO - DAG(s) dict_keys(['3-pythonoperator']) retrieved from /opt/airflow/dags/3_python_operator.py
[2026-09-21T02:02:42.221+0000] {logging_mixin.py:149} INFO - [2026-09-21T02:02:42.221+0000] {dag.py:2726} INFO - Sync 1 DAGs
[2026-09-21T02:02:42.302+0000] {logging_mixin.py:149} INFO - [2026-09-21T02:02:42.301+0000] {dag.py:3490} INFO - Setting next_dagrun for 3-pythonoperator to None, run_after=None
[2026-09-21T02:02:42.381+0000] {processor.py:178} INFO - Processing /opt/airflow/dags/3_python_operator.py took 0.268 seconds
[2026-09-21T02:03:12.832+0000] {processor.py:156} INFO - Started process (PID=196) to work on /opt/airflow/dags/3_python_operator.py
[2026-09-21T02:03:12.835+0000] {processor.py:799} INFO - Processing file /opt/airflow/dags/3_python_operator.py for tasks to queue
[2026-09-21T02:03:12.836+0000] {logging_mixin.py:149} INFO - [2026-09-21T02:03:12.836+0000] {dagbag.py:541} INFO - Filling up the DagBag from /opt/airflow/dags/3_python_operator.py
[2026-09-21T02:03:12.843+0000] {processor.py:809} INFO - DAG(s) dict_keys(['3-pythonoperator']) retrieved from /opt/airflow/dags/3_python_operator.py
[2026-09-21T02:03:12.938+0000] {logging_mixin.py:149} INFO - [2026-09-21T02:03:12.937+0000] {dag.py:2726} INFO - Sync 1 DAGs
[2026-09-21T02:03:13.004+0000] {logging_mixin.py:149} INFO - [2026-09-21T02:03:13.003+0000] {dag.py:3490} INFO - Setting next_dagrun for 3-pythonoperator to None, run_after=None
[2026-09-21T02:03:13.081+0000] {processor.py:178} INFO - Processing /opt/airflow/dags/3_python_operator.py took 0.257 seconds
[2026-09-21T02:03:43.345+0000] {processor.py:156} INFO - Started process (PID=207) to work on /opt/airflow/dags/3_python_operator.py
[2026-09-21T02:03:43.350+0000] {processor.py:799} INFO - Processing file /opt/airflow/dags/3_python_operator.py for tasks to queue
[2026-09-21T02:03:43.351+0000] {logging_mixin.py:149} INFO - [2026-09-21T02:03:43.351+0000] {dagbag.py:541} INFO - Filling up the DagBag from /opt/airflow/dags/3_python_operator.py
[2026-09-21T02:03:43.359+0000] {processor.py:809} INFO - DAG(s) dict_keys(['3-pythonoperator']) retrieved from /opt/airflow/dags/3_python_operator.py
[2026-09-21T02:03:43.447+0000] {logging_mixin.py:149} INFO - [2026-09-21T02:03:43.447+0000] {dag.py:2726} INFO - Sync 1 DAGs
[2026-09-21T02:03:43.493+0000] {logging_mixin.py:149} INFO - [2026-09-21T02:03:43.492+0000] {dag.py:3490} INFO - Setting next_dagrun for 3-pythonoperator to None, run_after=None
[2026-09-21T02:03:43.539+0000] {processor.py:178} INFO - Processing /opt/airflow/dags/3_python_operator.py took 0.203 seconds
[2026-09-21T02:04:14.542+0000] {processor.py:156} INFO - Started process (PID=218) to work on /opt/airflow/dags/3_python_operator.py
[2026-09-21T02:04:14.545+0000] {processor.py:799} INFO - Processing file /opt/airflow/dags/3_python_operator.py for tasks to queue
[2026-09-21T02:04:14.546+0000] {logging_mixin.py:149} INFO - [2026-09-21T02:04:14.546+0000] {dagbag.py:541} INFO - Filling up the DagBag from /opt/airflow/dags/3_python_operator.py
[2026-09-21T02:04:14.553+0000] {processor.py:809} INFO - DAG(s) dict_keys(['3-pythonoperator']) retrieved from /opt/airflow/dags/3_python_operator.py
[2026-09-21T02:04:14.624+0000] {logging_mixin.py:149} INFO - [2026-09-21T02:04:14.624+0000] {dag.py:2726} INFO - Sync 1 DAGs
[2026-09-21T02:04:14.667+0000] {logging_mixin.py:149} INFO - [2026-09-21T02:04:14.667+0000] {dag.py:3490} INFO - Setting next_dagrun for 3-pythonoperator to None, run_after=None
[2026-09-21T02:04:14.717+0000] {processor.py:178} INFO - Processing /opt/airflow/dags/3_python_operator.py took 0.182 seconds
[2026-09-21T02:04:45.056+0000] {processor.py:156} INFO - Started process (PID=229) to work on /opt/airflow/dags/3_python_operator.py
[2026-09-21T02:04:45.059+0000] {processor.py:799} INFO - Processing file /opt/airflow/dags/3_python_operator.py for tasks to queue
[2026-09-21T02:04:45.060+0000] {logging_mixin.py:149} INFO - [2026-09-21T02:04:45.060+0000] {dagbag.py:541} INFO - Filling up the DagBag from /opt/airflow/dags/3_python_operator.py
[2026-09-21T02:04:45.076+0000] {processor.py:809} INFO - DAG(s) dict_keys(['3-pythonoperator']) retrieved from /opt/airflow/dags/3_python_operator.py
[2026-09-21T02:04:45.177+0000] {logging_mixin.py:149} INFO - [2026-09-21T02:04:45.177+0000] {dag.py:2726} INFO - Sync 1 DAGs
[2026-09-21T02:04:45.224+0000] {logging_mixin.py:149} INFO - [2026-09-21T02:04:45.224+0000] {dag.py:3490} INFO - Setting next_dagrun for 3-pythonoperator to None, run_after=None
[2026-09-21T02:04:45.274+0000] {processor.py:178} INFO - Processing /opt/airflow/dags/3_python_operator.py took 0.231 seconds
[2026-09-21T02:05:15.357+0000] {processor.py:156} INFO - Started process (PID=239) to work on /opt/airflow/dags/3_python_operator.py
[2026-09-21T02:05:15.360+0000] {processor.py:799} INFO - Processing file /opt/airflow/dags/3_python_operator.py for tasks to queue
[2026-09-21T02:05:15.361+0000] {logging_mixin.py:149} INFO - [2026-09-21T02:05:15.361+0000] {dagbag.py:541} INFO - Filling up the DagBag from /opt/airflow/dags/3_python_operator.py
[2026-09-21T02:05:15.368+0000] {processor.py:809} INFO - DAG(s) dict_keys(['3-pythonoperator']) retrieved from /opt/airflow/dags/3_python_operator.py
[2026-09-21T02:05:15.423+0000] {logging_mixin.py:149} INFO - [2026-09-21T02:05:15.422+0000] {dag.py:2726} INFO - Sync 1 DAGs
[2026-09-21T02:05:15.462+0000] {logging_mixin.py:149} INFO - [2026-09-21T02:05:15.462+0000] {dag.py:3490} INFO - Setting next_dagrun for 3-pythonoperator to None, run_after=None
[2026-09-21T02:05:15.505+0000] {processor.py:178} INFO - Processing /opt/airflow/dags/3_python_operator.py took 0.155 seconds
[2026-09-21T02:05:45.727+0000] {processor.py:156} INFO - Started process (PID=250) to work on /opt/airflow/dags/3_python_operator.py
[2026-09-21T02:05:45.729+0000] {processor.py:799} INFO - Processing file /opt/airflow/dags/3_python_operator.py for tasks to queue
[2026-09-21T02:05:45.731+0000] {logging_mixin.py:149} INFO - [2026-09-21T02:05:45.730+0000] {dagbag.py:541} INFO - Filling up the DagBag from /opt/airflow/dags/3_python_operator.py
[2026-09-21T02:05:45.738+0000] {processor.py:809} INFO - DAG(s) dict_keys(['3-pythonoperator']) retrieved from /opt/airflow/dags/3_python_operator.py
[2026-09-21T02:05:45.798+0000] {logging_mixin.py:149} INFO - [2026-09-21T02:05:45.797+0000] {dag.py:2726} INFO - Sync 1 DAGs
[2026-09-21T02:05:45.835+0000] {logging_mixin.py:149} INFO - [2026-09-21T02:05:45.834+0000] {dag.py:3490} INFO - Setting next_dagrun for 3-pythonoperator to None, run_after=None
[2026-09-21T02:05:45.870+0000] {processor.py:178} INFO - Processing /opt/airflow/dags/3_python_operator.py took 0.150 seconds
[2026-09-21T02:06:16.862+0000] {processor.py:156} INFO - Started process (PID=262) to work on /opt/airflow/dags/3_python_operator.py
[2026-09-21T02:06:16.864+0000] {processor.py:799} INFO - Processing file /opt/airflow/dags/3_python_operator.py for tasks to queue
[2026-09-21T02:06:16.865+0000] {logging_mixin.py:149} INFO - [2026-09-21T02:06:16.864+0000] {dagbag.py:541} INFO - Filling up the DagBag from /opt/airflow/dags/3_python_operator.py
[2026-09-21T02:06:16.869+0000] {processor.py:809} INFO - DAG(s) dict_keys(['3-pythonoperator']) retrieved from /opt/airflow/dags/3_python_operator.py
[2026-09-21T02:06:16.910+0000] {logging_mixin.py:149} INFO - [2026-09-21T02:06:16.909+0000] {dag.py:2726} INFO - Sync 1 DAGs
[2026-09-21T02:06:16.939+0000] {logging_mixin.py:149} INFO - [2026-09-21T02:06:16.939+0000] {dag.py:3490} INFO - Setting next_dagrun for 3-pythonoperator to None, run_after=None
[2026-09-21T02:06:16.962+0000] {processor.py:178} INFO - Processing /opt/airflow/dags/3_python_operator.py took 0.105 seconds
[2026-09-21T02:06:47.167+0000] {processor.py:156} INFO - Started process (PID=273) to work on /opt/airflow/dags/3_python_operator.py
[2026-09-21T02:06:47.169+0000] {processor.py:799} INFO - Processing file /opt/airflow/dags/3_python_operator.py for tasks to queue
[2026-09-21T02:06:47.170+0000] {logging_mixin.py:149} INFO - [2026-09-21T02:06:47.170+0000] {dagbag.py:541} INFO - Filling up the DagBag from /opt/airflow/dags/3_python_operator.py
[2026-09-21T02:06:47.176+0000] {processor.py:809} INFO - DAG(s) dict_keys(['3-pythonoperator']) retrieved from /opt/airflow/dags/3_python_operator.py
[2026-09-21T02:06:47.259+0000] {logging_mixin.py:149} INFO - [2026-09-21T02:06:47.259+0000] {dag.py:2726} INFO - Sync 1 DAGs
[2026-09-21T02:06:47.302+0000] {logging_mixin.py:149} INFO - [2026-09-21T02:06:47.302+0000] {dag.py:3490} INFO - Setting next_dagrun for 3-pythonoperator to None, run_after=None
[2026-09-21T02:06:47.344+0000] {processor.py:178} INFO - Processing /opt/airflow/dags/3_python_operator.py took 0.186 seconds
[2026-09-21T02:07:17.573+0000] {processor.py:156} INFO - Started process (PID=284) to work on /opt/airflow/dags/3_python_operator.py
[2026-09-21T02:07:17.578+0000] {processor.py:799} INFO - Processing file /opt/airflow/dags/3_python_operator.py for tasks to queue
[2026-09-21T02:07:17.585+0000] {logging_mixin.py:149} INFO - [2026-09-21T02:07:17.585+0000] {dagbag.py:541} INFO - Filling up the DagBag from /opt/airflow/dags/3_python_operator.py
[2026-09-21T02:07:17.598+0000] {processor.py:809} INFO - DAG(s) dict_keys(['3-pythonoperator']) retrieved from /opt/airflow/dags/3_python_operator.py
[2026-09-21T02:07:17.669+0000] {logging_mixin.py:149} INFO - [2026-09-21T02:07:17.668+0000] {dag.py:2726} INFO - Sync 1 DAGs
[2026-09-21T02:07:17.718+0000] {logging_mixin.py:149} INFO - [2026-09-21T02:07:17.717+0000] {dag.py:3490} INFO - Setting next_dagrun for 3-pythonoperator to None, run_after=None
[2026-09-21T02:07:17.767+0000] {processor.py:178} INFO - Processing /opt/airflow/dags/3_python_operator.py took 0.201 seconds
[2026-09-21T02:07:47.625+0000] {processor.py:156} INFO - Started process (PID=297) to work on /opt/airflow/dags/3_python_operator.py
[2026-09-21T02:07:47.627+0000] {processor.py:799} INFO - Processing file /opt/airflow/dags/3_python_operator.py for tasks to queue
[2026-09-21T02:07:47.628+0000] {logging_mixin.py:149} INFO - [2026-09-21T02:07:47.628+0000] {dagbag.py:541} INFO - Filling up the DagBag from /opt/airflow/dags/3_python_operator.py
[2026-09-21T02:07:47.638+0000] {processor.py:809} INFO - DAG(s) dict_keys(['3-pythonoperator']) retrieved from /opt/airflow/dags/3_python_operator.py
[2026-09-21T02:07:47.762+0000] {logging_mixin.py:149} INFO - [2026-09-21T02:07:47.762+0000] {dag.py:2726} INFO - Sync 1 DAGs
[2026-09-21T02:07:47.862+0000] {logging_mixin.py:149} INFO - [2026-09-21T02:07:47.862+0000] {dag.py:3490} INFO - Setting next_dagrun for 3-pythonoperator to None, run_after=None
[2026-09-21T02:07:47.913+0000] {processor.py:178} INFO - Processing /opt/airflow/dags/3_python_operator.py took 0.301 seconds
[2026-09-21T02:08:18.401+0000] {processor.py:156} INFO - Started process (PID=308) to work on /opt/airflow/dags/3_python_operator.py
[2026-09-21T02:08:18.414+0000] {processor.py:799} INFO - Processing file /opt/airflow/dags/3_python_operator.py for tasks to queue
[2026-09-21T02:08:18.415+0000] {logging_mixin.py:149} INFO - [2026-09-21T02:08:18.415+0000] {dagbag.py:541} INFO - Filling up the DagBag from /opt/airflow/dags/3_python_operator.py
[2026-09-21T02:08:18.425+0000] {processor.py:809} INFO - DAG(s) dict_keys(['3-pythonoperator']) retrieved from /opt/airflow/dags/3_python_operator.py
[2026-09-21T02:08:18.530+0000] {logging_mixin.py:149} INFO - [2026-09-21T02:08:18.528+0000] {dag.py:2726} INFO - Sync 1 DAGs
[2026-09-21T02:08:18.606+0000] {logging_mixin.py:149} INFO - [2026-09-21T02:08:18.605+0000] {dag.py:3490} INFO - Setting next_dagrun for 3-pythonoperator to None, run_after=None
[2026-09-21T02:08:18.646+0000] {processor.py:178} INFO - Processing /opt/airflow/dags/3_python_operator.py took 0.264 seconds
[2026-09-21T02:08:48.820+0000] {processor.py:156} INFO - Started process (PID=319) to work on /opt/airflow/dags/3_python_operator.py
[2026-09-21T02:08:48.824+0000] {processor.py:799} INFO - Processing file /opt/airflow/dags/3_python_operator.py for tasks to queue
[2026-09-21T02:08:48.825+0000] {logging_mixin.py:149} INFO - [2026-09-21T02:08:48.825+0000] {dagbag.py:541} INFO - Filling up the DagBag from /opt/airflow/dags/3_python_operator.py
[2026-09-21T02:08:48.841+0000] {processor.py:809} INFO - DAG(s) dict_keys(['3-pythonoperator']) retrieved from /opt/airflow/dags/3_python_operator.py
[2026-09-21T02:08:48.938+0000] {logging_mixin.py:149} INFO - [2026-09-21T02:08:48.937+0000] {dag.py:2726} INFO - Sync 1 DAGs
[2026-09-21T02:08:48.981+0000] {logging_mixin.py:149} INFO - [2026-09-21T02:08:48.980+0000] {dag.py:3490} INFO - Setting next_dagrun for 3-pythonoperator to None, run_after=None
[2026-09-21T02:08:49.026+0000] {processor.py:178} INFO - Processing /opt/airflow/dags/3_python_operator.py took 0.214 seconds
[2026-09-21T02:09:19.331+0000] {processor.py:156} INFO - Started process (PID=330) to work on /opt/airflow/dags/3_python_operator.py
[2026-09-21T02:09:19.354+0000] {processor.py:799} INFO - Processing file /opt/airflow/dags/3_python_operator.py for tasks to queue
[2026-09-21T02:09:19.355+0000] {logging_mixin.py:149} INFO - [2026-09-21T02:09:19.355+0000] {dagbag.py:541} INFO - Filling up the DagBag from /opt/airflow/dags/3_python_operator.py
[2026-09-21T02:09:19.364+0000] {processor.py:809} INFO - DAG(s) dict_keys(['3-pythonoperator']) retrieved from /opt/airflow/dags/3_python_operator.py
[2026-09-21T02:09:19.466+0000] {logging_mixin.py:149} INFO - [2026-09-21T02:09:19.465+0000] {dag.py:2726} INFO - Sync 1 DAGs
[2026-09-21T02:09:19.530+0000] {logging_mixin.py:149} INFO - [2026-09-21T02:09:19.530+0000] {dag.py:3490} INFO - Setting next_dagrun for 3-pythonoperator to None, run_after=None
[2026-09-21T02:09:19.583+0000] {processor.py:178} INFO - Processing /opt/airflow/dags/3_python_operator.py took 0.265 seconds
[2026-09-21T02:09:49.723+0000] {processor.py:156} INFO - Started process (PID=341) to work on /opt/airflow/dags/3_python_operator.py
[2026-09-21T02:09:49.725+0000] {processor.py:799} INFO - Processing file /opt/airflow/dags/3_python_operator.py for tasks to queue
[2026-09-21T02:09:49.729+0000] {logging_mixin.py:149} INFO - [2026-09-21T02:09:49.728+0000] {dagbag.py:541} INFO - Filling up the DagBag from /opt/airflow/dags/3_python_operator.py
[2026-09-21T02:09:49.735+0000] {processor.py:809} INFO - DAG(s) dict_keys(['3-pythonoperator']) retrieved from /opt/airflow/dags/3_python_operator.py
[2026-09-21T02:09:49.801+0000] {logging_mixin.py:149} INFO - [2026-09-21T02:09:49.800+0000] {dag.py:2726} INFO - Sync 1 DAGs
[2026-09-21T02:09:49.852+0000] {logging_mixin.py:149} INFO - [2026-09-21T02:09:49.852+0000] {dag.py:3490} INFO - Setting next_dagrun for 3-pythonoperator to None, run_after=None
[2026-09-21T02:09:49.892+0000] {processor.py:178} INFO - Processing /opt/airflow/dags/3_python_operator.py took 0.180 seconds
[2026-09-21T02:10:19.991+0000] {processor.py:156} INFO - Started process (PID=352) to work on /opt/airflow/dags/3_python_operator.py
[2026-09-21T02:10:19.997+0000] {processor.py:799} INFO - Processing file /opt/airflow/dags/3_python_operator.py for tasks to queue
[2026-09-21T02:10:19.998+0000] {logging_mixin.py:149} INFO - [2026-09-21T02:10:19.998+0000] {dagbag.py:541} INFO - Filling up the DagBag from /opt/airflow/dags/3_python_operator.py
[2026-09-21T02:10:20.006+0000] {processor.py:809} INFO - DAG(s) dict_keys(['3-pythonoperator']) retrieved from /opt/airflow/dags/3_python_operator.py
[2026-09-21T02:10:20.115+0000] {logging_mixin.py:149} INFO - [2026-09-21T02:10:20.115+0000] {dag.py:2726} INFO - Sync 1 DAGs
[2026-09-21T02:10:20.152+0000] {logging_mixin.py:149} INFO - [2026-09-21T02:10:20.152+0000] {dag.py:3490} INFO - Setting next_dagrun for 3-pythonoperator to None, run_after=None
[2026-09-21T02:10:20.178+0000] {processor.py:178} INFO - Processing /opt/airflow/dags/3_python_operator.py took 0.195 seconds
[2026-09-21T02:10:50.469+0000] {processor.py:156} INFO - Started process (PID=363) to work on /opt/airflow/dags/3_python_operator.py
[2026-09-21T02:10:50.471+0000] {processor.py:799} INFO - Processing file /opt/airflow/dags/3_python_operator.py for tasks to queue
[2026-09-21T02:10:50.472+0000] {logging_mixin.py:149} INFO - [2026-09-21T02:10:50.472+0000] {dagbag.py:541} INFO - Filling up the DagBag from /opt/airflow/dags/3_python_operator.py
[2026-09-21T02:10:50.480+0000] {processor.py:809} INFO - DAG(s) dict_keys(['3-pythonoperator']) retrieved from /opt/airflow/dags/3_python_operator.py
[2026-09-21T02:10:50.580+0000] {logging_mixin.py:149} INFO - [2026-09-21T02:10:50.580+0000] {dag.py:2726} INFO - Sync 1 DAGs
[2026-09-21T02:10:50.620+0000] {logging_mixin.py:149} INFO - [2026-09-21T02:10:50.620+0000] {dag.py:3490} INFO - Setting next_dagrun for 3-pythonoperator to None, run_after=None
[2026-09-21T02:10:50.679+0000] {processor.py:178} INFO - Processing /opt/airflow/dags/3_python_operator.py took 0.227 seconds
[2026-09-21T02:11:20.948+0000] {processor.py:156} INFO - Started process (PID=374) to work on /opt/airflow/dags/3_python_operator.py
[2026-09-21T02:11:20.951+0000] {processor.py:799} INFO - Processing file /opt/airflow/dags/3_python_operator.py for tasks to queue
[2026-09-21T02:11:20.952+0000] {logging_mixin.py:149} INFO - [2026-09-21T02:11:20.952+0000] {dagbag.py:541} INFO - Filling up the DagBag from /opt/airflow/dags/3_python_operator.py
[2026-09-21T02:11:20.961+0000] {processor.py:809} INFO - DAG(s) dict_keys(['3-pythonoperator']) retrieved from /opt/airflow/dags/3_python_operator.py
[2026-09-21T02:11:21.035+0000] {logging_mixin.py:149} INFO - [2026-09-21T02:11:21.035+0000] {dag.py:2726} INFO - Sync 1 DAGs
[2026-09-21T02:11:21.084+0000] {logging_mixin.py:149} INFO - [2026-09-21T02:11:21.083+0000] {dag.py:3490} INFO - Setting next_dagrun for 3-pythonoperator to None, run_after=None
[2026-09-21T02:11:21.117+0000] {processor.py:178} INFO - Processing /opt/airflow/dags/3_python_operator.py took 0.184 seconds
[2026-09-21T02:11:51.210+0000] {processor.py:156} INFO - Started process (PID=384) to work on /opt/airflow/dags/3_python_operator.py
[2026-09-21T02:11:51.214+0000] {processor.py:799} INFO - Processing file /opt/airflow/dags/3_python_operator.py for tasks to queue
[2026-09-21T02:11:51.216+0000] {logging_mixin.py:149} INFO - [2026-09-21T02:11:51.215+0000] {dagbag.py:541} INFO - Filling up the DagBag from /opt/airflow/dags/3_python_operator.py
[2026-09-21T02:11:51.225+0000] {processor.py:809} INFO - DAG(s) dict_keys(['3-pythonoperator']) retrieved from /opt/airflow/dags/3_python_operator.py
[2026-09-21T02:11:51.292+0000] {logging_mixin.py:149} INFO - [2026-09-21T02:11:51.291+0000] {dag.py:2726} INFO - Sync 1 DAGs
[2026-09-21T02:11:51.333+0000] {logging_mixin.py:149} INFO - [2026-09-21T02:11:51.333+0000] {dag.py:3490} INFO - Setting next_dagrun for 3-pythonoperator to None, run_after=None
[2026-09-21T02:11:51.375+0000] {processor.py:178} INFO - Processing /opt/airflow/dags/3_python_operator.py took 0.172 seconds
[2026-09-21T02:12:21.665+0000] {processor.py:156} INFO - Started process (PID=395) to work on /opt/airflow/dags/3_python_operator.py
[2026-09-21T02:12:21.669+0000] {processor.py:799} INFO - Processing file /opt/airflow/dags/3_python_operator.py for tasks to queue
[2026-09-21T02:12:21.672+0000] {logging_mixin.py:149} INFO - [2026-09-21T02:12:21.671+0000] {dagbag.py:541} INFO - Filling up the DagBag from /opt/airflow/dags/3_python_operator.py
[2026-09-21T02:12:21.680+0000] {processor.py:809} INFO - DAG(s) dict_keys(['3-pythonoperator']) retrieved from /opt/airflow/dags/3_python_operator.py
[2026-09-21T02:12:21.744+0000] {logging_mixin.py:149} INFO - [2026-09-21T02:12:21.743+0000] {dag.py:2726} INFO - Sync 1 DAGs
[2026-09-21T02:12:21.788+0000] {logging_mixin.py:149} INFO - [2026-09-21T02:12:21.788+0000] {dag.py:3490} INFO - Setting next_dagrun for 3-pythonoperator to None, run_after=None
[2026-09-21T02:12:21.839+0000] {processor.py:178} INFO - Processing /opt/airflow/dags/3_python_operator.py took 0.184 seconds
[2026-09-21T02:12:51.900+0000] {processor.py:156} INFO - Started process (PID=406) to work on /opt/airflow/dags/3_python_operator.py
[2026-09-21T02:12:51.901+0000] {processor.py:799} INFO - Processing file /opt/airflow/dags/3_python_operator.py for tasks to queue
[2026-09-21T02:12:51.902+0000] {logging_mixin.py:149} INFO - [2026-09-21T02:12:51.902+0000] {dagbag.py:541} INFO - Filling up the DagBag from /opt/airflow/dags/3_python_operator.py
[2026-09-21T02:12:51.907+0000] {processor.py:809} INFO - DAG(s) dict_keys(['3-pythonoperator']) retrieved from /opt/airflow/dags/3_python_operator.py
[2026-09-21T02:12:51.949+0000] {logging_mixin.py:149} INFO - [2026-09-21T02:12:51.949+0000] {dag.py:2726} INFO - Sync 1 DAGs
[2026-09-21T02:12:51.986+0000] {logging_mixin.py:149} INFO - [2026-09-21T02:12:51.986+0000] {dag.py:3490} INFO - Setting next_dagrun for 3-pythonoperator to None, run_after=None
[2026-09-21T02:12:52.008+0000] {processor.py:178} INFO - Processing /opt/airflow/dags/3_python_operator.py took 0.112 seconds
[2026-09-21T02:13:22.372+0000] {processor.py:156} INFO - Started process (PID=417) to work on /opt/airflow/dags/3_python_operator.py
[2026-09-21T02:13:22.374+0000] {processor.py:799} INFO - Processing file /opt/airflow/dags/3_python_operator.py for tasks to queue
[2026-09-21T02:13:22.381+0000] {logging_mixin.py:149} INFO - [2026-09-21T02:13:22.381+0000] {dagbag.py:541} INFO - Filling up the DagBag from /opt/airflow/dags/3_python_operator.py
[2026-09-21T02:13:22.387+0000] {processor.py:809} INFO - DAG(s) dict_keys(['3-pythonoperator']) retrieved from /opt/airflow/dags/3_python_operator.py
[2026-09-21T02:13:22.457+0000] {logging_mixin.py:149} INFO - [2026-09-21T02:13:22.456+0000] {dag.py:2726} INFO - Sync 1 DAGs
[2026-09-21T02:13:22.517+0000] {logging_mixin.py:149} INFO - [2026-09-21T02:13:22.517+0000] {dag.py:3490} INFO - Setting next_dagrun for 3-pythonoperator to None, run_after=None
[2026-09-21T02:13:22.563+0000] {processor.py:178} INFO - Processing /opt/airflow/dags/3_python_operator.py took 0.199 seconds
[2026-09-21T02:13:53.375+0000] {processor.py:156} INFO - Started process (PID=429) to work on /opt/airflow/dags/3_python_operator.py
[2026-09-21T02:13:53.376+0000] {processor.py:799} INFO - Processing file /opt/airflow/dags/3_python_operator.py for tasks to queue
[2026-09-21T02:13:53.377+0000] {logging_mixin.py:149} INFO - [2026-09-21T02:13:53.377+0000] {dagbag.py:541} INFO - Filling up the DagBag from /opt/airflow/dags/3_python_operator.py
[2026-09-21T02:13:53.383+0000] {processor.py:809} INFO - DAG(s) dict_keys(['3-pythonoperator']) retrieved from /opt/airflow/dags/3_python_operator.py
[2026-09-21T02:13:53.435+0000] {logging_mixin.py:149} INFO - [2026-09-21T02:13:53.435+0000] {dag.py:2726} INFO - Sync 1 DAGs
[2026-09-21T02:13:53.468+0000] {logging_mixin.py:149} INFO - [2026-09-21T02:13:53.468+0000] {dag.py:3490} INFO - Setting next_dagrun for 3-pythonoperator to None, run_after=None
[2026-09-21T02:13:53.497+0000] {processor.py:178} INFO - Processing /opt/airflow/dags/3_python_operator.py took 0.127 seconds
[2026-09-21T02:14:24.167+0000] {processor.py:156} INFO - Started process (PID=440) to work on /opt/airflow/dags/3_python_operator.py
[2026-09-21T02:14:24.178+0000] {processor.py:799} INFO - Processing file /opt/airflow/dags/3_python_operator.py for tasks to queue
[2026-09-21T02:14:24.179+0000] {logging_mixin.py:149} INFO - [2026-09-21T02:14:24.179+0000] {dagbag.py:541} INFO - Filling up the DagBag from /opt/airflow/dags/3_python_operator.py
[2026-09-21T02:14:24.190+0000] {processor.py:809} INFO - DAG(s) dict_keys(['3-pythonoperator']) retrieved from /opt/airflow/dags/3_python_operator.py
[2026-09-21T02:14:24.262+0000] {logging_mixin.py:149} INFO - [2026-09-21T02:14:24.262+0000] {dag.py:2726} INFO - Sync 1 DAGs
[2026-09-21T02:14:24.307+0000] {logging_mixin.py:149} INFO - [2026-09-21T02:14:24.307+0000] {dag.py:3490} INFO - Setting next_dagrun for 3-pythonoperator to None, run_after=None
[2026-09-21T02:14:24.338+0000] {processor.py:178} INFO - Processing /opt/airflow/dags/3_python_operator.py took 0.178 seconds
[2026-09-21T02:14:54.542+0000] {processor.py:156} INFO - Started process (PID=451) to work on /opt/airflow/dags/3_python_operator.py
[2026-09-21T02:14:54.543+0000] {processor.py:799} INFO - Processing file /opt/airflow/dags/3_python_operator.py for tasks to queue
[2026-09-21T02:14:54.545+0000] {logging_mixin.py:149} INFO - [2026-09-21T02:14:54.544+0000] {dagbag.py:541} INFO - Filling up the DagBag from /opt/airflow/dags/3_python_operator.py
[2026-09-21T02:14:54.552+0000] {processor.py:809} INFO - DAG(s) dict_keys(['3-pythonoperator']) retrieved from /opt/airflow/dags/3_python_operator.py
[2026-09-21T02:14:54.620+0000] {logging_mixin.py:149} INFO - [2026-09-21T02:14:54.616+0000] {dag.py:2726} INFO - Sync 1 DAGs
[2026-09-21T02:14:54.663+0000] {logging_mixin.py:149} INFO - [2026-09-21T02:14:54.663+0000] {dag.py:3490} INFO - Setting next_dagrun for 3-pythonoperator to None, run_after=None
[2026-09-21T02:14:54.709+0000] {processor.py:178} INFO - Processing /opt/airflow/dags/3_python_operator.py took 0.180 seconds
[2026-09-21T02:15:24.886+0000] {processor.py:156} INFO - Started process (PID=462) to work on /opt/airflow/dags/3_python_operator.py
[2026-09-21T02:15:24.890+0000] {processor.py:799} INFO - Processing file /opt/airflow/dags/3_python_operator.py for tasks to queue
[2026-09-21T02:15:24.891+0000] {logging_mixin.py:149} INFO - [2026-09-21T02:15:24.891+0000] {dagbag.py:541} INFO - Filling up the DagBag from /opt/airflow/dags/3_python_operator.py
[2026-09-21T02:15:24.916+0000] {processor.py:809} INFO - DAG(s) dict_keys(['3-pythonoperator']) retrieved from /opt/airflow/dags/3_python_operator.py
[2026-09-21T02:15:24.988+0000] {logging_mixin.py:149} INFO - [2026-09-21T02:15:24.987+0000] {dag.py:2726} INFO - Sync 1 DAGs
[2026-09-21T02:15:25.032+0000] {logging_mixin.py:149} INFO - [2026-09-21T02:15:25.031+0000] {dag.py:3490} INFO - Setting next_dagrun for 3-pythonoperator to None, run_after=None
[2026-09-21T02:15:25.075+0000] {processor.py:178} INFO - Processing /opt/airflow/dags/3_python_operator.py took 0.204 seconds
[2026-09-21T02:15:55.334+0000] {processor.py:156} INFO - Started process (PID=473) to work on /opt/airflow/dags/3_python_operator.py
[2026-09-21T02:15:55.336+0000] {processor.py:799} INFO - Processing file /opt/airflow/dags/3_python_operator.py for tasks to queue
[2026-09-21T02:15:55.337+0000] {logging_mixin.py:149} INFO - [2026-09-21T02:15:55.337+0000] {dagbag.py:541} INFO - Filling up the DagBag from /opt/airflow/dags/3_python_operator.py
[2026-09-21T02:15:55.344+0000] {processor.py:809} INFO - DAG(s) dict_keys(['3-pythonoperator']) retrieved from /opt/airflow/dags/3_python_operator.py
[2026-09-21T02:15:55.414+0000] {logging_mixin.py:149} INFO - [2026-09-21T02:15:55.414+0000] {dag.py:2726} INFO - Sync 1 DAGs
[2026-09-21T02:15:55.455+0000] {logging_mixin.py:149} INFO - [2026-09-21T02:15:55.455+0000] {dag.py:3490} INFO - Setting next_dagrun for 3-pythonoperator to None, run_after=None
[2026-09-21T02:15:55.505+0000] {processor.py:178} INFO - Processing /opt/airflow/dags/3_python_operator.py took 0.180 seconds
[2026-09-21T02:16:25.661+0000] {processor.py:156} INFO - Started process (PID=484) to work on /opt/airflow/dags/3_python_operator.py
[2026-09-21T02:16:25.664+0000] {processor.py:799} INFO - Processing file /opt/airflow/dags/3_python_operator.py for tasks to queue
[2026-09-21T02:16:25.666+0000] {logging_mixin.py:149} INFO - [2026-09-21T02:16:25.666+0000] {dagbag.py:541} INFO - Filling up the DagBag from /opt/airflow/dags/3_python_operator.py
[2026-09-21T02:16:25.673+0000] {processor.py:809} INFO - DAG(s) dict_keys(['3-pythonoperator']) retrieved from /opt/airflow/dags/3_python_operator.py
[2026-09-21T02:16:25.729+0000] {logging_mixin.py:149} INFO - [2026-09-21T02:16:25.729+0000] {dag.py:2726} INFO - Sync 1 DAGs
[2026-09-21T02:16:25.771+0000] {logging_mixin.py:149} INFO - [2026-09-21T02:16:25.771+0000] {dag.py:3490} INFO - Setting next_dagrun for 3-pythonoperator to None, run_after=None
[2026-09-21T02:16:25.804+0000] {processor.py:178} INFO - Processing /opt/airflow/dags/3_python_operator.py took 0.151 seconds
[2026-09-21T02:16:55.980+0000] {processor.py:156} INFO - Started process (PID=495) to work on /opt/airflow/dags/3_python_operator.py
[2026-09-21T02:16:55.988+0000] {processor.py:799} INFO - Processing file /opt/airflow/dags/3_python_operator.py for tasks to queue
[2026-09-21T02:16:55.990+0000] {logging_mixin.py:149} INFO - [2026-09-21T02:16:55.989+0000] {dagbag.py:541} INFO - Filling up the DagBag from /opt/airflow/dags/3_python_operator.py
[2026-09-21T02:16:55.998+0000] {processor.py:809} INFO - DAG(s) dict_keys(['3-pythonoperator']) retrieved from /opt/airflow/dags/3_python_operator.py
[2026-09-21T02:16:56.068+0000] {logging_mixin.py:149} INFO - [2026-09-21T02:16:56.068+0000] {dag.py:2726} INFO - Sync 1 DAGs
[2026-09-21T02:16:56.108+0000] {logging_mixin.py:149} INFO - [2026-09-21T02:16:56.108+0000] {dag.py:3490} INFO - Setting next_dagrun for 3-pythonoperator to None, run_after=None
[2026-09-21T02:16:56.141+0000] {processor.py:178} INFO - Processing /opt/airflow/dags/3_python_operator.py took 0.172 seconds
[2026-09-21T02:17:26.819+0000] {processor.py:156} INFO - Started process (PID=509) to work on /opt/airflow/dags/3_python_operator.py
[2026-09-21T02:17:26.821+0000] {processor.py:799} INFO - Processing file /opt/airflow/dags/3_python_operator.py for tasks to queue
[2026-09-21T02:17:26.822+0000] {logging_mixin.py:149} INFO - [2026-09-21T02:17:26.822+0000] {dagbag.py:541} INFO - Filling up the DagBag from /opt/airflow/dags/3_python_operator.py
[2026-09-21T02:17:26.829+0000] {processor.py:809} INFO - DAG(s) dict_keys(['3-pythonoperator']) retrieved from /opt/airflow/dags/3_python_operator.py
[2026-09-21T02:17:26.910+0000] {logging_mixin.py:149} INFO - [2026-09-21T02:17:26.909+0000] {dag.py:2726} INFO - Sync 1 DAGs
[2026-09-21T02:17:26.950+0000] {logging_mixin.py:149} INFO - [2026-09-21T02:17:26.950+0000] {dag.py:3490} INFO - Setting next_dagrun for 3-pythonoperator to None, run_after=None
[2026-09-21T02:17:26.986+0000] {processor.py:178} INFO - Processing /opt/airflow/dags/3_python_operator.py took 0.173 seconds
[2026-09-21T02:17:57.920+0000] {processor.py:156} INFO - Started process (PID=522) to work on /opt/airflow/dags/3_python_operator.py
[2026-09-21T02:17:57.924+0000] {processor.py:799} INFO - Processing file /opt/airflow/dags/3_python_operator.py for tasks to queue
[2026-09-21T02:17:57.925+0000] {logging_mixin.py:149} INFO - [2026-09-21T02:17:57.925+0000] {dagbag.py:541} INFO - Filling up the DagBag from /opt/airflow/dags/3_python_operator.py
[2026-09-21T02:17:57.936+0000] {processor.py:809} INFO - DAG(s) dict_keys(['3-pythonoperator']) retrieved from /opt/airflow/dags/3_python_operator.py
[2026-09-21T02:17:58.006+0000] {logging_mixin.py:149} INFO - [2026-09-21T02:17:58.005+0000] {dag.py:2726} INFO - Sync 1 DAGs
[2026-09-21T02:17:58.057+0000] {logging_mixin.py:149} INFO - [2026-09-21T02:17:58.056+0000] {dag.py:3490} INFO - Setting next_dagrun for 3-pythonoperator to None, run_after=None
[2026-09-21T02:17:58.123+0000] {processor.py:178} INFO - Processing /opt/airflow/dags/3_python_operator.py took 0.209 seconds
[2026-09-21T02:18:28.541+0000] {processor.py:156} INFO - Started process (PID=533) to work on /opt/airflow/dags/3_python_operator.py
[2026-09-21T02:18:28.543+0000] {processor.py:799} INFO - Processing file /opt/airflow/dags/3_python_operator.py for tasks to queue
[2026-09-21T02:18:28.544+0000] {logging_mixin.py:149} INFO - [2026-09-21T02:18:28.543+0000] {dagbag.py:541} INFO - Filling up the DagBag from /opt/airflow/dags/3_python_operator.py
[2026-09-21T02:18:28.570+0000] {processor.py:809} INFO - DAG(s) dict_keys(['3-pythonoperator']) retrieved from /opt/airflow/dags/3_python_operator.py
[2026-09-21T02:18:28.698+0000] {logging_mixin.py:149} INFO - [2026-09-21T02:18:28.698+0000] {dag.py:2726} INFO - Sync 1 DAGs
[2026-09-21T02:18:28.799+0000] {logging_mixin.py:149} INFO - [2026-09-21T02:18:28.799+0000] {dag.py:3490} INFO - Setting next_dagrun for 3-pythonoperator to None, run_after=None
[2026-09-21T02:18:28.896+0000] {processor.py:178} INFO - Processing /opt/airflow/dags/3_python_operator.py took 0.382 seconds
[2026-09-21T02:18:59.164+0000] {processor.py:156} INFO - Started process (PID=544) to work on /opt/airflow/dags/3_python_operator.py
[2026-09-21T02:18:59.171+0000] {processor.py:799} INFO - Processing file /opt/airflow/dags/3_python_operator.py for tasks to queue
[2026-09-21T02:18:59.173+0000] {logging_mixin.py:149} INFO - [2026-09-21T02:18:59.173+0000] {dagbag.py:541} INFO - Filling up the DagBag from /opt/airflow/dags/3_python_operator.py
[2026-09-21T02:18:59.184+0000] {processor.py:809} INFO - DAG(s) dict_keys(['3-pythonoperator']) retrieved from /opt/airflow/dags/3_python_operator.py
[2026-09-21T02:18:59.296+0000] {logging_mixin.py:149} INFO - [2026-09-21T02:18:59.296+0000] {dag.py:2726} INFO - Sync 1 DAGs
[2026-09-21T02:18:59.364+0000] {logging_mixin.py:149} INFO - [2026-09-21T02:18:59.363+0000] {dag.py:3490} INFO - Setting next_dagrun for 3-pythonoperator to None, run_after=None
[2026-09-21T02:18:59.417+0000] {processor.py:178} INFO - Processing /opt/airflow/dags/3_python_operator.py took 0.268 seconds
[2026-09-21T02:19:30.047+0000] {processor.py:156} INFO - Started process (PID=555) to work on /opt/airflow/dags/3_python_operator.py
[2026-09-21T02:19:30.051+0000] {processor.py:799} INFO - Processing file /opt/airflow/dags/3_python_operator.py for tasks to queue
[2026-09-21T02:19:30.052+0000] {logging_mixin.py:149} INFO - [2026-09-21T02:19:30.052+0000] {dagbag.py:541} INFO - Filling up the DagBag from /opt/airflow/dags/3_python_operator.py
[2026-09-21T02:19:30.065+0000] {processor.py:809} INFO - DAG(s) dict_keys(['3-pythonoperator']) retrieved from /opt/airflow/dags/3_python_operator.py
[2026-09-21T02:19:30.152+0000] {logging_mixin.py:149} INFO - [2026-09-21T02:19:30.151+0000] {dag.py:2726} INFO - Sync 1 DAGs
[2026-09-21T02:19:30.215+0000] {logging_mixin.py:149} INFO - [2026-09-21T02:19:30.215+0000] {dag.py:3490} INFO - Setting next_dagrun for 3-pythonoperator to None, run_after=None
[2026-09-21T02:19:30.270+0000] {processor.py:178} INFO - Processing /opt/airflow/dags/3_python_operator.py took 0.236 seconds
[2026-09-21T02:20:00.656+0000] {processor.py:156} INFO - Started process (PID=566) to work on /opt/airflow/dags/3_python_operator.py
[2026-09-21T02:20:00.658+0000] {processor.py:799} INFO - Processing file /opt/airflow/dags/3_python_operator.py for tasks to queue
[2026-09-21T02:20:00.665+0000] {logging_mixin.py:149} INFO - [2026-09-21T02:20:00.665+0000] {dagbag.py:541} INFO - Filling up the DagBag from /opt/airflow/dags/3_python_operator.py
[2026-09-21T02:20:00.676+0000] {processor.py:809} INFO - DAG(s) dict_keys(['3-pythonoperator']) retrieved from /opt/airflow/dags/3_python_operator.py
[2026-09-21T02:20:00.757+0000] {logging_mixin.py:149} INFO - [2026-09-21T02:20:00.756+0000] {dag.py:2726} INFO - Sync 1 DAGs
[2026-09-21T02:20:00.810+0000] {logging_mixin.py:149} INFO - [2026-09-21T02:20:00.810+0000] {dag.py:3490} INFO - Setting next_dagrun for 3-pythonoperator to None, run_after=None
[2026-09-21T02:20:00.860+0000] {processor.py:178} INFO - Processing /opt/airflow/dags/3_python_operator.py took 0.210 seconds
[2026-09-21T02:20:31.787+0000] {processor.py:156} INFO - Started process (PID=579) to work on /opt/airflow/dags/3_python_operator.py
[2026-09-21T02:20:31.790+0000] {processor.py:799} INFO - Processing file /opt/airflow/dags/3_python_operator.py for tasks to queue
[2026-09-21T02:20:31.791+0000] {logging_mixin.py:149} INFO - [2026-09-21T02:20:31.790+0000] {dagbag.py:541} INFO - Filling up the DagBag from /opt/airflow/dags/3_python_operator.py
[2026-09-21T02:20:31.797+0000] {processor.py:809} INFO - DAG(s) dict_keys(['3-pythonoperator']) retrieved from /opt/airflow/dags/3_python_operator.py
[2026-09-21T02:20:31.854+0000] {logging_mixin.py:149} INFO - [2026-09-21T02:20:31.853+0000] {dag.py:2726} INFO - Sync 1 DAGs
[2026-09-21T02:20:31.892+0000] {logging_mixin.py:149} INFO - [2026-09-21T02:20:31.892+0000] {dag.py:3490} INFO - Setting next_dagrun for 3-pythonoperator to None, run_after=None
[2026-09-21T02:20:31.937+0000] {processor.py:178} INFO - Processing /opt/airflow/dags/3_python_operator.py took 0.156 seconds
[2026-09-21T02:21:02.253+0000] {processor.py:156} INFO - Started process (PID=592) to work on /opt/airflow/dags/3_python_operator.py
[2026-09-21T02:21:02.254+0000] {processor.py:799} INFO - Processing file /opt/airflow/dags/3_python_operator.py for tasks to queue
[2026-09-21T02:21:02.255+0000] {logging_mixin.py:149} INFO - [2026-09-21T02:21:02.255+0000] {dagbag.py:541} INFO - Filling up the DagBag from /opt/airflow/dags/3_python_operator.py
[2026-09-21T02:21:02.263+0000] {processor.py:809} INFO - DAG(s) dict_keys(['3-pythonoperator']) retrieved from /opt/airflow/dags/3_python_operator.py
[2026-09-21T02:21:02.346+0000] {logging_mixin.py:149} INFO - [2026-09-21T02:21:02.345+0000] {dag.py:2726} INFO - Sync 1 DAGs
[2026-09-21T02:21:02.435+0000] {logging_mixin.py:149} INFO - [2026-09-21T02:21:02.435+0000] {dag.py:3490} INFO - Setting next_dagrun for 3-pythonoperator to None, run_after=None
[2026-09-21T02:21:02.547+0000] {processor.py:178} INFO - Processing /opt/airflow/dags/3_python_operator.py took 0.300 seconds
[2026-09-21T02:21:32.786+0000] {processor.py:156} INFO - Started process (PID=603) to work on /opt/airflow/dags/3_python_operator.py
[2026-09-21T02:21:32.788+0000] {processor.py:799} INFO - Processing file /opt/airflow/dags/3_python_operator.py for tasks to queue
[2026-09-21T02:21:32.789+0000] {logging_mixin.py:149} INFO - [2026-09-21T02:21:32.789+0000] {dagbag.py:541} INFO - Filling up the DagBag from /opt/airflow/dags/3_python_operator.py
[2026-09-21T02:21:32.795+0000] {processor.py:809} INFO - DAG(s) dict_keys(['3-pythonoperator']) retrieved from /opt/airflow/dags/3_python_operator.py
[2026-09-21T02:21:32.891+0000] {logging_mixin.py:149} INFO - [2026-09-21T02:21:32.890+0000] {dag.py:2726} INFO - Sync 1 DAGs
[2026-09-21T02:21:32.959+0000] {logging_mixin.py:149} INFO - [2026-09-21T02:21:32.959+0000] {dag.py:3490} INFO - Setting next_dagrun for 3-pythonoperator to None, run_after=None
[2026-09-21T02:21:33.023+0000] {processor.py:178} INFO - Processing /opt/airflow/dags/3_python_operator.py took 0.244 seconds
[2026-09-21T02:22:03.287+0000] {processor.py:156} INFO - Started process (PID=614) to work on /opt/airflow/dags/3_python_operator.py
[2026-09-21T02:22:03.289+0000] {processor.py:799} INFO - Processing file /opt/airflow/dags/3_python_operator.py for tasks to queue
[2026-09-21T02:22:03.294+0000] {logging_mixin.py:149} INFO - [2026-09-21T02:22:03.294+0000] {dagbag.py:541} INFO - Filling up the DagBag from /opt/airflow/dags/3_python_operator.py
[2026-09-21T02:22:03.300+0000] {processor.py:809} INFO - DAG(s) dict_keys(['3-pythonoperator']) retrieved from /opt/airflow/dags/3_python_operator.py
[2026-09-21T02:22:03.371+0000] {logging_mixin.py:149} INFO - [2026-09-21T02:22:03.371+0000] {dag.py:2726} INFO - Sync 1 DAGs
[2026-09-21T02:22:03.435+0000] {logging_mixin.py:149} INFO - [2026-09-21T02:22:03.433+0000] {dag.py:3490} INFO - Setting next_dagrun for 3-pythonoperator to None, run_after=None
[2026-09-21T02:22:03.506+0000] {processor.py:178} INFO - Processing /opt/airflow/dags/3_python_operator.py took 0.238 seconds
[2026-09-21T02:22:33.693+0000] {processor.py:156} INFO - Started process (PID=625) to work on /opt/airflow/dags/3_python_operator.py
[2026-09-21T02:22:33.702+0000] {processor.py:799} INFO - Processing file /opt/airflow/dags/3_python_operator.py for tasks to queue
[2026-09-21T02:22:33.704+0000] {logging_mixin.py:149} INFO - [2026-09-21T02:22:33.704+0000] {dagbag.py:541} INFO - Filling up the DagBag from /opt/airflow/dags/3_python_operator.py
[2026-09-21T02:22:33.714+0000] {processor.py:809} INFO - DAG(s) dict_keys(['3-pythonoperator']) retrieved from /opt/airflow/dags/3_python_operator.py
[2026-09-21T02:22:33.801+0000] {logging_mixin.py:149} INFO - [2026-09-21T02:22:33.801+0000] {dag.py:2726} INFO - Sync 1 DAGs
[2026-09-21T02:22:33.853+0000] {logging_mixin.py:149} INFO - [2026-09-21T02:22:33.853+0000] {dag.py:3490} INFO - Setting next_dagrun for 3-pythonoperator to None, run_after=None
[2026-09-21T02:22:33.884+0000] {processor.py:178} INFO - Processing /opt/airflow/dags/3_python_operator.py took 0.205 seconds
[2026-09-21T02:23:04.165+0000] {processor.py:156} INFO - Started process (PID=636) to work on /opt/airflow/dags/3_python_operator.py
[2026-09-21T02:23:04.169+0000] {processor.py:799} INFO - Processing file /opt/airflow/dags/3_python_operator.py for tasks to queue
[2026-09-21T02:23:04.175+0000] {logging_mixin.py:149} INFO - [2026-09-21T02:23:04.174+0000] {dagbag.py:541} INFO - Filling up the DagBag from /opt/airflow/dags/3_python_operator.py
[2026-09-21T02:23:04.185+0000] {processor.py:809} INFO - DAG(s) dict_keys(['3-pythonoperator']) retrieved from /opt/airflow/dags/3_python_operator.py
[2026-09-21T02:23:04.250+0000] {logging_mixin.py:149} INFO - [2026-09-21T02:23:04.250+0000] {dag.py:2726} INFO - Sync 1 DAGs
[2026-09-21T02:23:04.289+0000] {logging_mixin.py:149} INFO - [2026-09-21T02:23:04.288+0000] {dag.py:3490} INFO - Setting next_dagrun for 3-pythonoperator to None, run_after=None
[2026-09-21T02:23:04.327+0000] {processor.py:178} INFO - Processing /opt/airflow/dags/3_python_operator.py took 0.173 seconds
[2026-09-21T02:23:34.525+0000] {processor.py:156} INFO - Started process (PID=647) to work on /opt/airflow/dags/3_python_operator.py
[2026-09-21T02:23:34.534+0000] {processor.py:799} INFO - Processing file /opt/airflow/dags/3_python_operator.py for tasks to queue
[2026-09-21T02:23:34.537+0000] {logging_mixin.py:149} INFO - [2026-09-21T02:23:34.535+0000] {dagbag.py:541} INFO - Filling up the DagBag from /opt/airflow/dags/3_python_operator.py
[2026-09-21T02:23:34.554+0000] {processor.py:809} INFO - DAG(s) dict_keys(['3-pythonoperator']) retrieved from /opt/airflow/dags/3_python_operator.py
[2026-09-21T02:23:34.618+0000] {logging_mixin.py:149} INFO - [2026-09-21T02:23:34.618+0000] {dag.py:2726} INFO - Sync 1 DAGs
[2026-09-21T02:23:34.658+0000] {logging_mixin.py:149} INFO - [2026-09-21T02:23:34.658+0000] {dag.py:3490} INFO - Setting next_dagrun for 3-pythonoperator to None, run_after=None
[2026-09-21T02:23:34.708+0000] {processor.py:178} INFO - Processing /opt/airflow/dags/3_python_operator.py took 0.193 seconds
[2026-09-21T02:24:04.869+0000] {processor.py:156} INFO - Started process (PID=658) to work on /opt/airflow/dags/3_python_operator.py
[2026-09-21T02:24:04.879+0000] {processor.py:799} INFO - Processing file /opt/airflow/dags/3_python_operator.py for tasks to queue
[2026-09-21T02:24:04.880+0000] {logging_mixin.py:149} INFO - [2026-09-21T02:24:04.880+0000] {dagbag.py:541} INFO - Filling up the DagBag from /opt/airflow/dags/3_python_operator.py
[2026-09-21T02:24:04.887+0000] {processor.py:809} INFO - DAG(s) dict_keys(['3-pythonoperator']) retrieved from /opt/airflow/dags/3_python_operator.py
[2026-09-21T02:24:04.941+0000] {logging_mixin.py:149} INFO - [2026-09-21T02:24:04.940+0000] {dag.py:2726} INFO - Sync 1 DAGs
[2026-09-21T02:24:04.982+0000] {logging_mixin.py:149} INFO - [2026-09-21T02:24:04.981+0000] {dag.py:3490} INFO - Setting next_dagrun for 3-pythonoperator to None, run_after=None
[2026-09-21T02:24:05.009+0000] {processor.py:178} INFO - Processing /opt/airflow/dags/3_python_operator.py took 0.152 seconds
[2026-09-21T02:24:35.276+0000] {processor.py:156} INFO - Started process (PID=669) to work on /opt/airflow/dags/3_python_operator.py
[2026-09-21T02:24:35.279+0000] {processor.py:799} INFO - Processing file /opt/airflow/dags/3_python_operator.py for tasks to queue
[2026-09-21T02:24:35.280+0000] {logging_mixin.py:149} INFO - [2026-09-21T02:24:35.280+0000] {dagbag.py:541} INFO - Filling up the DagBag from /opt/airflow/dags/3_python_operator.py
[2026-09-21T02:24:35.288+0000] {processor.py:809} INFO - DAG(s) dict_keys(['3-pythonoperator']) retrieved from /opt/airflow/dags/3_python_operator.py
[2026-09-21T02:24:35.367+0000] {logging_mixin.py:149} INFO - [2026-09-21T02:24:35.367+0000] {dag.py:2726} INFO - Sync 1 DAGs
[2026-09-21T02:24:35.406+0000] {logging_mixin.py:149} INFO - [2026-09-21T02:24:35.406+0000] {dag.py:3490} INFO - Setting next_dagrun for 3-pythonoperator to None, run_after=None
[2026-09-21T02:24:35.461+0000] {processor.py:178} INFO - Processing /opt/airflow/dags/3_python_operator.py took 0.192 seconds
[2026-09-21T02:25:05.585+0000] {processor.py:156} INFO - Started process (PID=680) to work on /opt/airflow/dags/3_python_operator.py
[2026-09-21T02:25:05.588+0000] {processor.py:799} INFO - Processing file /opt/airflow/dags/3_python_operator.py for tasks to queue
[2026-09-21T02:25:05.589+0000] {logging_mixin.py:149} INFO - [2026-09-21T02:25:05.589+0000] {dagbag.py:541} INFO - Filling up the DagBag from /opt/airflow/dags/3_python_operator.py
[2026-09-21T02:25:05.595+0000] {processor.py:809} INFO - DAG(s) dict_keys(['3-pythonoperator']) retrieved from /opt/airflow/dags/3_python_operator.py
[2026-09-21T02:25:05.668+0000] {logging_mixin.py:149} INFO - [2026-09-21T02:25:05.667+0000] {dag.py:2726} INFO - Sync 1 DAGs
[2026-09-21T02:25:05.723+0000] {logging_mixin.py:149} INFO - [2026-09-21T02:25:05.722+0000] {dag.py:3490} INFO - Setting next_dagrun for 3-pythonoperator to None, run_after=None
[2026-09-21T02:25:05.772+0000] {processor.py:178} INFO - Processing /opt/airflow/dags/3_python_operator.py took 0.197 seconds
[2026-09-21T02:25:35.853+0000] {processor.py:156} INFO - Started process (PID=691) to work on /opt/airflow/dags/3_python_operator.py
[2026-09-21T02:25:35.858+0000] {processor.py:799} INFO - Processing file /opt/airflow/dags/3_python_operator.py for tasks to queue
[2026-09-21T02:25:35.862+0000] {logging_mixin.py:149} INFO - [2026-09-21T02:25:35.862+0000] {dagbag.py:541} INFO - Filling up the DagBag from /opt/airflow/dags/3_python_operator.py
[2026-09-21T02:25:35.884+0000] {processor.py:809} INFO - DAG(s) dict_keys(['3-pythonoperator']) retrieved from /opt/airflow/dags/3_python_operator.py
[2026-09-21T02:25:35.977+0000] {logging_mixin.py:149} INFO - [2026-09-21T02:25:35.976+0000] {dag.py:2726} INFO - Sync 1 DAGs
[2026-09-21T02:25:36.013+0000] {logging_mixin.py:149} INFO - [2026-09-21T02:25:36.012+0000] {dag.py:3490} INFO - Setting next_dagrun for 3-pythonoperator to None, run_after=None
[2026-09-21T02:25:36.044+0000] {processor.py:178} INFO - Processing /opt/airflow/dags/3_python_operator.py took 0.209 seconds
[2026-09-21T02:26:06.294+0000] {processor.py:156} INFO - Started process (PID=702) to work on /opt/airflow/dags/3_python_operator.py
[2026-09-21T02:26:06.296+0000] {processor.py:799} INFO - Processing file /opt/airflow/dags/3_python_operator.py for tasks to queue
[2026-09-21T02:26:06.298+0000] {logging_mixin.py:149} INFO - [2026-09-21T02:26:06.298+0000] {dagbag.py:541} INFO - Filling up the DagBag from /opt/airflow/dags/3_python_operator.py
[2026-09-21T02:26:06.306+0000] {processor.py:809} INFO - DAG(s) dict_keys(['3-pythonoperator']) retrieved from /opt/airflow/dags/3_python_operator.py
[2026-09-21T02:26:06.363+0000] {logging_mixin.py:149} INFO - [2026-09-21T02:26:06.363+0000] {dag.py:2726} INFO - Sync 1 DAGs
[2026-09-21T02:26:06.401+0000] {logging_mixin.py:149} INFO - [2026-09-21T02:26:06.401+0000] {dag.py:3490} INFO - Setting next_dagrun for 3-pythonoperator to None, run_after=None
[2026-09-21T02:26:06.438+0000] {processor.py:178} INFO - Processing /opt/airflow/dags/3_python_operator.py took 0.155 seconds
[2026-09-21T02:26:36.727+0000] {processor.py:156} INFO - Started process (PID=713) to work on /opt/airflow/dags/3_python_operator.py
[2026-09-21T02:26:36.729+0000] {processor.py:799} INFO - Processing file /opt/airflow/dags/3_python_operator.py for tasks to queue
[2026-09-21T02:26:36.730+0000] {logging_mixin.py:149} INFO - [2026-09-21T02:26:36.730+0000] {dagbag.py:541} INFO - Filling up the DagBag from /opt/airflow/dags/3_python_operator.py
[2026-09-21T02:26:36.737+0000] {processor.py:809} INFO - DAG(s) dict_keys(['3-pythonoperator']) retrieved from /opt/airflow/dags/3_python_operator.py
[2026-09-21T02:26:36.812+0000] {logging_mixin.py:149} INFO - [2026-09-21T02:26:36.812+0000] {dag.py:2726} INFO - Sync 1 DAGs
[2026-09-21T02:26:36.867+0000] {logging_mixin.py:149} INFO - [2026-09-21T02:26:36.866+0000] {dag.py:3490} INFO - Setting next_dagrun for 3-pythonoperator to None, run_after=None
[2026-09-21T02:26:36.920+0000] {processor.py:178} INFO - Processing /opt/airflow/dags/3_python_operator.py took 0.199 seconds
[2026-09-21T02:27:07.097+0000] {processor.py:156} INFO - Started process (PID=724) to work on /opt/airflow/dags/3_python_operator.py
[2026-09-21T02:27:07.099+0000] {processor.py:799} INFO - Processing file /opt/airflow/dags/3_python_operator.py for tasks to queue
[2026-09-21T02:27:07.101+0000] {logging_mixin.py:149} INFO - [2026-09-21T02:27:07.101+0000] {dagbag.py:541} INFO - Filling up the DagBag from /opt/airflow/dags/3_python_operator.py
[2026-09-21T02:27:07.112+0000] {processor.py:809} INFO - DAG(s) dict_keys(['3-pythonoperator']) retrieved from /opt/airflow/dags/3_python_operator.py
[2026-09-21T02:27:07.184+0000] {logging_mixin.py:149} INFO - [2026-09-21T02:27:07.184+0000] {dag.py:2726} INFO - Sync 1 DAGs
[2026-09-21T02:27:07.222+0000] {logging_mixin.py:149} INFO - [2026-09-21T02:27:07.221+0000] {dag.py:3490} INFO - Setting next_dagrun for 3-pythonoperator to None, run_after=None
[2026-09-21T02:27:07.253+0000] {processor.py:178} INFO - Processing /opt/airflow/dags/3_python_operator.py took 0.163 seconds
[2026-09-21T02:27:37.495+0000] {processor.py:156} INFO - Started process (PID=735) to work on /opt/airflow/dags/3_python_operator.py
[2026-09-21T02:27:37.498+0000] {processor.py:799} INFO - Processing file /opt/airflow/dags/3_python_operator.py for tasks to queue
[2026-09-21T02:27:37.500+0000] {logging_mixin.py:149} INFO - [2026-09-21T02:27:37.499+0000] {dagbag.py:541} INFO - Filling up the DagBag from /opt/airflow/dags/3_python_operator.py
[2026-09-21T02:27:37.507+0000] {processor.py:809} INFO - DAG(s) dict_keys(['3-pythonoperator']) retrieved from /opt/airflow/dags/3_python_operator.py
[2026-09-21T02:27:37.577+0000] {logging_mixin.py:149} INFO - [2026-09-21T02:27:37.575+0000] {dag.py:2726} INFO - Sync 1 DAGs
[2026-09-21T02:27:37.641+0000] {logging_mixin.py:149} INFO - [2026-09-21T02:27:37.640+0000] {dag.py:3490} INFO - Setting next_dagrun for 3-pythonoperator to None, run_after=None
[2026-09-21T02:27:37.736+0000] {processor.py:178} INFO - Processing /opt/airflow/dags/3_python_operator.py took 0.249 seconds
[2026-09-21T02:28:07.946+0000] {processor.py:156} INFO - Started process (PID=746) to work on /opt/airflow/dags/3_python_operator.py
[2026-09-21T02:28:07.955+0000] {processor.py:799} INFO - Processing file /opt/airflow/dags/3_python_operator.py for tasks to queue
[2026-09-21T02:28:07.956+0000] {logging_mixin.py:149} INFO - [2026-09-21T02:28:07.956+0000] {dagbag.py:541} INFO - Filling up the DagBag from /opt/airflow/dags/3_python_operator.py
[2026-09-21T02:28:07.968+0000] {processor.py:809} INFO - DAG(s) dict_keys(['3-pythonoperator']) retrieved from /opt/airflow/dags/3_python_operator.py
[2026-09-21T02:28:08.026+0000] {logging_mixin.py:149} INFO - [2026-09-21T02:28:08.026+0000] {dag.py:2726} INFO - Sync 1 DAGs
[2026-09-21T02:28:08.061+0000] {logging_mixin.py:149} INFO - [2026-09-21T02:28:08.061+0000] {dag.py:3490} INFO - Setting next_dagrun for 3-pythonoperator to None, run_after=None
[2026-09-21T02:28:08.090+0000] {processor.py:178} INFO - Processing /opt/airflow/dags/3_python_operator.py took 0.151 seconds
[2026-09-21T02:28:38.297+0000] {processor.py:156} INFO - Started process (PID=757) to work on /opt/airflow/dags/3_python_operator.py
[2026-09-21T02:28:38.300+0000] {processor.py:799} INFO - Processing file /opt/airflow/dags/3_python_operator.py for tasks to queue
[2026-09-21T02:28:38.301+0000] {logging_mixin.py:149} INFO - [2026-09-21T02:28:38.301+0000] {dagbag.py:541} INFO - Filling up the DagBag from /opt/airflow/dags/3_python_operator.py
[2026-09-21T02:28:38.309+0000] {processor.py:809} INFO - DAG(s) dict_keys(['3-pythonoperator']) retrieved from /opt/airflow/dags/3_python_operator.py
[2026-09-21T02:28:38.397+0000] {logging_mixin.py:149} INFO - [2026-09-21T02:28:38.396+0000] {dag.py:2726} INFO - Sync 1 DAGs
[2026-09-21T02:28:38.457+0000] {logging_mixin.py:149} INFO - [2026-09-21T02:28:38.457+0000] {dag.py:3490} INFO - Setting next_dagrun for 3-pythonoperator to None, run_after=None
[2026-09-21T02:28:38.510+0000] {processor.py:178} INFO - Processing /opt/airflow/dags/3_python_operator.py took 0.221 seconds
[2026-09-21T02:29:08.821+0000] {processor.py:156} INFO - Started process (PID=768) to work on /opt/airflow/dags/3_python_operator.py
[2026-09-21T02:29:08.823+0000] {processor.py:799} INFO - Processing file /opt/airflow/dags/3_python_operator.py for tasks to queue
[2026-09-21T02:29:08.824+0000] {logging_mixin.py:149} INFO - [2026-09-21T02:29:08.824+0000] {dagbag.py:541} INFO - Filling up the DagBag from /opt/airflow/dags/3_python_operator.py
[2026-09-21T02:29:08.832+0000] {processor.py:809} INFO - DAG(s) dict_keys(['3-pythonoperator']) retrieved from /opt/airflow/dags/3_python_operator.py
[2026-09-21T02:29:08.890+0000] {logging_mixin.py:149} INFO - [2026-09-21T02:29:08.889+0000] {dag.py:2726} INFO - Sync 1 DAGs
[2026-09-21T02:29:08.928+0000] {logging_mixin.py:149} INFO - [2026-09-21T02:29:08.928+0000] {dag.py:3490} INFO - Setting next_dagrun for 3-pythonoperator to None, run_after=None
[2026-09-21T02:29:08.969+0000] {processor.py:178} INFO - Processing /opt/airflow/dags/3_python_operator.py took 0.154 seconds
[2026-09-21T02:29:39.308+0000] {processor.py:156} INFO - Started process (PID=779) to work on /opt/airflow/dags/3_python_operator.py
[2026-09-21T02:29:39.311+0000] {processor.py:799} INFO - Processing file /opt/airflow/dags/3_python_operator.py for tasks to queue
[2026-09-21T02:29:39.313+0000] {logging_mixin.py:149} INFO - [2026-09-21T02:29:39.312+0000] {dagbag.py:541} INFO - Filling up the DagBag from /opt/airflow/dags/3_python_operator.py
[2026-09-21T02:29:39.319+0000] {processor.py:809} INFO - DAG(s) dict_keys(['3-pythonoperator']) retrieved from /opt/airflow/dags/3_python_operator.py
[2026-09-21T02:29:39.377+0000] {logging_mixin.py:149} INFO - [2026-09-21T02:29:39.377+0000] {dag.py:2726} INFO - Sync 1 DAGs
[2026-09-21T02:29:39.420+0000] {logging_mixin.py:149} INFO - [2026-09-21T02:29:39.419+0000] {dag.py:3490} INFO - Setting next_dagrun for 3-pythonoperator to None, run_after=None
[2026-09-21T02:29:39.451+0000] {processor.py:178} INFO - Processing /opt/airflow/dags/3_python_operator.py took 0.151 seconds
[2026-09-21T02:30:09.743+0000] {processor.py:156} INFO - Started process (PID=790) to work on /opt/airflow/dags/3_python_operator.py
[2026-09-21T02:30:09.745+0000] {processor.py:799} INFO - Processing file /opt/airflow/dags/3_python_operator.py for tasks to queue
[2026-09-21T02:30:09.746+0000] {logging_mixin.py:149} INFO - [2026-09-21T02:30:09.746+0000] {dagbag.py:541} INFO - Filling up the DagBag from /opt/airflow/dags/3_python_operator.py
[2026-09-21T02:30:09.752+0000] {processor.py:809} INFO - DAG(s) dict_keys(['3-pythonoperator']) retrieved from /opt/airflow/dags/3_python_operator.py
[2026-09-21T02:30:09.826+0000] {logging_mixin.py:149} INFO - [2026-09-21T02:30:09.826+0000] {dag.py:2726} INFO - Sync 1 DAGs
[2026-09-21T02:30:09.864+0000] {logging_mixin.py:149} INFO - [2026-09-21T02:30:09.863+0000] {dag.py:3490} INFO - Setting next_dagrun for 3-pythonoperator to None, run_after=None
[2026-09-21T02:30:09.902+0000] {processor.py:178} INFO - Processing /opt/airflow/dags/3_python_operator.py took 0.165 seconds
[2026-09-21T02:30:40.066+0000] {processor.py:156} INFO - Started process (PID=801) to work on /opt/airflow/dags/3_python_operator.py
[2026-09-21T02:30:40.089+0000] {processor.py:799} INFO - Processing file /opt/airflow/dags/3_python_operator.py for tasks to queue
[2026-09-21T02:30:40.090+0000] {logging_mixin.py:149} INFO - [2026-09-21T02:30:40.090+0000] {dagbag.py:541} INFO - Filling up the DagBag from /opt/airflow/dags/3_python_operator.py
[2026-09-21T02:30:40.106+0000] {processor.py:809} INFO - DAG(s) dict_keys(['3-pythonoperator']) retrieved from /opt/airflow/dags/3_python_operator.py
[2026-09-21T02:30:40.180+0000] {logging_mixin.py:149} INFO - [2026-09-21T02:30:40.179+0000] {dag.py:2726} INFO - Sync 1 DAGs
[2026-09-21T02:30:40.235+0000] {logging_mixin.py:149} INFO - [2026-09-21T02:30:40.234+0000] {dag.py:3490} INFO - Setting next_dagrun for 3-pythonoperator to None, run_after=None
[2026-09-21T02:30:40.301+0000] {processor.py:178} INFO - Processing /opt/airflow/dags/3_python_operator.py took 0.251 seconds
[2026-09-21T02:31:10.600+0000] {processor.py:156} INFO - Started process (PID=812) to work on /opt/airflow/dags/3_python_operator.py
[2026-09-21T02:31:10.603+0000] {processor.py:799} INFO - Processing file /opt/airflow/dags/3_python_operator.py for tasks to queue
[2026-09-21T02:31:10.606+0000] {logging_mixin.py:149} INFO - [2026-09-21T02:31:10.605+0000] {dagbag.py:541} INFO - Filling up the DagBag from /opt/airflow/dags/3_python_operator.py
[2026-09-21T02:31:10.612+0000] {processor.py:809} INFO - DAG(s) dict_keys(['3-pythonoperator']) retrieved from /opt/airflow/dags/3_python_operator.py
[2026-09-21T02:31:10.668+0000] {logging_mixin.py:149} INFO - [2026-09-21T02:31:10.667+0000] {dag.py:2726} INFO - Sync 1 DAGs
[2026-09-21T02:31:10.709+0000] {logging_mixin.py:149} INFO - [2026-09-21T02:31:10.709+0000] {dag.py:3490} INFO - Setting next_dagrun for 3-pythonoperator to None, run_after=None
[2026-09-21T02:31:10.752+0000] {processor.py:178} INFO - Processing /opt/airflow/dags/3_python_operator.py took 0.163 seconds
[2026-09-21T02:31:40.991+0000] {processor.py:156} INFO - Started process (PID=823) to work on /opt/airflow/dags/3_python_operator.py
[2026-09-21T02:31:40.994+0000] {processor.py:799} INFO - Processing file /opt/airflow/dags/3_python_operator.py for tasks to queue
[2026-09-21T02:31:40.995+0000] {logging_mixin.py:149} INFO - [2026-09-21T02:31:40.994+0000] {dagbag.py:541} INFO - Filling up the DagBag from /opt/airflow/dags/3_python_operator.py
[2026-09-21T02:31:41.000+0000] {processor.py:809} INFO - DAG(s) dict_keys(['3-pythonoperator']) retrieved from /opt/airflow/dags/3_python_operator.py
[2026-09-21T02:31:41.071+0000] {logging_mixin.py:149} INFO - [2026-09-21T02:31:41.071+0000] {dag.py:2726} INFO - Sync 1 DAGs
[2026-09-21T02:31:41.109+0000] {logging_mixin.py:149} INFO - [2026-09-21T02:31:41.109+0000] {dag.py:3490} INFO - Setting next_dagrun for 3-pythonoperator to None, run_after=None
[2026-09-21T02:31:41.152+0000] {processor.py:178} INFO - Processing /opt/airflow/dags/3_python_operator.py took 0.165 seconds
[2026-09-21T02:32:11.374+0000] {processor.py:156} INFO - Started process (PID=834) to work on /opt/airflow/dags/3_python_operator.py
[2026-09-21T02:32:11.377+0000] {processor.py:799} INFO - Processing file /opt/airflow/dags/3_python_operator.py for tasks to queue
[2026-09-21T02:32:11.379+0000] {logging_mixin.py:149} INFO - [2026-09-21T02:32:11.378+0000] {dagbag.py:541} INFO - Filling up the DagBag from /opt/airflow/dags/3_python_operator.py
[2026-09-21T02:32:11.391+0000] {processor.py:809} INFO - DAG(s) dict_keys(['3-pythonoperator']) retrieved from /opt/airflow/dags/3_python_operator.py
[2026-09-21T02:32:11.455+0000] {logging_mixin.py:149} INFO - [2026-09-21T02:32:11.455+0000] {dag.py:2726} INFO - Sync 1 DAGs
[2026-09-21T02:32:11.485+0000] {logging_mixin.py:149} INFO - [2026-09-21T02:32:11.485+0000] {dag.py:3490} INFO - Setting next_dagrun for 3-pythonoperator to None, run_after=None
[2026-09-21T02:32:11.512+0000] {processor.py:178} INFO - Processing /opt/airflow/dags/3_python_operator.py took 0.151 seconds
[2026-09-21T02:32:41.609+0000] {processor.py:156} INFO - Started process (PID=845) to work on /opt/airflow/dags/3_python_operator.py
[2026-09-21T02:32:41.612+0000] {processor.py:799} INFO - Processing file /opt/airflow/dags/3_python_operator.py for tasks to queue
[2026-09-21T02:32:41.613+0000] {logging_mixin.py:149} INFO - [2026-09-21T02:32:41.612+0000] {dagbag.py:541} INFO - Filling up the DagBag from /opt/airflow/dags/3_python_operator.py
[2026-09-21T02:32:41.622+0000] {processor.py:809} INFO - DAG(s) dict_keys(['3-pythonoperator']) retrieved from /opt/airflow/dags/3_python_operator.py
[2026-09-21T02:32:41.693+0000] {logging_mixin.py:149} INFO - [2026-09-21T02:32:41.693+0000] {dag.py:2726} INFO - Sync 1 DAGs
[2026-09-21T02:32:41.730+0000] {logging_mixin.py:149} INFO - [2026-09-21T02:32:41.730+0000] {dag.py:3490} INFO - Setting next_dagrun for 3-pythonoperator to None, run_after=None
[2026-09-21T02:32:41.765+0000] {processor.py:178} INFO - Processing /opt/airflow/dags/3_python_operator.py took 0.164 seconds
[2026-09-21T02:33:12.666+0000] {processor.py:156} INFO - Started process (PID=856) to work on /opt/airflow/dags/3_python_operator.py
[2026-09-21T02:33:12.668+0000] {processor.py:799} INFO - Processing file /opt/airflow/dags/3_python_operator.py for tasks to queue
[2026-09-21T02:33:12.670+0000] {logging_mixin.py:149} INFO - [2026-09-21T02:33:12.669+0000] {dagbag.py:541} INFO - Filling up the DagBag from /opt/airflow/dags/3_python_operator.py
[2026-09-21T02:33:12.675+0000] {processor.py:809} INFO - DAG(s) dict_keys(['3-pythonoperator']) retrieved from /opt/airflow/dags/3_python_operator.py
[2026-09-21T02:33:12.785+0000] {logging_mixin.py:149} INFO - [2026-09-21T02:33:12.785+0000] {dag.py:2726} INFO - Sync 1 DAGs
[2026-09-21T02:33:12.848+0000] {logging_mixin.py:149} INFO - [2026-09-21T02:33:12.847+0000] {dag.py:3490} INFO - Setting next_dagrun for 3-pythonoperator to None, run_after=None
[2026-09-21T02:33:12.927+0000] {processor.py:178} INFO - Processing /opt/airflow/dags/3_python_operator.py took 0.267 seconds
[2026-09-21T02:33:43.874+0000] {processor.py:156} INFO - Started process (PID=867) to work on /opt/airflow/dags/3_python_operator.py
[2026-09-21T02:33:43.877+0000] {processor.py:799} INFO - Processing file /opt/airflow/dags/3_python_operator.py for tasks to queue
[2026-09-21T02:33:43.878+0000] {logging_mixin.py:149} INFO - [2026-09-21T02:33:43.878+0000] {dagbag.py:541} INFO - Filling up the DagBag from /opt/airflow/dags/3_python_operator.py
[2026-09-21T02:33:43.886+0000] {processor.py:809} INFO - DAG(s) dict_keys(['3-pythonoperator']) retrieved from /opt/airflow/dags/3_python_operator.py
[2026-09-21T02:33:43.925+0000] {logging_mixin.py:149} INFO - [2026-09-21T02:33:43.925+0000] {dag.py:2726} INFO - Sync 1 DAGs
[2026-09-21T02:33:43.956+0000] {logging_mixin.py:149} INFO - [2026-09-21T02:33:43.956+0000] {dag.py:3490} INFO - Setting next_dagrun for 3-pythonoperator to None, run_after=None
[2026-09-21T02:33:43.979+0000] {processor.py:178} INFO - Processing /opt/airflow/dags/3_python_operator.py took 0.114 seconds
[2026-09-21T02:34:15.444+0000] {processor.py:156} INFO - Started process (PID=878) to work on /opt/airflow/dags/3_python_operator.py
[2026-09-21T02:34:15.447+0000] {processor.py:799} INFO - Processing file /opt/airflow/dags/3_python_operator.py for tasks to queue
[2026-09-21T02:34:15.452+0000] {logging_mixin.py:149} INFO - [2026-09-21T02:34:15.451+0000] {dagbag.py:541} INFO - Filling up the DagBag from /opt/airflow/dags/3_python_operator.py
[2026-09-21T02:34:15.469+0000] {processor.py:809} INFO - DAG(s) dict_keys(['3-pythonoperator']) retrieved from /opt/airflow/dags/3_python_operator.py
[2026-09-21T02:34:15.619+0000] {logging_mixin.py:149} INFO - [2026-09-21T02:34:15.618+0000] {dag.py:2726} INFO - Sync 1 DAGs
[2026-09-21T02:34:15.716+0000] {logging_mixin.py:149} INFO - [2026-09-21T02:34:15.715+0000] {dag.py:3490} INFO - Setting next_dagrun for 3-pythonoperator to None, run_after=None
[2026-09-21T02:34:15.761+0000] {processor.py:178} INFO - Processing /opt/airflow/dags/3_python_operator.py took 0.337 seconds
[2026-09-21T02:34:46.650+0000] {processor.py:156} INFO - Started process (PID=889) to work on /opt/airflow/dags/3_python_operator.py
[2026-09-21T02:34:46.655+0000] {processor.py:799} INFO - Processing file /opt/airflow/dags/3_python_operator.py for tasks to queue
[2026-09-21T02:34:46.656+0000] {logging_mixin.py:149} INFO - [2026-09-21T02:34:46.656+0000] {dagbag.py:541} INFO - Filling up the DagBag from /opt/airflow/dags/3_python_operator.py
[2026-09-21T02:34:46.669+0000] {processor.py:809} INFO - DAG(s) dict_keys(['3-pythonoperator']) retrieved from /opt/airflow/dags/3_python_operator.py
[2026-09-21T02:34:46.775+0000] {logging_mixin.py:149} INFO - [2026-09-21T02:34:46.774+0000] {dag.py:2726} INFO - Sync 1 DAGs
[2026-09-21T02:34:46.853+0000] {logging_mixin.py:149} INFO - [2026-09-21T02:34:46.853+0000] {dag.py:3490} INFO - Setting next_dagrun for 3-pythonoperator to None, run_after=None
[2026-09-21T02:34:46.905+0000] {processor.py:178} INFO - Processing /opt/airflow/dags/3_python_operator.py took 0.269 seconds
[2026-09-21T02:35:17.622+0000] {processor.py:156} INFO - Started process (PID=900) to work on /opt/airflow/dags/3_python_operator.py
[2026-09-21T02:35:17.624+0000] {processor.py:799} INFO - Processing file /opt/airflow/dags/3_python_operator.py for tasks to queue
[2026-09-21T02:35:17.625+0000] {logging_mixin.py:149} INFO - [2026-09-21T02:35:17.625+0000] {dagbag.py:541} INFO - Filling up the DagBag from /opt/airflow/dags/3_python_operator.py
[2026-09-21T02:35:17.629+0000] {processor.py:809} INFO - DAG(s) dict_keys(['3-pythonoperator']) retrieved from /opt/airflow/dags/3_python_operator.py
[2026-09-21T02:35:17.702+0000] {logging_mixin.py:149} INFO - [2026-09-21T02:35:17.702+0000] {dag.py:2726} INFO - Sync 1 DAGs
[2026-09-21T02:35:17.736+0000] {logging_mixin.py:149} INFO - [2026-09-21T02:35:17.736+0000] {dag.py:3490} INFO - Setting next_dagrun for 3-pythonoperator to None, run_after=None
[2026-09-21T02:35:17.762+0000] {processor.py:178} INFO - Processing /opt/airflow/dags/3_python_operator.py took 0.145 seconds
[2026-09-21T02:35:44.223+0000] {processor.py:156} INFO - Started process (PID=913) to work on /opt/airflow/dags/3_python_operator.py
[2026-09-21T02:35:44.225+0000] {processor.py:799} INFO - Processing file /opt/airflow/dags/3_python_operator.py for tasks to queue
[2026-09-21T02:35:44.226+0000] {logging_mixin.py:149} INFO - [2026-09-21T02:35:44.226+0000] {dagbag.py:541} INFO - Filling up the DagBag from /opt/airflow/dags/3_python_operator.py
[2026-09-21T02:35:44.232+0000] {processor.py:809} INFO - DAG(s) dict_keys(['3-pythonoperator']) retrieved from /opt/airflow/dags/3_python_operator.py
[2026-09-21T02:35:44.313+0000] {logging_mixin.py:149} INFO - [2026-09-21T02:35:44.313+0000] {dag.py:2726} INFO - Sync 1 DAGs
[2026-09-21T02:35:44.380+0000] {logging_mixin.py:149} INFO - [2026-09-21T02:35:44.379+0000] {dag.py:3490} INFO - Setting next_dagrun for 3-pythonoperator to None, run_after=None
[2026-09-21T02:35:44.429+0000] {processor.py:178} INFO - Processing /opt/airflow/dags/3_python_operator.py took 0.211 seconds
[2026-09-21T02:36:14.482+0000] {processor.py:156} INFO - Started process (PID=924) to work on /opt/airflow/dags/3_python_operator.py
[2026-09-21T02:36:14.487+0000] {processor.py:799} INFO - Processing file /opt/airflow/dags/3_python_operator.py for tasks to queue
[2026-09-21T02:36:14.488+0000] {logging_mixin.py:149} INFO - [2026-09-21T02:36:14.488+0000] {dagbag.py:541} INFO - Filling up the DagBag from /opt/airflow/dags/3_python_operator.py
[2026-09-21T02:36:14.498+0000] {processor.py:809} INFO - DAG(s) dict_keys(['3-pythonoperator']) retrieved from /opt/airflow/dags/3_python_operator.py
[2026-09-21T02:36:14.575+0000] {logging_mixin.py:149} INFO - [2026-09-21T02:36:14.574+0000] {dag.py:2726} INFO - Sync 1 DAGs
[2026-09-21T02:36:14.642+0000] {logging_mixin.py:149} INFO - [2026-09-21T02:36:14.641+0000] {dag.py:3490} INFO - Setting next_dagrun for 3-pythonoperator to None, run_after=None
[2026-09-21T02:36:14.715+0000] {processor.py:178} INFO - Processing /opt/airflow/dags/3_python_operator.py took 0.240 seconds
[2026-09-21T02:36:44.819+0000] {processor.py:156} INFO - Started process (PID=935) to work on /opt/airflow/dags/3_python_operator.py
[2026-09-21T02:36:44.823+0000] {processor.py:799} INFO - Processing file /opt/airflow/dags/3_python_operator.py for tasks to queue
[2026-09-21T02:36:44.827+0000] {logging_mixin.py:149} INFO - [2026-09-21T02:36:44.826+0000] {dagbag.py:541} INFO - Filling up the DagBag from /opt/airflow/dags/3_python_operator.py
[2026-09-21T02:36:44.838+0000] {processor.py:809} INFO - DAG(s) dict_keys(['3-pythonoperator']) retrieved from /opt/airflow/dags/3_python_operator.py
[2026-09-21T02:36:45.000+0000] {logging_mixin.py:149} INFO - [2026-09-21T02:36:44.999+0000] {dag.py:2726} INFO - Sync 1 DAGs
[2026-09-21T02:36:45.061+0000] {logging_mixin.py:149} INFO - [2026-09-21T02:36:45.060+0000] {dag.py:3490} INFO - Setting next_dagrun for 3-pythonoperator to None, run_after=None
[2026-09-21T02:36:45.123+0000] {processor.py:178} INFO - Processing /opt/airflow/dags/3_python_operator.py took 0.317 seconds
[2026-09-21T02:37:15.288+0000] {processor.py:156} INFO - Started process (PID=946) to work on /opt/airflow/dags/3_python_operator.py
[2026-09-21T02:37:15.293+0000] {processor.py:799} INFO - Processing file /opt/airflow/dags/3_python_operator.py for tasks to queue
[2026-09-21T02:37:15.294+0000] {logging_mixin.py:149} INFO - [2026-09-21T02:37:15.294+0000] {dagbag.py:541} INFO - Filling up the DagBag from /opt/airflow/dags/3_python_operator.py
[2026-09-21T02:37:15.306+0000] {processor.py:809} INFO - DAG(s) dict_keys(['3-pythonoperator']) retrieved from /opt/airflow/dags/3_python_operator.py
[2026-09-21T02:37:15.387+0000] {logging_mixin.py:149} INFO - [2026-09-21T02:37:15.386+0000] {dag.py:2726} INFO - Sync 1 DAGs
[2026-09-21T02:37:15.430+0000] {logging_mixin.py:149} INFO - [2026-09-21T02:37:15.428+0000] {dag.py:3490} INFO - Setting next_dagrun for 3-pythonoperator to None, run_after=None
[2026-09-21T02:37:15.493+0000] {processor.py:178} INFO - Processing /opt/airflow/dags/3_python_operator.py took 0.217 seconds
[2026-09-21T02:37:45.740+0000] {processor.py:156} INFO - Started process (PID=957) to work on /opt/airflow/dags/3_python_operator.py
[2026-09-21T02:37:45.743+0000] {processor.py:799} INFO - Processing file /opt/airflow/dags/3_python_operator.py for tasks to queue
[2026-09-21T02:37:45.744+0000] {logging_mixin.py:149} INFO - [2026-09-21T02:37:45.744+0000] {dagbag.py:541} INFO - Filling up the DagBag from /opt/airflow/dags/3_python_operator.py
[2026-09-21T02:37:45.750+0000] {processor.py:809} INFO - DAG(s) dict_keys(['3-pythonoperator']) retrieved from /opt/airflow/dags/3_python_operator.py
[2026-09-21T02:37:45.803+0000] {logging_mixin.py:149} INFO - [2026-09-21T02:37:45.802+0000] {dag.py:2726} INFO - Sync 1 DAGs
[2026-09-21T02:37:45.838+0000] {logging_mixin.py:149} INFO - [2026-09-21T02:37:45.837+0000] {dag.py:3490} INFO - Setting next_dagrun for 3-pythonoperator to None, run_after=None
[2026-09-21T02:37:45.873+0000] {processor.py:178} INFO - Processing /opt/airflow/dags/3_python_operator.py took 0.140 seconds
[2026-09-21T02:38:16.051+0000] {processor.py:156} INFO - Started process (PID=968) to work on /opt/airflow/dags/3_python_operator.py
[2026-09-21T02:38:16.053+0000] {processor.py:799} INFO - Processing file /opt/airflow/dags/3_python_operator.py for tasks to queue
[2026-09-21T02:38:16.054+0000] {logging_mixin.py:149} INFO - [2026-09-21T02:38:16.054+0000] {dagbag.py:541} INFO - Filling up the DagBag from /opt/airflow/dags/3_python_operator.py
[2026-09-21T02:38:16.062+0000] {processor.py:809} INFO - DAG(s) dict_keys(['3-pythonoperator']) retrieved from /opt/airflow/dags/3_python_operator.py
[2026-09-21T02:38:16.116+0000] {logging_mixin.py:149} INFO - [2026-09-21T02:38:16.115+0000] {dag.py:2726} INFO - Sync 1 DAGs
[2026-09-21T02:38:16.151+0000] {logging_mixin.py:149} INFO - [2026-09-21T02:38:16.151+0000] {dag.py:3490} INFO - Setting next_dagrun for 3-pythonoperator to None, run_after=None
[2026-09-21T02:38:16.195+0000] {processor.py:178} INFO - Processing /opt/airflow/dags/3_python_operator.py took 0.153 seconds
[2026-09-21T02:38:46.425+0000] {processor.py:156} INFO - Started process (PID=979) to work on /opt/airflow/dags/3_python_operator.py
[2026-09-21T02:38:46.427+0000] {processor.py:799} INFO - Processing file /opt/airflow/dags/3_python_operator.py for tasks to queue
[2026-09-21T02:38:46.429+0000] {logging_mixin.py:149} INFO - [2026-09-21T02:38:46.428+0000] {dagbag.py:541} INFO - Filling up the DagBag from /opt/airflow/dags/3_python_operator.py
[2026-09-21T02:38:46.441+0000] {processor.py:809} INFO - DAG(s) dict_keys(['3-pythonoperator']) retrieved from /opt/airflow/dags/3_python_operator.py
[2026-09-21T02:38:46.583+0000] {logging_mixin.py:149} INFO - [2026-09-21T02:38:46.583+0000] {dag.py:2726} INFO - Sync 1 DAGs
[2026-09-21T02:38:46.658+0000] {logging_mixin.py:149} INFO - [2026-09-21T02:38:46.658+0000] {dag.py:3490} INFO - Setting next_dagrun for 3-pythonoperator to None, run_after=None
[2026-09-21T02:38:46.710+0000] {processor.py:178} INFO - Processing /opt/airflow/dags/3_python_operator.py took 0.302 seconds
[2026-09-21T02:39:16.832+0000] {processor.py:156} INFO - Started process (PID=990) to work on /opt/airflow/dags/3_python_operator.py
[2026-09-21T02:39:16.835+0000] {processor.py:799} INFO - Processing file /opt/airflow/dags/3_python_operator.py for tasks to queue
[2026-09-21T02:39:16.838+0000] {logging_mixin.py:149} INFO - [2026-09-21T02:39:16.837+0000] {dagbag.py:541} INFO - Filling up the DagBag from /opt/airflow/dags/3_python_operator.py
[2026-09-21T02:39:16.848+0000] {processor.py:809} INFO - DAG(s) dict_keys(['3-pythonoperator']) retrieved from /opt/airflow/dags/3_python_operator.py
[2026-09-21T02:39:16.926+0000] {logging_mixin.py:149} INFO - [2026-09-21T02:39:16.925+0000] {dag.py:2726} INFO - Sync 1 DAGs
[2026-09-21T02:39:16.967+0000] {logging_mixin.py:149} INFO - [2026-09-21T02:39:16.967+0000] {dag.py:3490} INFO - Setting next_dagrun for 3-pythonoperator to None, run_after=None
[2026-09-21T02:39:16.996+0000] {processor.py:178} INFO - Processing /opt/airflow/dags/3_python_operator.py took 0.176 seconds
[2026-09-21T02:39:47.051+0000] {processor.py:156} INFO - Started process (PID=1001) to work on /opt/airflow/dags/3_python_operator.py
[2026-09-21T02:39:47.059+0000] {processor.py:799} INFO - Processing file /opt/airflow/dags/3_python_operator.py for tasks to queue
[2026-09-21T02:39:47.060+0000] {logging_mixin.py:149} INFO - [2026-09-21T02:39:47.060+0000] {dagbag.py:541} INFO - Filling up the DagBag from /opt/airflow/dags/3_python_operator.py
[2026-09-21T02:39:47.072+0000] {processor.py:809} INFO - DAG(s) dict_keys(['3-pythonoperator']) retrieved from /opt/airflow/dags/3_python_operator.py
[2026-09-21T02:39:47.149+0000] {logging_mixin.py:149} INFO - [2026-09-21T02:39:47.149+0000] {dag.py:2726} INFO - Sync 1 DAGs
[2026-09-21T02:39:47.184+0000] {logging_mixin.py:149} INFO - [2026-09-21T02:39:47.184+0000] {dag.py:3490} INFO - Setting next_dagrun for 3-pythonoperator to None, run_after=None
[2026-09-21T02:39:47.219+0000] {processor.py:178} INFO - Processing /opt/airflow/dags/3_python_operator.py took 0.175 seconds
[2026-09-21T02:40:18.396+0000] {processor.py:156} INFO - Started process (PID=1012) to work on /opt/airflow/dags/3_python_operator.py
[2026-09-21T02:40:18.398+0000] {processor.py:799} INFO - Processing file /opt/airflow/dags/3_python_operator.py for tasks to queue
[2026-09-21T02:40:18.399+0000] {logging_mixin.py:149} INFO - [2026-09-21T02:40:18.399+0000] {dagbag.py:541} INFO - Filling up the DagBag from /opt/airflow/dags/3_python_operator.py
[2026-09-21T02:40:18.405+0000] {processor.py:809} INFO - DAG(s) dict_keys(['3-pythonoperator']) retrieved from /opt/airflow/dags/3_python_operator.py
[2026-09-21T02:40:18.460+0000] {logging_mixin.py:149} INFO - [2026-09-21T02:40:18.459+0000] {dag.py:2726} INFO - Sync 1 DAGs
[2026-09-21T02:40:18.496+0000] {logging_mixin.py:149} INFO - [2026-09-21T02:40:18.496+0000] {dag.py:3490} INFO - Setting next_dagrun for 3-pythonoperator to None, run_after=None
[2026-09-21T02:40:18.526+0000] {processor.py:178} INFO - Processing /opt/airflow/dags/3_python_operator.py took 0.140 seconds
[2026-09-21T02:40:48.723+0000] {processor.py:156} INFO - Started process (PID=1023) to work on /opt/airflow/dags/3_python_operator.py
[2026-09-21T02:40:48.726+0000] {processor.py:799} INFO - Processing file /opt/airflow/dags/3_python_operator.py for tasks to queue
[2026-09-21T02:40:48.728+0000] {logging_mixin.py:149} INFO - [2026-09-21T02:40:48.728+0000] {dagbag.py:541} INFO - Filling up the DagBag from /opt/airflow/dags/3_python_operator.py
[2026-09-21T02:40:48.758+0000] {processor.py:809} INFO - DAG(s) dict_keys(['3-pythonoperator']) retrieved from /opt/airflow/dags/3_python_operator.py
[2026-09-21T02:40:48.842+0000] {logging_mixin.py:149} INFO - [2026-09-21T02:40:48.841+0000] {dag.py:2726} INFO - Sync 1 DAGs
[2026-09-21T02:40:48.901+0000] {logging_mixin.py:149} INFO - [2026-09-21T02:40:48.900+0000] {dag.py:3490} INFO - Setting next_dagrun for 3-pythonoperator to None, run_after=None
[2026-09-21T02:40:48.939+0000] {processor.py:178} INFO - Processing /opt/airflow/dags/3_python_operator.py took 0.227 seconds
[2026-09-21T02:41:19.048+0000] {processor.py:156} INFO - Started process (PID=1034) to work on /opt/airflow/dags/3_python_operator.py
[2026-09-21T02:41:19.050+0000] {processor.py:799} INFO - Processing file /opt/airflow/dags/3_python_operator.py for tasks to queue
[2026-09-21T02:41:19.051+0000] {logging_mixin.py:149} INFO - [2026-09-21T02:41:19.051+0000] {dagbag.py:541} INFO - Filling up the DagBag from /opt/airflow/dags/3_python_operator.py
[2026-09-21T02:41:19.057+0000] {processor.py:809} INFO - DAG(s) dict_keys(['3-pythonoperator']) retrieved from /opt/airflow/dags/3_python_operator.py
[2026-09-21T02:41:19.113+0000] {logging_mixin.py:149} INFO - [2026-09-21T02:41:19.113+0000] {dag.py:2726} INFO - Sync 1 DAGs
[2026-09-21T02:41:19.148+0000] {logging_mixin.py:149} INFO - [2026-09-21T02:41:19.148+0000] {dag.py:3490} INFO - Setting next_dagrun for 3-pythonoperator to None, run_after=None
[2026-09-21T02:41:19.177+0000] {processor.py:178} INFO - Processing /opt/airflow/dags/3_python_operator.py took 0.135 seconds
[2026-09-21T02:41:49.221+0000] {processor.py:156} INFO - Started process (PID=1047) to work on /opt/airflow/dags/3_python_operator.py
[2026-09-21T02:41:49.226+0000] {processor.py:799} INFO - Processing file /opt/airflow/dags/3_python_operator.py for tasks to queue
[2026-09-21T02:41:49.235+0000] {logging_mixin.py:149} INFO - [2026-09-21T02:41:49.233+0000] {dagbag.py:541} INFO - Filling up the DagBag from /opt/airflow/dags/3_python_operator.py
[2026-09-21T02:41:49.241+0000] {processor.py:809} INFO - DAG(s) dict_keys(['3-pythonoperator']) retrieved from /opt/airflow/dags/3_python_operator.py
[2026-09-21T02:41:49.317+0000] {logging_mixin.py:149} INFO - [2026-09-21T02:41:49.317+0000] {dag.py:2726} INFO - Sync 1 DAGs
[2026-09-21T02:41:49.365+0000] {logging_mixin.py:149} INFO - [2026-09-21T02:41:49.365+0000] {dag.py:3490} INFO - Setting next_dagrun for 3-pythonoperator to None, run_after=None
[2026-09-21T02:41:49.395+0000] {processor.py:178} INFO - Processing /opt/airflow/dags/3_python_operator.py took 0.179 seconds
[2026-09-21T02:42:19.522+0000] {processor.py:156} INFO - Started process (PID=1058) to work on /opt/airflow/dags/3_python_operator.py
[2026-09-21T02:42:19.525+0000] {processor.py:799} INFO - Processing file /opt/airflow/dags/3_python_operator.py for tasks to queue
[2026-09-21T02:42:19.528+0000] {logging_mixin.py:149} INFO - [2026-09-21T02:42:19.526+0000] {dagbag.py:541} INFO - Filling up the DagBag from /opt/airflow/dags/3_python_operator.py
[2026-09-21T02:42:19.534+0000] {processor.py:809} INFO - DAG(s) dict_keys(['3-pythonoperator']) retrieved from /opt/airflow/dags/3_python_operator.py
[2026-09-21T02:42:19.591+0000] {logging_mixin.py:149} INFO - [2026-09-21T02:42:19.591+0000] {dag.py:2726} INFO - Sync 1 DAGs
[2026-09-21T02:42:19.627+0000] {logging_mixin.py:149} INFO - [2026-09-21T02:42:19.627+0000] {dag.py:3490} INFO - Setting next_dagrun for 3-pythonoperator to None, run_after=None
[2026-09-21T02:42:19.664+0000] {processor.py:178} INFO - Processing /opt/airflow/dags/3_python_operator.py took 0.154 seconds
[2026-09-21T02:42:50.776+0000] {processor.py:156} INFO - Started process (PID=1069) to work on /opt/airflow/dags/3_python_operator.py
[2026-09-21T02:42:50.784+0000] {processor.py:799} INFO - Processing file /opt/airflow/dags/3_python_operator.py for tasks to queue
[2026-09-21T02:42:50.785+0000] {logging_mixin.py:149} INFO - [2026-09-21T02:42:50.785+0000] {dagbag.py:541} INFO - Filling up the DagBag from /opt/airflow/dags/3_python_operator.py
[2026-09-21T02:42:50.795+0000] {processor.py:809} INFO - DAG(s) dict_keys(['3-pythonoperator']) retrieved from /opt/airflow/dags/3_python_operator.py
[2026-09-21T02:42:50.868+0000] {logging_mixin.py:149} INFO - [2026-09-21T02:42:50.868+0000] {dag.py:2726} INFO - Sync 1 DAGs
[2026-09-21T02:42:50.902+0000] {logging_mixin.py:149} INFO - [2026-09-21T02:42:50.902+0000] {dag.py:3490} INFO - Setting next_dagrun for 3-pythonoperator to None, run_after=None
[2026-09-21T02:42:50.935+0000] {processor.py:178} INFO - Processing /opt/airflow/dags/3_python_operator.py took 0.170 seconds
[2026-09-21T02:43:21.433+0000] {processor.py:156} INFO - Started process (PID=1080) to work on /opt/airflow/dags/3_python_operator.py
[2026-09-21T02:43:21.435+0000] {processor.py:799} INFO - Processing file /opt/airflow/dags/3_python_operator.py for tasks to queue
[2026-09-21T02:43:21.436+0000] {logging_mixin.py:149} INFO - [2026-09-21T02:43:21.435+0000] {dagbag.py:541} INFO - Filling up the DagBag from /opt/airflow/dags/3_python_operator.py
[2026-09-21T02:43:21.442+0000] {processor.py:809} INFO - DAG(s) dict_keys(['3-pythonoperator']) retrieved from /opt/airflow/dags/3_python_operator.py
[2026-09-21T02:43:21.496+0000] {logging_mixin.py:149} INFO - [2026-09-21T02:43:21.495+0000] {dag.py:2726} INFO - Sync 1 DAGs
[2026-09-21T02:43:21.546+0000] {logging_mixin.py:149} INFO - [2026-09-21T02:43:21.544+0000] {dag.py:3490} INFO - Setting next_dagrun for 3-pythonoperator to None, run_after=None
[2026-09-21T02:43:21.603+0000] {processor.py:178} INFO - Processing /opt/airflow/dags/3_python_operator.py took 0.177 seconds
[2026-09-21T02:43:51.806+0000] {processor.py:156} INFO - Started process (PID=1091) to work on /opt/airflow/dags/3_python_operator.py
[2026-09-21T02:43:51.811+0000] {processor.py:799} INFO - Processing file /opt/airflow/dags/3_python_operator.py for tasks to queue
[2026-09-21T02:43:51.812+0000] {logging_mixin.py:149} INFO - [2026-09-21T02:43:51.811+0000] {dagbag.py:541} INFO - Filling up the DagBag from /opt/airflow/dags/3_python_operator.py
[2026-09-21T02:43:51.819+0000] {processor.py:809} INFO - DAG(s) dict_keys(['3-pythonoperator']) retrieved from /opt/airflow/dags/3_python_operator.py
[2026-09-21T02:43:51.918+0000] {logging_mixin.py:149} INFO - [2026-09-21T02:43:51.917+0000] {dag.py:2726} INFO - Sync 1 DAGs
[2026-09-21T02:43:52.034+0000] {logging_mixin.py:149} INFO - [2026-09-21T02:43:52.033+0000] {dag.py:3490} INFO - Setting next_dagrun for 3-pythonoperator to None, run_after=None
[2026-09-21T02:43:52.099+0000] {processor.py:178} INFO - Processing /opt/airflow/dags/3_python_operator.py took 0.321 seconds
[2026-09-21T02:44:22.329+0000] {processor.py:156} INFO - Started process (PID=1102) to work on /opt/airflow/dags/3_python_operator.py
[2026-09-21T02:44:22.334+0000] {processor.py:799} INFO - Processing file /opt/airflow/dags/3_python_operator.py for tasks to queue
[2026-09-21T02:44:22.338+0000] {logging_mixin.py:149} INFO - [2026-09-21T02:44:22.338+0000] {dagbag.py:541} INFO - Filling up the DagBag from /opt/airflow/dags/3_python_operator.py
[2026-09-21T02:44:22.351+0000] {processor.py:809} INFO - DAG(s) dict_keys(['3-pythonoperator']) retrieved from /opt/airflow/dags/3_python_operator.py
[2026-09-21T02:44:22.458+0000] {logging_mixin.py:149} INFO - [2026-09-21T02:44:22.457+0000] {dag.py:2726} INFO - Sync 1 DAGs
[2026-09-21T02:44:22.515+0000] {logging_mixin.py:149} INFO - [2026-09-21T02:44:22.514+0000] {dag.py:3490} INFO - Setting next_dagrun for 3-pythonoperator to None, run_after=None
[2026-09-21T02:44:22.579+0000] {processor.py:178} INFO - Processing /opt/airflow/dags/3_python_operator.py took 0.271 seconds
[2026-09-21T02:44:53.283+0000] {processor.py:156} INFO - Started process (PID=1113) to work on /opt/airflow/dags/3_python_operator.py
[2026-09-21T02:44:53.291+0000] {processor.py:799} INFO - Processing file /opt/airflow/dags/3_python_operator.py for tasks to queue
[2026-09-21T02:44:53.291+0000] {logging_mixin.py:149} INFO - [2026-09-21T02:44:53.291+0000] {dagbag.py:541} INFO - Filling up the DagBag from /opt/airflow/dags/3_python_operator.py
[2026-09-21T02:44:53.305+0000] {processor.py:809} INFO - DAG(s) dict_keys(['3-pythonoperator']) retrieved from /opt/airflow/dags/3_python_operator.py
[2026-09-21T02:44:53.366+0000] {logging_mixin.py:149} INFO - [2026-09-21T02:44:53.366+0000] {dag.py:2726} INFO - Sync 1 DAGs
[2026-09-21T02:44:53.408+0000] {logging_mixin.py:149} INFO - [2026-09-21T02:44:53.408+0000] {dag.py:3490} INFO - Setting next_dagrun for 3-pythonoperator to None, run_after=None
[2026-09-21T02:44:53.454+0000] {processor.py:178} INFO - Processing /opt/airflow/dags/3_python_operator.py took 0.175 seconds
[2026-09-21T02:45:24.252+0000] {processor.py:156} INFO - Started process (PID=1124) to work on /opt/airflow/dags/3_python_operator.py
[2026-09-21T02:45:24.258+0000] {processor.py:799} INFO - Processing file /opt/airflow/dags/3_python_operator.py for tasks to queue
[2026-09-21T02:45:24.262+0000] {logging_mixin.py:149} INFO - [2026-09-21T02:45:24.261+0000] {dagbag.py:541} INFO - Filling up the DagBag from /opt/airflow/dags/3_python_operator.py
[2026-09-21T02:45:24.276+0000] {processor.py:809} INFO - DAG(s) dict_keys(['3-pythonoperator']) retrieved from /opt/airflow/dags/3_python_operator.py
[2026-09-21T02:45:24.352+0000] {logging_mixin.py:149} INFO - [2026-09-21T02:45:24.351+0000] {dag.py:2726} INFO - Sync 1 DAGs
[2026-09-21T02:45:24.388+0000] {logging_mixin.py:149} INFO - [2026-09-21T02:45:24.388+0000] {dag.py:3490} INFO - Setting next_dagrun for 3-pythonoperator to None, run_after=None
[2026-09-21T02:45:24.419+0000] {processor.py:178} INFO - Processing /opt/airflow/dags/3_python_operator.py took 0.185 seconds
[2026-09-21T02:45:55.104+0000] {processor.py:156} INFO - Started process (PID=1135) to work on /opt/airflow/dags/3_python_operator.py
[2026-09-21T02:45:55.108+0000] {processor.py:799} INFO - Processing file /opt/airflow/dags/3_python_operator.py for tasks to queue
[2026-09-21T02:45:55.109+0000] {logging_mixin.py:149} INFO - [2026-09-21T02:45:55.109+0000] {dagbag.py:541} INFO - Filling up the DagBag from /opt/airflow/dags/3_python_operator.py
[2026-09-21T02:45:55.116+0000] {processor.py:809} INFO - DAG(s) dict_keys(['3-pythonoperator']) retrieved from /opt/airflow/dags/3_python_operator.py
[2026-09-21T02:45:55.205+0000] {logging_mixin.py:149} INFO - [2026-09-21T02:45:55.205+0000] {dag.py:2726} INFO - Sync 1 DAGs
[2026-09-21T02:45:55.267+0000] {logging_mixin.py:149} INFO - [2026-09-21T02:45:55.267+0000] {dag.py:3490} INFO - Setting next_dagrun for 3-pythonoperator to None, run_after=None
[2026-09-21T02:45:55.309+0000] {processor.py:178} INFO - Processing /opt/airflow/dags/3_python_operator.py took 0.211 seconds
[2026-09-21T02:46:26.195+0000] {processor.py:156} INFO - Started process (PID=1146) to work on /opt/airflow/dags/3_python_operator.py
[2026-09-21T02:46:26.202+0000] {processor.py:799} INFO - Processing file /opt/airflow/dags/3_python_operator.py for tasks to queue
[2026-09-21T02:46:26.221+0000] {logging_mixin.py:149} INFO - [2026-09-21T02:46:26.220+0000] {dagbag.py:541} INFO - Filling up the DagBag from /opt/airflow/dags/3_python_operator.py
[2026-09-21T02:46:26.236+0000] {processor.py:809} INFO - DAG(s) dict_keys(['3-pythonoperator']) retrieved from /opt/airflow/dags/3_python_operator.py
[2026-09-21T02:46:26.318+0000] {logging_mixin.py:149} INFO - [2026-09-21T02:46:26.318+0000] {dag.py:2726} INFO - Sync 1 DAGs
[2026-09-21T02:46:26.399+0000] {logging_mixin.py:149} INFO - [2026-09-21T02:46:26.398+0000] {dag.py:3490} INFO - Setting next_dagrun for 3-pythonoperator to None, run_after=None
[2026-09-21T02:46:26.473+0000] {processor.py:178} INFO - Processing /opt/airflow/dags/3_python_operator.py took 0.316 seconds
[2026-09-21T02:46:56.534+0000] {processor.py:156} INFO - Started process (PID=1157) to work on /opt/airflow/dags/3_python_operator.py
[2026-09-21T02:46:56.536+0000] {processor.py:799} INFO - Processing file /opt/airflow/dags/3_python_operator.py for tasks to queue
[2026-09-21T02:46:56.538+0000] {logging_mixin.py:149} INFO - [2026-09-21T02:46:56.537+0000] {dagbag.py:541} INFO - Filling up the DagBag from /opt/airflow/dags/3_python_operator.py
[2026-09-21T02:46:56.544+0000] {processor.py:809} INFO - DAG(s) dict_keys(['3-pythonoperator']) retrieved from /opt/airflow/dags/3_python_operator.py
[2026-09-21T02:46:56.600+0000] {logging_mixin.py:149} INFO - [2026-09-21T02:46:56.599+0000] {dag.py:2726} INFO - Sync 1 DAGs
[2026-09-21T02:46:56.639+0000] {logging_mixin.py:149} INFO - [2026-09-21T02:46:56.639+0000] {dag.py:3490} INFO - Setting next_dagrun for 3-pythonoperator to None, run_after=None
[2026-09-21T02:46:56.686+0000] {processor.py:178} INFO - Processing /opt/airflow/dags/3_python_operator.py took 0.159 seconds
[2026-09-21T02:47:27.561+0000] {processor.py:156} INFO - Started process (PID=1168) to work on /opt/airflow/dags/3_python_operator.py
[2026-09-21T02:47:27.563+0000] {processor.py:799} INFO - Processing file /opt/airflow/dags/3_python_operator.py for tasks to queue
[2026-09-21T02:47:27.564+0000] {logging_mixin.py:149} INFO - [2026-09-21T02:47:27.564+0000] {dagbag.py:541} INFO - Filling up the DagBag from /opt/airflow/dags/3_python_operator.py
[2026-09-21T02:47:27.570+0000] {processor.py:809} INFO - DAG(s) dict_keys(['3-pythonoperator']) retrieved from /opt/airflow/dags/3_python_operator.py
[2026-09-21T02:47:27.624+0000] {logging_mixin.py:149} INFO - [2026-09-21T02:47:27.623+0000] {dag.py:2726} INFO - Sync 1 DAGs
[2026-09-21T02:47:27.661+0000] {logging_mixin.py:149} INFO - [2026-09-21T02:47:27.660+0000] {dag.py:3490} INFO - Setting next_dagrun for 3-pythonoperator to None, run_after=None
[2026-09-21T02:47:27.729+0000] {processor.py:178} INFO - Processing /opt/airflow/dags/3_python_operator.py took 0.173 seconds
[2026-09-21T02:47:58.463+0000] {processor.py:156} INFO - Started process (PID=1179) to work on /opt/airflow/dags/3_python_operator.py
[2026-09-21T02:47:58.465+0000] {processor.py:799} INFO - Processing file /opt/airflow/dags/3_python_operator.py for tasks to queue
[2026-09-21T02:47:58.466+0000] {logging_mixin.py:149} INFO - [2026-09-21T02:47:58.466+0000] {dagbag.py:541} INFO - Filling up the DagBag from /opt/airflow/dags/3_python_operator.py
[2026-09-21T02:47:58.471+0000] {processor.py:809} INFO - DAG(s) dict_keys(['3-pythonoperator']) retrieved from /opt/airflow/dags/3_python_operator.py
[2026-09-21T02:47:58.575+0000] {logging_mixin.py:149} INFO - [2026-09-21T02:47:58.575+0000] {dag.py:2726} INFO - Sync 1 DAGs
[2026-09-21T02:47:58.618+0000] {logging_mixin.py:149} INFO - [2026-09-21T02:47:58.617+0000] {dag.py:3490} INFO - Setting next_dagrun for 3-pythonoperator to None, run_after=None
[2026-09-21T02:47:58.658+0000] {processor.py:178} INFO - Processing /opt/airflow/dags/3_python_operator.py took 0.202 seconds
[2026-09-21T02:48:28.782+0000] {processor.py:156} INFO - Started process (PID=1190) to work on /opt/airflow/dags/3_python_operator.py
[2026-09-21T02:48:28.784+0000] {processor.py:799} INFO - Processing file /opt/airflow/dags/3_python_operator.py for tasks to queue
[2026-09-21T02:48:28.785+0000] {logging_mixin.py:149} INFO - [2026-09-21T02:48:28.785+0000] {dagbag.py:541} INFO - Filling up the DagBag from /opt/airflow/dags/3_python_operator.py
[2026-09-21T02:48:28.791+0000] {processor.py:809} INFO - DAG(s) dict_keys(['3-pythonoperator']) retrieved from /opt/airflow/dags/3_python_operator.py
[2026-09-21T02:48:28.853+0000] {logging_mixin.py:149} INFO - [2026-09-21T02:48:28.853+0000] {dag.py:2726} INFO - Sync 1 DAGs
[2026-09-21T02:48:28.889+0000] {logging_mixin.py:149} INFO - [2026-09-21T02:48:28.889+0000] {dag.py:3490} INFO - Setting next_dagrun for 3-pythonoperator to None, run_after=None
[2026-09-21T02:48:28.916+0000] {processor.py:178} INFO - Processing /opt/airflow/dags/3_python_operator.py took 0.141 seconds
[2026-09-21T02:48:59.803+0000] {processor.py:156} INFO - Started process (PID=1201) to work on /opt/airflow/dags/3_python_operator.py
[2026-09-21T02:48:59.806+0000] {processor.py:799} INFO - Processing file /opt/airflow/dags/3_python_operator.py for tasks to queue
[2026-09-21T02:48:59.807+0000] {logging_mixin.py:149} INFO - [2026-09-21T02:48:59.806+0000] {dagbag.py:541} INFO - Filling up the DagBag from /opt/airflow/dags/3_python_operator.py
[2026-09-21T02:48:59.818+0000] {processor.py:809} INFO - DAG(s) dict_keys(['3-pythonoperator']) retrieved from /opt/airflow/dags/3_python_operator.py
[2026-09-21T02:48:59.912+0000] {logging_mixin.py:149} INFO - [2026-09-21T02:48:59.912+0000] {dag.py:2726} INFO - Sync 1 DAGs
[2026-09-21T02:48:59.951+0000] {logging_mixin.py:149} INFO - [2026-09-21T02:48:59.951+0000] {dag.py:3490} INFO - Setting next_dagrun for 3-pythonoperator to None, run_after=None
[2026-09-21T02:48:59.997+0000] {processor.py:178} INFO - Processing /opt/airflow/dags/3_python_operator.py took 0.200 seconds
[2026-09-21T02:49:30.483+0000] {processor.py:156} INFO - Started process (PID=1212) to work on /opt/airflow/dags/3_python_operator.py
[2026-09-21T02:49:30.485+0000] {processor.py:799} INFO - Processing file /opt/airflow/dags/3_python_operator.py for tasks to queue
[2026-09-21T02:49:30.486+0000] {logging_mixin.py:149} INFO - [2026-09-21T02:49:30.486+0000] {dagbag.py:541} INFO - Filling up the DagBag from /opt/airflow/dags/3_python_operator.py
[2026-09-21T02:49:30.491+0000] {processor.py:809} INFO - DAG(s) dict_keys(['3-pythonoperator']) retrieved from /opt/airflow/dags/3_python_operator.py
[2026-09-21T02:49:30.563+0000] {logging_mixin.py:149} INFO - [2026-09-21T02:49:30.563+0000] {dag.py:2726} INFO - Sync 1 DAGs
[2026-09-21T02:49:30.636+0000] {logging_mixin.py:149} INFO - [2026-09-21T02:49:30.636+0000] {dag.py:3490} INFO - Setting next_dagrun for 3-pythonoperator to None, run_after=None
[2026-09-21T02:49:30.673+0000] {processor.py:178} INFO - Processing /opt/airflow/dags/3_python_operator.py took 0.196 seconds
[2026-09-21T02:50:01.777+0000] {processor.py:156} INFO - Started process (PID=1223) to work on /opt/airflow/dags/3_python_operator.py
[2026-09-21T02:50:01.782+0000] {processor.py:799} INFO - Processing file /opt/airflow/dags/3_python_operator.py for tasks to queue
[2026-09-21T02:50:01.784+0000] {logging_mixin.py:149} INFO - [2026-09-21T02:50:01.783+0000] {dagbag.py:541} INFO - Filling up the DagBag from /opt/airflow/dags/3_python_operator.py
[2026-09-21T02:50:01.797+0000] {processor.py:809} INFO - DAG(s) dict_keys(['3-pythonoperator']) retrieved from /opt/airflow/dags/3_python_operator.py
[2026-09-21T02:50:01.924+0000] {logging_mixin.py:149} INFO - [2026-09-21T02:50:01.924+0000] {dag.py:2726} INFO - Sync 1 DAGs
[2026-09-21T02:50:01.974+0000] {logging_mixin.py:149} INFO - [2026-09-21T02:50:01.974+0000] {dag.py:3490} INFO - Setting next_dagrun for 3-pythonoperator to None, run_after=None
[2026-09-21T02:50:02.019+0000] {processor.py:178} INFO - Processing /opt/airflow/dags/3_python_operator.py took 0.256 seconds
[2026-09-21T02:50:32.295+0000] {processor.py:156} INFO - Started process (PID=1234) to work on /opt/airflow/dags/3_python_operator.py
[2026-09-21T02:50:32.309+0000] {processor.py:799} INFO - Processing file /opt/airflow/dags/3_python_operator.py for tasks to queue
[2026-09-21T02:50:32.310+0000] {logging_mixin.py:149} INFO - [2026-09-21T02:50:32.310+0000] {dagbag.py:541} INFO - Filling up the DagBag from /opt/airflow/dags/3_python_operator.py
[2026-09-21T02:50:32.337+0000] {processor.py:809} INFO - DAG(s) dict_keys(['3-pythonoperator']) retrieved from /opt/airflow/dags/3_python_operator.py
[2026-09-21T02:50:32.419+0000] {logging_mixin.py:149} INFO - [2026-09-21T02:50:32.419+0000] {dag.py:2726} INFO - Sync 1 DAGs
[2026-09-21T02:50:32.455+0000] {logging_mixin.py:149} INFO - [2026-09-21T02:50:32.455+0000] {dag.py:3490} INFO - Setting next_dagrun for 3-pythonoperator to None, run_after=None
[2026-09-21T02:50:32.508+0000] {processor.py:178} INFO - Processing /opt/airflow/dags/3_python_operator.py took 0.246 seconds
[2026-09-21T02:51:03.399+0000] {processor.py:156} INFO - Started process (PID=1245) to work on /opt/airflow/dags/3_python_operator.py
[2026-09-21T02:51:03.401+0000] {processor.py:799} INFO - Processing file /opt/airflow/dags/3_python_operator.py for tasks to queue
[2026-09-21T02:51:03.402+0000] {logging_mixin.py:149} INFO - [2026-09-21T02:51:03.402+0000] {dagbag.py:541} INFO - Filling up the DagBag from /opt/airflow/dags/3_python_operator.py
[2026-09-21T02:51:03.414+0000] {processor.py:809} INFO - DAG(s) dict_keys(['3-pythonoperator']) retrieved from /opt/airflow/dags/3_python_operator.py
[2026-09-21T02:51:03.478+0000] {logging_mixin.py:149} INFO - [2026-09-21T02:51:03.477+0000] {dag.py:2726} INFO - Sync 1 DAGs
[2026-09-21T02:51:03.516+0000] {logging_mixin.py:149} INFO - [2026-09-21T02:51:03.515+0000] {dag.py:3490} INFO - Setting next_dagrun for 3-pythonoperator to None, run_after=None
[2026-09-21T02:51:03.544+0000] {processor.py:178} INFO - Processing /opt/airflow/dags/3_python_operator.py took 0.152 seconds
[2026-09-21T02:51:34.347+0000] {processor.py:156} INFO - Started process (PID=1256) to work on /opt/airflow/dags/3_python_operator.py
[2026-09-21T02:51:34.349+0000] {processor.py:799} INFO - Processing file /opt/airflow/dags/3_python_operator.py for tasks to queue
[2026-09-21T02:51:34.350+0000] {logging_mixin.py:149} INFO - [2026-09-21T02:51:34.350+0000] {dagbag.py:541} INFO - Filling up the DagBag from /opt/airflow/dags/3_python_operator.py
[2026-09-21T02:51:34.357+0000] {processor.py:809} INFO - DAG(s) dict_keys(['3-pythonoperator']) retrieved from /opt/airflow/dags/3_python_operator.py
[2026-09-21T02:51:34.435+0000] {logging_mixin.py:149} INFO - [2026-09-21T02:51:34.435+0000] {dag.py:2726} INFO - Sync 1 DAGs
[2026-09-21T02:51:34.506+0000] {logging_mixin.py:149} INFO - [2026-09-21T02:51:34.506+0000] {dag.py:3490} INFO - Setting next_dagrun for 3-pythonoperator to None, run_after=None
[2026-09-21T02:51:34.565+0000] {processor.py:178} INFO - Processing /opt/airflow/dags/3_python_operator.py took 0.223 seconds
[2026-09-21T02:52:05.435+0000] {processor.py:156} INFO - Started process (PID=1267) to work on /opt/airflow/dags/3_python_operator.py
[2026-09-21T02:52:05.438+0000] {processor.py:799} INFO - Processing file /opt/airflow/dags/3_python_operator.py for tasks to queue
[2026-09-21T02:52:05.441+0000] {logging_mixin.py:149} INFO - [2026-09-21T02:52:05.441+0000] {dagbag.py:541} INFO - Filling up the DagBag from /opt/airflow/dags/3_python_operator.py
[2026-09-21T02:52:05.447+0000] {processor.py:809} INFO - DAG(s) dict_keys(['3-pythonoperator']) retrieved from /opt/airflow/dags/3_python_operator.py
[2026-09-21T02:52:05.512+0000] {logging_mixin.py:149} INFO - [2026-09-21T02:52:05.512+0000] {dag.py:2726} INFO - Sync 1 DAGs
[2026-09-21T02:52:05.564+0000] {logging_mixin.py:149} INFO - [2026-09-21T02:52:05.564+0000] {dag.py:3490} INFO - Setting next_dagrun for 3-pythonoperator to None, run_after=None
[2026-09-21T02:52:05.594+0000] {processor.py:178} INFO - Processing /opt/airflow/dags/3_python_operator.py took 0.167 seconds
[2026-09-21T02:52:36.202+0000] {processor.py:156} INFO - Started process (PID=1278) to work on /opt/airflow/dags/3_python_operator.py
[2026-09-21T02:52:36.204+0000] {processor.py:799} INFO - Processing file /opt/airflow/dags/3_python_operator.py for tasks to queue
[2026-09-21T02:52:36.205+0000] {logging_mixin.py:149} INFO - [2026-09-21T02:52:36.205+0000] {dagbag.py:541} INFO - Filling up the DagBag from /opt/airflow/dags/3_python_operator.py
[2026-09-21T02:52:36.210+0000] {processor.py:809} INFO - DAG(s) dict_keys(['3-pythonoperator']) retrieved from /opt/airflow/dags/3_python_operator.py
[2026-09-21T02:52:36.283+0000] {logging_mixin.py:149} INFO - [2026-09-21T02:52:36.283+0000] {dag.py:2726} INFO - Sync 1 DAGs
[2026-09-21T02:52:36.337+0000] {logging_mixin.py:149} INFO - [2026-09-21T02:52:36.337+0000] {dag.py:3490} INFO - Setting next_dagrun for 3-pythonoperator to None, run_after=None
[2026-09-21T02:52:36.373+0000] {processor.py:178} INFO - Processing /opt/airflow/dags/3_python_operator.py took 0.176 seconds
[2026-09-21T02:53:07.104+0000] {processor.py:156} INFO - Started process (PID=1289) to work on /opt/airflow/dags/3_python_operator.py
[2026-09-21T02:53:07.107+0000] {processor.py:799} INFO - Processing file /opt/airflow/dags/3_python_operator.py for tasks to queue
[2026-09-21T02:53:07.110+0000] {logging_mixin.py:149} INFO - [2026-09-21T02:53:07.110+0000] {dagbag.py:541} INFO - Filling up the DagBag from /opt/airflow/dags/3_python_operator.py
[2026-09-21T02:53:07.117+0000] {processor.py:809} INFO - DAG(s) dict_keys(['3-pythonoperator']) retrieved from /opt/airflow/dags/3_python_operator.py
[2026-09-21T02:53:07.170+0000] {logging_mixin.py:149} INFO - [2026-09-21T02:53:07.170+0000] {dag.py:2726} INFO - Sync 1 DAGs
[2026-09-21T02:53:07.204+0000] {logging_mixin.py:149} INFO - [2026-09-21T02:53:07.204+0000] {dag.py:3490} INFO - Setting next_dagrun for 3-pythonoperator to None, run_after=None
[2026-09-21T02:53:07.236+0000] {processor.py:178} INFO - Processing /opt/airflow/dags/3_python_operator.py took 0.142 seconds
[2026-09-21T02:53:38.161+0000] {processor.py:156} INFO - Started process (PID=1300) to work on /opt/airflow/dags/3_python_operator.py
[2026-09-21T02:53:38.167+0000] {processor.py:799} INFO - Processing file /opt/airflow/dags/3_python_operator.py for tasks to queue
[2026-09-21T02:53:38.168+0000] {logging_mixin.py:149} INFO - [2026-09-21T02:53:38.168+0000] {dagbag.py:541} INFO - Filling up the DagBag from /opt/airflow/dags/3_python_operator.py
[2026-09-21T02:53:38.176+0000] {processor.py:809} INFO - DAG(s) dict_keys(['3-pythonoperator']) retrieved from /opt/airflow/dags/3_python_operator.py
[2026-09-21T02:53:38.246+0000] {logging_mixin.py:149} INFO - [2026-09-21T02:53:38.245+0000] {dag.py:2726} INFO - Sync 1 DAGs
[2026-09-21T02:53:38.282+0000] {logging_mixin.py:149} INFO - [2026-09-21T02:53:38.282+0000] {dag.py:3490} INFO - Setting next_dagrun for 3-pythonoperator to None, run_after=None
[2026-09-21T02:53:38.317+0000] {processor.py:178} INFO - Processing /opt/airflow/dags/3_python_operator.py took 0.164 seconds
[2026-09-21T02:54:09.187+0000] {processor.py:156} INFO - Started process (PID=1311) to work on /opt/airflow/dags/3_python_operator.py
[2026-09-21T02:54:09.192+0000] {processor.py:799} INFO - Processing file /opt/airflow/dags/3_python_operator.py for tasks to queue
[2026-09-21T02:54:09.193+0000] {logging_mixin.py:149} INFO - [2026-09-21T02:54:09.193+0000] {dagbag.py:541} INFO - Filling up the DagBag from /opt/airflow/dags/3_python_operator.py
[2026-09-21T02:54:09.200+0000] {processor.py:809} INFO - DAG(s) dict_keys(['3-pythonoperator']) retrieved from /opt/airflow/dags/3_python_operator.py
[2026-09-21T02:54:09.253+0000] {logging_mixin.py:149} INFO - [2026-09-21T02:54:09.253+0000] {dag.py:2726} INFO - Sync 1 DAGs
[2026-09-21T02:54:09.289+0000] {logging_mixin.py:149} INFO - [2026-09-21T02:54:09.289+0000] {dag.py:3490} INFO - Setting next_dagrun for 3-pythonoperator to None, run_after=None
[2026-09-21T02:54:09.324+0000] {processor.py:178} INFO - Processing /opt/airflow/dags/3_python_operator.py took 0.149 seconds
[2026-09-21T02:54:40.135+0000] {processor.py:156} INFO - Started process (PID=1322) to work on /opt/airflow/dags/3_python_operator.py
[2026-09-21T02:54:40.149+0000] {processor.py:799} INFO - Processing file /opt/airflow/dags/3_python_operator.py for tasks to queue
[2026-09-21T02:54:40.150+0000] {logging_mixin.py:149} INFO - [2026-09-21T02:54:40.150+0000] {dagbag.py:541} INFO - Filling up the DagBag from /opt/airflow/dags/3_python_operator.py
[2026-09-21T02:54:40.156+0000] {processor.py:809} INFO - DAG(s) dict_keys(['3-pythonoperator']) retrieved from /opt/airflow/dags/3_python_operator.py
[2026-09-21T02:54:40.260+0000] {logging_mixin.py:149} INFO - [2026-09-21T02:54:40.259+0000] {dag.py:2726} INFO - Sync 1 DAGs
[2026-09-21T02:54:40.302+0000] {logging_mixin.py:149} INFO - [2026-09-21T02:54:40.301+0000] {dag.py:3490} INFO - Setting next_dagrun for 3-pythonoperator to None, run_after=None
[2026-09-21T02:54:40.332+0000] {processor.py:178} INFO - Processing /opt/airflow/dags/3_python_operator.py took 0.205 seconds
[2026-09-21T02:55:11.208+0000] {processor.py:156} INFO - Started process (PID=1333) to work on /opt/airflow/dags/3_python_operator.py
[2026-09-21T02:55:11.210+0000] {processor.py:799} INFO - Processing file /opt/airflow/dags/3_python_operator.py for tasks to queue
[2026-09-21T02:55:11.212+0000] {logging_mixin.py:149} INFO - [2026-09-21T02:55:11.211+0000] {dagbag.py:541} INFO - Filling up the DagBag from /opt/airflow/dags/3_python_operator.py
[2026-09-21T02:55:11.218+0000] {processor.py:809} INFO - DAG(s) dict_keys(['3-pythonoperator']) retrieved from /opt/airflow/dags/3_python_operator.py
[2026-09-21T02:55:11.272+0000] {logging_mixin.py:149} INFO - [2026-09-21T02:55:11.271+0000] {dag.py:2726} INFO - Sync 1 DAGs
[2026-09-21T02:55:11.310+0000] {logging_mixin.py:149} INFO - [2026-09-21T02:55:11.310+0000] {dag.py:3490} INFO - Setting next_dagrun for 3-pythonoperator to None, run_after=None
[2026-09-21T02:55:11.349+0000] {processor.py:178} INFO - Processing /opt/airflow/dags/3_python_operator.py took 0.149 seconds
[2026-09-21T02:55:42.158+0000] {processor.py:156} INFO - Started process (PID=1344) to work on /opt/airflow/dags/3_python_operator.py
[2026-09-21T02:55:42.160+0000] {processor.py:799} INFO - Processing file /opt/airflow/dags/3_python_operator.py for tasks to queue
[2026-09-21T02:55:42.161+0000] {logging_mixin.py:149} INFO - [2026-09-21T02:55:42.161+0000] {dagbag.py:541} INFO - Filling up the DagBag from /opt/airflow/dags/3_python_operator.py
[2026-09-21T02:55:42.167+0000] {processor.py:809} INFO - DAG(s) dict_keys(['3-pythonoperator']) retrieved from /opt/airflow/dags/3_python_operator.py
[2026-09-21T02:55:42.221+0000] {logging_mixin.py:149} INFO - [2026-09-21T02:55:42.220+0000] {dag.py:2726} INFO - Sync 1 DAGs
[2026-09-21T02:55:42.256+0000] {logging_mixin.py:149} INFO - [2026-09-21T02:55:42.256+0000] {dag.py:3490} INFO - Setting next_dagrun for 3-pythonoperator to None, run_after=None
[2026-09-21T02:55:42.285+0000] {processor.py:178} INFO - Processing /opt/airflow/dags/3_python_operator.py took 0.134 seconds
[2026-09-21T02:56:12.464+0000] {processor.py:156} INFO - Started process (PID=1355) to work on /opt/airflow/dags/3_python_operator.py
[2026-09-21T02:56:12.469+0000] {processor.py:799} INFO - Processing file /opt/airflow/dags/3_python_operator.py for tasks to queue
[2026-09-21T02:56:12.471+0000] {logging_mixin.py:149} INFO - [2026-09-21T02:56:12.470+0000] {dagbag.py:541} INFO - Filling up the DagBag from /opt/airflow/dags/3_python_operator.py
[2026-09-21T02:56:12.493+0000] {processor.py:809} INFO - DAG(s) dict_keys(['3-pythonoperator']) retrieved from /opt/airflow/dags/3_python_operator.py
[2026-09-21T02:56:12.571+0000] {logging_mixin.py:149} INFO - [2026-09-21T02:56:12.570+0000] {dag.py:2726} INFO - Sync 1 DAGs
[2026-09-21T02:56:12.608+0000] {logging_mixin.py:149} INFO - [2026-09-21T02:56:12.608+0000] {dag.py:3490} INFO - Setting next_dagrun for 3-pythonoperator to None, run_after=None
[2026-09-21T02:56:12.639+0000] {processor.py:178} INFO - Processing /opt/airflow/dags/3_python_operator.py took 0.187 seconds
[2026-09-21T02:56:42.781+0000] {processor.py:156} INFO - Started process (PID=1366) to work on /opt/airflow/dags/3_python_operator.py
[2026-09-21T02:56:42.783+0000] {processor.py:799} INFO - Processing file /opt/airflow/dags/3_python_operator.py for tasks to queue
[2026-09-21T02:56:42.784+0000] {logging_mixin.py:149} INFO - [2026-09-21T02:56:42.783+0000] {dagbag.py:541} INFO - Filling up the DagBag from /opt/airflow/dags/3_python_operator.py
[2026-09-21T02:56:42.791+0000] {processor.py:809} INFO - DAG(s) dict_keys(['3-pythonoperator']) retrieved from /opt/airflow/dags/3_python_operator.py
[2026-09-21T02:56:42.838+0000] {logging_mixin.py:149} INFO - [2026-09-21T02:56:42.838+0000] {dag.py:2726} INFO - Sync 1 DAGs
[2026-09-21T02:56:42.884+0000] {logging_mixin.py:149} INFO - [2026-09-21T02:56:42.884+0000] {dag.py:3490} INFO - Setting next_dagrun for 3-pythonoperator to None, run_after=None
[2026-09-21T02:56:42.929+0000] {processor.py:178} INFO - Processing /opt/airflow/dags/3_python_operator.py took 0.162 seconds
[2026-09-21T02:57:13.931+0000] {processor.py:156} INFO - Started process (PID=1377) to work on /opt/airflow/dags/3_python_operator.py
[2026-09-21T02:57:13.938+0000] {processor.py:799} INFO - Processing file /opt/airflow/dags/3_python_operator.py for tasks to queue
[2026-09-21T02:57:13.939+0000] {logging_mixin.py:149} INFO - [2026-09-21T02:57:13.939+0000] {dagbag.py:541} INFO - Filling up the DagBag from /opt/airflow/dags/3_python_operator.py
[2026-09-21T02:57:13.945+0000] {processor.py:809} INFO - DAG(s) dict_keys(['3-pythonoperator']) retrieved from /opt/airflow/dags/3_python_operator.py
[2026-09-21T02:57:14.018+0000] {logging_mixin.py:149} INFO - [2026-09-21T02:57:14.018+0000] {dag.py:2726} INFO - Sync 1 DAGs
[2026-09-21T02:57:14.094+0000] {logging_mixin.py:149} INFO - [2026-09-21T02:57:14.093+0000] {dag.py:3490} INFO - Setting next_dagrun for 3-pythonoperator to None, run_after=None
[2026-09-21T02:57:14.157+0000] {processor.py:178} INFO - Processing /opt/airflow/dags/3_python_operator.py took 0.233 seconds
[2026-09-21T02:57:44.316+0000] {processor.py:156} INFO - Started process (PID=1388) to work on /opt/airflow/dags/3_python_operator.py
[2026-09-21T02:57:44.319+0000] {processor.py:799} INFO - Processing file /opt/airflow/dags/3_python_operator.py for tasks to queue
[2026-09-21T02:57:44.320+0000] {logging_mixin.py:149} INFO - [2026-09-21T02:57:44.319+0000] {dagbag.py:541} INFO - Filling up the DagBag from /opt/airflow/dags/3_python_operator.py
[2026-09-21T02:57:44.326+0000] {processor.py:809} INFO - DAG(s) dict_keys(['3-pythonoperator']) retrieved from /opt/airflow/dags/3_python_operator.py
[2026-09-21T02:57:44.377+0000] {logging_mixin.py:149} INFO - [2026-09-21T02:57:44.376+0000] {dag.py:2726} INFO - Sync 1 DAGs
[2026-09-21T02:57:44.411+0000] {logging_mixin.py:149} INFO - [2026-09-21T02:57:44.410+0000] {dag.py:3490} INFO - Setting next_dagrun for 3-pythonoperator to None, run_after=None
[2026-09-21T02:57:44.457+0000] {processor.py:178} INFO - Processing /opt/airflow/dags/3_python_operator.py took 0.148 seconds
[2026-09-21T02:58:14.648+0000] {processor.py:156} INFO - Started process (PID=1399) to work on /opt/airflow/dags/3_python_operator.py
[2026-09-21T02:58:14.650+0000] {processor.py:799} INFO - Processing file /opt/airflow/dags/3_python_operator.py for tasks to queue
[2026-09-21T02:58:14.651+0000] {logging_mixin.py:149} INFO - [2026-09-21T02:58:14.651+0000] {dagbag.py:541} INFO - Filling up the DagBag from /opt/airflow/dags/3_python_operator.py
[2026-09-21T02:58:14.656+0000] {processor.py:809} INFO - DAG(s) dict_keys(['3-pythonoperator']) retrieved from /opt/airflow/dags/3_python_operator.py
[2026-09-21T02:58:14.708+0000] {logging_mixin.py:149} INFO - [2026-09-21T02:58:14.708+0000] {dag.py:2726} INFO - Sync 1 DAGs
[2026-09-21T02:58:14.745+0000] {logging_mixin.py:149} INFO - [2026-09-21T02:58:14.744+0000] {dag.py:3490} INFO - Setting next_dagrun for 3-pythonoperator to None, run_after=None
[2026-09-21T02:58:14.802+0000] {processor.py:178} INFO - Processing /opt/airflow/dags/3_python_operator.py took 0.163 seconds
[2026-09-21T02:58:45.455+0000] {processor.py:156} INFO - Started process (PID=1410) to work on /opt/airflow/dags/3_python_operator.py
[2026-09-21T02:58:45.457+0000] {processor.py:799} INFO - Processing file /opt/airflow/dags/3_python_operator.py for tasks to queue
[2026-09-21T02:58:45.458+0000] {logging_mixin.py:149} INFO - [2026-09-21T02:58:45.458+0000] {dagbag.py:541} INFO - Filling up the DagBag from /opt/airflow/dags/3_python_operator.py
[2026-09-21T02:58:45.462+0000] {processor.py:809} INFO - DAG(s) dict_keys(['3-pythonoperator']) retrieved from /opt/airflow/dags/3_python_operator.py
[2026-09-21T02:58:45.509+0000] {logging_mixin.py:149} INFO - [2026-09-21T02:58:45.509+0000] {dag.py:2726} INFO - Sync 1 DAGs
[2026-09-21T02:58:45.539+0000] {logging_mixin.py:149} INFO - [2026-09-21T02:58:45.539+0000] {dag.py:3490} INFO - Setting next_dagrun for 3-pythonoperator to None, run_after=None
[2026-09-21T02:58:45.565+0000] {processor.py:178} INFO - Processing /opt/airflow/dags/3_python_operator.py took 0.116 seconds
[2026-09-21T02:59:15.663+0000] {processor.py:156} INFO - Started process (PID=1421) to work on /opt/airflow/dags/3_python_operator.py
[2026-09-21T02:59:15.666+0000] {processor.py:799} INFO - Processing file /opt/airflow/dags/3_python_operator.py for tasks to queue
[2026-09-21T02:59:15.667+0000] {logging_mixin.py:149} INFO - [2026-09-21T02:59:15.667+0000] {dagbag.py:541} INFO - Filling up the DagBag from /opt/airflow/dags/3_python_operator.py
[2026-09-21T02:59:15.675+0000] {processor.py:809} INFO - DAG(s) dict_keys(['3-pythonoperator']) retrieved from /opt/airflow/dags/3_python_operator.py
[2026-09-21T02:59:15.735+0000] {logging_mixin.py:149} INFO - [2026-09-21T02:59:15.734+0000] {dag.py:2726} INFO - Sync 1 DAGs
[2026-09-21T02:59:15.770+0000] {logging_mixin.py:149} INFO - [2026-09-21T02:59:15.770+0000] {dag.py:3490} INFO - Setting next_dagrun for 3-pythonoperator to None, run_after=None
[2026-09-21T02:59:15.802+0000] {processor.py:178} INFO - Processing /opt/airflow/dags/3_python_operator.py took 0.146 seconds
[2026-09-21T02:59:46.639+0000] {processor.py:156} INFO - Started process (PID=1432) to work on /opt/airflow/dags/3_python_operator.py
[2026-09-21T02:59:46.641+0000] {processor.py:799} INFO - Processing file /opt/airflow/dags/3_python_operator.py for tasks to queue
[2026-09-21T02:59:46.642+0000] {logging_mixin.py:149} INFO - [2026-09-21T02:59:46.642+0000] {dagbag.py:541} INFO - Filling up the DagBag from /opt/airflow/dags/3_python_operator.py
[2026-09-21T02:59:46.648+0000] {processor.py:809} INFO - DAG(s) dict_keys(['3-pythonoperator']) retrieved from /opt/airflow/dags/3_python_operator.py
[2026-09-21T02:59:46.737+0000] {logging_mixin.py:149} INFO - [2026-09-21T02:59:46.737+0000] {dag.py:2726} INFO - Sync 1 DAGs
[2026-09-21T02:59:46.783+0000] {logging_mixin.py:149} INFO - [2026-09-21T02:59:46.783+0000] {dag.py:3490} INFO - Setting next_dagrun for 3-pythonoperator to None, run_after=None
[2026-09-21T02:59:46.833+0000] {processor.py:178} INFO - Processing /opt/airflow/dags/3_python_operator.py took 0.202 seconds
[2026-09-21T03:00:17.603+0000] {processor.py:156} INFO - Started process (PID=1443) to work on /opt/airflow/dags/3_python_operator.py
[2026-09-21T03:00:17.605+0000] {processor.py:799} INFO - Processing file /opt/airflow/dags/3_python_operator.py for tasks to queue
[2026-09-21T03:00:17.606+0000] {logging_mixin.py:149} INFO - [2026-09-21T03:00:17.605+0000] {dagbag.py:541} INFO - Filling up the DagBag from /opt/airflow/dags/3_python_operator.py
[2026-09-21T03:00:17.610+0000] {processor.py:809} INFO - DAG(s) dict_keys(['3-pythonoperator']) retrieved from /opt/airflow/dags/3_python_operator.py
[2026-09-21T03:00:17.678+0000] {logging_mixin.py:149} INFO - [2026-09-21T03:00:17.677+0000] {dag.py:2726} INFO - Sync 1 DAGs
[2026-09-21T03:00:17.723+0000] {logging_mixin.py:149} INFO - [2026-09-21T03:00:17.723+0000] {dag.py:3490} INFO - Setting next_dagrun for 3-pythonoperator to None, run_after=None
[2026-09-21T03:00:17.758+0000] {processor.py:178} INFO - Processing /opt/airflow/dags/3_python_operator.py took 0.165 seconds
[2026-09-21T03:00:48.416+0000] {processor.py:156} INFO - Started process (PID=1454) to work on /opt/airflow/dags/3_python_operator.py
[2026-09-21T03:00:48.419+0000] {processor.py:799} INFO - Processing file /opt/airflow/dags/3_python_operator.py for tasks to queue
[2026-09-21T03:00:48.420+0000] {logging_mixin.py:149} INFO - [2026-09-21T03:00:48.419+0000] {dagbag.py:541} INFO - Filling up the DagBag from /opt/airflow/dags/3_python_operator.py
[2026-09-21T03:00:48.424+0000] {processor.py:809} INFO - DAG(s) dict_keys(['3-pythonoperator']) retrieved from /opt/airflow/dags/3_python_operator.py
[2026-09-21T03:00:48.467+0000] {logging_mixin.py:149} INFO - [2026-09-21T03:00:48.467+0000] {dag.py:2726} INFO - Sync 1 DAGs
[2026-09-21T03:00:48.495+0000] {logging_mixin.py:149} INFO - [2026-09-21T03:00:48.495+0000] {dag.py:3490} INFO - Setting next_dagrun for 3-pythonoperator to None, run_after=None
[2026-09-21T03:00:48.515+0000] {processor.py:178} INFO - Processing /opt/airflow/dags/3_python_operator.py took 0.104 seconds
[2026-09-21T03:01:19.404+0000] {processor.py:156} INFO - Started process (PID=1465) to work on /opt/airflow/dags/3_python_operator.py
[2026-09-21T03:01:19.410+0000] {processor.py:799} INFO - Processing file /opt/airflow/dags/3_python_operator.py for tasks to queue
[2026-09-21T03:01:19.412+0000] {logging_mixin.py:149} INFO - [2026-09-21T03:01:19.411+0000] {dagbag.py:541} INFO - Filling up the DagBag from /opt/airflow/dags/3_python_operator.py
[2026-09-21T03:01:19.421+0000] {processor.py:809} INFO - DAG(s) dict_keys(['3-pythonoperator']) retrieved from /opt/airflow/dags/3_python_operator.py
[2026-09-21T03:01:19.499+0000] {logging_mixin.py:149} INFO - [2026-09-21T03:01:19.499+0000] {dag.py:2726} INFO - Sync 1 DAGs
[2026-09-21T03:01:19.543+0000] {logging_mixin.py:149} INFO - [2026-09-21T03:01:19.542+0000] {dag.py:3490} INFO - Setting next_dagrun for 3-pythonoperator to None, run_after=None
[2026-09-21T03:01:19.581+0000] {processor.py:178} INFO - Processing /opt/airflow/dags/3_python_operator.py took 0.188 seconds
[2026-09-21T03:01:49.767+0000] {processor.py:156} INFO - Started process (PID=1476) to work on /opt/airflow/dags/3_python_operator.py
[2026-09-21T03:01:49.772+0000] {processor.py:799} INFO - Processing file /opt/airflow/dags/3_python_operator.py for tasks to queue
[2026-09-21T03:01:49.773+0000] {logging_mixin.py:149} INFO - [2026-09-21T03:01:49.773+0000] {dagbag.py:541} INFO - Filling up the DagBag from /opt/airflow/dags/3_python_operator.py
[2026-09-21T03:01:49.790+0000] {processor.py:809} INFO - DAG(s) dict_keys(['3-pythonoperator']) retrieved from /opt/airflow/dags/3_python_operator.py
[2026-09-21T03:01:49.872+0000] {logging_mixin.py:149} INFO - [2026-09-21T03:01:49.872+0000] {dag.py:2726} INFO - Sync 1 DAGs
[2026-09-21T03:01:49.925+0000] {logging_mixin.py:149} INFO - [2026-09-21T03:01:49.924+0000] {dag.py:3490} INFO - Setting next_dagrun for 3-pythonoperator to None, run_after=None
[2026-09-21T03:01:49.989+0000] {processor.py:178} INFO - Processing /opt/airflow/dags/3_python_operator.py took 0.241 seconds
[2026-09-21T03:02:20.953+0000] {processor.py:156} INFO - Started process (PID=1487) to work on /opt/airflow/dags/3_python_operator.py
[2026-09-21T03:02:20.959+0000] {processor.py:799} INFO - Processing file /opt/airflow/dags/3_python_operator.py for tasks to queue
[2026-09-21T03:02:20.960+0000] {logging_mixin.py:149} INFO - [2026-09-21T03:02:20.960+0000] {dagbag.py:541} INFO - Filling up the DagBag from /opt/airflow/dags/3_python_operator.py
[2026-09-21T03:02:20.967+0000] {processor.py:809} INFO - DAG(s) dict_keys(['3-pythonoperator']) retrieved from /opt/airflow/dags/3_python_operator.py
[2026-09-21T03:02:21.073+0000] {logging_mixin.py:149} INFO - [2026-09-21T03:02:21.073+0000] {dag.py:2726} INFO - Sync 1 DAGs
[2026-09-21T03:02:21.138+0000] {logging_mixin.py:149} INFO - [2026-09-21T03:02:21.137+0000] {dag.py:3490} INFO - Setting next_dagrun for 3-pythonoperator to None, run_after=None
[2026-09-21T03:02:21.179+0000] {processor.py:178} INFO - Processing /opt/airflow/dags/3_python_operator.py took 0.239 seconds
[2026-09-21T03:02:51.283+0000] {processor.py:156} INFO - Started process (PID=1498) to work on /opt/airflow/dags/3_python_operator.py
[2026-09-21T03:02:51.284+0000] {processor.py:799} INFO - Processing file /opt/airflow/dags/3_python_operator.py for tasks to queue
[2026-09-21T03:02:51.286+0000] {logging_mixin.py:149} INFO - [2026-09-21T03:02:51.285+0000] {dagbag.py:541} INFO - Filling up the DagBag from /opt/airflow/dags/3_python_operator.py
[2026-09-21T03:02:51.294+0000] {processor.py:809} INFO - DAG(s) dict_keys(['3-pythonoperator']) retrieved from /opt/airflow/dags/3_python_operator.py
[2026-09-21T03:02:51.352+0000] {logging_mixin.py:149} INFO - [2026-09-21T03:02:51.352+0000] {dag.py:2726} INFO - Sync 1 DAGs
[2026-09-21T03:02:51.390+0000] {logging_mixin.py:149} INFO - [2026-09-21T03:02:51.390+0000] {dag.py:3490} INFO - Setting next_dagrun for 3-pythonoperator to None, run_after=None
[2026-09-21T03:02:51.444+0000] {processor.py:178} INFO - Processing /opt/airflow/dags/3_python_operator.py took 0.170 seconds
[2026-09-21T03:03:22.223+0000] {processor.py:156} INFO - Started process (PID=1509) to work on /opt/airflow/dags/3_python_operator.py
[2026-09-21T03:03:22.226+0000] {processor.py:799} INFO - Processing file /opt/airflow/dags/3_python_operator.py for tasks to queue
[2026-09-21T03:03:22.227+0000] {logging_mixin.py:149} INFO - [2026-09-21T03:03:22.226+0000] {dagbag.py:541} INFO - Filling up the DagBag from /opt/airflow/dags/3_python_operator.py
[2026-09-21T03:03:22.232+0000] {processor.py:809} INFO - DAG(s) dict_keys(['3-pythonoperator']) retrieved from /opt/airflow/dags/3_python_operator.py
[2026-09-21T03:03:22.296+0000] {logging_mixin.py:149} INFO - [2026-09-21T03:03:22.296+0000] {dag.py:2726} INFO - Sync 1 DAGs
[2026-09-21T03:03:22.341+0000] {logging_mixin.py:149} INFO - [2026-09-21T03:03:22.340+0000] {dag.py:3490} INFO - Setting next_dagrun for 3-pythonoperator to None, run_after=None
[2026-09-21T03:03:22.369+0000] {processor.py:178} INFO - Processing /opt/airflow/dags/3_python_operator.py took 0.152 seconds
[2026-09-21T03:03:53.150+0000] {processor.py:156} INFO - Started process (PID=1520) to work on /opt/airflow/dags/3_python_operator.py
[2026-09-21T03:03:53.151+0000] {processor.py:799} INFO - Processing file /opt/airflow/dags/3_python_operator.py for tasks to queue
[2026-09-21T03:03:53.152+0000] {logging_mixin.py:149} INFO - [2026-09-21T03:03:53.152+0000] {dagbag.py:541} INFO - Filling up the DagBag from /opt/airflow/dags/3_python_operator.py
[2026-09-21T03:03:53.157+0000] {processor.py:809} INFO - DAG(s) dict_keys(['3-pythonoperator']) retrieved from /opt/airflow/dags/3_python_operator.py
[2026-09-21T03:03:53.195+0000] {logging_mixin.py:149} INFO - [2026-09-21T03:03:53.194+0000] {dag.py:2726} INFO - Sync 1 DAGs
[2026-09-21T03:03:53.224+0000] {logging_mixin.py:149} INFO - [2026-09-21T03:03:53.224+0000] {dag.py:3490} INFO - Setting next_dagrun for 3-pythonoperator to None, run_after=None
[2026-09-21T03:03:53.245+0000] {processor.py:178} INFO - Processing /opt/airflow/dags/3_python_operator.py took 0.104 seconds
[2026-09-21T03:04:23.278+0000] {processor.py:156} INFO - Started process (PID=1530) to work on /opt/airflow/dags/3_python_operator.py
[2026-09-21T03:04:23.281+0000] {processor.py:799} INFO - Processing file /opt/airflow/dags/3_python_operator.py for tasks to queue
[2026-09-21T03:04:23.282+0000] {logging_mixin.py:149} INFO - [2026-09-21T03:04:23.281+0000] {dagbag.py:541} INFO - Filling up the DagBag from /opt/airflow/dags/3_python_operator.py
[2026-09-21T03:04:23.288+0000] {processor.py:809} INFO - DAG(s) dict_keys(['3-pythonoperator']) retrieved from /opt/airflow/dags/3_python_operator.py
[2026-09-21T03:04:23.344+0000] {logging_mixin.py:149} INFO - [2026-09-21T03:04:23.344+0000] {dag.py:2726} INFO - Sync 1 DAGs
[2026-09-21T03:04:23.385+0000] {logging_mixin.py:149} INFO - [2026-09-21T03:04:23.384+0000] {dag.py:3490} INFO - Setting next_dagrun for 3-pythonoperator to None, run_after=None
[2026-09-21T03:04:23.419+0000] {processor.py:178} INFO - Processing /opt/airflow/dags/3_python_operator.py took 0.147 seconds
[2026-09-21T03:04:53.541+0000] {processor.py:156} INFO - Started process (PID=1541) to work on /opt/airflow/dags/3_python_operator.py
[2026-09-21T03:04:53.542+0000] {processor.py:799} INFO - Processing file /opt/airflow/dags/3_python_operator.py for tasks to queue
[2026-09-21T03:04:53.543+0000] {logging_mixin.py:149} INFO - [2026-09-21T03:04:53.543+0000] {dagbag.py:541} INFO - Filling up the DagBag from /opt/airflow/dags/3_python_operator.py
[2026-09-21T03:04:53.547+0000] {processor.py:809} INFO - DAG(s) dict_keys(['3-pythonoperator']) retrieved from /opt/airflow/dags/3_python_operator.py
[2026-09-21T03:04:53.618+0000] {logging_mixin.py:149} INFO - [2026-09-21T03:04:53.617+0000] {dag.py:2726} INFO - Sync 1 DAGs
[2026-09-21T03:04:53.658+0000] {logging_mixin.py:149} INFO - [2026-09-21T03:04:53.658+0000] {dag.py:3490} INFO - Setting next_dagrun for 3-pythonoperator to None, run_after=None
[2026-09-21T03:04:53.683+0000] {processor.py:178} INFO - Processing /opt/airflow/dags/3_python_operator.py took 0.149 seconds
[2026-09-21T03:05:23.965+0000] {processor.py:156} INFO - Started process (PID=1552) to work on /opt/airflow/dags/3_python_operator.py
[2026-09-21T03:05:23.967+0000] {processor.py:799} INFO - Processing file /opt/airflow/dags/3_python_operator.py for tasks to queue
[2026-09-21T03:05:23.969+0000] {logging_mixin.py:149} INFO - [2026-09-21T03:05:23.969+0000] {dagbag.py:541} INFO - Filling up the DagBag from /opt/airflow/dags/3_python_operator.py
[2026-09-21T03:05:23.977+0000] {processor.py:809} INFO - DAG(s) dict_keys(['3-pythonoperator']) retrieved from /opt/airflow/dags/3_python_operator.py
[2026-09-21T03:05:24.041+0000] {logging_mixin.py:149} INFO - [2026-09-21T03:05:24.040+0000] {dag.py:2726} INFO - Sync 1 DAGs
[2026-09-21T03:05:24.080+0000] {logging_mixin.py:149} INFO - [2026-09-21T03:05:24.080+0000] {dag.py:3490} INFO - Setting next_dagrun for 3-pythonoperator to None, run_after=None
[2026-09-21T03:05:24.115+0000] {processor.py:178} INFO - Processing /opt/airflow/dags/3_python_operator.py took 0.162 seconds
[2026-09-21T03:05:54.895+0000] {processor.py:156} INFO - Started process (PID=1564) to work on /opt/airflow/dags/3_python_operator.py
[2026-09-21T03:05:54.897+0000] {processor.py:799} INFO - Processing file /opt/airflow/dags/3_python_operator.py for tasks to queue
[2026-09-21T03:05:54.898+0000] {logging_mixin.py:149} INFO - [2026-09-21T03:05:54.898+0000] {dagbag.py:541} INFO - Filling up the DagBag from /opt/airflow/dags/3_python_operator.py
[2026-09-21T03:05:54.902+0000] {processor.py:809} INFO - DAG(s) dict_keys(['3-pythonoperator']) retrieved from /opt/airflow/dags/3_python_operator.py
[2026-09-21T03:05:54.952+0000] {logging_mixin.py:149} INFO - [2026-09-21T03:05:54.952+0000] {dag.py:2726} INFO - Sync 1 DAGs
[2026-09-21T03:05:54.979+0000] {logging_mixin.py:149} INFO - [2026-09-21T03:05:54.979+0000] {dag.py:3490} INFO - Setting next_dagrun for 3-pythonoperator to None, run_after=None
[2026-09-21T03:05:55.001+0000] {processor.py:178} INFO - Processing /opt/airflow/dags/3_python_operator.py took 0.110 seconds
[2026-09-21T03:06:26.077+0000] {processor.py:156} INFO - Started process (PID=1575) to work on /opt/airflow/dags/3_python_operator.py
[2026-09-21T03:06:26.083+0000] {processor.py:799} INFO - Processing file /opt/airflow/dags/3_python_operator.py for tasks to queue
[2026-09-21T03:06:26.085+0000] {logging_mixin.py:149} INFO - [2026-09-21T03:06:26.085+0000] {dagbag.py:541} INFO - Filling up the DagBag from /opt/airflow/dags/3_python_operator.py
[2026-09-21T03:06:26.093+0000] {processor.py:809} INFO - DAG(s) dict_keys(['3-pythonoperator']) retrieved from /opt/airflow/dags/3_python_operator.py
[2026-09-21T03:06:26.151+0000] {logging_mixin.py:149} INFO - [2026-09-21T03:06:26.151+0000] {dag.py:2726} INFO - Sync 1 DAGs
[2026-09-21T03:06:26.195+0000] {logging_mixin.py:149} INFO - [2026-09-21T03:06:26.194+0000] {dag.py:3490} INFO - Setting next_dagrun for 3-pythonoperator to None, run_after=None
[2026-09-21T03:06:26.231+0000] {processor.py:178} INFO - Processing /opt/airflow/dags/3_python_operator.py took 0.161 seconds
[2026-09-21T03:06:56.309+0000] {processor.py:156} INFO - Started process (PID=1586) to work on /opt/airflow/dags/3_python_operator.py
[2026-09-21T03:06:56.310+0000] {processor.py:799} INFO - Processing file /opt/airflow/dags/3_python_operator.py for tasks to queue
[2026-09-21T03:06:56.311+0000] {logging_mixin.py:149} INFO - [2026-09-21T03:06:56.311+0000] {dagbag.py:541} INFO - Filling up the DagBag from /opt/airflow/dags/3_python_operator.py
[2026-09-21T03:06:56.318+0000] {processor.py:809} INFO - DAG(s) dict_keys(['3-pythonoperator']) retrieved from /opt/airflow/dags/3_python_operator.py
[2026-09-21T03:06:56.374+0000] {logging_mixin.py:149} INFO - [2026-09-21T03:06:56.374+0000] {dag.py:2726} INFO - Sync 1 DAGs
[2026-09-21T03:06:56.407+0000] {logging_mixin.py:149} INFO - [2026-09-21T03:06:56.407+0000] {dag.py:3490} INFO - Setting next_dagrun for 3-pythonoperator to None, run_after=None
[2026-09-21T03:06:56.446+0000] {processor.py:178} INFO - Processing /opt/airflow/dags/3_python_operator.py took 0.143 seconds
[2026-09-21T03:07:11.730+0000] {processor.py:156} INFO - Started process (PID=1597) to work on /opt/airflow/dags/3_python_operator.py
[2026-09-21T03:07:11.734+0000] {processor.py:799} INFO - Processing file /opt/airflow/dags/3_python_operator.py for tasks to queue
[2026-09-21T03:07:11.736+0000] {logging_mixin.py:149} INFO - [2026-09-21T03:07:11.735+0000] {dagbag.py:541} INFO - Filling up the DagBag from /opt/airflow/dags/3_python_operator.py
[2026-09-21T03:07:11.747+0000] {processor.py:809} INFO - DAG(s) dict_keys(['3-pythonoperator']) retrieved from /opt/airflow/dags/3_python_operator.py
[2026-09-21T03:07:11.820+0000] {logging_mixin.py:149} INFO - [2026-09-21T03:07:11.820+0000] {dag.py:2726} INFO - Sync 1 DAGs
[2026-09-21T03:07:11.863+0000] {logging_mixin.py:149} INFO - [2026-09-21T03:07:11.863+0000] {dag.py:3490} INFO - Setting next_dagrun for 3-pythonoperator to None, run_after=None
[2026-09-21T03:07:11.904+0000] {processor.py:178} INFO - Processing /opt/airflow/dags/3_python_operator.py took 0.183 seconds
[2026-09-21T03:07:43.005+0000] {processor.py:156} INFO - Started process (PID=1608) to work on /opt/airflow/dags/3_python_operator.py
[2026-09-21T03:07:43.008+0000] {processor.py:799} INFO - Processing file /opt/airflow/dags/3_python_operator.py for tasks to queue
[2026-09-21T03:07:43.009+0000] {logging_mixin.py:149} INFO - [2026-09-21T03:07:43.009+0000] {dagbag.py:541} INFO - Filling up the DagBag from /opt/airflow/dags/3_python_operator.py
[2026-09-21T03:07:43.016+0000] {processor.py:809} INFO - DAG(s) dict_keys(['3-pythonoperator']) retrieved from /opt/airflow/dags/3_python_operator.py
[2026-09-21T03:07:43.083+0000] {logging_mixin.py:149} INFO - [2026-09-21T03:07:43.083+0000] {dag.py:2726} INFO - Sync 1 DAGs
[2026-09-21T03:07:43.130+0000] {logging_mixin.py:149} INFO - [2026-09-21T03:07:43.129+0000] {dag.py:3490} INFO - Setting next_dagrun for 3-pythonoperator to None, run_after=None
[2026-09-21T03:07:43.159+0000] {processor.py:178} INFO - Processing /opt/airflow/dags/3_python_operator.py took 0.163 seconds
[2026-09-21T03:08:14.080+0000] {processor.py:156} INFO - Started process (PID=1619) to work on /opt/airflow/dags/3_python_operator.py
[2026-09-21T03:08:14.081+0000] {processor.py:799} INFO - Processing file /opt/airflow/dags/3_python_operator.py for tasks to queue
[2026-09-21T03:08:14.082+0000] {logging_mixin.py:149} INFO - [2026-09-21T03:08:14.082+0000] {dagbag.py:541} INFO - Filling up the DagBag from /opt/airflow/dags/3_python_operator.py
[2026-09-21T03:08:14.088+0000] {processor.py:809} INFO - DAG(s) dict_keys(['3-pythonoperator']) retrieved from /opt/airflow/dags/3_python_operator.py
[2026-09-21T03:08:14.154+0000] {logging_mixin.py:149} INFO - [2026-09-21T03:08:14.154+0000] {dag.py:2726} INFO - Sync 1 DAGs
[2026-09-21T03:08:14.192+0000] {logging_mixin.py:149} INFO - [2026-09-21T03:08:14.191+0000] {dag.py:3490} INFO - Setting next_dagrun for 3-pythonoperator to None, run_after=None
[2026-09-21T03:08:14.228+0000] {processor.py:178} INFO - Processing /opt/airflow/dags/3_python_operator.py took 0.154 seconds
[2026-09-21T03:08:44.301+0000] {processor.py:156} INFO - Started process (PID=1630) to work on /opt/airflow/dags/3_python_operator.py
[2026-09-21T03:08:44.303+0000] {processor.py:799} INFO - Processing file /opt/airflow/dags/3_python_operator.py for tasks to queue
[2026-09-21T03:08:44.304+0000] {logging_mixin.py:149} INFO - [2026-09-21T03:08:44.303+0000] {dagbag.py:541} INFO - Filling up the DagBag from /opt/airflow/dags/3_python_operator.py
[2026-09-21T03:08:44.310+0000] {processor.py:809} INFO - DAG(s) dict_keys(['3-pythonoperator']) retrieved from /opt/airflow/dags/3_python_operator.py
[2026-09-21T03:08:44.370+0000] {logging_mixin.py:149} INFO - [2026-09-21T03:08:44.370+0000] {dag.py:2726} INFO - Sync 1 DAGs
[2026-09-21T03:08:44.409+0000] {logging_mixin.py:149} INFO - [2026-09-21T03:08:44.409+0000] {dag.py:3490} INFO - Setting next_dagrun for 3-pythonoperator to None, run_after=None
[2026-09-21T03:08:44.438+0000] {processor.py:178} INFO - Processing /opt/airflow/dags/3_python_operator.py took 0.144 seconds
[2026-09-21T03:09:13.820+0000] {processor.py:156} INFO - Started process (PID=1643) to work on /opt/airflow/dags/3_python_operator.py
[2026-09-21T03:09:13.821+0000] {processor.py:799} INFO - Processing file /opt/airflow/dags/3_python_operator.py for tasks to queue
[2026-09-21T03:09:13.822+0000] {logging_mixin.py:149} INFO - [2026-09-21T03:09:13.822+0000] {dagbag.py:541} INFO - Filling up the DagBag from /opt/airflow/dags/3_python_operator.py
[2026-09-21T03:09:13.828+0000] {processor.py:809} INFO - DAG(s) dict_keys(['3-pythonoperator']) retrieved from /opt/airflow/dags/3_python_operator.py
[2026-09-21T03:09:13.895+0000] {logging_mixin.py:149} INFO - [2026-09-21T03:09:13.894+0000] {dag.py:2726} INFO - Sync 1 DAGs
[2026-09-21T03:09:13.938+0000] {logging_mixin.py:149} INFO - [2026-09-21T03:09:13.937+0000] {dag.py:3490} INFO - Setting next_dagrun for 3-pythonoperator to None, run_after=None
[2026-09-21T03:09:13.988+0000] {processor.py:178} INFO - Processing /opt/airflow/dags/3_python_operator.py took 0.174 seconds
[2026-09-21T03:09:44.079+0000] {processor.py:156} INFO - Started process (PID=1654) to work on /opt/airflow/dags/3_python_operator.py
[2026-09-21T03:09:44.081+0000] {processor.py:799} INFO - Processing file /opt/airflow/dags/3_python_operator.py for tasks to queue
[2026-09-21T03:09:44.082+0000] {logging_mixin.py:149} INFO - [2026-09-21T03:09:44.082+0000] {dagbag.py:541} INFO - Filling up the DagBag from /opt/airflow/dags/3_python_operator.py
[2026-09-21T03:09:44.088+0000] {processor.py:809} INFO - DAG(s) dict_keys(['3-pythonoperator']) retrieved from /opt/airflow/dags/3_python_operator.py
[2026-09-21T03:09:44.140+0000] {logging_mixin.py:149} INFO - [2026-09-21T03:09:44.139+0000] {dag.py:2726} INFO - Sync 1 DAGs
[2026-09-21T03:09:44.188+0000] {logging_mixin.py:149} INFO - [2026-09-21T03:09:44.187+0000] {dag.py:3490} INFO - Setting next_dagrun for 3-pythonoperator to None, run_after=None
[2026-09-21T03:09:44.223+0000] {processor.py:178} INFO - Processing /opt/airflow/dags/3_python_operator.py took 0.150 seconds
[2026-09-21T03:10:14.305+0000] {processor.py:156} INFO - Started process (PID=1665) to work on /opt/airflow/dags/3_python_operator.py
[2026-09-21T03:10:14.307+0000] {processor.py:799} INFO - Processing file /opt/airflow/dags/3_python_operator.py for tasks to queue
[2026-09-21T03:10:14.308+0000] {logging_mixin.py:149} INFO - [2026-09-21T03:10:14.307+0000] {dagbag.py:541} INFO - Filling up the DagBag from /opt/airflow/dags/3_python_operator.py
[2026-09-21T03:10:14.313+0000] {processor.py:809} INFO - DAG(s) dict_keys(['3-pythonoperator']) retrieved from /opt/airflow/dags/3_python_operator.py
[2026-09-21T03:10:14.362+0000] {logging_mixin.py:149} INFO - [2026-09-21T03:10:14.362+0000] {dag.py:2726} INFO - Sync 1 DAGs
[2026-09-21T03:10:14.401+0000] {logging_mixin.py:149} INFO - [2026-09-21T03:10:14.401+0000] {dag.py:3490} INFO - Setting next_dagrun for 3-pythonoperator to None, run_after=None
[2026-09-21T03:10:14.444+0000] {processor.py:178} INFO - Processing /opt/airflow/dags/3_python_operator.py took 0.146 seconds
[2026-09-21T03:10:44.592+0000] {processor.py:156} INFO - Started process (PID=1676) to work on /opt/airflow/dags/3_python_operator.py
[2026-09-21T03:10:44.594+0000] {processor.py:799} INFO - Processing file /opt/airflow/dags/3_python_operator.py for tasks to queue
[2026-09-21T03:10:44.595+0000] {logging_mixin.py:149} INFO - [2026-09-21T03:10:44.595+0000] {dagbag.py:541} INFO - Filling up the DagBag from /opt/airflow/dags/3_python_operator.py
[2026-09-21T03:10:44.601+0000] {processor.py:809} INFO - DAG(s) dict_keys(['3-pythonoperator']) retrieved from /opt/airflow/dags/3_python_operator.py
[2026-09-21T03:10:44.658+0000] {logging_mixin.py:149} INFO - [2026-09-21T03:10:44.658+0000] {dag.py:2726} INFO - Sync 1 DAGs
[2026-09-21T03:10:44.698+0000] {logging_mixin.py:149} INFO - [2026-09-21T03:10:44.698+0000] {dag.py:3490} INFO - Setting next_dagrun for 3-pythonoperator to None, run_after=None
[2026-09-21T03:10:44.735+0000] {processor.py:178} INFO - Processing /opt/airflow/dags/3_python_operator.py took 0.151 seconds
[2026-09-21T03:11:14.820+0000] {processor.py:156} INFO - Started process (PID=1687) to work on /opt/airflow/dags/3_python_operator.py
[2026-09-21T03:11:14.821+0000] {processor.py:799} INFO - Processing file /opt/airflow/dags/3_python_operator.py for tasks to queue
[2026-09-21T03:11:14.822+0000] {logging_mixin.py:149} INFO - [2026-09-21T03:11:14.822+0000] {dagbag.py:541} INFO - Filling up the DagBag from /opt/airflow/dags/3_python_operator.py
[2026-09-21T03:11:14.828+0000] {processor.py:809} INFO - DAG(s) dict_keys(['3-pythonoperator']) retrieved from /opt/airflow/dags/3_python_operator.py
[2026-09-21T03:11:14.878+0000] {logging_mixin.py:149} INFO - [2026-09-21T03:11:14.878+0000] {dag.py:2726} INFO - Sync 1 DAGs
[2026-09-21T03:11:14.919+0000] {logging_mixin.py:149} INFO - [2026-09-21T03:11:14.919+0000] {dag.py:3490} INFO - Setting next_dagrun for 3-pythonoperator to None, run_after=None
[2026-09-21T03:11:14.952+0000] {processor.py:178} INFO - Processing /opt/airflow/dags/3_python_operator.py took 0.139 seconds
[2026-09-21T03:11:45.225+0000] {processor.py:156} INFO - Started process (PID=1698) to work on /opt/airflow/dags/3_python_operator.py
[2026-09-21T03:11:45.229+0000] {processor.py:799} INFO - Processing file /opt/airflow/dags/3_python_operator.py for tasks to queue
[2026-09-21T03:11:45.231+0000] {logging_mixin.py:149} INFO - [2026-09-21T03:11:45.231+0000] {dagbag.py:541} INFO - Filling up the DagBag from /opt/airflow/dags/3_python_operator.py
[2026-09-21T03:11:45.238+0000] {processor.py:809} INFO - DAG(s) dict_keys(['3-pythonoperator']) retrieved from /opt/airflow/dags/3_python_operator.py
[2026-09-21T03:11:45.290+0000] {logging_mixin.py:149} INFO - [2026-09-21T03:11:45.290+0000] {dag.py:2726} INFO - Sync 1 DAGs
[2026-09-21T03:11:45.331+0000] {logging_mixin.py:149} INFO - [2026-09-21T03:11:45.331+0000] {dag.py:3490} INFO - Setting next_dagrun for 3-pythonoperator to None, run_after=None
[2026-09-21T03:11:45.363+0000] {processor.py:178} INFO - Processing /opt/airflow/dags/3_python_operator.py took 0.145 seconds
[2026-09-21T03:12:15.579+0000] {processor.py:156} INFO - Started process (PID=1709) to work on /opt/airflow/dags/3_python_operator.py
[2026-09-21T03:12:15.580+0000] {processor.py:799} INFO - Processing file /opt/airflow/dags/3_python_operator.py for tasks to queue
[2026-09-21T03:12:15.581+0000] {logging_mixin.py:149} INFO - [2026-09-21T03:12:15.581+0000] {dagbag.py:541} INFO - Filling up the DagBag from /opt/airflow/dags/3_python_operator.py
[2026-09-21T03:12:15.593+0000] {processor.py:809} INFO - DAG(s) dict_keys(['3-pythonoperator']) retrieved from /opt/airflow/dags/3_python_operator.py
[2026-09-21T03:12:15.674+0000] {logging_mixin.py:149} INFO - [2026-09-21T03:12:15.674+0000] {dag.py:2726} INFO - Sync 1 DAGs
[2026-09-21T03:12:15.725+0000] {logging_mixin.py:149} INFO - [2026-09-21T03:12:15.725+0000] {dag.py:3490} INFO - Setting next_dagrun for 3-pythonoperator to None, run_after=None
[2026-09-21T03:12:15.758+0000] {processor.py:178} INFO - Processing /opt/airflow/dags/3_python_operator.py took 0.185 seconds
[2026-09-21T03:12:45.875+0000] {processor.py:156} INFO - Started process (PID=1720) to work on /opt/airflow/dags/3_python_operator.py
[2026-09-21T03:12:45.879+0000] {processor.py:799} INFO - Processing file /opt/airflow/dags/3_python_operator.py for tasks to queue
[2026-09-21T03:12:45.881+0000] {logging_mixin.py:149} INFO - [2026-09-21T03:12:45.880+0000] {dagbag.py:541} INFO - Filling up the DagBag from /opt/airflow/dags/3_python_operator.py
[2026-09-21T03:12:45.888+0000] {processor.py:809} INFO - DAG(s) dict_keys(['3-pythonoperator']) retrieved from /opt/airflow/dags/3_python_operator.py
[2026-09-21T03:12:45.953+0000] {logging_mixin.py:149} INFO - [2026-09-21T03:12:45.953+0000] {dag.py:2726} INFO - Sync 1 DAGs
[2026-09-21T03:12:46.004+0000] {logging_mixin.py:149} INFO - [2026-09-21T03:12:46.003+0000] {dag.py:3490} INFO - Setting next_dagrun for 3-pythonoperator to None, run_after=None
[2026-09-21T03:12:46.058+0000] {processor.py:178} INFO - Processing /opt/airflow/dags/3_python_operator.py took 0.193 seconds
[2026-09-21T03:13:16.140+0000] {processor.py:156} INFO - Started process (PID=1731) to work on /opt/airflow/dags/3_python_operator.py
[2026-09-21T03:13:16.141+0000] {processor.py:799} INFO - Processing file /opt/airflow/dags/3_python_operator.py for tasks to queue
[2026-09-21T03:13:16.143+0000] {logging_mixin.py:149} INFO - [2026-09-21T03:13:16.142+0000] {dagbag.py:541} INFO - Filling up the DagBag from /opt/airflow/dags/3_python_operator.py
[2026-09-21T03:13:16.149+0000] {processor.py:809} INFO - DAG(s) dict_keys(['3-pythonoperator']) retrieved from /opt/airflow/dags/3_python_operator.py
[2026-09-21T03:13:16.252+0000] {logging_mixin.py:149} INFO - [2026-09-21T03:13:16.252+0000] {dag.py:2726} INFO - Sync 1 DAGs
[2026-09-21T03:13:16.285+0000] {logging_mixin.py:149} INFO - [2026-09-21T03:13:16.285+0000] {dag.py:3490} INFO - Setting next_dagrun for 3-pythonoperator to None, run_after=None
[2026-09-21T03:13:16.323+0000] {processor.py:178} INFO - Processing /opt/airflow/dags/3_python_operator.py took 0.192 seconds
[2026-09-21T03:13:46.500+0000] {processor.py:156} INFO - Started process (PID=1742) to work on /opt/airflow/dags/3_python_operator.py
[2026-09-21T03:13:46.502+0000] {processor.py:799} INFO - Processing file /opt/airflow/dags/3_python_operator.py for tasks to queue
[2026-09-21T03:13:46.503+0000] {logging_mixin.py:149} INFO - [2026-09-21T03:13:46.503+0000] {dagbag.py:541} INFO - Filling up the DagBag from /opt/airflow/dags/3_python_operator.py
[2026-09-21T03:13:46.509+0000] {processor.py:809} INFO - DAG(s) dict_keys(['3-pythonoperator']) retrieved from /opt/airflow/dags/3_python_operator.py
[2026-09-21T03:13:46.562+0000] {logging_mixin.py:149} INFO - [2026-09-21T03:13:46.561+0000] {dag.py:2726} INFO - Sync 1 DAGs
[2026-09-21T03:13:46.605+0000] {logging_mixin.py:149} INFO - [2026-09-21T03:13:46.605+0000] {dag.py:3490} INFO - Setting next_dagrun for 3-pythonoperator to None, run_after=None
[2026-09-21T03:13:46.646+0000] {processor.py:178} INFO - Processing /opt/airflow/dags/3_python_operator.py took 0.154 seconds
[2026-09-21T03:14:17.679+0000] {processor.py:156} INFO - Started process (PID=1753) to work on /opt/airflow/dags/3_python_operator.py
[2026-09-21T03:14:17.682+0000] {processor.py:799} INFO - Processing file /opt/airflow/dags/3_python_operator.py for tasks to queue
[2026-09-21T03:14:17.683+0000] {logging_mixin.py:149} INFO - [2026-09-21T03:14:17.682+0000] {dagbag.py:541} INFO - Filling up the DagBag from /opt/airflow/dags/3_python_operator.py
[2026-09-21T03:14:17.689+0000] {processor.py:809} INFO - DAG(s) dict_keys(['3-pythonoperator']) retrieved from /opt/airflow/dags/3_python_operator.py
[2026-09-21T03:14:17.740+0000] {logging_mixin.py:149} INFO - [2026-09-21T03:14:17.740+0000] {dag.py:2726} INFO - Sync 1 DAGs
[2026-09-21T03:14:17.779+0000] {logging_mixin.py:149} INFO - [2026-09-21T03:14:17.779+0000] {dag.py:3490} INFO - Setting next_dagrun for 3-pythonoperator to None, run_after=None
[2026-09-21T03:14:17.812+0000] {processor.py:178} INFO - Processing /opt/airflow/dags/3_python_operator.py took 0.138 seconds
[2026-09-21T03:14:48.857+0000] {processor.py:156} INFO - Started process (PID=1767) to work on /opt/airflow/dags/3_python_operator.py
[2026-09-21T03:14:48.860+0000] {processor.py:799} INFO - Processing file /opt/airflow/dags/3_python_operator.py for tasks to queue
[2026-09-21T03:14:48.862+0000] {logging_mixin.py:149} INFO - [2026-09-21T03:14:48.861+0000] {dagbag.py:541} INFO - Filling up the DagBag from /opt/airflow/dags/3_python_operator.py
[2026-09-21T03:14:48.868+0000] {processor.py:809} INFO - DAG(s) dict_keys(['3-pythonoperator']) retrieved from /opt/airflow/dags/3_python_operator.py
[2026-09-21T03:14:48.924+0000] {logging_mixin.py:149} INFO - [2026-09-21T03:14:48.923+0000] {dag.py:2726} INFO - Sync 1 DAGs
[2026-09-21T03:14:48.992+0000] {logging_mixin.py:149} INFO - [2026-09-21T03:14:48.978+0000] {dag.py:3490} INFO - Setting next_dagrun for 3-pythonoperator to None, run_after=None
[2026-09-21T03:14:49.044+0000] {processor.py:178} INFO - Processing /opt/airflow/dags/3_python_operator.py took 0.193 seconds
[2026-09-21T03:15:19.838+0000] {processor.py:156} INFO - Started process (PID=1781) to work on /opt/airflow/dags/3_python_operator.py
[2026-09-21T03:15:19.839+0000] {processor.py:799} INFO - Processing file /opt/airflow/dags/3_python_operator.py for tasks to queue
[2026-09-21T03:15:19.840+0000] {logging_mixin.py:149} INFO - [2026-09-21T03:15:19.840+0000] {dagbag.py:541} INFO - Filling up the DagBag from /opt/airflow/dags/3_python_operator.py
[2026-09-21T03:15:19.847+0000] {processor.py:809} INFO - DAG(s) dict_keys(['3-pythonoperator']) retrieved from /opt/airflow/dags/3_python_operator.py
[2026-09-21T03:15:19.902+0000] {logging_mixin.py:149} INFO - [2026-09-21T03:15:19.901+0000] {dag.py:2726} INFO - Sync 1 DAGs
[2026-09-21T03:15:19.952+0000] {logging_mixin.py:149} INFO - [2026-09-21T03:15:19.951+0000] {dag.py:3490} INFO - Setting next_dagrun for 3-pythonoperator to None, run_after=None
[2026-09-21T03:15:19.999+0000] {processor.py:178} INFO - Processing /opt/airflow/dags/3_python_operator.py took 0.167 seconds
[2026-09-21T03:15:50.750+0000] {processor.py:156} INFO - Started process (PID=1795) to work on /opt/airflow/dags/3_python_operator.py
[2026-09-21T03:15:50.752+0000] {processor.py:799} INFO - Processing file /opt/airflow/dags/3_python_operator.py for tasks to queue
[2026-09-21T03:15:50.753+0000] {logging_mixin.py:149} INFO - [2026-09-21T03:15:50.753+0000] {dagbag.py:541} INFO - Filling up the DagBag from /opt/airflow/dags/3_python_operator.py
[2026-09-21T03:15:50.760+0000] {processor.py:809} INFO - DAG(s) dict_keys(['3-pythonoperator']) retrieved from /opt/airflow/dags/3_python_operator.py
[2026-09-21T03:15:50.816+0000] {logging_mixin.py:149} INFO - [2026-09-21T03:15:50.815+0000] {dag.py:2726} INFO - Sync 1 DAGs
[2026-09-21T03:15:50.856+0000] {logging_mixin.py:149} INFO - [2026-09-21T03:15:50.856+0000] {dag.py:3490} INFO - Setting next_dagrun for 3-pythonoperator to None, run_after=None
[2026-09-21T03:15:50.884+0000] {processor.py:178} INFO - Processing /opt/airflow/dags/3_python_operator.py took 0.140 seconds
[2026-09-21T03:16:21.744+0000] {processor.py:156} INFO - Started process (PID=1809) to work on /opt/airflow/dags/3_python_operator.py
[2026-09-21T03:16:21.746+0000] {processor.py:799} INFO - Processing file /opt/airflow/dags/3_python_operator.py for tasks to queue
[2026-09-21T03:16:21.753+0000] {logging_mixin.py:149} INFO - [2026-09-21T03:16:21.746+0000] {dagbag.py:541} INFO - Filling up the DagBag from /opt/airflow/dags/3_python_operator.py
[2026-09-21T03:16:21.758+0000] {processor.py:809} INFO - DAG(s) dict_keys(['3-pythonoperator']) retrieved from /opt/airflow/dags/3_python_operator.py
[2026-09-21T03:16:21.847+0000] {logging_mixin.py:149} INFO - [2026-09-21T03:16:21.846+0000] {dag.py:2726} INFO - Sync 1 DAGs
[2026-09-21T03:16:21.893+0000] {logging_mixin.py:149} INFO - [2026-09-21T03:16:21.892+0000] {dag.py:3490} INFO - Setting next_dagrun for 3-pythonoperator to None, run_after=None
[2026-09-21T03:16:21.927+0000] {processor.py:178} INFO - Processing /opt/airflow/dags/3_python_operator.py took 0.191 seconds
[2026-09-21T03:16:51.965+0000] {processor.py:156} INFO - Started process (PID=1823) to work on /opt/airflow/dags/3_python_operator.py
[2026-09-21T03:16:51.968+0000] {processor.py:799} INFO - Processing file /opt/airflow/dags/3_python_operator.py for tasks to queue
[2026-09-21T03:16:51.969+0000] {logging_mixin.py:149} INFO - [2026-09-21T03:16:51.968+0000] {dagbag.py:541} INFO - Filling up the DagBag from /opt/airflow/dags/3_python_operator.py
[2026-09-21T03:16:51.974+0000] {processor.py:809} INFO - DAG(s) dict_keys(['3-pythonoperator']) retrieved from /opt/airflow/dags/3_python_operator.py
[2026-09-21T03:16:52.030+0000] {logging_mixin.py:149} INFO - [2026-09-21T03:16:52.029+0000] {dag.py:2726} INFO - Sync 1 DAGs
[2026-09-21T03:16:52.063+0000] {logging_mixin.py:149} INFO - [2026-09-21T03:16:52.063+0000] {dag.py:3490} INFO - Setting next_dagrun for 3-pythonoperator to None, run_after=None
[2026-09-21T03:16:52.090+0000] {processor.py:178} INFO - Processing /opt/airflow/dags/3_python_operator.py took 0.132 seconds
[2026-09-21T03:17:22.332+0000] {processor.py:156} INFO - Started process (PID=1837) to work on /opt/airflow/dags/3_python_operator.py
[2026-09-21T03:17:22.334+0000] {processor.py:799} INFO - Processing file /opt/airflow/dags/3_python_operator.py for tasks to queue
[2026-09-21T03:17:22.339+0000] {logging_mixin.py:149} INFO - [2026-09-21T03:17:22.339+0000] {dagbag.py:541} INFO - Filling up the DagBag from /opt/airflow/dags/3_python_operator.py
[2026-09-21T03:17:22.345+0000] {processor.py:809} INFO - DAG(s) dict_keys(['3-pythonoperator']) retrieved from /opt/airflow/dags/3_python_operator.py
[2026-09-21T03:17:22.394+0000] {logging_mixin.py:149} INFO - [2026-09-21T03:17:22.394+0000] {dag.py:2726} INFO - Sync 1 DAGs
[2026-09-21T03:17:22.430+0000] {logging_mixin.py:149} INFO - [2026-09-21T03:17:22.430+0000] {dag.py:3490} INFO - Setting next_dagrun for 3-pythonoperator to None, run_after=None
[2026-09-21T03:17:22.478+0000] {processor.py:178} INFO - Processing /opt/airflow/dags/3_python_operator.py took 0.154 seconds
[2026-09-21T03:17:52.695+0000] {processor.py:156} INFO - Started process (PID=1851) to work on /opt/airflow/dags/3_python_operator.py
[2026-09-21T03:17:52.697+0000] {processor.py:799} INFO - Processing file /opt/airflow/dags/3_python_operator.py for tasks to queue
[2026-09-21T03:17:52.699+0000] {logging_mixin.py:149} INFO - [2026-09-21T03:17:52.698+0000] {dagbag.py:541} INFO - Filling up the DagBag from /opt/airflow/dags/3_python_operator.py
[2026-09-21T03:17:52.704+0000] {processor.py:809} INFO - DAG(s) dict_keys(['3-pythonoperator']) retrieved from /opt/airflow/dags/3_python_operator.py
[2026-09-21T03:17:52.755+0000] {logging_mixin.py:149} INFO - [2026-09-21T03:17:52.755+0000] {dag.py:2726} INFO - Sync 1 DAGs
[2026-09-21T03:17:52.791+0000] {logging_mixin.py:149} INFO - [2026-09-21T03:17:52.791+0000] {dag.py:3490} INFO - Setting next_dagrun for 3-pythonoperator to None, run_after=None
[2026-09-21T03:17:52.818+0000] {processor.py:178} INFO - Processing /opt/airflow/dags/3_python_operator.py took 0.130 seconds
[2026-09-21T03:18:23.159+0000] {processor.py:156} INFO - Started process (PID=1865) to work on /opt/airflow/dags/3_python_operator.py
[2026-09-21T03:18:23.161+0000] {processor.py:799} INFO - Processing file /opt/airflow/dags/3_python_operator.py for tasks to queue
[2026-09-21T03:18:23.162+0000] {logging_mixin.py:149} INFO - [2026-09-21T03:18:23.162+0000] {dagbag.py:541} INFO - Filling up the DagBag from /opt/airflow/dags/3_python_operator.py
[2026-09-21T03:18:23.169+0000] {processor.py:809} INFO - DAG(s) dict_keys(['3-pythonoperator']) retrieved from /opt/airflow/dags/3_python_operator.py
[2026-09-21T03:18:23.223+0000] {logging_mixin.py:149} INFO - [2026-09-21T03:18:23.223+0000] {dag.py:2726} INFO - Sync 1 DAGs
[2026-09-21T03:18:23.258+0000] {logging_mixin.py:149} INFO - [2026-09-21T03:18:23.258+0000] {dag.py:3490} INFO - Setting next_dagrun for 3-pythonoperator to None, run_after=None
[2026-09-21T03:18:23.290+0000] {processor.py:178} INFO - Processing /opt/airflow/dags/3_python_operator.py took 0.138 seconds
[2026-09-21T03:18:51.533+0000] {processor.py:156} INFO - Started process (PID=1881) to work on /opt/airflow/dags/3_python_operator.py
[2026-09-21T03:18:51.540+0000] {processor.py:799} INFO - Processing file /opt/airflow/dags/3_python_operator.py for tasks to queue
[2026-09-21T03:18:51.541+0000] {logging_mixin.py:149} INFO - [2026-09-21T03:18:51.541+0000] {dagbag.py:541} INFO - Filling up the DagBag from /opt/airflow/dags/3_python_operator.py
[2026-09-21T03:18:51.550+0000] {processor.py:809} INFO - DAG(s) dict_keys(['3-pythonoperator']) retrieved from /opt/airflow/dags/3_python_operator.py
[2026-09-21T03:18:51.641+0000] {logging_mixin.py:149} INFO - [2026-09-21T03:18:51.641+0000] {dag.py:2726} INFO - Sync 1 DAGs
[2026-09-21T03:18:51.681+0000] {logging_mixin.py:149} INFO - [2026-09-21T03:18:51.681+0000] {dag.py:3490} INFO - Setting next_dagrun for 3-pythonoperator to None, run_after=None
[2026-09-21T03:18:51.709+0000] {processor.py:178} INFO - Processing /opt/airflow/dags/3_python_operator.py took 0.187 seconds
[2026-09-21T03:19:22.501+0000] {processor.py:156} INFO - Started process (PID=1895) to work on /opt/airflow/dags/3_python_operator.py
[2026-09-21T03:19:22.502+0000] {processor.py:799} INFO - Processing file /opt/airflow/dags/3_python_operator.py for tasks to queue
[2026-09-21T03:19:22.504+0000] {logging_mixin.py:149} INFO - [2026-09-21T03:19:22.504+0000] {dagbag.py:541} INFO - Filling up the DagBag from /opt/airflow/dags/3_python_operator.py
[2026-09-21T03:19:22.512+0000] {processor.py:809} INFO - DAG(s) dict_keys(['3-pythonoperator']) retrieved from /opt/airflow/dags/3_python_operator.py
[2026-09-21T03:19:22.586+0000] {logging_mixin.py:149} INFO - [2026-09-21T03:19:22.585+0000] {dag.py:2726} INFO - Sync 1 DAGs
[2026-09-21T03:19:22.624+0000] {logging_mixin.py:149} INFO - [2026-09-21T03:19:22.623+0000] {dag.py:3490} INFO - Setting next_dagrun for 3-pythonoperator to None, run_after=None
[2026-09-21T03:19:22.655+0000] {processor.py:178} INFO - Processing /opt/airflow/dags/3_python_operator.py took 0.161 seconds
[2026-09-21T03:19:53.404+0000] {processor.py:156} INFO - Started process (PID=1909) to work on /opt/airflow/dags/3_python_operator.py
[2026-09-21T03:19:53.407+0000] {processor.py:799} INFO - Processing file /opt/airflow/dags/3_python_operator.py for tasks to queue
[2026-09-21T03:19:53.409+0000] {logging_mixin.py:149} INFO - [2026-09-21T03:19:53.408+0000] {dagbag.py:541} INFO - Filling up the DagBag from /opt/airflow/dags/3_python_operator.py
[2026-09-21T03:19:53.416+0000] {processor.py:809} INFO - DAG(s) dict_keys(['3-pythonoperator']) retrieved from /opt/airflow/dags/3_python_operator.py
[2026-09-21T03:19:53.473+0000] {logging_mixin.py:149} INFO - [2026-09-21T03:19:53.473+0000] {dag.py:2726} INFO - Sync 1 DAGs
[2026-09-21T03:19:53.512+0000] {logging_mixin.py:149} INFO - [2026-09-21T03:19:53.511+0000] {dag.py:3490} INFO - Setting next_dagrun for 3-pythonoperator to None, run_after=None
[2026-09-21T03:19:53.540+0000] {processor.py:178} INFO - Processing /opt/airflow/dags/3_python_operator.py took 0.143 seconds
[2026-09-21T03:20:24.257+0000] {processor.py:156} INFO - Started process (PID=1923) to work on /opt/airflow/dags/3_python_operator.py
[2026-09-21T03:20:24.258+0000] {processor.py:799} INFO - Processing file /opt/airflow/dags/3_python_operator.py for tasks to queue
[2026-09-21T03:20:24.259+0000] {logging_mixin.py:149} INFO - [2026-09-21T03:20:24.259+0000] {dagbag.py:541} INFO - Filling up the DagBag from /opt/airflow/dags/3_python_operator.py
[2026-09-21T03:20:24.265+0000] {processor.py:809} INFO - DAG(s) dict_keys(['3-pythonoperator']) retrieved from /opt/airflow/dags/3_python_operator.py
[2026-09-21T03:20:24.321+0000] {logging_mixin.py:149} INFO - [2026-09-21T03:20:24.321+0000] {dag.py:2726} INFO - Sync 1 DAGs
[2026-09-21T03:20:24.365+0000] {logging_mixin.py:149} INFO - [2026-09-21T03:20:24.365+0000] {dag.py:3490} INFO - Setting next_dagrun for 3-pythonoperator to None, run_after=None
[2026-09-21T03:20:24.407+0000] {processor.py:178} INFO - Processing /opt/airflow/dags/3_python_operator.py took 0.157 seconds
[2026-09-21T03:20:55.123+0000] {processor.py:156} INFO - Started process (PID=1937) to work on /opt/airflow/dags/3_python_operator.py
[2026-09-21T03:20:55.125+0000] {processor.py:799} INFO - Processing file /opt/airflow/dags/3_python_operator.py for tasks to queue
[2026-09-21T03:20:55.126+0000] {logging_mixin.py:149} INFO - [2026-09-21T03:20:55.126+0000] {dagbag.py:541} INFO - Filling up the DagBag from /opt/airflow/dags/3_python_operator.py
[2026-09-21T03:20:55.132+0000] {processor.py:809} INFO - DAG(s) dict_keys(['3-pythonoperator']) retrieved from /opt/airflow/dags/3_python_operator.py
[2026-09-21T03:20:55.183+0000] {logging_mixin.py:149} INFO - [2026-09-21T03:20:55.183+0000] {dag.py:2726} INFO - Sync 1 DAGs
[2026-09-21T03:20:55.223+0000] {logging_mixin.py:149} INFO - [2026-09-21T03:20:55.222+0000] {dag.py:3490} INFO - Setting next_dagrun for 3-pythonoperator to None, run_after=None
[2026-09-21T03:20:55.254+0000] {processor.py:178} INFO - Processing /opt/airflow/dags/3_python_operator.py took 0.138 seconds
[2026-09-21T03:21:25.804+0000] {processor.py:156} INFO - Started process (PID=1951) to work on /opt/airflow/dags/3_python_operator.py
[2026-09-21T03:21:25.806+0000] {processor.py:799} INFO - Processing file /opt/airflow/dags/3_python_operator.py for tasks to queue
[2026-09-21T03:21:25.807+0000] {logging_mixin.py:149} INFO - [2026-09-21T03:21:25.807+0000] {dagbag.py:541} INFO - Filling up the DagBag from /opt/airflow/dags/3_python_operator.py
[2026-09-21T03:21:25.814+0000] {processor.py:809} INFO - DAG(s) dict_keys(['3-pythonoperator']) retrieved from /opt/airflow/dags/3_python_operator.py
[2026-09-21T03:21:25.878+0000] {logging_mixin.py:149} INFO - [2026-09-21T03:21:25.878+0000] {dag.py:2726} INFO - Sync 1 DAGs
[2026-09-21T03:21:25.926+0000] {logging_mixin.py:149} INFO - [2026-09-21T03:21:25.925+0000] {dag.py:3490} INFO - Setting next_dagrun for 3-pythonoperator to None, run_after=None
[2026-09-21T03:21:25.967+0000] {processor.py:178} INFO - Processing /opt/airflow/dags/3_python_operator.py took 0.173 seconds
[2026-09-21T03:21:57.220+0000] {processor.py:156} INFO - Started process (PID=1965) to work on /opt/airflow/dags/3_python_operator.py
[2026-09-21T03:21:57.229+0000] {processor.py:799} INFO - Processing file /opt/airflow/dags/3_python_operator.py for tasks to queue
[2026-09-21T03:21:57.230+0000] {logging_mixin.py:149} INFO - [2026-09-21T03:21:57.230+0000] {dagbag.py:541} INFO - Filling up the DagBag from /opt/airflow/dags/3_python_operator.py
[2026-09-21T03:21:57.244+0000] {processor.py:809} INFO - DAG(s) dict_keys(['3-pythonoperator']) retrieved from /opt/airflow/dags/3_python_operator.py
[2026-09-21T03:21:57.304+0000] {logging_mixin.py:149} INFO - [2026-09-21T03:21:57.304+0000] {dag.py:2726} INFO - Sync 1 DAGs
[2026-09-21T03:21:57.382+0000] {logging_mixin.py:149} INFO - [2026-09-21T03:21:57.381+0000] {dag.py:3490} INFO - Setting next_dagrun for 3-pythonoperator to None, run_after=None
[2026-09-21T03:21:57.420+0000] {processor.py:178} INFO - Processing /opt/airflow/dags/3_python_operator.py took 0.206 seconds
[2026-09-21T03:22:28.586+0000] {processor.py:156} INFO - Started process (PID=1979) to work on /opt/airflow/dags/3_python_operator.py
[2026-09-21T03:22:28.588+0000] {processor.py:799} INFO - Processing file /opt/airflow/dags/3_python_operator.py for tasks to queue
[2026-09-21T03:22:28.589+0000] {logging_mixin.py:149} INFO - [2026-09-21T03:22:28.589+0000] {dagbag.py:541} INFO - Filling up the DagBag from /opt/airflow/dags/3_python_operator.py
[2026-09-21T03:22:28.595+0000] {processor.py:809} INFO - DAG(s) dict_keys(['3-pythonoperator']) retrieved from /opt/airflow/dags/3_python_operator.py
[2026-09-21T03:22:28.646+0000] {logging_mixin.py:149} INFO - [2026-09-21T03:22:28.646+0000] {dag.py:2726} INFO - Sync 1 DAGs
[2026-09-21T03:22:28.698+0000] {logging_mixin.py:149} INFO - [2026-09-21T03:22:28.698+0000] {dag.py:3490} INFO - Setting next_dagrun for 3-pythonoperator to None, run_after=None
[2026-09-21T03:22:28.764+0000] {processor.py:178} INFO - Processing /opt/airflow/dags/3_python_operator.py took 0.184 seconds
[2026-09-21T03:22:58.846+0000] {processor.py:156} INFO - Started process (PID=1990) to work on /opt/airflow/dags/3_python_operator.py
[2026-09-21T03:22:58.848+0000] {processor.py:799} INFO - Processing file /opt/airflow/dags/3_python_operator.py for tasks to queue
[2026-09-21T03:22:58.849+0000] {logging_mixin.py:149} INFO - [2026-09-21T03:22:58.849+0000] {dagbag.py:541} INFO - Filling up the DagBag from /opt/airflow/dags/3_python_operator.py
[2026-09-21T03:22:58.854+0000] {processor.py:809} INFO - DAG(s) dict_keys(['3-pythonoperator']) retrieved from /opt/airflow/dags/3_python_operator.py
[2026-09-21T03:22:58.909+0000] {logging_mixin.py:149} INFO - [2026-09-21T03:22:58.909+0000] {dag.py:2726} INFO - Sync 1 DAGs
[2026-09-21T03:22:58.955+0000] {logging_mixin.py:149} INFO - [2026-09-21T03:22:58.954+0000] {dag.py:3490} INFO - Setting next_dagrun for 3-pythonoperator to None, run_after=None
[2026-09-21T03:22:59.012+0000] {processor.py:178} INFO - Processing /opt/airflow/dags/3_python_operator.py took 0.172 seconds
[2026-09-21T03:23:29.079+0000] {processor.py:156} INFO - Started process (PID=2003) to work on /opt/airflow/dags/3_python_operator.py
[2026-09-21T03:23:29.081+0000] {processor.py:799} INFO - Processing file /opt/airflow/dags/3_python_operator.py for tasks to queue
[2026-09-21T03:23:29.082+0000] {logging_mixin.py:149} INFO - [2026-09-21T03:23:29.082+0000] {dagbag.py:541} INFO - Filling up the DagBag from /opt/airflow/dags/3_python_operator.py
[2026-09-21T03:23:29.088+0000] {processor.py:809} INFO - DAG(s) dict_keys(['3-pythonoperator']) retrieved from /opt/airflow/dags/3_python_operator.py
[2026-09-21T03:23:29.141+0000] {logging_mixin.py:149} INFO - [2026-09-21T03:23:29.141+0000] {dag.py:2726} INFO - Sync 1 DAGs
[2026-09-21T03:23:29.176+0000] {logging_mixin.py:149} INFO - [2026-09-21T03:23:29.176+0000] {dag.py:3490} INFO - Setting next_dagrun for 3-pythonoperator to None, run_after=None
[2026-09-21T03:23:29.205+0000] {processor.py:178} INFO - Processing /opt/airflow/dags/3_python_operator.py took 0.133 seconds
[2026-09-21T03:23:59.826+0000] {processor.py:156} INFO - Started process (PID=2017) to work on /opt/airflow/dags/3_python_operator.py
[2026-09-21T03:23:59.827+0000] {processor.py:799} INFO - Processing file /opt/airflow/dags/3_python_operator.py for tasks to queue
[2026-09-21T03:23:59.829+0000] {logging_mixin.py:149} INFO - [2026-09-21T03:23:59.828+0000] {dagbag.py:541} INFO - Filling up the DagBag from /opt/airflow/dags/3_python_operator.py
[2026-09-21T03:23:59.834+0000] {processor.py:809} INFO - DAG(s) dict_keys(['3-pythonoperator']) retrieved from /opt/airflow/dags/3_python_operator.py
[2026-09-21T03:23:59.900+0000] {logging_mixin.py:149} INFO - [2026-09-21T03:23:59.900+0000] {dag.py:2726} INFO - Sync 1 DAGs
[2026-09-21T03:23:59.942+0000] {logging_mixin.py:149} INFO - [2026-09-21T03:23:59.942+0000] {dag.py:3490} INFO - Setting next_dagrun for 3-pythonoperator to None, run_after=None
[2026-09-21T03:23:59.973+0000] {processor.py:178} INFO - Processing /opt/airflow/dags/3_python_operator.py took 0.153 seconds
[2026-09-21T03:24:30.383+0000] {processor.py:156} INFO - Started process (PID=2031) to work on /opt/airflow/dags/3_python_operator.py
[2026-09-21T03:24:30.384+0000] {processor.py:799} INFO - Processing file /opt/airflow/dags/3_python_operator.py for tasks to queue
[2026-09-21T03:24:30.385+0000] {logging_mixin.py:149} INFO - [2026-09-21T03:24:30.385+0000] {dagbag.py:541} INFO - Filling up the DagBag from /opt/airflow/dags/3_python_operator.py
[2026-09-21T03:24:30.395+0000] {processor.py:809} INFO - DAG(s) dict_keys(['3-pythonoperator']) retrieved from /opt/airflow/dags/3_python_operator.py
[2026-09-21T03:24:30.474+0000] {logging_mixin.py:149} INFO - [2026-09-21T03:24:30.474+0000] {dag.py:2726} INFO - Sync 1 DAGs
[2026-09-21T03:24:30.535+0000] {logging_mixin.py:149} INFO - [2026-09-21T03:24:30.534+0000] {dag.py:3490} INFO - Setting next_dagrun for 3-pythonoperator to None, run_after=None
[2026-09-21T03:24:30.575+0000] {processor.py:178} INFO - Processing /opt/airflow/dags/3_python_operator.py took 0.203 seconds
[2026-09-21T03:25:01.355+0000] {processor.py:156} INFO - Started process (PID=2045) to work on /opt/airflow/dags/3_python_operator.py
[2026-09-21T03:25:01.361+0000] {processor.py:799} INFO - Processing file /opt/airflow/dags/3_python_operator.py for tasks to queue
[2026-09-21T03:25:01.362+0000] {logging_mixin.py:149} INFO - [2026-09-21T03:25:01.362+0000] {dagbag.py:541} INFO - Filling up the DagBag from /opt/airflow/dags/3_python_operator.py
[2026-09-21T03:25:01.371+0000] {processor.py:809} INFO - DAG(s) dict_keys(['3-pythonoperator']) retrieved from /opt/airflow/dags/3_python_operator.py
[2026-09-21T03:25:01.419+0000] {logging_mixin.py:149} INFO - [2026-09-21T03:25:01.419+0000] {dag.py:2726} INFO - Sync 1 DAGs
[2026-09-21T03:25:01.454+0000] {logging_mixin.py:149} INFO - [2026-09-21T03:25:01.453+0000] {dag.py:3490} INFO - Setting next_dagrun for 3-pythonoperator to None, run_after=None
[2026-09-21T03:25:01.492+0000] {processor.py:178} INFO - Processing /opt/airflow/dags/3_python_operator.py took 0.149 seconds
[2026-09-21T03:25:32.339+0000] {processor.py:156} INFO - Started process (PID=2059) to work on /opt/airflow/dags/3_python_operator.py
[2026-09-21T03:25:32.341+0000] {processor.py:799} INFO - Processing file /opt/airflow/dags/3_python_operator.py for tasks to queue
[2026-09-21T03:25:32.342+0000] {logging_mixin.py:149} INFO - [2026-09-21T03:25:32.342+0000] {dagbag.py:541} INFO - Filling up the DagBag from /opt/airflow/dags/3_python_operator.py
[2026-09-21T03:25:32.349+0000] {processor.py:809} INFO - DAG(s) dict_keys(['3-pythonoperator']) retrieved from /opt/airflow/dags/3_python_operator.py
[2026-09-21T03:25:32.396+0000] {logging_mixin.py:149} INFO - [2026-09-21T03:25:32.396+0000] {dag.py:2726} INFO - Sync 1 DAGs
[2026-09-21T03:25:32.431+0000] {logging_mixin.py:149} INFO - [2026-09-21T03:25:32.431+0000] {dag.py:3490} INFO - Setting next_dagrun for 3-pythonoperator to None, run_after=None
[2026-09-21T03:25:32.461+0000] {processor.py:178} INFO - Processing /opt/airflow/dags/3_python_operator.py took 0.138 seconds
[2026-09-21T03:26:03.009+0000] {processor.py:156} INFO - Started process (PID=2073) to work on /opt/airflow/dags/3_python_operator.py
[2026-09-21T03:26:03.011+0000] {processor.py:799} INFO - Processing file /opt/airflow/dags/3_python_operator.py for tasks to queue
[2026-09-21T03:26:03.012+0000] {logging_mixin.py:149} INFO - [2026-09-21T03:26:03.012+0000] {dagbag.py:541} INFO - Filling up the DagBag from /opt/airflow/dags/3_python_operator.py
[2026-09-21T03:26:03.018+0000] {processor.py:809} INFO - DAG(s) dict_keys(['3-pythonoperator']) retrieved from /opt/airflow/dags/3_python_operator.py
[2026-09-21T03:26:03.070+0000] {logging_mixin.py:149} INFO - [2026-09-21T03:26:03.070+0000] {dag.py:2726} INFO - Sync 1 DAGs
[2026-09-21T03:26:03.108+0000] {logging_mixin.py:149} INFO - [2026-09-21T03:26:03.107+0000] {dag.py:3490} INFO - Setting next_dagrun for 3-pythonoperator to None, run_after=None
[2026-09-21T03:26:03.137+0000] {processor.py:178} INFO - Processing /opt/airflow/dags/3_python_operator.py took 0.136 seconds
[2026-09-21T03:26:33.806+0000] {processor.py:156} INFO - Started process (PID=2087) to work on /opt/airflow/dags/3_python_operator.py
[2026-09-21T03:26:33.812+0000] {processor.py:799} INFO - Processing file /opt/airflow/dags/3_python_operator.py for tasks to queue
[2026-09-21T03:26:33.815+0000] {logging_mixin.py:149} INFO - [2026-09-21T03:26:33.814+0000] {dagbag.py:541} INFO - Filling up the DagBag from /opt/airflow/dags/3_python_operator.py
[2026-09-21T03:26:33.828+0000] {processor.py:809} INFO - DAG(s) dict_keys(['3-pythonoperator']) retrieved from /opt/airflow/dags/3_python_operator.py
[2026-09-21T03:26:33.880+0000] {logging_mixin.py:149} INFO - [2026-09-21T03:26:33.880+0000] {dag.py:2726} INFO - Sync 1 DAGs
[2026-09-21T03:26:33.917+0000] {logging_mixin.py:149} INFO - [2026-09-21T03:26:33.917+0000] {dag.py:3490} INFO - Setting next_dagrun for 3-pythonoperator to None, run_after=None
[2026-09-21T03:26:33.945+0000] {processor.py:178} INFO - Processing /opt/airflow/dags/3_python_operator.py took 0.146 seconds
[2026-09-21T03:27:04.024+0000] {processor.py:156} INFO - Started process (PID=2102) to work on /opt/airflow/dags/3_python_operator.py
[2026-09-21T03:27:04.025+0000] {processor.py:799} INFO - Processing file /opt/airflow/dags/3_python_operator.py for tasks to queue
[2026-09-21T03:27:04.026+0000] {logging_mixin.py:149} INFO - [2026-09-21T03:27:04.026+0000] {dagbag.py:541} INFO - Filling up the DagBag from /opt/airflow/dags/3_python_operator.py
[2026-09-21T03:27:04.031+0000] {processor.py:809} INFO - DAG(s) dict_keys(['3-pythonoperator']) retrieved from /opt/airflow/dags/3_python_operator.py
[2026-09-21T03:27:04.111+0000] {logging_mixin.py:149} INFO - [2026-09-21T03:27:04.110+0000] {dag.py:2726} INFO - Sync 1 DAGs
[2026-09-21T03:27:04.170+0000] {logging_mixin.py:149} INFO - [2026-09-21T03:27:04.170+0000] {dag.py:3490} INFO - Setting next_dagrun for 3-pythonoperator to None, run_after=None
[2026-09-21T03:27:04.200+0000] {processor.py:178} INFO - Processing /opt/airflow/dags/3_python_operator.py took 0.182 seconds
[2026-09-21T03:27:35.200+0000] {processor.py:156} INFO - Started process (PID=2113) to work on /opt/airflow/dags/3_python_operator.py
[2026-09-21T03:27:35.206+0000] {processor.py:799} INFO - Processing file /opt/airflow/dags/3_python_operator.py for tasks to queue
[2026-09-21T03:27:35.208+0000] {logging_mixin.py:149} INFO - [2026-09-21T03:27:35.208+0000] {dagbag.py:541} INFO - Filling up the DagBag from /opt/airflow/dags/3_python_operator.py
[2026-09-21T03:27:35.222+0000] {processor.py:809} INFO - DAG(s) dict_keys(['3-pythonoperator']) retrieved from /opt/airflow/dags/3_python_operator.py
[2026-09-21T03:27:35.323+0000] {logging_mixin.py:149} INFO - [2026-09-21T03:27:35.322+0000] {dag.py:2726} INFO - Sync 1 DAGs
[2026-09-21T03:27:35.385+0000] {logging_mixin.py:149} INFO - [2026-09-21T03:27:35.385+0000] {dag.py:3490} INFO - Setting next_dagrun for 3-pythonoperator to None, run_after=None
[2026-09-21T03:27:35.428+0000] {processor.py:178} INFO - Processing /opt/airflow/dags/3_python_operator.py took 0.247 seconds
[2026-09-21T03:28:06.254+0000] {processor.py:156} INFO - Started process (PID=2124) to work on /opt/airflow/dags/3_python_operator.py
[2026-09-21T03:28:06.260+0000] {processor.py:799} INFO - Processing file /opt/airflow/dags/3_python_operator.py for tasks to queue
[2026-09-21T03:28:06.261+0000] {logging_mixin.py:149} INFO - [2026-09-21T03:28:06.261+0000] {dagbag.py:541} INFO - Filling up the DagBag from /opt/airflow/dags/3_python_operator.py
[2026-09-21T03:28:06.268+0000] {processor.py:809} INFO - DAG(s) dict_keys(['3-pythonoperator']) retrieved from /opt/airflow/dags/3_python_operator.py
[2026-09-21T03:28:06.323+0000] {logging_mixin.py:149} INFO - [2026-09-21T03:28:06.323+0000] {dag.py:2726} INFO - Sync 1 DAGs
[2026-09-21T03:28:06.359+0000] {logging_mixin.py:149} INFO - [2026-09-21T03:28:06.358+0000] {dag.py:3490} INFO - Setting next_dagrun for 3-pythonoperator to None, run_after=None
[2026-09-21T03:28:06.388+0000] {processor.py:178} INFO - Processing /opt/airflow/dags/3_python_operator.py took 0.140 seconds
[2026-09-21T03:28:37.278+0000] {processor.py:156} INFO - Started process (PID=2135) to work on /opt/airflow/dags/3_python_operator.py
[2026-09-21T03:28:37.283+0000] {processor.py:799} INFO - Processing file /opt/airflow/dags/3_python_operator.py for tasks to queue
[2026-09-21T03:28:37.284+0000] {logging_mixin.py:149} INFO - [2026-09-21T03:28:37.284+0000] {dagbag.py:541} INFO - Filling up the DagBag from /opt/airflow/dags/3_python_operator.py
[2026-09-21T03:28:37.293+0000] {processor.py:809} INFO - DAG(s) dict_keys(['3-pythonoperator']) retrieved from /opt/airflow/dags/3_python_operator.py
[2026-09-21T03:28:37.389+0000] {logging_mixin.py:149} INFO - [2026-09-21T03:28:37.389+0000] {dag.py:2726} INFO - Sync 1 DAGs
[2026-09-21T03:28:37.455+0000] {logging_mixin.py:149} INFO - [2026-09-21T03:28:37.455+0000] {dag.py:3490} INFO - Setting next_dagrun for 3-pythonoperator to None, run_after=None
[2026-09-21T03:28:37.500+0000] {processor.py:178} INFO - Processing /opt/airflow/dags/3_python_operator.py took 0.231 seconds
[2026-09-21T03:29:08.400+0000] {processor.py:156} INFO - Started process (PID=2146) to work on /opt/airflow/dags/3_python_operator.py
[2026-09-21T03:29:08.404+0000] {processor.py:799} INFO - Processing file /opt/airflow/dags/3_python_operator.py for tasks to queue
[2026-09-21T03:29:08.406+0000] {logging_mixin.py:149} INFO - [2026-09-21T03:29:08.406+0000] {dagbag.py:541} INFO - Filling up the DagBag from /opt/airflow/dags/3_python_operator.py
[2026-09-21T03:29:08.412+0000] {processor.py:809} INFO - DAG(s) dict_keys(['3-pythonoperator']) retrieved from /opt/airflow/dags/3_python_operator.py
[2026-09-21T03:29:08.472+0000] {logging_mixin.py:149} INFO - [2026-09-21T03:29:08.472+0000] {dag.py:2726} INFO - Sync 1 DAGs
[2026-09-21T03:29:08.506+0000] {logging_mixin.py:149} INFO - [2026-09-21T03:29:08.506+0000] {dag.py:3490} INFO - Setting next_dagrun for 3-pythonoperator to None, run_after=None
[2026-09-21T03:29:08.542+0000] {processor.py:178} INFO - Processing /opt/airflow/dags/3_python_operator.py took 0.151 seconds
[2026-09-21T03:29:38.712+0000] {processor.py:156} INFO - Started process (PID=2157) to work on /opt/airflow/dags/3_python_operator.py
[2026-09-21T03:29:38.714+0000] {processor.py:799} INFO - Processing file /opt/airflow/dags/3_python_operator.py for tasks to queue
[2026-09-21T03:29:38.715+0000] {logging_mixin.py:149} INFO - [2026-09-21T03:29:38.715+0000] {dagbag.py:541} INFO - Filling up the DagBag from /opt/airflow/dags/3_python_operator.py
[2026-09-21T03:29:38.721+0000] {processor.py:809} INFO - DAG(s) dict_keys(['3-pythonoperator']) retrieved from /opt/airflow/dags/3_python_operator.py
[2026-09-21T03:29:38.786+0000] {logging_mixin.py:149} INFO - [2026-09-21T03:29:38.785+0000] {dag.py:2726} INFO - Sync 1 DAGs
[2026-09-21T03:29:38.824+0000] {logging_mixin.py:149} INFO - [2026-09-21T03:29:38.823+0000] {dag.py:3490} INFO - Setting next_dagrun for 3-pythonoperator to None, run_after=None
[2026-09-21T03:29:38.861+0000] {processor.py:178} INFO - Processing /opt/airflow/dags/3_python_operator.py took 0.155 seconds
[2026-09-21T03:30:09.541+0000] {processor.py:156} INFO - Started process (PID=2168) to work on /opt/airflow/dags/3_python_operator.py
[2026-09-21T03:30:09.542+0000] {processor.py:799} INFO - Processing file /opt/airflow/dags/3_python_operator.py for tasks to queue
[2026-09-21T03:30:09.549+0000] {logging_mixin.py:149} INFO - [2026-09-21T03:30:09.549+0000] {dagbag.py:541} INFO - Filling up the DagBag from /opt/airflow/dags/3_python_operator.py
[2026-09-21T03:30:09.554+0000] {processor.py:809} INFO - DAG(s) dict_keys(['3-pythonoperator']) retrieved from /opt/airflow/dags/3_python_operator.py
[2026-09-21T03:30:09.639+0000] {logging_mixin.py:149} INFO - [2026-09-21T03:30:09.639+0000] {dag.py:2726} INFO - Sync 1 DAGs
[2026-09-21T03:30:09.699+0000] {logging_mixin.py:149} INFO - [2026-09-21T03:30:09.698+0000] {dag.py:3490} INFO - Setting next_dagrun for 3-pythonoperator to None, run_after=None
[2026-09-21T03:30:09.745+0000] {processor.py:178} INFO - Processing /opt/airflow/dags/3_python_operator.py took 0.210 seconds
[2026-09-21T03:30:40.534+0000] {processor.py:156} INFO - Started process (PID=2179) to work on /opt/airflow/dags/3_python_operator.py
[2026-09-21T03:30:40.537+0000] {processor.py:799} INFO - Processing file /opt/airflow/dags/3_python_operator.py for tasks to queue
[2026-09-21T03:30:40.539+0000] {logging_mixin.py:149} INFO - [2026-09-21T03:30:40.538+0000] {dagbag.py:541} INFO - Filling up the DagBag from /opt/airflow/dags/3_python_operator.py
[2026-09-21T03:30:40.557+0000] {processor.py:809} INFO - DAG(s) dict_keys(['3-pythonoperator']) retrieved from /opt/airflow/dags/3_python_operator.py
[2026-09-21T03:30:40.632+0000] {logging_mixin.py:149} INFO - [2026-09-21T03:30:40.632+0000] {dag.py:2726} INFO - Sync 1 DAGs
[2026-09-21T03:30:40.676+0000] {logging_mixin.py:149} INFO - [2026-09-21T03:30:40.675+0000] {dag.py:3490} INFO - Setting next_dagrun for 3-pythonoperator to None, run_after=None
[2026-09-21T03:30:40.700+0000] {processor.py:178} INFO - Processing /opt/airflow/dags/3_python_operator.py took 0.186 seconds
[2026-09-21T03:31:11.682+0000] {processor.py:156} INFO - Started process (PID=2190) to work on /opt/airflow/dags/3_python_operator.py
[2026-09-21T03:31:11.687+0000] {processor.py:799} INFO - Processing file /opt/airflow/dags/3_python_operator.py for tasks to queue
[2026-09-21T03:31:11.689+0000] {logging_mixin.py:149} INFO - [2026-09-21T03:31:11.689+0000] {dagbag.py:541} INFO - Filling up the DagBag from /opt/airflow/dags/3_python_operator.py
[2026-09-21T03:31:11.697+0000] {processor.py:809} INFO - DAG(s) dict_keys(['3-pythonoperator']) retrieved from /opt/airflow/dags/3_python_operator.py
[2026-09-21T03:31:11.754+0000] {logging_mixin.py:149} INFO - [2026-09-21T03:31:11.754+0000] {dag.py:2726} INFO - Sync 1 DAGs
[2026-09-21T03:31:11.801+0000] {logging_mixin.py:149} INFO - [2026-09-21T03:31:11.800+0000] {dag.py:3490} INFO - Setting next_dagrun for 3-pythonoperator to None, run_after=None
[2026-09-21T03:31:11.848+0000] {processor.py:178} INFO - Processing /opt/airflow/dags/3_python_operator.py took 0.173 seconds
[2026-09-21T03:31:41.968+0000] {processor.py:156} INFO - Started process (PID=2201) to work on /opt/airflow/dags/3_python_operator.py
[2026-09-21T03:31:41.970+0000] {processor.py:799} INFO - Processing file /opt/airflow/dags/3_python_operator.py for tasks to queue
[2026-09-21T03:31:41.971+0000] {logging_mixin.py:149} INFO - [2026-09-21T03:31:41.971+0000] {dagbag.py:541} INFO - Filling up the DagBag from /opt/airflow/dags/3_python_operator.py
[2026-09-21T03:31:41.979+0000] {processor.py:809} INFO - DAG(s) dict_keys(['3-pythonoperator']) retrieved from /opt/airflow/dags/3_python_operator.py
[2026-09-21T03:31:42.040+0000] {logging_mixin.py:149} INFO - [2026-09-21T03:31:42.039+0000] {dag.py:2726} INFO - Sync 1 DAGs
[2026-09-21T03:31:42.076+0000] {logging_mixin.py:149} INFO - [2026-09-21T03:31:42.075+0000] {dag.py:3490} INFO - Setting next_dagrun for 3-pythonoperator to None, run_after=None
[2026-09-21T03:31:42.127+0000] {processor.py:178} INFO - Processing /opt/airflow/dags/3_python_operator.py took 0.165 seconds
[2026-09-21T03:32:13.030+0000] {processor.py:156} INFO - Started process (PID=2212) to work on /opt/airflow/dags/3_python_operator.py
[2026-09-21T03:32:13.032+0000] {processor.py:799} INFO - Processing file /opt/airflow/dags/3_python_operator.py for tasks to queue
[2026-09-21T03:32:13.034+0000] {logging_mixin.py:149} INFO - [2026-09-21T03:32:13.033+0000] {dagbag.py:541} INFO - Filling up the DagBag from /opt/airflow/dags/3_python_operator.py
[2026-09-21T03:32:13.044+0000] {processor.py:809} INFO - DAG(s) dict_keys(['3-pythonoperator']) retrieved from /opt/airflow/dags/3_python_operator.py
[2026-09-21T03:32:13.101+0000] {logging_mixin.py:149} INFO - [2026-09-21T03:32:13.101+0000] {dag.py:2726} INFO - Sync 1 DAGs
[2026-09-21T03:32:13.158+0000] {logging_mixin.py:149} INFO - [2026-09-21T03:32:13.157+0000] {dag.py:3490} INFO - Setting next_dagrun for 3-pythonoperator to None, run_after=None
[2026-09-21T03:32:13.186+0000] {processor.py:178} INFO - Processing /opt/airflow/dags/3_python_operator.py took 0.167 seconds
[2026-09-21T03:32:44.189+0000] {processor.py:156} INFO - Started process (PID=2230) to work on /opt/airflow/dags/3_python_operator.py
[2026-09-21T03:32:44.191+0000] {processor.py:799} INFO - Processing file /opt/airflow/dags/3_python_operator.py for tasks to queue
[2026-09-21T03:32:44.192+0000] {logging_mixin.py:149} INFO - [2026-09-21T03:32:44.192+0000] {dagbag.py:541} INFO - Filling up the DagBag from /opt/airflow/dags/3_python_operator.py
[2026-09-21T03:32:44.198+0000] {processor.py:809} INFO - DAG(s) dict_keys(['3-pythonoperator']) retrieved from /opt/airflow/dags/3_python_operator.py
[2026-09-21T03:32:44.250+0000] {logging_mixin.py:149} INFO - [2026-09-21T03:32:44.250+0000] {dag.py:2726} INFO - Sync 1 DAGs
[2026-09-21T03:32:44.298+0000] {logging_mixin.py:149} INFO - [2026-09-21T03:32:44.297+0000] {dag.py:3490} INFO - Setting next_dagrun for 3-pythonoperator to None, run_after=None
[2026-09-21T03:32:44.334+0000] {processor.py:178} INFO - Processing /opt/airflow/dags/3_python_operator.py took 0.159 seconds
[2026-09-21T03:33:15.332+0000] {processor.py:156} INFO - Started process (PID=2241) to work on /opt/airflow/dags/3_python_operator.py
[2026-09-21T03:33:15.333+0000] {processor.py:799} INFO - Processing file /opt/airflow/dags/3_python_operator.py for tasks to queue
[2026-09-21T03:33:15.334+0000] {logging_mixin.py:149} INFO - [2026-09-21T03:33:15.334+0000] {dagbag.py:541} INFO - Filling up the DagBag from /opt/airflow/dags/3_python_operator.py
[2026-09-21T03:33:15.340+0000] {processor.py:809} INFO - DAG(s) dict_keys(['3-pythonoperator']) retrieved from /opt/airflow/dags/3_python_operator.py
[2026-09-21T03:33:15.399+0000] {logging_mixin.py:149} INFO - [2026-09-21T03:33:15.399+0000] {dag.py:2726} INFO - Sync 1 DAGs
[2026-09-21T03:33:15.437+0000] {logging_mixin.py:149} INFO - [2026-09-21T03:33:15.436+0000] {dag.py:3490} INFO - Setting next_dagrun for 3-pythonoperator to None, run_after=None
[2026-09-21T03:33:15.477+0000] {processor.py:178} INFO - Processing /opt/airflow/dags/3_python_operator.py took 0.159 seconds
[2026-09-21T03:33:46.343+0000] {processor.py:156} INFO - Started process (PID=2252) to work on /opt/airflow/dags/3_python_operator.py
[2026-09-21T03:33:46.346+0000] {processor.py:799} INFO - Processing file /opt/airflow/dags/3_python_operator.py for tasks to queue
[2026-09-21T03:33:46.347+0000] {logging_mixin.py:149} INFO - [2026-09-21T03:33:46.347+0000] {dagbag.py:541} INFO - Filling up the DagBag from /opt/airflow/dags/3_python_operator.py
[2026-09-21T03:33:46.354+0000] {processor.py:809} INFO - DAG(s) dict_keys(['3-pythonoperator']) retrieved from /opt/airflow/dags/3_python_operator.py
[2026-09-21T03:33:46.429+0000] {logging_mixin.py:149} INFO - [2026-09-21T03:33:46.428+0000] {dag.py:2726} INFO - Sync 1 DAGs
[2026-09-21T03:33:46.464+0000] {logging_mixin.py:149} INFO - [2026-09-21T03:33:46.464+0000] {dag.py:3490} INFO - Setting next_dagrun for 3-pythonoperator to None, run_after=None
[2026-09-21T03:33:46.497+0000] {processor.py:178} INFO - Processing /opt/airflow/dags/3_python_operator.py took 0.167 seconds
[2026-09-21T03:34:17.317+0000] {processor.py:156} INFO - Started process (PID=2263) to work on /opt/airflow/dags/3_python_operator.py
[2026-09-21T03:34:17.318+0000] {processor.py:799} INFO - Processing file /opt/airflow/dags/3_python_operator.py for tasks to queue
[2026-09-21T03:34:17.319+0000] {logging_mixin.py:149} INFO - [2026-09-21T03:34:17.319+0000] {dagbag.py:541} INFO - Filling up the DagBag from /opt/airflow/dags/3_python_operator.py
[2026-09-21T03:34:17.324+0000] {processor.py:809} INFO - DAG(s) dict_keys(['3-pythonoperator']) retrieved from /opt/airflow/dags/3_python_operator.py
[2026-09-21T03:34:17.376+0000] {logging_mixin.py:149} INFO - [2026-09-21T03:34:17.376+0000] {dag.py:2726} INFO - Sync 1 DAGs
[2026-09-21T03:34:17.405+0000] {logging_mixin.py:149} INFO - [2026-09-21T03:34:17.405+0000] {dag.py:3490} INFO - Setting next_dagrun for 3-pythonoperator to None, run_after=None
[2026-09-21T03:34:17.427+0000] {processor.py:178} INFO - Processing /opt/airflow/dags/3_python_operator.py took 0.115 seconds
[2026-09-21T03:34:48.416+0000] {processor.py:156} INFO - Started process (PID=2274) to work on /opt/airflow/dags/3_python_operator.py
[2026-09-21T03:34:48.419+0000] {processor.py:799} INFO - Processing file /opt/airflow/dags/3_python_operator.py for tasks to queue
[2026-09-21T03:34:48.420+0000] {logging_mixin.py:149} INFO - [2026-09-21T03:34:48.420+0000] {dagbag.py:541} INFO - Filling up the DagBag from /opt/airflow/dags/3_python_operator.py
[2026-09-21T03:34:48.427+0000] {processor.py:809} INFO - DAG(s) dict_keys(['3-pythonoperator']) retrieved from /opt/airflow/dags/3_python_operator.py
[2026-09-21T03:34:48.479+0000] {logging_mixin.py:149} INFO - [2026-09-21T03:34:48.478+0000] {dag.py:2726} INFO - Sync 1 DAGs
[2026-09-21T03:34:48.516+0000] {logging_mixin.py:149} INFO - [2026-09-21T03:34:48.515+0000] {dag.py:3490} INFO - Setting next_dagrun for 3-pythonoperator to None, run_after=None
[2026-09-21T03:34:48.544+0000] {processor.py:178} INFO - Processing /opt/airflow/dags/3_python_operator.py took 0.134 seconds
[2026-09-21T03:35:19.535+0000] {processor.py:156} INFO - Started process (PID=2285) to work on /opt/airflow/dags/3_python_operator.py
[2026-09-21T03:35:19.536+0000] {processor.py:799} INFO - Processing file /opt/airflow/dags/3_python_operator.py for tasks to queue
[2026-09-21T03:35:19.537+0000] {logging_mixin.py:149} INFO - [2026-09-21T03:35:19.537+0000] {dagbag.py:541} INFO - Filling up the DagBag from /opt/airflow/dags/3_python_operator.py
[2026-09-21T03:35:19.544+0000] {processor.py:809} INFO - DAG(s) dict_keys(['3-pythonoperator']) retrieved from /opt/airflow/dags/3_python_operator.py
[2026-09-21T03:35:19.603+0000] {logging_mixin.py:149} INFO - [2026-09-21T03:35:19.603+0000] {dag.py:2726} INFO - Sync 1 DAGs
[2026-09-21T03:35:19.653+0000] {logging_mixin.py:149} INFO - [2026-09-21T03:35:19.652+0000] {dag.py:3490} INFO - Setting next_dagrun for 3-pythonoperator to None, run_after=None
[2026-09-21T03:35:19.720+0000] {processor.py:178} INFO - Processing /opt/airflow/dags/3_python_operator.py took 0.192 seconds
[2026-09-21T03:35:50.852+0000] {processor.py:156} INFO - Started process (PID=2296) to work on /opt/airflow/dags/3_python_operator.py
[2026-09-21T03:35:50.856+0000] {processor.py:799} INFO - Processing file /opt/airflow/dags/3_python_operator.py for tasks to queue
[2026-09-21T03:35:50.858+0000] {logging_mixin.py:149} INFO - [2026-09-21T03:35:50.857+0000] {dagbag.py:541} INFO - Filling up the DagBag from /opt/airflow/dags/3_python_operator.py
[2026-09-21T03:35:50.866+0000] {processor.py:809} INFO - DAG(s) dict_keys(['3-pythonoperator']) retrieved from /opt/airflow/dags/3_python_operator.py
[2026-09-21T03:35:50.970+0000] {logging_mixin.py:149} INFO - [2026-09-21T03:35:50.970+0000] {dag.py:2726} INFO - Sync 1 DAGs
[2026-09-21T03:35:51.063+0000] {logging_mixin.py:149} INFO - [2026-09-21T03:35:51.063+0000] {dag.py:3490} INFO - Setting next_dagrun for 3-pythonoperator to None, run_after=None
[2026-09-21T03:35:51.150+0000] {processor.py:178} INFO - Processing /opt/airflow/dags/3_python_operator.py took 0.310 seconds
[2026-09-21T03:36:21.938+0000] {processor.py:156} INFO - Started process (PID=2311) to work on /opt/airflow/dags/3_python_operator.py
[2026-09-21T03:36:21.939+0000] {processor.py:799} INFO - Processing file /opt/airflow/dags/3_python_operator.py for tasks to queue
[2026-09-21T03:36:21.943+0000] {logging_mixin.py:149} INFO - [2026-09-21T03:36:21.942+0000] {dagbag.py:541} INFO - Filling up the DagBag from /opt/airflow/dags/3_python_operator.py
[2026-09-21T03:36:21.958+0000] {processor.py:809} INFO - DAG(s) dict_keys(['3-pythonoperator']) retrieved from /opt/airflow/dags/3_python_operator.py
[2026-09-21T03:36:22.077+0000] {logging_mixin.py:149} INFO - [2026-09-21T03:36:22.077+0000] {dag.py:2726} INFO - Sync 1 DAGs
[2026-09-21T03:36:22.178+0000] {logging_mixin.py:149} INFO - [2026-09-21T03:36:22.178+0000] {dag.py:3490} INFO - Setting next_dagrun for 3-pythonoperator to None, run_after=None
[2026-09-21T03:36:22.227+0000] {processor.py:178} INFO - Processing /opt/airflow/dags/3_python_operator.py took 0.308 seconds
[2026-09-21T03:36:52.703+0000] {processor.py:156} INFO - Started process (PID=2332) to work on /opt/airflow/dags/3_python_operator.py
[2026-09-21T03:36:52.706+0000] {processor.py:799} INFO - Processing file /opt/airflow/dags/3_python_operator.py for tasks to queue
[2026-09-21T03:36:52.707+0000] {logging_mixin.py:149} INFO - [2026-09-21T03:36:52.707+0000] {dagbag.py:541} INFO - Filling up the DagBag from /opt/airflow/dags/3_python_operator.py
[2026-09-21T03:36:52.714+0000] {processor.py:809} INFO - DAG(s) dict_keys(['3-pythonoperator']) retrieved from /opt/airflow/dags/3_python_operator.py
[2026-09-21T03:36:52.765+0000] {logging_mixin.py:149} INFO - [2026-09-21T03:36:52.765+0000] {dag.py:2726} INFO - Sync 1 DAGs
[2026-09-21T03:36:52.800+0000] {logging_mixin.py:149} INFO - [2026-09-21T03:36:52.800+0000] {dag.py:3490} INFO - Setting next_dagrun for 3-pythonoperator to None, run_after=None
[2026-09-21T03:36:52.836+0000] {processor.py:178} INFO - Processing /opt/airflow/dags/3_python_operator.py took 0.141 seconds
[2026-09-21T03:37:23.510+0000] {processor.py:156} INFO - Started process (PID=2346) to work on /opt/airflow/dags/3_python_operator.py
[2026-09-21T03:37:23.512+0000] {processor.py:799} INFO - Processing file /opt/airflow/dags/3_python_operator.py for tasks to queue
[2026-09-21T03:37:23.513+0000] {logging_mixin.py:149} INFO - [2026-09-21T03:37:23.513+0000] {dagbag.py:541} INFO - Filling up the DagBag from /opt/airflow/dags/3_python_operator.py
[2026-09-21T03:37:23.519+0000] {processor.py:809} INFO - DAG(s) dict_keys(['3-pythonoperator']) retrieved from /opt/airflow/dags/3_python_operator.py
[2026-09-21T03:37:23.581+0000] {logging_mixin.py:149} INFO - [2026-09-21T03:37:23.581+0000] {dag.py:2726} INFO - Sync 1 DAGs
[2026-09-21T03:37:23.619+0000] {logging_mixin.py:149} INFO - [2026-09-21T03:37:23.619+0000] {dag.py:3490} INFO - Setting next_dagrun for 3-pythonoperator to None, run_after=None
[2026-09-21T03:37:23.656+0000] {processor.py:178} INFO - Processing /opt/airflow/dags/3_python_operator.py took 0.153 seconds
[2026-09-21T03:37:54.508+0000] {processor.py:156} INFO - Started process (PID=2360) to work on /opt/airflow/dags/3_python_operator.py
[2026-09-21T03:37:54.513+0000] {processor.py:799} INFO - Processing file /opt/airflow/dags/3_python_operator.py for tasks to queue
[2026-09-21T03:37:54.514+0000] {logging_mixin.py:149} INFO - [2026-09-21T03:37:54.514+0000] {dagbag.py:541} INFO - Filling up the DagBag from /opt/airflow/dags/3_python_operator.py
[2026-09-21T03:37:54.520+0000] {processor.py:809} INFO - DAG(s) dict_keys(['3-pythonoperator']) retrieved from /opt/airflow/dags/3_python_operator.py
[2026-09-21T03:37:54.595+0000] {logging_mixin.py:149} INFO - [2026-09-21T03:37:54.594+0000] {dag.py:2726} INFO - Sync 1 DAGs
[2026-09-21T03:37:54.642+0000] {logging_mixin.py:149} INFO - [2026-09-21T03:37:54.641+0000] {dag.py:3490} INFO - Setting next_dagrun for 3-pythonoperator to None, run_after=None
[2026-09-21T03:37:54.672+0000] {processor.py:178} INFO - Processing /opt/airflow/dags/3_python_operator.py took 0.174 seconds
[2026-09-21T03:38:25.335+0000] {processor.py:156} INFO - Started process (PID=2374) to work on /opt/airflow/dags/3_python_operator.py
[2026-09-21T03:38:25.342+0000] {processor.py:799} INFO - Processing file /opt/airflow/dags/3_python_operator.py for tasks to queue
[2026-09-21T03:38:25.343+0000] {logging_mixin.py:149} INFO - [2026-09-21T03:38:25.342+0000] {dagbag.py:541} INFO - Filling up the DagBag from /opt/airflow/dags/3_python_operator.py
[2026-09-21T03:38:25.349+0000] {processor.py:809} INFO - DAG(s) dict_keys(['3-pythonoperator']) retrieved from /opt/airflow/dags/3_python_operator.py
[2026-09-21T03:38:25.399+0000] {logging_mixin.py:149} INFO - [2026-09-21T03:38:25.399+0000] {dag.py:2726} INFO - Sync 1 DAGs
[2026-09-21T03:38:25.435+0000] {logging_mixin.py:149} INFO - [2026-09-21T03:38:25.434+0000] {dag.py:3490} INFO - Setting next_dagrun for 3-pythonoperator to None, run_after=None
[2026-09-21T03:38:25.470+0000] {processor.py:178} INFO - Processing /opt/airflow/dags/3_python_operator.py took 0.141 seconds
[2026-09-21T03:38:41.206+0000] {processor.py:156} INFO - Started process (PID=2390) to work on /opt/airflow/dags/3_python_operator.py
[2026-09-21T03:38:41.207+0000] {processor.py:799} INFO - Processing file /opt/airflow/dags/3_python_operator.py for tasks to queue
[2026-09-21T03:38:41.217+0000] {logging_mixin.py:149} INFO - [2026-09-21T03:38:41.216+0000] {dagbag.py:541} INFO - Filling up the DagBag from /opt/airflow/dags/3_python_operator.py
[2026-09-21T03:38:41.240+0000] {processor.py:809} INFO - DAG(s) dict_keys(['3-pythonoperator']) retrieved from /opt/airflow/dags/3_python_operator.py
[2026-09-21T03:38:41.407+0000] {logging_mixin.py:149} INFO - [2026-09-21T03:38:41.407+0000] {dag.py:2726} INFO - Sync 1 DAGs
[2026-09-21T03:38:41.506+0000] {logging_mixin.py:149} INFO - [2026-09-21T03:38:41.506+0000] {dag.py:3490} INFO - Setting next_dagrun for 3-pythonoperator to None, run_after=None
[2026-09-21T03:38:41.576+0000] {processor.py:178} INFO - Processing /opt/airflow/dags/3_python_operator.py took 0.398 seconds
[2026-09-21T03:39:12.473+0000] {processor.py:156} INFO - Started process (PID=2401) to work on /opt/airflow/dags/3_python_operator.py
[2026-09-21T03:39:12.478+0000] {processor.py:799} INFO - Processing file /opt/airflow/dags/3_python_operator.py for tasks to queue
[2026-09-21T03:39:12.479+0000] {logging_mixin.py:149} INFO - [2026-09-21T03:39:12.479+0000] {dagbag.py:541} INFO - Filling up the DagBag from /opt/airflow/dags/3_python_operator.py
[2026-09-21T03:39:12.494+0000] {processor.py:809} INFO - DAG(s) dict_keys(['3-pythonoperator']) retrieved from /opt/airflow/dags/3_python_operator.py
[2026-09-21T03:39:12.597+0000] {logging_mixin.py:149} INFO - [2026-09-21T03:39:12.596+0000] {dag.py:2726} INFO - Sync 1 DAGs
[2026-09-21T03:39:12.710+0000] {logging_mixin.py:149} INFO - [2026-09-21T03:39:12.710+0000] {dag.py:3490} INFO - Setting next_dagrun for 3-pythonoperator to None, run_after=None
[2026-09-21T03:39:12.781+0000] {processor.py:178} INFO - Processing /opt/airflow/dags/3_python_operator.py took 0.324 seconds
[2026-09-21T03:39:43.694+0000] {processor.py:156} INFO - Started process (PID=2414) to work on /opt/airflow/dags/3_python_operator.py
[2026-09-21T03:39:43.695+0000] {processor.py:799} INFO - Processing file /opt/airflow/dags/3_python_operator.py for tasks to queue
[2026-09-21T03:39:43.697+0000] {logging_mixin.py:149} INFO - [2026-09-21T03:39:43.696+0000] {dagbag.py:541} INFO - Filling up the DagBag from /opt/airflow/dags/3_python_operator.py
[2026-09-21T03:39:43.702+0000] {processor.py:809} INFO - DAG(s) dict_keys(['3-pythonoperator']) retrieved from /opt/airflow/dags/3_python_operator.py
[2026-09-21T03:39:43.750+0000] {logging_mixin.py:149} INFO - [2026-09-21T03:39:43.750+0000] {dag.py:2726} INFO - Sync 1 DAGs
[2026-09-21T03:39:43.777+0000] {logging_mixin.py:149} INFO - [2026-09-21T03:39:43.777+0000] {dag.py:3490} INFO - Setting next_dagrun for 3-pythonoperator to None, run_after=None
[2026-09-21T03:39:43.798+0000] {processor.py:178} INFO - Processing /opt/airflow/dags/3_python_operator.py took 0.108 seconds
[2026-09-21T03:40:14.431+0000] {processor.py:156} INFO - Started process (PID=2428) to work on /opt/airflow/dags/3_python_operator.py
[2026-09-21T03:40:14.433+0000] {processor.py:799} INFO - Processing file /opt/airflow/dags/3_python_operator.py for tasks to queue
[2026-09-21T03:40:14.434+0000] {logging_mixin.py:149} INFO - [2026-09-21T03:40:14.434+0000] {dagbag.py:541} INFO - Filling up the DagBag from /opt/airflow/dags/3_python_operator.py
[2026-09-21T03:40:14.440+0000] {processor.py:809} INFO - DAG(s) dict_keys(['3-pythonoperator']) retrieved from /opt/airflow/dags/3_python_operator.py
[2026-09-21T03:40:14.514+0000] {logging_mixin.py:149} INFO - [2026-09-21T03:40:14.513+0000] {dag.py:2726} INFO - Sync 1 DAGs
[2026-09-21T03:40:14.613+0000] {logging_mixin.py:149} INFO - [2026-09-21T03:40:14.613+0000] {dag.py:3490} INFO - Setting next_dagrun for 3-pythonoperator to None, run_after=None
[2026-09-21T03:40:14.648+0000] {processor.py:178} INFO - Processing /opt/airflow/dags/3_python_operator.py took 0.223 seconds
[2026-09-21T03:40:45.476+0000] {processor.py:156} INFO - Started process (PID=2442) to work on /opt/airflow/dags/3_python_operator.py
[2026-09-21T03:40:45.478+0000] {processor.py:799} INFO - Processing file /opt/airflow/dags/3_python_operator.py for tasks to queue
[2026-09-21T03:40:45.479+0000] {logging_mixin.py:149} INFO - [2026-09-21T03:40:45.479+0000] {dagbag.py:541} INFO - Filling up the DagBag from /opt/airflow/dags/3_python_operator.py
[2026-09-21T03:40:45.486+0000] {processor.py:809} INFO - DAG(s) dict_keys(['3-pythonoperator']) retrieved from /opt/airflow/dags/3_python_operator.py
[2026-09-21T03:40:45.570+0000] {logging_mixin.py:149} INFO - [2026-09-21T03:40:45.569+0000] {dag.py:2726} INFO - Sync 1 DAGs
[2026-09-21T03:40:45.605+0000] {logging_mixin.py:149} INFO - [2026-09-21T03:40:45.605+0000] {dag.py:3490} INFO - Setting next_dagrun for 3-pythonoperator to None, run_after=None
[2026-09-21T03:40:45.636+0000] {processor.py:178} INFO - Processing /opt/airflow/dags/3_python_operator.py took 0.168 seconds
[2026-09-21T03:41:15.741+0000] {processor.py:156} INFO - Started process (PID=2454) to work on /opt/airflow/dags/3_python_operator.py
[2026-09-21T03:41:15.745+0000] {processor.py:799} INFO - Processing file /opt/airflow/dags/3_python_operator.py for tasks to queue
[2026-09-21T03:41:15.747+0000] {logging_mixin.py:149} INFO - [2026-09-21T03:41:15.746+0000] {dagbag.py:541} INFO - Filling up the DagBag from /opt/airflow/dags/3_python_operator.py
[2026-09-21T03:41:15.753+0000] {processor.py:809} INFO - DAG(s) dict_keys(['3-pythonoperator']) retrieved from /opt/airflow/dags/3_python_operator.py
[2026-09-21T03:41:15.815+0000] {logging_mixin.py:149} INFO - [2026-09-21T03:41:15.815+0000] {dag.py:2726} INFO - Sync 1 DAGs
[2026-09-21T03:41:15.855+0000] {logging_mixin.py:149} INFO - [2026-09-21T03:41:15.854+0000] {dag.py:3490} INFO - Setting next_dagrun for 3-pythonoperator to None, run_after=None
[2026-09-21T03:41:15.892+0000] {processor.py:178} INFO - Processing /opt/airflow/dags/3_python_operator.py took 0.160 seconds
[2026-09-21T03:41:46.037+0000] {processor.py:156} INFO - Started process (PID=2468) to work on /opt/airflow/dags/3_python_operator.py
[2026-09-21T03:41:46.039+0000] {processor.py:799} INFO - Processing file /opt/airflow/dags/3_python_operator.py for tasks to queue
[2026-09-21T03:41:46.040+0000] {logging_mixin.py:149} INFO - [2026-09-21T03:41:46.040+0000] {dagbag.py:541} INFO - Filling up the DagBag from /opt/airflow/dags/3_python_operator.py
[2026-09-21T03:41:46.046+0000] {processor.py:809} INFO - DAG(s) dict_keys(['3-pythonoperator']) retrieved from /opt/airflow/dags/3_python_operator.py
[2026-09-21T03:41:46.104+0000] {logging_mixin.py:149} INFO - [2026-09-21T03:41:46.103+0000] {dag.py:2726} INFO - Sync 1 DAGs
[2026-09-21T03:41:46.144+0000] {logging_mixin.py:149} INFO - [2026-09-21T03:41:46.143+0000] {dag.py:3490} INFO - Setting next_dagrun for 3-pythonoperator to None, run_after=None
[2026-09-21T03:41:46.181+0000] {processor.py:178} INFO - Processing /opt/airflow/dags/3_python_operator.py took 0.150 seconds
[2026-09-21T03:42:16.865+0000] {processor.py:156} INFO - Started process (PID=2482) to work on /opt/airflow/dags/3_python_operator.py
[2026-09-21T03:42:16.867+0000] {processor.py:799} INFO - Processing file /opt/airflow/dags/3_python_operator.py for tasks to queue
[2026-09-21T03:42:16.868+0000] {logging_mixin.py:149} INFO - [2026-09-21T03:42:16.868+0000] {dagbag.py:541} INFO - Filling up the DagBag from /opt/airflow/dags/3_python_operator.py
[2026-09-21T03:42:16.876+0000] {processor.py:809} INFO - DAG(s) dict_keys(['3-pythonoperator']) retrieved from /opt/airflow/dags/3_python_operator.py
[2026-09-21T03:42:16.971+0000] {logging_mixin.py:149} INFO - [2026-09-21T03:42:16.971+0000] {dag.py:2726} INFO - Sync 1 DAGs
[2026-09-21T03:42:17.047+0000] {logging_mixin.py:149} INFO - [2026-09-21T03:42:17.047+0000] {dag.py:3490} INFO - Setting next_dagrun for 3-pythonoperator to None, run_after=None
[2026-09-21T03:42:17.087+0000] {processor.py:178} INFO - Processing /opt/airflow/dags/3_python_operator.py took 0.229 seconds
[2026-09-21T03:42:47.672+0000] {processor.py:156} INFO - Started process (PID=2496) to work on /opt/airflow/dags/3_python_operator.py
[2026-09-21T03:42:47.677+0000] {processor.py:799} INFO - Processing file /opt/airflow/dags/3_python_operator.py for tasks to queue
[2026-09-21T03:42:47.678+0000] {logging_mixin.py:149} INFO - [2026-09-21T03:42:47.678+0000] {dagbag.py:541} INFO - Filling up the DagBag from /opt/airflow/dags/3_python_operator.py
[2026-09-21T03:42:47.683+0000] {processor.py:809} INFO - DAG(s) dict_keys(['3-pythonoperator']) retrieved from /opt/airflow/dags/3_python_operator.py
[2026-09-21T03:42:47.761+0000] {logging_mixin.py:149} INFO - [2026-09-21T03:42:47.761+0000] {dag.py:2726} INFO - Sync 1 DAGs
[2026-09-21T03:42:47.800+0000] {logging_mixin.py:149} INFO - [2026-09-21T03:42:47.800+0000] {dag.py:3490} INFO - Setting next_dagrun for 3-pythonoperator to None, run_after=None
[2026-09-21T03:42:47.830+0000] {processor.py:178} INFO - Processing /opt/airflow/dags/3_python_operator.py took 0.165 seconds
[2026-09-21T03:43:17.936+0000] {processor.py:156} INFO - Started process (PID=2510) to work on /opt/airflow/dags/3_python_operator.py
[2026-09-21T03:43:17.938+0000] {processor.py:799} INFO - Processing file /opt/airflow/dags/3_python_operator.py for tasks to queue
[2026-09-21T03:43:17.939+0000] {logging_mixin.py:149} INFO - [2026-09-21T03:43:17.939+0000] {dagbag.py:541} INFO - Filling up the DagBag from /opt/airflow/dags/3_python_operator.py
[2026-09-21T03:43:17.945+0000] {processor.py:809} INFO - DAG(s) dict_keys(['3-pythonoperator']) retrieved from /opt/airflow/dags/3_python_operator.py
[2026-09-21T03:43:18.008+0000] {logging_mixin.py:149} INFO - [2026-09-21T03:43:18.008+0000] {dag.py:2726} INFO - Sync 1 DAGs
[2026-09-21T03:43:18.053+0000] {logging_mixin.py:149} INFO - [2026-09-21T03:43:18.052+0000] {dag.py:3490} INFO - Setting next_dagrun for 3-pythonoperator to None, run_after=None
[2026-09-21T03:43:18.081+0000] {processor.py:178} INFO - Processing /opt/airflow/dags/3_python_operator.py took 0.153 seconds
[2026-09-21T03:43:46.462+0000] {processor.py:156} INFO - Started process (PID=2530) to work on /opt/airflow/dags/3_python_operator.py
[2026-09-21T03:43:46.464+0000] {processor.py:799} INFO - Processing file /opt/airflow/dags/3_python_operator.py for tasks to queue
[2026-09-21T03:43:46.465+0000] {logging_mixin.py:149} INFO - [2026-09-21T03:43:46.465+0000] {dagbag.py:541} INFO - Filling up the DagBag from /opt/airflow/dags/3_python_operator.py
[2026-09-21T03:43:46.471+0000] {processor.py:809} INFO - DAG(s) dict_keys(['3-pythonoperator']) retrieved from /opt/airflow/dags/3_python_operator.py
[2026-09-21T03:43:46.548+0000] {logging_mixin.py:149} INFO - [2026-09-21T03:43:46.548+0000] {dag.py:2726} INFO - Sync 1 DAGs
[2026-09-21T03:43:46.582+0000] {logging_mixin.py:149} INFO - [2026-09-21T03:43:46.581+0000] {dag.py:3490} INFO - Setting next_dagrun for 3-pythonoperator to None, run_after=None
[2026-09-21T03:43:46.626+0000] {processor.py:178} INFO - Processing /opt/airflow/dags/3_python_operator.py took 0.170 seconds
[2026-09-21T03:44:16.744+0000] {processor.py:156} INFO - Started process (PID=2544) to work on /opt/airflow/dags/3_python_operator.py
[2026-09-21T03:44:16.753+0000] {processor.py:799} INFO - Processing file /opt/airflow/dags/3_python_operator.py for tasks to queue
[2026-09-21T03:44:16.754+0000] {logging_mixin.py:149} INFO - [2026-09-21T03:44:16.754+0000] {dagbag.py:541} INFO - Filling up the DagBag from /opt/airflow/dags/3_python_operator.py
[2026-09-21T03:44:16.760+0000] {processor.py:809} INFO - DAG(s) dict_keys(['3-pythonoperator']) retrieved from /opt/airflow/dags/3_python_operator.py
[2026-09-21T03:44:16.843+0000] {logging_mixin.py:149} INFO - [2026-09-21T03:44:16.843+0000] {dag.py:2726} INFO - Sync 1 DAGs
[2026-09-21T03:44:16.885+0000] {logging_mixin.py:149} INFO - [2026-09-21T03:44:16.884+0000] {dag.py:3490} INFO - Setting next_dagrun for 3-pythonoperator to None, run_after=None
[2026-09-21T03:44:16.911+0000] {processor.py:178} INFO - Processing /opt/airflow/dags/3_python_operator.py took 0.177 seconds
[2026-09-21T03:44:47.649+0000] {processor.py:156} INFO - Started process (PID=2559) to work on /opt/airflow/dags/3_python_operator.py
[2026-09-21T03:44:47.651+0000] {processor.py:799} INFO - Processing file /opt/airflow/dags/3_python_operator.py for tasks to queue
[2026-09-21T03:44:47.653+0000] {logging_mixin.py:149} INFO - [2026-09-21T03:44:47.653+0000] {dagbag.py:541} INFO - Filling up the DagBag from /opt/airflow/dags/3_python_operator.py
[2026-09-21T03:44:47.660+0000] {processor.py:809} INFO - DAG(s) dict_keys(['3-pythonoperator']) retrieved from /opt/airflow/dags/3_python_operator.py
[2026-09-21T03:44:47.721+0000] {logging_mixin.py:149} INFO - [2026-09-21T03:44:47.721+0000] {dag.py:2726} INFO - Sync 1 DAGs
[2026-09-21T03:44:47.760+0000] {logging_mixin.py:149} INFO - [2026-09-21T03:44:47.759+0000] {dag.py:3490} INFO - Setting next_dagrun for 3-pythonoperator to None, run_after=None
[2026-09-21T03:44:47.794+0000] {processor.py:178} INFO - Processing /opt/airflow/dags/3_python_operator.py took 0.154 seconds
[2026-09-21T03:45:18.051+0000] {processor.py:156} INFO - Started process (PID=2573) to work on /opt/airflow/dags/3_python_operator.py
[2026-09-21T03:45:18.054+0000] {processor.py:799} INFO - Processing file /opt/airflow/dags/3_python_operator.py for tasks to queue
[2026-09-21T03:45:18.055+0000] {logging_mixin.py:149} INFO - [2026-09-21T03:45:18.055+0000] {dagbag.py:541} INFO - Filling up the DagBag from /opt/airflow/dags/3_python_operator.py
[2026-09-21T03:45:18.063+0000] {processor.py:809} INFO - DAG(s) dict_keys(['3-pythonoperator']) retrieved from /opt/airflow/dags/3_python_operator.py
[2026-09-21T03:45:18.113+0000] {logging_mixin.py:149} INFO - [2026-09-21T03:45:18.113+0000] {dag.py:2726} INFO - Sync 1 DAGs
[2026-09-21T03:45:18.154+0000] {logging_mixin.py:149} INFO - [2026-09-21T03:45:18.154+0000] {dag.py:3490} INFO - Setting next_dagrun for 3-pythonoperator to None, run_after=None
[2026-09-21T03:45:18.210+0000] {processor.py:178} INFO - Processing /opt/airflow/dags/3_python_operator.py took 0.167 seconds
[2026-09-21T03:45:48.307+0000] {processor.py:156} INFO - Started process (PID=2587) to work on /opt/airflow/dags/3_python_operator.py
[2026-09-21T03:45:48.309+0000] {processor.py:799} INFO - Processing file /opt/airflow/dags/3_python_operator.py for tasks to queue
[2026-09-21T03:45:48.310+0000] {logging_mixin.py:149} INFO - [2026-09-21T03:45:48.309+0000] {dagbag.py:541} INFO - Filling up the DagBag from /opt/airflow/dags/3_python_operator.py
[2026-09-21T03:45:48.315+0000] {processor.py:809} INFO - DAG(s) dict_keys(['3-pythonoperator']) retrieved from /opt/airflow/dags/3_python_operator.py
[2026-09-21T03:45:48.394+0000] {logging_mixin.py:149} INFO - [2026-09-21T03:45:48.393+0000] {dag.py:2726} INFO - Sync 1 DAGs
[2026-09-21T03:45:48.452+0000] {logging_mixin.py:149} INFO - [2026-09-21T03:45:48.452+0000] {dag.py:3490} INFO - Setting next_dagrun for 3-pythonoperator to None, run_after=None
[2026-09-21T03:45:48.499+0000] {processor.py:178} INFO - Processing /opt/airflow/dags/3_python_operator.py took 0.198 seconds
[2026-09-21T03:46:19.432+0000] {processor.py:156} INFO - Started process (PID=2608) to work on /opt/airflow/dags/3_python_operator.py
[2026-09-21T03:46:19.435+0000] {processor.py:799} INFO - Processing file /opt/airflow/dags/3_python_operator.py for tasks to queue
[2026-09-21T03:46:19.436+0000] {logging_mixin.py:149} INFO - [2026-09-21T03:46:19.436+0000] {dagbag.py:541} INFO - Filling up the DagBag from /opt/airflow/dags/3_python_operator.py
[2026-09-21T03:46:19.442+0000] {processor.py:809} INFO - DAG(s) dict_keys(['3-pythonoperator']) retrieved from /opt/airflow/dags/3_python_operator.py
[2026-09-21T03:46:19.493+0000] {logging_mixin.py:149} INFO - [2026-09-21T03:46:19.492+0000] {dag.py:2726} INFO - Sync 1 DAGs
[2026-09-21T03:46:19.529+0000] {logging_mixin.py:149} INFO - [2026-09-21T03:46:19.529+0000] {dag.py:3490} INFO - Setting next_dagrun for 3-pythonoperator to None, run_after=None
[2026-09-21T03:46:19.573+0000] {processor.py:178} INFO - Processing /opt/airflow/dags/3_python_operator.py took 0.154 seconds
[2026-09-21T03:46:50.464+0000] {processor.py:156} INFO - Started process (PID=2622) to work on /opt/airflow/dags/3_python_operator.py
[2026-09-21T03:46:50.466+0000] {processor.py:799} INFO - Processing file /opt/airflow/dags/3_python_operator.py for tasks to queue
[2026-09-21T03:46:50.467+0000] {logging_mixin.py:149} INFO - [2026-09-21T03:46:50.467+0000] {dagbag.py:541} INFO - Filling up the DagBag from /opt/airflow/dags/3_python_operator.py
[2026-09-21T03:46:50.474+0000] {processor.py:809} INFO - DAG(s) dict_keys(['3-pythonoperator']) retrieved from /opt/airflow/dags/3_python_operator.py
[2026-09-21T03:46:50.535+0000] {logging_mixin.py:149} INFO - [2026-09-21T03:46:50.535+0000] {dag.py:2726} INFO - Sync 1 DAGs
[2026-09-21T03:46:50.575+0000] {logging_mixin.py:149} INFO - [2026-09-21T03:46:50.574+0000] {dag.py:3490} INFO - Setting next_dagrun for 3-pythonoperator to None, run_after=None
[2026-09-21T03:46:50.626+0000] {processor.py:178} INFO - Processing /opt/airflow/dags/3_python_operator.py took 0.168 seconds
[2026-09-21T03:47:20.721+0000] {processor.py:156} INFO - Started process (PID=2636) to work on /opt/airflow/dags/3_python_operator.py
[2026-09-21T03:47:20.723+0000] {processor.py:799} INFO - Processing file /opt/airflow/dags/3_python_operator.py for tasks to queue
[2026-09-21T03:47:20.724+0000] {logging_mixin.py:149} INFO - [2026-09-21T03:47:20.724+0000] {dagbag.py:541} INFO - Filling up the DagBag from /opt/airflow/dags/3_python_operator.py
[2026-09-21T03:47:20.730+0000] {processor.py:809} INFO - DAG(s) dict_keys(['3-pythonoperator']) retrieved from /opt/airflow/dags/3_python_operator.py
[2026-09-21T03:47:20.779+0000] {logging_mixin.py:149} INFO - [2026-09-21T03:47:20.779+0000] {dag.py:2726} INFO - Sync 1 DAGs
[2026-09-21T03:47:20.817+0000] {logging_mixin.py:149} INFO - [2026-09-21T03:47:20.816+0000] {dag.py:3490} INFO - Setting next_dagrun for 3-pythonoperator to None, run_after=None
[2026-09-21T03:47:20.842+0000] {processor.py:178} INFO - Processing /opt/airflow/dags/3_python_operator.py took 0.130 seconds
[2026-09-21T03:47:51.715+0000] {processor.py:156} INFO - Started process (PID=2650) to work on /opt/airflow/dags/3_python_operator.py
[2026-09-21T03:47:51.717+0000] {processor.py:799} INFO - Processing file /opt/airflow/dags/3_python_operator.py for tasks to queue
[2026-09-21T03:47:51.720+0000] {logging_mixin.py:149} INFO - [2026-09-21T03:47:51.719+0000] {dagbag.py:541} INFO - Filling up the DagBag from /opt/airflow/dags/3_python_operator.py
[2026-09-21T03:47:51.731+0000] {processor.py:809} INFO - DAG(s) dict_keys(['3-pythonoperator']) retrieved from /opt/airflow/dags/3_python_operator.py
[2026-09-21T03:47:51.818+0000] {logging_mixin.py:149} INFO - [2026-09-21T03:47:51.818+0000] {dag.py:2726} INFO - Sync 1 DAGs
[2026-09-21T03:47:51.862+0000] {logging_mixin.py:149} INFO - [2026-09-21T03:47:51.862+0000] {dag.py:3490} INFO - Setting next_dagrun for 3-pythonoperator to None, run_after=None
[2026-09-21T03:47:51.890+0000] {processor.py:178} INFO - Processing /opt/airflow/dags/3_python_operator.py took 0.187 seconds
[2026-09-21T03:48:18.344+0000] {processor.py:156} INFO - Started process (PID=2670) to work on /opt/airflow/dags/3_python_operator.py
[2026-09-21T03:48:18.348+0000] {processor.py:799} INFO - Processing file /opt/airflow/dags/3_python_operator.py for tasks to queue
[2026-09-21T03:48:18.351+0000] {logging_mixin.py:149} INFO - [2026-09-21T03:48:18.350+0000] {dagbag.py:541} INFO - Filling up the DagBag from /opt/airflow/dags/3_python_operator.py
[2026-09-21T03:48:18.358+0000] {processor.py:809} INFO - DAG(s) dict_keys(['3-pythonoperator']) retrieved from /opt/airflow/dags/3_python_operator.py
[2026-09-21T03:48:18.432+0000] {logging_mixin.py:149} INFO - [2026-09-21T03:48:18.431+0000] {dag.py:2726} INFO - Sync 1 DAGs
[2026-09-21T03:48:18.478+0000] {logging_mixin.py:149} INFO - [2026-09-21T03:48:18.478+0000] {dag.py:3490} INFO - Setting next_dagrun for 3-pythonoperator to None, run_after=None
[2026-09-21T03:48:18.538+0000] {processor.py:178} INFO - Processing /opt/airflow/dags/3_python_operator.py took 0.203 seconds
[2026-09-21T03:48:49.027+0000] {processor.py:156} INFO - Started process (PID=2684) to work on /opt/airflow/dags/3_python_operator.py
[2026-09-21T03:48:49.031+0000] {processor.py:799} INFO - Processing file /opt/airflow/dags/3_python_operator.py for tasks to queue
[2026-09-21T03:48:49.033+0000] {logging_mixin.py:149} INFO - [2026-09-21T03:48:49.032+0000] {dagbag.py:541} INFO - Filling up the DagBag from /opt/airflow/dags/3_python_operator.py
[2026-09-21T03:48:49.047+0000] {processor.py:809} INFO - DAG(s) dict_keys(['3-pythonoperator']) retrieved from /opt/airflow/dags/3_python_operator.py
[2026-09-21T03:48:49.148+0000] {logging_mixin.py:149} INFO - [2026-09-21T03:48:49.147+0000] {dag.py:2726} INFO - Sync 1 DAGs
[2026-09-21T03:48:49.215+0000] {logging_mixin.py:149} INFO - [2026-09-21T03:48:49.214+0000] {dag.py:3490} INFO - Setting next_dagrun for 3-pythonoperator to None, run_after=None
[2026-09-21T03:48:49.262+0000] {processor.py:178} INFO - Processing /opt/airflow/dags/3_python_operator.py took 0.244 seconds
[2026-09-21T03:49:19.430+0000] {processor.py:156} INFO - Started process (PID=2698) to work on /opt/airflow/dags/3_python_operator.py
[2026-09-21T03:49:19.431+0000] {processor.py:799} INFO - Processing file /opt/airflow/dags/3_python_operator.py for tasks to queue
[2026-09-21T03:49:19.432+0000] {logging_mixin.py:149} INFO - [2026-09-21T03:49:19.432+0000] {dagbag.py:541} INFO - Filling up the DagBag from /opt/airflow/dags/3_python_operator.py
[2026-09-21T03:49:19.439+0000] {processor.py:809} INFO - DAG(s) dict_keys(['3-pythonoperator']) retrieved from /opt/airflow/dags/3_python_operator.py
[2026-09-21T03:49:19.492+0000] {logging_mixin.py:149} INFO - [2026-09-21T03:49:19.492+0000] {dag.py:2726} INFO - Sync 1 DAGs
[2026-09-21T03:49:19.535+0000] {logging_mixin.py:149} INFO - [2026-09-21T03:49:19.534+0000] {dag.py:3490} INFO - Setting next_dagrun for 3-pythonoperator to None, run_after=None
[2026-09-21T03:49:19.579+0000] {processor.py:178} INFO - Processing /opt/airflow/dags/3_python_operator.py took 0.156 seconds
[2026-09-21T03:49:49.815+0000] {processor.py:156} INFO - Started process (PID=2708) to work on /opt/airflow/dags/3_python_operator.py
[2026-09-21T03:49:49.818+0000] {processor.py:799} INFO - Processing file /opt/airflow/dags/3_python_operator.py for tasks to queue
[2026-09-21T03:49:49.819+0000] {logging_mixin.py:149} INFO - [2026-09-21T03:49:49.819+0000] {dagbag.py:541} INFO - Filling up the DagBag from /opt/airflow/dags/3_python_operator.py
[2026-09-21T03:49:49.827+0000] {processor.py:809} INFO - DAG(s) dict_keys(['3-pythonoperator']) retrieved from /opt/airflow/dags/3_python_operator.py
[2026-09-21T03:49:49.937+0000] {logging_mixin.py:149} INFO - [2026-09-21T03:49:49.936+0000] {dag.py:2726} INFO - Sync 1 DAGs
[2026-09-21T03:49:49.991+0000] {logging_mixin.py:149} INFO - [2026-09-21T03:49:49.991+0000] {dag.py:3490} INFO - Setting next_dagrun for 3-pythonoperator to None, run_after=None
[2026-09-21T03:49:50.021+0000] {processor.py:178} INFO - Processing /opt/airflow/dags/3_python_operator.py took 0.221 seconds
[2026-09-21T03:50:20.725+0000] {processor.py:156} INFO - Started process (PID=2722) to work on /opt/airflow/dags/3_python_operator.py
[2026-09-21T03:50:20.728+0000] {processor.py:799} INFO - Processing file /opt/airflow/dags/3_python_operator.py for tasks to queue
[2026-09-21T03:50:20.729+0000] {logging_mixin.py:149} INFO - [2026-09-21T03:50:20.728+0000] {dagbag.py:541} INFO - Filling up the DagBag from /opt/airflow/dags/3_python_operator.py
[2026-09-21T03:50:20.735+0000] {processor.py:809} INFO - DAG(s) dict_keys(['3-pythonoperator']) retrieved from /opt/airflow/dags/3_python_operator.py
[2026-09-21T03:50:20.796+0000] {logging_mixin.py:149} INFO - [2026-09-21T03:50:20.795+0000] {dag.py:2726} INFO - Sync 1 DAGs
[2026-09-21T03:50:20.843+0000] {logging_mixin.py:149} INFO - [2026-09-21T03:50:20.843+0000] {dag.py:3490} INFO - Setting next_dagrun for 3-pythonoperator to None, run_after=None
[2026-09-21T03:50:20.873+0000] {processor.py:178} INFO - Processing /opt/airflow/dags/3_python_operator.py took 0.154 seconds
[2026-09-21T03:50:51.827+0000] {processor.py:156} INFO - Started process (PID=2736) to work on /opt/airflow/dags/3_python_operator.py
[2026-09-21T03:50:51.830+0000] {processor.py:799} INFO - Processing file /opt/airflow/dags/3_python_operator.py for tasks to queue
[2026-09-21T03:50:51.832+0000] {logging_mixin.py:149} INFO - [2026-09-21T03:50:51.832+0000] {dagbag.py:541} INFO - Filling up the DagBag from /opt/airflow/dags/3_python_operator.py
[2026-09-21T03:50:51.840+0000] {processor.py:809} INFO - DAG(s) dict_keys(['3-pythonoperator']) retrieved from /opt/airflow/dags/3_python_operator.py
[2026-09-21T03:50:51.899+0000] {logging_mixin.py:149} INFO - [2026-09-21T03:50:51.899+0000] {dag.py:2726} INFO - Sync 1 DAGs
[2026-09-21T03:50:51.941+0000] {logging_mixin.py:149} INFO - [2026-09-21T03:50:51.941+0000] {dag.py:3490} INFO - Setting next_dagrun for 3-pythonoperator to None, run_after=None
[2026-09-21T03:50:51.981+0000] {processor.py:178} INFO - Processing /opt/airflow/dags/3_python_operator.py took 0.161 seconds
[2026-09-21T03:51:23.009+0000] {processor.py:156} INFO - Started process (PID=2750) to work on /opt/airflow/dags/3_python_operator.py
[2026-09-21T03:51:23.011+0000] {processor.py:799} INFO - Processing file /opt/airflow/dags/3_python_operator.py for tasks to queue
[2026-09-21T03:51:23.012+0000] {logging_mixin.py:149} INFO - [2026-09-21T03:51:23.012+0000] {dagbag.py:541} INFO - Filling up the DagBag from /opt/airflow/dags/3_python_operator.py
[2026-09-21T03:51:23.018+0000] {processor.py:809} INFO - DAG(s) dict_keys(['3-pythonoperator']) retrieved from /opt/airflow/dags/3_python_operator.py
[2026-09-21T03:51:23.079+0000] {logging_mixin.py:149} INFO - [2026-09-21T03:51:23.078+0000] {dag.py:2726} INFO - Sync 1 DAGs
[2026-09-21T03:51:23.118+0000] {logging_mixin.py:149} INFO - [2026-09-21T03:51:23.117+0000] {dag.py:3490} INFO - Setting next_dagrun for 3-pythonoperator to None, run_after=None
[2026-09-21T03:51:23.152+0000] {processor.py:178} INFO - Processing /opt/airflow/dags/3_python_operator.py took 0.148 seconds
[2026-09-21T03:51:54.116+0000] {processor.py:156} INFO - Started process (PID=2764) to work on /opt/airflow/dags/3_python_operator.py
[2026-09-21T03:51:54.119+0000] {processor.py:799} INFO - Processing file /opt/airflow/dags/3_python_operator.py for tasks to queue
[2026-09-21T03:51:54.123+0000] {logging_mixin.py:149} INFO - [2026-09-21T03:51:54.123+0000] {dagbag.py:541} INFO - Filling up the DagBag from /opt/airflow/dags/3_python_operator.py
[2026-09-21T03:51:54.137+0000] {processor.py:809} INFO - DAG(s) dict_keys(['3-pythonoperator']) retrieved from /opt/airflow/dags/3_python_operator.py
[2026-09-21T03:51:54.187+0000] {logging_mixin.py:149} INFO - [2026-09-21T03:51:54.187+0000] {dag.py:2726} INFO - Sync 1 DAGs
[2026-09-21T03:51:54.222+0000] {logging_mixin.py:149} INFO - [2026-09-21T03:51:54.222+0000] {dag.py:3490} INFO - Setting next_dagrun for 3-pythonoperator to None, run_after=None
[2026-09-21T03:51:54.252+0000] {processor.py:178} INFO - Processing /opt/airflow/dags/3_python_operator.py took 0.142 seconds
[2026-09-21T03:52:25.195+0000] {processor.py:156} INFO - Started process (PID=2778) to work on /opt/airflow/dags/3_python_operator.py
[2026-09-21T03:52:25.196+0000] {processor.py:799} INFO - Processing file /opt/airflow/dags/3_python_operator.py for tasks to queue
[2026-09-21T03:52:25.198+0000] {logging_mixin.py:149} INFO - [2026-09-21T03:52:25.198+0000] {dagbag.py:541} INFO - Filling up the DagBag from /opt/airflow/dags/3_python_operator.py
[2026-09-21T03:52:25.205+0000] {processor.py:809} INFO - DAG(s) dict_keys(['3-pythonoperator']) retrieved from /opt/airflow/dags/3_python_operator.py
[2026-09-21T03:52:25.263+0000] {logging_mixin.py:149} INFO - [2026-09-21T03:52:25.262+0000] {dag.py:2726} INFO - Sync 1 DAGs
[2026-09-21T03:52:25.302+0000] {logging_mixin.py:149} INFO - [2026-09-21T03:52:25.302+0000] {dag.py:3490} INFO - Setting next_dagrun for 3-pythonoperator to None, run_after=None
[2026-09-21T03:52:25.337+0000] {processor.py:178} INFO - Processing /opt/airflow/dags/3_python_operator.py took 0.149 seconds
[2026-09-21T03:52:56.311+0000] {processor.py:156} INFO - Started process (PID=2792) to work on /opt/airflow/dags/3_python_operator.py
[2026-09-21T03:52:56.313+0000] {processor.py:799} INFO - Processing file /opt/airflow/dags/3_python_operator.py for tasks to queue
[2026-09-21T03:52:56.315+0000] {logging_mixin.py:149} INFO - [2026-09-21T03:52:56.315+0000] {dagbag.py:541} INFO - Filling up the DagBag from /opt/airflow/dags/3_python_operator.py
[2026-09-21T03:52:56.326+0000] {processor.py:809} INFO - DAG(s) dict_keys(['3-pythonoperator']) retrieved from /opt/airflow/dags/3_python_operator.py
[2026-09-21T03:52:56.387+0000] {logging_mixin.py:149} INFO - [2026-09-21T03:52:56.387+0000] {dag.py:2726} INFO - Sync 1 DAGs
[2026-09-21T03:52:56.423+0000] {logging_mixin.py:149} INFO - [2026-09-21T03:52:56.422+0000] {dag.py:3490} INFO - Setting next_dagrun for 3-pythonoperator to None, run_after=None
[2026-09-21T03:52:56.459+0000] {processor.py:178} INFO - Processing /opt/airflow/dags/3_python_operator.py took 0.156 seconds
[2026-09-21T03:53:27.425+0000] {processor.py:156} INFO - Started process (PID=2806) to work on /opt/airflow/dags/3_python_operator.py
[2026-09-21T03:53:27.427+0000] {processor.py:799} INFO - Processing file /opt/airflow/dags/3_python_operator.py for tasks to queue
[2026-09-21T03:53:27.427+0000] {logging_mixin.py:149} INFO - [2026-09-21T03:53:27.427+0000] {dagbag.py:541} INFO - Filling up the DagBag from /opt/airflow/dags/3_python_operator.py
[2026-09-21T03:53:27.438+0000] {processor.py:809} INFO - DAG(s) dict_keys(['3-pythonoperator']) retrieved from /opt/airflow/dags/3_python_operator.py
[2026-09-21T03:53:27.498+0000] {logging_mixin.py:149} INFO - [2026-09-21T03:53:27.498+0000] {dag.py:2726} INFO - Sync 1 DAGs
[2026-09-21T03:53:27.542+0000] {logging_mixin.py:149} INFO - [2026-09-21T03:53:27.541+0000] {dag.py:3490} INFO - Setting next_dagrun for 3-pythonoperator to None, run_after=None
[2026-09-21T03:53:27.596+0000] {processor.py:178} INFO - Processing /opt/airflow/dags/3_python_operator.py took 0.177 seconds
[2026-09-21T03:53:58.540+0000] {processor.py:156} INFO - Started process (PID=2820) to work on /opt/airflow/dags/3_python_operator.py
[2026-09-21T03:53:58.543+0000] {processor.py:799} INFO - Processing file /opt/airflow/dags/3_python_operator.py for tasks to queue
[2026-09-21T03:53:58.544+0000] {logging_mixin.py:149} INFO - [2026-09-21T03:53:58.544+0000] {dagbag.py:541} INFO - Filling up the DagBag from /opt/airflow/dags/3_python_operator.py
[2026-09-21T03:53:58.553+0000] {processor.py:809} INFO - DAG(s) dict_keys(['3-pythonoperator']) retrieved from /opt/airflow/dags/3_python_operator.py
[2026-09-21T03:53:58.612+0000] {logging_mixin.py:149} INFO - [2026-09-21T03:53:58.612+0000] {dag.py:2726} INFO - Sync 1 DAGs
[2026-09-21T03:53:58.655+0000] {logging_mixin.py:149} INFO - [2026-09-21T03:53:58.655+0000] {dag.py:3490} INFO - Setting next_dagrun for 3-pythonoperator to None, run_after=None
[2026-09-21T03:53:58.694+0000] {processor.py:178} INFO - Processing /opt/airflow/dags/3_python_operator.py took 0.161 seconds
[2026-09-21T03:54:29.891+0000] {processor.py:156} INFO - Started process (PID=2834) to work on /opt/airflow/dags/3_python_operator.py
[2026-09-21T03:54:29.903+0000] {processor.py:799} INFO - Processing file /opt/airflow/dags/3_python_operator.py for tasks to queue
[2026-09-21T03:54:29.904+0000] {logging_mixin.py:149} INFO - [2026-09-21T03:54:29.904+0000] {dagbag.py:541} INFO - Filling up the DagBag from /opt/airflow/dags/3_python_operator.py
[2026-09-21T03:54:29.911+0000] {processor.py:809} INFO - DAG(s) dict_keys(['3-pythonoperator']) retrieved from /opt/airflow/dags/3_python_operator.py
[2026-09-21T03:54:29.970+0000] {logging_mixin.py:149} INFO - [2026-09-21T03:54:29.970+0000] {dag.py:2726} INFO - Sync 1 DAGs
[2026-09-21T03:54:30.007+0000] {logging_mixin.py:149} INFO - [2026-09-21T03:54:30.006+0000] {dag.py:3490} INFO - Setting next_dagrun for 3-pythonoperator to None, run_after=None
[2026-09-21T03:54:30.037+0000] {processor.py:178} INFO - Processing /opt/airflow/dags/3_python_operator.py took 0.152 seconds
[2026-09-21T03:55:01.021+0000] {processor.py:156} INFO - Started process (PID=2848) to work on /opt/airflow/dags/3_python_operator.py
[2026-09-21T03:55:01.025+0000] {processor.py:799} INFO - Processing file /opt/airflow/dags/3_python_operator.py for tasks to queue
[2026-09-21T03:55:01.026+0000] {logging_mixin.py:149} INFO - [2026-09-21T03:55:01.025+0000] {dagbag.py:541} INFO - Filling up the DagBag from /opt/airflow/dags/3_python_operator.py
[2026-09-21T03:55:01.031+0000] {processor.py:809} INFO - DAG(s) dict_keys(['3-pythonoperator']) retrieved from /opt/airflow/dags/3_python_operator.py
[2026-09-21T03:55:01.082+0000] {logging_mixin.py:149} INFO - [2026-09-21T03:55:01.082+0000] {dag.py:2726} INFO - Sync 1 DAGs
[2026-09-21T03:55:01.121+0000] {logging_mixin.py:149} INFO - [2026-09-21T03:55:01.121+0000] {dag.py:3490} INFO - Setting next_dagrun for 3-pythonoperator to None, run_after=None
[2026-09-21T03:55:01.151+0000] {processor.py:178} INFO - Processing /opt/airflow/dags/3_python_operator.py took 0.135 seconds
[2026-09-21T03:55:32.095+0000] {processor.py:156} INFO - Started process (PID=2862) to work on /opt/airflow/dags/3_python_operator.py
[2026-09-21T03:55:32.096+0000] {processor.py:799} INFO - Processing file /opt/airflow/dags/3_python_operator.py for tasks to queue
[2026-09-21T03:55:32.097+0000] {logging_mixin.py:149} INFO - [2026-09-21T03:55:32.097+0000] {dagbag.py:541} INFO - Filling up the DagBag from /opt/airflow/dags/3_python_operator.py
[2026-09-21T03:55:32.103+0000] {processor.py:809} INFO - DAG(s) dict_keys(['3-pythonoperator']) retrieved from /opt/airflow/dags/3_python_operator.py
[2026-09-21T03:55:32.156+0000] {logging_mixin.py:149} INFO - [2026-09-21T03:55:32.156+0000] {dag.py:2726} INFO - Sync 1 DAGs
[2026-09-21T03:55:32.191+0000] {logging_mixin.py:149} INFO - [2026-09-21T03:55:32.191+0000] {dag.py:3490} INFO - Setting next_dagrun for 3-pythonoperator to None, run_after=None
[2026-09-21T03:55:32.222+0000] {processor.py:178} INFO - Processing /opt/airflow/dags/3_python_operator.py took 0.135 seconds
[2026-09-21T03:56:03.013+0000] {processor.py:156} INFO - Started process (PID=2876) to work on /opt/airflow/dags/3_python_operator.py
[2026-09-21T03:56:03.016+0000] {processor.py:799} INFO - Processing file /opt/airflow/dags/3_python_operator.py for tasks to queue
[2026-09-21T03:56:03.019+0000] {logging_mixin.py:149} INFO - [2026-09-21T03:56:03.018+0000] {dagbag.py:541} INFO - Filling up the DagBag from /opt/airflow/dags/3_python_operator.py
[2026-09-21T03:56:03.028+0000] {processor.py:809} INFO - DAG(s) dict_keys(['3-pythonoperator']) retrieved from /opt/airflow/dags/3_python_operator.py
[2026-09-21T03:56:03.100+0000] {logging_mixin.py:149} INFO - [2026-09-21T03:56:03.099+0000] {dag.py:2726} INFO - Sync 1 DAGs
[2026-09-21T03:56:03.158+0000] {logging_mixin.py:149} INFO - [2026-09-21T03:56:03.158+0000] {dag.py:3490} INFO - Setting next_dagrun for 3-pythonoperator to None, run_after=None
[2026-09-21T03:56:03.190+0000] {processor.py:178} INFO - Processing /opt/airflow/dags/3_python_operator.py took 0.192 seconds
[2026-09-21T03:56:34.096+0000] {processor.py:156} INFO - Started process (PID=2890) to work on /opt/airflow/dags/3_python_operator.py
[2026-09-21T03:56:34.098+0000] {processor.py:799} INFO - Processing file /opt/airflow/dags/3_python_operator.py for tasks to queue
[2026-09-21T03:56:34.099+0000] {logging_mixin.py:149} INFO - [2026-09-21T03:56:34.099+0000] {dagbag.py:541} INFO - Filling up the DagBag from /opt/airflow/dags/3_python_operator.py
[2026-09-21T03:56:34.105+0000] {processor.py:809} INFO - DAG(s) dict_keys(['3-pythonoperator']) retrieved from /opt/airflow/dags/3_python_operator.py
[2026-09-21T03:56:34.163+0000] {logging_mixin.py:149} INFO - [2026-09-21T03:56:34.163+0000] {dag.py:2726} INFO - Sync 1 DAGs
[2026-09-21T03:56:34.202+0000] {logging_mixin.py:149} INFO - [2026-09-21T03:56:34.202+0000] {dag.py:3490} INFO - Setting next_dagrun for 3-pythonoperator to None, run_after=None
[2026-09-21T03:56:34.231+0000] {processor.py:178} INFO - Processing /opt/airflow/dags/3_python_operator.py took 0.141 seconds
[2026-09-21T03:57:05.292+0000] {processor.py:156} INFO - Started process (PID=2904) to work on /opt/airflow/dags/3_python_operator.py
[2026-09-21T03:57:05.298+0000] {processor.py:799} INFO - Processing file /opt/airflow/dags/3_python_operator.py for tasks to queue
[2026-09-21T03:57:05.299+0000] {logging_mixin.py:149} INFO - [2026-09-21T03:57:05.299+0000] {dagbag.py:541} INFO - Filling up the DagBag from /opt/airflow/dags/3_python_operator.py
[2026-09-21T03:57:05.305+0000] {processor.py:809} INFO - DAG(s) dict_keys(['3-pythonoperator']) retrieved from /opt/airflow/dags/3_python_operator.py
[2026-09-21T03:57:05.380+0000] {logging_mixin.py:149} INFO - [2026-09-21T03:57:05.380+0000] {dag.py:2726} INFO - Sync 1 DAGs
[2026-09-21T03:57:05.423+0000] {logging_mixin.py:149} INFO - [2026-09-21T03:57:05.423+0000] {dag.py:3490} INFO - Setting next_dagrun for 3-pythonoperator to None, run_after=None
[2026-09-21T03:57:05.462+0000] {processor.py:178} INFO - Processing /opt/airflow/dags/3_python_operator.py took 0.175 seconds
[2026-09-21T03:57:22.808+0000] {processor.py:156} INFO - Started process (PID=2924) to work on /opt/airflow/dags/3_python_operator.py
[2026-09-21T03:57:22.809+0000] {processor.py:799} INFO - Processing file /opt/airflow/dags/3_python_operator.py for tasks to queue
[2026-09-21T03:57:22.810+0000] {logging_mixin.py:149} INFO - [2026-09-21T03:57:22.810+0000] {dagbag.py:541} INFO - Filling up the DagBag from /opt/airflow/dags/3_python_operator.py
[2026-09-21T03:57:22.816+0000] {processor.py:809} INFO - DAG(s) dict_keys(['3-pythonoperator']) retrieved from /opt/airflow/dags/3_python_operator.py
[2026-09-21T03:57:22.864+0000] {logging_mixin.py:149} INFO - [2026-09-21T03:57:22.864+0000] {dag.py:2726} INFO - Sync 1 DAGs
[2026-09-21T03:57:22.904+0000] {logging_mixin.py:149} INFO - [2026-09-21T03:57:22.903+0000] {dag.py:3490} INFO - Setting next_dagrun for 3-pythonoperator to None, run_after=None
[2026-09-21T03:57:22.932+0000] {processor.py:178} INFO - Processing /opt/airflow/dags/3_python_operator.py took 0.135 seconds
[2026-09-21T03:57:53.418+0000] {processor.py:156} INFO - Started process (PID=2938) to work on /opt/airflow/dags/3_python_operator.py
[2026-09-21T03:57:53.425+0000] {processor.py:799} INFO - Processing file /opt/airflow/dags/3_python_operator.py for tasks to queue
[2026-09-21T03:57:53.426+0000] {logging_mixin.py:149} INFO - [2026-09-21T03:57:53.426+0000] {dagbag.py:541} INFO - Filling up the DagBag from /opt/airflow/dags/3_python_operator.py
[2026-09-21T03:57:53.448+0000] {processor.py:809} INFO - DAG(s) dict_keys(['3-pythonoperator']) retrieved from /opt/airflow/dags/3_python_operator.py
[2026-09-21T03:57:53.551+0000] {logging_mixin.py:149} INFO - [2026-09-21T03:57:53.551+0000] {dag.py:2726} INFO - Sync 1 DAGs
[2026-09-21T03:57:53.646+0000] {logging_mixin.py:149} INFO - [2026-09-21T03:57:53.643+0000] {dag.py:3490} INFO - Setting next_dagrun for 3-pythonoperator to None, run_after=None
[2026-09-21T03:57:53.710+0000] {processor.py:178} INFO - Processing /opt/airflow/dags/3_python_operator.py took 0.318 seconds
[2026-09-21T03:58:24.137+0000] {processor.py:156} INFO - Started process (PID=2948) to work on /opt/airflow/dags/3_python_operator.py
[2026-09-21T03:58:24.139+0000] {processor.py:799} INFO - Processing file /opt/airflow/dags/3_python_operator.py for tasks to queue
[2026-09-21T03:58:24.140+0000] {logging_mixin.py:149} INFO - [2026-09-21T03:58:24.139+0000] {dagbag.py:541} INFO - Filling up the DagBag from /opt/airflow/dags/3_python_operator.py
[2026-09-21T03:58:24.145+0000] {processor.py:809} INFO - DAG(s) dict_keys(['3-pythonoperator']) retrieved from /opt/airflow/dags/3_python_operator.py
[2026-09-21T03:58:24.215+0000] {logging_mixin.py:149} INFO - [2026-09-21T03:58:24.215+0000] {dag.py:2726} INFO - Sync 1 DAGs
[2026-09-21T03:58:24.251+0000] {logging_mixin.py:149} INFO - [2026-09-21T03:58:24.251+0000] {dag.py:3490} INFO - Setting next_dagrun for 3-pythonoperator to None, run_after=None
[2026-09-21T03:58:24.280+0000] {processor.py:178} INFO - Processing /opt/airflow/dags/3_python_operator.py took 0.149 seconds
[2026-09-21T03:58:53.098+0000] {processor.py:156} INFO - Started process (PID=2968) to work on /opt/airflow/dags/3_python_operator.py
[2026-09-21T03:58:53.101+0000] {processor.py:799} INFO - Processing file /opt/airflow/dags/3_python_operator.py for tasks to queue
[2026-09-21T03:58:53.102+0000] {logging_mixin.py:149} INFO - [2026-09-21T03:58:53.102+0000] {dagbag.py:541} INFO - Filling up the DagBag from /opt/airflow/dags/3_python_operator.py
[2026-09-21T03:58:53.111+0000] {processor.py:809} INFO - DAG(s) dict_keys(['3-pythonoperator']) retrieved from /opt/airflow/dags/3_python_operator.py
[2026-09-21T03:58:53.169+0000] {logging_mixin.py:149} INFO - [2026-09-21T03:58:53.169+0000] {dag.py:2726} INFO - Sync 1 DAGs
[2026-09-21T03:58:53.226+0000] {logging_mixin.py:149} INFO - [2026-09-21T03:58:53.225+0000] {dag.py:3490} INFO - Setting next_dagrun for 3-pythonoperator to None, run_after=None
[2026-09-21T03:58:53.280+0000] {processor.py:178} INFO - Processing /opt/airflow/dags/3_python_operator.py took 0.189 seconds
[2026-09-21T03:59:23.340+0000] {processor.py:156} INFO - Started process (PID=2979) to work on /opt/airflow/dags/3_python_operator.py
[2026-09-21T03:59:23.342+0000] {processor.py:799} INFO - Processing file /opt/airflow/dags/3_python_operator.py for tasks to queue
[2026-09-21T03:59:23.343+0000] {logging_mixin.py:149} INFO - [2026-09-21T03:59:23.343+0000] {dagbag.py:541} INFO - Filling up the DagBag from /opt/airflow/dags/3_python_operator.py
[2026-09-21T03:59:23.349+0000] {processor.py:809} INFO - DAG(s) dict_keys(['3-pythonoperator']) retrieved from /opt/airflow/dags/3_python_operator.py
[2026-09-21T03:59:23.404+0000] {logging_mixin.py:149} INFO - [2026-09-21T03:59:23.404+0000] {dag.py:2726} INFO - Sync 1 DAGs
[2026-09-21T03:59:23.449+0000] {logging_mixin.py:149} INFO - [2026-09-21T03:59:23.449+0000] {dag.py:3490} INFO - Setting next_dagrun for 3-pythonoperator to None, run_after=None
[2026-09-21T03:59:23.511+0000] {processor.py:178} INFO - Processing /opt/airflow/dags/3_python_operator.py took 0.177 seconds
[2026-09-21T03:59:54.230+0000] {processor.py:156} INFO - Started process (PID=2992) to work on /opt/airflow/dags/3_python_operator.py
[2026-09-21T03:59:54.236+0000] {processor.py:799} INFO - Processing file /opt/airflow/dags/3_python_operator.py for tasks to queue
[2026-09-21T03:59:54.237+0000] {logging_mixin.py:149} INFO - [2026-09-21T03:59:54.237+0000] {dagbag.py:541} INFO - Filling up the DagBag from /opt/airflow/dags/3_python_operator.py
[2026-09-21T03:59:54.246+0000] {processor.py:809} INFO - DAG(s) dict_keys(['3-pythonoperator']) retrieved from /opt/airflow/dags/3_python_operator.py
[2026-09-21T03:59:54.327+0000] {logging_mixin.py:149} INFO - [2026-09-21T03:59:54.326+0000] {dag.py:2726} INFO - Sync 1 DAGs
[2026-09-21T03:59:54.373+0000] {logging_mixin.py:149} INFO - [2026-09-21T03:59:54.373+0000] {dag.py:3490} INFO - Setting next_dagrun for 3-pythonoperator to None, run_after=None
[2026-09-21T03:59:54.436+0000] {processor.py:178} INFO - Processing /opt/airflow/dags/3_python_operator.py took 0.214 seconds
[2026-09-21T04:00:25.278+0000] {processor.py:156} INFO - Started process (PID=3006) to work on /opt/airflow/dags/3_python_operator.py
[2026-09-21T04:00:25.283+0000] {processor.py:799} INFO - Processing file /opt/airflow/dags/3_python_operator.py for tasks to queue
[2026-09-21T04:00:25.284+0000] {logging_mixin.py:149} INFO - [2026-09-21T04:00:25.284+0000] {dagbag.py:541} INFO - Filling up the DagBag from /opt/airflow/dags/3_python_operator.py
[2026-09-21T04:00:25.289+0000] {processor.py:809} INFO - DAG(s) dict_keys(['3-pythonoperator']) retrieved from /opt/airflow/dags/3_python_operator.py
[2026-09-21T04:00:25.354+0000] {logging_mixin.py:149} INFO - [2026-09-21T04:00:25.354+0000] {dag.py:2726} INFO - Sync 1 DAGs
[2026-09-21T04:00:25.382+0000] {logging_mixin.py:149} INFO - [2026-09-21T04:00:25.382+0000] {dag.py:3490} INFO - Setting next_dagrun for 3-pythonoperator to None, run_after=None
[2026-09-21T04:00:25.405+0000] {processor.py:178} INFO - Processing /opt/airflow/dags/3_python_operator.py took 0.131 seconds
[2026-09-21T04:00:56.462+0000] {processor.py:156} INFO - Started process (PID=3026) to work on /opt/airflow/dags/3_python_operator.py
[2026-09-21T04:00:56.464+0000] {processor.py:799} INFO - Processing file /opt/airflow/dags/3_python_operator.py for tasks to queue
[2026-09-21T04:00:56.465+0000] {logging_mixin.py:149} INFO - [2026-09-21T04:00:56.465+0000] {dagbag.py:541} INFO - Filling up the DagBag from /opt/airflow/dags/3_python_operator.py
[2026-09-21T04:00:56.471+0000] {processor.py:809} INFO - DAG(s) dict_keys(['3-pythonoperator']) retrieved from /opt/airflow/dags/3_python_operator.py
[2026-09-21T04:00:56.547+0000] {logging_mixin.py:149} INFO - [2026-09-21T04:00:56.546+0000] {dag.py:2726} INFO - Sync 1 DAGs
[2026-09-21T04:00:56.598+0000] {logging_mixin.py:149} INFO - [2026-09-21T04:00:56.598+0000] {dag.py:3490} INFO - Setting next_dagrun for 3-pythonoperator to None, run_after=None
[2026-09-21T04:00:56.951+0000] {processor.py:178} INFO - Processing /opt/airflow/dags/3_python_operator.py took 0.496 seconds
[2026-09-21T04:01:27.533+0000] {processor.py:156} INFO - Started process (PID=3040) to work on /opt/airflow/dags/3_python_operator.py
[2026-09-21T04:01:27.537+0000] {processor.py:799} INFO - Processing file /opt/airflow/dags/3_python_operator.py for tasks to queue
[2026-09-21T04:01:27.538+0000] {logging_mixin.py:149} INFO - [2026-09-21T04:01:27.537+0000] {dagbag.py:541} INFO - Filling up the DagBag from /opt/airflow/dags/3_python_operator.py
[2026-09-21T04:01:27.545+0000] {processor.py:809} INFO - DAG(s) dict_keys(['3-pythonoperator']) retrieved from /opt/airflow/dags/3_python_operator.py
[2026-09-21T04:01:27.611+0000] {logging_mixin.py:149} INFO - [2026-09-21T04:01:27.610+0000] {dag.py:2726} INFO - Sync 1 DAGs
[2026-09-21T04:01:27.910+0000] {logging_mixin.py:149} INFO - [2026-09-21T04:01:27.910+0000] {dag.py:3490} INFO - Setting next_dagrun for 3-pythonoperator to None, run_after=None
[2026-09-21T04:01:27.936+0000] {processor.py:178} INFO - Processing /opt/airflow/dags/3_python_operator.py took 0.410 seconds
[2026-09-21T04:01:58.011+0000] {processor.py:156} INFO - Started process (PID=3054) to work on /opt/airflow/dags/3_python_operator.py
[2026-09-21T04:01:58.013+0000] {processor.py:799} INFO - Processing file /opt/airflow/dags/3_python_operator.py for tasks to queue
[2026-09-21T04:01:58.015+0000] {logging_mixin.py:149} INFO - [2026-09-21T04:01:58.014+0000] {dagbag.py:541} INFO - Filling up the DagBag from /opt/airflow/dags/3_python_operator.py
[2026-09-21T04:01:58.022+0000] {processor.py:809} INFO - DAG(s) dict_keys(['3-pythonoperator']) retrieved from /opt/airflow/dags/3_python_operator.py
[2026-09-21T04:01:58.073+0000] {logging_mixin.py:149} INFO - [2026-09-21T04:01:58.073+0000] {dag.py:2726} INFO - Sync 1 DAGs
[2026-09-21T04:01:58.107+0000] {logging_mixin.py:149} INFO - [2026-09-21T04:01:58.107+0000] {dag.py:3490} INFO - Setting next_dagrun for 3-pythonoperator to None, run_after=None
[2026-09-21T04:01:58.134+0000] {processor.py:178} INFO - Processing /opt/airflow/dags/3_python_operator.py took 0.132 seconds
[2026-09-21T04:02:27.734+0000] {processor.py:156} INFO - Started process (PID=3070) to work on /opt/airflow/dags/3_python_operator.py
[2026-09-21T04:02:27.741+0000] {processor.py:799} INFO - Processing file /opt/airflow/dags/3_python_operator.py for tasks to queue
[2026-09-21T04:02:27.743+0000] {logging_mixin.py:149} INFO - [2026-09-21T04:02:27.742+0000] {dagbag.py:541} INFO - Filling up the DagBag from /opt/airflow/dags/3_python_operator.py
[2026-09-21T04:02:27.753+0000] {processor.py:809} INFO - DAG(s) dict_keys(['3-pythonoperator']) retrieved from /opt/airflow/dags/3_python_operator.py
[2026-09-21T04:02:27.810+0000] {logging_mixin.py:149} INFO - [2026-09-21T04:02:27.809+0000] {dag.py:2726} INFO - Sync 1 DAGs
[2026-09-21T04:02:27.846+0000] {logging_mixin.py:149} INFO - [2026-09-21T04:02:27.846+0000] {dag.py:3490} INFO - Setting next_dagrun for 3-pythonoperator to None, run_after=None
[2026-09-21T04:02:27.876+0000] {processor.py:178} INFO - Processing /opt/airflow/dags/3_python_operator.py took 0.147 seconds
[2026-09-21T04:02:58.335+0000] {processor.py:156} INFO - Started process (PID=3083) to work on /opt/airflow/dags/3_python_operator.py
[2026-09-21T04:02:58.336+0000] {processor.py:799} INFO - Processing file /opt/airflow/dags/3_python_operator.py for tasks to queue
[2026-09-21T04:02:58.338+0000] {logging_mixin.py:149} INFO - [2026-09-21T04:02:58.338+0000] {dagbag.py:541} INFO - Filling up the DagBag from /opt/airflow/dags/3_python_operator.py
[2026-09-21T04:02:58.345+0000] {processor.py:809} INFO - DAG(s) dict_keys(['3-pythonoperator']) retrieved from /opt/airflow/dags/3_python_operator.py
[2026-09-21T04:02:58.402+0000] {logging_mixin.py:149} INFO - [2026-09-21T04:02:58.402+0000] {dag.py:2726} INFO - Sync 1 DAGs
[2026-09-21T04:02:58.449+0000] {logging_mixin.py:149} INFO - [2026-09-21T04:02:58.449+0000] {dag.py:3490} INFO - Setting next_dagrun for 3-pythonoperator to None, run_after=None
[2026-09-21T04:02:58.481+0000] {processor.py:178} INFO - Processing /opt/airflow/dags/3_python_operator.py took 0.153 seconds
[2026-09-21T04:03:28.810+0000] {processor.py:156} INFO - Started process (PID=3098) to work on /opt/airflow/dags/3_python_operator.py
[2026-09-21T04:03:28.819+0000] {processor.py:799} INFO - Processing file /opt/airflow/dags/3_python_operator.py for tasks to queue
[2026-09-21T04:03:28.822+0000] {logging_mixin.py:149} INFO - [2026-09-21T04:03:28.821+0000] {dagbag.py:541} INFO - Filling up the DagBag from /opt/airflow/dags/3_python_operator.py
[2026-09-21T04:03:28.834+0000] {processor.py:809} INFO - DAG(s) dict_keys(['3-pythonoperator']) retrieved from /opt/airflow/dags/3_python_operator.py
[2026-09-21T04:03:28.900+0000] {logging_mixin.py:149} INFO - [2026-09-21T04:03:28.900+0000] {dag.py:2726} INFO - Sync 1 DAGs
[2026-09-21T04:03:28.955+0000] {logging_mixin.py:149} INFO - [2026-09-21T04:03:28.955+0000] {dag.py:3490} INFO - Setting next_dagrun for 3-pythonoperator to None, run_after=None
[2026-09-21T04:03:29.004+0000] {processor.py:178} INFO - Processing /opt/airflow/dags/3_python_operator.py took 0.217 seconds
[2026-09-21T04:03:59.260+0000] {processor.py:156} INFO - Started process (PID=3109) to work on /opt/airflow/dags/3_python_operator.py
[2026-09-21T04:03:59.264+0000] {processor.py:799} INFO - Processing file /opt/airflow/dags/3_python_operator.py for tasks to queue
[2026-09-21T04:03:59.268+0000] {logging_mixin.py:149} INFO - [2026-09-21T04:03:59.267+0000] {dagbag.py:541} INFO - Filling up the DagBag from /opt/airflow/dags/3_python_operator.py
[2026-09-21T04:03:59.284+0000] {processor.py:809} INFO - DAG(s) dict_keys(['3-pythonoperator']) retrieved from /opt/airflow/dags/3_python_operator.py
[2026-09-21T04:03:59.396+0000] {logging_mixin.py:149} INFO - [2026-09-21T04:03:59.396+0000] {dag.py:2726} INFO - Sync 1 DAGs
[2026-09-21T04:03:59.494+0000] {logging_mixin.py:149} INFO - [2026-09-21T04:03:59.494+0000] {dag.py:3490} INFO - Setting next_dagrun for 3-pythonoperator to None, run_after=None
[2026-09-21T04:03:59.530+0000] {processor.py:178} INFO - Processing /opt/airflow/dags/3_python_operator.py took 0.287 seconds
[2026-09-21T04:04:30.158+0000] {processor.py:156} INFO - Started process (PID=3122) to work on /opt/airflow/dags/3_python_operator.py
[2026-09-21T04:04:30.164+0000] {processor.py:799} INFO - Processing file /opt/airflow/dags/3_python_operator.py for tasks to queue
[2026-09-21T04:04:30.165+0000] {logging_mixin.py:149} INFO - [2026-09-21T04:04:30.165+0000] {dagbag.py:541} INFO - Filling up the DagBag from /opt/airflow/dags/3_python_operator.py
[2026-09-21T04:04:30.174+0000] {processor.py:809} INFO - DAG(s) dict_keys(['3-pythonoperator']) retrieved from /opt/airflow/dags/3_python_operator.py
[2026-09-21T04:04:30.234+0000] {logging_mixin.py:149} INFO - [2026-09-21T04:04:30.234+0000] {dag.py:2726} INFO - Sync 1 DAGs
[2026-09-21T04:04:30.268+0000] {logging_mixin.py:149} INFO - [2026-09-21T04:04:30.268+0000] {dag.py:3490} INFO - Setting next_dagrun for 3-pythonoperator to None, run_after=None
[2026-09-21T04:04:30.296+0000] {processor.py:178} INFO - Processing /opt/airflow/dags/3_python_operator.py took 0.149 seconds
[2026-09-21T04:05:00.814+0000] {processor.py:156} INFO - Started process (PID=3136) to work on /opt/airflow/dags/3_python_operator.py
[2026-09-21T04:05:00.816+0000] {processor.py:799} INFO - Processing file /opt/airflow/dags/3_python_operator.py for tasks to queue
[2026-09-21T04:05:00.817+0000] {logging_mixin.py:149} INFO - [2026-09-21T04:05:00.817+0000] {dagbag.py:541} INFO - Filling up the DagBag from /opt/airflow/dags/3_python_operator.py
[2026-09-21T04:05:00.823+0000] {processor.py:809} INFO - DAG(s) dict_keys(['3-pythonoperator']) retrieved from /opt/airflow/dags/3_python_operator.py
[2026-09-21T04:05:00.878+0000] {logging_mixin.py:149} INFO - [2026-09-21T04:05:00.878+0000] {dag.py:2726} INFO - Sync 1 DAGs
[2026-09-21T04:05:00.913+0000] {logging_mixin.py:149} INFO - [2026-09-21T04:05:00.913+0000] {dag.py:3490} INFO - Setting next_dagrun for 3-pythonoperator to None, run_after=None
[2026-09-21T04:05:00.948+0000] {processor.py:178} INFO - Processing /opt/airflow/dags/3_python_operator.py took 0.140 seconds
[2026-09-21T04:05:31.531+0000] {processor.py:156} INFO - Started process (PID=3150) to work on /opt/airflow/dags/3_python_operator.py
[2026-09-21T04:05:31.534+0000] {processor.py:799} INFO - Processing file /opt/airflow/dags/3_python_operator.py for tasks to queue
[2026-09-21T04:05:31.536+0000] {logging_mixin.py:149} INFO - [2026-09-21T04:05:31.536+0000] {dagbag.py:541} INFO - Filling up the DagBag from /opt/airflow/dags/3_python_operator.py
[2026-09-21T04:05:31.552+0000] {processor.py:809} INFO - DAG(s) dict_keys(['3-pythonoperator']) retrieved from /opt/airflow/dags/3_python_operator.py
[2026-09-21T04:05:31.669+0000] {logging_mixin.py:149} INFO - [2026-09-21T04:05:31.668+0000] {dag.py:2726} INFO - Sync 1 DAGs
[2026-09-21T04:05:31.705+0000] {logging_mixin.py:149} INFO - [2026-09-21T04:05:31.705+0000] {dag.py:3490} INFO - Setting next_dagrun for 3-pythonoperator to None, run_after=None
[2026-09-21T04:05:31.745+0000] {processor.py:178} INFO - Processing /opt/airflow/dags/3_python_operator.py took 0.222 seconds
[2026-09-21T04:06:02.544+0000] {processor.py:156} INFO - Started process (PID=3164) to work on /opt/airflow/dags/3_python_operator.py
[2026-09-21T04:06:02.545+0000] {processor.py:799} INFO - Processing file /opt/airflow/dags/3_python_operator.py for tasks to queue
[2026-09-21T04:06:02.547+0000] {logging_mixin.py:149} INFO - [2026-09-21T04:06:02.547+0000] {dagbag.py:541} INFO - Filling up the DagBag from /opt/airflow/dags/3_python_operator.py
[2026-09-21T04:06:02.554+0000] {processor.py:809} INFO - DAG(s) dict_keys(['3-pythonoperator']) retrieved from /opt/airflow/dags/3_python_operator.py
[2026-09-21T04:06:02.607+0000] {logging_mixin.py:149} INFO - [2026-09-21T04:06:02.607+0000] {dag.py:2726} INFO - Sync 1 DAGs
[2026-09-21T04:06:02.642+0000] {logging_mixin.py:149} INFO - [2026-09-21T04:06:02.642+0000] {dag.py:3490} INFO - Setting next_dagrun for 3-pythonoperator to None, run_after=None
[2026-09-21T04:06:02.672+0000] {processor.py:178} INFO - Processing /opt/airflow/dags/3_python_operator.py took 0.134 seconds
[2026-09-21T04:06:33.442+0000] {processor.py:156} INFO - Started process (PID=3178) to work on /opt/airflow/dags/3_python_operator.py
[2026-09-21T04:06:33.450+0000] {processor.py:799} INFO - Processing file /opt/airflow/dags/3_python_operator.py for tasks to queue
[2026-09-21T04:06:33.454+0000] {logging_mixin.py:149} INFO - [2026-09-21T04:06:33.453+0000] {dagbag.py:541} INFO - Filling up the DagBag from /opt/airflow/dags/3_python_operator.py
[2026-09-21T04:06:33.463+0000] {processor.py:809} INFO - DAG(s) dict_keys(['3-pythonoperator']) retrieved from /opt/airflow/dags/3_python_operator.py
[2026-09-21T04:06:33.513+0000] {logging_mixin.py:149} INFO - [2026-09-21T04:06:33.513+0000] {dag.py:2726} INFO - Sync 1 DAGs
[2026-09-21T04:06:33.557+0000] {logging_mixin.py:149} INFO - [2026-09-21T04:06:33.556+0000] {dag.py:3490} INFO - Setting next_dagrun for 3-pythonoperator to None, run_after=None
[2026-09-21T04:06:33.593+0000] {processor.py:178} INFO - Processing /opt/airflow/dags/3_python_operator.py took 0.156 seconds
[2026-09-21T04:07:04.450+0000] {processor.py:156} INFO - Started process (PID=3192) to work on /opt/airflow/dags/3_python_operator.py
[2026-09-21T04:07:04.451+0000] {processor.py:799} INFO - Processing file /opt/airflow/dags/3_python_operator.py for tasks to queue
[2026-09-21T04:07:04.452+0000] {logging_mixin.py:149} INFO - [2026-09-21T04:07:04.451+0000] {dagbag.py:541} INFO - Filling up the DagBag from /opt/airflow/dags/3_python_operator.py
[2026-09-21T04:07:04.457+0000] {processor.py:809} INFO - DAG(s) dict_keys(['3-pythonoperator']) retrieved from /opt/airflow/dags/3_python_operator.py
[2026-09-21T04:07:04.539+0000] {logging_mixin.py:149} INFO - [2026-09-21T04:07:04.538+0000] {dag.py:2726} INFO - Sync 1 DAGs
[2026-09-21T04:07:04.571+0000] {logging_mixin.py:149} INFO - [2026-09-21T04:07:04.570+0000] {dag.py:3490} INFO - Setting next_dagrun for 3-pythonoperator to None, run_after=None
[2026-09-21T04:07:04.601+0000] {processor.py:178} INFO - Processing /opt/airflow/dags/3_python_operator.py took 0.156 seconds
[2026-09-21T04:07:32.935+0000] {processor.py:156} INFO - Started process (PID=3212) to work on /opt/airflow/dags/3_python_operator.py
[2026-09-21T04:07:32.936+0000] {processor.py:799} INFO - Processing file /opt/airflow/dags/3_python_operator.py for tasks to queue
[2026-09-21T04:07:32.938+0000] {logging_mixin.py:149} INFO - [2026-09-21T04:07:32.938+0000] {dagbag.py:541} INFO - Filling up the DagBag from /opt/airflow/dags/3_python_operator.py
[2026-09-21T04:07:32.950+0000] {processor.py:809} INFO - DAG(s) dict_keys(['3-pythonoperator']) retrieved from /opt/airflow/dags/3_python_operator.py
[2026-09-21T04:07:33.044+0000] {logging_mixin.py:149} INFO - [2026-09-21T04:07:33.044+0000] {dag.py:2726} INFO - Sync 1 DAGs
[2026-09-21T04:07:33.095+0000] {logging_mixin.py:149} INFO - [2026-09-21T04:07:33.095+0000] {dag.py:3490} INFO - Setting next_dagrun for 3-pythonoperator to None, run_after=None
[2026-09-21T04:07:33.143+0000] {processor.py:178} INFO - Processing /opt/airflow/dags/3_python_operator.py took 0.221 seconds
[2026-09-21T04:08:03.373+0000] {processor.py:156} INFO - Started process (PID=3226) to work on /opt/airflow/dags/3_python_operator.py
[2026-09-21T04:08:03.376+0000] {processor.py:799} INFO - Processing file /opt/airflow/dags/3_python_operator.py for tasks to queue
[2026-09-21T04:08:03.377+0000] {logging_mixin.py:149} INFO - [2026-09-21T04:08:03.377+0000] {dagbag.py:541} INFO - Filling up the DagBag from /opt/airflow/dags/3_python_operator.py
[2026-09-21T04:08:03.384+0000] {processor.py:809} INFO - DAG(s) dict_keys(['3-pythonoperator']) retrieved from /opt/airflow/dags/3_python_operator.py
[2026-09-21T04:08:03.469+0000] {logging_mixin.py:149} INFO - [2026-09-21T04:08:03.469+0000] {dag.py:2726} INFO - Sync 1 DAGs
[2026-09-21T04:08:03.528+0000] {logging_mixin.py:149} INFO - [2026-09-21T04:08:03.528+0000] {dag.py:3490} INFO - Setting next_dagrun for 3-pythonoperator to None, run_after=None
[2026-09-21T04:08:03.566+0000] {processor.py:178} INFO - Processing /opt/airflow/dags/3_python_operator.py took 0.200 seconds
[2026-09-21T04:08:34.069+0000] {processor.py:156} INFO - Started process (PID=3236) to work on /opt/airflow/dags/3_python_operator.py
[2026-09-21T04:08:34.071+0000] {processor.py:799} INFO - Processing file /opt/airflow/dags/3_python_operator.py for tasks to queue
[2026-09-21T04:08:34.072+0000] {logging_mixin.py:149} INFO - [2026-09-21T04:08:34.071+0000] {dagbag.py:541} INFO - Filling up the DagBag from /opt/airflow/dags/3_python_operator.py
[2026-09-21T04:08:34.077+0000] {processor.py:809} INFO - DAG(s) dict_keys(['3-pythonoperator']) retrieved from /opt/airflow/dags/3_python_operator.py
[2026-09-21T04:08:34.142+0000] {logging_mixin.py:149} INFO - [2026-09-21T04:08:34.142+0000] {dag.py:2726} INFO - Sync 1 DAGs
[2026-09-21T04:08:34.193+0000] {logging_mixin.py:149} INFO - [2026-09-21T04:08:34.189+0000] {dag.py:3490} INFO - Setting next_dagrun for 3-pythonoperator to None, run_after=None
[2026-09-21T04:08:34.222+0000] {processor.py:178} INFO - Processing /opt/airflow/dags/3_python_operator.py took 0.158 seconds
[2026-09-21T04:09:05.390+0000] {processor.py:156} INFO - Started process (PID=3250) to work on /opt/airflow/dags/3_python_operator.py
[2026-09-21T04:09:05.394+0000] {processor.py:799} INFO - Processing file /opt/airflow/dags/3_python_operator.py for tasks to queue
[2026-09-21T04:09:05.395+0000] {logging_mixin.py:149} INFO - [2026-09-21T04:09:05.395+0000] {dagbag.py:541} INFO - Filling up the DagBag from /opt/airflow/dags/3_python_operator.py
[2026-09-21T04:09:05.403+0000] {processor.py:809} INFO - DAG(s) dict_keys(['3-pythonoperator']) retrieved from /opt/airflow/dags/3_python_operator.py
[2026-09-21T04:09:05.463+0000] {logging_mixin.py:149} INFO - [2026-09-21T04:09:05.463+0000] {dag.py:2726} INFO - Sync 1 DAGs
[2026-09-21T04:09:05.501+0000] {logging_mixin.py:149} INFO - [2026-09-21T04:09:05.501+0000] {dag.py:3490} INFO - Setting next_dagrun for 3-pythonoperator to None, run_after=None
[2026-09-21T04:09:05.538+0000] {processor.py:178} INFO - Processing /opt/airflow/dags/3_python_operator.py took 0.153 seconds
[2026-09-21T04:09:36.370+0000] {processor.py:156} INFO - Started process (PID=3264) to work on /opt/airflow/dags/3_python_operator.py
[2026-09-21T04:09:36.371+0000] {processor.py:799} INFO - Processing file /opt/airflow/dags/3_python_operator.py for tasks to queue
[2026-09-21T04:09:36.372+0000] {logging_mixin.py:149} INFO - [2026-09-21T04:09:36.371+0000] {dagbag.py:541} INFO - Filling up the DagBag from /opt/airflow/dags/3_python_operator.py
[2026-09-21T04:09:36.376+0000] {processor.py:809} INFO - DAG(s) dict_keys(['3-pythonoperator']) retrieved from /opt/airflow/dags/3_python_operator.py
[2026-09-21T04:09:36.414+0000] {logging_mixin.py:149} INFO - [2026-09-21T04:09:36.413+0000] {dag.py:2726} INFO - Sync 1 DAGs
[2026-09-21T04:09:36.442+0000] {logging_mixin.py:149} INFO - [2026-09-21T04:09:36.442+0000] {dag.py:3490} INFO - Setting next_dagrun for 3-pythonoperator to None, run_after=None
[2026-09-21T04:09:36.463+0000] {processor.py:178} INFO - Processing /opt/airflow/dags/3_python_operator.py took 0.099 seconds
[2026-09-21T04:10:07.176+0000] {processor.py:156} INFO - Started process (PID=3278) to work on /opt/airflow/dags/3_python_operator.py
[2026-09-21T04:10:07.181+0000] {processor.py:799} INFO - Processing file /opt/airflow/dags/3_python_operator.py for tasks to queue
[2026-09-21T04:10:07.183+0000] {logging_mixin.py:149} INFO - [2026-09-21T04:10:07.182+0000] {dagbag.py:541} INFO - Filling up the DagBag from /opt/airflow/dags/3_python_operator.py
[2026-09-21T04:10:07.192+0000] {processor.py:809} INFO - DAG(s) dict_keys(['3-pythonoperator']) retrieved from /opt/airflow/dags/3_python_operator.py
[2026-09-21T04:10:07.267+0000] {logging_mixin.py:149} INFO - [2026-09-21T04:10:07.266+0000] {dag.py:2726} INFO - Sync 1 DAGs
[2026-09-21T04:10:07.321+0000] {logging_mixin.py:149} INFO - [2026-09-21T04:10:07.320+0000] {dag.py:3490} INFO - Setting next_dagrun for 3-pythonoperator to None, run_after=None
[2026-09-21T04:10:07.361+0000] {processor.py:178} INFO - Processing /opt/airflow/dags/3_python_operator.py took 0.192 seconds
[2026-09-21T04:10:34.215+0000] {processor.py:156} INFO - Started process (PID=3296) to work on /opt/airflow/dags/3_python_operator.py
[2026-09-21T04:10:34.216+0000] {processor.py:799} INFO - Processing file /opt/airflow/dags/3_python_operator.py for tasks to queue
[2026-09-21T04:10:34.217+0000] {logging_mixin.py:149} INFO - [2026-09-21T04:10:34.217+0000] {dagbag.py:541} INFO - Filling up the DagBag from /opt/airflow/dags/3_python_operator.py
[2026-09-21T04:10:34.224+0000] {processor.py:809} INFO - DAG(s) dict_keys(['3-pythonoperator']) retrieved from /opt/airflow/dags/3_python_operator.py
[2026-09-21T04:10:34.271+0000] {logging_mixin.py:149} INFO - [2026-09-21T04:10:34.270+0000] {dag.py:2726} INFO - Sync 1 DAGs
[2026-09-21T04:10:34.310+0000] {logging_mixin.py:149} INFO - [2026-09-21T04:10:34.310+0000] {dag.py:3490} INFO - Setting next_dagrun for 3-pythonoperator to None, run_after=None
[2026-09-21T04:10:34.341+0000] {processor.py:178} INFO - Processing /opt/airflow/dags/3_python_operator.py took 0.132 seconds
[2026-09-21T04:11:04.610+0000] {processor.py:156} INFO - Started process (PID=3310) to work on /opt/airflow/dags/3_python_operator.py
[2026-09-21T04:11:04.613+0000] {processor.py:799} INFO - Processing file /opt/airflow/dags/3_python_operator.py for tasks to queue
[2026-09-21T04:11:04.614+0000] {logging_mixin.py:149} INFO - [2026-09-21T04:11:04.614+0000] {dagbag.py:541} INFO - Filling up the DagBag from /opt/airflow/dags/3_python_operator.py
[2026-09-21T04:11:04.623+0000] {processor.py:809} INFO - DAG(s) dict_keys(['3-pythonoperator']) retrieved from /opt/airflow/dags/3_python_operator.py
[2026-09-21T04:11:04.682+0000] {logging_mixin.py:149} INFO - [2026-09-21T04:11:04.682+0000] {dag.py:2726} INFO - Sync 1 DAGs
[2026-09-21T04:11:04.717+0000] {logging_mixin.py:149} INFO - [2026-09-21T04:11:04.717+0000] {dag.py:3490} INFO - Setting next_dagrun for 3-pythonoperator to None, run_after=None
[2026-09-21T04:11:04.765+0000] {processor.py:178} INFO - Processing /opt/airflow/dags/3_python_operator.py took 0.168 seconds
[2026-09-21T04:11:34.879+0000] {processor.py:156} INFO - Started process (PID=3320) to work on /opt/airflow/dags/3_python_operator.py
[2026-09-21T04:11:34.881+0000] {processor.py:799} INFO - Processing file /opt/airflow/dags/3_python_operator.py for tasks to queue
[2026-09-21T04:11:34.883+0000] {logging_mixin.py:149} INFO - [2026-09-21T04:11:34.882+0000] {dagbag.py:541} INFO - Filling up the DagBag from /opt/airflow/dags/3_python_operator.py
[2026-09-21T04:11:34.890+0000] {processor.py:809} INFO - DAG(s) dict_keys(['3-pythonoperator']) retrieved from /opt/airflow/dags/3_python_operator.py
[2026-09-21T04:11:34.947+0000] {logging_mixin.py:149} INFO - [2026-09-21T04:11:34.947+0000] {dag.py:2726} INFO - Sync 1 DAGs
[2026-09-21T04:11:34.986+0000] {logging_mixin.py:149} INFO - [2026-09-21T04:11:34.985+0000] {dag.py:3490} INFO - Setting next_dagrun for 3-pythonoperator to None, run_after=None
[2026-09-21T04:11:35.016+0000] {processor.py:178} INFO - Processing /opt/airflow/dags/3_python_operator.py took 0.144 seconds
[2026-09-21T04:12:05.925+0000] {processor.py:156} INFO - Started process (PID=3334) to work on /opt/airflow/dags/3_python_operator.py
[2026-09-21T04:12:05.929+0000] {processor.py:799} INFO - Processing file /opt/airflow/dags/3_python_operator.py for tasks to queue
[2026-09-21T04:12:05.930+0000] {logging_mixin.py:149} INFO - [2026-09-21T04:12:05.930+0000] {dagbag.py:541} INFO - Filling up the DagBag from /opt/airflow/dags/3_python_operator.py
[2026-09-21T04:12:05.936+0000] {processor.py:809} INFO - DAG(s) dict_keys(['3-pythonoperator']) retrieved from /opt/airflow/dags/3_python_operator.py
[2026-09-21T04:12:05.997+0000] {logging_mixin.py:149} INFO - [2026-09-21T04:12:05.996+0000] {dag.py:2726} INFO - Sync 1 DAGs
[2026-09-21T04:12:06.032+0000] {logging_mixin.py:149} INFO - [2026-09-21T04:12:06.032+0000] {dag.py:3490} INFO - Setting next_dagrun for 3-pythonoperator to None, run_after=None
[2026-09-21T04:12:06.061+0000] {processor.py:178} INFO - Processing /opt/airflow/dags/3_python_operator.py took 0.147 seconds
[2026-09-21T04:12:37.167+0000] {processor.py:156} INFO - Started process (PID=3348) to work on /opt/airflow/dags/3_python_operator.py
[2026-09-21T04:12:37.170+0000] {processor.py:799} INFO - Processing file /opt/airflow/dags/3_python_operator.py for tasks to queue
[2026-09-21T04:12:37.171+0000] {logging_mixin.py:149} INFO - [2026-09-21T04:12:37.171+0000] {dagbag.py:541} INFO - Filling up the DagBag from /opt/airflow/dags/3_python_operator.py
[2026-09-21T04:12:37.195+0000] {processor.py:809} INFO - DAG(s) dict_keys(['3-pythonoperator']) retrieved from /opt/airflow/dags/3_python_operator.py
[2026-09-21T04:12:37.287+0000] {logging_mixin.py:149} INFO - [2026-09-21T04:12:37.287+0000] {dag.py:2726} INFO - Sync 1 DAGs
[2026-09-21T04:12:37.357+0000] {logging_mixin.py:149} INFO - [2026-09-21T04:12:37.357+0000] {dag.py:3490} INFO - Setting next_dagrun for 3-pythonoperator to None, run_after=None
[2026-09-21T04:12:37.391+0000] {processor.py:178} INFO - Processing /opt/airflow/dags/3_python_operator.py took 0.233 seconds
