[2026-09-21T00:00:16.144+0000] {processor.py:156} INFO - Started process (PID=3241) to work on /opt/airflow/dags/6_xcoms.py
[2026-09-21T00:00:16.147+0000] {processor.py:799} INFO - Processing file /opt/airflow/dags/6_xcoms.py for tasks to queue
[2026-09-21T00:00:16.148+0000] {logging_mixin.py:149} INFO - [2026-09-21T00:00:16.148+0000] {dagbag.py:541} INFO - Filling up the DagBag from /opt/airflow/dags/6_xcoms.py
[2026-09-21T00:00:16.175+0000] {processor.py:809} INFO - DAG(s) dict_keys(['6-XCom']) retrieved from /opt/airflow/dags/6_xcoms.py
[2026-09-21T00:00:16.236+0000] {logging_mixin.py:149} INFO - [2026-09-21T00:00:16.236+0000] {dag.py:2726} INFO - Sync 1 DAGs
[2026-09-21T00:00:16.324+0000] {processor.py:178} INFO - Processing /opt/airflow/dags/6_xcoms.py took 0.186 seconds
[2026-09-21T00:00:46.688+0000] {processor.py:156} INFO - Started process (PID=3251) to work on /opt/airflow/dags/6_xcoms.py
[2026-09-21T00:00:46.690+0000] {processor.py:799} INFO - Processing file /opt/airflow/dags/6_xcoms.py for tasks to queue
[2026-09-21T00:00:46.691+0000] {logging_mixin.py:149} INFO - [2026-09-21T00:00:46.691+0000] {dagbag.py:541} INFO - Filling up the DagBag from /opt/airflow/dags/6_xcoms.py
[2026-09-21T00:00:46.713+0000] {processor.py:809} INFO - DAG(s) dict_keys(['6-XCom']) retrieved from /opt/airflow/dags/6_xcoms.py
[2026-09-21T00:00:46.775+0000] {logging_mixin.py:149} INFO - [2026-09-21T00:00:46.774+0000] {dag.py:2726} INFO - Sync 1 DAGs
[2026-09-21T00:00:46.879+0000] {processor.py:178} INFO - Processing /opt/airflow/dags/6_xcoms.py took 0.197 seconds
[2026-09-21T00:01:17.039+0000] {processor.py:156} INFO - Started process (PID=3261) to work on /opt/airflow/dags/6_xcoms.py
[2026-09-21T00:01:17.042+0000] {processor.py:799} INFO - Processing file /opt/airflow/dags/6_xcoms.py for tasks to queue
[2026-09-21T00:01:17.045+0000] {logging_mixin.py:149} INFO - [2026-09-21T00:01:17.044+0000] {dagbag.py:541} INFO - Filling up the DagBag from /opt/airflow/dags/6_xcoms.py
[2026-09-21T00:01:17.077+0000] {processor.py:809} INFO - DAG(s) dict_keys(['6-XCom']) retrieved from /opt/airflow/dags/6_xcoms.py
[2026-09-21T00:01:17.171+0000] {logging_mixin.py:149} INFO - [2026-09-21T00:01:17.170+0000] {dag.py:2726} INFO - Sync 1 DAGs
[2026-09-21T00:01:17.244+0000] {processor.py:178} INFO - Processing /opt/airflow/dags/6_xcoms.py took 0.220 seconds
[2026-09-21T00:01:47.346+0000] {processor.py:156} INFO - Started process (PID=3271) to work on /opt/airflow/dags/6_xcoms.py
[2026-09-21T00:01:47.349+0000] {processor.py:799} INFO - Processing file /opt/airflow/dags/6_xcoms.py for tasks to queue
[2026-09-21T00:01:47.350+0000] {logging_mixin.py:149} INFO - [2026-09-21T00:01:47.350+0000] {dagbag.py:541} INFO - Filling up the DagBag from /opt/airflow/dags/6_xcoms.py
[2026-09-21T00:01:47.370+0000] {processor.py:809} INFO - DAG(s) dict_keys(['6-XCom']) retrieved from /opt/airflow/dags/6_xcoms.py
[2026-09-21T00:01:47.421+0000] {logging_mixin.py:149} INFO - [2026-09-21T00:01:47.421+0000] {dag.py:2726} INFO - Sync 1 DAGs
[2026-09-21T00:01:47.489+0000] {processor.py:178} INFO - Processing /opt/airflow/dags/6_xcoms.py took 0.148 seconds
[2026-09-21T00:02:17.794+0000] {processor.py:156} INFO - Started process (PID=3281) to work on /opt/airflow/dags/6_xcoms.py
[2026-09-21T00:02:17.799+0000] {processor.py:799} INFO - Processing file /opt/airflow/dags/6_xcoms.py for tasks to queue
[2026-09-21T00:02:17.802+0000] {logging_mixin.py:149} INFO - [2026-09-21T00:02:17.802+0000] {dagbag.py:541} INFO - Filling up the DagBag from /opt/airflow/dags/6_xcoms.py
[2026-09-21T00:02:17.847+0000] {processor.py:809} INFO - DAG(s) dict_keys(['6-XCom']) retrieved from /opt/airflow/dags/6_xcoms.py
[2026-09-21T00:02:17.919+0000] {logging_mixin.py:149} INFO - [2026-09-21T00:02:17.919+0000] {dag.py:2726} INFO - Sync 1 DAGs
[2026-09-21T00:02:18.057+0000] {processor.py:178} INFO - Processing /opt/airflow/dags/6_xcoms.py took 0.279 seconds
[2026-09-21T00:02:48.093+0000] {processor.py:156} INFO - Started process (PID=3291) to work on /opt/airflow/dags/6_xcoms.py
[2026-09-21T00:02:48.097+0000] {processor.py:799} INFO - Processing file /opt/airflow/dags/6_xcoms.py for tasks to queue
[2026-09-21T00:02:48.098+0000] {logging_mixin.py:149} INFO - [2026-09-21T00:02:48.098+0000] {dagbag.py:541} INFO - Filling up the DagBag from /opt/airflow/dags/6_xcoms.py
[2026-09-21T00:02:48.141+0000] {processor.py:809} INFO - DAG(s) dict_keys(['6-XCom']) retrieved from /opt/airflow/dags/6_xcoms.py
[2026-09-21T00:02:48.202+0000] {logging_mixin.py:149} INFO - [2026-09-21T00:02:48.202+0000] {dag.py:2726} INFO - Sync 1 DAGs
[2026-09-21T00:02:48.277+0000] {processor.py:178} INFO - Processing /opt/airflow/dags/6_xcoms.py took 0.190 seconds
[2026-09-21T00:03:19.167+0000] {processor.py:156} INFO - Started process (PID=3301) to work on /opt/airflow/dags/6_xcoms.py
[2026-09-21T00:03:19.171+0000] {processor.py:799} INFO - Processing file /opt/airflow/dags/6_xcoms.py for tasks to queue
[2026-09-21T00:03:19.172+0000] {logging_mixin.py:149} INFO - [2026-09-21T00:03:19.172+0000] {dagbag.py:541} INFO - Filling up the DagBag from /opt/airflow/dags/6_xcoms.py
[2026-09-21T00:03:19.196+0000] {processor.py:809} INFO - DAG(s) dict_keys(['6-XCom']) retrieved from /opt/airflow/dags/6_xcoms.py
[2026-09-21T00:03:19.252+0000] {logging_mixin.py:149} INFO - [2026-09-21T00:03:19.251+0000] {dag.py:2726} INFO - Sync 1 DAGs
[2026-09-21T00:03:19.351+0000] {processor.py:178} INFO - Processing /opt/airflow/dags/6_xcoms.py took 0.190 seconds
[2026-09-21T00:03:49.405+0000] {processor.py:156} INFO - Started process (PID=3311) to work on /opt/airflow/dags/6_xcoms.py
[2026-09-21T00:03:49.412+0000] {processor.py:799} INFO - Processing file /opt/airflow/dags/6_xcoms.py for tasks to queue
[2026-09-21T00:03:49.414+0000] {logging_mixin.py:149} INFO - [2026-09-21T00:03:49.413+0000] {dagbag.py:541} INFO - Filling up the DagBag from /opt/airflow/dags/6_xcoms.py
[2026-09-21T00:03:49.435+0000] {processor.py:809} INFO - DAG(s) dict_keys(['6-XCom']) retrieved from /opt/airflow/dags/6_xcoms.py
[2026-09-21T00:03:49.498+0000] {logging_mixin.py:149} INFO - [2026-09-21T00:03:49.498+0000] {dag.py:2726} INFO - Sync 1 DAGs
[2026-09-21T00:03:49.579+0000] {processor.py:178} INFO - Processing /opt/airflow/dags/6_xcoms.py took 0.184 seconds
[2026-09-21T00:04:19.625+0000] {processor.py:156} INFO - Started process (PID=3321) to work on /opt/airflow/dags/6_xcoms.py
[2026-09-21T00:04:19.627+0000] {processor.py:799} INFO - Processing file /opt/airflow/dags/6_xcoms.py for tasks to queue
[2026-09-21T00:04:19.628+0000] {logging_mixin.py:149} INFO - [2026-09-21T00:04:19.628+0000] {dagbag.py:541} INFO - Filling up the DagBag from /opt/airflow/dags/6_xcoms.py
[2026-09-21T00:04:19.655+0000] {processor.py:809} INFO - DAG(s) dict_keys(['6-XCom']) retrieved from /opt/airflow/dags/6_xcoms.py
[2026-09-21T00:04:19.726+0000] {logging_mixin.py:149} INFO - [2026-09-21T00:04:19.726+0000] {dag.py:2726} INFO - Sync 1 DAGs
[2026-09-21T00:04:19.804+0000] {processor.py:178} INFO - Processing /opt/airflow/dags/6_xcoms.py took 0.186 seconds
[2026-09-21T00:04:50.116+0000] {processor.py:156} INFO - Started process (PID=3331) to work on /opt/airflow/dags/6_xcoms.py
[2026-09-21T00:04:50.128+0000] {processor.py:799} INFO - Processing file /opt/airflow/dags/6_xcoms.py for tasks to queue
[2026-09-21T00:04:50.129+0000] {logging_mixin.py:149} INFO - [2026-09-21T00:04:50.129+0000] {dagbag.py:541} INFO - Filling up the DagBag from /opt/airflow/dags/6_xcoms.py
[2026-09-21T00:04:50.182+0000] {processor.py:809} INFO - DAG(s) dict_keys(['6-XCom']) retrieved from /opt/airflow/dags/6_xcoms.py
[2026-09-21T00:04:50.236+0000] {logging_mixin.py:149} INFO - [2026-09-21T00:04:50.236+0000] {dag.py:2726} INFO - Sync 1 DAGs
[2026-09-21T00:04:50.275+0000] {logging_mixin.py:149} INFO - [2026-09-21T00:04:50.275+0000] {dag.py:3490} INFO - Setting next_dagrun for 6-XCom to 2024-10-23T00:00:00+00:00, run_after=2024-10-24T00:00:00+00:00
[2026-09-21T00:04:50.315+0000] {processor.py:178} INFO - Processing /opt/airflow/dags/6_xcoms.py took 0.204 seconds
[2026-09-21T00:05:21.106+0000] {processor.py:156} INFO - Started process (PID=3341) to work on /opt/airflow/dags/6_xcoms.py
[2026-09-21T00:05:21.108+0000] {processor.py:799} INFO - Processing file /opt/airflow/dags/6_xcoms.py for tasks to queue
[2026-09-21T00:05:21.109+0000] {logging_mixin.py:149} INFO - [2026-09-21T00:05:21.109+0000] {dagbag.py:541} INFO - Filling up the DagBag from /opt/airflow/dags/6_xcoms.py
[2026-09-21T00:05:21.136+0000] {processor.py:809} INFO - DAG(s) dict_keys(['6-XCom']) retrieved from /opt/airflow/dags/6_xcoms.py
[2026-09-21T00:05:21.195+0000] {logging_mixin.py:149} INFO - [2026-09-21T00:05:21.195+0000] {dag.py:2726} INFO - Sync 1 DAGs
[2026-09-21T00:05:21.306+0000] {processor.py:178} INFO - Processing /opt/airflow/dags/6_xcoms.py took 0.205 seconds
[2026-09-21T00:05:52.331+0000] {processor.py:156} INFO - Started process (PID=3351) to work on /opt/airflow/dags/6_xcoms.py
[2026-09-21T00:05:52.339+0000] {processor.py:799} INFO - Processing file /opt/airflow/dags/6_xcoms.py for tasks to queue
[2026-09-21T00:05:52.340+0000] {logging_mixin.py:149} INFO - [2026-09-21T00:05:52.340+0000] {dagbag.py:541} INFO - Filling up the DagBag from /opt/airflow/dags/6_xcoms.py
[2026-09-21T00:05:52.382+0000] {processor.py:809} INFO - DAG(s) dict_keys(['6-XCom']) retrieved from /opt/airflow/dags/6_xcoms.py
[2026-09-21T00:05:52.471+0000] {logging_mixin.py:149} INFO - [2026-09-21T00:05:52.470+0000] {dag.py:2726} INFO - Sync 1 DAGs
[2026-09-21T00:05:52.584+0000] {processor.py:178} INFO - Processing /opt/airflow/dags/6_xcoms.py took 0.257 seconds
[2026-09-21T00:06:22.649+0000] {processor.py:156} INFO - Started process (PID=3361) to work on /opt/airflow/dags/6_xcoms.py
[2026-09-21T00:06:22.652+0000] {processor.py:799} INFO - Processing file /opt/airflow/dags/6_xcoms.py for tasks to queue
[2026-09-21T00:06:22.653+0000] {logging_mixin.py:149} INFO - [2026-09-21T00:06:22.653+0000] {dagbag.py:541} INFO - Filling up the DagBag from /opt/airflow/dags/6_xcoms.py
[2026-09-21T00:06:22.699+0000] {processor.py:809} INFO - DAG(s) dict_keys(['6-XCom']) retrieved from /opt/airflow/dags/6_xcoms.py
[2026-09-21T00:06:22.769+0000] {logging_mixin.py:149} INFO - [2026-09-21T00:06:22.769+0000] {dag.py:2726} INFO - Sync 1 DAGs
[2026-09-21T00:06:22.867+0000] {processor.py:178} INFO - Processing /opt/airflow/dags/6_xcoms.py took 0.238 seconds
[2026-09-21T00:06:53.058+0000] {processor.py:156} INFO - Started process (PID=3371) to work on /opt/airflow/dags/6_xcoms.py
[2026-09-21T00:06:53.062+0000] {processor.py:799} INFO - Processing file /opt/airflow/dags/6_xcoms.py for tasks to queue
[2026-09-21T00:06:53.064+0000] {logging_mixin.py:149} INFO - [2026-09-21T00:06:53.064+0000] {dagbag.py:541} INFO - Filling up the DagBag from /opt/airflow/dags/6_xcoms.py
[2026-09-21T00:06:53.088+0000] {processor.py:809} INFO - DAG(s) dict_keys(['6-XCom']) retrieved from /opt/airflow/dags/6_xcoms.py
[2026-09-21T00:06:53.167+0000] {logging_mixin.py:149} INFO - [2026-09-21T00:06:53.167+0000] {dag.py:2726} INFO - Sync 1 DAGs
[2026-09-21T00:06:53.223+0000] {logging_mixin.py:149} INFO - [2026-09-21T00:06:53.223+0000] {dag.py:3490} INFO - Setting next_dagrun for 6-XCom to 2024-11-01T00:00:00+00:00, run_after=2024-11-02T00:00:00+00:00
[2026-09-21T00:06:53.318+0000] {processor.py:178} INFO - Processing /opt/airflow/dags/6_xcoms.py took 0.268 seconds
[2026-09-21T00:07:24.362+0000] {processor.py:156} INFO - Started process (PID=3381) to work on /opt/airflow/dags/6_xcoms.py
[2026-09-21T00:07:24.364+0000] {processor.py:799} INFO - Processing file /opt/airflow/dags/6_xcoms.py for tasks to queue
[2026-09-21T00:07:24.365+0000] {logging_mixin.py:149} INFO - [2026-09-21T00:07:24.365+0000] {dagbag.py:541} INFO - Filling up the DagBag from /opt/airflow/dags/6_xcoms.py
[2026-09-21T00:07:24.398+0000] {processor.py:809} INFO - DAG(s) dict_keys(['6-XCom']) retrieved from /opt/airflow/dags/6_xcoms.py
[2026-09-21T00:07:24.466+0000] {logging_mixin.py:149} INFO - [2026-09-21T00:07:24.466+0000] {dag.py:2726} INFO - Sync 1 DAGs
[2026-09-21T00:07:24.561+0000] {processor.py:178} INFO - Processing /opt/airflow/dags/6_xcoms.py took 0.209 seconds
[2026-09-21T00:07:54.674+0000] {processor.py:156} INFO - Started process (PID=3391) to work on /opt/airflow/dags/6_xcoms.py
[2026-09-21T00:07:54.676+0000] {processor.py:799} INFO - Processing file /opt/airflow/dags/6_xcoms.py for tasks to queue
[2026-09-21T00:07:54.677+0000] {logging_mixin.py:149} INFO - [2026-09-21T00:07:54.677+0000] {dagbag.py:541} INFO - Filling up the DagBag from /opt/airflow/dags/6_xcoms.py
[2026-09-21T00:07:54.713+0000] {processor.py:809} INFO - DAG(s) dict_keys(['6-XCom']) retrieved from /opt/airflow/dags/6_xcoms.py
[2026-09-21T00:07:54.769+0000] {logging_mixin.py:149} INFO - [2026-09-21T00:07:54.769+0000] {dag.py:2726} INFO - Sync 1 DAGs
[2026-09-21T00:07:54.847+0000] {processor.py:178} INFO - Processing /opt/airflow/dags/6_xcoms.py took 0.180 seconds
[2026-09-21T00:08:25.191+0000] {processor.py:156} INFO - Started process (PID=3401) to work on /opt/airflow/dags/6_xcoms.py
[2026-09-21T00:08:25.199+0000] {processor.py:799} INFO - Processing file /opt/airflow/dags/6_xcoms.py for tasks to queue
[2026-09-21T00:08:25.202+0000] {logging_mixin.py:149} INFO - [2026-09-21T00:08:25.200+0000] {dagbag.py:541} INFO - Filling up the DagBag from /opt/airflow/dags/6_xcoms.py
[2026-09-21T00:08:25.297+0000] {processor.py:809} INFO - DAG(s) dict_keys(['6-XCom']) retrieved from /opt/airflow/dags/6_xcoms.py
[2026-09-21T00:08:25.415+0000] {logging_mixin.py:149} INFO - [2026-09-21T00:08:25.415+0000] {dag.py:2726} INFO - Sync 1 DAGs
[2026-09-21T00:08:25.530+0000] {processor.py:178} INFO - Processing /opt/airflow/dags/6_xcoms.py took 0.363 seconds
[2026-09-21T00:08:56.483+0000] {processor.py:156} INFO - Started process (PID=3411) to work on /opt/airflow/dags/6_xcoms.py
[2026-09-21T00:08:56.488+0000] {processor.py:799} INFO - Processing file /opt/airflow/dags/6_xcoms.py for tasks to queue
[2026-09-21T00:08:56.500+0000] {logging_mixin.py:149} INFO - [2026-09-21T00:08:56.490+0000] {dagbag.py:541} INFO - Filling up the DagBag from /opt/airflow/dags/6_xcoms.py
[2026-09-21T00:08:56.558+0000] {processor.py:809} INFO - DAG(s) dict_keys(['6-XCom']) retrieved from /opt/airflow/dags/6_xcoms.py
[2026-09-21T00:08:56.654+0000] {logging_mixin.py:149} INFO - [2026-09-21T00:08:56.653+0000] {dag.py:2726} INFO - Sync 1 DAGs
[2026-09-21T00:08:56.749+0000] {processor.py:178} INFO - Processing /opt/airflow/dags/6_xcoms.py took 0.301 seconds
[2026-09-21T00:09:26.863+0000] {processor.py:156} INFO - Started process (PID=3421) to work on /opt/airflow/dags/6_xcoms.py
[2026-09-21T00:09:26.867+0000] {processor.py:799} INFO - Processing file /opt/airflow/dags/6_xcoms.py for tasks to queue
[2026-09-21T00:09:26.868+0000] {logging_mixin.py:149} INFO - [2026-09-21T00:09:26.868+0000] {dagbag.py:541} INFO - Filling up the DagBag from /opt/airflow/dags/6_xcoms.py
[2026-09-21T00:09:26.894+0000] {processor.py:809} INFO - DAG(s) dict_keys(['6-XCom']) retrieved from /opt/airflow/dags/6_xcoms.py
[2026-09-21T00:09:26.959+0000] {logging_mixin.py:149} INFO - [2026-09-21T00:09:26.959+0000] {dag.py:2726} INFO - Sync 1 DAGs
[2026-09-21T00:09:27.028+0000] {processor.py:178} INFO - Processing /opt/airflow/dags/6_xcoms.py took 0.177 seconds
[2026-09-21T00:09:57.233+0000] {processor.py:156} INFO - Started process (PID=3431) to work on /opt/airflow/dags/6_xcoms.py
[2026-09-21T00:09:57.236+0000] {processor.py:799} INFO - Processing file /opt/airflow/dags/6_xcoms.py for tasks to queue
[2026-09-21T00:09:57.239+0000] {logging_mixin.py:149} INFO - [2026-09-21T00:09:57.239+0000] {dagbag.py:541} INFO - Filling up the DagBag from /opt/airflow/dags/6_xcoms.py
[2026-09-21T00:09:57.280+0000] {processor.py:809} INFO - DAG(s) dict_keys(['6-XCom']) retrieved from /opt/airflow/dags/6_xcoms.py
[2026-09-21T00:09:57.349+0000] {logging_mixin.py:149} INFO - [2026-09-21T00:09:57.349+0000] {dag.py:2726} INFO - Sync 1 DAGs
[2026-09-21T00:09:57.418+0000] {processor.py:178} INFO - Processing /opt/airflow/dags/6_xcoms.py took 0.193 seconds
[2026-09-21T00:10:27.497+0000] {processor.py:156} INFO - Started process (PID=3441) to work on /opt/airflow/dags/6_xcoms.py
[2026-09-21T00:10:27.505+0000] {processor.py:799} INFO - Processing file /opt/airflow/dags/6_xcoms.py for tasks to queue
[2026-09-21T00:10:27.506+0000] {logging_mixin.py:149} INFO - [2026-09-21T00:10:27.506+0000] {dagbag.py:541} INFO - Filling up the DagBag from /opt/airflow/dags/6_xcoms.py
[2026-09-21T00:10:27.565+0000] {processor.py:809} INFO - DAG(s) dict_keys(['6-XCom']) retrieved from /opt/airflow/dags/6_xcoms.py
[2026-09-21T00:10:27.666+0000] {logging_mixin.py:149} INFO - [2026-09-21T00:10:27.666+0000] {dag.py:2726} INFO - Sync 1 DAGs
[2026-09-21T00:10:27.788+0000] {processor.py:178} INFO - Processing /opt/airflow/dags/6_xcoms.py took 0.302 seconds
[2026-09-21T00:10:57.876+0000] {processor.py:156} INFO - Started process (PID=3451) to work on /opt/airflow/dags/6_xcoms.py
[2026-09-21T00:10:57.879+0000] {processor.py:799} INFO - Processing file /opt/airflow/dags/6_xcoms.py for tasks to queue
[2026-09-21T00:10:57.880+0000] {logging_mixin.py:149} INFO - [2026-09-21T00:10:57.880+0000] {dagbag.py:541} INFO - Filling up the DagBag from /opt/airflow/dags/6_xcoms.py
[2026-09-21T00:10:57.912+0000] {processor.py:809} INFO - DAG(s) dict_keys(['6-XCom']) retrieved from /opt/airflow/dags/6_xcoms.py
[2026-09-21T00:10:57.993+0000] {logging_mixin.py:149} INFO - [2026-09-21T00:10:57.992+0000] {dag.py:2726} INFO - Sync 1 DAGs
[2026-09-21T00:10:58.196+0000] {processor.py:178} INFO - Processing /opt/airflow/dags/6_xcoms.py took 0.327 seconds
[2026-09-21T00:11:28.958+0000] {processor.py:156} INFO - Started process (PID=3461) to work on /opt/airflow/dags/6_xcoms.py
[2026-09-21T00:11:28.976+0000] {processor.py:799} INFO - Processing file /opt/airflow/dags/6_xcoms.py for tasks to queue
[2026-09-21T00:11:28.977+0000] {logging_mixin.py:149} INFO - [2026-09-21T00:11:28.977+0000] {dagbag.py:541} INFO - Filling up the DagBag from /opt/airflow/dags/6_xcoms.py
[2026-09-21T00:11:29.067+0000] {processor.py:809} INFO - DAG(s) dict_keys(['6-XCom']) retrieved from /opt/airflow/dags/6_xcoms.py
[2026-09-21T00:11:29.210+0000] {logging_mixin.py:149} INFO - [2026-09-21T00:11:29.210+0000] {dag.py:2726} INFO - Sync 1 DAGs
[2026-09-21T00:11:29.313+0000] {processor.py:178} INFO - Processing /opt/airflow/dags/6_xcoms.py took 0.379 seconds
[2026-09-21T00:11:59.469+0000] {processor.py:156} INFO - Started process (PID=3471) to work on /opt/airflow/dags/6_xcoms.py
[2026-09-21T00:11:59.472+0000] {processor.py:799} INFO - Processing file /opt/airflow/dags/6_xcoms.py for tasks to queue
[2026-09-21T00:11:59.473+0000] {logging_mixin.py:149} INFO - [2026-09-21T00:11:59.473+0000] {dagbag.py:541} INFO - Filling up the DagBag from /opt/airflow/dags/6_xcoms.py
[2026-09-21T00:11:59.497+0000] {processor.py:809} INFO - DAG(s) dict_keys(['6-XCom']) retrieved from /opt/airflow/dags/6_xcoms.py
[2026-09-21T00:11:59.551+0000] {logging_mixin.py:149} INFO - [2026-09-21T00:11:59.551+0000] {dag.py:2726} INFO - Sync 1 DAGs
[2026-09-21T00:11:59.617+0000] {processor.py:178} INFO - Processing /opt/airflow/dags/6_xcoms.py took 0.158 seconds
[2026-09-21T00:12:30.415+0000] {processor.py:156} INFO - Started process (PID=3481) to work on /opt/airflow/dags/6_xcoms.py
[2026-09-21T00:12:30.422+0000] {processor.py:799} INFO - Processing file /opt/airflow/dags/6_xcoms.py for tasks to queue
[2026-09-21T00:12:30.423+0000] {logging_mixin.py:149} INFO - [2026-09-21T00:12:30.423+0000] {dagbag.py:541} INFO - Filling up the DagBag from /opt/airflow/dags/6_xcoms.py
[2026-09-21T00:12:30.479+0000] {processor.py:809} INFO - DAG(s) dict_keys(['6-XCom']) retrieved from /opt/airflow/dags/6_xcoms.py
[2026-09-21T00:12:30.556+0000] {logging_mixin.py:149} INFO - [2026-09-21T00:12:30.556+0000] {dag.py:2726} INFO - Sync 1 DAGs
[2026-09-21T00:12:30.673+0000] {processor.py:178} INFO - Processing /opt/airflow/dags/6_xcoms.py took 0.277 seconds
[2026-09-21T00:13:01.423+0000] {processor.py:156} INFO - Started process (PID=3491) to work on /opt/airflow/dags/6_xcoms.py
[2026-09-21T00:13:01.431+0000] {processor.py:799} INFO - Processing file /opt/airflow/dags/6_xcoms.py for tasks to queue
[2026-09-21T00:13:01.434+0000] {logging_mixin.py:149} INFO - [2026-09-21T00:13:01.434+0000] {dagbag.py:541} INFO - Filling up the DagBag from /opt/airflow/dags/6_xcoms.py
[2026-09-21T00:13:01.496+0000] {processor.py:809} INFO - DAG(s) dict_keys(['6-XCom']) retrieved from /opt/airflow/dags/6_xcoms.py
[2026-09-21T00:13:01.564+0000] {logging_mixin.py:149} INFO - [2026-09-21T00:13:01.564+0000] {dag.py:2726} INFO - Sync 1 DAGs
[2026-09-21T00:13:01.660+0000] {processor.py:178} INFO - Processing /opt/airflow/dags/6_xcoms.py took 0.272 seconds
[2026-09-21T00:13:32.537+0000] {processor.py:156} INFO - Started process (PID=3501) to work on /opt/airflow/dags/6_xcoms.py
[2026-09-21T00:13:32.539+0000] {processor.py:799} INFO - Processing file /opt/airflow/dags/6_xcoms.py for tasks to queue
[2026-09-21T00:13:32.543+0000] {logging_mixin.py:149} INFO - [2026-09-21T00:13:32.542+0000] {dagbag.py:541} INFO - Filling up the DagBag from /opt/airflow/dags/6_xcoms.py
[2026-09-21T00:13:32.605+0000] {processor.py:809} INFO - DAG(s) dict_keys(['6-XCom']) retrieved from /opt/airflow/dags/6_xcoms.py
[2026-09-21T00:13:32.692+0000] {logging_mixin.py:149} INFO - [2026-09-21T00:13:32.692+0000] {dag.py:2726} INFO - Sync 1 DAGs
[2026-09-21T00:13:32.833+0000] {processor.py:178} INFO - Processing /opt/airflow/dags/6_xcoms.py took 0.311 seconds
[2026-09-21T00:14:03.766+0000] {processor.py:156} INFO - Started process (PID=3511) to work on /opt/airflow/dags/6_xcoms.py
[2026-09-21T00:14:03.770+0000] {processor.py:799} INFO - Processing file /opt/airflow/dags/6_xcoms.py for tasks to queue
[2026-09-21T00:14:03.772+0000] {logging_mixin.py:149} INFO - [2026-09-21T00:14:03.772+0000] {dagbag.py:541} INFO - Filling up the DagBag from /opt/airflow/dags/6_xcoms.py
[2026-09-21T00:14:03.845+0000] {processor.py:809} INFO - DAG(s) dict_keys(['6-XCom']) retrieved from /opt/airflow/dags/6_xcoms.py
[2026-09-21T00:14:03.961+0000] {logging_mixin.py:149} INFO - [2026-09-21T00:14:03.961+0000] {dag.py:2726} INFO - Sync 1 DAGs
[2026-09-21T00:14:04.133+0000] {processor.py:178} INFO - Processing /opt/airflow/dags/6_xcoms.py took 0.389 seconds
[2026-09-21T00:14:34.282+0000] {processor.py:156} INFO - Started process (PID=3521) to work on /opt/airflow/dags/6_xcoms.py
[2026-09-21T00:14:34.284+0000] {processor.py:799} INFO - Processing file /opt/airflow/dags/6_xcoms.py for tasks to queue
[2026-09-21T00:14:34.285+0000] {logging_mixin.py:149} INFO - [2026-09-21T00:14:34.285+0000] {dagbag.py:541} INFO - Filling up the DagBag from /opt/airflow/dags/6_xcoms.py
[2026-09-21T00:14:34.308+0000] {processor.py:809} INFO - DAG(s) dict_keys(['6-XCom']) retrieved from /opt/airflow/dags/6_xcoms.py
[2026-09-21T00:14:34.381+0000] {logging_mixin.py:149} INFO - [2026-09-21T00:14:34.380+0000] {dag.py:2726} INFO - Sync 1 DAGs
[2026-09-21T00:14:34.493+0000] {processor.py:178} INFO - Processing /opt/airflow/dags/6_xcoms.py took 0.217 seconds
[2026-09-21T00:15:04.814+0000] {processor.py:156} INFO - Started process (PID=3531) to work on /opt/airflow/dags/6_xcoms.py
[2026-09-21T00:15:04.820+0000] {processor.py:799} INFO - Processing file /opt/airflow/dags/6_xcoms.py for tasks to queue
[2026-09-21T00:15:04.821+0000] {logging_mixin.py:149} INFO - [2026-09-21T00:15:04.821+0000] {dagbag.py:541} INFO - Filling up the DagBag from /opt/airflow/dags/6_xcoms.py
[2026-09-21T00:15:04.851+0000] {processor.py:809} INFO - DAG(s) dict_keys(['6-XCom']) retrieved from /opt/airflow/dags/6_xcoms.py
[2026-09-21T00:15:04.939+0000] {logging_mixin.py:149} INFO - [2026-09-21T00:15:04.939+0000] {dag.py:2726} INFO - Sync 1 DAGs
[2026-09-21T00:15:05.032+0000] {processor.py:178} INFO - Processing /opt/airflow/dags/6_xcoms.py took 0.230 seconds
[2026-09-21T00:15:36.050+0000] {processor.py:156} INFO - Started process (PID=3541) to work on /opt/airflow/dags/6_xcoms.py
[2026-09-21T00:15:36.053+0000] {processor.py:799} INFO - Processing file /opt/airflow/dags/6_xcoms.py for tasks to queue
[2026-09-21T00:15:36.054+0000] {logging_mixin.py:149} INFO - [2026-09-21T00:15:36.054+0000] {dagbag.py:541} INFO - Filling up the DagBag from /opt/airflow/dags/6_xcoms.py
[2026-09-21T00:15:36.088+0000] {processor.py:809} INFO - DAG(s) dict_keys(['6-XCom']) retrieved from /opt/airflow/dags/6_xcoms.py
[2026-09-21T00:15:36.171+0000] {logging_mixin.py:149} INFO - [2026-09-21T00:15:36.170+0000] {dag.py:2726} INFO - Sync 1 DAGs
[2026-09-21T00:15:36.280+0000] {processor.py:178} INFO - Processing /opt/airflow/dags/6_xcoms.py took 0.235 seconds
[2026-09-21T00:16:06.419+0000] {processor.py:156} INFO - Started process (PID=3551) to work on /opt/airflow/dags/6_xcoms.py
[2026-09-21T00:16:06.424+0000] {processor.py:799} INFO - Processing file /opt/airflow/dags/6_xcoms.py for tasks to queue
[2026-09-21T00:16:06.425+0000] {logging_mixin.py:149} INFO - [2026-09-21T00:16:06.425+0000] {dagbag.py:541} INFO - Filling up the DagBag from /opt/airflow/dags/6_xcoms.py
[2026-09-21T00:16:06.479+0000] {processor.py:809} INFO - DAG(s) dict_keys(['6-XCom']) retrieved from /opt/airflow/dags/6_xcoms.py
[2026-09-21T00:16:06.552+0000] {logging_mixin.py:149} INFO - [2026-09-21T00:16:06.552+0000] {dag.py:2726} INFO - Sync 1 DAGs
[2026-09-21T00:16:06.646+0000] {processor.py:178} INFO - Processing /opt/airflow/dags/6_xcoms.py took 0.233 seconds
[2026-09-21T00:16:36.807+0000] {processor.py:156} INFO - Started process (PID=3561) to work on /opt/airflow/dags/6_xcoms.py
[2026-09-21T00:16:36.810+0000] {processor.py:799} INFO - Processing file /opt/airflow/dags/6_xcoms.py for tasks to queue
[2026-09-21T00:16:36.811+0000] {logging_mixin.py:149} INFO - [2026-09-21T00:16:36.811+0000] {dagbag.py:541} INFO - Filling up the DagBag from /opt/airflow/dags/6_xcoms.py
[2026-09-21T00:16:36.837+0000] {processor.py:809} INFO - DAG(s) dict_keys(['6-XCom']) retrieved from /opt/airflow/dags/6_xcoms.py
[2026-09-21T00:16:36.908+0000] {logging_mixin.py:149} INFO - [2026-09-21T00:16:36.907+0000] {dag.py:2726} INFO - Sync 1 DAGs
[2026-09-21T00:16:37.026+0000] {processor.py:178} INFO - Processing /opt/airflow/dags/6_xcoms.py took 0.225 seconds
[2026-09-21T00:17:07.669+0000] {processor.py:156} INFO - Started process (PID=3571) to work on /opt/airflow/dags/6_xcoms.py
[2026-09-21T00:17:07.673+0000] {processor.py:799} INFO - Processing file /opt/airflow/dags/6_xcoms.py for tasks to queue
[2026-09-21T00:17:07.674+0000] {logging_mixin.py:149} INFO - [2026-09-21T00:17:07.674+0000] {dagbag.py:541} INFO - Filling up the DagBag from /opt/airflow/dags/6_xcoms.py
[2026-09-21T00:17:07.700+0000] {processor.py:809} INFO - DAG(s) dict_keys(['6-XCom']) retrieved from /opt/airflow/dags/6_xcoms.py
[2026-09-21T00:17:07.769+0000] {logging_mixin.py:149} INFO - [2026-09-21T00:17:07.769+0000] {dag.py:2726} INFO - Sync 1 DAGs
[2026-09-21T00:17:07.910+0000] {processor.py:178} INFO - Processing /opt/airflow/dags/6_xcoms.py took 0.248 seconds
[2026-09-21T00:17:38.154+0000] {processor.py:156} INFO - Started process (PID=3581) to work on /opt/airflow/dags/6_xcoms.py
[2026-09-21T00:17:38.162+0000] {processor.py:799} INFO - Processing file /opt/airflow/dags/6_xcoms.py for tasks to queue
[2026-09-21T00:17:38.164+0000] {logging_mixin.py:149} INFO - [2026-09-21T00:17:38.163+0000] {dagbag.py:541} INFO - Filling up the DagBag from /opt/airflow/dags/6_xcoms.py
[2026-09-21T00:17:38.228+0000] {processor.py:809} INFO - DAG(s) dict_keys(['6-XCom']) retrieved from /opt/airflow/dags/6_xcoms.py
[2026-09-21T00:17:38.345+0000] {logging_mixin.py:149} INFO - [2026-09-21T00:17:38.345+0000] {dag.py:2726} INFO - Sync 1 DAGs
[2026-09-21T00:17:38.442+0000] {processor.py:178} INFO - Processing /opt/airflow/dags/6_xcoms.py took 0.304 seconds
[2026-09-21T00:18:08.644+0000] {processor.py:156} INFO - Started process (PID=3591) to work on /opt/airflow/dags/6_xcoms.py
[2026-09-21T00:18:08.646+0000] {processor.py:799} INFO - Processing file /opt/airflow/dags/6_xcoms.py for tasks to queue
[2026-09-21T00:18:08.648+0000] {logging_mixin.py:149} INFO - [2026-09-21T00:18:08.648+0000] {dagbag.py:541} INFO - Filling up the DagBag from /opt/airflow/dags/6_xcoms.py
[2026-09-21T00:18:08.673+0000] {processor.py:809} INFO - DAG(s) dict_keys(['6-XCom']) retrieved from /opt/airflow/dags/6_xcoms.py
[2026-09-21T00:18:08.745+0000] {logging_mixin.py:149} INFO - [2026-09-21T00:18:08.745+0000] {dag.py:2726} INFO - Sync 1 DAGs
[2026-09-21T00:18:08.825+0000] {processor.py:178} INFO - Processing /opt/airflow/dags/6_xcoms.py took 0.197 seconds
[2026-09-21T00:18:38.866+0000] {processor.py:156} INFO - Started process (PID=3600) to work on /opt/airflow/dags/6_xcoms.py
[2026-09-21T00:18:38.869+0000] {processor.py:799} INFO - Processing file /opt/airflow/dags/6_xcoms.py for tasks to queue
[2026-09-21T00:18:38.871+0000] {logging_mixin.py:149} INFO - [2026-09-21T00:18:38.870+0000] {dagbag.py:541} INFO - Filling up the DagBag from /opt/airflow/dags/6_xcoms.py
[2026-09-21T00:18:38.892+0000] {processor.py:809} INFO - DAG(s) dict_keys(['6-XCom']) retrieved from /opt/airflow/dags/6_xcoms.py
[2026-09-21T00:18:38.974+0000] {logging_mixin.py:149} INFO - [2026-09-21T00:18:38.973+0000] {dag.py:2726} INFO - Sync 1 DAGs
[2026-09-21T00:18:39.075+0000] {processor.py:178} INFO - Processing /opt/airflow/dags/6_xcoms.py took 0.215 seconds
[2026-09-21T00:19:09.365+0000] {processor.py:156} INFO - Started process (PID=3611) to work on /opt/airflow/dags/6_xcoms.py
[2026-09-21T00:19:09.367+0000] {processor.py:799} INFO - Processing file /opt/airflow/dags/6_xcoms.py for tasks to queue
[2026-09-21T00:19:09.376+0000] {logging_mixin.py:149} INFO - [2026-09-21T00:19:09.371+0000] {dagbag.py:541} INFO - Filling up the DagBag from /opt/airflow/dags/6_xcoms.py
[2026-09-21T00:19:09.407+0000] {processor.py:809} INFO - DAG(s) dict_keys(['6-XCom']) retrieved from /opt/airflow/dags/6_xcoms.py
[2026-09-21T00:19:09.475+0000] {logging_mixin.py:149} INFO - [2026-09-21T00:19:09.474+0000] {dag.py:2726} INFO - Sync 1 DAGs
[2026-09-21T00:19:09.548+0000] {processor.py:178} INFO - Processing /opt/airflow/dags/6_xcoms.py took 0.190 seconds
[2026-09-21T00:19:39.719+0000] {processor.py:156} INFO - Started process (PID=3621) to work on /opt/airflow/dags/6_xcoms.py
[2026-09-21T00:19:39.734+0000] {processor.py:799} INFO - Processing file /opt/airflow/dags/6_xcoms.py for tasks to queue
[2026-09-21T00:19:39.735+0000] {logging_mixin.py:149} INFO - [2026-09-21T00:19:39.735+0000] {dagbag.py:541} INFO - Filling up the DagBag from /opt/airflow/dags/6_xcoms.py
[2026-09-21T00:19:39.769+0000] {processor.py:809} INFO - DAG(s) dict_keys(['6-XCom']) retrieved from /opt/airflow/dags/6_xcoms.py
[2026-09-21T00:19:39.824+0000] {logging_mixin.py:149} INFO - [2026-09-21T00:19:39.823+0000] {dag.py:2726} INFO - Sync 1 DAGs
[2026-09-21T00:19:39.934+0000] {processor.py:178} INFO - Processing /opt/airflow/dags/6_xcoms.py took 0.221 seconds
[2026-09-21T00:20:10.198+0000] {processor.py:156} INFO - Started process (PID=3631) to work on /opt/airflow/dags/6_xcoms.py
[2026-09-21T00:20:10.200+0000] {processor.py:799} INFO - Processing file /opt/airflow/dags/6_xcoms.py for tasks to queue
[2026-09-21T00:20:10.204+0000] {logging_mixin.py:149} INFO - [2026-09-21T00:20:10.202+0000] {dagbag.py:541} INFO - Filling up the DagBag from /opt/airflow/dags/6_xcoms.py
[2026-09-21T00:20:10.237+0000] {processor.py:809} INFO - DAG(s) dict_keys(['6-XCom']) retrieved from /opt/airflow/dags/6_xcoms.py
[2026-09-21T00:20:10.329+0000] {logging_mixin.py:149} INFO - [2026-09-21T00:20:10.329+0000] {dag.py:2726} INFO - Sync 1 DAGs
[2026-09-21T00:20:10.450+0000] {logging_mixin.py:149} INFO - [2026-09-21T00:20:10.450+0000] {dag.py:3490} INFO - Setting next_dagrun for 6-XCom to 2024-12-29T00:00:00+00:00, run_after=2024-12-30T00:00:00+00:00
[2026-09-21T00:20:10.486+0000] {processor.py:178} INFO - Processing /opt/airflow/dags/6_xcoms.py took 0.297 seconds
[2026-09-21T00:20:40.588+0000] {processor.py:156} INFO - Started process (PID=3642) to work on /opt/airflow/dags/6_xcoms.py
[2026-09-21T00:20:40.591+0000] {processor.py:799} INFO - Processing file /opt/airflow/dags/6_xcoms.py for tasks to queue
[2026-09-21T00:20:40.592+0000] {logging_mixin.py:149} INFO - [2026-09-21T00:20:40.592+0000] {dagbag.py:541} INFO - Filling up the DagBag from /opt/airflow/dags/6_xcoms.py
[2026-09-21T00:20:40.616+0000] {processor.py:809} INFO - DAG(s) dict_keys(['6-XCom']) retrieved from /opt/airflow/dags/6_xcoms.py
[2026-09-21T00:20:40.700+0000] {logging_mixin.py:149} INFO - [2026-09-21T00:20:40.700+0000] {dag.py:2726} INFO - Sync 1 DAGs
[2026-09-21T00:20:40.826+0000] {processor.py:178} INFO - Processing /opt/airflow/dags/6_xcoms.py took 0.248 seconds
[2026-09-21T00:21:11.764+0000] {processor.py:156} INFO - Started process (PID=3653) to work on /opt/airflow/dags/6_xcoms.py
[2026-09-21T00:21:11.772+0000] {processor.py:799} INFO - Processing file /opt/airflow/dags/6_xcoms.py for tasks to queue
[2026-09-21T00:21:11.774+0000] {logging_mixin.py:149} INFO - [2026-09-21T00:21:11.773+0000] {dagbag.py:541} INFO - Filling up the DagBag from /opt/airflow/dags/6_xcoms.py
[2026-09-21T00:21:11.802+0000] {processor.py:809} INFO - DAG(s) dict_keys(['6-XCom']) retrieved from /opt/airflow/dags/6_xcoms.py
[2026-09-21T00:21:11.871+0000] {logging_mixin.py:149} INFO - [2026-09-21T00:21:11.871+0000] {dag.py:2726} INFO - Sync 1 DAGs
[2026-09-21T00:21:12.055+0000] {processor.py:178} INFO - Processing /opt/airflow/dags/6_xcoms.py took 0.304 seconds
[2026-09-21T00:21:42.304+0000] {processor.py:156} INFO - Started process (PID=3663) to work on /opt/airflow/dags/6_xcoms.py
[2026-09-21T00:21:42.307+0000] {processor.py:799} INFO - Processing file /opt/airflow/dags/6_xcoms.py for tasks to queue
[2026-09-21T00:21:42.309+0000] {logging_mixin.py:149} INFO - [2026-09-21T00:21:42.308+0000] {dagbag.py:541} INFO - Filling up the DagBag from /opt/airflow/dags/6_xcoms.py
[2026-09-21T00:21:42.338+0000] {processor.py:809} INFO - DAG(s) dict_keys(['6-XCom']) retrieved from /opt/airflow/dags/6_xcoms.py
[2026-09-21T00:21:42.395+0000] {logging_mixin.py:149} INFO - [2026-09-21T00:21:42.394+0000] {dag.py:2726} INFO - Sync 1 DAGs
[2026-09-21T00:21:42.485+0000] {processor.py:178} INFO - Processing /opt/airflow/dags/6_xcoms.py took 0.190 seconds
[2026-09-21T00:22:12.663+0000] {processor.py:156} INFO - Started process (PID=3673) to work on /opt/airflow/dags/6_xcoms.py
[2026-09-21T00:22:12.671+0000] {processor.py:799} INFO - Processing file /opt/airflow/dags/6_xcoms.py for tasks to queue
[2026-09-21T00:22:12.673+0000] {logging_mixin.py:149} INFO - [2026-09-21T00:22:12.673+0000] {dagbag.py:541} INFO - Filling up the DagBag from /opt/airflow/dags/6_xcoms.py
[2026-09-21T00:22:12.702+0000] {processor.py:809} INFO - DAG(s) dict_keys(['6-XCom']) retrieved from /opt/airflow/dags/6_xcoms.py
[2026-09-21T00:22:12.756+0000] {logging_mixin.py:149} INFO - [2026-09-21T00:22:12.755+0000] {dag.py:2726} INFO - Sync 1 DAGs
[2026-09-21T00:22:12.859+0000] {processor.py:178} INFO - Processing /opt/airflow/dags/6_xcoms.py took 0.202 seconds
[2026-09-21T00:22:42.991+0000] {processor.py:156} INFO - Started process (PID=3683) to work on /opt/airflow/dags/6_xcoms.py
[2026-09-21T00:22:42.993+0000] {processor.py:799} INFO - Processing file /opt/airflow/dags/6_xcoms.py for tasks to queue
[2026-09-21T00:22:42.994+0000] {logging_mixin.py:149} INFO - [2026-09-21T00:22:42.994+0000] {dagbag.py:541} INFO - Filling up the DagBag from /opt/airflow/dags/6_xcoms.py
[2026-09-21T00:22:43.064+0000] {processor.py:809} INFO - DAG(s) dict_keys(['6-XCom']) retrieved from /opt/airflow/dags/6_xcoms.py
[2026-09-21T00:22:43.149+0000] {logging_mixin.py:149} INFO - [2026-09-21T00:22:43.148+0000] {dag.py:2726} INFO - Sync 1 DAGs
[2026-09-21T00:22:43.315+0000] {processor.py:178} INFO - Processing /opt/airflow/dags/6_xcoms.py took 0.331 seconds
[2026-09-21T00:23:13.616+0000] {processor.py:156} INFO - Started process (PID=3693) to work on /opt/airflow/dags/6_xcoms.py
[2026-09-21T00:23:13.622+0000] {processor.py:799} INFO - Processing file /opt/airflow/dags/6_xcoms.py for tasks to queue
[2026-09-21T00:23:13.625+0000] {logging_mixin.py:149} INFO - [2026-09-21T00:23:13.625+0000] {dagbag.py:541} INFO - Filling up the DagBag from /opt/airflow/dags/6_xcoms.py
[2026-09-21T00:23:13.669+0000] {processor.py:809} INFO - DAG(s) dict_keys(['6-XCom']) retrieved from /opt/airflow/dags/6_xcoms.py
[2026-09-21T00:23:13.767+0000] {logging_mixin.py:149} INFO - [2026-09-21T00:23:13.767+0000] {dag.py:2726} INFO - Sync 1 DAGs
[2026-09-21T00:23:13.930+0000] {processor.py:178} INFO - Processing /opt/airflow/dags/6_xcoms.py took 0.329 seconds
[2026-09-21T00:23:44.371+0000] {processor.py:156} INFO - Started process (PID=3703) to work on /opt/airflow/dags/6_xcoms.py
[2026-09-21T00:23:44.373+0000] {processor.py:799} INFO - Processing file /opt/airflow/dags/6_xcoms.py for tasks to queue
[2026-09-21T00:23:44.374+0000] {logging_mixin.py:149} INFO - [2026-09-21T00:23:44.374+0000] {dagbag.py:541} INFO - Filling up the DagBag from /opt/airflow/dags/6_xcoms.py
[2026-09-21T00:23:44.405+0000] {processor.py:809} INFO - DAG(s) dict_keys(['6-XCom']) retrieved from /opt/airflow/dags/6_xcoms.py
[2026-09-21T00:23:44.482+0000] {logging_mixin.py:149} INFO - [2026-09-21T00:23:44.482+0000] {dag.py:2726} INFO - Sync 1 DAGs
[2026-09-21T00:23:44.604+0000] {processor.py:178} INFO - Processing /opt/airflow/dags/6_xcoms.py took 0.239 seconds
[2026-09-21T00:24:14.842+0000] {processor.py:156} INFO - Started process (PID=3713) to work on /opt/airflow/dags/6_xcoms.py
[2026-09-21T00:24:14.845+0000] {processor.py:799} INFO - Processing file /opt/airflow/dags/6_xcoms.py for tasks to queue
[2026-09-21T00:24:14.847+0000] {logging_mixin.py:149} INFO - [2026-09-21T00:24:14.847+0000] {dagbag.py:541} INFO - Filling up the DagBag from /opt/airflow/dags/6_xcoms.py
[2026-09-21T00:24:14.872+0000] {processor.py:809} INFO - DAG(s) dict_keys(['6-XCom']) retrieved from /opt/airflow/dags/6_xcoms.py
[2026-09-21T00:24:14.933+0000] {logging_mixin.py:149} INFO - [2026-09-21T00:24:14.932+0000] {dag.py:2726} INFO - Sync 1 DAGs
[2026-09-21T00:24:15.033+0000] {processor.py:178} INFO - Processing /opt/airflow/dags/6_xcoms.py took 0.204 seconds
[2026-09-21T00:24:45.169+0000] {processor.py:156} INFO - Started process (PID=3723) to work on /opt/airflow/dags/6_xcoms.py
[2026-09-21T00:24:45.171+0000] {processor.py:799} INFO - Processing file /opt/airflow/dags/6_xcoms.py for tasks to queue
[2026-09-21T00:24:45.172+0000] {logging_mixin.py:149} INFO - [2026-09-21T00:24:45.172+0000] {dagbag.py:541} INFO - Filling up the DagBag from /opt/airflow/dags/6_xcoms.py
[2026-09-21T00:24:45.203+0000] {processor.py:809} INFO - DAG(s) dict_keys(['6-XCom']) retrieved from /opt/airflow/dags/6_xcoms.py
[2026-09-21T00:24:45.257+0000] {logging_mixin.py:149} INFO - [2026-09-21T00:24:45.256+0000] {dag.py:2726} INFO - Sync 1 DAGs
[2026-09-21T00:24:45.349+0000] {processor.py:178} INFO - Processing /opt/airflow/dags/6_xcoms.py took 0.186 seconds
[2026-09-21T00:25:15.444+0000] {processor.py:156} INFO - Started process (PID=3733) to work on /opt/airflow/dags/6_xcoms.py
[2026-09-21T00:25:15.451+0000] {processor.py:799} INFO - Processing file /opt/airflow/dags/6_xcoms.py for tasks to queue
[2026-09-21T00:25:15.453+0000] {logging_mixin.py:149} INFO - [2026-09-21T00:25:15.452+0000] {dagbag.py:541} INFO - Filling up the DagBag from /opt/airflow/dags/6_xcoms.py
[2026-09-21T00:25:15.485+0000] {processor.py:809} INFO - DAG(s) dict_keys(['6-XCom']) retrieved from /opt/airflow/dags/6_xcoms.py
[2026-09-21T00:25:15.553+0000] {logging_mixin.py:149} INFO - [2026-09-21T00:25:15.553+0000] {dag.py:2726} INFO - Sync 1 DAGs
[2026-09-21T00:25:15.664+0000] {processor.py:178} INFO - Processing /opt/airflow/dags/6_xcoms.py took 0.230 seconds
[2026-09-21T00:25:45.951+0000] {processor.py:156} INFO - Started process (PID=3743) to work on /opt/airflow/dags/6_xcoms.py
[2026-09-21T00:25:45.954+0000] {processor.py:799} INFO - Processing file /opt/airflow/dags/6_xcoms.py for tasks to queue
[2026-09-21T00:25:45.955+0000] {logging_mixin.py:149} INFO - [2026-09-21T00:25:45.955+0000] {dagbag.py:541} INFO - Filling up the DagBag from /opt/airflow/dags/6_xcoms.py
[2026-09-21T00:25:45.989+0000] {processor.py:809} INFO - DAG(s) dict_keys(['6-XCom']) retrieved from /opt/airflow/dags/6_xcoms.py
[2026-09-21T00:25:46.057+0000] {logging_mixin.py:149} INFO - [2026-09-21T00:25:46.057+0000] {dag.py:2726} INFO - Sync 1 DAGs
[2026-09-21T00:25:46.182+0000] {processor.py:178} INFO - Processing /opt/airflow/dags/6_xcoms.py took 0.239 seconds
[2026-09-21T00:26:17.013+0000] {processor.py:156} INFO - Started process (PID=3753) to work on /opt/airflow/dags/6_xcoms.py
[2026-09-21T00:26:17.018+0000] {processor.py:799} INFO - Processing file /opt/airflow/dags/6_xcoms.py for tasks to queue
[2026-09-21T00:26:17.020+0000] {logging_mixin.py:149} INFO - [2026-09-21T00:26:17.019+0000] {dagbag.py:541} INFO - Filling up the DagBag from /opt/airflow/dags/6_xcoms.py
[2026-09-21T00:26:17.044+0000] {processor.py:809} INFO - DAG(s) dict_keys(['6-XCom']) retrieved from /opt/airflow/dags/6_xcoms.py
[2026-09-21T00:26:17.123+0000] {logging_mixin.py:149} INFO - [2026-09-21T00:26:17.123+0000] {dag.py:2726} INFO - Sync 1 DAGs
[2026-09-21T00:26:17.213+0000] {processor.py:178} INFO - Processing /opt/airflow/dags/6_xcoms.py took 0.209 seconds
[2026-09-21T00:26:47.309+0000] {processor.py:156} INFO - Started process (PID=3763) to work on /opt/airflow/dags/6_xcoms.py
[2026-09-21T00:26:47.311+0000] {processor.py:799} INFO - Processing file /opt/airflow/dags/6_xcoms.py for tasks to queue
[2026-09-21T00:26:47.312+0000] {logging_mixin.py:149} INFO - [2026-09-21T00:26:47.312+0000] {dagbag.py:541} INFO - Filling up the DagBag from /opt/airflow/dags/6_xcoms.py
[2026-09-21T00:26:47.343+0000] {processor.py:809} INFO - DAG(s) dict_keys(['6-XCom']) retrieved from /opt/airflow/dags/6_xcoms.py
[2026-09-21T00:26:47.444+0000] {logging_mixin.py:149} INFO - [2026-09-21T00:26:47.443+0000] {dag.py:2726} INFO - Sync 1 DAGs
[2026-09-21T00:26:47.557+0000] {processor.py:178} INFO - Processing /opt/airflow/dags/6_xcoms.py took 0.256 seconds
[2026-09-21T00:27:17.773+0000] {processor.py:156} INFO - Started process (PID=3773) to work on /opt/airflow/dags/6_xcoms.py
[2026-09-21T00:27:17.774+0000] {processor.py:799} INFO - Processing file /opt/airflow/dags/6_xcoms.py for tasks to queue
[2026-09-21T00:27:17.794+0000] {logging_mixin.py:149} INFO - [2026-09-21T00:27:17.794+0000] {dagbag.py:541} INFO - Filling up the DagBag from /opt/airflow/dags/6_xcoms.py
[2026-09-21T00:27:17.854+0000] {processor.py:809} INFO - DAG(s) dict_keys(['6-XCom']) retrieved from /opt/airflow/dags/6_xcoms.py
[2026-09-21T00:27:17.972+0000] {logging_mixin.py:149} INFO - [2026-09-21T00:27:17.968+0000] {dag.py:2726} INFO - Sync 1 DAGs
[2026-09-21T00:27:18.062+0000] {processor.py:178} INFO - Processing /opt/airflow/dags/6_xcoms.py took 0.310 seconds
[2026-09-21T00:27:48.193+0000] {processor.py:156} INFO - Started process (PID=3783) to work on /opt/airflow/dags/6_xcoms.py
[2026-09-21T00:27:48.195+0000] {processor.py:799} INFO - Processing file /opt/airflow/dags/6_xcoms.py for tasks to queue
[2026-09-21T00:27:48.196+0000] {logging_mixin.py:149} INFO - [2026-09-21T00:27:48.196+0000] {dagbag.py:541} INFO - Filling up the DagBag from /opt/airflow/dags/6_xcoms.py
[2026-09-21T00:27:48.216+0000] {processor.py:809} INFO - DAG(s) dict_keys(['6-XCom']) retrieved from /opt/airflow/dags/6_xcoms.py
[2026-09-21T00:27:48.269+0000] {logging_mixin.py:149} INFO - [2026-09-21T00:27:48.268+0000] {dag.py:2726} INFO - Sync 1 DAGs
[2026-09-21T00:27:48.433+0000] {processor.py:178} INFO - Processing /opt/airflow/dags/6_xcoms.py took 0.247 seconds
[2026-09-21T00:28:18.511+0000] {processor.py:156} INFO - Started process (PID=3793) to work on /opt/airflow/dags/6_xcoms.py
[2026-09-21T00:28:18.522+0000] {processor.py:799} INFO - Processing file /opt/airflow/dags/6_xcoms.py for tasks to queue
[2026-09-21T00:28:18.523+0000] {logging_mixin.py:149} INFO - [2026-09-21T00:28:18.523+0000] {dagbag.py:541} INFO - Filling up the DagBag from /opt/airflow/dags/6_xcoms.py
[2026-09-21T00:28:18.550+0000] {processor.py:809} INFO - DAG(s) dict_keys(['6-XCom']) retrieved from /opt/airflow/dags/6_xcoms.py
[2026-09-21T00:28:18.606+0000] {logging_mixin.py:149} INFO - [2026-09-21T00:28:18.606+0000] {dag.py:2726} INFO - Sync 1 DAGs
[2026-09-21T00:28:18.682+0000] {processor.py:178} INFO - Processing /opt/airflow/dags/6_xcoms.py took 0.177 seconds
[2026-09-21T00:28:48.794+0000] {processor.py:156} INFO - Started process (PID=3803) to work on /opt/airflow/dags/6_xcoms.py
[2026-09-21T00:28:48.797+0000] {processor.py:799} INFO - Processing file /opt/airflow/dags/6_xcoms.py for tasks to queue
[2026-09-21T00:28:48.798+0000] {logging_mixin.py:149} INFO - [2026-09-21T00:28:48.798+0000] {dagbag.py:541} INFO - Filling up the DagBag from /opt/airflow/dags/6_xcoms.py
[2026-09-21T00:28:48.832+0000] {processor.py:809} INFO - DAG(s) dict_keys(['6-XCom']) retrieved from /opt/airflow/dags/6_xcoms.py
[2026-09-21T00:28:48.931+0000] {logging_mixin.py:149} INFO - [2026-09-21T00:28:48.931+0000] {dag.py:2726} INFO - Sync 1 DAGs
[2026-09-21T00:28:49.072+0000] {processor.py:178} INFO - Processing /opt/airflow/dags/6_xcoms.py took 0.284 seconds
[2026-09-21T00:29:19.426+0000] {processor.py:156} INFO - Started process (PID=3813) to work on /opt/airflow/dags/6_xcoms.py
[2026-09-21T00:29:19.430+0000] {processor.py:799} INFO - Processing file /opt/airflow/dags/6_xcoms.py for tasks to queue
[2026-09-21T00:29:19.433+0000] {logging_mixin.py:149} INFO - [2026-09-21T00:29:19.432+0000] {dagbag.py:541} INFO - Filling up the DagBag from /opt/airflow/dags/6_xcoms.py
[2026-09-21T00:29:19.458+0000] {processor.py:809} INFO - DAG(s) dict_keys(['6-XCom']) retrieved from /opt/airflow/dags/6_xcoms.py
[2026-09-21T00:29:19.513+0000] {logging_mixin.py:149} INFO - [2026-09-21T00:29:19.513+0000] {dag.py:2726} INFO - Sync 1 DAGs
[2026-09-21T00:29:19.629+0000] {processor.py:178} INFO - Processing /opt/airflow/dags/6_xcoms.py took 0.215 seconds
[2026-09-21T00:29:50.284+0000] {processor.py:156} INFO - Started process (PID=3823) to work on /opt/airflow/dags/6_xcoms.py
[2026-09-21T00:29:50.286+0000] {processor.py:799} INFO - Processing file /opt/airflow/dags/6_xcoms.py for tasks to queue
[2026-09-21T00:29:50.288+0000] {logging_mixin.py:149} INFO - [2026-09-21T00:29:50.288+0000] {dagbag.py:541} INFO - Filling up the DagBag from /opt/airflow/dags/6_xcoms.py
[2026-09-21T00:29:50.350+0000] {processor.py:809} INFO - DAG(s) dict_keys(['6-XCom']) retrieved from /opt/airflow/dags/6_xcoms.py
[2026-09-21T00:29:50.439+0000] {logging_mixin.py:149} INFO - [2026-09-21T00:29:50.438+0000] {dag.py:2726} INFO - Sync 1 DAGs
[2026-09-21T00:29:50.542+0000] {processor.py:178} INFO - Processing /opt/airflow/dags/6_xcoms.py took 0.268 seconds
[2026-09-21T00:30:20.832+0000] {processor.py:156} INFO - Started process (PID=3833) to work on /opt/airflow/dags/6_xcoms.py
[2026-09-21T00:30:20.835+0000] {processor.py:799} INFO - Processing file /opt/airflow/dags/6_xcoms.py for tasks to queue
[2026-09-21T00:30:20.836+0000] {logging_mixin.py:149} INFO - [2026-09-21T00:30:20.836+0000] {dagbag.py:541} INFO - Filling up the DagBag from /opt/airflow/dags/6_xcoms.py
[2026-09-21T00:30:20.859+0000] {processor.py:809} INFO - DAG(s) dict_keys(['6-XCom']) retrieved from /opt/airflow/dags/6_xcoms.py
[2026-09-21T00:30:20.922+0000] {logging_mixin.py:149} INFO - [2026-09-21T00:30:20.921+0000] {dag.py:2726} INFO - Sync 1 DAGs
[2026-09-21T00:30:20.991+0000] {processor.py:178} INFO - Processing /opt/airflow/dags/6_xcoms.py took 0.165 seconds
[2026-09-21T00:30:51.029+0000] {processor.py:156} INFO - Started process (PID=3842) to work on /opt/airflow/dags/6_xcoms.py
[2026-09-21T00:30:51.031+0000] {processor.py:799} INFO - Processing file /opt/airflow/dags/6_xcoms.py for tasks to queue
[2026-09-21T00:30:51.032+0000] {logging_mixin.py:149} INFO - [2026-09-21T00:30:51.032+0000] {dagbag.py:541} INFO - Filling up the DagBag from /opt/airflow/dags/6_xcoms.py
[2026-09-21T00:30:51.055+0000] {processor.py:809} INFO - DAG(s) dict_keys(['6-XCom']) retrieved from /opt/airflow/dags/6_xcoms.py
[2026-09-21T00:30:51.116+0000] {logging_mixin.py:149} INFO - [2026-09-21T00:30:51.115+0000] {dag.py:2726} INFO - Sync 1 DAGs
[2026-09-21T00:30:51.189+0000] {processor.py:178} INFO - Processing /opt/airflow/dags/6_xcoms.py took 0.166 seconds
[2026-09-21T00:31:21.491+0000] {processor.py:156} INFO - Started process (PID=3852) to work on /opt/airflow/dags/6_xcoms.py
[2026-09-21T00:31:21.495+0000] {processor.py:799} INFO - Processing file /opt/airflow/dags/6_xcoms.py for tasks to queue
[2026-09-21T00:31:21.498+0000] {logging_mixin.py:149} INFO - [2026-09-21T00:31:21.498+0000] {dagbag.py:541} INFO - Filling up the DagBag from /opt/airflow/dags/6_xcoms.py
[2026-09-21T00:31:21.525+0000] {processor.py:809} INFO - DAG(s) dict_keys(['6-XCom']) retrieved from /opt/airflow/dags/6_xcoms.py
[2026-09-21T00:31:21.575+0000] {logging_mixin.py:149} INFO - [2026-09-21T00:31:21.574+0000] {dag.py:2726} INFO - Sync 1 DAGs
[2026-09-21T00:31:21.654+0000] {processor.py:178} INFO - Processing /opt/airflow/dags/6_xcoms.py took 0.175 seconds
[2026-09-21T00:31:51.820+0000] {processor.py:156} INFO - Started process (PID=3862) to work on /opt/airflow/dags/6_xcoms.py
[2026-09-21T00:31:51.829+0000] {processor.py:799} INFO - Processing file /opt/airflow/dags/6_xcoms.py for tasks to queue
[2026-09-21T00:31:51.830+0000] {logging_mixin.py:149} INFO - [2026-09-21T00:31:51.830+0000] {dagbag.py:541} INFO - Filling up the DagBag from /opt/airflow/dags/6_xcoms.py
[2026-09-21T00:31:51.858+0000] {processor.py:809} INFO - DAG(s) dict_keys(['6-XCom']) retrieved from /opt/airflow/dags/6_xcoms.py
[2026-09-21T00:31:51.915+0000] {logging_mixin.py:149} INFO - [2026-09-21T00:31:51.915+0000] {dag.py:2726} INFO - Sync 1 DAGs
[2026-09-21T00:31:51.996+0000] {processor.py:178} INFO - Processing /opt/airflow/dags/6_xcoms.py took 0.183 seconds
[2026-09-21T00:32:22.360+0000] {processor.py:156} INFO - Started process (PID=3873) to work on /opt/airflow/dags/6_xcoms.py
[2026-09-21T00:32:22.381+0000] {processor.py:799} INFO - Processing file /opt/airflow/dags/6_xcoms.py for tasks to queue
[2026-09-21T00:32:22.384+0000] {logging_mixin.py:149} INFO - [2026-09-21T00:32:22.383+0000] {dagbag.py:541} INFO - Filling up the DagBag from /opt/airflow/dags/6_xcoms.py
[2026-09-21T00:32:22.460+0000] {processor.py:809} INFO - DAG(s) dict_keys(['6-XCom']) retrieved from /opt/airflow/dags/6_xcoms.py
[2026-09-21T00:32:22.570+0000] {logging_mixin.py:149} INFO - [2026-09-21T00:32:22.570+0000] {dag.py:2726} INFO - Sync 1 DAGs
[2026-09-21T00:32:22.689+0000] {processor.py:178} INFO - Processing /opt/airflow/dags/6_xcoms.py took 0.350 seconds
[2026-09-21T00:32:52.898+0000] {processor.py:156} INFO - Started process (PID=3883) to work on /opt/airflow/dags/6_xcoms.py
[2026-09-21T00:32:52.900+0000] {processor.py:799} INFO - Processing file /opt/airflow/dags/6_xcoms.py for tasks to queue
[2026-09-21T00:32:52.902+0000] {logging_mixin.py:149} INFO - [2026-09-21T00:32:52.902+0000] {dagbag.py:541} INFO - Filling up the DagBag from /opt/airflow/dags/6_xcoms.py
[2026-09-21T00:32:52.943+0000] {processor.py:809} INFO - DAG(s) dict_keys(['6-XCom']) retrieved from /opt/airflow/dags/6_xcoms.py
[2026-09-21T00:32:53.041+0000] {logging_mixin.py:149} INFO - [2026-09-21T00:32:53.041+0000] {dag.py:2726} INFO - Sync 1 DAGs
[2026-09-21T00:32:53.134+0000] {processor.py:178} INFO - Processing /opt/airflow/dags/6_xcoms.py took 0.245 seconds
[2026-09-21T00:33:23.192+0000] {processor.py:156} INFO - Started process (PID=3893) to work on /opt/airflow/dags/6_xcoms.py
[2026-09-21T00:33:23.196+0000] {processor.py:799} INFO - Processing file /opt/airflow/dags/6_xcoms.py for tasks to queue
[2026-09-21T00:33:23.202+0000] {logging_mixin.py:149} INFO - [2026-09-21T00:33:23.200+0000] {dagbag.py:541} INFO - Filling up the DagBag from /opt/airflow/dags/6_xcoms.py
[2026-09-21T00:33:23.279+0000] {processor.py:809} INFO - DAG(s) dict_keys(['6-XCom']) retrieved from /opt/airflow/dags/6_xcoms.py
[2026-09-21T00:33:23.345+0000] {logging_mixin.py:149} INFO - [2026-09-21T00:33:23.345+0000] {dag.py:2726} INFO - Sync 1 DAGs
[2026-09-21T00:33:23.452+0000] {processor.py:178} INFO - Processing /opt/airflow/dags/6_xcoms.py took 0.276 seconds
[2026-09-21T00:33:53.547+0000] {processor.py:156} INFO - Started process (PID=3903) to work on /opt/airflow/dags/6_xcoms.py
[2026-09-21T00:33:53.563+0000] {processor.py:799} INFO - Processing file /opt/airflow/dags/6_xcoms.py for tasks to queue
[2026-09-21T00:33:53.564+0000] {logging_mixin.py:149} INFO - [2026-09-21T00:33:53.564+0000] {dagbag.py:541} INFO - Filling up the DagBag from /opt/airflow/dags/6_xcoms.py
[2026-09-21T00:33:53.617+0000] {processor.py:809} INFO - DAG(s) dict_keys(['6-XCom']) retrieved from /opt/airflow/dags/6_xcoms.py
[2026-09-21T00:33:53.713+0000] {logging_mixin.py:149} INFO - [2026-09-21T00:33:53.712+0000] {dag.py:2726} INFO - Sync 1 DAGs
[2026-09-21T00:33:53.820+0000] {processor.py:178} INFO - Processing /opt/airflow/dags/6_xcoms.py took 0.298 seconds
[2026-09-21T00:34:24.004+0000] {processor.py:156} INFO - Started process (PID=3913) to work on /opt/airflow/dags/6_xcoms.py
[2026-09-21T00:34:24.006+0000] {processor.py:799} INFO - Processing file /opt/airflow/dags/6_xcoms.py for tasks to queue
[2026-09-21T00:34:24.008+0000] {logging_mixin.py:149} INFO - [2026-09-21T00:34:24.007+0000] {dagbag.py:541} INFO - Filling up the DagBag from /opt/airflow/dags/6_xcoms.py
[2026-09-21T00:34:24.048+0000] {processor.py:809} INFO - DAG(s) dict_keys(['6-XCom']) retrieved from /opt/airflow/dags/6_xcoms.py
[2026-09-21T00:34:24.105+0000] {logging_mixin.py:149} INFO - [2026-09-21T00:34:24.105+0000] {dag.py:2726} INFO - Sync 1 DAGs
[2026-09-21T00:34:24.162+0000] {logging_mixin.py:149} INFO - [2026-09-21T00:34:24.161+0000] {dag.py:3490} INFO - Setting next_dagrun for 6-XCom to 2025-03-01T00:00:00+00:00, run_after=2025-03-02T00:00:00+00:00
[2026-09-21T00:34:24.215+0000] {processor.py:178} INFO - Processing /opt/airflow/dags/6_xcoms.py took 0.217 seconds
[2026-09-21T00:34:54.288+0000] {processor.py:156} INFO - Started process (PID=3923) to work on /opt/airflow/dags/6_xcoms.py
[2026-09-21T00:34:54.290+0000] {processor.py:799} INFO - Processing file /opt/airflow/dags/6_xcoms.py for tasks to queue
[2026-09-21T00:34:54.292+0000] {logging_mixin.py:149} INFO - [2026-09-21T00:34:54.292+0000] {dagbag.py:541} INFO - Filling up the DagBag from /opt/airflow/dags/6_xcoms.py
[2026-09-21T00:34:54.325+0000] {processor.py:809} INFO - DAG(s) dict_keys(['6-XCom']) retrieved from /opt/airflow/dags/6_xcoms.py
[2026-09-21T00:34:54.408+0000] {logging_mixin.py:149} INFO - [2026-09-21T00:34:54.407+0000] {dag.py:2726} INFO - Sync 1 DAGs
[2026-09-21T00:34:54.506+0000] {processor.py:178} INFO - Processing /opt/airflow/dags/6_xcoms.py took 0.224 seconds
[2026-09-21T00:35:24.570+0000] {processor.py:156} INFO - Started process (PID=3933) to work on /opt/airflow/dags/6_xcoms.py
[2026-09-21T00:35:24.573+0000] {processor.py:799} INFO - Processing file /opt/airflow/dags/6_xcoms.py for tasks to queue
[2026-09-21T00:35:24.574+0000] {logging_mixin.py:149} INFO - [2026-09-21T00:35:24.574+0000] {dagbag.py:541} INFO - Filling up the DagBag from /opt/airflow/dags/6_xcoms.py
[2026-09-21T00:35:24.595+0000] {processor.py:809} INFO - DAG(s) dict_keys(['6-XCom']) retrieved from /opt/airflow/dags/6_xcoms.py
[2026-09-21T00:35:24.647+0000] {logging_mixin.py:149} INFO - [2026-09-21T00:35:24.646+0000] {dag.py:2726} INFO - Sync 1 DAGs
[2026-09-21T00:35:24.770+0000] {processor.py:178} INFO - Processing /opt/airflow/dags/6_xcoms.py took 0.205 seconds
[2026-09-21T00:35:54.932+0000] {processor.py:156} INFO - Started process (PID=3943) to work on /opt/airflow/dags/6_xcoms.py
[2026-09-21T00:35:54.934+0000] {processor.py:799} INFO - Processing file /opt/airflow/dags/6_xcoms.py for tasks to queue
[2026-09-21T00:35:54.934+0000] {logging_mixin.py:149} INFO - [2026-09-21T00:35:54.934+0000] {dagbag.py:541} INFO - Filling up the DagBag from /opt/airflow/dags/6_xcoms.py
[2026-09-21T00:35:54.958+0000] {processor.py:809} INFO - DAG(s) dict_keys(['6-XCom']) retrieved from /opt/airflow/dags/6_xcoms.py
[2026-09-21T00:35:55.009+0000] {logging_mixin.py:149} INFO - [2026-09-21T00:35:55.008+0000] {dag.py:2726} INFO - Sync 1 DAGs
[2026-09-21T00:35:55.090+0000] {processor.py:178} INFO - Processing /opt/airflow/dags/6_xcoms.py took 0.163 seconds
[2026-09-21T00:36:25.203+0000] {processor.py:156} INFO - Started process (PID=3952) to work on /opt/airflow/dags/6_xcoms.py
[2026-09-21T00:36:25.204+0000] {processor.py:799} INFO - Processing file /opt/airflow/dags/6_xcoms.py for tasks to queue
[2026-09-21T00:36:25.206+0000] {logging_mixin.py:149} INFO - [2026-09-21T00:36:25.205+0000] {dagbag.py:541} INFO - Filling up the DagBag from /opt/airflow/dags/6_xcoms.py
[2026-09-21T00:36:25.228+0000] {processor.py:809} INFO - DAG(s) dict_keys(['6-XCom']) retrieved from /opt/airflow/dags/6_xcoms.py
[2026-09-21T00:36:25.315+0000] {logging_mixin.py:149} INFO - [2026-09-21T00:36:25.315+0000] {dag.py:2726} INFO - Sync 1 DAGs
[2026-09-21T00:36:25.395+0000] {processor.py:178} INFO - Processing /opt/airflow/dags/6_xcoms.py took 0.201 seconds
[2026-09-21T00:36:55.507+0000] {processor.py:156} INFO - Started process (PID=3962) to work on /opt/airflow/dags/6_xcoms.py
[2026-09-21T00:36:55.509+0000] {processor.py:799} INFO - Processing file /opt/airflow/dags/6_xcoms.py for tasks to queue
[2026-09-21T00:36:55.510+0000] {logging_mixin.py:149} INFO - [2026-09-21T00:36:55.510+0000] {dagbag.py:541} INFO - Filling up the DagBag from /opt/airflow/dags/6_xcoms.py
[2026-09-21T00:36:55.533+0000] {processor.py:809} INFO - DAG(s) dict_keys(['6-XCom']) retrieved from /opt/airflow/dags/6_xcoms.py
[2026-09-21T00:36:55.591+0000] {logging_mixin.py:149} INFO - [2026-09-21T00:36:55.591+0000] {dag.py:2726} INFO - Sync 1 DAGs
[2026-09-21T00:36:55.669+0000] {processor.py:178} INFO - Processing /opt/airflow/dags/6_xcoms.py took 0.171 seconds
[2026-09-21T00:37:25.862+0000] {processor.py:156} INFO - Started process (PID=3972) to work on /opt/airflow/dags/6_xcoms.py
[2026-09-21T00:37:25.864+0000] {processor.py:799} INFO - Processing file /opt/airflow/dags/6_xcoms.py for tasks to queue
[2026-09-21T00:37:25.865+0000] {logging_mixin.py:149} INFO - [2026-09-21T00:37:25.865+0000] {dagbag.py:541} INFO - Filling up the DagBag from /opt/airflow/dags/6_xcoms.py
[2026-09-21T00:37:25.888+0000] {processor.py:809} INFO - DAG(s) dict_keys(['6-XCom']) retrieved from /opt/airflow/dags/6_xcoms.py
[2026-09-21T00:37:25.940+0000] {logging_mixin.py:149} INFO - [2026-09-21T00:37:25.940+0000] {dag.py:2726} INFO - Sync 1 DAGs
[2026-09-21T00:37:26.023+0000] {processor.py:178} INFO - Processing /opt/airflow/dags/6_xcoms.py took 0.167 seconds
[2026-09-21T00:37:56.138+0000] {processor.py:156} INFO - Started process (PID=3982) to work on /opt/airflow/dags/6_xcoms.py
[2026-09-21T00:37:56.141+0000] {processor.py:799} INFO - Processing file /opt/airflow/dags/6_xcoms.py for tasks to queue
[2026-09-21T00:37:56.143+0000] {logging_mixin.py:149} INFO - [2026-09-21T00:37:56.142+0000] {dagbag.py:541} INFO - Filling up the DagBag from /opt/airflow/dags/6_xcoms.py
[2026-09-21T00:37:56.169+0000] {processor.py:809} INFO - DAG(s) dict_keys(['6-XCom']) retrieved from /opt/airflow/dags/6_xcoms.py
[2026-09-21T00:37:56.240+0000] {logging_mixin.py:149} INFO - [2026-09-21T00:37:56.240+0000] {dag.py:2726} INFO - Sync 1 DAGs
[2026-09-21T00:37:56.321+0000] {processor.py:178} INFO - Processing /opt/airflow/dags/6_xcoms.py took 0.191 seconds
[2026-09-21T00:38:26.490+0000] {processor.py:156} INFO - Started process (PID=3992) to work on /opt/airflow/dags/6_xcoms.py
[2026-09-21T00:38:26.492+0000] {processor.py:799} INFO - Processing file /opt/airflow/dags/6_xcoms.py for tasks to queue
[2026-09-21T00:38:26.493+0000] {logging_mixin.py:149} INFO - [2026-09-21T00:38:26.493+0000] {dagbag.py:541} INFO - Filling up the DagBag from /opt/airflow/dags/6_xcoms.py
[2026-09-21T00:38:26.520+0000] {processor.py:809} INFO - DAG(s) dict_keys(['6-XCom']) retrieved from /opt/airflow/dags/6_xcoms.py
[2026-09-21T00:38:26.604+0000] {logging_mixin.py:149} INFO - [2026-09-21T00:38:26.604+0000] {dag.py:2726} INFO - Sync 1 DAGs
[2026-09-21T00:38:26.716+0000] {processor.py:178} INFO - Processing /opt/airflow/dags/6_xcoms.py took 0.235 seconds
[2026-09-21T00:38:56.936+0000] {processor.py:156} INFO - Started process (PID=4002) to work on /opt/airflow/dags/6_xcoms.py
[2026-09-21T00:38:56.942+0000] {processor.py:799} INFO - Processing file /opt/airflow/dags/6_xcoms.py for tasks to queue
[2026-09-21T00:38:56.943+0000] {logging_mixin.py:149} INFO - [2026-09-21T00:38:56.942+0000] {dagbag.py:541} INFO - Filling up the DagBag from /opt/airflow/dags/6_xcoms.py
[2026-09-21T00:38:56.964+0000] {processor.py:809} INFO - DAG(s) dict_keys(['6-XCom']) retrieved from /opt/airflow/dags/6_xcoms.py
[2026-09-21T00:38:57.013+0000] {logging_mixin.py:149} INFO - [2026-09-21T00:38:57.013+0000] {dag.py:2726} INFO - Sync 1 DAGs
[2026-09-21T00:38:57.056+0000] {logging_mixin.py:149} INFO - [2026-09-21T00:38:57.056+0000] {dag.py:3490} INFO - Setting next_dagrun for 6-XCom to 2025-03-21T00:00:00+00:00, run_after=2025-03-22T00:00:00+00:00
[2026-09-21T00:38:57.092+0000] {processor.py:178} INFO - Processing /opt/airflow/dags/6_xcoms.py took 0.161 seconds
[2026-09-21T00:39:27.486+0000] {processor.py:156} INFO - Started process (PID=4012) to work on /opt/airflow/dags/6_xcoms.py
[2026-09-21T00:39:27.490+0000] {processor.py:799} INFO - Processing file /opt/airflow/dags/6_xcoms.py for tasks to queue
[2026-09-21T00:39:27.492+0000] {logging_mixin.py:149} INFO - [2026-09-21T00:39:27.491+0000] {dagbag.py:541} INFO - Filling up the DagBag from /opt/airflow/dags/6_xcoms.py
[2026-09-21T00:39:27.518+0000] {processor.py:809} INFO - DAG(s) dict_keys(['6-XCom']) retrieved from /opt/airflow/dags/6_xcoms.py
[2026-09-21T00:39:27.566+0000] {logging_mixin.py:149} INFO - [2026-09-21T00:39:27.565+0000] {dag.py:2726} INFO - Sync 1 DAGs
[2026-09-21T00:39:27.646+0000] {processor.py:178} INFO - Processing /opt/airflow/dags/6_xcoms.py took 0.173 seconds
[2026-09-21T00:39:57.784+0000] {processor.py:156} INFO - Started process (PID=4022) to work on /opt/airflow/dags/6_xcoms.py
[2026-09-21T00:39:57.789+0000] {processor.py:799} INFO - Processing file /opt/airflow/dags/6_xcoms.py for tasks to queue
[2026-09-21T00:39:57.790+0000] {logging_mixin.py:149} INFO - [2026-09-21T00:39:57.790+0000] {dagbag.py:541} INFO - Filling up the DagBag from /opt/airflow/dags/6_xcoms.py
[2026-09-21T00:39:57.829+0000] {processor.py:809} INFO - DAG(s) dict_keys(['6-XCom']) retrieved from /opt/airflow/dags/6_xcoms.py
[2026-09-21T00:39:57.893+0000] {logging_mixin.py:149} INFO - [2026-09-21T00:39:57.893+0000] {dag.py:2726} INFO - Sync 1 DAGs
[2026-09-21T00:39:58.010+0000] {processor.py:178} INFO - Processing /opt/airflow/dags/6_xcoms.py took 0.238 seconds
[2026-09-21T00:40:28.183+0000] {processor.py:156} INFO - Started process (PID=4032) to work on /opt/airflow/dags/6_xcoms.py
[2026-09-21T00:40:28.185+0000] {processor.py:799} INFO - Processing file /opt/airflow/dags/6_xcoms.py for tasks to queue
[2026-09-21T00:40:28.186+0000] {logging_mixin.py:149} INFO - [2026-09-21T00:40:28.186+0000] {dagbag.py:541} INFO - Filling up the DagBag from /opt/airflow/dags/6_xcoms.py
[2026-09-21T00:40:28.214+0000] {processor.py:809} INFO - DAG(s) dict_keys(['6-XCom']) retrieved from /opt/airflow/dags/6_xcoms.py
[2026-09-21T00:40:28.276+0000] {logging_mixin.py:149} INFO - [2026-09-21T00:40:28.276+0000] {dag.py:2726} INFO - Sync 1 DAGs
[2026-09-21T00:40:28.357+0000] {processor.py:178} INFO - Processing /opt/airflow/dags/6_xcoms.py took 0.185 seconds
[2026-09-21T00:40:58.544+0000] {processor.py:156} INFO - Started process (PID=4042) to work on /opt/airflow/dags/6_xcoms.py
[2026-09-21T00:40:58.548+0000] {processor.py:799} INFO - Processing file /opt/airflow/dags/6_xcoms.py for tasks to queue
[2026-09-21T00:40:58.549+0000] {logging_mixin.py:149} INFO - [2026-09-21T00:40:58.549+0000] {dagbag.py:541} INFO - Filling up the DagBag from /opt/airflow/dags/6_xcoms.py
[2026-09-21T00:40:58.575+0000] {processor.py:809} INFO - DAG(s) dict_keys(['6-XCom']) retrieved from /opt/airflow/dags/6_xcoms.py
[2026-09-21T00:40:58.631+0000] {logging_mixin.py:149} INFO - [2026-09-21T00:40:58.631+0000] {dag.py:2726} INFO - Sync 1 DAGs
[2026-09-21T00:40:58.708+0000] {processor.py:178} INFO - Processing /opt/airflow/dags/6_xcoms.py took 0.172 seconds
[2026-09-21T00:41:28.910+0000] {processor.py:156} INFO - Started process (PID=4052) to work on /opt/airflow/dags/6_xcoms.py
[2026-09-21T00:41:28.911+0000] {processor.py:799} INFO - Processing file /opt/airflow/dags/6_xcoms.py for tasks to queue
[2026-09-21T00:41:28.915+0000] {logging_mixin.py:149} INFO - [2026-09-21T00:41:28.912+0000] {dagbag.py:541} INFO - Filling up the DagBag from /opt/airflow/dags/6_xcoms.py
[2026-09-21T00:41:28.942+0000] {processor.py:809} INFO - DAG(s) dict_keys(['6-XCom']) retrieved from /opt/airflow/dags/6_xcoms.py
[2026-09-21T00:41:28.992+0000] {logging_mixin.py:149} INFO - [2026-09-21T00:41:28.992+0000] {dag.py:2726} INFO - Sync 1 DAGs
[2026-09-21T00:41:29.078+0000] {processor.py:178} INFO - Processing /opt/airflow/dags/6_xcoms.py took 0.182 seconds
[2026-09-21T00:41:59.175+0000] {processor.py:156} INFO - Started process (PID=4062) to work on /opt/airflow/dags/6_xcoms.py
[2026-09-21T00:41:59.178+0000] {processor.py:799} INFO - Processing file /opt/airflow/dags/6_xcoms.py for tasks to queue
[2026-09-21T00:41:59.179+0000] {logging_mixin.py:149} INFO - [2026-09-21T00:41:59.179+0000] {dagbag.py:541} INFO - Filling up the DagBag from /opt/airflow/dags/6_xcoms.py
[2026-09-21T00:41:59.202+0000] {processor.py:809} INFO - DAG(s) dict_keys(['6-XCom']) retrieved from /opt/airflow/dags/6_xcoms.py
[2026-09-21T00:41:59.260+0000] {logging_mixin.py:149} INFO - [2026-09-21T00:41:59.260+0000] {dag.py:2726} INFO - Sync 1 DAGs
[2026-09-21T00:41:59.333+0000] {processor.py:178} INFO - Processing /opt/airflow/dags/6_xcoms.py took 0.167 seconds
[2026-09-21T00:42:29.397+0000] {processor.py:156} INFO - Started process (PID=4072) to work on /opt/airflow/dags/6_xcoms.py
[2026-09-21T00:42:29.402+0000] {processor.py:799} INFO - Processing file /opt/airflow/dags/6_xcoms.py for tasks to queue
[2026-09-21T00:42:29.403+0000] {logging_mixin.py:149} INFO - [2026-09-21T00:42:29.403+0000] {dagbag.py:541} INFO - Filling up the DagBag from /opt/airflow/dags/6_xcoms.py
[2026-09-21T00:42:29.434+0000] {processor.py:809} INFO - DAG(s) dict_keys(['6-XCom']) retrieved from /opt/airflow/dags/6_xcoms.py
[2026-09-21T00:42:29.494+0000] {logging_mixin.py:149} INFO - [2026-09-21T00:42:29.494+0000] {dag.py:2726} INFO - Sync 1 DAGs
[2026-09-21T00:42:29.577+0000] {processor.py:178} INFO - Processing /opt/airflow/dags/6_xcoms.py took 0.189 seconds
[2026-09-21T00:42:59.717+0000] {processor.py:156} INFO - Started process (PID=4082) to work on /opt/airflow/dags/6_xcoms.py
[2026-09-21T00:42:59.720+0000] {processor.py:799} INFO - Processing file /opt/airflow/dags/6_xcoms.py for tasks to queue
[2026-09-21T00:42:59.721+0000] {logging_mixin.py:149} INFO - [2026-09-21T00:42:59.721+0000] {dagbag.py:541} INFO - Filling up the DagBag from /opt/airflow/dags/6_xcoms.py
[2026-09-21T00:42:59.759+0000] {processor.py:809} INFO - DAG(s) dict_keys(['6-XCom']) retrieved from /opt/airflow/dags/6_xcoms.py
[2026-09-21T00:42:59.864+0000] {logging_mixin.py:149} INFO - [2026-09-21T00:42:59.863+0000] {dag.py:2726} INFO - Sync 1 DAGs
[2026-09-21T00:42:59.949+0000] {processor.py:178} INFO - Processing /opt/airflow/dags/6_xcoms.py took 0.241 seconds
[2026-09-21T00:43:30.070+0000] {processor.py:156} INFO - Started process (PID=4092) to work on /opt/airflow/dags/6_xcoms.py
[2026-09-21T00:43:30.072+0000] {processor.py:799} INFO - Processing file /opt/airflow/dags/6_xcoms.py for tasks to queue
[2026-09-21T00:43:30.074+0000] {logging_mixin.py:149} INFO - [2026-09-21T00:43:30.073+0000] {dagbag.py:541} INFO - Filling up the DagBag from /opt/airflow/dags/6_xcoms.py
[2026-09-21T00:43:30.096+0000] {processor.py:809} INFO - DAG(s) dict_keys(['6-XCom']) retrieved from /opt/airflow/dags/6_xcoms.py
[2026-09-21T00:43:30.173+0000] {logging_mixin.py:149} INFO - [2026-09-21T00:43:30.173+0000] {dag.py:2726} INFO - Sync 1 DAGs
[2026-09-21T00:43:30.269+0000] {processor.py:178} INFO - Processing /opt/airflow/dags/6_xcoms.py took 0.206 seconds
[2026-09-21T00:44:00.505+0000] {processor.py:156} INFO - Started process (PID=4102) to work on /opt/airflow/dags/6_xcoms.py
[2026-09-21T00:44:00.506+0000] {processor.py:799} INFO - Processing file /opt/airflow/dags/6_xcoms.py for tasks to queue
[2026-09-21T00:44:00.508+0000] {logging_mixin.py:149} INFO - [2026-09-21T00:44:00.507+0000] {dagbag.py:541} INFO - Filling up the DagBag from /opt/airflow/dags/6_xcoms.py
[2026-09-21T00:44:00.533+0000] {processor.py:809} INFO - DAG(s) dict_keys(['6-XCom']) retrieved from /opt/airflow/dags/6_xcoms.py
[2026-09-21T00:44:00.611+0000] {logging_mixin.py:149} INFO - [2026-09-21T00:44:00.610+0000] {dag.py:2726} INFO - Sync 1 DAGs
[2026-09-21T00:44:00.695+0000] {logging_mixin.py:149} INFO - [2026-09-21T00:44:00.695+0000] {dag.py:3490} INFO - Setting next_dagrun for 6-XCom to 2025-04-12T00:00:00+00:00, run_after=2025-04-13T00:00:00+00:00
[2026-09-21T00:44:00.736+0000] {processor.py:178} INFO - Processing /opt/airflow/dags/6_xcoms.py took 0.238 seconds
[2026-09-21T00:44:30.826+0000] {processor.py:156} INFO - Started process (PID=4112) to work on /opt/airflow/dags/6_xcoms.py
[2026-09-21T00:44:30.829+0000] {processor.py:799} INFO - Processing file /opt/airflow/dags/6_xcoms.py for tasks to queue
[2026-09-21T00:44:30.831+0000] {logging_mixin.py:149} INFO - [2026-09-21T00:44:30.830+0000] {dagbag.py:541} INFO - Filling up the DagBag from /opt/airflow/dags/6_xcoms.py
[2026-09-21T00:44:30.863+0000] {processor.py:809} INFO - DAG(s) dict_keys(['6-XCom']) retrieved from /opt/airflow/dags/6_xcoms.py
[2026-09-21T00:44:30.927+0000] {logging_mixin.py:149} INFO - [2026-09-21T00:44:30.926+0000] {dag.py:2726} INFO - Sync 1 DAGs
[2026-09-21T00:44:31.009+0000] {processor.py:178} INFO - Processing /opt/airflow/dags/6_xcoms.py took 0.189 seconds
[2026-09-21T00:45:01.422+0000] {processor.py:156} INFO - Started process (PID=4123) to work on /opt/airflow/dags/6_xcoms.py
[2026-09-21T00:45:01.425+0000] {processor.py:799} INFO - Processing file /opt/airflow/dags/6_xcoms.py for tasks to queue
[2026-09-21T00:45:01.426+0000] {logging_mixin.py:149} INFO - [2026-09-21T00:45:01.426+0000] {dagbag.py:541} INFO - Filling up the DagBag from /opt/airflow/dags/6_xcoms.py
[2026-09-21T00:45:01.463+0000] {processor.py:809} INFO - DAG(s) dict_keys(['6-XCom']) retrieved from /opt/airflow/dags/6_xcoms.py
[2026-09-21T00:45:01.545+0000] {logging_mixin.py:149} INFO - [2026-09-21T00:45:01.543+0000] {dag.py:2726} INFO - Sync 1 DAGs
[2026-09-21T00:45:01.627+0000] {processor.py:178} INFO - Processing /opt/airflow/dags/6_xcoms.py took 0.219 seconds
[2026-09-21T00:45:32.467+0000] {processor.py:156} INFO - Started process (PID=4133) to work on /opt/airflow/dags/6_xcoms.py
[2026-09-21T00:45:32.470+0000] {processor.py:799} INFO - Processing file /opt/airflow/dags/6_xcoms.py for tasks to queue
[2026-09-21T00:45:32.471+0000] {logging_mixin.py:149} INFO - [2026-09-21T00:45:32.471+0000] {dagbag.py:541} INFO - Filling up the DagBag from /opt/airflow/dags/6_xcoms.py
[2026-09-21T00:45:32.506+0000] {processor.py:809} INFO - DAG(s) dict_keys(['6-XCom']) retrieved from /opt/airflow/dags/6_xcoms.py
[2026-09-21T00:45:32.548+0000] {logging_mixin.py:149} INFO - [2026-09-21T00:45:32.548+0000] {dag.py:2726} INFO - Sync 1 DAGs
[2026-09-21T00:45:32.628+0000] {processor.py:178} INFO - Processing /opt/airflow/dags/6_xcoms.py took 0.166 seconds
[2026-09-21T00:46:03.501+0000] {processor.py:156} INFO - Started process (PID=4143) to work on /opt/airflow/dags/6_xcoms.py
[2026-09-21T00:46:03.502+0000] {processor.py:799} INFO - Processing file /opt/airflow/dags/6_xcoms.py for tasks to queue
[2026-09-21T00:46:03.509+0000] {logging_mixin.py:149} INFO - [2026-09-21T00:46:03.509+0000] {dagbag.py:541} INFO - Filling up the DagBag from /opt/airflow/dags/6_xcoms.py
[2026-09-21T00:46:03.538+0000] {processor.py:809} INFO - DAG(s) dict_keys(['6-XCom']) retrieved from /opt/airflow/dags/6_xcoms.py
[2026-09-21T00:46:03.617+0000] {logging_mixin.py:149} INFO - [2026-09-21T00:46:03.617+0000] {dag.py:2726} INFO - Sync 1 DAGs
[2026-09-21T00:46:03.687+0000] {logging_mixin.py:149} INFO - [2026-09-21T00:46:03.686+0000] {dag.py:3490} INFO - Setting next_dagrun for 6-XCom to 2025-04-21T00:00:00+00:00, run_after=2025-04-22T00:00:00+00:00
[2026-09-21T00:46:03.739+0000] {processor.py:178} INFO - Processing /opt/airflow/dags/6_xcoms.py took 0.243 seconds
[2026-09-21T00:46:33.864+0000] {processor.py:156} INFO - Started process (PID=4153) to work on /opt/airflow/dags/6_xcoms.py
[2026-09-21T00:46:33.867+0000] {processor.py:799} INFO - Processing file /opt/airflow/dags/6_xcoms.py for tasks to queue
[2026-09-21T00:46:33.868+0000] {logging_mixin.py:149} INFO - [2026-09-21T00:46:33.868+0000] {dagbag.py:541} INFO - Filling up the DagBag from /opt/airflow/dags/6_xcoms.py
[2026-09-21T00:46:33.917+0000] {processor.py:809} INFO - DAG(s) dict_keys(['6-XCom']) retrieved from /opt/airflow/dags/6_xcoms.py
[2026-09-21T00:46:33.978+0000] {logging_mixin.py:149} INFO - [2026-09-21T00:46:33.978+0000] {dag.py:2726} INFO - Sync 1 DAGs
[2026-09-21T00:46:34.068+0000] {processor.py:178} INFO - Processing /opt/airflow/dags/6_xcoms.py took 0.214 seconds
[2026-09-21T00:47:04.376+0000] {processor.py:156} INFO - Started process (PID=4163) to work on /opt/airflow/dags/6_xcoms.py
[2026-09-21T00:47:04.378+0000] {processor.py:799} INFO - Processing file /opt/airflow/dags/6_xcoms.py for tasks to queue
[2026-09-21T00:47:04.379+0000] {logging_mixin.py:149} INFO - [2026-09-21T00:47:04.379+0000] {dagbag.py:541} INFO - Filling up the DagBag from /opt/airflow/dags/6_xcoms.py
[2026-09-21T00:47:04.409+0000] {processor.py:809} INFO - DAG(s) dict_keys(['6-XCom']) retrieved from /opt/airflow/dags/6_xcoms.py
[2026-09-21T00:47:04.468+0000] {logging_mixin.py:149} INFO - [2026-09-21T00:47:04.468+0000] {dag.py:2726} INFO - Sync 1 DAGs
[2026-09-21T00:47:04.570+0000] {processor.py:178} INFO - Processing /opt/airflow/dags/6_xcoms.py took 0.204 seconds
[2026-09-21T00:47:34.681+0000] {processor.py:156} INFO - Started process (PID=4173) to work on /opt/airflow/dags/6_xcoms.py
[2026-09-21T00:47:34.684+0000] {processor.py:799} INFO - Processing file /opt/airflow/dags/6_xcoms.py for tasks to queue
[2026-09-21T00:47:34.685+0000] {logging_mixin.py:149} INFO - [2026-09-21T00:47:34.684+0000] {dagbag.py:541} INFO - Filling up the DagBag from /opt/airflow/dags/6_xcoms.py
[2026-09-21T00:47:34.711+0000] {processor.py:809} INFO - DAG(s) dict_keys(['6-XCom']) retrieved from /opt/airflow/dags/6_xcoms.py
[2026-09-21T00:47:34.762+0000] {logging_mixin.py:149} INFO - [2026-09-21T00:47:34.762+0000] {dag.py:2726} INFO - Sync 1 DAGs
[2026-09-21T00:47:34.837+0000] {processor.py:178} INFO - Processing /opt/airflow/dags/6_xcoms.py took 0.161 seconds
[2026-09-21T00:48:05.130+0000] {processor.py:156} INFO - Started process (PID=4183) to work on /opt/airflow/dags/6_xcoms.py
[2026-09-21T00:48:05.137+0000] {processor.py:799} INFO - Processing file /opt/airflow/dags/6_xcoms.py for tasks to queue
[2026-09-21T00:48:05.144+0000] {logging_mixin.py:149} INFO - [2026-09-21T00:48:05.144+0000] {dagbag.py:541} INFO - Filling up the DagBag from /opt/airflow/dags/6_xcoms.py
[2026-09-21T00:48:05.215+0000] {processor.py:809} INFO - DAG(s) dict_keys(['6-XCom']) retrieved from /opt/airflow/dags/6_xcoms.py
[2026-09-21T00:48:05.304+0000] {logging_mixin.py:149} INFO - [2026-09-21T00:48:05.304+0000] {dag.py:2726} INFO - Sync 1 DAGs
[2026-09-21T00:48:05.387+0000] {processor.py:178} INFO - Processing /opt/airflow/dags/6_xcoms.py took 0.262 seconds
[2026-09-21T00:48:35.552+0000] {processor.py:156} INFO - Started process (PID=4193) to work on /opt/airflow/dags/6_xcoms.py
[2026-09-21T00:48:35.556+0000] {processor.py:799} INFO - Processing file /opt/airflow/dags/6_xcoms.py for tasks to queue
[2026-09-21T00:48:35.557+0000] {logging_mixin.py:149} INFO - [2026-09-21T00:48:35.557+0000] {dagbag.py:541} INFO - Filling up the DagBag from /opt/airflow/dags/6_xcoms.py
[2026-09-21T00:48:35.639+0000] {processor.py:809} INFO - DAG(s) dict_keys(['6-XCom']) retrieved from /opt/airflow/dags/6_xcoms.py
[2026-09-21T00:48:35.744+0000] {logging_mixin.py:149} INFO - [2026-09-21T00:48:35.744+0000] {dag.py:2726} INFO - Sync 1 DAGs
[2026-09-21T00:48:35.897+0000] {processor.py:178} INFO - Processing /opt/airflow/dags/6_xcoms.py took 0.363 seconds
[2026-09-21T00:49:06.791+0000] {processor.py:156} INFO - Started process (PID=4203) to work on /opt/airflow/dags/6_xcoms.py
[2026-09-21T00:49:06.792+0000] {processor.py:799} INFO - Processing file /opt/airflow/dags/6_xcoms.py for tasks to queue
[2026-09-21T00:49:06.793+0000] {logging_mixin.py:149} INFO - [2026-09-21T00:49:06.793+0000] {dagbag.py:541} INFO - Filling up the DagBag from /opt/airflow/dags/6_xcoms.py
[2026-09-21T00:49:06.816+0000] {processor.py:809} INFO - DAG(s) dict_keys(['6-XCom']) retrieved from /opt/airflow/dags/6_xcoms.py
[2026-09-21T00:49:06.870+0000] {logging_mixin.py:149} INFO - [2026-09-21T00:49:06.870+0000] {dag.py:2726} INFO - Sync 1 DAGs
[2026-09-21T00:49:06.965+0000] {processor.py:178} INFO - Processing /opt/airflow/dags/6_xcoms.py took 0.180 seconds
[2026-09-21T00:49:37.226+0000] {processor.py:156} INFO - Started process (PID=4213) to work on /opt/airflow/dags/6_xcoms.py
[2026-09-21T00:49:37.227+0000] {processor.py:799} INFO - Processing file /opt/airflow/dags/6_xcoms.py for tasks to queue
[2026-09-21T00:49:37.228+0000] {logging_mixin.py:149} INFO - [2026-09-21T00:49:37.228+0000] {dagbag.py:541} INFO - Filling up the DagBag from /opt/airflow/dags/6_xcoms.py
[2026-09-21T00:49:37.251+0000] {processor.py:809} INFO - DAG(s) dict_keys(['6-XCom']) retrieved from /opt/airflow/dags/6_xcoms.py
[2026-09-21T00:49:37.325+0000] {logging_mixin.py:149} INFO - [2026-09-21T00:49:37.324+0000] {dag.py:2726} INFO - Sync 1 DAGs
[2026-09-21T00:49:37.427+0000] {processor.py:178} INFO - Processing /opt/airflow/dags/6_xcoms.py took 0.207 seconds
[2026-09-21T00:50:07.756+0000] {processor.py:156} INFO - Started process (PID=4223) to work on /opt/airflow/dags/6_xcoms.py
[2026-09-21T00:50:07.765+0000] {processor.py:799} INFO - Processing file /opt/airflow/dags/6_xcoms.py for tasks to queue
[2026-09-21T00:50:07.766+0000] {logging_mixin.py:149} INFO - [2026-09-21T00:50:07.766+0000] {dagbag.py:541} INFO - Filling up the DagBag from /opt/airflow/dags/6_xcoms.py
[2026-09-21T00:50:07.817+0000] {processor.py:809} INFO - DAG(s) dict_keys(['6-XCom']) retrieved from /opt/airflow/dags/6_xcoms.py
[2026-09-21T00:50:07.902+0000] {logging_mixin.py:149} INFO - [2026-09-21T00:50:07.902+0000] {dag.py:2726} INFO - Sync 1 DAGs
[2026-09-21T00:50:08.036+0000] {processor.py:178} INFO - Processing /opt/airflow/dags/6_xcoms.py took 0.297 seconds
[2026-09-21T00:50:38.847+0000] {processor.py:156} INFO - Started process (PID=4233) to work on /opt/airflow/dags/6_xcoms.py
[2026-09-21T00:50:38.849+0000] {processor.py:799} INFO - Processing file /opt/airflow/dags/6_xcoms.py for tasks to queue
[2026-09-21T00:50:38.850+0000] {logging_mixin.py:149} INFO - [2026-09-21T00:50:38.850+0000] {dagbag.py:541} INFO - Filling up the DagBag from /opt/airflow/dags/6_xcoms.py
[2026-09-21T00:50:38.872+0000] {processor.py:809} INFO - DAG(s) dict_keys(['6-XCom']) retrieved from /opt/airflow/dags/6_xcoms.py
[2026-09-21T00:50:38.948+0000] {logging_mixin.py:149} INFO - [2026-09-21T00:50:38.947+0000] {dag.py:2726} INFO - Sync 1 DAGs
[2026-09-21T00:50:39.032+0000] {processor.py:178} INFO - Processing /opt/airflow/dags/6_xcoms.py took 0.191 seconds
[2026-09-21T00:51:09.987+0000] {processor.py:156} INFO - Started process (PID=4243) to work on /opt/airflow/dags/6_xcoms.py
[2026-09-21T00:51:09.989+0000] {processor.py:799} INFO - Processing file /opt/airflow/dags/6_xcoms.py for tasks to queue
[2026-09-21T00:51:09.991+0000] {logging_mixin.py:149} INFO - [2026-09-21T00:51:09.990+0000] {dagbag.py:541} INFO - Filling up the DagBag from /opt/airflow/dags/6_xcoms.py
[2026-09-21T00:51:10.013+0000] {processor.py:809} INFO - DAG(s) dict_keys(['6-XCom']) retrieved from /opt/airflow/dags/6_xcoms.py
[2026-09-21T00:51:10.072+0000] {logging_mixin.py:149} INFO - [2026-09-21T00:51:10.071+0000] {dag.py:2726} INFO - Sync 1 DAGs
[2026-09-21T00:51:10.171+0000] {processor.py:178} INFO - Processing /opt/airflow/dags/6_xcoms.py took 0.194 seconds
[2026-09-21T00:51:40.526+0000] {processor.py:156} INFO - Started process (PID=4253) to work on /opt/airflow/dags/6_xcoms.py
[2026-09-21T00:51:40.528+0000] {processor.py:799} INFO - Processing file /opt/airflow/dags/6_xcoms.py for tasks to queue
[2026-09-21T00:51:40.530+0000] {logging_mixin.py:149} INFO - [2026-09-21T00:51:40.529+0000] {dagbag.py:541} INFO - Filling up the DagBag from /opt/airflow/dags/6_xcoms.py
[2026-09-21T00:51:40.554+0000] {processor.py:809} INFO - DAG(s) dict_keys(['6-XCom']) retrieved from /opt/airflow/dags/6_xcoms.py
[2026-09-21T00:51:40.603+0000] {logging_mixin.py:149} INFO - [2026-09-21T00:51:40.602+0000] {dag.py:2726} INFO - Sync 1 DAGs
[2026-09-21T00:51:40.691+0000] {processor.py:178} INFO - Processing /opt/airflow/dags/6_xcoms.py took 0.171 seconds
[2026-09-21T00:52:11.651+0000] {processor.py:156} INFO - Started process (PID=4263) to work on /opt/airflow/dags/6_xcoms.py
[2026-09-21T00:52:11.652+0000] {processor.py:799} INFO - Processing file /opt/airflow/dags/6_xcoms.py for tasks to queue
[2026-09-21T00:52:11.653+0000] {logging_mixin.py:149} INFO - [2026-09-21T00:52:11.653+0000] {dagbag.py:541} INFO - Filling up the DagBag from /opt/airflow/dags/6_xcoms.py
[2026-09-21T00:52:11.732+0000] {processor.py:809} INFO - DAG(s) dict_keys(['6-XCom']) retrieved from /opt/airflow/dags/6_xcoms.py
[2026-09-21T00:52:11.806+0000] {logging_mixin.py:149} INFO - [2026-09-21T00:52:11.806+0000] {dag.py:2726} INFO - Sync 1 DAGs
[2026-09-21T00:52:11.928+0000] {processor.py:178} INFO - Processing /opt/airflow/dags/6_xcoms.py took 0.306 seconds
[2026-09-21T00:52:42.000+0000] {processor.py:156} INFO - Started process (PID=4273) to work on /opt/airflow/dags/6_xcoms.py
[2026-09-21T00:52:42.007+0000] {processor.py:799} INFO - Processing file /opt/airflow/dags/6_xcoms.py for tasks to queue
[2026-09-21T00:52:42.008+0000] {logging_mixin.py:149} INFO - [2026-09-21T00:52:42.008+0000] {dagbag.py:541} INFO - Filling up the DagBag from /opt/airflow/dags/6_xcoms.py
[2026-09-21T00:52:42.035+0000] {processor.py:809} INFO - DAG(s) dict_keys(['6-XCom']) retrieved from /opt/airflow/dags/6_xcoms.py
[2026-09-21T00:52:42.093+0000] {logging_mixin.py:149} INFO - [2026-09-21T00:52:42.092+0000] {dag.py:2726} INFO - Sync 1 DAGs
[2026-09-21T00:52:42.171+0000] {processor.py:178} INFO - Processing /opt/airflow/dags/6_xcoms.py took 0.178 seconds
[2026-09-21T00:53:13.169+0000] {processor.py:156} INFO - Started process (PID=4283) to work on /opt/airflow/dags/6_xcoms.py
[2026-09-21T00:53:13.170+0000] {processor.py:799} INFO - Processing file /opt/airflow/dags/6_xcoms.py for tasks to queue
[2026-09-21T00:53:13.171+0000] {logging_mixin.py:149} INFO - [2026-09-21T00:53:13.171+0000] {dagbag.py:541} INFO - Filling up the DagBag from /opt/airflow/dags/6_xcoms.py
[2026-09-21T00:53:13.243+0000] {processor.py:809} INFO - DAG(s) dict_keys(['6-XCom']) retrieved from /opt/airflow/dags/6_xcoms.py
[2026-09-21T00:53:13.310+0000] {logging_mixin.py:149} INFO - [2026-09-21T00:53:13.310+0000] {dag.py:2726} INFO - Sync 1 DAGs
[2026-09-21T00:53:13.436+0000] {processor.py:178} INFO - Processing /opt/airflow/dags/6_xcoms.py took 0.277 seconds
[2026-09-21T00:53:43.656+0000] {processor.py:156} INFO - Started process (PID=4293) to work on /opt/airflow/dags/6_xcoms.py
[2026-09-21T00:53:43.660+0000] {processor.py:799} INFO - Processing file /opt/airflow/dags/6_xcoms.py for tasks to queue
[2026-09-21T00:53:43.661+0000] {logging_mixin.py:149} INFO - [2026-09-21T00:53:43.660+0000] {dagbag.py:541} INFO - Filling up the DagBag from /opt/airflow/dags/6_xcoms.py
[2026-09-21T00:53:43.712+0000] {processor.py:809} INFO - DAG(s) dict_keys(['6-XCom']) retrieved from /opt/airflow/dags/6_xcoms.py
[2026-09-21T00:53:43.836+0000] {logging_mixin.py:149} INFO - [2026-09-21T00:53:43.836+0000] {dag.py:2726} INFO - Sync 1 DAGs
[2026-09-21T00:53:43.978+0000] {processor.py:178} INFO - Processing /opt/airflow/dags/6_xcoms.py took 0.339 seconds
[2026-09-21T00:54:14.247+0000] {processor.py:156} INFO - Started process (PID=4303) to work on /opt/airflow/dags/6_xcoms.py
[2026-09-21T00:54:14.251+0000] {processor.py:799} INFO - Processing file /opt/airflow/dags/6_xcoms.py for tasks to queue
[2026-09-21T00:54:14.254+0000] {logging_mixin.py:149} INFO - [2026-09-21T00:54:14.254+0000] {dagbag.py:541} INFO - Filling up the DagBag from /opt/airflow/dags/6_xcoms.py
[2026-09-21T00:54:14.300+0000] {processor.py:809} INFO - DAG(s) dict_keys(['6-XCom']) retrieved from /opt/airflow/dags/6_xcoms.py
[2026-09-21T00:54:14.437+0000] {logging_mixin.py:149} INFO - [2026-09-21T00:54:14.437+0000] {dag.py:2726} INFO - Sync 1 DAGs
[2026-09-21T00:54:14.564+0000] {processor.py:178} INFO - Processing /opt/airflow/dags/6_xcoms.py took 0.326 seconds
[2026-09-21T00:54:44.726+0000] {processor.py:156} INFO - Started process (PID=4313) to work on /opt/airflow/dags/6_xcoms.py
[2026-09-21T00:54:44.728+0000] {processor.py:799} INFO - Processing file /opt/airflow/dags/6_xcoms.py for tasks to queue
[2026-09-21T00:54:44.730+0000] {logging_mixin.py:149} INFO - [2026-09-21T00:54:44.730+0000] {dagbag.py:541} INFO - Filling up the DagBag from /opt/airflow/dags/6_xcoms.py
[2026-09-21T00:54:44.753+0000] {processor.py:809} INFO - DAG(s) dict_keys(['6-XCom']) retrieved from /opt/airflow/dags/6_xcoms.py
[2026-09-21T00:54:44.817+0000] {logging_mixin.py:149} INFO - [2026-09-21T00:54:44.816+0000] {dag.py:2726} INFO - Sync 1 DAGs
[2026-09-21T00:54:44.898+0000] {processor.py:178} INFO - Processing /opt/airflow/dags/6_xcoms.py took 0.184 seconds
[2026-09-21T00:55:15.058+0000] {processor.py:156} INFO - Started process (PID=4323) to work on /opt/airflow/dags/6_xcoms.py
[2026-09-21T00:55:15.061+0000] {processor.py:799} INFO - Processing file /opt/airflow/dags/6_xcoms.py for tasks to queue
[2026-09-21T00:55:15.064+0000] {logging_mixin.py:149} INFO - [2026-09-21T00:55:15.063+0000] {dagbag.py:541} INFO - Filling up the DagBag from /opt/airflow/dags/6_xcoms.py
[2026-09-21T00:55:15.101+0000] {processor.py:809} INFO - DAG(s) dict_keys(['6-XCom']) retrieved from /opt/airflow/dags/6_xcoms.py
[2026-09-21T00:55:15.182+0000] {logging_mixin.py:149} INFO - [2026-09-21T00:55:15.182+0000] {dag.py:2726} INFO - Sync 1 DAGs
[2026-09-21T00:55:15.278+0000] {processor.py:178} INFO - Processing /opt/airflow/dags/6_xcoms.py took 0.233 seconds
[2026-09-21T00:55:45.386+0000] {processor.py:156} INFO - Started process (PID=4333) to work on /opt/airflow/dags/6_xcoms.py
[2026-09-21T00:55:45.388+0000] {processor.py:799} INFO - Processing file /opt/airflow/dags/6_xcoms.py for tasks to queue
[2026-09-21T00:55:45.389+0000] {logging_mixin.py:149} INFO - [2026-09-21T00:55:45.389+0000] {dagbag.py:541} INFO - Filling up the DagBag from /opt/airflow/dags/6_xcoms.py
[2026-09-21T00:55:45.405+0000] {processor.py:809} INFO - DAG(s) dict_keys(['6-XCom']) retrieved from /opt/airflow/dags/6_xcoms.py
[2026-09-21T00:55:45.443+0000] {logging_mixin.py:149} INFO - [2026-09-21T00:55:45.443+0000] {dag.py:2726} INFO - Sync 1 DAGs
[2026-09-21T00:55:45.502+0000] {processor.py:178} INFO - Processing /opt/airflow/dags/6_xcoms.py took 0.120 seconds
[2026-09-21T00:56:16.280+0000] {processor.py:156} INFO - Started process (PID=4343) to work on /opt/airflow/dags/6_xcoms.py
[2026-09-21T00:56:16.282+0000] {processor.py:799} INFO - Processing file /opt/airflow/dags/6_xcoms.py for tasks to queue
[2026-09-21T00:56:16.289+0000] {logging_mixin.py:149} INFO - [2026-09-21T00:56:16.288+0000] {dagbag.py:541} INFO - Filling up the DagBag from /opt/airflow/dags/6_xcoms.py
[2026-09-21T00:56:16.350+0000] {processor.py:809} INFO - DAG(s) dict_keys(['6-XCom']) retrieved from /opt/airflow/dags/6_xcoms.py
[2026-09-21T00:56:16.470+0000] {logging_mixin.py:149} INFO - [2026-09-21T00:56:16.469+0000] {dag.py:2726} INFO - Sync 1 DAGs
[2026-09-21T00:56:16.575+0000] {processor.py:178} INFO - Processing /opt/airflow/dags/6_xcoms.py took 0.305 seconds
[2026-09-21T00:56:46.666+0000] {processor.py:156} INFO - Started process (PID=4353) to work on /opt/airflow/dags/6_xcoms.py
[2026-09-21T00:56:46.669+0000] {processor.py:799} INFO - Processing file /opt/airflow/dags/6_xcoms.py for tasks to queue
[2026-09-21T00:56:46.670+0000] {logging_mixin.py:149} INFO - [2026-09-21T00:56:46.670+0000] {dagbag.py:541} INFO - Filling up the DagBag from /opt/airflow/dags/6_xcoms.py
[2026-09-21T00:56:46.700+0000] {processor.py:809} INFO - DAG(s) dict_keys(['6-XCom']) retrieved from /opt/airflow/dags/6_xcoms.py
[2026-09-21T00:56:46.761+0000] {logging_mixin.py:149} INFO - [2026-09-21T00:56:46.761+0000] {dag.py:2726} INFO - Sync 1 DAGs
[2026-09-21T00:56:46.852+0000] {processor.py:178} INFO - Processing /opt/airflow/dags/6_xcoms.py took 0.195 seconds
[2026-09-21T00:57:17.110+0000] {processor.py:156} INFO - Started process (PID=4363) to work on /opt/airflow/dags/6_xcoms.py
[2026-09-21T00:57:17.111+0000] {processor.py:799} INFO - Processing file /opt/airflow/dags/6_xcoms.py for tasks to queue
[2026-09-21T00:57:17.112+0000] {logging_mixin.py:149} INFO - [2026-09-21T00:57:17.112+0000] {dagbag.py:541} INFO - Filling up the DagBag from /opt/airflow/dags/6_xcoms.py
[2026-09-21T00:57:17.138+0000] {processor.py:809} INFO - DAG(s) dict_keys(['6-XCom']) retrieved from /opt/airflow/dags/6_xcoms.py
[2026-09-21T00:57:17.251+0000] {logging_mixin.py:149} INFO - [2026-09-21T00:57:17.250+0000] {dag.py:2726} INFO - Sync 1 DAGs
[2026-09-21T00:57:17.405+0000] {processor.py:178} INFO - Processing /opt/airflow/dags/6_xcoms.py took 0.302 seconds
[2026-09-21T00:57:47.513+0000] {processor.py:156} INFO - Started process (PID=4373) to work on /opt/airflow/dags/6_xcoms.py
[2026-09-21T00:57:47.518+0000] {processor.py:799} INFO - Processing file /opt/airflow/dags/6_xcoms.py for tasks to queue
[2026-09-21T00:57:47.519+0000] {logging_mixin.py:149} INFO - [2026-09-21T00:57:47.519+0000] {dagbag.py:541} INFO - Filling up the DagBag from /opt/airflow/dags/6_xcoms.py
[2026-09-21T00:57:47.578+0000] {processor.py:809} INFO - DAG(s) dict_keys(['6-XCom']) retrieved from /opt/airflow/dags/6_xcoms.py
[2026-09-21T00:57:47.725+0000] {logging_mixin.py:149} INFO - [2026-09-21T00:57:47.716+0000] {dag.py:2726} INFO - Sync 1 DAGs
[2026-09-21T00:57:47.924+0000] {processor.py:178} INFO - Processing /opt/airflow/dags/6_xcoms.py took 0.419 seconds
[2026-09-21T00:58:18.849+0000] {processor.py:156} INFO - Started process (PID=4383) to work on /opt/airflow/dags/6_xcoms.py
[2026-09-21T00:58:18.851+0000] {processor.py:799} INFO - Processing file /opt/airflow/dags/6_xcoms.py for tasks to queue
[2026-09-21T00:58:18.853+0000] {logging_mixin.py:149} INFO - [2026-09-21T00:58:18.852+0000] {dagbag.py:541} INFO - Filling up the DagBag from /opt/airflow/dags/6_xcoms.py
[2026-09-21T00:58:18.950+0000] {processor.py:809} INFO - DAG(s) dict_keys(['6-XCom']) retrieved from /opt/airflow/dags/6_xcoms.py
[2026-09-21T00:58:19.028+0000] {logging_mixin.py:149} INFO - [2026-09-21T00:58:19.028+0000] {dag.py:2726} INFO - Sync 1 DAGs
[2026-09-21T00:58:19.123+0000] {processor.py:178} INFO - Processing /opt/airflow/dags/6_xcoms.py took 0.281 seconds
[2026-09-21T00:58:49.206+0000] {processor.py:156} INFO - Started process (PID=4392) to work on /opt/airflow/dags/6_xcoms.py
[2026-09-21T00:58:49.208+0000] {processor.py:799} INFO - Processing file /opt/airflow/dags/6_xcoms.py for tasks to queue
[2026-09-21T00:58:49.209+0000] {logging_mixin.py:149} INFO - [2026-09-21T00:58:49.209+0000] {dagbag.py:541} INFO - Filling up the DagBag from /opt/airflow/dags/6_xcoms.py
[2026-09-21T00:58:49.234+0000] {processor.py:809} INFO - DAG(s) dict_keys(['6-XCom']) retrieved from /opt/airflow/dags/6_xcoms.py
[2026-09-21T00:58:49.283+0000] {logging_mixin.py:149} INFO - [2026-09-21T00:58:49.283+0000] {dag.py:2726} INFO - Sync 1 DAGs
[2026-09-21T00:58:49.316+0000] {logging_mixin.py:149} INFO - [2026-09-21T00:58:49.316+0000] {dag.py:3490} INFO - Setting next_dagrun for 6-XCom to 2025-06-16T00:00:00+00:00, run_after=2025-06-17T00:00:00+00:00
[2026-09-21T00:58:49.343+0000] {processor.py:178} INFO - Processing /opt/airflow/dags/6_xcoms.py took 0.153 seconds
[2026-09-21T00:59:20.151+0000] {processor.py:156} INFO - Started process (PID=4403) to work on /opt/airflow/dags/6_xcoms.py
[2026-09-21T00:59:20.152+0000] {processor.py:799} INFO - Processing file /opt/airflow/dags/6_xcoms.py for tasks to queue
[2026-09-21T00:59:20.154+0000] {logging_mixin.py:149} INFO - [2026-09-21T00:59:20.153+0000] {dagbag.py:541} INFO - Filling up the DagBag from /opt/airflow/dags/6_xcoms.py
[2026-09-21T00:59:20.177+0000] {processor.py:809} INFO - DAG(s) dict_keys(['6-XCom']) retrieved from /opt/airflow/dags/6_xcoms.py
[2026-09-21T00:59:20.254+0000] {logging_mixin.py:149} INFO - [2026-09-21T00:59:20.254+0000] {dag.py:2726} INFO - Sync 1 DAGs
[2026-09-21T00:59:20.396+0000] {processor.py:178} INFO - Processing /opt/airflow/dags/6_xcoms.py took 0.252 seconds
[2026-09-21T00:59:50.720+0000] {processor.py:156} INFO - Started process (PID=4413) to work on /opt/airflow/dags/6_xcoms.py
[2026-09-21T00:59:50.726+0000] {processor.py:799} INFO - Processing file /opt/airflow/dags/6_xcoms.py for tasks to queue
[2026-09-21T00:59:50.729+0000] {logging_mixin.py:149} INFO - [2026-09-21T00:59:50.728+0000] {dagbag.py:541} INFO - Filling up the DagBag from /opt/airflow/dags/6_xcoms.py
[2026-09-21T00:59:50.780+0000] {processor.py:809} INFO - DAG(s) dict_keys(['6-XCom']) retrieved from /opt/airflow/dags/6_xcoms.py
[2026-09-21T00:59:50.867+0000] {logging_mixin.py:149} INFO - [2026-09-21T00:59:50.867+0000] {dag.py:2726} INFO - Sync 1 DAGs
[2026-09-21T00:59:51.009+0000] {processor.py:178} INFO - Processing /opt/airflow/dags/6_xcoms.py took 0.298 seconds
[2026-09-21T01:00:21.447+0000] {processor.py:156} INFO - Started process (PID=4423) to work on /opt/airflow/dags/6_xcoms.py
[2026-09-21T01:00:21.453+0000] {processor.py:799} INFO - Processing file /opt/airflow/dags/6_xcoms.py for tasks to queue
[2026-09-21T01:00:21.454+0000] {logging_mixin.py:149} INFO - [2026-09-21T01:00:21.454+0000] {dagbag.py:541} INFO - Filling up the DagBag from /opt/airflow/dags/6_xcoms.py
[2026-09-21T01:00:21.503+0000] {processor.py:809} INFO - DAG(s) dict_keys(['6-XCom']) retrieved from /opt/airflow/dags/6_xcoms.py
[2026-09-21T01:00:21.560+0000] {logging_mixin.py:149} INFO - [2026-09-21T01:00:21.560+0000] {dag.py:2726} INFO - Sync 1 DAGs
[2026-09-21T01:00:21.666+0000] {processor.py:178} INFO - Processing /opt/airflow/dags/6_xcoms.py took 0.224 seconds
[2026-09-21T01:00:51.730+0000] {processor.py:156} INFO - Started process (PID=4433) to work on /opt/airflow/dags/6_xcoms.py
[2026-09-21T01:00:51.739+0000] {processor.py:799} INFO - Processing file /opt/airflow/dags/6_xcoms.py for tasks to queue
[2026-09-21T01:00:51.740+0000] {logging_mixin.py:149} INFO - [2026-09-21T01:00:51.740+0000] {dagbag.py:541} INFO - Filling up the DagBag from /opt/airflow/dags/6_xcoms.py
[2026-09-21T01:00:51.781+0000] {processor.py:809} INFO - DAG(s) dict_keys(['6-XCom']) retrieved from /opt/airflow/dags/6_xcoms.py
[2026-09-21T01:00:51.846+0000] {logging_mixin.py:149} INFO - [2026-09-21T01:00:51.846+0000] {dag.py:2726} INFO - Sync 1 DAGs
[2026-09-21T01:00:51.901+0000] {logging_mixin.py:149} INFO - [2026-09-21T01:00:51.901+0000] {dag.py:3490} INFO - Setting next_dagrun for 6-XCom to 2025-06-25T00:00:00+00:00, run_after=2025-06-26T00:00:00+00:00
[2026-09-21T01:00:51.950+0000] {processor.py:178} INFO - Processing /opt/airflow/dags/6_xcoms.py took 0.229 seconds
[2026-09-21T01:01:22.121+0000] {processor.py:156} INFO - Started process (PID=4443) to work on /opt/airflow/dags/6_xcoms.py
[2026-09-21T01:01:22.122+0000] {processor.py:799} INFO - Processing file /opt/airflow/dags/6_xcoms.py for tasks to queue
[2026-09-21T01:01:22.124+0000] {logging_mixin.py:149} INFO - [2026-09-21T01:01:22.124+0000] {dagbag.py:541} INFO - Filling up the DagBag from /opt/airflow/dags/6_xcoms.py
[2026-09-21T01:01:22.150+0000] {processor.py:809} INFO - DAG(s) dict_keys(['6-XCom']) retrieved from /opt/airflow/dags/6_xcoms.py
[2026-09-21T01:01:22.203+0000] {logging_mixin.py:149} INFO - [2026-09-21T01:01:22.203+0000] {dag.py:2726} INFO - Sync 1 DAGs
[2026-09-21T01:01:22.298+0000] {processor.py:178} INFO - Processing /opt/airflow/dags/6_xcoms.py took 0.185 seconds
[2026-09-21T01:01:52.571+0000] {processor.py:156} INFO - Started process (PID=4453) to work on /opt/airflow/dags/6_xcoms.py
[2026-09-21T01:01:52.575+0000] {processor.py:799} INFO - Processing file /opt/airflow/dags/6_xcoms.py for tasks to queue
[2026-09-21T01:01:52.579+0000] {logging_mixin.py:149} INFO - [2026-09-21T01:01:52.579+0000] {dagbag.py:541} INFO - Filling up the DagBag from /opt/airflow/dags/6_xcoms.py
[2026-09-21T01:01:52.616+0000] {processor.py:809} INFO - DAG(s) dict_keys(['6-XCom']) retrieved from /opt/airflow/dags/6_xcoms.py
[2026-09-21T01:01:52.745+0000] {logging_mixin.py:149} INFO - [2026-09-21T01:01:52.744+0000] {dag.py:2726} INFO - Sync 1 DAGs
[2026-09-21T01:01:52.871+0000] {processor.py:178} INFO - Processing /opt/airflow/dags/6_xcoms.py took 0.306 seconds
[2026-09-21T01:02:23.044+0000] {processor.py:156} INFO - Started process (PID=4463) to work on /opt/airflow/dags/6_xcoms.py
[2026-09-21T01:02:23.047+0000] {processor.py:799} INFO - Processing file /opt/airflow/dags/6_xcoms.py for tasks to queue
[2026-09-21T01:02:23.049+0000] {logging_mixin.py:149} INFO - [2026-09-21T01:02:23.048+0000] {dagbag.py:541} INFO - Filling up the DagBag from /opt/airflow/dags/6_xcoms.py
[2026-09-21T01:02:23.089+0000] {processor.py:809} INFO - DAG(s) dict_keys(['6-XCom']) retrieved from /opt/airflow/dags/6_xcoms.py
[2026-09-21T01:02:23.165+0000] {logging_mixin.py:149} INFO - [2026-09-21T01:02:23.164+0000] {dag.py:2726} INFO - Sync 1 DAGs
[2026-09-21T01:02:23.251+0000] {processor.py:178} INFO - Processing /opt/airflow/dags/6_xcoms.py took 0.218 seconds
[2026-09-21T01:02:53.516+0000] {processor.py:156} INFO - Started process (PID=4473) to work on /opt/airflow/dags/6_xcoms.py
[2026-09-21T01:02:53.525+0000] {processor.py:799} INFO - Processing file /opt/airflow/dags/6_xcoms.py for tasks to queue
[2026-09-21T01:02:53.529+0000] {logging_mixin.py:149} INFO - [2026-09-21T01:02:53.529+0000] {dagbag.py:541} INFO - Filling up the DagBag from /opt/airflow/dags/6_xcoms.py
[2026-09-21T01:02:53.591+0000] {processor.py:809} INFO - DAG(s) dict_keys(['6-XCom']) retrieved from /opt/airflow/dags/6_xcoms.py
[2026-09-21T01:02:53.662+0000] {logging_mixin.py:149} INFO - [2026-09-21T01:02:53.662+0000] {dag.py:2726} INFO - Sync 1 DAGs
[2026-09-21T01:02:53.780+0000] {processor.py:178} INFO - Processing /opt/airflow/dags/6_xcoms.py took 0.269 seconds
[2026-09-21T01:03:24.499+0000] {processor.py:156} INFO - Started process (PID=4483) to work on /opt/airflow/dags/6_xcoms.py
[2026-09-21T01:03:24.503+0000] {processor.py:799} INFO - Processing file /opt/airflow/dags/6_xcoms.py for tasks to queue
[2026-09-21T01:03:24.506+0000] {logging_mixin.py:149} INFO - [2026-09-21T01:03:24.505+0000] {dagbag.py:541} INFO - Filling up the DagBag from /opt/airflow/dags/6_xcoms.py
[2026-09-21T01:03:24.546+0000] {processor.py:809} INFO - DAG(s) dict_keys(['6-XCom']) retrieved from /opt/airflow/dags/6_xcoms.py
[2026-09-21T01:03:24.613+0000] {logging_mixin.py:149} INFO - [2026-09-21T01:03:24.612+0000] {dag.py:2726} INFO - Sync 1 DAGs
[2026-09-21T01:03:24.711+0000] {processor.py:178} INFO - Processing /opt/airflow/dags/6_xcoms.py took 0.221 seconds
[2026-09-21T01:03:55.372+0000] {processor.py:156} INFO - Started process (PID=4493) to work on /opt/airflow/dags/6_xcoms.py
[2026-09-21T01:03:55.374+0000] {processor.py:799} INFO - Processing file /opt/airflow/dags/6_xcoms.py for tasks to queue
[2026-09-21T01:03:55.375+0000] {logging_mixin.py:149} INFO - [2026-09-21T01:03:55.375+0000] {dagbag.py:541} INFO - Filling up the DagBag from /opt/airflow/dags/6_xcoms.py
[2026-09-21T01:03:55.403+0000] {processor.py:809} INFO - DAG(s) dict_keys(['6-XCom']) retrieved from /opt/airflow/dags/6_xcoms.py
[2026-09-21T01:03:55.495+0000] {logging_mixin.py:149} INFO - [2026-09-21T01:03:55.495+0000] {dag.py:2726} INFO - Sync 1 DAGs
[2026-09-21T01:03:55.630+0000] {processor.py:178} INFO - Processing /opt/airflow/dags/6_xcoms.py took 0.263 seconds
[2026-09-21T01:04:26.393+0000] {processor.py:156} INFO - Started process (PID=4503) to work on /opt/airflow/dags/6_xcoms.py
[2026-09-21T01:04:26.401+0000] {processor.py:799} INFO - Processing file /opt/airflow/dags/6_xcoms.py for tasks to queue
[2026-09-21T01:04:26.402+0000] {logging_mixin.py:149} INFO - [2026-09-21T01:04:26.402+0000] {dagbag.py:541} INFO - Filling up the DagBag from /opt/airflow/dags/6_xcoms.py
[2026-09-21T01:04:26.474+0000] {processor.py:809} INFO - DAG(s) dict_keys(['6-XCom']) retrieved from /opt/airflow/dags/6_xcoms.py
[2026-09-21T01:04:26.582+0000] {logging_mixin.py:149} INFO - [2026-09-21T01:04:26.582+0000] {dag.py:2726} INFO - Sync 1 DAGs
[2026-09-21T01:04:26.823+0000] {processor.py:178} INFO - Processing /opt/airflow/dags/6_xcoms.py took 0.442 seconds
[2026-09-21T01:04:56.952+0000] {processor.py:156} INFO - Started process (PID=4513) to work on /opt/airflow/dags/6_xcoms.py
[2026-09-21T01:04:56.954+0000] {processor.py:799} INFO - Processing file /opt/airflow/dags/6_xcoms.py for tasks to queue
[2026-09-21T01:04:56.955+0000] {logging_mixin.py:149} INFO - [2026-09-21T01:04:56.954+0000] {dagbag.py:541} INFO - Filling up the DagBag from /opt/airflow/dags/6_xcoms.py
[2026-09-21T01:04:57.001+0000] {processor.py:809} INFO - DAG(s) dict_keys(['6-XCom']) retrieved from /opt/airflow/dags/6_xcoms.py
[2026-09-21T01:04:57.097+0000] {logging_mixin.py:149} INFO - [2026-09-21T01:04:57.097+0000] {dag.py:2726} INFO - Sync 1 DAGs
[2026-09-21T01:04:57.230+0000] {processor.py:178} INFO - Processing /opt/airflow/dags/6_xcoms.py took 0.291 seconds
[2026-09-21T01:05:27.479+0000] {processor.py:156} INFO - Started process (PID=4523) to work on /opt/airflow/dags/6_xcoms.py
[2026-09-21T01:05:27.481+0000] {processor.py:799} INFO - Processing file /opt/airflow/dags/6_xcoms.py for tasks to queue
[2026-09-21T01:05:27.482+0000] {logging_mixin.py:149} INFO - [2026-09-21T01:05:27.482+0000] {dagbag.py:541} INFO - Filling up the DagBag from /opt/airflow/dags/6_xcoms.py
[2026-09-21T01:05:27.516+0000] {processor.py:809} INFO - DAG(s) dict_keys(['6-XCom']) retrieved from /opt/airflow/dags/6_xcoms.py
[2026-09-21T01:05:27.571+0000] {logging_mixin.py:149} INFO - [2026-09-21T01:05:27.571+0000] {dag.py:2726} INFO - Sync 1 DAGs
[2026-09-21T01:05:27.676+0000] {processor.py:178} INFO - Processing /opt/airflow/dags/6_xcoms.py took 0.205 seconds
[2026-09-21T01:05:57.806+0000] {processor.py:156} INFO - Started process (PID=4533) to work on /opt/airflow/dags/6_xcoms.py
[2026-09-21T01:05:57.808+0000] {processor.py:799} INFO - Processing file /opt/airflow/dags/6_xcoms.py for tasks to queue
[2026-09-21T01:05:57.810+0000] {logging_mixin.py:149} INFO - [2026-09-21T01:05:57.809+0000] {dagbag.py:541} INFO - Filling up the DagBag from /opt/airflow/dags/6_xcoms.py
[2026-09-21T01:05:57.838+0000] {processor.py:809} INFO - DAG(s) dict_keys(['6-XCom']) retrieved from /opt/airflow/dags/6_xcoms.py
[2026-09-21T01:05:57.917+0000] {logging_mixin.py:149} INFO - [2026-09-21T01:05:57.917+0000] {dag.py:2726} INFO - Sync 1 DAGs
[2026-09-21T01:05:58.028+0000] {processor.py:178} INFO - Processing /opt/airflow/dags/6_xcoms.py took 0.244 seconds
[2026-09-21T01:06:28.234+0000] {processor.py:156} INFO - Started process (PID=4543) to work on /opt/airflow/dags/6_xcoms.py
[2026-09-21T01:06:28.237+0000] {processor.py:799} INFO - Processing file /opt/airflow/dags/6_xcoms.py for tasks to queue
[2026-09-21T01:06:28.238+0000] {logging_mixin.py:149} INFO - [2026-09-21T01:06:28.238+0000] {dagbag.py:541} INFO - Filling up the DagBag from /opt/airflow/dags/6_xcoms.py
[2026-09-21T01:06:28.260+0000] {processor.py:809} INFO - DAG(s) dict_keys(['6-XCom']) retrieved from /opt/airflow/dags/6_xcoms.py
[2026-09-21T01:06:28.307+0000] {logging_mixin.py:149} INFO - [2026-09-21T01:06:28.307+0000] {dag.py:2726} INFO - Sync 1 DAGs
[2026-09-21T01:06:28.383+0000] {processor.py:178} INFO - Processing /opt/airflow/dags/6_xcoms.py took 0.155 seconds
[2026-09-21T01:06:58.489+0000] {processor.py:156} INFO - Started process (PID=4553) to work on /opt/airflow/dags/6_xcoms.py
[2026-09-21T01:06:58.510+0000] {processor.py:799} INFO - Processing file /opt/airflow/dags/6_xcoms.py for tasks to queue
[2026-09-21T01:06:58.511+0000] {logging_mixin.py:149} INFO - [2026-09-21T01:06:58.511+0000] {dagbag.py:541} INFO - Filling up the DagBag from /opt/airflow/dags/6_xcoms.py
[2026-09-21T01:06:58.576+0000] {processor.py:809} INFO - DAG(s) dict_keys(['6-XCom']) retrieved from /opt/airflow/dags/6_xcoms.py
[2026-09-21T01:06:58.673+0000] {logging_mixin.py:149} INFO - [2026-09-21T01:06:58.673+0000] {dag.py:2726} INFO - Sync 1 DAGs
[2026-09-21T01:06:58.828+0000] {processor.py:178} INFO - Processing /opt/airflow/dags/6_xcoms.py took 0.346 seconds
[2026-09-21T01:07:29.630+0000] {processor.py:156} INFO - Started process (PID=4563) to work on /opt/airflow/dags/6_xcoms.py
[2026-09-21T01:07:29.632+0000] {processor.py:799} INFO - Processing file /opt/airflow/dags/6_xcoms.py for tasks to queue
[2026-09-21T01:07:29.633+0000] {logging_mixin.py:149} INFO - [2026-09-21T01:07:29.633+0000] {dagbag.py:541} INFO - Filling up the DagBag from /opt/airflow/dags/6_xcoms.py
[2026-09-21T01:07:29.662+0000] {processor.py:809} INFO - DAG(s) dict_keys(['6-XCom']) retrieved from /opt/airflow/dags/6_xcoms.py
[2026-09-21T01:07:29.729+0000] {logging_mixin.py:149} INFO - [2026-09-21T01:07:29.729+0000] {dag.py:2726} INFO - Sync 1 DAGs
[2026-09-21T01:07:29.806+0000] {processor.py:178} INFO - Processing /opt/airflow/dags/6_xcoms.py took 0.182 seconds
[2026-09-21T01:08:00.771+0000] {processor.py:156} INFO - Started process (PID=4573) to work on /opt/airflow/dags/6_xcoms.py
[2026-09-21T01:08:00.773+0000] {processor.py:799} INFO - Processing file /opt/airflow/dags/6_xcoms.py for tasks to queue
[2026-09-21T01:08:00.775+0000] {logging_mixin.py:149} INFO - [2026-09-21T01:08:00.774+0000] {dagbag.py:541} INFO - Filling up the DagBag from /opt/airflow/dags/6_xcoms.py
[2026-09-21T01:08:00.800+0000] {processor.py:809} INFO - DAG(s) dict_keys(['6-XCom']) retrieved from /opt/airflow/dags/6_xcoms.py
[2026-09-21T01:08:00.866+0000] {logging_mixin.py:149} INFO - [2026-09-21T01:08:00.866+0000] {dag.py:2726} INFO - Sync 1 DAGs
[2026-09-21T01:08:00.986+0000] {processor.py:178} INFO - Processing /opt/airflow/dags/6_xcoms.py took 0.221 seconds
[2026-09-21T01:08:31.070+0000] {processor.py:156} INFO - Started process (PID=4583) to work on /opt/airflow/dags/6_xcoms.py
[2026-09-21T01:08:31.073+0000] {processor.py:799} INFO - Processing file /opt/airflow/dags/6_xcoms.py for tasks to queue
[2026-09-21T01:08:31.076+0000] {logging_mixin.py:149} INFO - [2026-09-21T01:08:31.076+0000] {dagbag.py:541} INFO - Filling up the DagBag from /opt/airflow/dags/6_xcoms.py
[2026-09-21T01:08:31.104+0000] {processor.py:809} INFO - DAG(s) dict_keys(['6-XCom']) retrieved from /opt/airflow/dags/6_xcoms.py
[2026-09-21T01:08:31.155+0000] {logging_mixin.py:149} INFO - [2026-09-21T01:08:31.154+0000] {dag.py:2726} INFO - Sync 1 DAGs
[2026-09-21T01:08:31.227+0000] {processor.py:178} INFO - Processing /opt/airflow/dags/6_xcoms.py took 0.163 seconds
[2026-09-21T01:09:01.351+0000] {processor.py:156} INFO - Started process (PID=4593) to work on /opt/airflow/dags/6_xcoms.py
[2026-09-21T01:09:01.352+0000] {processor.py:799} INFO - Processing file /opt/airflow/dags/6_xcoms.py for tasks to queue
[2026-09-21T01:09:01.353+0000] {logging_mixin.py:149} INFO - [2026-09-21T01:09:01.353+0000] {dagbag.py:541} INFO - Filling up the DagBag from /opt/airflow/dags/6_xcoms.py
[2026-09-21T01:09:01.375+0000] {processor.py:809} INFO - DAG(s) dict_keys(['6-XCom']) retrieved from /opt/airflow/dags/6_xcoms.py
[2026-09-21T01:09:01.430+0000] {logging_mixin.py:149} INFO - [2026-09-21T01:09:01.429+0000] {dag.py:2726} INFO - Sync 1 DAGs
[2026-09-21T01:09:01.530+0000] {processor.py:178} INFO - Processing /opt/airflow/dags/6_xcoms.py took 0.185 seconds
[2026-09-21T01:09:31.730+0000] {processor.py:156} INFO - Started process (PID=4603) to work on /opt/airflow/dags/6_xcoms.py
[2026-09-21T01:09:31.734+0000] {processor.py:799} INFO - Processing file /opt/airflow/dags/6_xcoms.py for tasks to queue
[2026-09-21T01:09:31.740+0000] {logging_mixin.py:149} INFO - [2026-09-21T01:09:31.735+0000] {dagbag.py:541} INFO - Filling up the DagBag from /opt/airflow/dags/6_xcoms.py
[2026-09-21T01:09:31.802+0000] {processor.py:809} INFO - DAG(s) dict_keys(['6-XCom']) retrieved from /opt/airflow/dags/6_xcoms.py
[2026-09-21T01:09:31.907+0000] {logging_mixin.py:149} INFO - [2026-09-21T01:09:31.907+0000] {dag.py:2726} INFO - Sync 1 DAGs
[2026-09-21T01:09:32.033+0000] {processor.py:178} INFO - Processing /opt/airflow/dags/6_xcoms.py took 0.319 seconds
[2026-09-21T01:10:02.087+0000] {processor.py:156} INFO - Started process (PID=4613) to work on /opt/airflow/dags/6_xcoms.py
[2026-09-21T01:10:02.090+0000] {processor.py:799} INFO - Processing file /opt/airflow/dags/6_xcoms.py for tasks to queue
[2026-09-21T01:10:02.091+0000] {logging_mixin.py:149} INFO - [2026-09-21T01:10:02.091+0000] {dagbag.py:541} INFO - Filling up the DagBag from /opt/airflow/dags/6_xcoms.py
[2026-09-21T01:10:02.143+0000] {processor.py:809} INFO - DAG(s) dict_keys(['6-XCom']) retrieved from /opt/airflow/dags/6_xcoms.py
[2026-09-21T01:10:02.205+0000] {logging_mixin.py:149} INFO - [2026-09-21T01:10:02.204+0000] {dag.py:2726} INFO - Sync 1 DAGs
[2026-09-21T01:10:02.286+0000] {processor.py:178} INFO - Processing /opt/airflow/dags/6_xcoms.py took 0.207 seconds
[2026-09-21T01:10:32.466+0000] {processor.py:156} INFO - Started process (PID=4623) to work on /opt/airflow/dags/6_xcoms.py
[2026-09-21T01:10:32.468+0000] {processor.py:799} INFO - Processing file /opt/airflow/dags/6_xcoms.py for tasks to queue
[2026-09-21T01:10:32.470+0000] {logging_mixin.py:149} INFO - [2026-09-21T01:10:32.469+0000] {dagbag.py:541} INFO - Filling up the DagBag from /opt/airflow/dags/6_xcoms.py
[2026-09-21T01:10:32.492+0000] {processor.py:809} INFO - DAG(s) dict_keys(['6-XCom']) retrieved from /opt/airflow/dags/6_xcoms.py
[2026-09-21T01:10:32.545+0000] {logging_mixin.py:149} INFO - [2026-09-21T01:10:32.545+0000] {dag.py:2726} INFO - Sync 1 DAGs
[2026-09-21T01:10:32.650+0000] {processor.py:178} INFO - Processing /opt/airflow/dags/6_xcoms.py took 0.191 seconds
[2026-09-21T01:11:02.711+0000] {processor.py:156} INFO - Started process (PID=4633) to work on /opt/airflow/dags/6_xcoms.py
[2026-09-21T01:11:02.713+0000] {processor.py:799} INFO - Processing file /opt/airflow/dags/6_xcoms.py for tasks to queue
[2026-09-21T01:11:02.714+0000] {logging_mixin.py:149} INFO - [2026-09-21T01:11:02.714+0000] {dagbag.py:541} INFO - Filling up the DagBag from /opt/airflow/dags/6_xcoms.py
[2026-09-21T01:11:02.739+0000] {processor.py:809} INFO - DAG(s) dict_keys(['6-XCom']) retrieved from /opt/airflow/dags/6_xcoms.py
[2026-09-21T01:11:02.796+0000] {logging_mixin.py:149} INFO - [2026-09-21T01:11:02.796+0000] {dag.py:2726} INFO - Sync 1 DAGs
[2026-09-21T01:11:02.879+0000] {processor.py:178} INFO - Processing /opt/airflow/dags/6_xcoms.py took 0.177 seconds
[2026-09-21T01:11:33.695+0000] {processor.py:156} INFO - Started process (PID=4643) to work on /opt/airflow/dags/6_xcoms.py
[2026-09-21T01:11:33.698+0000] {processor.py:799} INFO - Processing file /opt/airflow/dags/6_xcoms.py for tasks to queue
[2026-09-21T01:11:33.699+0000] {logging_mixin.py:149} INFO - [2026-09-21T01:11:33.699+0000] {dagbag.py:541} INFO - Filling up the DagBag from /opt/airflow/dags/6_xcoms.py
[2026-09-21T01:11:33.725+0000] {processor.py:809} INFO - DAG(s) dict_keys(['6-XCom']) retrieved from /opt/airflow/dags/6_xcoms.py
[2026-09-21T01:11:33.785+0000] {logging_mixin.py:149} INFO - [2026-09-21T01:11:33.784+0000] {dag.py:2726} INFO - Sync 1 DAGs
[2026-09-21T01:11:33.872+0000] {processor.py:178} INFO - Processing /opt/airflow/dags/6_xcoms.py took 0.184 seconds
[2026-09-21T01:12:04.020+0000] {processor.py:156} INFO - Started process (PID=4653) to work on /opt/airflow/dags/6_xcoms.py
[2026-09-21T01:12:04.021+0000] {processor.py:799} INFO - Processing file /opt/airflow/dags/6_xcoms.py for tasks to queue
[2026-09-21T01:12:04.022+0000] {logging_mixin.py:149} INFO - [2026-09-21T01:12:04.022+0000] {dagbag.py:541} INFO - Filling up the DagBag from /opt/airflow/dags/6_xcoms.py
[2026-09-21T01:12:04.048+0000] {processor.py:809} INFO - DAG(s) dict_keys(['6-XCom']) retrieved from /opt/airflow/dags/6_xcoms.py
[2026-09-21T01:12:04.103+0000] {logging_mixin.py:149} INFO - [2026-09-21T01:12:04.102+0000] {dag.py:2726} INFO - Sync 1 DAGs
[2026-09-21T01:12:04.226+0000] {processor.py:178} INFO - Processing /opt/airflow/dags/6_xcoms.py took 0.213 seconds
[2026-09-21T01:12:34.300+0000] {processor.py:156} INFO - Started process (PID=4663) to work on /opt/airflow/dags/6_xcoms.py
[2026-09-21T01:12:34.304+0000] {processor.py:799} INFO - Processing file /opt/airflow/dags/6_xcoms.py for tasks to queue
[2026-09-21T01:12:34.305+0000] {logging_mixin.py:149} INFO - [2026-09-21T01:12:34.304+0000] {dagbag.py:541} INFO - Filling up the DagBag from /opt/airflow/dags/6_xcoms.py
[2026-09-21T01:12:34.328+0000] {processor.py:809} INFO - DAG(s) dict_keys(['6-XCom']) retrieved from /opt/airflow/dags/6_xcoms.py
[2026-09-21T01:12:34.371+0000] {logging_mixin.py:149} INFO - [2026-09-21T01:12:34.371+0000] {dag.py:2726} INFO - Sync 1 DAGs
[2026-09-21T01:12:34.440+0000] {processor.py:178} INFO - Processing /opt/airflow/dags/6_xcoms.py took 0.146 seconds
[2026-09-21T01:13:04.650+0000] {processor.py:156} INFO - Started process (PID=4673) to work on /opt/airflow/dags/6_xcoms.py
[2026-09-21T01:13:04.651+0000] {processor.py:799} INFO - Processing file /opt/airflow/dags/6_xcoms.py for tasks to queue
[2026-09-21T01:13:04.652+0000] {logging_mixin.py:149} INFO - [2026-09-21T01:13:04.651+0000] {dagbag.py:541} INFO - Filling up the DagBag from /opt/airflow/dags/6_xcoms.py
[2026-09-21T01:13:04.673+0000] {processor.py:809} INFO - DAG(s) dict_keys(['6-XCom']) retrieved from /opt/airflow/dags/6_xcoms.py
[2026-09-21T01:13:04.733+0000] {logging_mixin.py:149} INFO - [2026-09-21T01:13:04.732+0000] {dag.py:2726} INFO - Sync 1 DAGs
[2026-09-21T01:13:04.809+0000] {processor.py:178} INFO - Processing /opt/airflow/dags/6_xcoms.py took 0.164 seconds
[2026-09-21T01:13:34.856+0000] {processor.py:156} INFO - Started process (PID=4683) to work on /opt/airflow/dags/6_xcoms.py
[2026-09-21T01:13:34.858+0000] {processor.py:799} INFO - Processing file /opt/airflow/dags/6_xcoms.py for tasks to queue
[2026-09-21T01:13:34.860+0000] {logging_mixin.py:149} INFO - [2026-09-21T01:13:34.859+0000] {dagbag.py:541} INFO - Filling up the DagBag from /opt/airflow/dags/6_xcoms.py
[2026-09-21T01:13:34.886+0000] {processor.py:809} INFO - DAG(s) dict_keys(['6-XCom']) retrieved from /opt/airflow/dags/6_xcoms.py
[2026-09-21T01:13:34.937+0000] {logging_mixin.py:149} INFO - [2026-09-21T01:13:34.936+0000] {dag.py:2726} INFO - Sync 1 DAGs
[2026-09-21T01:13:35.032+0000] {processor.py:178} INFO - Processing /opt/airflow/dags/6_xcoms.py took 0.182 seconds
[2026-09-21T01:14:05.098+0000] {processor.py:156} INFO - Started process (PID=4693) to work on /opt/airflow/dags/6_xcoms.py
[2026-09-21T01:14:05.099+0000] {processor.py:799} INFO - Processing file /opt/airflow/dags/6_xcoms.py for tasks to queue
[2026-09-21T01:14:05.100+0000] {logging_mixin.py:149} INFO - [2026-09-21T01:14:05.100+0000] {dagbag.py:541} INFO - Filling up the DagBag from /opt/airflow/dags/6_xcoms.py
[2026-09-21T01:14:05.137+0000] {processor.py:809} INFO - DAG(s) dict_keys(['6-XCom']) retrieved from /opt/airflow/dags/6_xcoms.py
[2026-09-21T01:14:05.198+0000] {logging_mixin.py:149} INFO - [2026-09-21T01:14:05.198+0000] {dag.py:2726} INFO - Sync 1 DAGs
[2026-09-21T01:14:05.306+0000] {processor.py:178} INFO - Processing /opt/airflow/dags/6_xcoms.py took 0.223 seconds
[2026-09-21T01:14:35.547+0000] {processor.py:156} INFO - Started process (PID=4703) to work on /opt/airflow/dags/6_xcoms.py
[2026-09-21T01:14:35.554+0000] {processor.py:799} INFO - Processing file /opt/airflow/dags/6_xcoms.py for tasks to queue
[2026-09-21T01:14:35.555+0000] {logging_mixin.py:149} INFO - [2026-09-21T01:14:35.555+0000] {dagbag.py:541} INFO - Filling up the DagBag from /opt/airflow/dags/6_xcoms.py
[2026-09-21T01:14:35.592+0000] {processor.py:809} INFO - DAG(s) dict_keys(['6-XCom']) retrieved from /opt/airflow/dags/6_xcoms.py
[2026-09-21T01:14:35.645+0000] {logging_mixin.py:149} INFO - [2026-09-21T01:14:35.644+0000] {dag.py:2726} INFO - Sync 1 DAGs
[2026-09-21T01:14:35.735+0000] {processor.py:178} INFO - Processing /opt/airflow/dags/6_xcoms.py took 0.195 seconds
[2026-09-21T01:15:06.195+0000] {processor.py:156} INFO - Started process (PID=4713) to work on /opt/airflow/dags/6_xcoms.py
[2026-09-21T01:15:06.197+0000] {processor.py:799} INFO - Processing file /opt/airflow/dags/6_xcoms.py for tasks to queue
[2026-09-21T01:15:06.199+0000] {logging_mixin.py:149} INFO - [2026-09-21T01:15:06.199+0000] {dagbag.py:541} INFO - Filling up the DagBag from /opt/airflow/dags/6_xcoms.py
[2026-09-21T01:15:06.248+0000] {processor.py:809} INFO - DAG(s) dict_keys(['6-XCom']) retrieved from /opt/airflow/dags/6_xcoms.py
[2026-09-21T01:15:06.334+0000] {logging_mixin.py:149} INFO - [2026-09-21T01:15:06.334+0000] {dag.py:2726} INFO - Sync 1 DAGs
[2026-09-21T01:15:06.445+0000] {processor.py:178} INFO - Processing /opt/airflow/dags/6_xcoms.py took 0.259 seconds
[2026-09-21T01:15:36.615+0000] {processor.py:156} INFO - Started process (PID=4723) to work on /opt/airflow/dags/6_xcoms.py
[2026-09-21T01:15:36.619+0000] {processor.py:799} INFO - Processing file /opt/airflow/dags/6_xcoms.py for tasks to queue
[2026-09-21T01:15:36.621+0000] {logging_mixin.py:149} INFO - [2026-09-21T01:15:36.620+0000] {dagbag.py:541} INFO - Filling up the DagBag from /opt/airflow/dags/6_xcoms.py
[2026-09-21T01:15:36.647+0000] {processor.py:809} INFO - DAG(s) dict_keys(['6-XCom']) retrieved from /opt/airflow/dags/6_xcoms.py
[2026-09-21T01:15:36.726+0000] {logging_mixin.py:149} INFO - [2026-09-21T01:15:36.726+0000] {dag.py:2726} INFO - Sync 1 DAGs
[2026-09-21T01:15:36.844+0000] {processor.py:178} INFO - Processing /opt/airflow/dags/6_xcoms.py took 0.237 seconds
[2026-09-21T01:16:06.962+0000] {processor.py:156} INFO - Started process (PID=4733) to work on /opt/airflow/dags/6_xcoms.py
[2026-09-21T01:16:06.963+0000] {processor.py:799} INFO - Processing file /opt/airflow/dags/6_xcoms.py for tasks to queue
[2026-09-21T01:16:06.964+0000] {logging_mixin.py:149} INFO - [2026-09-21T01:16:06.964+0000] {dagbag.py:541} INFO - Filling up the DagBag from /opt/airflow/dags/6_xcoms.py
[2026-09-21T01:16:06.992+0000] {processor.py:809} INFO - DAG(s) dict_keys(['6-XCom']) retrieved from /opt/airflow/dags/6_xcoms.py
[2026-09-21T01:16:07.059+0000] {logging_mixin.py:149} INFO - [2026-09-21T01:16:07.059+0000] {dag.py:2726} INFO - Sync 1 DAGs
[2026-09-21T01:16:07.175+0000] {processor.py:178} INFO - Processing /opt/airflow/dags/6_xcoms.py took 0.218 seconds
[2026-09-21T01:16:37.364+0000] {processor.py:156} INFO - Started process (PID=4743) to work on /opt/airflow/dags/6_xcoms.py
[2026-09-21T01:16:37.366+0000] {processor.py:799} INFO - Processing file /opt/airflow/dags/6_xcoms.py for tasks to queue
[2026-09-21T01:16:37.366+0000] {logging_mixin.py:149} INFO - [2026-09-21T01:16:37.366+0000] {dagbag.py:541} INFO - Filling up the DagBag from /opt/airflow/dags/6_xcoms.py
[2026-09-21T01:16:37.387+0000] {processor.py:809} INFO - DAG(s) dict_keys(['6-XCom']) retrieved from /opt/airflow/dags/6_xcoms.py
[2026-09-21T01:16:37.434+0000] {logging_mixin.py:149} INFO - [2026-09-21T01:16:37.433+0000] {dag.py:2726} INFO - Sync 1 DAGs
[2026-09-21T01:16:37.555+0000] {processor.py:178} INFO - Processing /opt/airflow/dags/6_xcoms.py took 0.197 seconds
[2026-09-21T01:17:07.724+0000] {processor.py:156} INFO - Started process (PID=4753) to work on /opt/airflow/dags/6_xcoms.py
[2026-09-21T01:17:07.726+0000] {processor.py:799} INFO - Processing file /opt/airflow/dags/6_xcoms.py for tasks to queue
[2026-09-21T01:17:07.731+0000] {logging_mixin.py:149} INFO - [2026-09-21T01:17:07.730+0000] {dagbag.py:541} INFO - Filling up the DagBag from /opt/airflow/dags/6_xcoms.py
[2026-09-21T01:17:07.795+0000] {processor.py:809} INFO - DAG(s) dict_keys(['6-XCom']) retrieved from /opt/airflow/dags/6_xcoms.py
[2026-09-21T01:17:07.860+0000] {logging_mixin.py:149} INFO - [2026-09-21T01:17:07.859+0000] {dag.py:2726} INFO - Sync 1 DAGs
[2026-09-21T01:17:07.938+0000] {processor.py:178} INFO - Processing /opt/airflow/dags/6_xcoms.py took 0.225 seconds
[2026-09-21T01:17:38.094+0000] {processor.py:156} INFO - Started process (PID=4763) to work on /opt/airflow/dags/6_xcoms.py
[2026-09-21T01:17:38.097+0000] {processor.py:799} INFO - Processing file /opt/airflow/dags/6_xcoms.py for tasks to queue
[2026-09-21T01:17:38.098+0000] {logging_mixin.py:149} INFO - [2026-09-21T01:17:38.098+0000] {dagbag.py:541} INFO - Filling up the DagBag from /opt/airflow/dags/6_xcoms.py
[2026-09-21T01:17:38.123+0000] {processor.py:809} INFO - DAG(s) dict_keys(['6-XCom']) retrieved from /opt/airflow/dags/6_xcoms.py
[2026-09-21T01:17:38.172+0000] {logging_mixin.py:149} INFO - [2026-09-21T01:17:38.172+0000] {dag.py:2726} INFO - Sync 1 DAGs
[2026-09-21T01:17:38.259+0000] {processor.py:178} INFO - Processing /opt/airflow/dags/6_xcoms.py took 0.173 seconds
[2026-09-21T01:18:08.391+0000] {processor.py:156} INFO - Started process (PID=4773) to work on /opt/airflow/dags/6_xcoms.py
[2026-09-21T01:18:08.392+0000] {processor.py:799} INFO - Processing file /opt/airflow/dags/6_xcoms.py for tasks to queue
[2026-09-21T01:18:08.393+0000] {logging_mixin.py:149} INFO - [2026-09-21T01:18:08.393+0000] {dagbag.py:541} INFO - Filling up the DagBag from /opt/airflow/dags/6_xcoms.py
[2026-09-21T01:18:08.417+0000] {processor.py:809} INFO - DAG(s) dict_keys(['6-XCom']) retrieved from /opt/airflow/dags/6_xcoms.py
[2026-09-21T01:18:08.457+0000] {logging_mixin.py:149} INFO - [2026-09-21T01:18:08.457+0000] {dag.py:2726} INFO - Sync 1 DAGs
[2026-09-21T01:18:08.521+0000] {processor.py:178} INFO - Processing /opt/airflow/dags/6_xcoms.py took 0.136 seconds
[2026-09-21T01:18:38.682+0000] {processor.py:156} INFO - Started process (PID=4783) to work on /opt/airflow/dags/6_xcoms.py
[2026-09-21T01:18:38.686+0000] {processor.py:799} INFO - Processing file /opt/airflow/dags/6_xcoms.py for tasks to queue
[2026-09-21T01:18:38.688+0000] {logging_mixin.py:149} INFO - [2026-09-21T01:18:38.688+0000] {dagbag.py:541} INFO - Filling up the DagBag from /opt/airflow/dags/6_xcoms.py
[2026-09-21T01:18:38.736+0000] {processor.py:809} INFO - DAG(s) dict_keys(['6-XCom']) retrieved from /opt/airflow/dags/6_xcoms.py
[2026-09-21T01:18:38.807+0000] {logging_mixin.py:149} INFO - [2026-09-21T01:18:38.806+0000] {dag.py:2726} INFO - Sync 1 DAGs
[2026-09-21T01:18:38.932+0000] {processor.py:178} INFO - Processing /opt/airflow/dags/6_xcoms.py took 0.268 seconds
[2026-09-21T01:19:09.157+0000] {processor.py:156} INFO - Started process (PID=4793) to work on /opt/airflow/dags/6_xcoms.py
[2026-09-21T01:19:09.160+0000] {processor.py:799} INFO - Processing file /opt/airflow/dags/6_xcoms.py for tasks to queue
[2026-09-21T01:19:09.161+0000] {logging_mixin.py:149} INFO - [2026-09-21T01:19:09.161+0000] {dagbag.py:541} INFO - Filling up the DagBag from /opt/airflow/dags/6_xcoms.py
[2026-09-21T01:19:09.198+0000] {processor.py:809} INFO - DAG(s) dict_keys(['6-XCom']) retrieved from /opt/airflow/dags/6_xcoms.py
[2026-09-21T01:19:09.255+0000] {logging_mixin.py:149} INFO - [2026-09-21T01:19:09.254+0000] {dag.py:2726} INFO - Sync 1 DAGs
[2026-09-21T01:19:09.340+0000] {processor.py:178} INFO - Processing /opt/airflow/dags/6_xcoms.py took 0.193 seconds
[2026-09-21T01:19:39.395+0000] {processor.py:156} INFO - Started process (PID=4802) to work on /opt/airflow/dags/6_xcoms.py
[2026-09-21T01:19:39.398+0000] {processor.py:799} INFO - Processing file /opt/airflow/dags/6_xcoms.py for tasks to queue
[2026-09-21T01:19:39.401+0000] {logging_mixin.py:149} INFO - [2026-09-21T01:19:39.401+0000] {dagbag.py:541} INFO - Filling up the DagBag from /opt/airflow/dags/6_xcoms.py
[2026-09-21T01:19:39.426+0000] {processor.py:809} INFO - DAG(s) dict_keys(['6-XCom']) retrieved from /opt/airflow/dags/6_xcoms.py
[2026-09-21T01:19:39.477+0000] {logging_mixin.py:149} INFO - [2026-09-21T01:19:39.477+0000] {dag.py:2726} INFO - Sync 1 DAGs
[2026-09-21T01:19:39.552+0000] {processor.py:178} INFO - Processing /opt/airflow/dags/6_xcoms.py took 0.164 seconds
[2026-09-21T01:20:09.743+0000] {processor.py:156} INFO - Started process (PID=4812) to work on /opt/airflow/dags/6_xcoms.py
[2026-09-21T01:20:09.745+0000] {processor.py:799} INFO - Processing file /opt/airflow/dags/6_xcoms.py for tasks to queue
[2026-09-21T01:20:09.746+0000] {logging_mixin.py:149} INFO - [2026-09-21T01:20:09.746+0000] {dagbag.py:541} INFO - Filling up the DagBag from /opt/airflow/dags/6_xcoms.py
[2026-09-21T01:20:09.782+0000] {processor.py:809} INFO - DAG(s) dict_keys(['6-XCom']) retrieved from /opt/airflow/dags/6_xcoms.py
[2026-09-21T01:20:09.853+0000] {logging_mixin.py:149} INFO - [2026-09-21T01:20:09.852+0000] {dag.py:2726} INFO - Sync 1 DAGs
[2026-09-21T01:20:09.952+0000] {processor.py:178} INFO - Processing /opt/airflow/dags/6_xcoms.py took 0.215 seconds
[2026-09-21T01:20:40.017+0000] {processor.py:156} INFO - Started process (PID=4822) to work on /opt/airflow/dags/6_xcoms.py
[2026-09-21T01:20:40.020+0000] {processor.py:799} INFO - Processing file /opt/airflow/dags/6_xcoms.py for tasks to queue
[2026-09-21T01:20:40.021+0000] {logging_mixin.py:149} INFO - [2026-09-21T01:20:40.021+0000] {dagbag.py:541} INFO - Filling up the DagBag from /opt/airflow/dags/6_xcoms.py
[2026-09-21T01:20:40.043+0000] {processor.py:809} INFO - DAG(s) dict_keys(['6-XCom']) retrieved from /opt/airflow/dags/6_xcoms.py
[2026-09-21T01:20:40.114+0000] {logging_mixin.py:149} INFO - [2026-09-21T01:20:40.113+0000] {dag.py:2726} INFO - Sync 1 DAGs
[2026-09-21T01:20:40.212+0000] {processor.py:178} INFO - Processing /opt/airflow/dags/6_xcoms.py took 0.208 seconds
[2026-09-21T01:21:10.519+0000] {processor.py:156} INFO - Started process (PID=4833) to work on /opt/airflow/dags/6_xcoms.py
[2026-09-21T01:21:10.520+0000] {processor.py:799} INFO - Processing file /opt/airflow/dags/6_xcoms.py for tasks to queue
[2026-09-21T01:21:10.521+0000] {logging_mixin.py:149} INFO - [2026-09-21T01:21:10.521+0000] {dagbag.py:541} INFO - Filling up the DagBag from /opt/airflow/dags/6_xcoms.py
[2026-09-21T01:21:10.539+0000] {processor.py:809} INFO - DAG(s) dict_keys(['6-XCom']) retrieved from /opt/airflow/dags/6_xcoms.py
[2026-09-21T01:21:10.621+0000] {logging_mixin.py:149} INFO - [2026-09-21T01:21:10.621+0000] {dag.py:2726} INFO - Sync 1 DAGs
[2026-09-21T01:21:10.688+0000] {processor.py:178} INFO - Processing /opt/airflow/dags/6_xcoms.py took 0.174 seconds
[2026-09-21T01:21:41.440+0000] {processor.py:156} INFO - Started process (PID=4843) to work on /opt/airflow/dags/6_xcoms.py
[2026-09-21T01:21:41.447+0000] {processor.py:799} INFO - Processing file /opt/airflow/dags/6_xcoms.py for tasks to queue
[2026-09-21T01:21:41.450+0000] {logging_mixin.py:149} INFO - [2026-09-21T01:21:41.449+0000] {dagbag.py:541} INFO - Filling up the DagBag from /opt/airflow/dags/6_xcoms.py
[2026-09-21T01:21:41.498+0000] {processor.py:809} INFO - DAG(s) dict_keys(['6-XCom']) retrieved from /opt/airflow/dags/6_xcoms.py
[2026-09-21T01:21:41.598+0000] {logging_mixin.py:149} INFO - [2026-09-21T01:21:41.597+0000] {dag.py:2726} INFO - Sync 1 DAGs
[2026-09-21T01:21:41.680+0000] {processor.py:178} INFO - Processing /opt/airflow/dags/6_xcoms.py took 0.250 seconds
[2026-09-21T01:22:11.809+0000] {processor.py:156} INFO - Started process (PID=4853) to work on /opt/airflow/dags/6_xcoms.py
[2026-09-21T01:22:11.810+0000] {processor.py:799} INFO - Processing file /opt/airflow/dags/6_xcoms.py for tasks to queue
[2026-09-21T01:22:11.811+0000] {logging_mixin.py:149} INFO - [2026-09-21T01:22:11.811+0000] {dagbag.py:541} INFO - Filling up the DagBag from /opt/airflow/dags/6_xcoms.py
[2026-09-21T01:22:11.854+0000] {processor.py:809} INFO - DAG(s) dict_keys(['6-XCom']) retrieved from /opt/airflow/dags/6_xcoms.py
[2026-09-21T01:22:11.971+0000] {logging_mixin.py:149} INFO - [2026-09-21T01:22:11.970+0000] {dag.py:2726} INFO - Sync 1 DAGs
[2026-09-21T01:22:12.083+0000] {processor.py:178} INFO - Processing /opt/airflow/dags/6_xcoms.py took 0.286 seconds
[2026-09-21T01:22:42.701+0000] {processor.py:156} INFO - Started process (PID=4863) to work on /opt/airflow/dags/6_xcoms.py
[2026-09-21T01:22:42.704+0000] {processor.py:799} INFO - Processing file /opt/airflow/dags/6_xcoms.py for tasks to queue
[2026-09-21T01:22:42.705+0000] {logging_mixin.py:149} INFO - [2026-09-21T01:22:42.704+0000] {dagbag.py:541} INFO - Filling up the DagBag from /opt/airflow/dags/6_xcoms.py
[2026-09-21T01:22:42.736+0000] {processor.py:809} INFO - DAG(s) dict_keys(['6-XCom']) retrieved from /opt/airflow/dags/6_xcoms.py
[2026-09-21T01:22:42.788+0000] {logging_mixin.py:149} INFO - [2026-09-21T01:22:42.788+0000] {dag.py:2726} INFO - Sync 1 DAGs
[2026-09-21T01:22:42.866+0000] {processor.py:178} INFO - Processing /opt/airflow/dags/6_xcoms.py took 0.177 seconds
[2026-09-21T01:23:13.797+0000] {processor.py:156} INFO - Started process (PID=4873) to work on /opt/airflow/dags/6_xcoms.py
[2026-09-21T01:23:13.798+0000] {processor.py:799} INFO - Processing file /opt/airflow/dags/6_xcoms.py for tasks to queue
[2026-09-21T01:23:13.800+0000] {logging_mixin.py:149} INFO - [2026-09-21T01:23:13.800+0000] {dagbag.py:541} INFO - Filling up the DagBag from /opt/airflow/dags/6_xcoms.py
[2026-09-21T01:23:13.828+0000] {processor.py:809} INFO - DAG(s) dict_keys(['6-XCom']) retrieved from /opt/airflow/dags/6_xcoms.py
[2026-09-21T01:23:13.903+0000] {logging_mixin.py:149} INFO - [2026-09-21T01:23:13.903+0000] {dag.py:2726} INFO - Sync 1 DAGs
[2026-09-21T01:23:14.051+0000] {processor.py:178} INFO - Processing /opt/airflow/dags/6_xcoms.py took 0.260 seconds
[2026-09-21T01:23:44.258+0000] {processor.py:156} INFO - Started process (PID=4883) to work on /opt/airflow/dags/6_xcoms.py
[2026-09-21T01:23:44.261+0000] {processor.py:799} INFO - Processing file /opt/airflow/dags/6_xcoms.py for tasks to queue
[2026-09-21T01:23:44.262+0000] {logging_mixin.py:149} INFO - [2026-09-21T01:23:44.262+0000] {dagbag.py:541} INFO - Filling up the DagBag from /opt/airflow/dags/6_xcoms.py
[2026-09-21T01:23:44.284+0000] {processor.py:809} INFO - DAG(s) dict_keys(['6-XCom']) retrieved from /opt/airflow/dags/6_xcoms.py
[2026-09-21T01:23:44.330+0000] {logging_mixin.py:149} INFO - [2026-09-21T01:23:44.330+0000] {dag.py:2726} INFO - Sync 1 DAGs
[2026-09-21T01:23:44.398+0000] {processor.py:178} INFO - Processing /opt/airflow/dags/6_xcoms.py took 0.147 seconds
[2026-09-21T01:24:14.500+0000] {processor.py:156} INFO - Started process (PID=4893) to work on /opt/airflow/dags/6_xcoms.py
[2026-09-21T01:24:14.501+0000] {processor.py:799} INFO - Processing file /opt/airflow/dags/6_xcoms.py for tasks to queue
[2026-09-21T01:24:14.502+0000] {logging_mixin.py:149} INFO - [2026-09-21T01:24:14.502+0000] {dagbag.py:541} INFO - Filling up the DagBag from /opt/airflow/dags/6_xcoms.py
[2026-09-21T01:24:14.527+0000] {processor.py:809} INFO - DAG(s) dict_keys(['6-XCom']) retrieved from /opt/airflow/dags/6_xcoms.py
[2026-09-21T01:24:14.585+0000] {logging_mixin.py:149} INFO - [2026-09-21T01:24:14.585+0000] {dag.py:2726} INFO - Sync 1 DAGs
[2026-09-21T01:24:14.667+0000] {processor.py:178} INFO - Processing /opt/airflow/dags/6_xcoms.py took 0.172 seconds
[2026-09-21T01:24:44.811+0000] {processor.py:156} INFO - Started process (PID=4903) to work on /opt/airflow/dags/6_xcoms.py
[2026-09-21T01:24:44.813+0000] {processor.py:799} INFO - Processing file /opt/airflow/dags/6_xcoms.py for tasks to queue
[2026-09-21T01:24:44.813+0000] {logging_mixin.py:149} INFO - [2026-09-21T01:24:44.813+0000] {dagbag.py:541} INFO - Filling up the DagBag from /opt/airflow/dags/6_xcoms.py
[2026-09-21T01:24:44.857+0000] {processor.py:809} INFO - DAG(s) dict_keys(['6-XCom']) retrieved from /opt/airflow/dags/6_xcoms.py
[2026-09-21T01:24:44.938+0000] {logging_mixin.py:149} INFO - [2026-09-21T01:24:44.938+0000] {dag.py:2726} INFO - Sync 1 DAGs
[2026-09-21T01:24:45.027+0000] {processor.py:178} INFO - Processing /opt/airflow/dags/6_xcoms.py took 0.222 seconds
[2026-09-21T01:25:15.605+0000] {processor.py:156} INFO - Started process (PID=4913) to work on /opt/airflow/dags/6_xcoms.py
[2026-09-21T01:25:15.607+0000] {processor.py:799} INFO - Processing file /opt/airflow/dags/6_xcoms.py for tasks to queue
[2026-09-21T01:25:15.609+0000] {logging_mixin.py:149} INFO - [2026-09-21T01:25:15.609+0000] {dagbag.py:541} INFO - Filling up the DagBag from /opt/airflow/dags/6_xcoms.py
[2026-09-21T01:25:15.639+0000] {processor.py:809} INFO - DAG(s) dict_keys(['6-XCom']) retrieved from /opt/airflow/dags/6_xcoms.py
[2026-09-21T01:25:15.745+0000] {logging_mixin.py:149} INFO - [2026-09-21T01:25:15.744+0000] {dag.py:2726} INFO - Sync 1 DAGs
[2026-09-21T01:25:15.864+0000] {processor.py:178} INFO - Processing /opt/airflow/dags/6_xcoms.py took 0.269 seconds
[2026-09-21T01:25:45.944+0000] {processor.py:156} INFO - Started process (PID=4923) to work on /opt/airflow/dags/6_xcoms.py
[2026-09-21T01:25:45.948+0000] {processor.py:799} INFO - Processing file /opt/airflow/dags/6_xcoms.py for tasks to queue
[2026-09-21T01:25:45.950+0000] {logging_mixin.py:149} INFO - [2026-09-21T01:25:45.949+0000] {dagbag.py:541} INFO - Filling up the DagBag from /opt/airflow/dags/6_xcoms.py
[2026-09-21T01:25:45.988+0000] {processor.py:809} INFO - DAG(s) dict_keys(['6-XCom']) retrieved from /opt/airflow/dags/6_xcoms.py
[2026-09-21T01:25:46.079+0000] {logging_mixin.py:149} INFO - [2026-09-21T01:25:46.079+0000] {dag.py:2726} INFO - Sync 1 DAGs
[2026-09-21T01:25:46.198+0000] {processor.py:178} INFO - Processing /opt/airflow/dags/6_xcoms.py took 0.267 seconds
[2026-09-21T01:26:16.367+0000] {processor.py:156} INFO - Started process (PID=4933) to work on /opt/airflow/dags/6_xcoms.py
[2026-09-21T01:26:16.368+0000] {processor.py:799} INFO - Processing file /opt/airflow/dags/6_xcoms.py for tasks to queue
[2026-09-21T01:26:16.369+0000] {logging_mixin.py:149} INFO - [2026-09-21T01:26:16.369+0000] {dagbag.py:541} INFO - Filling up the DagBag from /opt/airflow/dags/6_xcoms.py
[2026-09-21T01:26:16.397+0000] {processor.py:809} INFO - DAG(s) dict_keys(['6-XCom']) retrieved from /opt/airflow/dags/6_xcoms.py
[2026-09-21T01:26:16.475+0000] {logging_mixin.py:149} INFO - [2026-09-21T01:26:16.475+0000] {dag.py:2726} INFO - Sync 1 DAGs
[2026-09-21T01:26:16.609+0000] {processor.py:178} INFO - Processing /opt/airflow/dags/6_xcoms.py took 0.251 seconds
[2026-09-21T01:26:46.910+0000] {processor.py:156} INFO - Started process (PID=4943) to work on /opt/airflow/dags/6_xcoms.py
[2026-09-21T01:26:46.911+0000] {processor.py:799} INFO - Processing file /opt/airflow/dags/6_xcoms.py for tasks to queue
[2026-09-21T01:26:46.913+0000] {logging_mixin.py:149} INFO - [2026-09-21T01:26:46.912+0000] {dagbag.py:541} INFO - Filling up the DagBag from /opt/airflow/dags/6_xcoms.py
[2026-09-21T01:26:46.935+0000] {processor.py:809} INFO - DAG(s) dict_keys(['6-XCom']) retrieved from /opt/airflow/dags/6_xcoms.py
[2026-09-21T01:26:47.017+0000] {logging_mixin.py:149} INFO - [2026-09-21T01:26:47.017+0000] {dag.py:2726} INFO - Sync 1 DAGs
[2026-09-21T01:26:47.126+0000] {processor.py:178} INFO - Processing /opt/airflow/dags/6_xcoms.py took 0.222 seconds
[2026-09-21T01:27:17.921+0000] {processor.py:156} INFO - Started process (PID=4953) to work on /opt/airflow/dags/6_xcoms.py
[2026-09-21T01:27:17.926+0000] {processor.py:799} INFO - Processing file /opt/airflow/dags/6_xcoms.py for tasks to queue
[2026-09-21T01:27:17.927+0000] {logging_mixin.py:149} INFO - [2026-09-21T01:27:17.927+0000] {dagbag.py:541} INFO - Filling up the DagBag from /opt/airflow/dags/6_xcoms.py
[2026-09-21T01:27:17.979+0000] {processor.py:809} INFO - DAG(s) dict_keys(['6-XCom']) retrieved from /opt/airflow/dags/6_xcoms.py
[2026-09-21T01:27:18.083+0000] {logging_mixin.py:149} INFO - [2026-09-21T01:27:18.083+0000] {dag.py:2726} INFO - Sync 1 DAGs
[2026-09-21T01:27:18.187+0000] {processor.py:178} INFO - Processing /opt/airflow/dags/6_xcoms.py took 0.279 seconds
[2026-09-21T01:27:48.570+0000] {processor.py:156} INFO - Started process (PID=4963) to work on /opt/airflow/dags/6_xcoms.py
[2026-09-21T01:27:48.573+0000] {processor.py:799} INFO - Processing file /opt/airflow/dags/6_xcoms.py for tasks to queue
[2026-09-21T01:27:48.574+0000] {logging_mixin.py:149} INFO - [2026-09-21T01:27:48.574+0000] {dagbag.py:541} INFO - Filling up the DagBag from /opt/airflow/dags/6_xcoms.py
[2026-09-21T01:27:48.598+0000] {processor.py:809} INFO - DAG(s) dict_keys(['6-XCom']) retrieved from /opt/airflow/dags/6_xcoms.py
[2026-09-21T01:27:48.658+0000] {logging_mixin.py:149} INFO - [2026-09-21T01:27:48.657+0000] {dag.py:2726} INFO - Sync 1 DAGs
[2026-09-21T01:27:48.740+0000] {processor.py:178} INFO - Processing /opt/airflow/dags/6_xcoms.py took 0.176 seconds
[2026-09-21T01:28:19.495+0000] {processor.py:156} INFO - Started process (PID=4973) to work on /opt/airflow/dags/6_xcoms.py
[2026-09-21T01:28:19.500+0000] {processor.py:799} INFO - Processing file /opt/airflow/dags/6_xcoms.py for tasks to queue
[2026-09-21T01:28:19.502+0000] {logging_mixin.py:149} INFO - [2026-09-21T01:28:19.501+0000] {dagbag.py:541} INFO - Filling up the DagBag from /opt/airflow/dags/6_xcoms.py
[2026-09-21T01:28:19.534+0000] {processor.py:809} INFO - DAG(s) dict_keys(['6-XCom']) retrieved from /opt/airflow/dags/6_xcoms.py
[2026-09-21T01:28:19.591+0000] {logging_mixin.py:149} INFO - [2026-09-21T01:28:19.591+0000] {dag.py:2726} INFO - Sync 1 DAGs
[2026-09-21T01:28:19.688+0000] {processor.py:178} INFO - Processing /opt/airflow/dags/6_xcoms.py took 0.207 seconds
[2026-09-21T01:28:49.859+0000] {processor.py:156} INFO - Started process (PID=4983) to work on /opt/airflow/dags/6_xcoms.py
[2026-09-21T01:28:49.863+0000] {processor.py:799} INFO - Processing file /opt/airflow/dags/6_xcoms.py for tasks to queue
[2026-09-21T01:28:49.868+0000] {logging_mixin.py:149} INFO - [2026-09-21T01:28:49.868+0000] {dagbag.py:541} INFO - Filling up the DagBag from /opt/airflow/dags/6_xcoms.py
[2026-09-21T01:28:49.917+0000] {processor.py:809} INFO - DAG(s) dict_keys(['6-XCom']) retrieved from /opt/airflow/dags/6_xcoms.py
[2026-09-21T01:28:50.019+0000] {logging_mixin.py:149} INFO - [2026-09-21T01:28:50.019+0000] {dag.py:2726} INFO - Sync 1 DAGs
[2026-09-21T01:28:50.117+0000] {processor.py:178} INFO - Processing /opt/airflow/dags/6_xcoms.py took 0.299 seconds
[2026-09-21T01:29:20.291+0000] {processor.py:156} INFO - Started process (PID=4993) to work on /opt/airflow/dags/6_xcoms.py
[2026-09-21T01:29:20.293+0000] {processor.py:799} INFO - Processing file /opt/airflow/dags/6_xcoms.py for tasks to queue
[2026-09-21T01:29:20.295+0000] {logging_mixin.py:149} INFO - [2026-09-21T01:29:20.295+0000] {dagbag.py:541} INFO - Filling up the DagBag from /opt/airflow/dags/6_xcoms.py
[2026-09-21T01:29:20.332+0000] {processor.py:809} INFO - DAG(s) dict_keys(['6-XCom']) retrieved from /opt/airflow/dags/6_xcoms.py
[2026-09-21T01:29:20.414+0000] {logging_mixin.py:149} INFO - [2026-09-21T01:29:20.414+0000] {dag.py:2726} INFO - Sync 1 DAGs
[2026-09-21T01:29:20.523+0000] {processor.py:178} INFO - Processing /opt/airflow/dags/6_xcoms.py took 0.248 seconds
[2026-09-21T01:29:50.694+0000] {processor.py:156} INFO - Started process (PID=5003) to work on /opt/airflow/dags/6_xcoms.py
[2026-09-21T01:29:50.696+0000] {processor.py:799} INFO - Processing file /opt/airflow/dags/6_xcoms.py for tasks to queue
[2026-09-21T01:29:50.696+0000] {logging_mixin.py:149} INFO - [2026-09-21T01:29:50.696+0000] {dagbag.py:541} INFO - Filling up the DagBag from /opt/airflow/dags/6_xcoms.py
[2026-09-21T01:29:50.716+0000] {processor.py:809} INFO - DAG(s) dict_keys(['6-XCom']) retrieved from /opt/airflow/dags/6_xcoms.py
[2026-09-21T01:29:50.760+0000] {logging_mixin.py:149} INFO - [2026-09-21T01:29:50.760+0000] {dag.py:2726} INFO - Sync 1 DAGs
[2026-09-21T01:29:50.831+0000] {processor.py:178} INFO - Processing /opt/airflow/dags/6_xcoms.py took 0.142 seconds
[2026-09-21T01:30:21.000+0000] {processor.py:156} INFO - Started process (PID=5013) to work on /opt/airflow/dags/6_xcoms.py
[2026-09-21T01:30:21.003+0000] {processor.py:799} INFO - Processing file /opt/airflow/dags/6_xcoms.py for tasks to queue
[2026-09-21T01:30:21.004+0000] {logging_mixin.py:149} INFO - [2026-09-21T01:30:21.004+0000] {dagbag.py:541} INFO - Filling up the DagBag from /opt/airflow/dags/6_xcoms.py
[2026-09-21T01:30:21.023+0000] {processor.py:809} INFO - DAG(s) dict_keys(['6-XCom']) retrieved from /opt/airflow/dags/6_xcoms.py
[2026-09-21T01:30:21.081+0000] {logging_mixin.py:149} INFO - [2026-09-21T01:30:21.081+0000] {dag.py:2726} INFO - Sync 1 DAGs
[2026-09-21T01:30:21.122+0000] {logging_mixin.py:149} INFO - [2026-09-21T01:30:21.122+0000] {dag.py:3490} INFO - Setting next_dagrun for 6-XCom to 2025-11-02T00:00:00+00:00, run_after=2025-11-03T00:00:00+00:00
[2026-09-21T01:30:21.151+0000] {processor.py:178} INFO - Processing /opt/airflow/dags/6_xcoms.py took 0.158 seconds
[2026-09-21T01:30:51.920+0000] {processor.py:156} INFO - Started process (PID=5023) to work on /opt/airflow/dags/6_xcoms.py
[2026-09-21T01:30:51.921+0000] {processor.py:799} INFO - Processing file /opt/airflow/dags/6_xcoms.py for tasks to queue
[2026-09-21T01:30:51.924+0000] {logging_mixin.py:149} INFO - [2026-09-21T01:30:51.923+0000] {dagbag.py:541} INFO - Filling up the DagBag from /opt/airflow/dags/6_xcoms.py
[2026-09-21T01:30:51.976+0000] {processor.py:809} INFO - DAG(s) dict_keys(['6-XCom']) retrieved from /opt/airflow/dags/6_xcoms.py
[2026-09-21T01:30:52.041+0000] {logging_mixin.py:149} INFO - [2026-09-21T01:30:52.041+0000] {dag.py:2726} INFO - Sync 1 DAGs
[2026-09-21T01:30:52.139+0000] {processor.py:178} INFO - Processing /opt/airflow/dags/6_xcoms.py took 0.228 seconds
[2026-09-21T01:31:22.351+0000] {processor.py:156} INFO - Started process (PID=5033) to work on /opt/airflow/dags/6_xcoms.py
[2026-09-21T01:31:22.353+0000] {processor.py:799} INFO - Processing file /opt/airflow/dags/6_xcoms.py for tasks to queue
[2026-09-21T01:31:22.354+0000] {logging_mixin.py:149} INFO - [2026-09-21T01:31:22.354+0000] {dagbag.py:541} INFO - Filling up the DagBag from /opt/airflow/dags/6_xcoms.py
[2026-09-21T01:31:22.377+0000] {processor.py:809} INFO - DAG(s) dict_keys(['6-XCom']) retrieved from /opt/airflow/dags/6_xcoms.py
[2026-09-21T01:31:22.458+0000] {logging_mixin.py:149} INFO - [2026-09-21T01:31:22.456+0000] {dag.py:2726} INFO - Sync 1 DAGs
[2026-09-21T01:31:22.575+0000] {processor.py:178} INFO - Processing /opt/airflow/dags/6_xcoms.py took 0.231 seconds
[2026-09-21T01:31:52.754+0000] {processor.py:156} INFO - Started process (PID=5043) to work on /opt/airflow/dags/6_xcoms.py
[2026-09-21T01:31:52.757+0000] {processor.py:799} INFO - Processing file /opt/airflow/dags/6_xcoms.py for tasks to queue
[2026-09-21T01:31:52.758+0000] {logging_mixin.py:149} INFO - [2026-09-21T01:31:52.758+0000] {dagbag.py:541} INFO - Filling up the DagBag from /opt/airflow/dags/6_xcoms.py
[2026-09-21T01:31:52.785+0000] {processor.py:809} INFO - DAG(s) dict_keys(['6-XCom']) retrieved from /opt/airflow/dags/6_xcoms.py
[2026-09-21T01:31:52.851+0000] {logging_mixin.py:149} INFO - [2026-09-21T01:31:52.851+0000] {dag.py:2726} INFO - Sync 1 DAGs
[2026-09-21T01:31:52.937+0000] {processor.py:178} INFO - Processing /opt/airflow/dags/6_xcoms.py took 0.189 seconds
[2026-09-21T01:32:23.053+0000] {processor.py:156} INFO - Started process (PID=5053) to work on /opt/airflow/dags/6_xcoms.py
[2026-09-21T01:32:23.070+0000] {processor.py:799} INFO - Processing file /opt/airflow/dags/6_xcoms.py for tasks to queue
[2026-09-21T01:32:23.072+0000] {logging_mixin.py:149} INFO - [2026-09-21T01:32:23.072+0000] {dagbag.py:541} INFO - Filling up the DagBag from /opt/airflow/dags/6_xcoms.py
[2026-09-21T01:32:23.161+0000] {processor.py:809} INFO - DAG(s) dict_keys(['6-XCom']) retrieved from /opt/airflow/dags/6_xcoms.py
[2026-09-21T01:32:23.249+0000] {logging_mixin.py:149} INFO - [2026-09-21T01:32:23.248+0000] {dag.py:2726} INFO - Sync 1 DAGs
[2026-09-21T01:32:23.370+0000] {processor.py:178} INFO - Processing /opt/airflow/dags/6_xcoms.py took 0.323 seconds
[2026-09-21T01:32:53.574+0000] {processor.py:156} INFO - Started process (PID=5063) to work on /opt/airflow/dags/6_xcoms.py
[2026-09-21T01:32:53.575+0000] {processor.py:799} INFO - Processing file /opt/airflow/dags/6_xcoms.py for tasks to queue
[2026-09-21T01:32:53.579+0000] {logging_mixin.py:149} INFO - [2026-09-21T01:32:53.577+0000] {dagbag.py:541} INFO - Filling up the DagBag from /opt/airflow/dags/6_xcoms.py
[2026-09-21T01:32:53.621+0000] {processor.py:809} INFO - DAG(s) dict_keys(['6-XCom']) retrieved from /opt/airflow/dags/6_xcoms.py
[2026-09-21T01:32:53.679+0000] {logging_mixin.py:149} INFO - [2026-09-21T01:32:53.679+0000] {dag.py:2726} INFO - Sync 1 DAGs
[2026-09-21T01:32:53.782+0000] {processor.py:178} INFO - Processing /opt/airflow/dags/6_xcoms.py took 0.221 seconds
[2026-09-21T01:33:24.476+0000] {processor.py:156} INFO - Started process (PID=5073) to work on /opt/airflow/dags/6_xcoms.py
[2026-09-21T01:33:24.480+0000] {processor.py:799} INFO - Processing file /opt/airflow/dags/6_xcoms.py for tasks to queue
[2026-09-21T01:33:24.481+0000] {logging_mixin.py:149} INFO - [2026-09-21T01:33:24.481+0000] {dagbag.py:541} INFO - Filling up the DagBag from /opt/airflow/dags/6_xcoms.py
[2026-09-21T01:33:24.541+0000] {processor.py:809} INFO - DAG(s) dict_keys(['6-XCom']) retrieved from /opt/airflow/dags/6_xcoms.py
[2026-09-21T01:33:24.634+0000] {logging_mixin.py:149} INFO - [2026-09-21T01:33:24.633+0000] {dag.py:2726} INFO - Sync 1 DAGs
[2026-09-21T01:33:24.781+0000] {processor.py:178} INFO - Processing /opt/airflow/dags/6_xcoms.py took 0.342 seconds
[2026-09-21T01:33:55.021+0000] {processor.py:156} INFO - Started process (PID=5083) to work on /opt/airflow/dags/6_xcoms.py
[2026-09-21T01:33:55.022+0000] {processor.py:799} INFO - Processing file /opt/airflow/dags/6_xcoms.py for tasks to queue
[2026-09-21T01:33:55.024+0000] {logging_mixin.py:149} INFO - [2026-09-21T01:33:55.023+0000] {dagbag.py:541} INFO - Filling up the DagBag from /opt/airflow/dags/6_xcoms.py
[2026-09-21T01:33:55.045+0000] {processor.py:809} INFO - DAG(s) dict_keys(['6-XCom']) retrieved from /opt/airflow/dags/6_xcoms.py
[2026-09-21T01:33:55.097+0000] {logging_mixin.py:149} INFO - [2026-09-21T01:33:55.097+0000] {dag.py:2726} INFO - Sync 1 DAGs
[2026-09-21T01:33:55.173+0000] {processor.py:178} INFO - Processing /opt/airflow/dags/6_xcoms.py took 0.158 seconds
[2026-09-21T01:34:25.439+0000] {processor.py:156} INFO - Started process (PID=5093) to work on /opt/airflow/dags/6_xcoms.py
[2026-09-21T01:34:25.442+0000] {processor.py:799} INFO - Processing file /opt/airflow/dags/6_xcoms.py for tasks to queue
[2026-09-21T01:34:25.443+0000] {logging_mixin.py:149} INFO - [2026-09-21T01:34:25.443+0000] {dagbag.py:541} INFO - Filling up the DagBag from /opt/airflow/dags/6_xcoms.py
[2026-09-21T01:34:25.465+0000] {processor.py:809} INFO - DAG(s) dict_keys(['6-XCom']) retrieved from /opt/airflow/dags/6_xcoms.py
[2026-09-21T01:34:25.548+0000] {logging_mixin.py:149} INFO - [2026-09-21T01:34:25.548+0000] {dag.py:2726} INFO - Sync 1 DAGs
[2026-09-21T01:34:25.652+0000] {processor.py:178} INFO - Processing /opt/airflow/dags/6_xcoms.py took 0.218 seconds
[2026-09-21T01:34:55.740+0000] {processor.py:156} INFO - Started process (PID=5103) to work on /opt/airflow/dags/6_xcoms.py
[2026-09-21T01:34:55.741+0000] {processor.py:799} INFO - Processing file /opt/airflow/dags/6_xcoms.py for tasks to queue
[2026-09-21T01:34:55.742+0000] {logging_mixin.py:149} INFO - [2026-09-21T01:34:55.742+0000] {dagbag.py:541} INFO - Filling up the DagBag from /opt/airflow/dags/6_xcoms.py
[2026-09-21T01:34:55.763+0000] {processor.py:809} INFO - DAG(s) dict_keys(['6-XCom']) retrieved from /opt/airflow/dags/6_xcoms.py
[2026-09-21T01:34:55.814+0000] {logging_mixin.py:149} INFO - [2026-09-21T01:34:55.814+0000] {dag.py:2726} INFO - Sync 1 DAGs
[2026-09-21T01:34:55.892+0000] {processor.py:178} INFO - Processing /opt/airflow/dags/6_xcoms.py took 0.160 seconds
[2026-09-21T01:35:26.107+0000] {processor.py:156} INFO - Started process (PID=5113) to work on /opt/airflow/dags/6_xcoms.py
[2026-09-21T01:35:26.111+0000] {processor.py:799} INFO - Processing file /opt/airflow/dags/6_xcoms.py for tasks to queue
[2026-09-21T01:35:26.113+0000] {logging_mixin.py:149} INFO - [2026-09-21T01:35:26.112+0000] {dagbag.py:541} INFO - Filling up the DagBag from /opt/airflow/dags/6_xcoms.py
[2026-09-21T01:35:26.139+0000] {processor.py:809} INFO - DAG(s) dict_keys(['6-XCom']) retrieved from /opt/airflow/dags/6_xcoms.py
[2026-09-21T01:35:26.196+0000] {logging_mixin.py:149} INFO - [2026-09-21T01:35:26.196+0000] {dag.py:2726} INFO - Sync 1 DAGs
[2026-09-21T01:35:26.289+0000] {processor.py:178} INFO - Processing /opt/airflow/dags/6_xcoms.py took 0.190 seconds
[2026-09-21T01:35:56.395+0000] {processor.py:156} INFO - Started process (PID=5123) to work on /opt/airflow/dags/6_xcoms.py
[2026-09-21T01:35:56.397+0000] {processor.py:799} INFO - Processing file /opt/airflow/dags/6_xcoms.py for tasks to queue
[2026-09-21T01:35:56.399+0000] {logging_mixin.py:149} INFO - [2026-09-21T01:35:56.399+0000] {dagbag.py:541} INFO - Filling up the DagBag from /opt/airflow/dags/6_xcoms.py
[2026-09-21T01:35:56.438+0000] {processor.py:809} INFO - DAG(s) dict_keys(['6-XCom']) retrieved from /opt/airflow/dags/6_xcoms.py
[2026-09-21T01:35:56.504+0000] {logging_mixin.py:149} INFO - [2026-09-21T01:35:56.504+0000] {dag.py:2726} INFO - Sync 1 DAGs
[2026-09-21T01:35:56.604+0000] {processor.py:178} INFO - Processing /opt/airflow/dags/6_xcoms.py took 0.218 seconds
[2026-09-21T01:36:26.672+0000] {processor.py:156} INFO - Started process (PID=5133) to work on /opt/airflow/dags/6_xcoms.py
[2026-09-21T01:36:26.676+0000] {processor.py:799} INFO - Processing file /opt/airflow/dags/6_xcoms.py for tasks to queue
[2026-09-21T01:36:26.677+0000] {logging_mixin.py:149} INFO - [2026-09-21T01:36:26.677+0000] {dagbag.py:541} INFO - Filling up the DagBag from /opt/airflow/dags/6_xcoms.py
[2026-09-21T01:36:26.714+0000] {processor.py:809} INFO - DAG(s) dict_keys(['6-XCom']) retrieved from /opt/airflow/dags/6_xcoms.py
[2026-09-21T01:36:26.831+0000] {logging_mixin.py:149} INFO - [2026-09-21T01:36:26.831+0000] {dag.py:2726} INFO - Sync 1 DAGs
[2026-09-21T01:36:26.976+0000] {processor.py:178} INFO - Processing /opt/airflow/dags/6_xcoms.py took 0.312 seconds
[2026-09-21T01:36:57.100+0000] {processor.py:156} INFO - Started process (PID=5143) to work on /opt/airflow/dags/6_xcoms.py
[2026-09-21T01:36:57.101+0000] {processor.py:799} INFO - Processing file /opt/airflow/dags/6_xcoms.py for tasks to queue
[2026-09-21T01:36:57.103+0000] {logging_mixin.py:149} INFO - [2026-09-21T01:36:57.102+0000] {dagbag.py:541} INFO - Filling up the DagBag from /opt/airflow/dags/6_xcoms.py
[2026-09-21T01:36:57.125+0000] {processor.py:809} INFO - DAG(s) dict_keys(['6-XCom']) retrieved from /opt/airflow/dags/6_xcoms.py
[2026-09-21T01:36:57.192+0000] {logging_mixin.py:149} INFO - [2026-09-21T01:36:57.192+0000] {dag.py:2726} INFO - Sync 1 DAGs
[2026-09-21T01:36:57.284+0000] {processor.py:178} INFO - Processing /opt/airflow/dags/6_xcoms.py took 0.198 seconds
[2026-09-21T01:37:27.408+0000] {processor.py:156} INFO - Started process (PID=5153) to work on /opt/airflow/dags/6_xcoms.py
[2026-09-21T01:37:27.413+0000] {processor.py:799} INFO - Processing file /opt/airflow/dags/6_xcoms.py for tasks to queue
[2026-09-21T01:37:27.414+0000] {logging_mixin.py:149} INFO - [2026-09-21T01:37:27.414+0000] {dagbag.py:541} INFO - Filling up the DagBag from /opt/airflow/dags/6_xcoms.py
[2026-09-21T01:37:27.436+0000] {processor.py:809} INFO - DAG(s) dict_keys(['6-XCom']) retrieved from /opt/airflow/dags/6_xcoms.py
[2026-09-21T01:37:27.490+0000] {logging_mixin.py:149} INFO - [2026-09-21T01:37:27.490+0000] {dag.py:2726} INFO - Sync 1 DAGs
[2026-09-21T01:37:27.559+0000] {processor.py:178} INFO - Processing /opt/airflow/dags/6_xcoms.py took 0.161 seconds
[2026-09-21T01:37:57.654+0000] {processor.py:156} INFO - Started process (PID=5163) to work on /opt/airflow/dags/6_xcoms.py
[2026-09-21T01:37:57.662+0000] {processor.py:799} INFO - Processing file /opt/airflow/dags/6_xcoms.py for tasks to queue
[2026-09-21T01:37:57.663+0000] {logging_mixin.py:149} INFO - [2026-09-21T01:37:57.663+0000] {dagbag.py:541} INFO - Filling up the DagBag from /opt/airflow/dags/6_xcoms.py
[2026-09-21T01:37:57.690+0000] {processor.py:809} INFO - DAG(s) dict_keys(['6-XCom']) retrieved from /opt/airflow/dags/6_xcoms.py
[2026-09-21T01:37:57.764+0000] {logging_mixin.py:149} INFO - [2026-09-21T01:37:57.763+0000] {dag.py:2726} INFO - Sync 1 DAGs
[2026-09-21T01:37:57.934+0000] {processor.py:178} INFO - Processing /opt/airflow/dags/6_xcoms.py took 0.294 seconds
[2026-09-21T01:38:28.034+0000] {processor.py:156} INFO - Started process (PID=5173) to work on /opt/airflow/dags/6_xcoms.py
[2026-09-21T01:38:28.036+0000] {processor.py:799} INFO - Processing file /opt/airflow/dags/6_xcoms.py for tasks to queue
[2026-09-21T01:38:28.038+0000] {logging_mixin.py:149} INFO - [2026-09-21T01:38:28.037+0000] {dagbag.py:541} INFO - Filling up the DagBag from /opt/airflow/dags/6_xcoms.py
[2026-09-21T01:38:28.074+0000] {processor.py:809} INFO - DAG(s) dict_keys(['6-XCom']) retrieved from /opt/airflow/dags/6_xcoms.py
[2026-09-21T01:38:28.129+0000] {logging_mixin.py:149} INFO - [2026-09-21T01:38:28.129+0000] {dag.py:2726} INFO - Sync 1 DAGs
[2026-09-21T01:38:28.215+0000] {processor.py:178} INFO - Processing /opt/airflow/dags/6_xcoms.py took 0.188 seconds
[2026-09-21T01:38:58.309+0000] {processor.py:156} INFO - Started process (PID=5183) to work on /opt/airflow/dags/6_xcoms.py
[2026-09-21T01:38:58.311+0000] {processor.py:799} INFO - Processing file /opt/airflow/dags/6_xcoms.py for tasks to queue
[2026-09-21T01:38:58.312+0000] {logging_mixin.py:149} INFO - [2026-09-21T01:38:58.312+0000] {dagbag.py:541} INFO - Filling up the DagBag from /opt/airflow/dags/6_xcoms.py
[2026-09-21T01:38:58.359+0000] {processor.py:809} INFO - DAG(s) dict_keys(['6-XCom']) retrieved from /opt/airflow/dags/6_xcoms.py
[2026-09-21T01:38:58.448+0000] {logging_mixin.py:149} INFO - [2026-09-21T01:38:58.448+0000] {dag.py:2726} INFO - Sync 1 DAGs
[2026-09-21T01:38:58.568+0000] {processor.py:178} INFO - Processing /opt/airflow/dags/6_xcoms.py took 0.265 seconds
[2026-09-21T01:39:28.741+0000] {processor.py:156} INFO - Started process (PID=5193) to work on /opt/airflow/dags/6_xcoms.py
[2026-09-21T01:39:28.748+0000] {processor.py:799} INFO - Processing file /opt/airflow/dags/6_xcoms.py for tasks to queue
[2026-09-21T01:39:28.751+0000] {logging_mixin.py:149} INFO - [2026-09-21T01:39:28.750+0000] {dagbag.py:541} INFO - Filling up the DagBag from /opt/airflow/dags/6_xcoms.py
[2026-09-21T01:39:28.786+0000] {processor.py:809} INFO - DAG(s) dict_keys(['6-XCom']) retrieved from /opt/airflow/dags/6_xcoms.py
[2026-09-21T01:39:28.977+0000] {logging_mixin.py:149} INFO - [2026-09-21T01:39:28.977+0000] {dag.py:2726} INFO - Sync 1 DAGs
[2026-09-21T01:39:29.184+0000] {processor.py:178} INFO - Processing /opt/airflow/dags/6_xcoms.py took 0.458 seconds
[2026-09-21T01:40:00.082+0000] {processor.py:156} INFO - Started process (PID=5203) to work on /opt/airflow/dags/6_xcoms.py
[2026-09-21T01:40:00.084+0000] {processor.py:799} INFO - Processing file /opt/airflow/dags/6_xcoms.py for tasks to queue
[2026-09-21T01:40:00.084+0000] {logging_mixin.py:149} INFO - [2026-09-21T01:40:00.084+0000] {dagbag.py:541} INFO - Filling up the DagBag from /opt/airflow/dags/6_xcoms.py
[2026-09-21T01:40:00.102+0000] {processor.py:809} INFO - DAG(s) dict_keys(['6-XCom']) retrieved from /opt/airflow/dags/6_xcoms.py
[2026-09-21T01:40:00.139+0000] {logging_mixin.py:149} INFO - [2026-09-21T01:40:00.139+0000] {dag.py:2726} INFO - Sync 1 DAGs
[2026-09-21T01:40:00.195+0000] {processor.py:178} INFO - Processing /opt/airflow/dags/6_xcoms.py took 0.118 seconds
[2026-09-21T01:40:30.724+0000] {processor.py:156} INFO - Started process (PID=5215) to work on /opt/airflow/dags/6_xcoms.py
[2026-09-21T01:40:30.727+0000] {processor.py:799} INFO - Processing file /opt/airflow/dags/6_xcoms.py for tasks to queue
[2026-09-21T01:40:30.728+0000] {logging_mixin.py:149} INFO - [2026-09-21T01:40:30.727+0000] {dagbag.py:541} INFO - Filling up the DagBag from /opt/airflow/dags/6_xcoms.py
[2026-09-21T01:40:30.749+0000] {processor.py:809} INFO - DAG(s) dict_keys(['6-XCom']) retrieved from /opt/airflow/dags/6_xcoms.py
[2026-09-21T01:40:30.792+0000] {logging_mixin.py:149} INFO - [2026-09-21T01:40:30.791+0000] {dag.py:2726} INFO - Sync 1 DAGs
[2026-09-21T01:40:30.863+0000] {processor.py:178} INFO - Processing /opt/airflow/dags/6_xcoms.py took 0.146 seconds
[2026-09-21T01:42:33.114+0000] {processor.py:156} INFO - Started process (PID=30) to work on /opt/airflow/dags/6_xcoms.py
[2026-09-21T01:42:33.124+0000] {processor.py:799} INFO - Processing file /opt/airflow/dags/6_xcoms.py for tasks to queue
[2026-09-21T01:42:33.125+0000] {logging_mixin.py:149} INFO - [2026-09-21T01:42:33.125+0000] {dagbag.py:541} INFO - Filling up the DagBag from /opt/airflow/dags/6_xcoms.py
[2026-09-21T01:42:33.849+0000] {processor.py:809} INFO - DAG(s) dict_keys(['6-XCom']) retrieved from /opt/airflow/dags/6_xcoms.py
[2026-09-21T01:42:34.192+0000] {logging_mixin.py:149} INFO - [2026-09-21T01:42:34.191+0000] {dag.py:2726} INFO - Sync 1 DAGs
[2026-09-21T01:42:34.408+0000] {processor.py:178} INFO - Processing /opt/airflow/dags/6_xcoms.py took 1.315 seconds
[2026-09-21T01:57:37.917+0000] {processor.py:156} INFO - Started process (PID=31) to work on /opt/airflow/dags/6_xcoms.py
[2026-09-21T01:57:37.921+0000] {processor.py:799} INFO - Processing file /opt/airflow/dags/6_xcoms.py for tasks to queue
[2026-09-21T01:57:37.922+0000] {logging_mixin.py:149} INFO - [2026-09-21T01:57:37.922+0000] {dagbag.py:541} INFO - Filling up the DagBag from /opt/airflow/dags/6_xcoms.py
[2026-09-21T01:57:38.389+0000] {processor.py:809} INFO - DAG(s) dict_keys(['6-XCom']) retrieved from /opt/airflow/dags/6_xcoms.py
[2026-09-21T01:57:38.543+0000] {logging_mixin.py:149} INFO - [2026-09-21T01:57:38.542+0000] {dag.py:2726} INFO - Sync 1 DAGs
[2026-09-21T01:57:38.760+0000] {processor.py:178} INFO - Processing /opt/airflow/dags/6_xcoms.py took 0.863 seconds
[2026-09-21T01:58:09.247+0000] {processor.py:156} INFO - Started process (PID=42) to work on /opt/airflow/dags/6_xcoms.py
[2026-09-21T01:58:09.249+0000] {processor.py:799} INFO - Processing file /opt/airflow/dags/6_xcoms.py for tasks to queue
[2026-09-21T01:58:09.250+0000] {logging_mixin.py:149} INFO - [2026-09-21T01:58:09.250+0000] {dagbag.py:541} INFO - Filling up the DagBag from /opt/airflow/dags/6_xcoms.py
[2026-09-21T01:58:09.274+0000] {processor.py:809} INFO - DAG(s) dict_keys(['6-XCom']) retrieved from /opt/airflow/dags/6_xcoms.py
[2026-09-21T01:58:09.407+0000] {logging_mixin.py:149} INFO - [2026-09-21T01:58:09.407+0000] {dag.py:2726} INFO - Sync 1 DAGs
[2026-09-21T01:58:09.493+0000] {processor.py:178} INFO - Processing /opt/airflow/dags/6_xcoms.py took 0.252 seconds
[2026-09-21T01:58:36.699+0000] {processor.py:156} INFO - Started process (PID=55) to work on /opt/airflow/dags/6_xcoms.py
[2026-09-21T01:58:36.703+0000] {processor.py:799} INFO - Processing file /opt/airflow/dags/6_xcoms.py for tasks to queue
[2026-09-21T01:58:36.704+0000] {logging_mixin.py:149} INFO - [2026-09-21T01:58:36.704+0000] {dagbag.py:541} INFO - Filling up the DagBag from /opt/airflow/dags/6_xcoms.py
[2026-09-21T01:58:36.733+0000] {processor.py:809} INFO - DAG(s) dict_keys(['6-XCom']) retrieved from /opt/airflow/dags/6_xcoms.py
[2026-09-21T01:58:36.764+0000] {logging_mixin.py:149} INFO - [2026-09-21T01:58:36.764+0000] {dag.py:2726} INFO - Sync 1 DAGs
[2026-09-21T01:58:36.868+0000] {processor.py:178} INFO - Processing /opt/airflow/dags/6_xcoms.py took 0.179 seconds
[2026-09-21T01:59:07.780+0000] {processor.py:156} INFO - Started process (PID=73) to work on /opt/airflow/dags/6_xcoms.py
[2026-09-21T01:59:07.786+0000] {processor.py:799} INFO - Processing file /opt/airflow/dags/6_xcoms.py for tasks to queue
[2026-09-21T01:59:07.787+0000] {logging_mixin.py:149} INFO - [2026-09-21T01:59:07.787+0000] {dagbag.py:541} INFO - Filling up the DagBag from /opt/airflow/dags/6_xcoms.py
[2026-09-21T01:59:07.800+0000] {processor.py:809} INFO - DAG(s) dict_keys(['6-XCom']) retrieved from /opt/airflow/dags/6_xcoms.py
[2026-09-21T01:59:07.851+0000] {logging_mixin.py:149} INFO - [2026-09-21T01:59:07.850+0000] {dag.py:2726} INFO - Sync 1 DAGs
[2026-09-21T01:59:07.940+0000] {processor.py:178} INFO - Processing /opt/airflow/dags/6_xcoms.py took 0.165 seconds
[2026-09-21T01:59:39.203+0000] {processor.py:156} INFO - Started process (PID=84) to work on /opt/airflow/dags/6_xcoms.py
[2026-09-21T01:59:39.205+0000] {processor.py:799} INFO - Processing file /opt/airflow/dags/6_xcoms.py for tasks to queue
[2026-09-21T01:59:39.206+0000] {logging_mixin.py:149} INFO - [2026-09-21T01:59:39.206+0000] {dagbag.py:541} INFO - Filling up the DagBag from /opt/airflow/dags/6_xcoms.py
[2026-09-21T01:59:39.220+0000] {processor.py:809} INFO - DAG(s) dict_keys(['6-XCom']) retrieved from /opt/airflow/dags/6_xcoms.py
[2026-09-21T01:59:39.286+0000] {logging_mixin.py:149} INFO - [2026-09-21T01:59:39.286+0000] {dag.py:2726} INFO - Sync 1 DAGs
[2026-09-21T01:59:39.357+0000] {processor.py:178} INFO - Processing /opt/airflow/dags/6_xcoms.py took 0.172 seconds
[2026-09-21T02:00:07.917+0000] {processor.py:156} INFO - Started process (PID=104) to work on /opt/airflow/dags/6_xcoms.py
[2026-09-21T02:00:07.919+0000] {processor.py:799} INFO - Processing file /opt/airflow/dags/6_xcoms.py for tasks to queue
[2026-09-21T02:00:07.920+0000] {logging_mixin.py:149} INFO - [2026-09-21T02:00:07.920+0000] {dagbag.py:541} INFO - Filling up the DagBag from /opt/airflow/dags/6_xcoms.py
[2026-09-21T02:00:07.941+0000] {processor.py:809} INFO - DAG(s) dict_keys(['6-XCom']) retrieved from /opt/airflow/dags/6_xcoms.py
[2026-09-21T02:00:08.003+0000] {logging_mixin.py:149} INFO - [2026-09-21T02:00:08.002+0000] {dag.py:2726} INFO - Sync 1 DAGs
[2026-09-21T02:00:08.071+0000] {processor.py:178} INFO - Processing /opt/airflow/dags/6_xcoms.py took 0.160 seconds
[2026-09-21T02:00:38.235+0000] {processor.py:156} INFO - Started process (PID=124) to work on /opt/airflow/dags/6_xcoms.py
[2026-09-21T02:00:38.239+0000] {processor.py:799} INFO - Processing file /opt/airflow/dags/6_xcoms.py for tasks to queue
[2026-09-21T02:00:38.240+0000] {logging_mixin.py:149} INFO - [2026-09-21T02:00:38.240+0000] {dagbag.py:541} INFO - Filling up the DagBag from /opt/airflow/dags/6_xcoms.py
[2026-09-21T02:00:38.270+0000] {processor.py:809} INFO - DAG(s) dict_keys(['6-XCom']) retrieved from /opt/airflow/dags/6_xcoms.py
[2026-09-21T02:00:38.342+0000] {logging_mixin.py:149} INFO - [2026-09-21T02:00:38.341+0000] {dag.py:2726} INFO - Sync 1 DAGs
[2026-09-21T02:00:38.412+0000] {processor.py:178} INFO - Processing /opt/airflow/dags/6_xcoms.py took 0.188 seconds
[2026-09-21T02:01:08.630+0000] {processor.py:156} INFO - Started process (PID=135) to work on /opt/airflow/dags/6_xcoms.py
[2026-09-21T02:01:08.631+0000] {processor.py:799} INFO - Processing file /opt/airflow/dags/6_xcoms.py for tasks to queue
[2026-09-21T02:01:08.632+0000] {logging_mixin.py:149} INFO - [2026-09-21T02:01:08.632+0000] {dagbag.py:541} INFO - Filling up the DagBag from /opt/airflow/dags/6_xcoms.py
[2026-09-21T02:01:08.643+0000] {processor.py:809} INFO - DAG(s) dict_keys(['6-XCom']) retrieved from /opt/airflow/dags/6_xcoms.py
[2026-09-21T02:01:08.723+0000] {logging_mixin.py:149} INFO - [2026-09-21T02:01:08.723+0000] {dag.py:2726} INFO - Sync 1 DAGs
[2026-09-21T02:01:08.844+0000] {processor.py:178} INFO - Processing /opt/airflow/dags/6_xcoms.py took 0.219 seconds
[2026-09-21T02:01:39.848+0000] {processor.py:156} INFO - Started process (PID=149) to work on /opt/airflow/dags/6_xcoms.py
[2026-09-21T02:01:39.851+0000] {processor.py:799} INFO - Processing file /opt/airflow/dags/6_xcoms.py for tasks to queue
[2026-09-21T02:01:39.856+0000] {logging_mixin.py:149} INFO - [2026-09-21T02:01:39.856+0000] {dagbag.py:541} INFO - Filling up the DagBag from /opt/airflow/dags/6_xcoms.py
[2026-09-21T02:01:39.873+0000] {processor.py:809} INFO - DAG(s) dict_keys(['6-XCom']) retrieved from /opt/airflow/dags/6_xcoms.py
[2026-09-21T02:01:39.955+0000] {logging_mixin.py:149} INFO - [2026-09-21T02:01:39.955+0000] {dag.py:2726} INFO - Sync 1 DAGs
[2026-09-21T02:01:40.037+0000] {processor.py:178} INFO - Processing /opt/airflow/dags/6_xcoms.py took 0.195 seconds
[2026-09-21T02:02:10.191+0000] {processor.py:156} INFO - Started process (PID=167) to work on /opt/airflow/dags/6_xcoms.py
[2026-09-21T02:02:10.194+0000] {processor.py:799} INFO - Processing file /opt/airflow/dags/6_xcoms.py for tasks to queue
[2026-09-21T02:02:10.196+0000] {logging_mixin.py:149} INFO - [2026-09-21T02:02:10.196+0000] {dagbag.py:541} INFO - Filling up the DagBag from /opt/airflow/dags/6_xcoms.py
[2026-09-21T02:02:10.209+0000] {processor.py:809} INFO - DAG(s) dict_keys(['6-XCom']) retrieved from /opt/airflow/dags/6_xcoms.py
[2026-09-21T02:02:10.281+0000] {logging_mixin.py:149} INFO - [2026-09-21T02:02:10.280+0000] {dag.py:2726} INFO - Sync 1 DAGs
[2026-09-21T02:02:10.364+0000] {processor.py:178} INFO - Processing /opt/airflow/dags/6_xcoms.py took 0.179 seconds
[2026-09-21T02:02:41.655+0000] {processor.py:156} INFO - Started process (PID=181) to work on /opt/airflow/dags/6_xcoms.py
[2026-09-21T02:02:41.663+0000] {processor.py:799} INFO - Processing file /opt/airflow/dags/6_xcoms.py for tasks to queue
[2026-09-21T02:02:41.665+0000] {logging_mixin.py:149} INFO - [2026-09-21T02:02:41.664+0000] {dagbag.py:541} INFO - Filling up the DagBag from /opt/airflow/dags/6_xcoms.py
[2026-09-21T02:02:41.687+0000] {processor.py:809} INFO - DAG(s) dict_keys(['6-XCom']) retrieved from /opt/airflow/dags/6_xcoms.py
[2026-09-21T02:02:41.757+0000] {logging_mixin.py:149} INFO - [2026-09-21T02:02:41.756+0000] {dag.py:2726} INFO - Sync 1 DAGs
[2026-09-21T02:02:41.829+0000] {processor.py:178} INFO - Processing /opt/airflow/dags/6_xcoms.py took 0.188 seconds
[2026-09-21T02:03:11.935+0000] {processor.py:156} INFO - Started process (PID=192) to work on /opt/airflow/dags/6_xcoms.py
[2026-09-21T02:03:11.937+0000] {processor.py:799} INFO - Processing file /opt/airflow/dags/6_xcoms.py for tasks to queue
[2026-09-21T02:03:11.938+0000] {logging_mixin.py:149} INFO - [2026-09-21T02:03:11.938+0000] {dagbag.py:541} INFO - Filling up the DagBag from /opt/airflow/dags/6_xcoms.py
[2026-09-21T02:03:11.952+0000] {processor.py:809} INFO - DAG(s) dict_keys(['6-XCom']) retrieved from /opt/airflow/dags/6_xcoms.py
[2026-09-21T02:03:12.029+0000] {logging_mixin.py:149} INFO - [2026-09-21T02:03:12.028+0000] {dag.py:2726} INFO - Sync 1 DAGs
[2026-09-21T02:03:12.119+0000] {processor.py:178} INFO - Processing /opt/airflow/dags/6_xcoms.py took 0.192 seconds
[2026-09-21T02:03:42.691+0000] {processor.py:156} INFO - Started process (PID=203) to work on /opt/airflow/dags/6_xcoms.py
[2026-09-21T02:03:42.693+0000] {processor.py:799} INFO - Processing file /opt/airflow/dags/6_xcoms.py for tasks to queue
[2026-09-21T02:03:42.695+0000] {logging_mixin.py:149} INFO - [2026-09-21T02:03:42.694+0000] {dagbag.py:541} INFO - Filling up the DagBag from /opt/airflow/dags/6_xcoms.py
[2026-09-21T02:03:42.711+0000] {processor.py:809} INFO - DAG(s) dict_keys(['6-XCom']) retrieved from /opt/airflow/dags/6_xcoms.py
[2026-09-21T02:03:42.780+0000] {logging_mixin.py:149} INFO - [2026-09-21T02:03:42.780+0000] {dag.py:2726} INFO - Sync 1 DAGs
[2026-09-21T02:03:42.889+0000] {processor.py:178} INFO - Processing /opt/airflow/dags/6_xcoms.py took 0.204 seconds
[2026-09-21T02:04:13.845+0000] {processor.py:156} INFO - Started process (PID=214) to work on /opt/airflow/dags/6_xcoms.py
[2026-09-21T02:04:13.853+0000] {processor.py:799} INFO - Processing file /opt/airflow/dags/6_xcoms.py for tasks to queue
[2026-09-21T02:04:13.855+0000] {logging_mixin.py:149} INFO - [2026-09-21T02:04:13.854+0000] {dagbag.py:541} INFO - Filling up the DagBag from /opt/airflow/dags/6_xcoms.py
[2026-09-21T02:04:13.869+0000] {processor.py:809} INFO - DAG(s) dict_keys(['6-XCom']) retrieved from /opt/airflow/dags/6_xcoms.py
[2026-09-21T02:04:13.938+0000] {logging_mixin.py:149} INFO - [2026-09-21T02:04:13.937+0000] {dag.py:2726} INFO - Sync 1 DAGs
[2026-09-21T02:04:14.016+0000] {processor.py:178} INFO - Processing /opt/airflow/dags/6_xcoms.py took 0.177 seconds
[2026-09-21T02:04:44.460+0000] {processor.py:156} INFO - Started process (PID=225) to work on /opt/airflow/dags/6_xcoms.py
[2026-09-21T02:04:44.462+0000] {processor.py:799} INFO - Processing file /opt/airflow/dags/6_xcoms.py for tasks to queue
[2026-09-21T02:04:44.463+0000] {logging_mixin.py:149} INFO - [2026-09-21T02:04:44.463+0000] {dagbag.py:541} INFO - Filling up the DagBag from /opt/airflow/dags/6_xcoms.py
[2026-09-21T02:04:44.477+0000] {processor.py:809} INFO - DAG(s) dict_keys(['6-XCom']) retrieved from /opt/airflow/dags/6_xcoms.py
[2026-09-21T02:04:44.566+0000] {logging_mixin.py:149} INFO - [2026-09-21T02:04:44.565+0000] {dag.py:2726} INFO - Sync 1 DAGs
[2026-09-21T02:04:44.749+0000] {processor.py:178} INFO - Processing /opt/airflow/dags/6_xcoms.py took 0.314 seconds
[2026-09-21T02:05:14.918+0000] {processor.py:156} INFO - Started process (PID=236) to work on /opt/airflow/dags/6_xcoms.py
[2026-09-21T02:05:14.921+0000] {processor.py:799} INFO - Processing file /opt/airflow/dags/6_xcoms.py for tasks to queue
[2026-09-21T02:05:14.923+0000] {logging_mixin.py:149} INFO - [2026-09-21T02:05:14.922+0000] {dagbag.py:541} INFO - Filling up the DagBag from /opt/airflow/dags/6_xcoms.py
[2026-09-21T02:05:14.938+0000] {processor.py:809} INFO - DAG(s) dict_keys(['6-XCom']) retrieved from /opt/airflow/dags/6_xcoms.py
[2026-09-21T02:05:15.000+0000] {logging_mixin.py:149} INFO - [2026-09-21T02:05:14.999+0000] {dag.py:2726} INFO - Sync 1 DAGs
[2026-09-21T02:05:15.072+0000] {processor.py:178} INFO - Processing /opt/airflow/dags/6_xcoms.py took 0.163 seconds
[2026-09-21T02:05:45.261+0000] {processor.py:156} INFO - Started process (PID=247) to work on /opt/airflow/dags/6_xcoms.py
[2026-09-21T02:05:45.263+0000] {processor.py:799} INFO - Processing file /opt/airflow/dags/6_xcoms.py for tasks to queue
[2026-09-21T02:05:45.265+0000] {logging_mixin.py:149} INFO - [2026-09-21T02:05:45.264+0000] {dagbag.py:541} INFO - Filling up the DagBag from /opt/airflow/dags/6_xcoms.py
[2026-09-21T02:05:45.278+0000] {processor.py:809} INFO - DAG(s) dict_keys(['6-XCom']) retrieved from /opt/airflow/dags/6_xcoms.py
[2026-09-21T02:05:45.339+0000] {logging_mixin.py:149} INFO - [2026-09-21T02:05:45.338+0000] {dag.py:2726} INFO - Sync 1 DAGs
[2026-09-21T02:05:45.420+0000] {processor.py:178} INFO - Processing /opt/airflow/dags/6_xcoms.py took 0.167 seconds
[2026-09-21T02:06:15.538+0000] {processor.py:156} INFO - Started process (PID=258) to work on /opt/airflow/dags/6_xcoms.py
[2026-09-21T02:06:15.539+0000] {processor.py:799} INFO - Processing file /opt/airflow/dags/6_xcoms.py for tasks to queue
[2026-09-21T02:06:15.540+0000] {logging_mixin.py:149} INFO - [2026-09-21T02:06:15.540+0000] {dagbag.py:541} INFO - Filling up the DagBag from /opt/airflow/dags/6_xcoms.py
[2026-09-21T02:06:15.550+0000] {processor.py:809} INFO - DAG(s) dict_keys(['6-XCom']) retrieved from /opt/airflow/dags/6_xcoms.py
[2026-09-21T02:06:15.605+0000] {logging_mixin.py:149} INFO - [2026-09-21T02:06:15.605+0000] {dag.py:2726} INFO - Sync 1 DAGs
[2026-09-21T02:06:15.663+0000] {processor.py:178} INFO - Processing /opt/airflow/dags/6_xcoms.py took 0.130 seconds
[2026-09-21T02:06:46.462+0000] {processor.py:156} INFO - Started process (PID=269) to work on /opt/airflow/dags/6_xcoms.py
[2026-09-21T02:06:46.466+0000] {processor.py:799} INFO - Processing file /opt/airflow/dags/6_xcoms.py for tasks to queue
[2026-09-21T02:06:46.467+0000] {logging_mixin.py:149} INFO - [2026-09-21T02:06:46.467+0000] {dagbag.py:541} INFO - Filling up the DagBag from /opt/airflow/dags/6_xcoms.py
[2026-09-21T02:06:46.481+0000] {processor.py:809} INFO - DAG(s) dict_keys(['6-XCom']) retrieved from /opt/airflow/dags/6_xcoms.py
[2026-09-21T02:06:46.548+0000] {logging_mixin.py:149} INFO - [2026-09-21T02:06:46.548+0000] {dag.py:2726} INFO - Sync 1 DAGs
[2026-09-21T02:06:46.628+0000] {processor.py:178} INFO - Processing /opt/airflow/dags/6_xcoms.py took 0.172 seconds
[2026-09-21T02:07:16.904+0000] {processor.py:156} INFO - Started process (PID=280) to work on /opt/airflow/dags/6_xcoms.py
[2026-09-21T02:07:16.906+0000] {processor.py:799} INFO - Processing file /opt/airflow/dags/6_xcoms.py for tasks to queue
[2026-09-21T02:07:16.907+0000] {logging_mixin.py:149} INFO - [2026-09-21T02:07:16.906+0000] {dagbag.py:541} INFO - Filling up the DagBag from /opt/airflow/dags/6_xcoms.py
[2026-09-21T02:07:16.919+0000] {processor.py:809} INFO - DAG(s) dict_keys(['6-XCom']) retrieved from /opt/airflow/dags/6_xcoms.py
[2026-09-21T02:07:16.978+0000] {logging_mixin.py:149} INFO - [2026-09-21T02:07:16.977+0000] {dag.py:2726} INFO - Sync 1 DAGs
[2026-09-21T02:07:17.080+0000] {processor.py:178} INFO - Processing /opt/airflow/dags/6_xcoms.py took 0.183 seconds
[2026-09-21T02:07:46.706+0000] {processor.py:156} INFO - Started process (PID=293) to work on /opt/airflow/dags/6_xcoms.py
[2026-09-21T02:07:46.710+0000] {processor.py:799} INFO - Processing file /opt/airflow/dags/6_xcoms.py for tasks to queue
[2026-09-21T02:07:46.711+0000] {logging_mixin.py:149} INFO - [2026-09-21T02:07:46.711+0000] {dagbag.py:541} INFO - Filling up the DagBag from /opt/airflow/dags/6_xcoms.py
[2026-09-21T02:07:46.736+0000] {processor.py:809} INFO - DAG(s) dict_keys(['6-XCom']) retrieved from /opt/airflow/dags/6_xcoms.py
[2026-09-21T02:07:46.844+0000] {logging_mixin.py:149} INFO - [2026-09-21T02:07:46.844+0000] {dag.py:2726} INFO - Sync 1 DAGs
[2026-09-21T02:07:46.967+0000] {processor.py:178} INFO - Processing /opt/airflow/dags/6_xcoms.py took 0.273 seconds
[2026-09-21T02:08:17.501+0000] {processor.py:156} INFO - Started process (PID=304) to work on /opt/airflow/dags/6_xcoms.py
[2026-09-21T02:08:17.503+0000] {processor.py:799} INFO - Processing file /opt/airflow/dags/6_xcoms.py for tasks to queue
[2026-09-21T02:08:17.504+0000] {logging_mixin.py:149} INFO - [2026-09-21T02:08:17.504+0000] {dagbag.py:541} INFO - Filling up the DagBag from /opt/airflow/dags/6_xcoms.py
[2026-09-21T02:08:17.517+0000] {processor.py:809} INFO - DAG(s) dict_keys(['6-XCom']) retrieved from /opt/airflow/dags/6_xcoms.py
[2026-09-21T02:08:17.577+0000] {logging_mixin.py:149} INFO - [2026-09-21T02:08:17.577+0000] {dag.py:2726} INFO - Sync 1 DAGs
[2026-09-21T02:08:17.667+0000] {processor.py:178} INFO - Processing /opt/airflow/dags/6_xcoms.py took 0.173 seconds
[2026-09-21T02:08:47.937+0000] {processor.py:156} INFO - Started process (PID=315) to work on /opt/airflow/dags/6_xcoms.py
[2026-09-21T02:08:47.940+0000] {processor.py:799} INFO - Processing file /opt/airflow/dags/6_xcoms.py for tasks to queue
[2026-09-21T02:08:47.942+0000] {logging_mixin.py:149} INFO - [2026-09-21T02:08:47.941+0000] {dagbag.py:541} INFO - Filling up the DagBag from /opt/airflow/dags/6_xcoms.py
[2026-09-21T02:08:47.955+0000] {processor.py:809} INFO - DAG(s) dict_keys(['6-XCom']) retrieved from /opt/airflow/dags/6_xcoms.py
[2026-09-21T02:08:48.028+0000] {logging_mixin.py:149} INFO - [2026-09-21T02:08:48.027+0000] {dag.py:2726} INFO - Sync 1 DAGs
[2026-09-21T02:08:48.099+0000] {processor.py:178} INFO - Processing /opt/airflow/dags/6_xcoms.py took 0.168 seconds
[2026-09-21T02:09:18.640+0000] {processor.py:156} INFO - Started process (PID=326) to work on /opt/airflow/dags/6_xcoms.py
[2026-09-21T02:09:18.642+0000] {processor.py:799} INFO - Processing file /opt/airflow/dags/6_xcoms.py for tasks to queue
[2026-09-21T02:09:18.643+0000] {logging_mixin.py:149} INFO - [2026-09-21T02:09:18.643+0000] {dagbag.py:541} INFO - Filling up the DagBag from /opt/airflow/dags/6_xcoms.py
[2026-09-21T02:09:18.658+0000] {processor.py:809} INFO - DAG(s) dict_keys(['6-XCom']) retrieved from /opt/airflow/dags/6_xcoms.py
[2026-09-21T02:09:18.730+0000] {logging_mixin.py:149} INFO - [2026-09-21T02:09:18.730+0000] {dag.py:2726} INFO - Sync 1 DAGs
[2026-09-21T02:09:18.823+0000] {processor.py:178} INFO - Processing /opt/airflow/dags/6_xcoms.py took 0.196 seconds
[2026-09-21T02:09:49.147+0000] {processor.py:156} INFO - Started process (PID=337) to work on /opt/airflow/dags/6_xcoms.py
[2026-09-21T02:09:49.151+0000] {processor.py:799} INFO - Processing file /opt/airflow/dags/6_xcoms.py for tasks to queue
[2026-09-21T02:09:49.152+0000] {logging_mixin.py:149} INFO - [2026-09-21T02:09:49.152+0000] {dagbag.py:541} INFO - Filling up the DagBag from /opt/airflow/dags/6_xcoms.py
[2026-09-21T02:09:49.166+0000] {processor.py:809} INFO - DAG(s) dict_keys(['6-XCom']) retrieved from /opt/airflow/dags/6_xcoms.py
[2026-09-21T02:09:49.249+0000] {logging_mixin.py:149} INFO - [2026-09-21T02:09:49.249+0000] {dag.py:2726} INFO - Sync 1 DAGs
[2026-09-21T02:09:49.323+0000] {processor.py:178} INFO - Processing /opt/airflow/dags/6_xcoms.py took 0.186 seconds
[2026-09-21T02:10:19.506+0000] {processor.py:156} INFO - Started process (PID=348) to work on /opt/airflow/dags/6_xcoms.py
[2026-09-21T02:10:19.508+0000] {processor.py:799} INFO - Processing file /opt/airflow/dags/6_xcoms.py for tasks to queue
[2026-09-21T02:10:19.510+0000] {logging_mixin.py:149} INFO - [2026-09-21T02:10:19.509+0000] {dagbag.py:541} INFO - Filling up the DagBag from /opt/airflow/dags/6_xcoms.py
[2026-09-21T02:10:19.531+0000] {processor.py:809} INFO - DAG(s) dict_keys(['6-XCom']) retrieved from /opt/airflow/dags/6_xcoms.py
[2026-09-21T02:10:19.607+0000] {logging_mixin.py:149} INFO - [2026-09-21T02:10:19.607+0000] {dag.py:2726} INFO - Sync 1 DAGs
[2026-09-21T02:10:19.694+0000] {processor.py:178} INFO - Processing /opt/airflow/dags/6_xcoms.py took 0.197 seconds
[2026-09-21T02:10:49.964+0000] {processor.py:156} INFO - Started process (PID=359) to work on /opt/airflow/dags/6_xcoms.py
[2026-09-21T02:10:49.969+0000] {processor.py:799} INFO - Processing file /opt/airflow/dags/6_xcoms.py for tasks to queue
[2026-09-21T02:10:49.970+0000] {logging_mixin.py:149} INFO - [2026-09-21T02:10:49.970+0000] {dagbag.py:541} INFO - Filling up the DagBag from /opt/airflow/dags/6_xcoms.py
[2026-09-21T02:10:49.986+0000] {processor.py:809} INFO - DAG(s) dict_keys(['6-XCom']) retrieved from /opt/airflow/dags/6_xcoms.py
[2026-09-21T02:10:50.068+0000] {logging_mixin.py:149} INFO - [2026-09-21T02:10:50.068+0000] {dag.py:2726} INFO - Sync 1 DAGs
[2026-09-21T02:10:50.168+0000] {processor.py:178} INFO - Processing /opt/airflow/dags/6_xcoms.py took 0.216 seconds
[2026-09-21T02:11:20.253+0000] {processor.py:156} INFO - Started process (PID=370) to work on /opt/airflow/dags/6_xcoms.py
[2026-09-21T02:11:20.255+0000] {processor.py:799} INFO - Processing file /opt/airflow/dags/6_xcoms.py for tasks to queue
[2026-09-21T02:11:20.256+0000] {logging_mixin.py:149} INFO - [2026-09-21T02:11:20.256+0000] {dagbag.py:541} INFO - Filling up the DagBag from /opt/airflow/dags/6_xcoms.py
[2026-09-21T02:11:20.269+0000] {processor.py:809} INFO - DAG(s) dict_keys(['6-XCom']) retrieved from /opt/airflow/dags/6_xcoms.py
[2026-09-21T02:11:20.336+0000] {logging_mixin.py:149} INFO - [2026-09-21T02:11:20.335+0000] {dag.py:2726} INFO - Sync 1 DAGs
[2026-09-21T02:11:20.422+0000] {processor.py:178} INFO - Processing /opt/airflow/dags/6_xcoms.py took 0.175 seconds
[2026-09-21T02:11:50.682+0000] {processor.py:156} INFO - Started process (PID=381) to work on /opt/airflow/dags/6_xcoms.py
[2026-09-21T02:11:50.684+0000] {processor.py:799} INFO - Processing file /opt/airflow/dags/6_xcoms.py for tasks to queue
[2026-09-21T02:11:50.685+0000] {logging_mixin.py:149} INFO - [2026-09-21T02:11:50.685+0000] {dagbag.py:541} INFO - Filling up the DagBag from /opt/airflow/dags/6_xcoms.py
[2026-09-21T02:11:50.699+0000] {processor.py:809} INFO - DAG(s) dict_keys(['6-XCom']) retrieved from /opt/airflow/dags/6_xcoms.py
[2026-09-21T02:11:50.763+0000] {logging_mixin.py:149} INFO - [2026-09-21T02:11:50.762+0000] {dag.py:2726} INFO - Sync 1 DAGs
[2026-09-21T02:11:50.853+0000] {processor.py:178} INFO - Processing /opt/airflow/dags/6_xcoms.py took 0.179 seconds
[2026-09-21T02:12:21.207+0000] {processor.py:156} INFO - Started process (PID=392) to work on /opt/airflow/dags/6_xcoms.py
[2026-09-21T02:12:21.209+0000] {processor.py:799} INFO - Processing file /opt/airflow/dags/6_xcoms.py for tasks to queue
[2026-09-21T02:12:21.210+0000] {logging_mixin.py:149} INFO - [2026-09-21T02:12:21.210+0000] {dagbag.py:541} INFO - Filling up the DagBag from /opt/airflow/dags/6_xcoms.py
[2026-09-21T02:12:21.224+0000] {processor.py:809} INFO - DAG(s) dict_keys(['6-XCom']) retrieved from /opt/airflow/dags/6_xcoms.py
[2026-09-21T02:12:21.293+0000] {logging_mixin.py:149} INFO - [2026-09-21T02:12:21.293+0000] {dag.py:2726} INFO - Sync 1 DAGs
[2026-09-21T02:12:21.385+0000] {processor.py:178} INFO - Processing /opt/airflow/dags/6_xcoms.py took 0.187 seconds
[2026-09-21T02:12:51.575+0000] {processor.py:156} INFO - Started process (PID=403) to work on /opt/airflow/dags/6_xcoms.py
[2026-09-21T02:12:51.576+0000] {processor.py:799} INFO - Processing file /opt/airflow/dags/6_xcoms.py for tasks to queue
[2026-09-21T02:12:51.578+0000] {logging_mixin.py:149} INFO - [2026-09-21T02:12:51.577+0000] {dagbag.py:541} INFO - Filling up the DagBag from /opt/airflow/dags/6_xcoms.py
[2026-09-21T02:12:51.588+0000] {processor.py:809} INFO - DAG(s) dict_keys(['6-XCom']) retrieved from /opt/airflow/dags/6_xcoms.py
[2026-09-21T02:12:51.636+0000] {logging_mixin.py:149} INFO - [2026-09-21T02:12:51.635+0000] {dag.py:2726} INFO - Sync 1 DAGs
[2026-09-21T02:12:51.698+0000] {processor.py:178} INFO - Processing /opt/airflow/dags/6_xcoms.py took 0.130 seconds
[2026-09-21T02:13:21.894+0000] {processor.py:156} INFO - Started process (PID=414) to work on /opt/airflow/dags/6_xcoms.py
[2026-09-21T02:13:21.897+0000] {processor.py:799} INFO - Processing file /opt/airflow/dags/6_xcoms.py for tasks to queue
[2026-09-21T02:13:21.898+0000] {logging_mixin.py:149} INFO - [2026-09-21T02:13:21.898+0000] {dagbag.py:541} INFO - Filling up the DagBag from /opt/airflow/dags/6_xcoms.py
[2026-09-21T02:13:21.911+0000] {processor.py:809} INFO - DAG(s) dict_keys(['6-XCom']) retrieved from /opt/airflow/dags/6_xcoms.py
[2026-09-21T02:13:21.972+0000] {logging_mixin.py:149} INFO - [2026-09-21T02:13:21.971+0000] {dag.py:2726} INFO - Sync 1 DAGs
[2026-09-21T02:13:22.058+0000] {processor.py:178} INFO - Processing /opt/airflow/dags/6_xcoms.py took 0.171 seconds
[2026-09-21T02:13:53.048+0000] {processor.py:156} INFO - Started process (PID=425) to work on /opt/airflow/dags/6_xcoms.py
[2026-09-21T02:13:53.050+0000] {processor.py:799} INFO - Processing file /opt/airflow/dags/6_xcoms.py for tasks to queue
[2026-09-21T02:13:53.050+0000] {logging_mixin.py:149} INFO - [2026-09-21T02:13:53.050+0000] {dagbag.py:541} INFO - Filling up the DagBag from /opt/airflow/dags/6_xcoms.py
[2026-09-21T02:13:53.063+0000] {processor.py:809} INFO - DAG(s) dict_keys(['6-XCom']) retrieved from /opt/airflow/dags/6_xcoms.py
[2026-09-21T02:13:53.109+0000] {logging_mixin.py:149} INFO - [2026-09-21T02:13:53.109+0000] {dag.py:2726} INFO - Sync 1 DAGs
[2026-09-21T02:13:53.173+0000] {processor.py:178} INFO - Processing /opt/airflow/dags/6_xcoms.py took 0.130 seconds
[2026-09-21T02:14:23.438+0000] {processor.py:156} INFO - Started process (PID=436) to work on /opt/airflow/dags/6_xcoms.py
[2026-09-21T02:14:23.440+0000] {processor.py:799} INFO - Processing file /opt/airflow/dags/6_xcoms.py for tasks to queue
[2026-09-21T02:14:23.441+0000] {logging_mixin.py:149} INFO - [2026-09-21T02:14:23.440+0000] {dagbag.py:541} INFO - Filling up the DagBag from /opt/airflow/dags/6_xcoms.py
[2026-09-21T02:14:23.462+0000] {processor.py:809} INFO - DAG(s) dict_keys(['6-XCom']) retrieved from /opt/airflow/dags/6_xcoms.py
[2026-09-21T02:14:23.537+0000] {logging_mixin.py:149} INFO - [2026-09-21T02:14:23.537+0000] {dag.py:2726} INFO - Sync 1 DAGs
[2026-09-21T02:14:23.614+0000] {processor.py:178} INFO - Processing /opt/airflow/dags/6_xcoms.py took 0.188 seconds
[2026-09-21T02:14:53.865+0000] {processor.py:156} INFO - Started process (PID=447) to work on /opt/airflow/dags/6_xcoms.py
[2026-09-21T02:14:53.868+0000] {processor.py:799} INFO - Processing file /opt/airflow/dags/6_xcoms.py for tasks to queue
[2026-09-21T02:14:53.869+0000] {logging_mixin.py:149} INFO - [2026-09-21T02:14:53.869+0000] {dagbag.py:541} INFO - Filling up the DagBag from /opt/airflow/dags/6_xcoms.py
[2026-09-21T02:14:53.881+0000] {processor.py:809} INFO - DAG(s) dict_keys(['6-XCom']) retrieved from /opt/airflow/dags/6_xcoms.py
[2026-09-21T02:14:53.939+0000] {logging_mixin.py:149} INFO - [2026-09-21T02:14:53.939+0000] {dag.py:2726} INFO - Sync 1 DAGs
[2026-09-21T02:14:54.030+0000] {processor.py:178} INFO - Processing /opt/airflow/dags/6_xcoms.py took 0.176 seconds
[2026-09-21T02:15:24.199+0000] {processor.py:156} INFO - Started process (PID=458) to work on /opt/airflow/dags/6_xcoms.py
[2026-09-21T02:15:24.201+0000] {processor.py:799} INFO - Processing file /opt/airflow/dags/6_xcoms.py for tasks to queue
[2026-09-21T02:15:24.203+0000] {logging_mixin.py:149} INFO - [2026-09-21T02:15:24.203+0000] {dagbag.py:541} INFO - Filling up the DagBag from /opt/airflow/dags/6_xcoms.py
[2026-09-21T02:15:24.217+0000] {processor.py:809} INFO - DAG(s) dict_keys(['6-XCom']) retrieved from /opt/airflow/dags/6_xcoms.py
[2026-09-21T02:15:24.275+0000] {logging_mixin.py:149} INFO - [2026-09-21T02:15:24.275+0000] {dag.py:2726} INFO - Sync 1 DAGs
[2026-09-21T02:15:24.361+0000] {processor.py:178} INFO - Processing /opt/airflow/dags/6_xcoms.py took 0.168 seconds
[2026-09-21T02:15:54.585+0000] {processor.py:156} INFO - Started process (PID=469) to work on /opt/airflow/dags/6_xcoms.py
[2026-09-21T02:15:54.590+0000] {processor.py:799} INFO - Processing file /opt/airflow/dags/6_xcoms.py for tasks to queue
[2026-09-21T02:15:54.591+0000] {logging_mixin.py:149} INFO - [2026-09-21T02:15:54.591+0000] {dagbag.py:541} INFO - Filling up the DagBag from /opt/airflow/dags/6_xcoms.py
[2026-09-21T02:15:54.610+0000] {processor.py:809} INFO - DAG(s) dict_keys(['6-XCom']) retrieved from /opt/airflow/dags/6_xcoms.py
[2026-09-21T02:15:54.677+0000] {logging_mixin.py:149} INFO - [2026-09-21T02:15:54.676+0000] {dag.py:2726} INFO - Sync 1 DAGs
[2026-09-21T02:15:54.787+0000] {processor.py:178} INFO - Processing /opt/airflow/dags/6_xcoms.py took 0.213 seconds
[2026-09-21T02:16:25.030+0000] {processor.py:156} INFO - Started process (PID=480) to work on /opt/airflow/dags/6_xcoms.py
[2026-09-21T02:16:25.032+0000] {processor.py:799} INFO - Processing file /opt/airflow/dags/6_xcoms.py for tasks to queue
[2026-09-21T02:16:25.033+0000] {logging_mixin.py:149} INFO - [2026-09-21T02:16:25.033+0000] {dagbag.py:541} INFO - Filling up the DagBag from /opt/airflow/dags/6_xcoms.py
[2026-09-21T02:16:25.046+0000] {processor.py:809} INFO - DAG(s) dict_keys(['6-XCom']) retrieved from /opt/airflow/dags/6_xcoms.py
[2026-09-21T02:16:25.130+0000] {logging_mixin.py:149} INFO - [2026-09-21T02:16:25.130+0000] {dag.py:2726} INFO - Sync 1 DAGs
[2026-09-21T02:16:25.244+0000] {processor.py:178} INFO - Processing /opt/airflow/dags/6_xcoms.py took 0.219 seconds
[2026-09-21T02:16:55.376+0000] {processor.py:156} INFO - Started process (PID=491) to work on /opt/airflow/dags/6_xcoms.py
[2026-09-21T02:16:55.384+0000] {processor.py:799} INFO - Processing file /opt/airflow/dags/6_xcoms.py for tasks to queue
[2026-09-21T02:16:55.387+0000] {logging_mixin.py:149} INFO - [2026-09-21T02:16:55.385+0000] {dagbag.py:541} INFO - Filling up the DagBag from /opt/airflow/dags/6_xcoms.py
[2026-09-21T02:16:55.398+0000] {processor.py:809} INFO - DAG(s) dict_keys(['6-XCom']) retrieved from /opt/airflow/dags/6_xcoms.py
[2026-09-21T02:16:55.453+0000] {logging_mixin.py:149} INFO - [2026-09-21T02:16:55.453+0000] {dag.py:2726} INFO - Sync 1 DAGs
[2026-09-21T02:16:55.528+0000] {processor.py:178} INFO - Processing /opt/airflow/dags/6_xcoms.py took 0.162 seconds
[2026-09-21T02:17:26.322+0000] {processor.py:156} INFO - Started process (PID=505) to work on /opt/airflow/dags/6_xcoms.py
[2026-09-21T02:17:26.324+0000] {processor.py:799} INFO - Processing file /opt/airflow/dags/6_xcoms.py for tasks to queue
[2026-09-21T02:17:26.325+0000] {logging_mixin.py:149} INFO - [2026-09-21T02:17:26.325+0000] {dagbag.py:541} INFO - Filling up the DagBag from /opt/airflow/dags/6_xcoms.py
[2026-09-21T02:17:26.337+0000] {processor.py:809} INFO - DAG(s) dict_keys(['6-XCom']) retrieved from /opt/airflow/dags/6_xcoms.py
[2026-09-21T02:17:26.399+0000] {logging_mixin.py:149} INFO - [2026-09-21T02:17:26.398+0000] {dag.py:2726} INFO - Sync 1 DAGs
[2026-09-21T02:17:26.503+0000] {processor.py:178} INFO - Processing /opt/airflow/dags/6_xcoms.py took 0.187 seconds
[2026-09-21T02:17:57.233+0000] {processor.py:156} INFO - Started process (PID=518) to work on /opt/airflow/dags/6_xcoms.py
[2026-09-21T02:17:57.241+0000] {processor.py:799} INFO - Processing file /opt/airflow/dags/6_xcoms.py for tasks to queue
[2026-09-21T02:17:57.245+0000] {logging_mixin.py:149} INFO - [2026-09-21T02:17:57.245+0000] {dagbag.py:541} INFO - Filling up the DagBag from /opt/airflow/dags/6_xcoms.py
[2026-09-21T02:17:57.260+0000] {processor.py:809} INFO - DAG(s) dict_keys(['6-XCom']) retrieved from /opt/airflow/dags/6_xcoms.py
[2026-09-21T02:17:57.381+0000] {logging_mixin.py:149} INFO - [2026-09-21T02:17:57.380+0000] {dag.py:2726} INFO - Sync 1 DAGs
[2026-09-21T02:17:57.539+0000] {processor.py:178} INFO - Processing /opt/airflow/dags/6_xcoms.py took 0.346 seconds
[2026-09-21T02:18:27.645+0000] {processor.py:156} INFO - Started process (PID=529) to work on /opt/airflow/dags/6_xcoms.py
[2026-09-21T02:18:27.647+0000] {processor.py:799} INFO - Processing file /opt/airflow/dags/6_xcoms.py for tasks to queue
[2026-09-21T02:18:27.649+0000] {logging_mixin.py:149} INFO - [2026-09-21T02:18:27.649+0000] {dagbag.py:541} INFO - Filling up the DagBag from /opt/airflow/dags/6_xcoms.py
[2026-09-21T02:18:27.684+0000] {processor.py:809} INFO - DAG(s) dict_keys(['6-XCom']) retrieved from /opt/airflow/dags/6_xcoms.py
[2026-09-21T02:18:27.783+0000] {logging_mixin.py:149} INFO - [2026-09-21T02:18:27.783+0000] {dag.py:2726} INFO - Sync 1 DAGs
[2026-09-21T02:18:27.888+0000] {processor.py:178} INFO - Processing /opt/airflow/dags/6_xcoms.py took 0.260 seconds
[2026-09-21T02:18:58.479+0000] {processor.py:156} INFO - Started process (PID=540) to work on /opt/airflow/dags/6_xcoms.py
[2026-09-21T02:18:58.482+0000] {processor.py:799} INFO - Processing file /opt/airflow/dags/6_xcoms.py for tasks to queue
[2026-09-21T02:18:58.484+0000] {logging_mixin.py:149} INFO - [2026-09-21T02:18:58.484+0000] {dagbag.py:541} INFO - Filling up the DagBag from /opt/airflow/dags/6_xcoms.py
[2026-09-21T02:18:58.502+0000] {processor.py:809} INFO - DAG(s) dict_keys(['6-XCom']) retrieved from /opt/airflow/dags/6_xcoms.py
[2026-09-21T02:18:58.575+0000] {logging_mixin.py:149} INFO - [2026-09-21T02:18:58.575+0000] {dag.py:2726} INFO - Sync 1 DAGs
[2026-09-21T02:18:58.700+0000] {processor.py:178} INFO - Processing /opt/airflow/dags/6_xcoms.py took 0.229 seconds
[2026-09-21T02:19:29.193+0000] {processor.py:156} INFO - Started process (PID=551) to work on /opt/airflow/dags/6_xcoms.py
[2026-09-21T02:19:29.194+0000] {processor.py:799} INFO - Processing file /opt/airflow/dags/6_xcoms.py for tasks to queue
[2026-09-21T02:19:29.200+0000] {logging_mixin.py:149} INFO - [2026-09-21T02:19:29.195+0000] {dagbag.py:541} INFO - Filling up the DagBag from /opt/airflow/dags/6_xcoms.py
[2026-09-21T02:19:29.225+0000] {processor.py:809} INFO - DAG(s) dict_keys(['6-XCom']) retrieved from /opt/airflow/dags/6_xcoms.py
[2026-09-21T02:19:29.379+0000] {logging_mixin.py:149} INFO - [2026-09-21T02:19:29.379+0000] {dag.py:2726} INFO - Sync 1 DAGs
[2026-09-21T02:19:29.586+0000] {processor.py:178} INFO - Processing /opt/airflow/dags/6_xcoms.py took 0.409 seconds
[2026-09-21T02:20:00.054+0000] {processor.py:156} INFO - Started process (PID=562) to work on /opt/airflow/dags/6_xcoms.py
[2026-09-21T02:20:00.061+0000] {processor.py:799} INFO - Processing file /opt/airflow/dags/6_xcoms.py for tasks to queue
[2026-09-21T02:20:00.062+0000] {logging_mixin.py:149} INFO - [2026-09-21T02:20:00.062+0000] {dagbag.py:541} INFO - Filling up the DagBag from /opt/airflow/dags/6_xcoms.py
[2026-09-21T02:20:00.082+0000] {processor.py:809} INFO - DAG(s) dict_keys(['6-XCom']) retrieved from /opt/airflow/dags/6_xcoms.py
[2026-09-21T02:20:00.228+0000] {logging_mixin.py:149} INFO - [2026-09-21T02:20:00.228+0000] {dag.py:2726} INFO - Sync 1 DAGs
[2026-09-21T02:20:00.354+0000] {processor.py:178} INFO - Processing /opt/airflow/dags/6_xcoms.py took 0.309 seconds
[2026-09-21T02:20:31.155+0000] {processor.py:156} INFO - Started process (PID=573) to work on /opt/airflow/dags/6_xcoms.py
[2026-09-21T02:20:31.156+0000] {processor.py:799} INFO - Processing file /opt/airflow/dags/6_xcoms.py for tasks to queue
[2026-09-21T02:20:31.159+0000] {logging_mixin.py:149} INFO - [2026-09-21T02:20:31.157+0000] {dagbag.py:541} INFO - Filling up the DagBag from /opt/airflow/dags/6_xcoms.py
[2026-09-21T02:20:31.170+0000] {processor.py:809} INFO - DAG(s) dict_keys(['6-XCom']) retrieved from /opt/airflow/dags/6_xcoms.py
[2026-09-21T02:20:31.286+0000] {logging_mixin.py:149} INFO - [2026-09-21T02:20:31.284+0000] {dag.py:2726} INFO - Sync 1 DAGs
[2026-09-21T02:20:31.411+0000] {processor.py:178} INFO - Processing /opt/airflow/dags/6_xcoms.py took 0.264 seconds
[2026-09-21T02:21:01.682+0000] {processor.py:156} INFO - Started process (PID=586) to work on /opt/airflow/dags/6_xcoms.py
[2026-09-21T02:21:01.690+0000] {processor.py:799} INFO - Processing file /opt/airflow/dags/6_xcoms.py for tasks to queue
[2026-09-21T02:21:01.691+0000] {logging_mixin.py:149} INFO - [2026-09-21T02:21:01.691+0000] {dagbag.py:541} INFO - Filling up the DagBag from /opt/airflow/dags/6_xcoms.py
[2026-09-21T02:21:01.715+0000] {processor.py:809} INFO - DAG(s) dict_keys(['6-XCom']) retrieved from /opt/airflow/dags/6_xcoms.py
[2026-09-21T02:21:01.814+0000] {logging_mixin.py:149} INFO - [2026-09-21T02:21:01.814+0000] {dag.py:2726} INFO - Sync 1 DAGs
[2026-09-21T02:21:01.948+0000] {processor.py:178} INFO - Processing /opt/airflow/dags/6_xcoms.py took 0.273 seconds
[2026-09-21T02:21:32.200+0000] {processor.py:156} INFO - Started process (PID=599) to work on /opt/airflow/dags/6_xcoms.py
[2026-09-21T02:21:32.202+0000] {processor.py:799} INFO - Processing file /opt/airflow/dags/6_xcoms.py for tasks to queue
[2026-09-21T02:21:32.203+0000] {logging_mixin.py:149} INFO - [2026-09-21T02:21:32.203+0000] {dagbag.py:541} INFO - Filling up the DagBag from /opt/airflow/dags/6_xcoms.py
[2026-09-21T02:21:32.216+0000] {processor.py:809} INFO - DAG(s) dict_keys(['6-XCom']) retrieved from /opt/airflow/dags/6_xcoms.py
[2026-09-21T02:21:32.305+0000] {logging_mixin.py:149} INFO - [2026-09-21T02:21:32.304+0000] {dag.py:2726} INFO - Sync 1 DAGs
[2026-09-21T02:21:32.431+0000] {processor.py:178} INFO - Processing /opt/airflow/dags/6_xcoms.py took 0.240 seconds
[2026-09-21T02:22:02.593+0000] {processor.py:156} INFO - Started process (PID=610) to work on /opt/airflow/dags/6_xcoms.py
[2026-09-21T02:22:02.596+0000] {processor.py:799} INFO - Processing file /opt/airflow/dags/6_xcoms.py for tasks to queue
[2026-09-21T02:22:02.597+0000] {logging_mixin.py:149} INFO - [2026-09-21T02:22:02.597+0000] {dagbag.py:541} INFO - Filling up the DagBag from /opt/airflow/dags/6_xcoms.py
[2026-09-21T02:22:02.610+0000] {processor.py:809} INFO - DAG(s) dict_keys(['6-XCom']) retrieved from /opt/airflow/dags/6_xcoms.py
[2026-09-21T02:22:02.691+0000] {logging_mixin.py:149} INFO - [2026-09-21T02:22:02.691+0000] {dag.py:2726} INFO - Sync 1 DAGs
[2026-09-21T02:22:02.776+0000] {processor.py:178} INFO - Processing /opt/airflow/dags/6_xcoms.py took 0.190 seconds
[2026-09-21T02:22:33.132+0000] {processor.py:156} INFO - Started process (PID=621) to work on /opt/airflow/dags/6_xcoms.py
[2026-09-21T02:22:33.134+0000] {processor.py:799} INFO - Processing file /opt/airflow/dags/6_xcoms.py for tasks to queue
[2026-09-21T02:22:33.135+0000] {logging_mixin.py:149} INFO - [2026-09-21T02:22:33.135+0000] {dagbag.py:541} INFO - Filling up the DagBag from /opt/airflow/dags/6_xcoms.py
[2026-09-21T02:22:33.146+0000] {processor.py:809} INFO - DAG(s) dict_keys(['6-XCom']) retrieved from /opt/airflow/dags/6_xcoms.py
[2026-09-21T02:22:33.272+0000] {logging_mixin.py:149} INFO - [2026-09-21T02:22:33.272+0000] {dag.py:2726} INFO - Sync 1 DAGs
[2026-09-21T02:22:33.374+0000] {processor.py:178} INFO - Processing /opt/airflow/dags/6_xcoms.py took 0.249 seconds
[2026-09-21T02:23:03.559+0000] {processor.py:156} INFO - Started process (PID=632) to work on /opt/airflow/dags/6_xcoms.py
[2026-09-21T02:23:03.561+0000] {processor.py:799} INFO - Processing file /opt/airflow/dags/6_xcoms.py for tasks to queue
[2026-09-21T02:23:03.562+0000] {logging_mixin.py:149} INFO - [2026-09-21T02:23:03.562+0000] {dagbag.py:541} INFO - Filling up the DagBag from /opt/airflow/dags/6_xcoms.py
[2026-09-21T02:23:03.574+0000] {processor.py:809} INFO - DAG(s) dict_keys(['6-XCom']) retrieved from /opt/airflow/dags/6_xcoms.py
[2026-09-21T02:23:03.628+0000] {logging_mixin.py:149} INFO - [2026-09-21T02:23:03.627+0000] {dag.py:2726} INFO - Sync 1 DAGs
[2026-09-21T02:23:03.695+0000] {processor.py:178} INFO - Processing /opt/airflow/dags/6_xcoms.py took 0.144 seconds
[2026-09-21T02:23:33.958+0000] {processor.py:156} INFO - Started process (PID=643) to work on /opt/airflow/dags/6_xcoms.py
[2026-09-21T02:23:33.962+0000] {processor.py:799} INFO - Processing file /opt/airflow/dags/6_xcoms.py for tasks to queue
[2026-09-21T02:23:33.963+0000] {logging_mixin.py:149} INFO - [2026-09-21T02:23:33.963+0000] {dagbag.py:541} INFO - Filling up the DagBag from /opt/airflow/dags/6_xcoms.py
[2026-09-21T02:23:33.978+0000] {processor.py:809} INFO - DAG(s) dict_keys(['6-XCom']) retrieved from /opt/airflow/dags/6_xcoms.py
[2026-09-21T02:23:34.037+0000] {logging_mixin.py:149} INFO - [2026-09-21T02:23:34.036+0000] {dag.py:2726} INFO - Sync 1 DAGs
[2026-09-21T02:23:34.110+0000] {processor.py:178} INFO - Processing /opt/airflow/dags/6_xcoms.py took 0.162 seconds
[2026-09-21T02:24:04.321+0000] {processor.py:156} INFO - Started process (PID=654) to work on /opt/airflow/dags/6_xcoms.py
[2026-09-21T02:24:04.325+0000] {processor.py:799} INFO - Processing file /opt/airflow/dags/6_xcoms.py for tasks to queue
[2026-09-21T02:24:04.327+0000] {logging_mixin.py:149} INFO - [2026-09-21T02:24:04.326+0000] {dagbag.py:541} INFO - Filling up the DagBag from /opt/airflow/dags/6_xcoms.py
[2026-09-21T02:24:04.347+0000] {processor.py:809} INFO - DAG(s) dict_keys(['6-XCom']) retrieved from /opt/airflow/dags/6_xcoms.py
[2026-09-21T02:24:04.409+0000] {logging_mixin.py:149} INFO - [2026-09-21T02:24:04.409+0000] {dag.py:2726} INFO - Sync 1 DAGs
[2026-09-21T02:24:04.498+0000] {processor.py:178} INFO - Processing /opt/airflow/dags/6_xcoms.py took 0.189 seconds
[2026-09-21T02:24:34.606+0000] {processor.py:156} INFO - Started process (PID=665) to work on /opt/airflow/dags/6_xcoms.py
[2026-09-21T02:24:34.616+0000] {processor.py:799} INFO - Processing file /opt/airflow/dags/6_xcoms.py for tasks to queue
[2026-09-21T02:24:34.617+0000] {logging_mixin.py:149} INFO - [2026-09-21T02:24:34.617+0000] {dagbag.py:541} INFO - Filling up the DagBag from /opt/airflow/dags/6_xcoms.py
[2026-09-21T02:24:34.663+0000] {processor.py:809} INFO - DAG(s) dict_keys(['6-XCom']) retrieved from /opt/airflow/dags/6_xcoms.py
[2026-09-21T02:24:34.741+0000] {logging_mixin.py:149} INFO - [2026-09-21T02:24:34.740+0000] {dag.py:2726} INFO - Sync 1 DAGs
[2026-09-21T02:24:34.846+0000] {processor.py:178} INFO - Processing /opt/airflow/dags/6_xcoms.py took 0.266 seconds
[2026-09-21T02:25:05.006+0000] {processor.py:156} INFO - Started process (PID=676) to work on /opt/airflow/dags/6_xcoms.py
[2026-09-21T02:25:05.009+0000] {processor.py:799} INFO - Processing file /opt/airflow/dags/6_xcoms.py for tasks to queue
[2026-09-21T02:25:05.011+0000] {logging_mixin.py:149} INFO - [2026-09-21T02:25:05.010+0000] {dagbag.py:541} INFO - Filling up the DagBag from /opt/airflow/dags/6_xcoms.py
[2026-09-21T02:25:05.026+0000] {processor.py:809} INFO - DAG(s) dict_keys(['6-XCom']) retrieved from /opt/airflow/dags/6_xcoms.py
[2026-09-21T02:25:05.090+0000] {logging_mixin.py:149} INFO - [2026-09-21T02:25:05.090+0000] {dag.py:2726} INFO - Sync 1 DAGs
[2026-09-21T02:25:05.174+0000] {processor.py:178} INFO - Processing /opt/airflow/dags/6_xcoms.py took 0.175 seconds
[2026-09-21T02:25:35.258+0000] {processor.py:156} INFO - Started process (PID=686) to work on /opt/airflow/dags/6_xcoms.py
[2026-09-21T02:25:35.265+0000] {processor.py:799} INFO - Processing file /opt/airflow/dags/6_xcoms.py for tasks to queue
[2026-09-21T02:25:35.266+0000] {logging_mixin.py:149} INFO - [2026-09-21T02:25:35.266+0000] {dagbag.py:541} INFO - Filling up the DagBag from /opt/airflow/dags/6_xcoms.py
[2026-09-21T02:25:35.294+0000] {processor.py:809} INFO - DAG(s) dict_keys(['6-XCom']) retrieved from /opt/airflow/dags/6_xcoms.py
[2026-09-21T02:25:35.363+0000] {logging_mixin.py:149} INFO - [2026-09-21T02:25:35.362+0000] {dag.py:2726} INFO - Sync 1 DAGs
[2026-09-21T02:25:35.458+0000] {processor.py:178} INFO - Processing /opt/airflow/dags/6_xcoms.py took 0.207 seconds
[2026-09-21T02:26:05.571+0000] {processor.py:156} INFO - Started process (PID=697) to work on /opt/airflow/dags/6_xcoms.py
[2026-09-21T02:26:05.573+0000] {processor.py:799} INFO - Processing file /opt/airflow/dags/6_xcoms.py for tasks to queue
[2026-09-21T02:26:05.574+0000] {logging_mixin.py:149} INFO - [2026-09-21T02:26:05.574+0000] {dagbag.py:541} INFO - Filling up the DagBag from /opt/airflow/dags/6_xcoms.py
[2026-09-21T02:26:05.586+0000] {processor.py:809} INFO - DAG(s) dict_keys(['6-XCom']) retrieved from /opt/airflow/dags/6_xcoms.py
[2026-09-21T02:26:05.653+0000] {logging_mixin.py:149} INFO - [2026-09-21T02:26:05.653+0000] {dag.py:2726} INFO - Sync 1 DAGs
[2026-09-21T02:26:05.733+0000] {processor.py:178} INFO - Processing /opt/airflow/dags/6_xcoms.py took 0.170 seconds
[2026-09-21T02:26:35.945+0000] {processor.py:156} INFO - Started process (PID=708) to work on /opt/airflow/dags/6_xcoms.py
[2026-09-21T02:26:35.949+0000] {processor.py:799} INFO - Processing file /opt/airflow/dags/6_xcoms.py for tasks to queue
[2026-09-21T02:26:35.952+0000] {logging_mixin.py:149} INFO - [2026-09-21T02:26:35.951+0000] {dagbag.py:541} INFO - Filling up the DagBag from /opt/airflow/dags/6_xcoms.py
[2026-09-21T02:26:35.973+0000] {processor.py:809} INFO - DAG(s) dict_keys(['6-XCom']) retrieved from /opt/airflow/dags/6_xcoms.py
[2026-09-21T02:26:36.029+0000] {logging_mixin.py:149} INFO - [2026-09-21T02:26:36.029+0000] {dag.py:2726} INFO - Sync 1 DAGs
[2026-09-21T02:26:36.126+0000] {processor.py:178} INFO - Processing /opt/airflow/dags/6_xcoms.py took 0.193 seconds
[2026-09-21T02:27:06.404+0000] {processor.py:156} INFO - Started process (PID=719) to work on /opt/airflow/dags/6_xcoms.py
[2026-09-21T02:27:06.408+0000] {processor.py:799} INFO - Processing file /opt/airflow/dags/6_xcoms.py for tasks to queue
[2026-09-21T02:27:06.409+0000] {logging_mixin.py:149} INFO - [2026-09-21T02:27:06.409+0000] {dagbag.py:541} INFO - Filling up the DagBag from /opt/airflow/dags/6_xcoms.py
[2026-09-21T02:27:06.421+0000] {processor.py:809} INFO - DAG(s) dict_keys(['6-XCom']) retrieved from /opt/airflow/dags/6_xcoms.py
[2026-09-21T02:27:06.485+0000] {logging_mixin.py:149} INFO - [2026-09-21T02:27:06.485+0000] {dag.py:2726} INFO - Sync 1 DAGs
[2026-09-21T02:27:06.558+0000] {processor.py:178} INFO - Processing /opt/airflow/dags/6_xcoms.py took 0.160 seconds
[2026-09-21T02:27:36.754+0000] {processor.py:156} INFO - Started process (PID=730) to work on /opt/airflow/dags/6_xcoms.py
[2026-09-21T02:27:36.757+0000] {processor.py:799} INFO - Processing file /opt/airflow/dags/6_xcoms.py for tasks to queue
[2026-09-21T02:27:36.758+0000] {logging_mixin.py:149} INFO - [2026-09-21T02:27:36.758+0000] {dagbag.py:541} INFO - Filling up the DagBag from /opt/airflow/dags/6_xcoms.py
[2026-09-21T02:27:36.770+0000] {processor.py:809} INFO - DAG(s) dict_keys(['6-XCom']) retrieved from /opt/airflow/dags/6_xcoms.py
[2026-09-21T02:27:36.828+0000] {logging_mixin.py:149} INFO - [2026-09-21T02:27:36.828+0000] {dag.py:2726} INFO - Sync 1 DAGs
[2026-09-21T02:27:36.901+0000] {processor.py:178} INFO - Processing /opt/airflow/dags/6_xcoms.py took 0.153 seconds
[2026-09-21T02:28:07.088+0000] {processor.py:156} INFO - Started process (PID=741) to work on /opt/airflow/dags/6_xcoms.py
[2026-09-21T02:28:07.092+0000] {processor.py:799} INFO - Processing file /opt/airflow/dags/6_xcoms.py for tasks to queue
[2026-09-21T02:28:07.093+0000] {logging_mixin.py:149} INFO - [2026-09-21T02:28:07.093+0000] {dagbag.py:541} INFO - Filling up the DagBag from /opt/airflow/dags/6_xcoms.py
[2026-09-21T02:28:07.108+0000] {processor.py:809} INFO - DAG(s) dict_keys(['6-XCom']) retrieved from /opt/airflow/dags/6_xcoms.py
[2026-09-21T02:28:07.163+0000] {logging_mixin.py:149} INFO - [2026-09-21T02:28:07.162+0000] {dag.py:2726} INFO - Sync 1 DAGs
[2026-09-21T02:28:07.287+0000] {processor.py:178} INFO - Processing /opt/airflow/dags/6_xcoms.py took 0.209 seconds
[2026-09-21T02:28:37.465+0000] {processor.py:156} INFO - Started process (PID=752) to work on /opt/airflow/dags/6_xcoms.py
[2026-09-21T02:28:37.473+0000] {processor.py:799} INFO - Processing file /opt/airflow/dags/6_xcoms.py for tasks to queue
[2026-09-21T02:28:37.474+0000] {logging_mixin.py:149} INFO - [2026-09-21T02:28:37.474+0000] {dagbag.py:541} INFO - Filling up the DagBag from /opt/airflow/dags/6_xcoms.py
[2026-09-21T02:28:37.486+0000] {processor.py:809} INFO - DAG(s) dict_keys(['6-XCom']) retrieved from /opt/airflow/dags/6_xcoms.py
[2026-09-21T02:28:37.567+0000] {logging_mixin.py:149} INFO - [2026-09-21T02:28:37.566+0000] {dag.py:2726} INFO - Sync 1 DAGs
[2026-09-21T02:28:37.661+0000] {processor.py:178} INFO - Processing /opt/airflow/dags/6_xcoms.py took 0.203 seconds
[2026-09-21T02:29:07.848+0000] {processor.py:156} INFO - Started process (PID=763) to work on /opt/airflow/dags/6_xcoms.py
[2026-09-21T02:29:07.853+0000] {processor.py:799} INFO - Processing file /opt/airflow/dags/6_xcoms.py for tasks to queue
[2026-09-21T02:29:07.854+0000] {logging_mixin.py:149} INFO - [2026-09-21T02:29:07.854+0000] {dagbag.py:541} INFO - Filling up the DagBag from /opt/airflow/dags/6_xcoms.py
[2026-09-21T02:29:07.903+0000] {processor.py:809} INFO - DAG(s) dict_keys(['6-XCom']) retrieved from /opt/airflow/dags/6_xcoms.py
[2026-09-21T02:29:08.113+0000] {logging_mixin.py:149} INFO - [2026-09-21T02:29:08.111+0000] {dag.py:2726} INFO - Sync 1 DAGs
[2026-09-21T02:29:08.247+0000] {processor.py:178} INFO - Processing /opt/airflow/dags/6_xcoms.py took 0.413 seconds
[2026-09-21T02:29:38.584+0000] {processor.py:156} INFO - Started process (PID=774) to work on /opt/airflow/dags/6_xcoms.py
[2026-09-21T02:29:38.586+0000] {processor.py:799} INFO - Processing file /opt/airflow/dags/6_xcoms.py for tasks to queue
[2026-09-21T02:29:38.587+0000] {logging_mixin.py:149} INFO - [2026-09-21T02:29:38.587+0000] {dagbag.py:541} INFO - Filling up the DagBag from /opt/airflow/dags/6_xcoms.py
[2026-09-21T02:29:38.599+0000] {processor.py:809} INFO - DAG(s) dict_keys(['6-XCom']) retrieved from /opt/airflow/dags/6_xcoms.py
[2026-09-21T02:29:38.661+0000] {logging_mixin.py:149} INFO - [2026-09-21T02:29:38.661+0000] {dag.py:2726} INFO - Sync 1 DAGs
[2026-09-21T02:29:38.745+0000] {processor.py:178} INFO - Processing /opt/airflow/dags/6_xcoms.py took 0.173 seconds
[2026-09-21T02:30:08.875+0000] {processor.py:156} INFO - Started process (PID=785) to work on /opt/airflow/dags/6_xcoms.py
[2026-09-21T02:30:08.878+0000] {processor.py:799} INFO - Processing file /opt/airflow/dags/6_xcoms.py for tasks to queue
[2026-09-21T02:30:08.879+0000] {logging_mixin.py:149} INFO - [2026-09-21T02:30:08.879+0000] {dagbag.py:541} INFO - Filling up the DagBag from /opt/airflow/dags/6_xcoms.py
[2026-09-21T02:30:08.892+0000] {processor.py:809} INFO - DAG(s) dict_keys(['6-XCom']) retrieved from /opt/airflow/dags/6_xcoms.py
[2026-09-21T02:30:08.945+0000] {logging_mixin.py:149} INFO - [2026-09-21T02:30:08.944+0000] {dag.py:2726} INFO - Sync 1 DAGs
[2026-09-21T02:30:09.012+0000] {processor.py:178} INFO - Processing /opt/airflow/dags/6_xcoms.py took 0.143 seconds
[2026-09-21T02:30:39.234+0000] {processor.py:156} INFO - Started process (PID=796) to work on /opt/airflow/dags/6_xcoms.py
[2026-09-21T02:30:39.244+0000] {processor.py:799} INFO - Processing file /opt/airflow/dags/6_xcoms.py for tasks to queue
[2026-09-21T02:30:39.247+0000] {logging_mixin.py:149} INFO - [2026-09-21T02:30:39.246+0000] {dagbag.py:541} INFO - Filling up the DagBag from /opt/airflow/dags/6_xcoms.py
[2026-09-21T02:30:39.284+0000] {processor.py:809} INFO - DAG(s) dict_keys(['6-XCom']) retrieved from /opt/airflow/dags/6_xcoms.py
[2026-09-21T02:30:39.384+0000] {logging_mixin.py:149} INFO - [2026-09-21T02:30:39.383+0000] {dag.py:2726} INFO - Sync 1 DAGs
[2026-09-21T02:30:39.490+0000] {processor.py:178} INFO - Processing /opt/airflow/dags/6_xcoms.py took 0.267 seconds
[2026-09-21T02:31:09.645+0000] {processor.py:156} INFO - Started process (PID=807) to work on /opt/airflow/dags/6_xcoms.py
[2026-09-21T02:31:09.651+0000] {processor.py:799} INFO - Processing file /opt/airflow/dags/6_xcoms.py for tasks to queue
[2026-09-21T02:31:09.652+0000] {logging_mixin.py:149} INFO - [2026-09-21T02:31:09.652+0000] {dagbag.py:541} INFO - Filling up the DagBag from /opt/airflow/dags/6_xcoms.py
[2026-09-21T02:31:09.666+0000] {processor.py:809} INFO - DAG(s) dict_keys(['6-XCom']) retrieved from /opt/airflow/dags/6_xcoms.py
[2026-09-21T02:31:09.757+0000] {logging_mixin.py:149} INFO - [2026-09-21T02:31:09.756+0000] {dag.py:2726} INFO - Sync 1 DAGs
[2026-09-21T02:31:09.857+0000] {processor.py:178} INFO - Processing /opt/airflow/dags/6_xcoms.py took 0.219 seconds
[2026-09-21T02:31:40.104+0000] {processor.py:156} INFO - Started process (PID=818) to work on /opt/airflow/dags/6_xcoms.py
[2026-09-21T02:31:40.106+0000] {processor.py:799} INFO - Processing file /opt/airflow/dags/6_xcoms.py for tasks to queue
[2026-09-21T02:31:40.108+0000] {logging_mixin.py:149} INFO - [2026-09-21T02:31:40.107+0000] {dagbag.py:541} INFO - Filling up the DagBag from /opt/airflow/dags/6_xcoms.py
[2026-09-21T02:31:40.124+0000] {processor.py:809} INFO - DAG(s) dict_keys(['6-XCom']) retrieved from /opt/airflow/dags/6_xcoms.py
[2026-09-21T02:31:40.194+0000] {logging_mixin.py:149} INFO - [2026-09-21T02:31:40.193+0000] {dag.py:2726} INFO - Sync 1 DAGs
[2026-09-21T02:31:40.310+0000] {processor.py:178} INFO - Processing /opt/airflow/dags/6_xcoms.py took 0.222 seconds
[2026-09-21T02:32:10.516+0000] {processor.py:156} INFO - Started process (PID=829) to work on /opt/airflow/dags/6_xcoms.py
[2026-09-21T02:32:10.517+0000] {processor.py:799} INFO - Processing file /opt/airflow/dags/6_xcoms.py for tasks to queue
[2026-09-21T02:32:10.518+0000] {logging_mixin.py:149} INFO - [2026-09-21T02:32:10.518+0000] {dagbag.py:541} INFO - Filling up the DagBag from /opt/airflow/dags/6_xcoms.py
[2026-09-21T02:32:10.530+0000] {processor.py:809} INFO - DAG(s) dict_keys(['6-XCom']) retrieved from /opt/airflow/dags/6_xcoms.py
[2026-09-21T02:32:10.582+0000] {logging_mixin.py:149} INFO - [2026-09-21T02:32:10.582+0000] {dag.py:2726} INFO - Sync 1 DAGs
[2026-09-21T02:32:10.660+0000] {processor.py:178} INFO - Processing /opt/airflow/dags/6_xcoms.py took 0.150 seconds
[2026-09-21T02:32:40.850+0000] {processor.py:156} INFO - Started process (PID=840) to work on /opt/airflow/dags/6_xcoms.py
[2026-09-21T02:32:40.855+0000] {processor.py:799} INFO - Processing file /opt/airflow/dags/6_xcoms.py for tasks to queue
[2026-09-21T02:32:40.861+0000] {logging_mixin.py:149} INFO - [2026-09-21T02:32:40.860+0000] {dagbag.py:541} INFO - Filling up the DagBag from /opt/airflow/dags/6_xcoms.py
[2026-09-21T02:32:40.877+0000] {processor.py:809} INFO - DAG(s) dict_keys(['6-XCom']) retrieved from /opt/airflow/dags/6_xcoms.py
[2026-09-21T02:32:40.981+0000] {logging_mixin.py:149} INFO - [2026-09-21T02:32:40.981+0000] {dag.py:2726} INFO - Sync 1 DAGs
[2026-09-21T02:32:41.149+0000] {processor.py:178} INFO - Processing /opt/airflow/dags/6_xcoms.py took 0.310 seconds
[2026-09-21T02:33:12.259+0000] {processor.py:156} INFO - Started process (PID=852) to work on /opt/airflow/dags/6_xcoms.py
[2026-09-21T02:33:12.261+0000] {processor.py:799} INFO - Processing file /opt/airflow/dags/6_xcoms.py for tasks to queue
[2026-09-21T02:33:12.262+0000] {logging_mixin.py:149} INFO - [2026-09-21T02:33:12.262+0000] {dagbag.py:541} INFO - Filling up the DagBag from /opt/airflow/dags/6_xcoms.py
[2026-09-21T02:33:12.278+0000] {processor.py:809} INFO - DAG(s) dict_keys(['6-XCom']) retrieved from /opt/airflow/dags/6_xcoms.py
[2026-09-21T02:33:12.388+0000] {logging_mixin.py:149} INFO - [2026-09-21T02:33:12.387+0000] {dag.py:2726} INFO - Sync 1 DAGs
[2026-09-21T02:33:12.460+0000] {processor.py:178} INFO - Processing /opt/airflow/dags/6_xcoms.py took 0.216 seconds
[2026-09-21T02:33:43.395+0000] {processor.py:156} INFO - Started process (PID=863) to work on /opt/airflow/dags/6_xcoms.py
[2026-09-21T02:33:43.399+0000] {processor.py:799} INFO - Processing file /opt/airflow/dags/6_xcoms.py for tasks to queue
[2026-09-21T02:33:43.400+0000] {logging_mixin.py:149} INFO - [2026-09-21T02:33:43.400+0000] {dagbag.py:541} INFO - Filling up the DagBag from /opt/airflow/dags/6_xcoms.py
[2026-09-21T02:33:43.409+0000] {processor.py:809} INFO - DAG(s) dict_keys(['6-XCom']) retrieved from /opt/airflow/dags/6_xcoms.py
[2026-09-21T02:33:43.530+0000] {logging_mixin.py:149} INFO - [2026-09-21T02:33:43.530+0000] {dag.py:2726} INFO - Sync 1 DAGs
[2026-09-21T02:33:43.626+0000] {processor.py:178} INFO - Processing /opt/airflow/dags/6_xcoms.py took 0.236 seconds
[2026-09-21T02:34:14.654+0000] {processor.py:156} INFO - Started process (PID=874) to work on /opt/airflow/dags/6_xcoms.py
[2026-09-21T02:34:14.657+0000] {processor.py:799} INFO - Processing file /opt/airflow/dags/6_xcoms.py for tasks to queue
[2026-09-21T02:34:14.659+0000] {logging_mixin.py:149} INFO - [2026-09-21T02:34:14.658+0000] {dagbag.py:541} INFO - Filling up the DagBag from /opt/airflow/dags/6_xcoms.py
[2026-09-21T02:34:14.673+0000] {processor.py:809} INFO - DAG(s) dict_keys(['6-XCom']) retrieved from /opt/airflow/dags/6_xcoms.py
[2026-09-21T02:34:14.773+0000] {logging_mixin.py:149} INFO - [2026-09-21T02:34:14.772+0000] {dag.py:2726} INFO - Sync 1 DAGs
[2026-09-21T02:34:14.881+0000] {processor.py:178} INFO - Processing /opt/airflow/dags/6_xcoms.py took 0.245 seconds
[2026-09-21T02:34:45.253+0000] {processor.py:156} INFO - Started process (PID=885) to work on /opt/airflow/dags/6_xcoms.py
[2026-09-21T02:34:45.256+0000] {processor.py:799} INFO - Processing file /opt/airflow/dags/6_xcoms.py for tasks to queue
[2026-09-21T02:34:45.257+0000] {logging_mixin.py:149} INFO - [2026-09-21T02:34:45.257+0000] {dagbag.py:541} INFO - Filling up the DagBag from /opt/airflow/dags/6_xcoms.py
[2026-09-21T02:34:45.278+0000] {processor.py:809} INFO - DAG(s) dict_keys(['6-XCom']) retrieved from /opt/airflow/dags/6_xcoms.py
[2026-09-21T02:34:45.344+0000] {logging_mixin.py:149} INFO - [2026-09-21T02:34:45.343+0000] {dag.py:2726} INFO - Sync 1 DAGs
[2026-09-21T02:34:45.422+0000] {processor.py:178} INFO - Processing /opt/airflow/dags/6_xcoms.py took 0.182 seconds
[2026-09-21T02:35:16.380+0000] {processor.py:156} INFO - Started process (PID=896) to work on /opt/airflow/dags/6_xcoms.py
[2026-09-21T02:35:16.383+0000] {processor.py:799} INFO - Processing file /opt/airflow/dags/6_xcoms.py for tasks to queue
[2026-09-21T02:35:16.384+0000] {logging_mixin.py:149} INFO - [2026-09-21T02:35:16.384+0000] {dagbag.py:541} INFO - Filling up the DagBag from /opt/airflow/dags/6_xcoms.py
[2026-09-21T02:35:16.400+0000] {processor.py:809} INFO - DAG(s) dict_keys(['6-XCom']) retrieved from /opt/airflow/dags/6_xcoms.py
[2026-09-21T02:35:16.462+0000] {logging_mixin.py:149} INFO - [2026-09-21T02:35:16.462+0000] {dag.py:2726} INFO - Sync 1 DAGs
[2026-09-21T02:35:16.565+0000] {processor.py:178} INFO - Processing /opt/airflow/dags/6_xcoms.py took 0.193 seconds
[2026-09-21T02:35:43.579+0000] {processor.py:156} INFO - Started process (PID=909) to work on /opt/airflow/dags/6_xcoms.py
[2026-09-21T02:35:43.581+0000] {processor.py:799} INFO - Processing file /opt/airflow/dags/6_xcoms.py for tasks to queue
[2026-09-21T02:35:43.582+0000] {logging_mixin.py:149} INFO - [2026-09-21T02:35:43.582+0000] {dagbag.py:541} INFO - Filling up the DagBag from /opt/airflow/dags/6_xcoms.py
[2026-09-21T02:35:43.594+0000] {processor.py:809} INFO - DAG(s) dict_keys(['6-XCom']) retrieved from /opt/airflow/dags/6_xcoms.py
[2026-09-21T02:35:43.648+0000] {logging_mixin.py:149} INFO - [2026-09-21T02:35:43.646+0000] {dag.py:2726} INFO - Sync 1 DAGs
[2026-09-21T02:35:43.737+0000] {processor.py:178} INFO - Processing /opt/airflow/dags/6_xcoms.py took 0.164 seconds
[2026-09-21T02:36:13.938+0000] {processor.py:156} INFO - Started process (PID=920) to work on /opt/airflow/dags/6_xcoms.py
[2026-09-21T02:36:13.940+0000] {processor.py:799} INFO - Processing file /opt/airflow/dags/6_xcoms.py for tasks to queue
[2026-09-21T02:36:13.941+0000] {logging_mixin.py:149} INFO - [2026-09-21T02:36:13.941+0000] {dagbag.py:541} INFO - Filling up the DagBag from /opt/airflow/dags/6_xcoms.py
[2026-09-21T02:36:13.958+0000] {processor.py:809} INFO - DAG(s) dict_keys(['6-XCom']) retrieved from /opt/airflow/dags/6_xcoms.py
[2026-09-21T02:36:14.016+0000] {logging_mixin.py:149} INFO - [2026-09-21T02:36:14.015+0000] {dag.py:2726} INFO - Sync 1 DAGs
[2026-09-21T02:36:14.123+0000] {processor.py:178} INFO - Processing /opt/airflow/dags/6_xcoms.py took 0.190 seconds
[2026-09-21T02:36:44.306+0000] {processor.py:156} INFO - Started process (PID=931) to work on /opt/airflow/dags/6_xcoms.py
[2026-09-21T02:36:44.310+0000] {processor.py:799} INFO - Processing file /opt/airflow/dags/6_xcoms.py for tasks to queue
[2026-09-21T02:36:44.311+0000] {logging_mixin.py:149} INFO - [2026-09-21T02:36:44.310+0000] {dagbag.py:541} INFO - Filling up the DagBag from /opt/airflow/dags/6_xcoms.py
[2026-09-21T02:36:44.327+0000] {processor.py:809} INFO - DAG(s) dict_keys(['6-XCom']) retrieved from /opt/airflow/dags/6_xcoms.py
[2026-09-21T02:36:44.389+0000] {logging_mixin.py:149} INFO - [2026-09-21T02:36:44.388+0000] {dag.py:2726} INFO - Sync 1 DAGs
[2026-09-21T02:36:44.485+0000] {processor.py:178} INFO - Processing /opt/airflow/dags/6_xcoms.py took 0.189 seconds
[2026-09-21T02:37:14.611+0000] {processor.py:156} INFO - Started process (PID=942) to work on /opt/airflow/dags/6_xcoms.py
[2026-09-21T02:37:14.613+0000] {processor.py:799} INFO - Processing file /opt/airflow/dags/6_xcoms.py for tasks to queue
[2026-09-21T02:37:14.614+0000] {logging_mixin.py:149} INFO - [2026-09-21T02:37:14.614+0000] {dagbag.py:541} INFO - Filling up the DagBag from /opt/airflow/dags/6_xcoms.py
[2026-09-21T02:37:14.627+0000] {processor.py:809} INFO - DAG(s) dict_keys(['6-XCom']) retrieved from /opt/airflow/dags/6_xcoms.py
[2026-09-21T02:37:14.745+0000] {logging_mixin.py:149} INFO - [2026-09-21T02:37:14.745+0000] {dag.py:2726} INFO - Sync 1 DAGs
[2026-09-21T02:37:14.857+0000] {processor.py:178} INFO - Processing /opt/airflow/dags/6_xcoms.py took 0.259 seconds
[2026-09-21T02:37:44.987+0000] {processor.py:156} INFO - Started process (PID=953) to work on /opt/airflow/dags/6_xcoms.py
[2026-09-21T02:37:44.992+0000] {processor.py:799} INFO - Processing file /opt/airflow/dags/6_xcoms.py for tasks to queue
[2026-09-21T02:37:44.993+0000] {logging_mixin.py:149} INFO - [2026-09-21T02:37:44.993+0000] {dagbag.py:541} INFO - Filling up the DagBag from /opt/airflow/dags/6_xcoms.py
[2026-09-21T02:37:45.011+0000] {processor.py:809} INFO - DAG(s) dict_keys(['6-XCom']) retrieved from /opt/airflow/dags/6_xcoms.py
[2026-09-21T02:37:45.105+0000] {logging_mixin.py:149} INFO - [2026-09-21T02:37:45.105+0000] {dag.py:2726} INFO - Sync 1 DAGs
[2026-09-21T02:37:45.218+0000] {processor.py:178} INFO - Processing /opt/airflow/dags/6_xcoms.py took 0.241 seconds
[2026-09-21T02:38:15.368+0000] {processor.py:156} INFO - Started process (PID=964) to work on /opt/airflow/dags/6_xcoms.py
[2026-09-21T02:38:15.370+0000] {processor.py:799} INFO - Processing file /opt/airflow/dags/6_xcoms.py for tasks to queue
[2026-09-21T02:38:15.371+0000] {logging_mixin.py:149} INFO - [2026-09-21T02:38:15.371+0000] {dagbag.py:541} INFO - Filling up the DagBag from /opt/airflow/dags/6_xcoms.py
[2026-09-21T02:38:15.382+0000] {processor.py:809} INFO - DAG(s) dict_keys(['6-XCom']) retrieved from /opt/airflow/dags/6_xcoms.py
[2026-09-21T02:38:15.430+0000] {logging_mixin.py:149} INFO - [2026-09-21T02:38:15.430+0000] {dag.py:2726} INFO - Sync 1 DAGs
[2026-09-21T02:38:15.500+0000] {processor.py:178} INFO - Processing /opt/airflow/dags/6_xcoms.py took 0.137 seconds
[2026-09-21T02:38:45.857+0000] {processor.py:156} INFO - Started process (PID=975) to work on /opt/airflow/dags/6_xcoms.py
[2026-09-21T02:38:45.871+0000] {processor.py:799} INFO - Processing file /opt/airflow/dags/6_xcoms.py for tasks to queue
[2026-09-21T02:38:45.872+0000] {logging_mixin.py:149} INFO - [2026-09-21T02:38:45.872+0000] {dagbag.py:541} INFO - Filling up the DagBag from /opt/airflow/dags/6_xcoms.py
[2026-09-21T02:38:45.892+0000] {processor.py:809} INFO - DAG(s) dict_keys(['6-XCom']) retrieved from /opt/airflow/dags/6_xcoms.py
[2026-09-21T02:38:45.973+0000] {logging_mixin.py:149} INFO - [2026-09-21T02:38:45.973+0000] {dag.py:2726} INFO - Sync 1 DAGs
[2026-09-21T02:38:46.075+0000] {processor.py:178} INFO - Processing /opt/airflow/dags/6_xcoms.py took 0.238 seconds
[2026-09-21T02:39:16.253+0000] {processor.py:156} INFO - Started process (PID=986) to work on /opt/airflow/dags/6_xcoms.py
[2026-09-21T02:39:16.258+0000] {processor.py:799} INFO - Processing file /opt/airflow/dags/6_xcoms.py for tasks to queue
[2026-09-21T02:39:16.259+0000] {logging_mixin.py:149} INFO - [2026-09-21T02:39:16.259+0000] {dagbag.py:541} INFO - Filling up the DagBag from /opt/airflow/dags/6_xcoms.py
[2026-09-21T02:39:16.279+0000] {processor.py:809} INFO - DAG(s) dict_keys(['6-XCom']) retrieved from /opt/airflow/dags/6_xcoms.py
[2026-09-21T02:39:16.355+0000] {logging_mixin.py:149} INFO - [2026-09-21T02:39:16.355+0000] {dag.py:2726} INFO - Sync 1 DAGs
[2026-09-21T02:39:16.438+0000] {processor.py:178} INFO - Processing /opt/airflow/dags/6_xcoms.py took 0.195 seconds
[2026-09-21T02:39:46.572+0000] {processor.py:156} INFO - Started process (PID=997) to work on /opt/airflow/dags/6_xcoms.py
[2026-09-21T02:39:46.577+0000] {processor.py:799} INFO - Processing file /opt/airflow/dags/6_xcoms.py for tasks to queue
[2026-09-21T02:39:46.578+0000] {logging_mixin.py:149} INFO - [2026-09-21T02:39:46.578+0000] {dagbag.py:541} INFO - Filling up the DagBag from /opt/airflow/dags/6_xcoms.py
[2026-09-21T02:39:46.600+0000] {processor.py:809} INFO - DAG(s) dict_keys(['6-XCom']) retrieved from /opt/airflow/dags/6_xcoms.py
[2026-09-21T02:39:46.723+0000] {logging_mixin.py:149} INFO - [2026-09-21T02:39:46.723+0000] {dag.py:2726} INFO - Sync 1 DAGs
[2026-09-21T02:39:46.800+0000] {processor.py:178} INFO - Processing /opt/airflow/dags/6_xcoms.py took 0.259 seconds
[2026-09-21T02:40:17.719+0000] {processor.py:156} INFO - Started process (PID=1008) to work on /opt/airflow/dags/6_xcoms.py
[2026-09-21T02:40:17.723+0000] {processor.py:799} INFO - Processing file /opt/airflow/dags/6_xcoms.py for tasks to queue
[2026-09-21T02:40:17.724+0000] {logging_mixin.py:149} INFO - [2026-09-21T02:40:17.724+0000] {dagbag.py:541} INFO - Filling up the DagBag from /opt/airflow/dags/6_xcoms.py
[2026-09-21T02:40:17.738+0000] {processor.py:809} INFO - DAG(s) dict_keys(['6-XCom']) retrieved from /opt/airflow/dags/6_xcoms.py
[2026-09-21T02:40:17.826+0000] {logging_mixin.py:149} INFO - [2026-09-21T02:40:17.826+0000] {dag.py:2726} INFO - Sync 1 DAGs
[2026-09-21T02:40:17.892+0000] {processor.py:178} INFO - Processing /opt/airflow/dags/6_xcoms.py took 0.180 seconds
[2026-09-21T02:40:48.030+0000] {processor.py:156} INFO - Started process (PID=1019) to work on /opt/airflow/dags/6_xcoms.py
[2026-09-21T02:40:48.032+0000] {processor.py:799} INFO - Processing file /opt/airflow/dags/6_xcoms.py for tasks to queue
[2026-09-21T02:40:48.034+0000] {logging_mixin.py:149} INFO - [2026-09-21T02:40:48.033+0000] {dagbag.py:541} INFO - Filling up the DagBag from /opt/airflow/dags/6_xcoms.py
[2026-09-21T02:40:48.045+0000] {processor.py:809} INFO - DAG(s) dict_keys(['6-XCom']) retrieved from /opt/airflow/dags/6_xcoms.py
[2026-09-21T02:40:48.105+0000] {logging_mixin.py:149} INFO - [2026-09-21T02:40:48.105+0000] {dag.py:2726} INFO - Sync 1 DAGs
[2026-09-21T02:40:48.175+0000] {processor.py:178} INFO - Processing /opt/airflow/dags/6_xcoms.py took 0.153 seconds
[2026-09-21T02:41:18.502+0000] {processor.py:156} INFO - Started process (PID=1030) to work on /opt/airflow/dags/6_xcoms.py
[2026-09-21T02:41:18.504+0000] {processor.py:799} INFO - Processing file /opt/airflow/dags/6_xcoms.py for tasks to queue
[2026-09-21T02:41:18.505+0000] {logging_mixin.py:149} INFO - [2026-09-21T02:41:18.504+0000] {dagbag.py:541} INFO - Filling up the DagBag from /opt/airflow/dags/6_xcoms.py
[2026-09-21T02:41:18.516+0000] {processor.py:809} INFO - DAG(s) dict_keys(['6-XCom']) retrieved from /opt/airflow/dags/6_xcoms.py
[2026-09-21T02:41:18.588+0000] {logging_mixin.py:149} INFO - [2026-09-21T02:41:18.587+0000] {dag.py:2726} INFO - Sync 1 DAGs
[2026-09-21T02:41:18.728+0000] {processor.py:178} INFO - Processing /opt/airflow/dags/6_xcoms.py took 0.232 seconds
[2026-09-21T02:41:48.419+0000] {processor.py:156} INFO - Started process (PID=1043) to work on /opt/airflow/dags/6_xcoms.py
[2026-09-21T02:41:48.423+0000] {processor.py:799} INFO - Processing file /opt/airflow/dags/6_xcoms.py for tasks to queue
[2026-09-21T02:41:48.424+0000] {logging_mixin.py:149} INFO - [2026-09-21T02:41:48.424+0000] {dagbag.py:541} INFO - Filling up the DagBag from /opt/airflow/dags/6_xcoms.py
[2026-09-21T02:41:48.437+0000] {processor.py:809} INFO - DAG(s) dict_keys(['6-XCom']) retrieved from /opt/airflow/dags/6_xcoms.py
[2026-09-21T02:41:48.494+0000] {logging_mixin.py:149} INFO - [2026-09-21T02:41:48.494+0000] {dag.py:2726} INFO - Sync 1 DAGs
[2026-09-21T02:41:48.573+0000] {processor.py:178} INFO - Processing /opt/airflow/dags/6_xcoms.py took 0.174 seconds
[2026-09-21T02:42:18.917+0000] {processor.py:156} INFO - Started process (PID=1054) to work on /opt/airflow/dags/6_xcoms.py
[2026-09-21T02:42:18.919+0000] {processor.py:799} INFO - Processing file /opt/airflow/dags/6_xcoms.py for tasks to queue
[2026-09-21T02:42:18.932+0000] {logging_mixin.py:149} INFO - [2026-09-21T02:42:18.932+0000] {dagbag.py:541} INFO - Filling up the DagBag from /opt/airflow/dags/6_xcoms.py
[2026-09-21T02:42:18.968+0000] {processor.py:809} INFO - DAG(s) dict_keys(['6-XCom']) retrieved from /opt/airflow/dags/6_xcoms.py
[2026-09-21T02:42:19.044+0000] {logging_mixin.py:149} INFO - [2026-09-21T02:42:19.043+0000] {dag.py:2726} INFO - Sync 1 DAGs
[2026-09-21T02:42:19.198+0000] {processor.py:178} INFO - Processing /opt/airflow/dags/6_xcoms.py took 0.288 seconds
[2026-09-21T02:42:50.235+0000] {processor.py:156} INFO - Started process (PID=1065) to work on /opt/airflow/dags/6_xcoms.py
[2026-09-21T02:42:50.237+0000] {processor.py:799} INFO - Processing file /opt/airflow/dags/6_xcoms.py for tasks to queue
[2026-09-21T02:42:50.238+0000] {logging_mixin.py:149} INFO - [2026-09-21T02:42:50.238+0000] {dagbag.py:541} INFO - Filling up the DagBag from /opt/airflow/dags/6_xcoms.py
[2026-09-21T02:42:50.257+0000] {processor.py:809} INFO - DAG(s) dict_keys(['6-XCom']) retrieved from /opt/airflow/dags/6_xcoms.py
[2026-09-21T02:42:50.395+0000] {logging_mixin.py:149} INFO - [2026-09-21T02:42:50.393+0000] {dag.py:2726} INFO - Sync 1 DAGs
[2026-09-21T02:42:50.562+0000] {processor.py:178} INFO - Processing /opt/airflow/dags/6_xcoms.py took 0.353 seconds
[2026-09-21T02:43:20.684+0000] {processor.py:156} INFO - Started process (PID=1076) to work on /opt/airflow/dags/6_xcoms.py
[2026-09-21T02:43:20.688+0000] {processor.py:799} INFO - Processing file /opt/airflow/dags/6_xcoms.py for tasks to queue
[2026-09-21T02:43:20.691+0000] {logging_mixin.py:149} INFO - [2026-09-21T02:43:20.690+0000] {dagbag.py:541} INFO - Filling up the DagBag from /opt/airflow/dags/6_xcoms.py
[2026-09-21T02:43:20.703+0000] {processor.py:809} INFO - DAG(s) dict_keys(['6-XCom']) retrieved from /opt/airflow/dags/6_xcoms.py
[2026-09-21T02:43:20.767+0000] {logging_mixin.py:149} INFO - [2026-09-21T02:43:20.767+0000] {dag.py:2726} INFO - Sync 1 DAGs
[2026-09-21T02:43:20.898+0000] {processor.py:178} INFO - Processing /opt/airflow/dags/6_xcoms.py took 0.239 seconds
[2026-09-21T02:43:51.129+0000] {processor.py:156} INFO - Started process (PID=1087) to work on /opt/airflow/dags/6_xcoms.py
[2026-09-21T02:43:51.132+0000] {processor.py:799} INFO - Processing file /opt/airflow/dags/6_xcoms.py for tasks to queue
[2026-09-21T02:43:51.134+0000] {logging_mixin.py:149} INFO - [2026-09-21T02:43:51.134+0000] {dagbag.py:541} INFO - Filling up the DagBag from /opt/airflow/dags/6_xcoms.py
[2026-09-21T02:43:51.147+0000] {processor.py:809} INFO - DAG(s) dict_keys(['6-XCom']) retrieved from /opt/airflow/dags/6_xcoms.py
[2026-09-21T02:43:51.229+0000] {logging_mixin.py:149} INFO - [2026-09-21T02:43:51.228+0000] {dag.py:2726} INFO - Sync 1 DAGs
[2026-09-21T02:43:51.364+0000] {processor.py:178} INFO - Processing /opt/airflow/dags/6_xcoms.py took 0.253 seconds
[2026-09-21T02:44:21.633+0000] {processor.py:156} INFO - Started process (PID=1098) to work on /opt/airflow/dags/6_xcoms.py
[2026-09-21T02:44:21.639+0000] {processor.py:799} INFO - Processing file /opt/airflow/dags/6_xcoms.py for tasks to queue
[2026-09-21T02:44:21.640+0000] {logging_mixin.py:149} INFO - [2026-09-21T02:44:21.640+0000] {dagbag.py:541} INFO - Filling up the DagBag from /opt/airflow/dags/6_xcoms.py
[2026-09-21T02:44:21.684+0000] {processor.py:809} INFO - DAG(s) dict_keys(['6-XCom']) retrieved from /opt/airflow/dags/6_xcoms.py
[2026-09-21T02:44:21.810+0000] {logging_mixin.py:149} INFO - [2026-09-21T02:44:21.810+0000] {dag.py:2726} INFO - Sync 1 DAGs
[2026-09-21T02:44:21.997+0000] {processor.py:178} INFO - Processing /opt/airflow/dags/6_xcoms.py took 0.375 seconds
[2026-09-21T02:44:52.045+0000] {processor.py:156} INFO - Started process (PID=1109) to work on /opt/airflow/dags/6_xcoms.py
[2026-09-21T02:44:52.048+0000] {processor.py:799} INFO - Processing file /opt/airflow/dags/6_xcoms.py for tasks to queue
[2026-09-21T02:44:52.049+0000] {logging_mixin.py:149} INFO - [2026-09-21T02:44:52.049+0000] {dagbag.py:541} INFO - Filling up the DagBag from /opt/airflow/dags/6_xcoms.py
[2026-09-21T02:44:52.058+0000] {processor.py:809} INFO - DAG(s) dict_keys(['6-XCom']) retrieved from /opt/airflow/dags/6_xcoms.py
[2026-09-21T02:44:52.097+0000] {logging_mixin.py:149} INFO - [2026-09-21T02:44:52.097+0000] {dag.py:2726} INFO - Sync 1 DAGs
[2026-09-21T02:44:52.164+0000] {processor.py:178} INFO - Processing /opt/airflow/dags/6_xcoms.py took 0.124 seconds
[2026-09-21T02:45:22.923+0000] {processor.py:156} INFO - Started process (PID=1120) to work on /opt/airflow/dags/6_xcoms.py
[2026-09-21T02:45:22.926+0000] {processor.py:799} INFO - Processing file /opt/airflow/dags/6_xcoms.py for tasks to queue
[2026-09-21T02:45:22.927+0000] {logging_mixin.py:149} INFO - [2026-09-21T02:45:22.927+0000] {dagbag.py:541} INFO - Filling up the DagBag from /opt/airflow/dags/6_xcoms.py
[2026-09-21T02:45:22.939+0000] {processor.py:809} INFO - DAG(s) dict_keys(['6-XCom']) retrieved from /opt/airflow/dags/6_xcoms.py
[2026-09-21T02:45:23.046+0000] {logging_mixin.py:149} INFO - [2026-09-21T02:45:23.046+0000] {dag.py:2726} INFO - Sync 1 DAGs
[2026-09-21T02:45:23.173+0000] {processor.py:178} INFO - Processing /opt/airflow/dags/6_xcoms.py took 0.259 seconds
[2026-09-21T02:45:53.860+0000] {processor.py:156} INFO - Started process (PID=1131) to work on /opt/airflow/dags/6_xcoms.py
[2026-09-21T02:45:53.863+0000] {processor.py:799} INFO - Processing file /opt/airflow/dags/6_xcoms.py for tasks to queue
[2026-09-21T02:45:53.865+0000] {logging_mixin.py:149} INFO - [2026-09-21T02:45:53.863+0000] {dagbag.py:541} INFO - Filling up the DagBag from /opt/airflow/dags/6_xcoms.py
[2026-09-21T02:45:53.877+0000] {processor.py:809} INFO - DAG(s) dict_keys(['6-XCom']) retrieved from /opt/airflow/dags/6_xcoms.py
[2026-09-21T02:45:53.934+0000] {logging_mixin.py:149} INFO - [2026-09-21T02:45:53.934+0000] {dag.py:2726} INFO - Sync 1 DAGs
[2026-09-21T02:45:54.014+0000] {processor.py:178} INFO - Processing /opt/airflow/dags/6_xcoms.py took 0.161 seconds
[2026-09-21T02:46:24.804+0000] {processor.py:156} INFO - Started process (PID=1142) to work on /opt/airflow/dags/6_xcoms.py
[2026-09-21T02:46:24.810+0000] {processor.py:799} INFO - Processing file /opt/airflow/dags/6_xcoms.py for tasks to queue
[2026-09-21T02:46:24.811+0000] {logging_mixin.py:149} INFO - [2026-09-21T02:46:24.811+0000] {dagbag.py:541} INFO - Filling up the DagBag from /opt/airflow/dags/6_xcoms.py
[2026-09-21T02:46:24.823+0000] {processor.py:809} INFO - DAG(s) dict_keys(['6-XCom']) retrieved from /opt/airflow/dags/6_xcoms.py
[2026-09-21T02:46:24.888+0000] {logging_mixin.py:149} INFO - [2026-09-21T02:46:24.888+0000] {dag.py:2726} INFO - Sync 1 DAGs
[2026-09-21T02:46:24.958+0000] {processor.py:178} INFO - Processing /opt/airflow/dags/6_xcoms.py took 0.160 seconds
[2026-09-21T02:46:55.044+0000] {processor.py:156} INFO - Started process (PID=1153) to work on /opt/airflow/dags/6_xcoms.py
[2026-09-21T02:46:55.050+0000] {processor.py:799} INFO - Processing file /opt/airflow/dags/6_xcoms.py for tasks to queue
[2026-09-21T02:46:55.051+0000] {logging_mixin.py:149} INFO - [2026-09-21T02:46:55.051+0000] {dagbag.py:541} INFO - Filling up the DagBag from /opt/airflow/dags/6_xcoms.py
[2026-09-21T02:46:55.062+0000] {processor.py:809} INFO - DAG(s) dict_keys(['6-XCom']) retrieved from /opt/airflow/dags/6_xcoms.py
[2026-09-21T02:46:55.130+0000] {logging_mixin.py:149} INFO - [2026-09-21T02:46:55.130+0000] {dag.py:2726} INFO - Sync 1 DAGs
[2026-09-21T02:46:55.217+0000] {processor.py:178} INFO - Processing /opt/airflow/dags/6_xcoms.py took 0.179 seconds
[2026-09-21T02:47:25.274+0000] {processor.py:156} INFO - Started process (PID=1164) to work on /opt/airflow/dags/6_xcoms.py
[2026-09-21T02:47:25.277+0000] {processor.py:799} INFO - Processing file /opt/airflow/dags/6_xcoms.py for tasks to queue
[2026-09-21T02:47:25.278+0000] {logging_mixin.py:149} INFO - [2026-09-21T02:47:25.278+0000] {dagbag.py:541} INFO - Filling up the DagBag from /opt/airflow/dags/6_xcoms.py
[2026-09-21T02:47:25.290+0000] {processor.py:809} INFO - DAG(s) dict_keys(['6-XCom']) retrieved from /opt/airflow/dags/6_xcoms.py
[2026-09-21T02:47:25.345+0000] {logging_mixin.py:149} INFO - [2026-09-21T02:47:25.344+0000] {dag.py:2726} INFO - Sync 1 DAGs
[2026-09-21T02:47:25.413+0000] {processor.py:178} INFO - Processing /opt/airflow/dags/6_xcoms.py took 0.146 seconds
[2026-09-21T02:47:56.226+0000] {processor.py:156} INFO - Started process (PID=1175) to work on /opt/airflow/dags/6_xcoms.py
[2026-09-21T02:47:56.228+0000] {processor.py:799} INFO - Processing file /opt/airflow/dags/6_xcoms.py for tasks to queue
[2026-09-21T02:47:56.230+0000] {logging_mixin.py:149} INFO - [2026-09-21T02:47:56.229+0000] {dagbag.py:541} INFO - Filling up the DagBag from /opt/airflow/dags/6_xcoms.py
[2026-09-21T02:47:56.241+0000] {processor.py:809} INFO - DAG(s) dict_keys(['6-XCom']) retrieved from /opt/airflow/dags/6_xcoms.py
[2026-09-21T02:47:56.302+0000] {logging_mixin.py:149} INFO - [2026-09-21T02:47:56.301+0000] {dag.py:2726} INFO - Sync 1 DAGs
[2026-09-21T02:47:56.375+0000] {processor.py:178} INFO - Processing /opt/airflow/dags/6_xcoms.py took 0.155 seconds
[2026-09-21T02:48:27.336+0000] {processor.py:156} INFO - Started process (PID=1186) to work on /opt/airflow/dags/6_xcoms.py
[2026-09-21T02:48:27.339+0000] {processor.py:799} INFO - Processing file /opt/airflow/dags/6_xcoms.py for tasks to queue
[2026-09-21T02:48:27.340+0000] {logging_mixin.py:149} INFO - [2026-09-21T02:48:27.340+0000] {dagbag.py:541} INFO - Filling up the DagBag from /opt/airflow/dags/6_xcoms.py
[2026-09-21T02:48:27.351+0000] {processor.py:809} INFO - DAG(s) dict_keys(['6-XCom']) retrieved from /opt/airflow/dags/6_xcoms.py
[2026-09-21T02:48:27.406+0000] {logging_mixin.py:149} INFO - [2026-09-21T02:48:27.406+0000] {dag.py:2726} INFO - Sync 1 DAGs
[2026-09-21T02:48:27.476+0000] {processor.py:178} INFO - Processing /opt/airflow/dags/6_xcoms.py took 0.148 seconds
[2026-09-21T02:48:58.522+0000] {processor.py:156} INFO - Started process (PID=1197) to work on /opt/airflow/dags/6_xcoms.py
[2026-09-21T02:48:58.524+0000] {processor.py:799} INFO - Processing file /opt/airflow/dags/6_xcoms.py for tasks to queue
[2026-09-21T02:48:58.526+0000] {logging_mixin.py:149} INFO - [2026-09-21T02:48:58.526+0000] {dagbag.py:541} INFO - Filling up the DagBag from /opt/airflow/dags/6_xcoms.py
[2026-09-21T02:48:58.542+0000] {processor.py:809} INFO - DAG(s) dict_keys(['6-XCom']) retrieved from /opt/airflow/dags/6_xcoms.py
[2026-09-21T02:48:58.628+0000] {logging_mixin.py:149} INFO - [2026-09-21T02:48:58.628+0000] {dag.py:2726} INFO - Sync 1 DAGs
[2026-09-21T02:48:58.699+0000] {processor.py:178} INFO - Processing /opt/airflow/dags/6_xcoms.py took 0.183 seconds
[2026-09-21T02:49:29.930+0000] {processor.py:156} INFO - Started process (PID=1208) to work on /opt/airflow/dags/6_xcoms.py
[2026-09-21T02:49:29.936+0000] {processor.py:799} INFO - Processing file /opt/airflow/dags/6_xcoms.py for tasks to queue
[2026-09-21T02:49:29.937+0000] {logging_mixin.py:149} INFO - [2026-09-21T02:49:29.936+0000] {dagbag.py:541} INFO - Filling up the DagBag from /opt/airflow/dags/6_xcoms.py
[2026-09-21T02:49:29.970+0000] {processor.py:809} INFO - DAG(s) dict_keys(['6-XCom']) retrieved from /opt/airflow/dags/6_xcoms.py
[2026-09-21T02:49:30.075+0000] {logging_mixin.py:149} INFO - [2026-09-21T02:49:30.075+0000] {dag.py:2726} INFO - Sync 1 DAGs
[2026-09-21T02:49:30.228+0000] {processor.py:178} INFO - Processing /opt/airflow/dags/6_xcoms.py took 0.320 seconds
[2026-09-21T02:50:01.221+0000] {processor.py:156} INFO - Started process (PID=1219) to work on /opt/airflow/dags/6_xcoms.py
[2026-09-21T02:50:01.225+0000] {processor.py:799} INFO - Processing file /opt/airflow/dags/6_xcoms.py for tasks to queue
[2026-09-21T02:50:01.226+0000] {logging_mixin.py:149} INFO - [2026-09-21T02:50:01.225+0000] {dagbag.py:541} INFO - Filling up the DagBag from /opt/airflow/dags/6_xcoms.py
[2026-09-21T02:50:01.243+0000] {processor.py:809} INFO - DAG(s) dict_keys(['6-XCom']) retrieved from /opt/airflow/dags/6_xcoms.py
[2026-09-21T02:50:01.320+0000] {logging_mixin.py:149} INFO - [2026-09-21T02:50:01.320+0000] {dag.py:2726} INFO - Sync 1 DAGs
[2026-09-21T02:50:01.456+0000] {processor.py:178} INFO - Processing /opt/airflow/dags/6_xcoms.py took 0.247 seconds
[2026-09-21T02:50:31.570+0000] {processor.py:156} INFO - Started process (PID=1230) to work on /opt/airflow/dags/6_xcoms.py
[2026-09-21T02:50:31.572+0000] {processor.py:799} INFO - Processing file /opt/airflow/dags/6_xcoms.py for tasks to queue
[2026-09-21T02:50:31.573+0000] {logging_mixin.py:149} INFO - [2026-09-21T02:50:31.573+0000] {dagbag.py:541} INFO - Filling up the DagBag from /opt/airflow/dags/6_xcoms.py
[2026-09-21T02:50:31.592+0000] {processor.py:809} INFO - DAG(s) dict_keys(['6-XCom']) retrieved from /opt/airflow/dags/6_xcoms.py
[2026-09-21T02:50:31.662+0000] {logging_mixin.py:149} INFO - [2026-09-21T02:50:31.661+0000] {dag.py:2726} INFO - Sync 1 DAGs
[2026-09-21T02:50:31.763+0000] {processor.py:178} INFO - Processing /opt/airflow/dags/6_xcoms.py took 0.214 seconds
[2026-09-21T02:51:02.009+0000] {processor.py:156} INFO - Started process (PID=1241) to work on /opt/airflow/dags/6_xcoms.py
[2026-09-21T02:51:02.021+0000] {processor.py:799} INFO - Processing file /opt/airflow/dags/6_xcoms.py for tasks to queue
[2026-09-21T02:51:02.024+0000] {logging_mixin.py:149} INFO - [2026-09-21T02:51:02.023+0000] {dagbag.py:541} INFO - Filling up the DagBag from /opt/airflow/dags/6_xcoms.py
[2026-09-21T02:51:02.037+0000] {processor.py:809} INFO - DAG(s) dict_keys(['6-XCom']) retrieved from /opt/airflow/dags/6_xcoms.py
[2026-09-21T02:51:02.087+0000] {logging_mixin.py:149} INFO - [2026-09-21T02:51:02.087+0000] {dag.py:2726} INFO - Sync 1 DAGs
[2026-09-21T02:51:02.156+0000] {processor.py:178} INFO - Processing /opt/airflow/dags/6_xcoms.py took 0.156 seconds
[2026-09-21T02:51:32.900+0000] {processor.py:156} INFO - Started process (PID=1252) to work on /opt/airflow/dags/6_xcoms.py
[2026-09-21T02:51:32.905+0000] {processor.py:799} INFO - Processing file /opt/airflow/dags/6_xcoms.py for tasks to queue
[2026-09-21T02:51:32.906+0000] {logging_mixin.py:149} INFO - [2026-09-21T02:51:32.906+0000] {dagbag.py:541} INFO - Filling up the DagBag from /opt/airflow/dags/6_xcoms.py
[2026-09-21T02:51:32.921+0000] {processor.py:809} INFO - DAG(s) dict_keys(['6-XCom']) retrieved from /opt/airflow/dags/6_xcoms.py
[2026-09-21T02:51:32.997+0000] {logging_mixin.py:149} INFO - [2026-09-21T02:51:32.997+0000] {dag.py:2726} INFO - Sync 1 DAGs
[2026-09-21T02:51:33.139+0000] {processor.py:178} INFO - Processing /opt/airflow/dags/6_xcoms.py took 0.247 seconds
[2026-09-21T02:52:04.016+0000] {processor.py:156} INFO - Started process (PID=1263) to work on /opt/airflow/dags/6_xcoms.py
[2026-09-21T02:52:04.021+0000] {processor.py:799} INFO - Processing file /opt/airflow/dags/6_xcoms.py for tasks to queue
[2026-09-21T02:52:04.022+0000] {logging_mixin.py:149} INFO - [2026-09-21T02:52:04.021+0000] {dagbag.py:541} INFO - Filling up the DagBag from /opt/airflow/dags/6_xcoms.py
[2026-09-21T02:52:04.038+0000] {processor.py:809} INFO - DAG(s) dict_keys(['6-XCom']) retrieved from /opt/airflow/dags/6_xcoms.py
[2026-09-21T02:52:04.120+0000] {logging_mixin.py:149} INFO - [2026-09-21T02:52:04.119+0000] {dag.py:2726} INFO - Sync 1 DAGs
[2026-09-21T02:52:04.216+0000] {processor.py:178} INFO - Processing /opt/airflow/dags/6_xcoms.py took 0.207 seconds
[2026-09-21T02:52:34.851+0000] {processor.py:156} INFO - Started process (PID=1274) to work on /opt/airflow/dags/6_xcoms.py
[2026-09-21T02:52:34.853+0000] {processor.py:799} INFO - Processing file /opt/airflow/dags/6_xcoms.py for tasks to queue
[2026-09-21T02:52:34.854+0000] {logging_mixin.py:149} INFO - [2026-09-21T02:52:34.854+0000] {dagbag.py:541} INFO - Filling up the DagBag from /opt/airflow/dags/6_xcoms.py
[2026-09-21T02:52:34.863+0000] {processor.py:809} INFO - DAG(s) dict_keys(['6-XCom']) retrieved from /opt/airflow/dags/6_xcoms.py
[2026-09-21T02:52:34.921+0000] {logging_mixin.py:149} INFO - [2026-09-21T02:52:34.921+0000] {dag.py:2726} INFO - Sync 1 DAGs
[2026-09-21T02:52:34.988+0000] {processor.py:178} INFO - Processing /opt/airflow/dags/6_xcoms.py took 0.142 seconds
[2026-09-21T02:53:05.697+0000] {processor.py:156} INFO - Started process (PID=1285) to work on /opt/airflow/dags/6_xcoms.py
[2026-09-21T02:53:05.700+0000] {processor.py:799} INFO - Processing file /opt/airflow/dags/6_xcoms.py for tasks to queue
[2026-09-21T02:53:05.701+0000] {logging_mixin.py:149} INFO - [2026-09-21T02:53:05.701+0000] {dagbag.py:541} INFO - Filling up the DagBag from /opt/airflow/dags/6_xcoms.py
[2026-09-21T02:53:05.715+0000] {processor.py:809} INFO - DAG(s) dict_keys(['6-XCom']) retrieved from /opt/airflow/dags/6_xcoms.py
[2026-09-21T02:53:05.767+0000] {logging_mixin.py:149} INFO - [2026-09-21T02:53:05.767+0000] {dag.py:2726} INFO - Sync 1 DAGs
[2026-09-21T02:53:05.835+0000] {processor.py:178} INFO - Processing /opt/airflow/dags/6_xcoms.py took 0.145 seconds
[2026-09-21T02:53:36.741+0000] {processor.py:156} INFO - Started process (PID=1296) to work on /opt/airflow/dags/6_xcoms.py
[2026-09-21T02:53:36.744+0000] {processor.py:799} INFO - Processing file /opt/airflow/dags/6_xcoms.py for tasks to queue
[2026-09-21T02:53:36.745+0000] {logging_mixin.py:149} INFO - [2026-09-21T02:53:36.744+0000] {dagbag.py:541} INFO - Filling up the DagBag from /opt/airflow/dags/6_xcoms.py
[2026-09-21T02:53:36.757+0000] {processor.py:809} INFO - DAG(s) dict_keys(['6-XCom']) retrieved from /opt/airflow/dags/6_xcoms.py
[2026-09-21T02:53:36.842+0000] {logging_mixin.py:149} INFO - [2026-09-21T02:53:36.841+0000] {dag.py:2726} INFO - Sync 1 DAGs
[2026-09-21T02:53:36.939+0000] {processor.py:178} INFO - Processing /opt/airflow/dags/6_xcoms.py took 0.206 seconds
[2026-09-21T02:54:07.787+0000] {processor.py:156} INFO - Started process (PID=1307) to work on /opt/airflow/dags/6_xcoms.py
[2026-09-21T02:54:07.789+0000] {processor.py:799} INFO - Processing file /opt/airflow/dags/6_xcoms.py for tasks to queue
[2026-09-21T02:54:07.791+0000] {logging_mixin.py:149} INFO - [2026-09-21T02:54:07.790+0000] {dagbag.py:541} INFO - Filling up the DagBag from /opt/airflow/dags/6_xcoms.py
[2026-09-21T02:54:07.805+0000] {processor.py:809} INFO - DAG(s) dict_keys(['6-XCom']) retrieved from /opt/airflow/dags/6_xcoms.py
[2026-09-21T02:54:07.857+0000] {logging_mixin.py:149} INFO - [2026-09-21T02:54:07.857+0000] {dag.py:2726} INFO - Sync 1 DAGs
[2026-09-21T02:54:07.933+0000] {processor.py:178} INFO - Processing /opt/airflow/dags/6_xcoms.py took 0.152 seconds
[2026-09-21T02:54:38.707+0000] {processor.py:156} INFO - Started process (PID=1318) to work on /opt/airflow/dags/6_xcoms.py
[2026-09-21T02:54:38.710+0000] {processor.py:799} INFO - Processing file /opt/airflow/dags/6_xcoms.py for tasks to queue
[2026-09-21T02:54:38.711+0000] {logging_mixin.py:149} INFO - [2026-09-21T02:54:38.711+0000] {dagbag.py:541} INFO - Filling up the DagBag from /opt/airflow/dags/6_xcoms.py
[2026-09-21T02:54:38.724+0000] {processor.py:809} INFO - DAG(s) dict_keys(['6-XCom']) retrieved from /opt/airflow/dags/6_xcoms.py
[2026-09-21T02:54:38.790+0000] {logging_mixin.py:149} INFO - [2026-09-21T02:54:38.789+0000] {dag.py:2726} INFO - Sync 1 DAGs
[2026-09-21T02:54:38.860+0000] {processor.py:178} INFO - Processing /opt/airflow/dags/6_xcoms.py took 0.161 seconds
[2026-09-21T02:55:09.819+0000] {processor.py:156} INFO - Started process (PID=1329) to work on /opt/airflow/dags/6_xcoms.py
[2026-09-21T02:55:09.822+0000] {processor.py:799} INFO - Processing file /opt/airflow/dags/6_xcoms.py for tasks to queue
[2026-09-21T02:55:09.823+0000] {logging_mixin.py:149} INFO - [2026-09-21T02:55:09.823+0000] {dagbag.py:541} INFO - Filling up the DagBag from /opt/airflow/dags/6_xcoms.py
[2026-09-21T02:55:09.835+0000] {processor.py:809} INFO - DAG(s) dict_keys(['6-XCom']) retrieved from /opt/airflow/dags/6_xcoms.py
[2026-09-21T02:55:09.898+0000] {logging_mixin.py:149} INFO - [2026-09-21T02:55:09.898+0000] {dag.py:2726} INFO - Sync 1 DAGs
[2026-09-21T02:55:09.984+0000] {processor.py:178} INFO - Processing /opt/airflow/dags/6_xcoms.py took 0.172 seconds
[2026-09-21T02:55:40.846+0000] {processor.py:156} INFO - Started process (PID=1340) to work on /opt/airflow/dags/6_xcoms.py
[2026-09-21T02:55:40.848+0000] {processor.py:799} INFO - Processing file /opt/airflow/dags/6_xcoms.py for tasks to queue
[2026-09-21T02:55:40.849+0000] {logging_mixin.py:149} INFO - [2026-09-21T02:55:40.849+0000] {dagbag.py:541} INFO - Filling up the DagBag from /opt/airflow/dags/6_xcoms.py
[2026-09-21T02:55:40.859+0000] {processor.py:809} INFO - DAG(s) dict_keys(['6-XCom']) retrieved from /opt/airflow/dags/6_xcoms.py
[2026-09-21T02:55:40.906+0000] {logging_mixin.py:149} INFO - [2026-09-21T02:55:40.906+0000] {dag.py:2726} INFO - Sync 1 DAGs
[2026-09-21T02:55:40.955+0000] {processor.py:178} INFO - Processing /opt/airflow/dags/6_xcoms.py took 0.114 seconds
[2026-09-21T02:56:11.836+0000] {processor.py:156} INFO - Started process (PID=1351) to work on /opt/airflow/dags/6_xcoms.py
[2026-09-21T02:56:11.839+0000] {processor.py:799} INFO - Processing file /opt/airflow/dags/6_xcoms.py for tasks to queue
[2026-09-21T02:56:11.840+0000] {logging_mixin.py:149} INFO - [2026-09-21T02:56:11.840+0000] {dagbag.py:541} INFO - Filling up the DagBag from /opt/airflow/dags/6_xcoms.py
[2026-09-21T02:56:11.853+0000] {processor.py:809} INFO - DAG(s) dict_keys(['6-XCom']) retrieved from /opt/airflow/dags/6_xcoms.py
[2026-09-21T02:56:11.942+0000] {logging_mixin.py:149} INFO - [2026-09-21T02:56:11.941+0000] {dag.py:2726} INFO - Sync 1 DAGs
[2026-09-21T02:56:12.050+0000] {processor.py:178} INFO - Processing /opt/airflow/dags/6_xcoms.py took 0.229 seconds
[2026-09-21T02:56:42.179+0000] {processor.py:156} INFO - Started process (PID=1362) to work on /opt/airflow/dags/6_xcoms.py
[2026-09-21T02:56:42.183+0000] {processor.py:799} INFO - Processing file /opt/airflow/dags/6_xcoms.py for tasks to queue
[2026-09-21T02:56:42.184+0000] {logging_mixin.py:149} INFO - [2026-09-21T02:56:42.184+0000] {dagbag.py:541} INFO - Filling up the DagBag from /opt/airflow/dags/6_xcoms.py
[2026-09-21T02:56:42.197+0000] {processor.py:809} INFO - DAG(s) dict_keys(['6-XCom']) retrieved from /opt/airflow/dags/6_xcoms.py
[2026-09-21T02:56:42.290+0000] {logging_mixin.py:149} INFO - [2026-09-21T02:56:42.290+0000] {dag.py:2726} INFO - Sync 1 DAGs
[2026-09-21T02:56:42.362+0000] {processor.py:178} INFO - Processing /opt/airflow/dags/6_xcoms.py took 0.188 seconds
[2026-09-21T02:57:12.497+0000] {processor.py:156} INFO - Started process (PID=1373) to work on /opt/airflow/dags/6_xcoms.py
[2026-09-21T02:57:12.500+0000] {processor.py:799} INFO - Processing file /opt/airflow/dags/6_xcoms.py for tasks to queue
[2026-09-21T02:57:12.501+0000] {logging_mixin.py:149} INFO - [2026-09-21T02:57:12.500+0000] {dagbag.py:541} INFO - Filling up the DagBag from /opt/airflow/dags/6_xcoms.py
[2026-09-21T02:57:12.514+0000] {processor.py:809} INFO - DAG(s) dict_keys(['6-XCom']) retrieved from /opt/airflow/dags/6_xcoms.py
[2026-09-21T02:57:12.575+0000] {logging_mixin.py:149} INFO - [2026-09-21T02:57:12.574+0000] {dag.py:2726} INFO - Sync 1 DAGs
[2026-09-21T02:57:12.648+0000] {processor.py:178} INFO - Processing /opt/airflow/dags/6_xcoms.py took 0.157 seconds
[2026-09-21T02:57:42.710+0000] {processor.py:156} INFO - Started process (PID=1384) to work on /opt/airflow/dags/6_xcoms.py
[2026-09-21T02:57:42.712+0000] {processor.py:799} INFO - Processing file /opt/airflow/dags/6_xcoms.py for tasks to queue
[2026-09-21T02:57:42.713+0000] {logging_mixin.py:149} INFO - [2026-09-21T02:57:42.713+0000] {dagbag.py:541} INFO - Filling up the DagBag from /opt/airflow/dags/6_xcoms.py
[2026-09-21T02:57:42.725+0000] {processor.py:809} INFO - DAG(s) dict_keys(['6-XCom']) retrieved from /opt/airflow/dags/6_xcoms.py
[2026-09-21T02:57:42.781+0000] {logging_mixin.py:149} INFO - [2026-09-21T02:57:42.781+0000] {dag.py:2726} INFO - Sync 1 DAGs
[2026-09-21T02:57:42.855+0000] {processor.py:178} INFO - Processing /opt/airflow/dags/6_xcoms.py took 0.151 seconds
[2026-09-21T02:58:12.975+0000] {processor.py:156} INFO - Started process (PID=1395) to work on /opt/airflow/dags/6_xcoms.py
[2026-09-21T02:58:12.977+0000] {processor.py:799} INFO - Processing file /opt/airflow/dags/6_xcoms.py for tasks to queue
[2026-09-21T02:58:12.978+0000] {logging_mixin.py:149} INFO - [2026-09-21T02:58:12.978+0000] {dagbag.py:541} INFO - Filling up the DagBag from /opt/airflow/dags/6_xcoms.py
[2026-09-21T02:58:12.992+0000] {processor.py:809} INFO - DAG(s) dict_keys(['6-XCom']) retrieved from /opt/airflow/dags/6_xcoms.py
[2026-09-21T02:58:13.050+0000] {logging_mixin.py:149} INFO - [2026-09-21T02:58:13.050+0000] {dag.py:2726} INFO - Sync 1 DAGs
[2026-09-21T02:58:13.126+0000] {processor.py:178} INFO - Processing /opt/airflow/dags/6_xcoms.py took 0.158 seconds
[2026-09-21T02:58:44.119+0000] {processor.py:156} INFO - Started process (PID=1406) to work on /opt/airflow/dags/6_xcoms.py
[2026-09-21T02:58:44.121+0000] {processor.py:799} INFO - Processing file /opt/airflow/dags/6_xcoms.py for tasks to queue
[2026-09-21T02:58:44.121+0000] {logging_mixin.py:149} INFO - [2026-09-21T02:58:44.121+0000] {dagbag.py:541} INFO - Filling up the DagBag from /opt/airflow/dags/6_xcoms.py
[2026-09-21T02:58:44.132+0000] {processor.py:809} INFO - DAG(s) dict_keys(['6-XCom']) retrieved from /opt/airflow/dags/6_xcoms.py
[2026-09-21T02:58:44.178+0000] {logging_mixin.py:149} INFO - [2026-09-21T02:58:44.178+0000] {dag.py:2726} INFO - Sync 1 DAGs
[2026-09-21T02:58:44.236+0000] {processor.py:178} INFO - Processing /opt/airflow/dags/6_xcoms.py took 0.122 seconds
[2026-09-21T02:59:15.075+0000] {processor.py:156} INFO - Started process (PID=1417) to work on /opt/airflow/dags/6_xcoms.py
[2026-09-21T02:59:15.077+0000] {processor.py:799} INFO - Processing file /opt/airflow/dags/6_xcoms.py for tasks to queue
[2026-09-21T02:59:15.078+0000] {logging_mixin.py:149} INFO - [2026-09-21T02:59:15.078+0000] {dagbag.py:541} INFO - Filling up the DagBag from /opt/airflow/dags/6_xcoms.py
[2026-09-21T02:59:15.090+0000] {processor.py:809} INFO - DAG(s) dict_keys(['6-XCom']) retrieved from /opt/airflow/dags/6_xcoms.py
[2026-09-21T02:59:15.146+0000] {logging_mixin.py:149} INFO - [2026-09-21T02:59:15.146+0000] {dag.py:2726} INFO - Sync 1 DAGs
[2026-09-21T02:59:15.215+0000] {processor.py:178} INFO - Processing /opt/airflow/dags/6_xcoms.py took 0.149 seconds
[2026-09-21T02:59:45.268+0000] {processor.py:156} INFO - Started process (PID=1428) to work on /opt/airflow/dags/6_xcoms.py
[2026-09-21T02:59:45.270+0000] {processor.py:799} INFO - Processing file /opt/airflow/dags/6_xcoms.py for tasks to queue
[2026-09-21T02:59:45.271+0000] {logging_mixin.py:149} INFO - [2026-09-21T02:59:45.271+0000] {dagbag.py:541} INFO - Filling up the DagBag from /opt/airflow/dags/6_xcoms.py
[2026-09-21T02:59:45.283+0000] {processor.py:809} INFO - DAG(s) dict_keys(['6-XCom']) retrieved from /opt/airflow/dags/6_xcoms.py
[2026-09-21T02:59:45.336+0000] {logging_mixin.py:149} INFO - [2026-09-21T02:59:45.335+0000] {dag.py:2726} INFO - Sync 1 DAGs
[2026-09-21T02:59:45.400+0000] {processor.py:178} INFO - Processing /opt/airflow/dags/6_xcoms.py took 0.139 seconds
[2026-09-21T03:00:16.275+0000] {processor.py:156} INFO - Started process (PID=1439) to work on /opt/airflow/dags/6_xcoms.py
[2026-09-21T03:00:16.276+0000] {processor.py:799} INFO - Processing file /opt/airflow/dags/6_xcoms.py for tasks to queue
[2026-09-21T03:00:16.277+0000] {logging_mixin.py:149} INFO - [2026-09-21T03:00:16.277+0000] {dagbag.py:541} INFO - Filling up the DagBag from /opt/airflow/dags/6_xcoms.py
[2026-09-21T03:00:16.287+0000] {processor.py:809} INFO - DAG(s) dict_keys(['6-XCom']) retrieved from /opt/airflow/dags/6_xcoms.py
[2026-09-21T03:00:16.331+0000] {logging_mixin.py:149} INFO - [2026-09-21T03:00:16.331+0000] {dag.py:2726} INFO - Sync 1 DAGs
[2026-09-21T03:00:16.384+0000] {processor.py:178} INFO - Processing /opt/airflow/dags/6_xcoms.py took 0.114 seconds
[2026-09-21T03:00:47.221+0000] {processor.py:156} INFO - Started process (PID=1450) to work on /opt/airflow/dags/6_xcoms.py
[2026-09-21T03:00:47.223+0000] {processor.py:799} INFO - Processing file /opt/airflow/dags/6_xcoms.py for tasks to queue
[2026-09-21T03:00:47.224+0000] {logging_mixin.py:149} INFO - [2026-09-21T03:00:47.224+0000] {dagbag.py:541} INFO - Filling up the DagBag from /opt/airflow/dags/6_xcoms.py
[2026-09-21T03:00:47.234+0000] {processor.py:809} INFO - DAG(s) dict_keys(['6-XCom']) retrieved from /opt/airflow/dags/6_xcoms.py
[2026-09-21T03:00:47.275+0000] {logging_mixin.py:149} INFO - [2026-09-21T03:00:47.275+0000] {dag.py:2726} INFO - Sync 1 DAGs
[2026-09-21T03:00:47.325+0000] {processor.py:178} INFO - Processing /opt/airflow/dags/6_xcoms.py took 0.110 seconds
[2026-09-21T03:01:18.057+0000] {processor.py:156} INFO - Started process (PID=1461) to work on /opt/airflow/dags/6_xcoms.py
[2026-09-21T03:01:18.063+0000] {processor.py:799} INFO - Processing file /opt/airflow/dags/6_xcoms.py for tasks to queue
[2026-09-21T03:01:18.065+0000] {logging_mixin.py:149} INFO - [2026-09-21T03:01:18.064+0000] {dagbag.py:541} INFO - Filling up the DagBag from /opt/airflow/dags/6_xcoms.py
[2026-09-21T03:01:18.087+0000] {processor.py:809} INFO - DAG(s) dict_keys(['6-XCom']) retrieved from /opt/airflow/dags/6_xcoms.py
[2026-09-21T03:01:18.160+0000] {logging_mixin.py:149} INFO - [2026-09-21T03:01:18.160+0000] {dag.py:2726} INFO - Sync 1 DAGs
[2026-09-21T03:01:18.277+0000] {processor.py:178} INFO - Processing /opt/airflow/dags/6_xcoms.py took 0.233 seconds
[2026-09-21T03:01:49.231+0000] {processor.py:156} INFO - Started process (PID=1472) to work on /opt/airflow/dags/6_xcoms.py
[2026-09-21T03:01:49.234+0000] {processor.py:799} INFO - Processing file /opt/airflow/dags/6_xcoms.py for tasks to queue
[2026-09-21T03:01:49.236+0000] {logging_mixin.py:149} INFO - [2026-09-21T03:01:49.235+0000] {dagbag.py:541} INFO - Filling up the DagBag from /opt/airflow/dags/6_xcoms.py
[2026-09-21T03:01:49.246+0000] {processor.py:809} INFO - DAG(s) dict_keys(['6-XCom']) retrieved from /opt/airflow/dags/6_xcoms.py
[2026-09-21T03:01:49.334+0000] {logging_mixin.py:149} INFO - [2026-09-21T03:01:49.333+0000] {dag.py:2726} INFO - Sync 1 DAGs
[2026-09-21T03:01:49.413+0000] {processor.py:178} INFO - Processing /opt/airflow/dags/6_xcoms.py took 0.194 seconds
[2026-09-21T03:02:19.486+0000] {processor.py:156} INFO - Started process (PID=1483) to work on /opt/airflow/dags/6_xcoms.py
[2026-09-21T03:02:19.489+0000] {processor.py:799} INFO - Processing file /opt/airflow/dags/6_xcoms.py for tasks to queue
[2026-09-21T03:02:19.490+0000] {logging_mixin.py:149} INFO - [2026-09-21T03:02:19.490+0000] {dagbag.py:541} INFO - Filling up the DagBag from /opt/airflow/dags/6_xcoms.py
[2026-09-21T03:02:19.505+0000] {processor.py:809} INFO - DAG(s) dict_keys(['6-XCom']) retrieved from /opt/airflow/dags/6_xcoms.py
[2026-09-21T03:02:19.565+0000] {logging_mixin.py:149} INFO - [2026-09-21T03:02:19.565+0000] {dag.py:2726} INFO - Sync 1 DAGs
[2026-09-21T03:02:19.636+0000] {processor.py:178} INFO - Processing /opt/airflow/dags/6_xcoms.py took 0.158 seconds
[2026-09-21T03:02:49.702+0000] {processor.py:156} INFO - Started process (PID=1494) to work on /opt/airflow/dags/6_xcoms.py
[2026-09-21T03:02:49.704+0000] {processor.py:799} INFO - Processing file /opt/airflow/dags/6_xcoms.py for tasks to queue
[2026-09-21T03:02:49.705+0000] {logging_mixin.py:149} INFO - [2026-09-21T03:02:49.705+0000] {dagbag.py:541} INFO - Filling up the DagBag from /opt/airflow/dags/6_xcoms.py
[2026-09-21T03:02:49.716+0000] {processor.py:809} INFO - DAG(s) dict_keys(['6-XCom']) retrieved from /opt/airflow/dags/6_xcoms.py
[2026-09-21T03:02:49.786+0000] {logging_mixin.py:149} INFO - [2026-09-21T03:02:49.786+0000] {dag.py:2726} INFO - Sync 1 DAGs
[2026-09-21T03:02:49.875+0000] {processor.py:178} INFO - Processing /opt/airflow/dags/6_xcoms.py took 0.179 seconds
[2026-09-21T03:03:20.765+0000] {processor.py:156} INFO - Started process (PID=1505) to work on /opt/airflow/dags/6_xcoms.py
[2026-09-21T03:03:20.769+0000] {processor.py:799} INFO - Processing file /opt/airflow/dags/6_xcoms.py for tasks to queue
[2026-09-21T03:03:20.773+0000] {logging_mixin.py:149} INFO - [2026-09-21T03:03:20.772+0000] {dagbag.py:541} INFO - Filling up the DagBag from /opt/airflow/dags/6_xcoms.py
[2026-09-21T03:03:20.795+0000] {processor.py:809} INFO - DAG(s) dict_keys(['6-XCom']) retrieved from /opt/airflow/dags/6_xcoms.py
[2026-09-21T03:03:20.851+0000] {logging_mixin.py:149} INFO - [2026-09-21T03:03:20.851+0000] {dag.py:2726} INFO - Sync 1 DAGs
[2026-09-21T03:03:20.921+0000] {processor.py:178} INFO - Processing /opt/airflow/dags/6_xcoms.py took 0.165 seconds
[2026-09-21T03:03:51.838+0000] {processor.py:156} INFO - Started process (PID=1516) to work on /opt/airflow/dags/6_xcoms.py
[2026-09-21T03:03:51.841+0000] {processor.py:799} INFO - Processing file /opt/airflow/dags/6_xcoms.py for tasks to queue
[2026-09-21T03:03:51.841+0000] {logging_mixin.py:149} INFO - [2026-09-21T03:03:51.841+0000] {dagbag.py:541} INFO - Filling up the DagBag from /opt/airflow/dags/6_xcoms.py
[2026-09-21T03:03:51.850+0000] {processor.py:809} INFO - DAG(s) dict_keys(['6-XCom']) retrieved from /opt/airflow/dags/6_xcoms.py
[2026-09-21T03:03:51.908+0000] {logging_mixin.py:149} INFO - [2026-09-21T03:03:51.908+0000] {dag.py:2726} INFO - Sync 1 DAGs
[2026-09-21T03:03:51.971+0000] {processor.py:178} INFO - Processing /opt/airflow/dags/6_xcoms.py took 0.137 seconds
[2026-09-21T03:04:22.865+0000] {processor.py:156} INFO - Started process (PID=1527) to work on /opt/airflow/dags/6_xcoms.py
[2026-09-21T03:04:22.868+0000] {processor.py:799} INFO - Processing file /opt/airflow/dags/6_xcoms.py for tasks to queue
[2026-09-21T03:04:22.869+0000] {logging_mixin.py:149} INFO - [2026-09-21T03:04:22.869+0000] {dagbag.py:541} INFO - Filling up the DagBag from /opt/airflow/dags/6_xcoms.py
[2026-09-21T03:04:22.881+0000] {processor.py:809} INFO - DAG(s) dict_keys(['6-XCom']) retrieved from /opt/airflow/dags/6_xcoms.py
[2026-09-21T03:04:22.934+0000] {logging_mixin.py:149} INFO - [2026-09-21T03:04:22.933+0000] {dag.py:2726} INFO - Sync 1 DAGs
[2026-09-21T03:04:23.003+0000] {processor.py:178} INFO - Processing /opt/airflow/dags/6_xcoms.py took 0.144 seconds
[2026-09-21T03:04:53.096+0000] {processor.py:156} INFO - Started process (PID=1538) to work on /opt/airflow/dags/6_xcoms.py
[2026-09-21T03:04:53.098+0000] {processor.py:799} INFO - Processing file /opt/airflow/dags/6_xcoms.py for tasks to queue
[2026-09-21T03:04:53.100+0000] {logging_mixin.py:149} INFO - [2026-09-21T03:04:53.099+0000] {dagbag.py:541} INFO - Filling up the DagBag from /opt/airflow/dags/6_xcoms.py
[2026-09-21T03:04:53.112+0000] {processor.py:809} INFO - DAG(s) dict_keys(['6-XCom']) retrieved from /opt/airflow/dags/6_xcoms.py
[2026-09-21T03:04:53.164+0000] {logging_mixin.py:149} INFO - [2026-09-21T03:04:53.164+0000] {dag.py:2726} INFO - Sync 1 DAGs
[2026-09-21T03:04:53.251+0000] {processor.py:178} INFO - Processing /opt/airflow/dags/6_xcoms.py took 0.161 seconds
[2026-09-21T03:05:23.571+0000] {processor.py:156} INFO - Started process (PID=1549) to work on /opt/airflow/dags/6_xcoms.py
[2026-09-21T03:05:23.573+0000] {processor.py:799} INFO - Processing file /opt/airflow/dags/6_xcoms.py for tasks to queue
[2026-09-21T03:05:23.574+0000] {logging_mixin.py:149} INFO - [2026-09-21T03:05:23.574+0000] {dagbag.py:541} INFO - Filling up the DagBag from /opt/airflow/dags/6_xcoms.py
[2026-09-21T03:05:23.590+0000] {processor.py:809} INFO - DAG(s) dict_keys(['6-XCom']) retrieved from /opt/airflow/dags/6_xcoms.py
[2026-09-21T03:05:23.650+0000] {logging_mixin.py:149} INFO - [2026-09-21T03:05:23.649+0000] {dag.py:2726} INFO - Sync 1 DAGs
[2026-09-21T03:05:23.702+0000] {processor.py:178} INFO - Processing /opt/airflow/dags/6_xcoms.py took 0.144 seconds
[2026-09-21T03:05:54.603+0000] {processor.py:156} INFO - Started process (PID=1560) to work on /opt/airflow/dags/6_xcoms.py
[2026-09-21T03:05:54.605+0000] {processor.py:799} INFO - Processing file /opt/airflow/dags/6_xcoms.py for tasks to queue
[2026-09-21T03:05:54.606+0000] {logging_mixin.py:149} INFO - [2026-09-21T03:05:54.606+0000] {dagbag.py:541} INFO - Filling up the DagBag from /opt/airflow/dags/6_xcoms.py
[2026-09-21T03:05:54.619+0000] {processor.py:809} INFO - DAG(s) dict_keys(['6-XCom']) retrieved from /opt/airflow/dags/6_xcoms.py
[2026-09-21T03:05:54.666+0000] {logging_mixin.py:149} INFO - [2026-09-21T03:05:54.666+0000] {dag.py:2726} INFO - Sync 1 DAGs
[2026-09-21T03:05:54.718+0000] {processor.py:178} INFO - Processing /opt/airflow/dags/6_xcoms.py took 0.121 seconds
[2026-09-21T03:06:25.499+0000] {processor.py:156} INFO - Started process (PID=1571) to work on /opt/airflow/dags/6_xcoms.py
[2026-09-21T03:06:25.502+0000] {processor.py:799} INFO - Processing file /opt/airflow/dags/6_xcoms.py for tasks to queue
[2026-09-21T03:06:25.503+0000] {logging_mixin.py:149} INFO - [2026-09-21T03:06:25.502+0000] {dagbag.py:541} INFO - Filling up the DagBag from /opt/airflow/dags/6_xcoms.py
[2026-09-21T03:06:25.513+0000] {processor.py:809} INFO - DAG(s) dict_keys(['6-XCom']) retrieved from /opt/airflow/dags/6_xcoms.py
[2026-09-21T03:06:25.571+0000] {logging_mixin.py:149} INFO - [2026-09-21T03:06:25.571+0000] {dag.py:2726} INFO - Sync 1 DAGs
[2026-09-21T03:06:25.668+0000] {processor.py:178} INFO - Processing /opt/airflow/dags/6_xcoms.py took 0.176 seconds
[2026-09-21T03:06:55.751+0000] {processor.py:156} INFO - Started process (PID=1582) to work on /opt/airflow/dags/6_xcoms.py
[2026-09-21T03:06:55.753+0000] {processor.py:799} INFO - Processing file /opt/airflow/dags/6_xcoms.py for tasks to queue
[2026-09-21T03:06:55.754+0000] {logging_mixin.py:149} INFO - [2026-09-21T03:06:55.754+0000] {dagbag.py:541} INFO - Filling up the DagBag from /opt/airflow/dags/6_xcoms.py
[2026-09-21T03:06:55.769+0000] {processor.py:809} INFO - DAG(s) dict_keys(['6-XCom']) retrieved from /opt/airflow/dags/6_xcoms.py
[2026-09-21T03:06:55.823+0000] {logging_mixin.py:149} INFO - [2026-09-21T03:06:55.823+0000] {dag.py:2726} INFO - Sync 1 DAGs
[2026-09-21T03:06:55.894+0000] {processor.py:178} INFO - Processing /opt/airflow/dags/6_xcoms.py took 0.150 seconds
[2026-09-21T03:07:11.291+0000] {processor.py:156} INFO - Started process (PID=1593) to work on /opt/airflow/dags/6_xcoms.py
[2026-09-21T03:07:11.296+0000] {processor.py:799} INFO - Processing file /opt/airflow/dags/6_xcoms.py for tasks to queue
[2026-09-21T03:07:11.298+0000] {logging_mixin.py:149} INFO - [2026-09-21T03:07:11.297+0000] {dagbag.py:541} INFO - Filling up the DagBag from /opt/airflow/dags/6_xcoms.py
[2026-09-21T03:07:11.310+0000] {processor.py:809} INFO - DAG(s) dict_keys(['6-XCom']) retrieved from /opt/airflow/dags/6_xcoms.py
[2026-09-21T03:07:11.372+0000] {logging_mixin.py:149} INFO - [2026-09-21T03:07:11.372+0000] {dag.py:2726} INFO - Sync 1 DAGs
[2026-09-21T03:07:11.463+0000] {processor.py:178} INFO - Processing /opt/airflow/dags/6_xcoms.py took 0.178 seconds
[2026-09-21T03:07:42.408+0000] {processor.py:156} INFO - Started process (PID=1604) to work on /opt/airflow/dags/6_xcoms.py
[2026-09-21T03:07:42.411+0000] {processor.py:799} INFO - Processing file /opt/airflow/dags/6_xcoms.py for tasks to queue
[2026-09-21T03:07:42.412+0000] {logging_mixin.py:149} INFO - [2026-09-21T03:07:42.411+0000] {dagbag.py:541} INFO - Filling up the DagBag from /opt/airflow/dags/6_xcoms.py
[2026-09-21T03:07:42.422+0000] {processor.py:809} INFO - DAG(s) dict_keys(['6-XCom']) retrieved from /opt/airflow/dags/6_xcoms.py
[2026-09-21T03:07:42.483+0000] {logging_mixin.py:149} INFO - [2026-09-21T03:07:42.483+0000] {dag.py:2726} INFO - Sync 1 DAGs
[2026-09-21T03:07:42.548+0000] {processor.py:178} INFO - Processing /opt/airflow/dags/6_xcoms.py took 0.146 seconds
[2026-09-21T03:08:13.476+0000] {processor.py:156} INFO - Started process (PID=1615) to work on /opt/airflow/dags/6_xcoms.py
[2026-09-21T03:08:13.478+0000] {processor.py:799} INFO - Processing file /opt/airflow/dags/6_xcoms.py for tasks to queue
[2026-09-21T03:08:13.479+0000] {logging_mixin.py:149} INFO - [2026-09-21T03:08:13.479+0000] {dagbag.py:541} INFO - Filling up the DagBag from /opt/airflow/dags/6_xcoms.py
[2026-09-21T03:08:13.489+0000] {processor.py:809} INFO - DAG(s) dict_keys(['6-XCom']) retrieved from /opt/airflow/dags/6_xcoms.py
[2026-09-21T03:08:13.553+0000] {logging_mixin.py:149} INFO - [2026-09-21T03:08:13.553+0000] {dag.py:2726} INFO - Sync 1 DAGs
[2026-09-21T03:08:13.643+0000] {processor.py:178} INFO - Processing /opt/airflow/dags/6_xcoms.py took 0.173 seconds
[2026-09-21T03:08:43.736+0000] {processor.py:156} INFO - Started process (PID=1626) to work on /opt/airflow/dags/6_xcoms.py
[2026-09-21T03:08:43.737+0000] {processor.py:799} INFO - Processing file /opt/airflow/dags/6_xcoms.py for tasks to queue
[2026-09-21T03:08:43.738+0000] {logging_mixin.py:149} INFO - [2026-09-21T03:08:43.738+0000] {dagbag.py:541} INFO - Filling up the DagBag from /opt/airflow/dags/6_xcoms.py
[2026-09-21T03:08:43.748+0000] {processor.py:809} INFO - DAG(s) dict_keys(['6-XCom']) retrieved from /opt/airflow/dags/6_xcoms.py
[2026-09-21T03:08:43.805+0000] {logging_mixin.py:149} INFO - [2026-09-21T03:08:43.804+0000] {dag.py:2726} INFO - Sync 1 DAGs
[2026-09-21T03:08:43.878+0000] {processor.py:178} INFO - Processing /opt/airflow/dags/6_xcoms.py took 0.148 seconds
[2026-09-21T03:09:13.207+0000] {processor.py:156} INFO - Started process (PID=1639) to work on /opt/airflow/dags/6_xcoms.py
[2026-09-21T03:09:13.210+0000] {processor.py:799} INFO - Processing file /opt/airflow/dags/6_xcoms.py for tasks to queue
[2026-09-21T03:09:13.211+0000] {logging_mixin.py:149} INFO - [2026-09-21T03:09:13.211+0000] {dagbag.py:541} INFO - Filling up the DagBag from /opt/airflow/dags/6_xcoms.py
[2026-09-21T03:09:13.221+0000] {processor.py:809} INFO - DAG(s) dict_keys(['6-XCom']) retrieved from /opt/airflow/dags/6_xcoms.py
[2026-09-21T03:09:13.278+0000] {logging_mixin.py:149} INFO - [2026-09-21T03:09:13.277+0000] {dag.py:2726} INFO - Sync 1 DAGs
[2026-09-21T03:09:13.367+0000] {processor.py:178} INFO - Processing /opt/airflow/dags/6_xcoms.py took 0.168 seconds
[2026-09-21T03:09:43.498+0000] {processor.py:156} INFO - Started process (PID=1650) to work on /opt/airflow/dags/6_xcoms.py
[2026-09-21T03:09:43.500+0000] {processor.py:799} INFO - Processing file /opt/airflow/dags/6_xcoms.py for tasks to queue
[2026-09-21T03:09:43.501+0000] {logging_mixin.py:149} INFO - [2026-09-21T03:09:43.501+0000] {dagbag.py:541} INFO - Filling up the DagBag from /opt/airflow/dags/6_xcoms.py
[2026-09-21T03:09:43.512+0000] {processor.py:809} INFO - DAG(s) dict_keys(['6-XCom']) retrieved from /opt/airflow/dags/6_xcoms.py
[2026-09-21T03:09:43.576+0000] {logging_mixin.py:149} INFO - [2026-09-21T03:09:43.576+0000] {dag.py:2726} INFO - Sync 1 DAGs
[2026-09-21T03:09:43.663+0000] {processor.py:178} INFO - Processing /opt/airflow/dags/6_xcoms.py took 0.172 seconds
[2026-09-21T03:10:13.737+0000] {processor.py:156} INFO - Started process (PID=1661) to work on /opt/airflow/dags/6_xcoms.py
[2026-09-21T03:10:13.740+0000] {processor.py:799} INFO - Processing file /opt/airflow/dags/6_xcoms.py for tasks to queue
[2026-09-21T03:10:13.741+0000] {logging_mixin.py:149} INFO - [2026-09-21T03:10:13.741+0000] {dagbag.py:541} INFO - Filling up the DagBag from /opt/airflow/dags/6_xcoms.py
[2026-09-21T03:10:13.753+0000] {processor.py:809} INFO - DAG(s) dict_keys(['6-XCom']) retrieved from /opt/airflow/dags/6_xcoms.py
[2026-09-21T03:10:13.816+0000] {logging_mixin.py:149} INFO - [2026-09-21T03:10:13.816+0000] {dag.py:2726} INFO - Sync 1 DAGs
[2026-09-21T03:10:13.877+0000] {processor.py:178} INFO - Processing /opt/airflow/dags/6_xcoms.py took 0.147 seconds
[2026-09-21T03:10:44.002+0000] {processor.py:156} INFO - Started process (PID=1672) to work on /opt/airflow/dags/6_xcoms.py
[2026-09-21T03:10:44.004+0000] {processor.py:799} INFO - Processing file /opt/airflow/dags/6_xcoms.py for tasks to queue
[2026-09-21T03:10:44.005+0000] {logging_mixin.py:149} INFO - [2026-09-21T03:10:44.005+0000] {dagbag.py:541} INFO - Filling up the DagBag from /opt/airflow/dags/6_xcoms.py
[2026-09-21T03:10:44.022+0000] {processor.py:809} INFO - DAG(s) dict_keys(['6-XCom']) retrieved from /opt/airflow/dags/6_xcoms.py
[2026-09-21T03:10:44.083+0000] {logging_mixin.py:149} INFO - [2026-09-21T03:10:44.083+0000] {dag.py:2726} INFO - Sync 1 DAGs
[2026-09-21T03:10:44.165+0000] {processor.py:178} INFO - Processing /opt/airflow/dags/6_xcoms.py took 0.169 seconds
[2026-09-21T03:11:14.252+0000] {processor.py:156} INFO - Started process (PID=1683) to work on /opt/airflow/dags/6_xcoms.py
[2026-09-21T03:11:14.254+0000] {processor.py:799} INFO - Processing file /opt/airflow/dags/6_xcoms.py for tasks to queue
[2026-09-21T03:11:14.255+0000] {logging_mixin.py:149} INFO - [2026-09-21T03:11:14.255+0000] {dagbag.py:541} INFO - Filling up the DagBag from /opt/airflow/dags/6_xcoms.py
[2026-09-21T03:11:14.267+0000] {processor.py:809} INFO - DAG(s) dict_keys(['6-XCom']) retrieved from /opt/airflow/dags/6_xcoms.py
[2026-09-21T03:11:14.320+0000] {logging_mixin.py:149} INFO - [2026-09-21T03:11:14.320+0000] {dag.py:2726} INFO - Sync 1 DAGs
[2026-09-21T03:11:14.404+0000] {processor.py:178} INFO - Processing /opt/airflow/dags/6_xcoms.py took 0.159 seconds
[2026-09-21T03:11:44.649+0000] {processor.py:156} INFO - Started process (PID=1694) to work on /opt/airflow/dags/6_xcoms.py
[2026-09-21T03:11:44.651+0000] {processor.py:799} INFO - Processing file /opt/airflow/dags/6_xcoms.py for tasks to queue
[2026-09-21T03:11:44.652+0000] {logging_mixin.py:149} INFO - [2026-09-21T03:11:44.651+0000] {dagbag.py:541} INFO - Filling up the DagBag from /opt/airflow/dags/6_xcoms.py
[2026-09-21T03:11:44.663+0000] {processor.py:809} INFO - DAG(s) dict_keys(['6-XCom']) retrieved from /opt/airflow/dags/6_xcoms.py
[2026-09-21T03:11:44.722+0000] {logging_mixin.py:149} INFO - [2026-09-21T03:11:44.722+0000] {dag.py:2726} INFO - Sync 1 DAGs
[2026-09-21T03:11:44.797+0000] {processor.py:178} INFO - Processing /opt/airflow/dags/6_xcoms.py took 0.153 seconds
[2026-09-21T03:12:14.850+0000] {processor.py:156} INFO - Started process (PID=1705) to work on /opt/airflow/dags/6_xcoms.py
[2026-09-21T03:12:14.853+0000] {processor.py:799} INFO - Processing file /opt/airflow/dags/6_xcoms.py for tasks to queue
[2026-09-21T03:12:14.854+0000] {logging_mixin.py:149} INFO - [2026-09-21T03:12:14.854+0000] {dagbag.py:541} INFO - Filling up the DagBag from /opt/airflow/dags/6_xcoms.py
[2026-09-21T03:12:14.865+0000] {processor.py:809} INFO - DAG(s) dict_keys(['6-XCom']) retrieved from /opt/airflow/dags/6_xcoms.py
[2026-09-21T03:12:14.913+0000] {logging_mixin.py:149} INFO - [2026-09-21T03:12:14.913+0000] {dag.py:2726} INFO - Sync 1 DAGs
[2026-09-21T03:12:14.976+0000] {processor.py:178} INFO - Processing /opt/airflow/dags/6_xcoms.py took 0.131 seconds
[2026-09-21T03:12:45.092+0000] {processor.py:156} INFO - Started process (PID=1716) to work on /opt/airflow/dags/6_xcoms.py
[2026-09-21T03:12:45.094+0000] {processor.py:799} INFO - Processing file /opt/airflow/dags/6_xcoms.py for tasks to queue
[2026-09-21T03:12:45.095+0000] {logging_mixin.py:149} INFO - [2026-09-21T03:12:45.094+0000] {dagbag.py:541} INFO - Filling up the DagBag from /opt/airflow/dags/6_xcoms.py
[2026-09-21T03:12:45.109+0000] {processor.py:809} INFO - DAG(s) dict_keys(['6-XCom']) retrieved from /opt/airflow/dags/6_xcoms.py
[2026-09-21T03:12:45.159+0000] {logging_mixin.py:149} INFO - [2026-09-21T03:12:45.158+0000] {dag.py:2726} INFO - Sync 1 DAGs
[2026-09-21T03:12:45.221+0000] {processor.py:178} INFO - Processing /opt/airflow/dags/6_xcoms.py took 0.140 seconds
[2026-09-21T03:13:15.569+0000] {processor.py:156} INFO - Started process (PID=1727) to work on /opt/airflow/dags/6_xcoms.py
[2026-09-21T03:13:15.574+0000] {processor.py:799} INFO - Processing file /opt/airflow/dags/6_xcoms.py for tasks to queue
[2026-09-21T03:13:15.575+0000] {logging_mixin.py:149} INFO - [2026-09-21T03:13:15.575+0000] {dagbag.py:541} INFO - Filling up the DagBag from /opt/airflow/dags/6_xcoms.py
[2026-09-21T03:13:15.589+0000] {processor.py:809} INFO - DAG(s) dict_keys(['6-XCom']) retrieved from /opt/airflow/dags/6_xcoms.py
[2026-09-21T03:13:15.652+0000] {logging_mixin.py:149} INFO - [2026-09-21T03:13:15.652+0000] {dag.py:2726} INFO - Sync 1 DAGs
[2026-09-21T03:13:15.733+0000] {processor.py:178} INFO - Processing /opt/airflow/dags/6_xcoms.py took 0.174 seconds
[2026-09-21T03:13:45.848+0000] {processor.py:156} INFO - Started process (PID=1738) to work on /opt/airflow/dags/6_xcoms.py
[2026-09-21T03:13:45.850+0000] {processor.py:799} INFO - Processing file /opt/airflow/dags/6_xcoms.py for tasks to queue
[2026-09-21T03:13:45.851+0000] {logging_mixin.py:149} INFO - [2026-09-21T03:13:45.850+0000] {dagbag.py:541} INFO - Filling up the DagBag from /opt/airflow/dags/6_xcoms.py
[2026-09-21T03:13:45.869+0000] {processor.py:809} INFO - DAG(s) dict_keys(['6-XCom']) retrieved from /opt/airflow/dags/6_xcoms.py
[2026-09-21T03:13:45.964+0000] {logging_mixin.py:149} INFO - [2026-09-21T03:13:45.963+0000] {dag.py:2726} INFO - Sync 1 DAGs
[2026-09-21T03:13:46.067+0000] {processor.py:178} INFO - Processing /opt/airflow/dags/6_xcoms.py took 0.225 seconds
[2026-09-21T03:14:16.138+0000] {processor.py:156} INFO - Started process (PID=1749) to work on /opt/airflow/dags/6_xcoms.py
[2026-09-21T03:14:16.140+0000] {processor.py:799} INFO - Processing file /opt/airflow/dags/6_xcoms.py for tasks to queue
[2026-09-21T03:14:16.141+0000] {logging_mixin.py:149} INFO - [2026-09-21T03:14:16.141+0000] {dagbag.py:541} INFO - Filling up the DagBag from /opt/airflow/dags/6_xcoms.py
[2026-09-21T03:14:16.155+0000] {processor.py:809} INFO - DAG(s) dict_keys(['6-XCom']) retrieved from /opt/airflow/dags/6_xcoms.py
[2026-09-21T03:14:16.229+0000] {logging_mixin.py:149} INFO - [2026-09-21T03:14:16.229+0000] {dag.py:2726} INFO - Sync 1 DAGs
[2026-09-21T03:14:16.305+0000] {processor.py:178} INFO - Processing /opt/airflow/dags/6_xcoms.py took 0.173 seconds
[2026-09-21T03:14:46.442+0000] {processor.py:156} INFO - Started process (PID=1763) to work on /opt/airflow/dags/6_xcoms.py
[2026-09-21T03:14:46.444+0000] {processor.py:799} INFO - Processing file /opt/airflow/dags/6_xcoms.py for tasks to queue
[2026-09-21T03:14:46.445+0000] {logging_mixin.py:149} INFO - [2026-09-21T03:14:46.445+0000] {dagbag.py:541} INFO - Filling up the DagBag from /opt/airflow/dags/6_xcoms.py
[2026-09-21T03:14:46.457+0000] {processor.py:809} INFO - DAG(s) dict_keys(['6-XCom']) retrieved from /opt/airflow/dags/6_xcoms.py
[2026-09-21T03:14:46.512+0000] {logging_mixin.py:149} INFO - [2026-09-21T03:14:46.512+0000] {dag.py:2726} INFO - Sync 1 DAGs
[2026-09-21T03:14:46.575+0000] {processor.py:178} INFO - Processing /opt/airflow/dags/6_xcoms.py took 0.139 seconds
[2026-09-21T03:15:17.378+0000] {processor.py:156} INFO - Started process (PID=1777) to work on /opt/airflow/dags/6_xcoms.py
[2026-09-21T03:15:17.380+0000] {processor.py:799} INFO - Processing file /opt/airflow/dags/6_xcoms.py for tasks to queue
[2026-09-21T03:15:17.381+0000] {logging_mixin.py:149} INFO - [2026-09-21T03:15:17.381+0000] {dagbag.py:541} INFO - Filling up the DagBag from /opt/airflow/dags/6_xcoms.py
[2026-09-21T03:15:17.392+0000] {processor.py:809} INFO - DAG(s) dict_keys(['6-XCom']) retrieved from /opt/airflow/dags/6_xcoms.py
[2026-09-21T03:15:17.461+0000] {logging_mixin.py:149} INFO - [2026-09-21T03:15:17.461+0000] {dag.py:2726} INFO - Sync 1 DAGs
[2026-09-21T03:15:17.556+0000] {processor.py:178} INFO - Processing /opt/airflow/dags/6_xcoms.py took 0.182 seconds
[2026-09-21T03:15:48.346+0000] {processor.py:156} INFO - Started process (PID=1791) to work on /opt/airflow/dags/6_xcoms.py
[2026-09-21T03:15:48.348+0000] {processor.py:799} INFO - Processing file /opt/airflow/dags/6_xcoms.py for tasks to queue
[2026-09-21T03:15:48.349+0000] {logging_mixin.py:149} INFO - [2026-09-21T03:15:48.348+0000] {dagbag.py:541} INFO - Filling up the DagBag from /opt/airflow/dags/6_xcoms.py
[2026-09-21T03:15:48.359+0000] {processor.py:809} INFO - DAG(s) dict_keys(['6-XCom']) retrieved from /opt/airflow/dags/6_xcoms.py
[2026-09-21T03:15:48.411+0000] {logging_mixin.py:149} INFO - [2026-09-21T03:15:48.410+0000] {dag.py:2726} INFO - Sync 1 DAGs
[2026-09-21T03:15:48.470+0000] {processor.py:178} INFO - Processing /opt/airflow/dags/6_xcoms.py took 0.128 seconds
[2026-09-21T03:16:19.253+0000] {processor.py:156} INFO - Started process (PID=1805) to work on /opt/airflow/dags/6_xcoms.py
[2026-09-21T03:16:19.256+0000] {processor.py:799} INFO - Processing file /opt/airflow/dags/6_xcoms.py for tasks to queue
[2026-09-21T03:16:19.257+0000] {logging_mixin.py:149} INFO - [2026-09-21T03:16:19.257+0000] {dagbag.py:541} INFO - Filling up the DagBag from /opt/airflow/dags/6_xcoms.py
[2026-09-21T03:16:19.270+0000] {processor.py:809} INFO - DAG(s) dict_keys(['6-XCom']) retrieved from /opt/airflow/dags/6_xcoms.py
[2026-09-21T03:16:19.332+0000] {logging_mixin.py:149} INFO - [2026-09-21T03:16:19.332+0000] {dag.py:2726} INFO - Sync 1 DAGs
[2026-09-21T03:16:19.409+0000] {processor.py:178} INFO - Processing /opt/airflow/dags/6_xcoms.py took 0.164 seconds
[2026-09-21T03:16:50.341+0000] {processor.py:156} INFO - Started process (PID=1819) to work on /opt/airflow/dags/6_xcoms.py
[2026-09-21T03:16:50.345+0000] {processor.py:799} INFO - Processing file /opt/airflow/dags/6_xcoms.py for tasks to queue
[2026-09-21T03:16:50.346+0000] {logging_mixin.py:149} INFO - [2026-09-21T03:16:50.346+0000] {dagbag.py:541} INFO - Filling up the DagBag from /opt/airflow/dags/6_xcoms.py
[2026-09-21T03:16:50.368+0000] {processor.py:809} INFO - DAG(s) dict_keys(['6-XCom']) retrieved from /opt/airflow/dags/6_xcoms.py
[2026-09-21T03:16:50.440+0000] {logging_mixin.py:149} INFO - [2026-09-21T03:16:50.440+0000] {dag.py:2726} INFO - Sync 1 DAGs
[2026-09-21T03:16:50.509+0000] {processor.py:178} INFO - Processing /opt/airflow/dags/6_xcoms.py took 0.180 seconds
[2026-09-21T03:17:20.710+0000] {processor.py:156} INFO - Started process (PID=1833) to work on /opt/airflow/dags/6_xcoms.py
[2026-09-21T03:17:20.718+0000] {processor.py:799} INFO - Processing file /opt/airflow/dags/6_xcoms.py for tasks to queue
[2026-09-21T03:17:20.721+0000] {logging_mixin.py:149} INFO - [2026-09-21T03:17:20.720+0000] {dagbag.py:541} INFO - Filling up the DagBag from /opt/airflow/dags/6_xcoms.py
[2026-09-21T03:17:20.735+0000] {processor.py:809} INFO - DAG(s) dict_keys(['6-XCom']) retrieved from /opt/airflow/dags/6_xcoms.py
[2026-09-21T03:17:20.811+0000] {logging_mixin.py:149} INFO - [2026-09-21T03:17:20.810+0000] {dag.py:2726} INFO - Sync 1 DAGs
[2026-09-21T03:17:20.877+0000] {processor.py:178} INFO - Processing /opt/airflow/dags/6_xcoms.py took 0.183 seconds
[2026-09-21T03:17:50.978+0000] {processor.py:156} INFO - Started process (PID=1847) to work on /opt/airflow/dags/6_xcoms.py
[2026-09-21T03:17:50.979+0000] {processor.py:799} INFO - Processing file /opt/airflow/dags/6_xcoms.py for tasks to queue
[2026-09-21T03:17:50.980+0000] {logging_mixin.py:149} INFO - [2026-09-21T03:17:50.980+0000] {dagbag.py:541} INFO - Filling up the DagBag from /opt/airflow/dags/6_xcoms.py
[2026-09-21T03:17:51.002+0000] {processor.py:809} INFO - DAG(s) dict_keys(['6-XCom']) retrieved from /opt/airflow/dags/6_xcoms.py
[2026-09-21T03:17:51.071+0000] {logging_mixin.py:149} INFO - [2026-09-21T03:17:51.071+0000] {dag.py:2726} INFO - Sync 1 DAGs
[2026-09-21T03:17:51.147+0000] {processor.py:178} INFO - Processing /opt/airflow/dags/6_xcoms.py took 0.175 seconds
[2026-09-21T03:18:21.336+0000] {processor.py:156} INFO - Started process (PID=1857) to work on /opt/airflow/dags/6_xcoms.py
[2026-09-21T03:18:21.340+0000] {processor.py:799} INFO - Processing file /opt/airflow/dags/6_xcoms.py for tasks to queue
[2026-09-21T03:18:21.341+0000] {logging_mixin.py:149} INFO - [2026-09-21T03:18:21.341+0000] {dagbag.py:541} INFO - Filling up the DagBag from /opt/airflow/dags/6_xcoms.py
[2026-09-21T03:18:21.353+0000] {processor.py:809} INFO - DAG(s) dict_keys(['6-XCom']) retrieved from /opt/airflow/dags/6_xcoms.py
[2026-09-21T03:18:21.409+0000] {logging_mixin.py:149} INFO - [2026-09-21T03:18:21.409+0000] {dag.py:2726} INFO - Sync 1 DAGs
[2026-09-21T03:18:21.488+0000] {processor.py:178} INFO - Processing /opt/airflow/dags/6_xcoms.py took 0.157 seconds
[2026-09-21T03:18:51.007+0000] {processor.py:156} INFO - Started process (PID=1877) to work on /opt/airflow/dags/6_xcoms.py
[2026-09-21T03:18:51.008+0000] {processor.py:799} INFO - Processing file /opt/airflow/dags/6_xcoms.py for tasks to queue
[2026-09-21T03:18:51.009+0000] {logging_mixin.py:149} INFO - [2026-09-21T03:18:51.009+0000] {dagbag.py:541} INFO - Filling up the DagBag from /opt/airflow/dags/6_xcoms.py
[2026-09-21T03:18:51.030+0000] {processor.py:809} INFO - DAG(s) dict_keys(['6-XCom']) retrieved from /opt/airflow/dags/6_xcoms.py
[2026-09-21T03:18:51.095+0000] {logging_mixin.py:149} INFO - [2026-09-21T03:18:51.095+0000] {dag.py:2726} INFO - Sync 1 DAGs
[2026-09-21T03:18:51.181+0000] {processor.py:178} INFO - Processing /opt/airflow/dags/6_xcoms.py took 0.190 seconds
[2026-09-21T03:19:21.894+0000] {processor.py:156} INFO - Started process (PID=1891) to work on /opt/airflow/dags/6_xcoms.py
[2026-09-21T03:19:21.897+0000] {processor.py:799} INFO - Processing file /opt/airflow/dags/6_xcoms.py for tasks to queue
[2026-09-21T03:19:21.898+0000] {logging_mixin.py:149} INFO - [2026-09-21T03:19:21.898+0000] {dagbag.py:541} INFO - Filling up the DagBag from /opt/airflow/dags/6_xcoms.py
[2026-09-21T03:19:21.913+0000] {processor.py:809} INFO - DAG(s) dict_keys(['6-XCom']) retrieved from /opt/airflow/dags/6_xcoms.py
[2026-09-21T03:19:21.975+0000] {logging_mixin.py:149} INFO - [2026-09-21T03:19:21.975+0000] {dag.py:2726} INFO - Sync 1 DAGs
[2026-09-21T03:19:22.080+0000] {processor.py:178} INFO - Processing /opt/airflow/dags/6_xcoms.py took 0.204 seconds
[2026-09-21T03:19:52.807+0000] {processor.py:156} INFO - Started process (PID=1905) to work on /opt/airflow/dags/6_xcoms.py
[2026-09-21T03:19:52.808+0000] {processor.py:799} INFO - Processing file /opt/airflow/dags/6_xcoms.py for tasks to queue
[2026-09-21T03:19:52.809+0000] {logging_mixin.py:149} INFO - [2026-09-21T03:19:52.809+0000] {dagbag.py:541} INFO - Filling up the DagBag from /opt/airflow/dags/6_xcoms.py
[2026-09-21T03:19:52.827+0000] {processor.py:809} INFO - DAG(s) dict_keys(['6-XCom']) retrieved from /opt/airflow/dags/6_xcoms.py
[2026-09-21T03:19:52.902+0000] {logging_mixin.py:149} INFO - [2026-09-21T03:19:52.901+0000] {dag.py:2726} INFO - Sync 1 DAGs
[2026-09-21T03:19:52.981+0000] {processor.py:178} INFO - Processing /opt/airflow/dags/6_xcoms.py took 0.187 seconds
[2026-09-21T03:20:23.691+0000] {processor.py:156} INFO - Started process (PID=1919) to work on /opt/airflow/dags/6_xcoms.py
[2026-09-21T03:20:23.703+0000] {processor.py:799} INFO - Processing file /opt/airflow/dags/6_xcoms.py for tasks to queue
[2026-09-21T03:20:23.704+0000] {logging_mixin.py:149} INFO - [2026-09-21T03:20:23.704+0000] {dagbag.py:541} INFO - Filling up the DagBag from /opt/airflow/dags/6_xcoms.py
[2026-09-21T03:20:23.723+0000] {processor.py:809} INFO - DAG(s) dict_keys(['6-XCom']) retrieved from /opt/airflow/dags/6_xcoms.py
[2026-09-21T03:20:23.774+0000] {logging_mixin.py:149} INFO - [2026-09-21T03:20:23.774+0000] {dag.py:2726} INFO - Sync 1 DAGs
[2026-09-21T03:20:23.838+0000] {processor.py:178} INFO - Processing /opt/airflow/dags/6_xcoms.py took 0.153 seconds
[2026-09-21T03:20:54.509+0000] {processor.py:156} INFO - Started process (PID=1933) to work on /opt/airflow/dags/6_xcoms.py
[2026-09-21T03:20:54.511+0000] {processor.py:799} INFO - Processing file /opt/airflow/dags/6_xcoms.py for tasks to queue
[2026-09-21T03:20:54.512+0000] {logging_mixin.py:149} INFO - [2026-09-21T03:20:54.512+0000] {dagbag.py:541} INFO - Filling up the DagBag from /opt/airflow/dags/6_xcoms.py
[2026-09-21T03:20:54.527+0000] {processor.py:809} INFO - DAG(s) dict_keys(['6-XCom']) retrieved from /opt/airflow/dags/6_xcoms.py
[2026-09-21T03:20:54.596+0000] {logging_mixin.py:149} INFO - [2026-09-21T03:20:54.596+0000] {dag.py:2726} INFO - Sync 1 DAGs
[2026-09-21T03:20:54.688+0000] {processor.py:178} INFO - Processing /opt/airflow/dags/6_xcoms.py took 0.188 seconds
[2026-09-21T03:21:25.381+0000] {processor.py:156} INFO - Started process (PID=1947) to work on /opt/airflow/dags/6_xcoms.py
[2026-09-21T03:21:25.386+0000] {processor.py:799} INFO - Processing file /opt/airflow/dags/6_xcoms.py for tasks to queue
[2026-09-21T03:21:25.388+0000] {logging_mixin.py:149} INFO - [2026-09-21T03:21:25.388+0000] {dagbag.py:541} INFO - Filling up the DagBag from /opt/airflow/dags/6_xcoms.py
[2026-09-21T03:21:25.400+0000] {processor.py:809} INFO - DAG(s) dict_keys(['6-XCom']) retrieved from /opt/airflow/dags/6_xcoms.py
[2026-09-21T03:21:25.455+0000] {logging_mixin.py:149} INFO - [2026-09-21T03:21:25.455+0000] {dag.py:2726} INFO - Sync 1 DAGs
[2026-09-21T03:21:25.549+0000] {processor.py:178} INFO - Processing /opt/airflow/dags/6_xcoms.py took 0.175 seconds
[2026-09-21T03:21:56.535+0000] {processor.py:156} INFO - Started process (PID=1961) to work on /opt/airflow/dags/6_xcoms.py
[2026-09-21T03:21:56.536+0000] {processor.py:799} INFO - Processing file /opt/airflow/dags/6_xcoms.py for tasks to queue
[2026-09-21T03:21:56.537+0000] {logging_mixin.py:149} INFO - [2026-09-21T03:21:56.537+0000] {dagbag.py:541} INFO - Filling up the DagBag from /opt/airflow/dags/6_xcoms.py
[2026-09-21T03:21:56.549+0000] {processor.py:809} INFO - DAG(s) dict_keys(['6-XCom']) retrieved from /opt/airflow/dags/6_xcoms.py
[2026-09-21T03:21:56.598+0000] {logging_mixin.py:149} INFO - [2026-09-21T03:21:56.598+0000] {dag.py:2726} INFO - Sync 1 DAGs
[2026-09-21T03:21:56.702+0000] {processor.py:178} INFO - Processing /opt/airflow/dags/6_xcoms.py took 0.173 seconds
[2026-09-21T03:22:26.741+0000] {processor.py:156} INFO - Started process (PID=1971) to work on /opt/airflow/dags/6_xcoms.py
[2026-09-21T03:22:26.744+0000] {processor.py:799} INFO - Processing file /opt/airflow/dags/6_xcoms.py for tasks to queue
[2026-09-21T03:22:26.745+0000] {logging_mixin.py:149} INFO - [2026-09-21T03:22:26.745+0000] {dagbag.py:541} INFO - Filling up the DagBag from /opt/airflow/dags/6_xcoms.py
[2026-09-21T03:22:26.756+0000] {processor.py:809} INFO - DAG(s) dict_keys(['6-XCom']) retrieved from /opt/airflow/dags/6_xcoms.py
[2026-09-21T03:22:26.811+0000] {logging_mixin.py:149} INFO - [2026-09-21T03:22:26.811+0000] {dag.py:2726} INFO - Sync 1 DAGs
[2026-09-21T03:22:26.888+0000] {processor.py:178} INFO - Processing /opt/airflow/dags/6_xcoms.py took 0.153 seconds
[2026-09-21T03:22:57.103+0000] {processor.py:156} INFO - Started process (PID=1985) to work on /opt/airflow/dags/6_xcoms.py
[2026-09-21T03:22:57.104+0000] {processor.py:799} INFO - Processing file /opt/airflow/dags/6_xcoms.py for tasks to queue
[2026-09-21T03:22:57.105+0000] {logging_mixin.py:149} INFO - [2026-09-21T03:22:57.105+0000] {dagbag.py:541} INFO - Filling up the DagBag from /opt/airflow/dags/6_xcoms.py
[2026-09-21T03:22:57.116+0000] {processor.py:809} INFO - DAG(s) dict_keys(['6-XCom']) retrieved from /opt/airflow/dags/6_xcoms.py
[2026-09-21T03:22:57.171+0000] {logging_mixin.py:149} INFO - [2026-09-21T03:22:57.171+0000] {dag.py:2726} INFO - Sync 1 DAGs
[2026-09-21T03:22:57.234+0000] {processor.py:178} INFO - Processing /opt/airflow/dags/6_xcoms.py took 0.137 seconds
[2026-09-21T03:23:27.535+0000] {processor.py:156} INFO - Started process (PID=1999) to work on /opt/airflow/dags/6_xcoms.py
[2026-09-21T03:23:27.537+0000] {processor.py:799} INFO - Processing file /opt/airflow/dags/6_xcoms.py for tasks to queue
[2026-09-21T03:23:27.539+0000] {logging_mixin.py:149} INFO - [2026-09-21T03:23:27.539+0000] {dagbag.py:541} INFO - Filling up the DagBag from /opt/airflow/dags/6_xcoms.py
[2026-09-21T03:23:27.561+0000] {processor.py:809} INFO - DAG(s) dict_keys(['6-XCom']) retrieved from /opt/airflow/dags/6_xcoms.py
[2026-09-21T03:23:27.627+0000] {logging_mixin.py:149} INFO - [2026-09-21T03:23:27.627+0000] {dag.py:2726} INFO - Sync 1 DAGs
[2026-09-21T03:23:27.695+0000] {processor.py:178} INFO - Processing /opt/airflow/dags/6_xcoms.py took 0.178 seconds
[2026-09-21T03:23:58.342+0000] {processor.py:156} INFO - Started process (PID=2013) to work on /opt/airflow/dags/6_xcoms.py
[2026-09-21T03:23:58.344+0000] {processor.py:799} INFO - Processing file /opt/airflow/dags/6_xcoms.py for tasks to queue
[2026-09-21T03:23:58.344+0000] {logging_mixin.py:149} INFO - [2026-09-21T03:23:58.344+0000] {dagbag.py:541} INFO - Filling up the DagBag from /opt/airflow/dags/6_xcoms.py
[2026-09-21T03:23:58.356+0000] {processor.py:809} INFO - DAG(s) dict_keys(['6-XCom']) retrieved from /opt/airflow/dags/6_xcoms.py
[2026-09-21T03:23:58.429+0000] {logging_mixin.py:149} INFO - [2026-09-21T03:23:58.428+0000] {dag.py:2726} INFO - Sync 1 DAGs
[2026-09-21T03:23:58.493+0000] {processor.py:178} INFO - Processing /opt/airflow/dags/6_xcoms.py took 0.158 seconds
[2026-09-21T03:24:29.428+0000] {processor.py:156} INFO - Started process (PID=2027) to work on /opt/airflow/dags/6_xcoms.py
[2026-09-21T03:24:29.439+0000] {processor.py:799} INFO - Processing file /opt/airflow/dags/6_xcoms.py for tasks to queue
[2026-09-21T03:24:29.440+0000] {logging_mixin.py:149} INFO - [2026-09-21T03:24:29.440+0000] {dagbag.py:541} INFO - Filling up the DagBag from /opt/airflow/dags/6_xcoms.py
[2026-09-21T03:24:29.470+0000] {processor.py:809} INFO - DAG(s) dict_keys(['6-XCom']) retrieved from /opt/airflow/dags/6_xcoms.py
[2026-09-21T03:24:29.619+0000] {logging_mixin.py:149} INFO - [2026-09-21T03:24:29.619+0000] {dag.py:2726} INFO - Sync 1 DAGs
[2026-09-21T03:24:29.734+0000] {processor.py:178} INFO - Processing /opt/airflow/dags/6_xcoms.py took 0.317 seconds
[2026-09-21T03:24:59.909+0000] {processor.py:156} INFO - Started process (PID=2041) to work on /opt/airflow/dags/6_xcoms.py
[2026-09-21T03:24:59.910+0000] {processor.py:799} INFO - Processing file /opt/airflow/dags/6_xcoms.py for tasks to queue
[2026-09-21T03:24:59.911+0000] {logging_mixin.py:149} INFO - [2026-09-21T03:24:59.911+0000] {dagbag.py:541} INFO - Filling up the DagBag from /opt/airflow/dags/6_xcoms.py
[2026-09-21T03:24:59.922+0000] {processor.py:809} INFO - DAG(s) dict_keys(['6-XCom']) retrieved from /opt/airflow/dags/6_xcoms.py
[2026-09-21T03:24:59.983+0000] {logging_mixin.py:149} INFO - [2026-09-21T03:24:59.982+0000] {dag.py:2726} INFO - Sync 1 DAGs
[2026-09-21T03:25:00.059+0000] {processor.py:178} INFO - Processing /opt/airflow/dags/6_xcoms.py took 0.157 seconds
[2026-09-21T03:25:30.901+0000] {processor.py:156} INFO - Started process (PID=2055) to work on /opt/airflow/dags/6_xcoms.py
[2026-09-21T03:25:30.904+0000] {processor.py:799} INFO - Processing file /opt/airflow/dags/6_xcoms.py for tasks to queue
[2026-09-21T03:25:30.905+0000] {logging_mixin.py:149} INFO - [2026-09-21T03:25:30.905+0000] {dagbag.py:541} INFO - Filling up the DagBag from /opt/airflow/dags/6_xcoms.py
[2026-09-21T03:25:30.917+0000] {processor.py:809} INFO - DAG(s) dict_keys(['6-XCom']) retrieved from /opt/airflow/dags/6_xcoms.py
[2026-09-21T03:25:30.979+0000] {logging_mixin.py:149} INFO - [2026-09-21T03:25:30.979+0000] {dag.py:2726} INFO - Sync 1 DAGs
[2026-09-21T03:25:31.072+0000] {processor.py:178} INFO - Processing /opt/airflow/dags/6_xcoms.py took 0.176 seconds
[2026-09-21T03:26:01.592+0000] {processor.py:156} INFO - Started process (PID=2069) to work on /opt/airflow/dags/6_xcoms.py
[2026-09-21T03:26:01.606+0000] {processor.py:799} INFO - Processing file /opt/airflow/dags/6_xcoms.py for tasks to queue
[2026-09-21T03:26:01.612+0000] {logging_mixin.py:149} INFO - [2026-09-21T03:26:01.611+0000] {dagbag.py:541} INFO - Filling up the DagBag from /opt/airflow/dags/6_xcoms.py
[2026-09-21T03:26:01.630+0000] {processor.py:809} INFO - DAG(s) dict_keys(['6-XCom']) retrieved from /opt/airflow/dags/6_xcoms.py
[2026-09-21T03:26:01.695+0000] {logging_mixin.py:149} INFO - [2026-09-21T03:26:01.695+0000] {dag.py:2726} INFO - Sync 1 DAGs
[2026-09-21T03:26:01.760+0000] {processor.py:178} INFO - Processing /opt/airflow/dags/6_xcoms.py took 0.174 seconds
[2026-09-21T03:26:32.343+0000] {processor.py:156} INFO - Started process (PID=2083) to work on /opt/airflow/dags/6_xcoms.py
[2026-09-21T03:26:32.345+0000] {processor.py:799} INFO - Processing file /opt/airflow/dags/6_xcoms.py for tasks to queue
[2026-09-21T03:26:32.346+0000] {logging_mixin.py:149} INFO - [2026-09-21T03:26:32.346+0000] {dagbag.py:541} INFO - Filling up the DagBag from /opt/airflow/dags/6_xcoms.py
[2026-09-21T03:26:32.357+0000] {processor.py:809} INFO - DAG(s) dict_keys(['6-XCom']) retrieved from /opt/airflow/dags/6_xcoms.py
[2026-09-21T03:26:32.412+0000] {logging_mixin.py:149} INFO - [2026-09-21T03:26:32.412+0000] {dag.py:2726} INFO - Sync 1 DAGs
[2026-09-21T03:26:32.476+0000] {processor.py:178} INFO - Processing /opt/airflow/dags/6_xcoms.py took 0.139 seconds
[2026-09-21T03:27:03.461+0000] {processor.py:156} INFO - Started process (PID=2098) to work on /opt/airflow/dags/6_xcoms.py
[2026-09-21T03:27:03.462+0000] {processor.py:799} INFO - Processing file /opt/airflow/dags/6_xcoms.py for tasks to queue
[2026-09-21T03:27:03.463+0000] {logging_mixin.py:149} INFO - [2026-09-21T03:27:03.463+0000] {dagbag.py:541} INFO - Filling up the DagBag from /opt/airflow/dags/6_xcoms.py
[2026-09-21T03:27:03.475+0000] {processor.py:809} INFO - DAG(s) dict_keys(['6-XCom']) retrieved from /opt/airflow/dags/6_xcoms.py
[2026-09-21T03:27:03.527+0000] {logging_mixin.py:149} INFO - [2026-09-21T03:27:03.527+0000] {dag.py:2726} INFO - Sync 1 DAGs
[2026-09-21T03:27:03.600+0000] {processor.py:178} INFO - Processing /opt/airflow/dags/6_xcoms.py took 0.144 seconds
[2026-09-21T03:27:34.553+0000] {processor.py:156} INFO - Started process (PID=2109) to work on /opt/airflow/dags/6_xcoms.py
[2026-09-21T03:27:34.555+0000] {processor.py:799} INFO - Processing file /opt/airflow/dags/6_xcoms.py for tasks to queue
[2026-09-21T03:27:34.556+0000] {logging_mixin.py:149} INFO - [2026-09-21T03:27:34.556+0000] {dagbag.py:541} INFO - Filling up the DagBag from /opt/airflow/dags/6_xcoms.py
[2026-09-21T03:27:34.574+0000] {processor.py:809} INFO - DAG(s) dict_keys(['6-XCom']) retrieved from /opt/airflow/dags/6_xcoms.py
[2026-09-21T03:27:34.630+0000] {logging_mixin.py:149} INFO - [2026-09-21T03:27:34.630+0000] {dag.py:2726} INFO - Sync 1 DAGs
[2026-09-21T03:27:34.691+0000] {processor.py:178} INFO - Processing /opt/airflow/dags/6_xcoms.py took 0.143 seconds
[2026-09-21T03:28:04.802+0000] {processor.py:156} INFO - Started process (PID=2120) to work on /opt/airflow/dags/6_xcoms.py
[2026-09-21T03:28:04.804+0000] {processor.py:799} INFO - Processing file /opt/airflow/dags/6_xcoms.py for tasks to queue
[2026-09-21T03:28:04.804+0000] {logging_mixin.py:149} INFO - [2026-09-21T03:28:04.804+0000] {dagbag.py:541} INFO - Filling up the DagBag from /opt/airflow/dags/6_xcoms.py
[2026-09-21T03:28:04.817+0000] {processor.py:809} INFO - DAG(s) dict_keys(['6-XCom']) retrieved from /opt/airflow/dags/6_xcoms.py
[2026-09-21T03:28:04.914+0000] {logging_mixin.py:149} INFO - [2026-09-21T03:28:04.913+0000] {dag.py:2726} INFO - Sync 1 DAGs
[2026-09-21T03:28:04.979+0000] {processor.py:178} INFO - Processing /opt/airflow/dags/6_xcoms.py took 0.183 seconds
[2026-09-21T03:28:35.737+0000] {processor.py:156} INFO - Started process (PID=2131) to work on /opt/airflow/dags/6_xcoms.py
[2026-09-21T03:28:35.739+0000] {processor.py:799} INFO - Processing file /opt/airflow/dags/6_xcoms.py for tasks to queue
[2026-09-21T03:28:35.740+0000] {logging_mixin.py:149} INFO - [2026-09-21T03:28:35.740+0000] {dagbag.py:541} INFO - Filling up the DagBag from /opt/airflow/dags/6_xcoms.py
[2026-09-21T03:28:35.751+0000] {processor.py:809} INFO - DAG(s) dict_keys(['6-XCom']) retrieved from /opt/airflow/dags/6_xcoms.py
[2026-09-21T03:28:35.804+0000] {logging_mixin.py:149} INFO - [2026-09-21T03:28:35.803+0000] {dag.py:2726} INFO - Sync 1 DAGs
[2026-09-21T03:28:35.869+0000] {processor.py:178} INFO - Processing /opt/airflow/dags/6_xcoms.py took 0.136 seconds
[2026-09-21T03:29:06.831+0000] {processor.py:156} INFO - Started process (PID=2142) to work on /opt/airflow/dags/6_xcoms.py
[2026-09-21T03:29:06.832+0000] {processor.py:799} INFO - Processing file /opt/airflow/dags/6_xcoms.py for tasks to queue
[2026-09-21T03:29:06.833+0000] {logging_mixin.py:149} INFO - [2026-09-21T03:29:06.833+0000] {dagbag.py:541} INFO - Filling up the DagBag from /opt/airflow/dags/6_xcoms.py
[2026-09-21T03:29:06.844+0000] {processor.py:809} INFO - DAG(s) dict_keys(['6-XCom']) retrieved from /opt/airflow/dags/6_xcoms.py
[2026-09-21T03:29:06.892+0000] {logging_mixin.py:149} INFO - [2026-09-21T03:29:06.892+0000] {dag.py:2726} INFO - Sync 1 DAGs
[2026-09-21T03:29:06.956+0000] {processor.py:178} INFO - Processing /opt/airflow/dags/6_xcoms.py took 0.131 seconds
[2026-09-21T03:29:37.930+0000] {processor.py:156} INFO - Started process (PID=2153) to work on /opt/airflow/dags/6_xcoms.py
[2026-09-21T03:29:37.936+0000] {processor.py:799} INFO - Processing file /opt/airflow/dags/6_xcoms.py for tasks to queue
[2026-09-21T03:29:37.937+0000] {logging_mixin.py:149} INFO - [2026-09-21T03:29:37.937+0000] {dagbag.py:541} INFO - Filling up the DagBag from /opt/airflow/dags/6_xcoms.py
[2026-09-21T03:29:37.950+0000] {processor.py:809} INFO - DAG(s) dict_keys(['6-XCom']) retrieved from /opt/airflow/dags/6_xcoms.py
[2026-09-21T03:29:38.033+0000] {logging_mixin.py:149} INFO - [2026-09-21T03:29:38.032+0000] {dag.py:2726} INFO - Sync 1 DAGs
[2026-09-21T03:29:38.131+0000] {processor.py:178} INFO - Processing /opt/airflow/dags/6_xcoms.py took 0.206 seconds
[2026-09-21T03:30:08.241+0000] {processor.py:156} INFO - Started process (PID=2164) to work on /opt/airflow/dags/6_xcoms.py
[2026-09-21T03:30:08.242+0000] {processor.py:799} INFO - Processing file /opt/airflow/dags/6_xcoms.py for tasks to queue
[2026-09-21T03:30:08.243+0000] {logging_mixin.py:149} INFO - [2026-09-21T03:30:08.243+0000] {dagbag.py:541} INFO - Filling up the DagBag from /opt/airflow/dags/6_xcoms.py
[2026-09-21T03:30:08.255+0000] {processor.py:809} INFO - DAG(s) dict_keys(['6-XCom']) retrieved from /opt/airflow/dags/6_xcoms.py
[2026-09-21T03:30:08.308+0000] {logging_mixin.py:149} INFO - [2026-09-21T03:30:08.307+0000] {dag.py:2726} INFO - Sync 1 DAGs
[2026-09-21T03:30:08.370+0000] {processor.py:178} INFO - Processing /opt/airflow/dags/6_xcoms.py took 0.138 seconds
[2026-09-21T03:30:39.117+0000] {processor.py:156} INFO - Started process (PID=2175) to work on /opt/airflow/dags/6_xcoms.py
[2026-09-21T03:30:39.119+0000] {processor.py:799} INFO - Processing file /opt/airflow/dags/6_xcoms.py for tasks to queue
[2026-09-21T03:30:39.120+0000] {logging_mixin.py:149} INFO - [2026-09-21T03:30:39.119+0000] {dagbag.py:541} INFO - Filling up the DagBag from /opt/airflow/dags/6_xcoms.py
[2026-09-21T03:30:39.132+0000] {processor.py:809} INFO - DAG(s) dict_keys(['6-XCom']) retrieved from /opt/airflow/dags/6_xcoms.py
[2026-09-21T03:30:39.191+0000] {logging_mixin.py:149} INFO - [2026-09-21T03:30:39.190+0000] {dag.py:2726} INFO - Sync 1 DAGs
[2026-09-21T03:30:39.262+0000] {processor.py:178} INFO - Processing /opt/airflow/dags/6_xcoms.py took 0.151 seconds
[2026-09-21T03:31:10.232+0000] {processor.py:156} INFO - Started process (PID=2186) to work on /opt/airflow/dags/6_xcoms.py
[2026-09-21T03:31:10.235+0000] {processor.py:799} INFO - Processing file /opt/airflow/dags/6_xcoms.py for tasks to queue
[2026-09-21T03:31:10.236+0000] {logging_mixin.py:149} INFO - [2026-09-21T03:31:10.236+0000] {dagbag.py:541} INFO - Filling up the DagBag from /opt/airflow/dags/6_xcoms.py
[2026-09-21T03:31:10.255+0000] {processor.py:809} INFO - DAG(s) dict_keys(['6-XCom']) retrieved from /opt/airflow/dags/6_xcoms.py
[2026-09-21T03:31:10.305+0000] {logging_mixin.py:149} INFO - [2026-09-21T03:31:10.304+0000] {dag.py:2726} INFO - Sync 1 DAGs
[2026-09-21T03:31:10.384+0000] {processor.py:178} INFO - Processing /opt/airflow/dags/6_xcoms.py took 0.158 seconds
[2026-09-21T03:31:41.394+0000] {processor.py:156} INFO - Started process (PID=2197) to work on /opt/airflow/dags/6_xcoms.py
[2026-09-21T03:31:41.396+0000] {processor.py:799} INFO - Processing file /opt/airflow/dags/6_xcoms.py for tasks to queue
[2026-09-21T03:31:41.397+0000] {logging_mixin.py:149} INFO - [2026-09-21T03:31:41.397+0000] {dagbag.py:541} INFO - Filling up the DagBag from /opt/airflow/dags/6_xcoms.py
[2026-09-21T03:31:41.410+0000] {processor.py:809} INFO - DAG(s) dict_keys(['6-XCom']) retrieved from /opt/airflow/dags/6_xcoms.py
[2026-09-21T03:31:41.458+0000] {logging_mixin.py:149} INFO - [2026-09-21T03:31:41.457+0000] {dag.py:2726} INFO - Sync 1 DAGs
[2026-09-21T03:31:41.528+0000] {processor.py:178} INFO - Processing /opt/airflow/dags/6_xcoms.py took 0.138 seconds
[2026-09-21T03:32:12.512+0000] {processor.py:156} INFO - Started process (PID=2208) to work on /opt/airflow/dags/6_xcoms.py
[2026-09-21T03:32:12.514+0000] {processor.py:799} INFO - Processing file /opt/airflow/dags/6_xcoms.py for tasks to queue
[2026-09-21T03:32:12.515+0000] {logging_mixin.py:149} INFO - [2026-09-21T03:32:12.514+0000] {dagbag.py:541} INFO - Filling up the DagBag from /opt/airflow/dags/6_xcoms.py
[2026-09-21T03:32:12.526+0000] {processor.py:809} INFO - DAG(s) dict_keys(['6-XCom']) retrieved from /opt/airflow/dags/6_xcoms.py
[2026-09-21T03:32:12.633+0000] {logging_mixin.py:149} INFO - [2026-09-21T03:32:12.632+0000] {dag.py:2726} INFO - Sync 1 DAGs
[2026-09-21T03:32:12.750+0000] {processor.py:178} INFO - Processing /opt/airflow/dags/6_xcoms.py took 0.243 seconds
[2026-09-21T03:32:43.605+0000] {processor.py:156} INFO - Started process (PID=2226) to work on /opt/airflow/dags/6_xcoms.py
[2026-09-21T03:32:43.607+0000] {processor.py:799} INFO - Processing file /opt/airflow/dags/6_xcoms.py for tasks to queue
[2026-09-21T03:32:43.607+0000] {logging_mixin.py:149} INFO - [2026-09-21T03:32:43.607+0000] {dagbag.py:541} INFO - Filling up the DagBag from /opt/airflow/dags/6_xcoms.py
[2026-09-21T03:32:43.621+0000] {processor.py:809} INFO - DAG(s) dict_keys(['6-XCom']) retrieved from /opt/airflow/dags/6_xcoms.py
[2026-09-21T03:32:43.681+0000] {logging_mixin.py:149} INFO - [2026-09-21T03:32:43.681+0000] {dag.py:2726} INFO - Sync 1 DAGs
[2026-09-21T03:32:43.770+0000] {processor.py:178} INFO - Processing /opt/airflow/dags/6_xcoms.py took 0.170 seconds
[2026-09-21T03:33:14.683+0000] {processor.py:156} INFO - Started process (PID=2237) to work on /opt/airflow/dags/6_xcoms.py
[2026-09-21T03:33:14.685+0000] {processor.py:799} INFO - Processing file /opt/airflow/dags/6_xcoms.py for tasks to queue
[2026-09-21T03:33:14.686+0000] {logging_mixin.py:149} INFO - [2026-09-21T03:33:14.686+0000] {dagbag.py:541} INFO - Filling up the DagBag from /opt/airflow/dags/6_xcoms.py
[2026-09-21T03:33:14.700+0000] {processor.py:809} INFO - DAG(s) dict_keys(['6-XCom']) retrieved from /opt/airflow/dags/6_xcoms.py
[2026-09-21T03:33:14.752+0000] {logging_mixin.py:149} INFO - [2026-09-21T03:33:14.751+0000] {dag.py:2726} INFO - Sync 1 DAGs
[2026-09-21T03:33:14.827+0000] {processor.py:178} INFO - Processing /opt/airflow/dags/6_xcoms.py took 0.149 seconds
[2026-09-21T03:33:45.835+0000] {processor.py:156} INFO - Started process (PID=2248) to work on /opt/airflow/dags/6_xcoms.py
[2026-09-21T03:33:45.837+0000] {processor.py:799} INFO - Processing file /opt/airflow/dags/6_xcoms.py for tasks to queue
[2026-09-21T03:33:45.838+0000] {logging_mixin.py:149} INFO - [2026-09-21T03:33:45.838+0000] {dagbag.py:541} INFO - Filling up the DagBag from /opt/airflow/dags/6_xcoms.py
[2026-09-21T03:33:45.849+0000] {processor.py:809} INFO - DAG(s) dict_keys(['6-XCom']) retrieved from /opt/airflow/dags/6_xcoms.py
[2026-09-21T03:33:45.949+0000] {logging_mixin.py:149} INFO - [2026-09-21T03:33:45.948+0000] {dag.py:2726} INFO - Sync 1 DAGs
[2026-09-21T03:33:46.051+0000] {processor.py:178} INFO - Processing /opt/airflow/dags/6_xcoms.py took 0.227 seconds
[2026-09-21T03:34:16.901+0000] {processor.py:156} INFO - Started process (PID=2259) to work on /opt/airflow/dags/6_xcoms.py
[2026-09-21T03:34:16.906+0000] {processor.py:799} INFO - Processing file /opt/airflow/dags/6_xcoms.py for tasks to queue
[2026-09-21T03:34:16.907+0000] {logging_mixin.py:149} INFO - [2026-09-21T03:34:16.907+0000] {dagbag.py:541} INFO - Filling up the DagBag from /opt/airflow/dags/6_xcoms.py
[2026-09-21T03:34:16.916+0000] {processor.py:809} INFO - DAG(s) dict_keys(['6-XCom']) retrieved from /opt/airflow/dags/6_xcoms.py
[2026-09-21T03:34:16.954+0000] {logging_mixin.py:149} INFO - [2026-09-21T03:34:16.954+0000] {dag.py:2726} INFO - Sync 1 DAGs
[2026-09-21T03:34:17.000+0000] {processor.py:178} INFO - Processing /opt/airflow/dags/6_xcoms.py took 0.105 seconds
[2026-09-21T03:34:47.885+0000] {processor.py:156} INFO - Started process (PID=2270) to work on /opt/airflow/dags/6_xcoms.py
[2026-09-21T03:34:47.889+0000] {processor.py:799} INFO - Processing file /opt/airflow/dags/6_xcoms.py for tasks to queue
[2026-09-21T03:34:47.893+0000] {logging_mixin.py:149} INFO - [2026-09-21T03:34:47.893+0000] {dagbag.py:541} INFO - Filling up the DagBag from /opt/airflow/dags/6_xcoms.py
[2026-09-21T03:34:47.904+0000] {processor.py:809} INFO - DAG(s) dict_keys(['6-XCom']) retrieved from /opt/airflow/dags/6_xcoms.py
[2026-09-21T03:34:47.957+0000] {logging_mixin.py:149} INFO - [2026-09-21T03:34:47.957+0000] {dag.py:2726} INFO - Sync 1 DAGs
[2026-09-21T03:34:48.022+0000] {processor.py:178} INFO - Processing /opt/airflow/dags/6_xcoms.py took 0.143 seconds
[2026-09-21T03:35:18.957+0000] {processor.py:156} INFO - Started process (PID=2281) to work on /opt/airflow/dags/6_xcoms.py
[2026-09-21T03:35:18.962+0000] {processor.py:799} INFO - Processing file /opt/airflow/dags/6_xcoms.py for tasks to queue
[2026-09-21T03:35:18.963+0000] {logging_mixin.py:149} INFO - [2026-09-21T03:35:18.963+0000] {dagbag.py:541} INFO - Filling up the DagBag from /opt/airflow/dags/6_xcoms.py
[2026-09-21T03:35:18.975+0000] {processor.py:809} INFO - DAG(s) dict_keys(['6-XCom']) retrieved from /opt/airflow/dags/6_xcoms.py
[2026-09-21T03:35:19.045+0000] {logging_mixin.py:149} INFO - [2026-09-21T03:35:19.044+0000] {dag.py:2726} INFO - Sync 1 DAGs
[2026-09-21T03:35:19.124+0000] {processor.py:178} INFO - Processing /opt/airflow/dags/6_xcoms.py took 0.174 seconds
[2026-09-21T03:35:50.126+0000] {processor.py:156} INFO - Started process (PID=2292) to work on /opt/airflow/dags/6_xcoms.py
[2026-09-21T03:35:50.127+0000] {processor.py:799} INFO - Processing file /opt/airflow/dags/6_xcoms.py for tasks to queue
[2026-09-21T03:35:50.128+0000] {logging_mixin.py:149} INFO - [2026-09-21T03:35:50.128+0000] {dagbag.py:541} INFO - Filling up the DagBag from /opt/airflow/dags/6_xcoms.py
[2026-09-21T03:35:50.139+0000] {processor.py:809} INFO - DAG(s) dict_keys(['6-XCom']) retrieved from /opt/airflow/dags/6_xcoms.py
[2026-09-21T03:35:50.254+0000] {logging_mixin.py:149} INFO - [2026-09-21T03:35:50.254+0000] {dag.py:2726} INFO - Sync 1 DAGs
[2026-09-21T03:35:50.425+0000] {processor.py:178} INFO - Processing /opt/airflow/dags/6_xcoms.py took 0.304 seconds
[2026-09-21T03:36:20.542+0000] {processor.py:156} INFO - Started process (PID=2307) to work on /opt/airflow/dags/6_xcoms.py
[2026-09-21T03:36:20.544+0000] {processor.py:799} INFO - Processing file /opt/airflow/dags/6_xcoms.py for tasks to queue
[2026-09-21T03:36:20.545+0000] {logging_mixin.py:149} INFO - [2026-09-21T03:36:20.545+0000] {dagbag.py:541} INFO - Filling up the DagBag from /opt/airflow/dags/6_xcoms.py
[2026-09-21T03:36:20.557+0000] {processor.py:809} INFO - DAG(s) dict_keys(['6-XCom']) retrieved from /opt/airflow/dags/6_xcoms.py
[2026-09-21T03:36:20.615+0000] {logging_mixin.py:149} INFO - [2026-09-21T03:36:20.615+0000] {dag.py:2726} INFO - Sync 1 DAGs
[2026-09-21T03:36:20.677+0000] {processor.py:178} INFO - Processing /opt/airflow/dags/6_xcoms.py took 0.143 seconds
[2026-09-21T03:36:51.196+0000] {processor.py:156} INFO - Started process (PID=2328) to work on /opt/airflow/dags/6_xcoms.py
[2026-09-21T03:36:51.197+0000] {processor.py:799} INFO - Processing file /opt/airflow/dags/6_xcoms.py for tasks to queue
[2026-09-21T03:36:51.199+0000] {logging_mixin.py:149} INFO - [2026-09-21T03:36:51.198+0000] {dagbag.py:541} INFO - Filling up the DagBag from /opt/airflow/dags/6_xcoms.py
[2026-09-21T03:36:51.210+0000] {processor.py:809} INFO - DAG(s) dict_keys(['6-XCom']) retrieved from /opt/airflow/dags/6_xcoms.py
[2026-09-21T03:36:51.286+0000] {logging_mixin.py:149} INFO - [2026-09-21T03:36:51.285+0000] {dag.py:2726} INFO - Sync 1 DAGs
[2026-09-21T03:36:51.364+0000] {processor.py:178} INFO - Processing /opt/airflow/dags/6_xcoms.py took 0.175 seconds
[2026-09-21T03:37:22.006+0000] {processor.py:156} INFO - Started process (PID=2342) to work on /opt/airflow/dags/6_xcoms.py
[2026-09-21T03:37:22.008+0000] {processor.py:799} INFO - Processing file /opt/airflow/dags/6_xcoms.py for tasks to queue
[2026-09-21T03:37:22.008+0000] {logging_mixin.py:149} INFO - [2026-09-21T03:37:22.008+0000] {dagbag.py:541} INFO - Filling up the DagBag from /opt/airflow/dags/6_xcoms.py
[2026-09-21T03:37:22.021+0000] {processor.py:809} INFO - DAG(s) dict_keys(['6-XCom']) retrieved from /opt/airflow/dags/6_xcoms.py
[2026-09-21T03:37:22.120+0000] {logging_mixin.py:149} INFO - [2026-09-21T03:37:22.120+0000] {dag.py:2726} INFO - Sync 1 DAGs
[2026-09-21T03:37:22.188+0000] {processor.py:178} INFO - Processing /opt/airflow/dags/6_xcoms.py took 0.189 seconds
[2026-09-21T03:37:52.889+0000] {processor.py:156} INFO - Started process (PID=2356) to work on /opt/airflow/dags/6_xcoms.py
[2026-09-21T03:37:52.890+0000] {processor.py:799} INFO - Processing file /opt/airflow/dags/6_xcoms.py for tasks to queue
[2026-09-21T03:37:52.891+0000] {logging_mixin.py:149} INFO - [2026-09-21T03:37:52.891+0000] {dagbag.py:541} INFO - Filling up the DagBag from /opt/airflow/dags/6_xcoms.py
[2026-09-21T03:37:52.902+0000] {processor.py:809} INFO - DAG(s) dict_keys(['6-XCom']) retrieved from /opt/airflow/dags/6_xcoms.py
[2026-09-21T03:37:52.974+0000] {logging_mixin.py:149} INFO - [2026-09-21T03:37:52.973+0000] {dag.py:2726} INFO - Sync 1 DAGs
[2026-09-21T03:37:53.055+0000] {processor.py:178} INFO - Processing /opt/airflow/dags/6_xcoms.py took 0.172 seconds
[2026-09-21T03:38:23.821+0000] {processor.py:156} INFO - Started process (PID=2370) to work on /opt/airflow/dags/6_xcoms.py
[2026-09-21T03:38:23.824+0000] {processor.py:799} INFO - Processing file /opt/airflow/dags/6_xcoms.py for tasks to queue
[2026-09-21T03:38:23.825+0000] {logging_mixin.py:149} INFO - [2026-09-21T03:38:23.825+0000] {dagbag.py:541} INFO - Filling up the DagBag from /opt/airflow/dags/6_xcoms.py
[2026-09-21T03:38:23.836+0000] {processor.py:809} INFO - DAG(s) dict_keys(['6-XCom']) retrieved from /opt/airflow/dags/6_xcoms.py
[2026-09-21T03:38:23.908+0000] {logging_mixin.py:149} INFO - [2026-09-21T03:38:23.907+0000] {dag.py:2726} INFO - Sync 1 DAGs
[2026-09-21T03:38:23.988+0000] {processor.py:178} INFO - Processing /opt/airflow/dags/6_xcoms.py took 0.174 seconds
[2026-09-21T03:38:39.940+0000] {processor.py:156} INFO - Started process (PID=2384) to work on /opt/airflow/dags/6_xcoms.py
[2026-09-21T03:38:39.942+0000] {processor.py:799} INFO - Processing file /opt/airflow/dags/6_xcoms.py for tasks to queue
[2026-09-21T03:38:39.943+0000] {logging_mixin.py:149} INFO - [2026-09-21T03:38:39.943+0000] {dagbag.py:541} INFO - Filling up the DagBag from /opt/airflow/dags/6_xcoms.py
[2026-09-21T03:38:40.004+0000] {processor.py:809} INFO - DAG(s) dict_keys(['6-XCom']) retrieved from /opt/airflow/dags/6_xcoms.py
[2026-09-21T03:38:40.116+0000] {logging_mixin.py:149} INFO - [2026-09-21T03:38:40.115+0000] {dag.py:2726} INFO - Sync 1 DAGs
[2026-09-21T03:38:40.216+0000] {processor.py:178} INFO - Processing /opt/airflow/dags/6_xcoms.py took 0.304 seconds
[2026-09-21T03:39:10.973+0000] {processor.py:156} INFO - Started process (PID=2394) to work on /opt/airflow/dags/6_xcoms.py
[2026-09-21T03:39:10.977+0000] {processor.py:799} INFO - Processing file /opt/airflow/dags/6_xcoms.py for tasks to queue
[2026-09-21T03:39:10.979+0000] {logging_mixin.py:149} INFO - [2026-09-21T03:39:10.978+0000] {dagbag.py:541} INFO - Filling up the DagBag from /opt/airflow/dags/6_xcoms.py
[2026-09-21T03:39:10.997+0000] {processor.py:809} INFO - DAG(s) dict_keys(['6-XCom']) retrieved from /opt/airflow/dags/6_xcoms.py
[2026-09-21T03:39:11.110+0000] {logging_mixin.py:149} INFO - [2026-09-21T03:39:11.109+0000] {dag.py:2726} INFO - Sync 1 DAGs
[2026-09-21T03:39:11.214+0000] {processor.py:178} INFO - Processing /opt/airflow/dags/6_xcoms.py took 0.247 seconds
[2026-09-21T03:39:41.387+0000] {processor.py:156} INFO - Started process (PID=2409) to work on /opt/airflow/dags/6_xcoms.py
[2026-09-21T03:39:41.389+0000] {processor.py:799} INFO - Processing file /opt/airflow/dags/6_xcoms.py for tasks to queue
[2026-09-21T03:39:41.390+0000] {logging_mixin.py:149} INFO - [2026-09-21T03:39:41.390+0000] {dagbag.py:541} INFO - Filling up the DagBag from /opt/airflow/dags/6_xcoms.py
[2026-09-21T03:39:41.401+0000] {processor.py:809} INFO - DAG(s) dict_keys(['6-XCom']) retrieved from /opt/airflow/dags/6_xcoms.py
[2026-09-21T03:39:41.446+0000] {logging_mixin.py:149} INFO - [2026-09-21T03:39:41.446+0000] {dag.py:2726} INFO - Sync 1 DAGs
[2026-09-21T03:39:41.511+0000] {processor.py:178} INFO - Processing /opt/airflow/dags/6_xcoms.py took 0.130 seconds
[2026-09-21T03:40:11.956+0000] {processor.py:156} INFO - Started process (PID=2422) to work on /opt/airflow/dags/6_xcoms.py
[2026-09-21T03:40:11.959+0000] {processor.py:799} INFO - Processing file /opt/airflow/dags/6_xcoms.py for tasks to queue
[2026-09-21T03:40:11.961+0000] {logging_mixin.py:149} INFO - [2026-09-21T03:40:11.960+0000] {dagbag.py:541} INFO - Filling up the DagBag from /opt/airflow/dags/6_xcoms.py
[2026-09-21T03:40:11.975+0000] {processor.py:809} INFO - DAG(s) dict_keys(['6-XCom']) retrieved from /opt/airflow/dags/6_xcoms.py
[2026-09-21T03:40:12.035+0000] {logging_mixin.py:149} INFO - [2026-09-21T03:40:12.034+0000] {dag.py:2726} INFO - Sync 1 DAGs
[2026-09-21T03:40:12.134+0000] {processor.py:178} INFO - Processing /opt/airflow/dags/6_xcoms.py took 0.186 seconds
[2026-09-21T03:40:42.983+0000] {processor.py:156} INFO - Started process (PID=2436) to work on /opt/airflow/dags/6_xcoms.py
[2026-09-21T03:40:42.986+0000] {processor.py:799} INFO - Processing file /opt/airflow/dags/6_xcoms.py for tasks to queue
[2026-09-21T03:40:42.987+0000] {logging_mixin.py:149} INFO - [2026-09-21T03:40:42.987+0000] {dagbag.py:541} INFO - Filling up the DagBag from /opt/airflow/dags/6_xcoms.py
[2026-09-21T03:40:43.014+0000] {processor.py:809} INFO - DAG(s) dict_keys(['6-XCom']) retrieved from /opt/airflow/dags/6_xcoms.py
[2026-09-21T03:40:43.090+0000] {logging_mixin.py:149} INFO - [2026-09-21T03:40:43.090+0000] {dag.py:2726} INFO - Sync 1 DAGs
[2026-09-21T03:40:43.172+0000] {processor.py:178} INFO - Processing /opt/airflow/dags/6_xcoms.py took 0.194 seconds
[2026-09-21T03:41:14.042+0000] {processor.py:156} INFO - Started process (PID=2450) to work on /opt/airflow/dags/6_xcoms.py
[2026-09-21T03:41:14.045+0000] {processor.py:799} INFO - Processing file /opt/airflow/dags/6_xcoms.py for tasks to queue
[2026-09-21T03:41:14.048+0000] {logging_mixin.py:149} INFO - [2026-09-21T03:41:14.047+0000] {dagbag.py:541} INFO - Filling up the DagBag from /opt/airflow/dags/6_xcoms.py
[2026-09-21T03:41:14.064+0000] {processor.py:809} INFO - DAG(s) dict_keys(['6-XCom']) retrieved from /opt/airflow/dags/6_xcoms.py
[2026-09-21T03:41:14.156+0000] {logging_mixin.py:149} INFO - [2026-09-21T03:41:14.155+0000] {dag.py:2726} INFO - Sync 1 DAGs
[2026-09-21T03:41:14.226+0000] {processor.py:178} INFO - Processing /opt/airflow/dags/6_xcoms.py took 0.192 seconds
[2026-09-21T03:41:44.461+0000] {processor.py:156} INFO - Started process (PID=2464) to work on /opt/airflow/dags/6_xcoms.py
[2026-09-21T03:41:44.463+0000] {processor.py:799} INFO - Processing file /opt/airflow/dags/6_xcoms.py for tasks to queue
[2026-09-21T03:41:44.465+0000] {logging_mixin.py:149} INFO - [2026-09-21T03:41:44.464+0000] {dagbag.py:541} INFO - Filling up the DagBag from /opt/airflow/dags/6_xcoms.py
[2026-09-21T03:41:44.482+0000] {processor.py:809} INFO - DAG(s) dict_keys(['6-XCom']) retrieved from /opt/airflow/dags/6_xcoms.py
[2026-09-21T03:41:44.531+0000] {logging_mixin.py:149} INFO - [2026-09-21T03:41:44.531+0000] {dag.py:2726} INFO - Sync 1 DAGs
[2026-09-21T03:41:44.592+0000] {processor.py:178} INFO - Processing /opt/airflow/dags/6_xcoms.py took 0.137 seconds
[2026-09-21T03:42:15.518+0000] {processor.py:156} INFO - Started process (PID=2478) to work on /opt/airflow/dags/6_xcoms.py
[2026-09-21T03:42:15.522+0000] {processor.py:799} INFO - Processing file /opt/airflow/dags/6_xcoms.py for tasks to queue
[2026-09-21T03:42:15.522+0000] {logging_mixin.py:149} INFO - [2026-09-21T03:42:15.522+0000] {dagbag.py:541} INFO - Filling up the DagBag from /opt/airflow/dags/6_xcoms.py
[2026-09-21T03:42:15.531+0000] {processor.py:809} INFO - DAG(s) dict_keys(['6-XCom']) retrieved from /opt/airflow/dags/6_xcoms.py
[2026-09-21T03:42:15.576+0000] {logging_mixin.py:149} INFO - [2026-09-21T03:42:15.576+0000] {dag.py:2726} INFO - Sync 1 DAGs
[2026-09-21T03:42:15.630+0000] {processor.py:178} INFO - Processing /opt/airflow/dags/6_xcoms.py took 0.119 seconds
[2026-09-21T03:42:46.216+0000] {processor.py:156} INFO - Started process (PID=2492) to work on /opt/airflow/dags/6_xcoms.py
[2026-09-21T03:42:46.218+0000] {processor.py:799} INFO - Processing file /opt/airflow/dags/6_xcoms.py for tasks to queue
[2026-09-21T03:42:46.219+0000] {logging_mixin.py:149} INFO - [2026-09-21T03:42:46.219+0000] {dagbag.py:541} INFO - Filling up the DagBag from /opt/airflow/dags/6_xcoms.py
[2026-09-21T03:42:46.234+0000] {processor.py:809} INFO - DAG(s) dict_keys(['6-XCom']) retrieved from /opt/airflow/dags/6_xcoms.py
[2026-09-21T03:42:46.307+0000] {logging_mixin.py:149} INFO - [2026-09-21T03:42:46.307+0000] {dag.py:2726} INFO - Sync 1 DAGs
[2026-09-21T03:42:46.399+0000] {processor.py:178} INFO - Processing /opt/airflow/dags/6_xcoms.py took 0.192 seconds
[2026-09-21T03:43:16.509+0000] {processor.py:156} INFO - Started process (PID=2506) to work on /opt/airflow/dags/6_xcoms.py
[2026-09-21T03:43:16.513+0000] {processor.py:799} INFO - Processing file /opt/airflow/dags/6_xcoms.py for tasks to queue
[2026-09-21T03:43:16.514+0000] {logging_mixin.py:149} INFO - [2026-09-21T03:43:16.514+0000] {dagbag.py:541} INFO - Filling up the DagBag from /opt/airflow/dags/6_xcoms.py
[2026-09-21T03:43:16.530+0000] {processor.py:809} INFO - DAG(s) dict_keys(['6-XCom']) retrieved from /opt/airflow/dags/6_xcoms.py
[2026-09-21T03:43:16.612+0000] {logging_mixin.py:149} INFO - [2026-09-21T03:43:16.612+0000] {dag.py:2726} INFO - Sync 1 DAGs
[2026-09-21T03:43:16.722+0000] {processor.py:178} INFO - Processing /opt/airflow/dags/6_xcoms.py took 0.224 seconds
[2026-09-21T03:43:44.626+0000] {processor.py:156} INFO - Started process (PID=2526) to work on /opt/airflow/dags/6_xcoms.py
[2026-09-21T03:43:44.633+0000] {processor.py:799} INFO - Processing file /opt/airflow/dags/6_xcoms.py for tasks to queue
[2026-09-21T03:43:44.636+0000] {logging_mixin.py:149} INFO - [2026-09-21T03:43:44.636+0000] {dagbag.py:541} INFO - Filling up the DagBag from /opt/airflow/dags/6_xcoms.py
[2026-09-21T03:43:44.668+0000] {processor.py:809} INFO - DAG(s) dict_keys(['6-XCom']) retrieved from /opt/airflow/dags/6_xcoms.py
[2026-09-21T03:43:44.770+0000] {logging_mixin.py:149} INFO - [2026-09-21T03:43:44.770+0000] {dag.py:2726} INFO - Sync 1 DAGs
[2026-09-21T03:43:44.920+0000] {processor.py:178} INFO - Processing /opt/airflow/dags/6_xcoms.py took 0.303 seconds
[2026-09-21T03:44:15.211+0000] {processor.py:156} INFO - Started process (PID=2536) to work on /opt/airflow/dags/6_xcoms.py
[2026-09-21T03:44:15.213+0000] {processor.py:799} INFO - Processing file /opt/airflow/dags/6_xcoms.py for tasks to queue
[2026-09-21T03:44:15.214+0000] {logging_mixin.py:149} INFO - [2026-09-21T03:44:15.214+0000] {dagbag.py:541} INFO - Filling up the DagBag from /opt/airflow/dags/6_xcoms.py
[2026-09-21T03:44:15.225+0000] {processor.py:809} INFO - DAG(s) dict_keys(['6-XCom']) retrieved from /opt/airflow/dags/6_xcoms.py
[2026-09-21T03:44:15.285+0000] {logging_mixin.py:149} INFO - [2026-09-21T03:44:15.285+0000] {dag.py:2726} INFO - Sync 1 DAGs
[2026-09-21T03:44:15.356+0000] {processor.py:178} INFO - Processing /opt/airflow/dags/6_xcoms.py took 0.151 seconds
[2026-09-21T03:44:46.183+0000] {processor.py:156} INFO - Started process (PID=2555) to work on /opt/airflow/dags/6_xcoms.py
[2026-09-21T03:44:46.186+0000] {processor.py:799} INFO - Processing file /opt/airflow/dags/6_xcoms.py for tasks to queue
[2026-09-21T03:44:46.187+0000] {logging_mixin.py:149} INFO - [2026-09-21T03:44:46.187+0000] {dagbag.py:541} INFO - Filling up the DagBag from /opt/airflow/dags/6_xcoms.py
[2026-09-21T03:44:46.213+0000] {processor.py:809} INFO - DAG(s) dict_keys(['6-XCom']) retrieved from /opt/airflow/dags/6_xcoms.py
[2026-09-21T03:44:46.274+0000] {logging_mixin.py:149} INFO - [2026-09-21T03:44:46.274+0000] {dag.py:2726} INFO - Sync 1 DAGs
[2026-09-21T03:44:46.360+0000] {processor.py:178} INFO - Processing /opt/airflow/dags/6_xcoms.py took 0.183 seconds
[2026-09-21T03:45:16.440+0000] {processor.py:156} INFO - Started process (PID=2569) to work on /opt/airflow/dags/6_xcoms.py
[2026-09-21T03:45:16.442+0000] {processor.py:799} INFO - Processing file /opt/airflow/dags/6_xcoms.py for tasks to queue
[2026-09-21T03:45:16.443+0000] {logging_mixin.py:149} INFO - [2026-09-21T03:45:16.443+0000] {dagbag.py:541} INFO - Filling up the DagBag from /opt/airflow/dags/6_xcoms.py
[2026-09-21T03:45:16.457+0000] {processor.py:809} INFO - DAG(s) dict_keys(['6-XCom']) retrieved from /opt/airflow/dags/6_xcoms.py
[2026-09-21T03:45:16.505+0000] {logging_mixin.py:149} INFO - [2026-09-21T03:45:16.504+0000] {dag.py:2726} INFO - Sync 1 DAGs
[2026-09-21T03:45:16.564+0000] {processor.py:178} INFO - Processing /opt/airflow/dags/6_xcoms.py took 0.129 seconds
[2026-09-21T03:45:46.700+0000] {processor.py:156} INFO - Started process (PID=2583) to work on /opt/airflow/dags/6_xcoms.py
[2026-09-21T03:45:46.701+0000] {processor.py:799} INFO - Processing file /opt/airflow/dags/6_xcoms.py for tasks to queue
[2026-09-21T03:45:46.702+0000] {logging_mixin.py:149} INFO - [2026-09-21T03:45:46.702+0000] {dagbag.py:541} INFO - Filling up the DagBag from /opt/airflow/dags/6_xcoms.py
[2026-09-21T03:45:46.717+0000] {processor.py:809} INFO - DAG(s) dict_keys(['6-XCom']) retrieved from /opt/airflow/dags/6_xcoms.py
[2026-09-21T03:45:46.787+0000] {logging_mixin.py:149} INFO - [2026-09-21T03:45:46.787+0000] {dag.py:2726} INFO - Sync 1 DAGs
[2026-09-21T03:45:46.877+0000] {processor.py:178} INFO - Processing /opt/airflow/dags/6_xcoms.py took 0.182 seconds
[2026-09-21T03:46:17.825+0000] {processor.py:156} INFO - Started process (PID=2604) to work on /opt/airflow/dags/6_xcoms.py
[2026-09-21T03:46:17.830+0000] {processor.py:799} INFO - Processing file /opt/airflow/dags/6_xcoms.py for tasks to queue
[2026-09-21T03:46:17.836+0000] {logging_mixin.py:149} INFO - [2026-09-21T03:46:17.832+0000] {dagbag.py:541} INFO - Filling up the DagBag from /opt/airflow/dags/6_xcoms.py
[2026-09-21T03:46:17.851+0000] {processor.py:809} INFO - DAG(s) dict_keys(['6-XCom']) retrieved from /opt/airflow/dags/6_xcoms.py
[2026-09-21T03:46:17.935+0000] {logging_mixin.py:149} INFO - [2026-09-21T03:46:17.934+0000] {dag.py:2726} INFO - Sync 1 DAGs
[2026-09-21T03:46:18.035+0000] {processor.py:178} INFO - Processing /opt/airflow/dags/6_xcoms.py took 0.219 seconds
[2026-09-21T03:46:48.908+0000] {processor.py:156} INFO - Started process (PID=2618) to work on /opt/airflow/dags/6_xcoms.py
[2026-09-21T03:46:48.909+0000] {processor.py:799} INFO - Processing file /opt/airflow/dags/6_xcoms.py for tasks to queue
[2026-09-21T03:46:48.910+0000] {logging_mixin.py:149} INFO - [2026-09-21T03:46:48.909+0000] {dagbag.py:541} INFO - Filling up the DagBag from /opt/airflow/dags/6_xcoms.py
[2026-09-21T03:46:48.919+0000] {processor.py:809} INFO - DAG(s) dict_keys(['6-XCom']) retrieved from /opt/airflow/dags/6_xcoms.py
[2026-09-21T03:46:48.964+0000] {logging_mixin.py:149} INFO - [2026-09-21T03:46:48.964+0000] {dag.py:2726} INFO - Sync 1 DAGs
[2026-09-21T03:46:49.032+0000] {processor.py:178} INFO - Processing /opt/airflow/dags/6_xcoms.py took 0.128 seconds
[2026-09-21T03:47:20.012+0000] {processor.py:156} INFO - Started process (PID=2632) to work on /opt/airflow/dags/6_xcoms.py
[2026-09-21T03:47:20.013+0000] {processor.py:799} INFO - Processing file /opt/airflow/dags/6_xcoms.py for tasks to queue
[2026-09-21T03:47:20.014+0000] {logging_mixin.py:149} INFO - [2026-09-21T03:47:20.014+0000] {dagbag.py:541} INFO - Filling up the DagBag from /opt/airflow/dags/6_xcoms.py
[2026-09-21T03:47:20.026+0000] {processor.py:809} INFO - DAG(s) dict_keys(['6-XCom']) retrieved from /opt/airflow/dags/6_xcoms.py
[2026-09-21T03:47:20.084+0000] {logging_mixin.py:149} INFO - [2026-09-21T03:47:20.083+0000] {dag.py:2726} INFO - Sync 1 DAGs
[2026-09-21T03:47:20.162+0000] {processor.py:178} INFO - Processing /opt/airflow/dags/6_xcoms.py took 0.156 seconds
[2026-09-21T03:47:51.186+0000] {processor.py:156} INFO - Started process (PID=2646) to work on /opt/airflow/dags/6_xcoms.py
[2026-09-21T03:47:51.188+0000] {processor.py:799} INFO - Processing file /opt/airflow/dags/6_xcoms.py for tasks to queue
[2026-09-21T03:47:51.188+0000] {logging_mixin.py:149} INFO - [2026-09-21T03:47:51.188+0000] {dagbag.py:541} INFO - Filling up the DagBag from /opt/airflow/dags/6_xcoms.py
[2026-09-21T03:47:51.200+0000] {processor.py:809} INFO - DAG(s) dict_keys(['6-XCom']) retrieved from /opt/airflow/dags/6_xcoms.py
[2026-09-21T03:47:51.247+0000] {logging_mixin.py:149} INFO - [2026-09-21T03:47:51.247+0000] {dag.py:2726} INFO - Sync 1 DAGs
[2026-09-21T03:47:51.310+0000] {processor.py:178} INFO - Processing /opt/airflow/dags/6_xcoms.py took 0.129 seconds
[2026-09-21T03:48:17.703+0000] {processor.py:156} INFO - Started process (PID=2666) to work on /opt/airflow/dags/6_xcoms.py
[2026-09-21T03:48:17.714+0000] {processor.py:799} INFO - Processing file /opt/airflow/dags/6_xcoms.py for tasks to queue
[2026-09-21T03:48:17.715+0000] {logging_mixin.py:149} INFO - [2026-09-21T03:48:17.715+0000] {dagbag.py:541} INFO - Filling up the DagBag from /opt/airflow/dags/6_xcoms.py
[2026-09-21T03:48:17.733+0000] {processor.py:809} INFO - DAG(s) dict_keys(['6-XCom']) retrieved from /opt/airflow/dags/6_xcoms.py
[2026-09-21T03:48:17.831+0000] {logging_mixin.py:149} INFO - [2026-09-21T03:48:17.831+0000] {dag.py:2726} INFO - Sync 1 DAGs
[2026-09-21T03:48:17.902+0000] {processor.py:178} INFO - Processing /opt/airflow/dags/6_xcoms.py took 0.214 seconds
[2026-09-21T03:48:48.208+0000] {processor.py:156} INFO - Started process (PID=2680) to work on /opt/airflow/dags/6_xcoms.py
[2026-09-21T03:48:48.209+0000] {processor.py:799} INFO - Processing file /opt/airflow/dags/6_xcoms.py for tasks to queue
[2026-09-21T03:48:48.210+0000] {logging_mixin.py:149} INFO - [2026-09-21T03:48:48.210+0000] {dagbag.py:541} INFO - Filling up the DagBag from /opt/airflow/dags/6_xcoms.py
[2026-09-21T03:48:48.221+0000] {processor.py:809} INFO - DAG(s) dict_keys(['6-XCom']) retrieved from /opt/airflow/dags/6_xcoms.py
[2026-09-21T03:48:48.306+0000] {logging_mixin.py:149} INFO - [2026-09-21T03:48:48.306+0000] {dag.py:2726} INFO - Sync 1 DAGs
[2026-09-21T03:48:48.385+0000] {processor.py:178} INFO - Processing /opt/airflow/dags/6_xcoms.py took 0.185 seconds
[2026-09-21T03:49:18.522+0000] {processor.py:156} INFO - Started process (PID=2690) to work on /opt/airflow/dags/6_xcoms.py
[2026-09-21T03:49:18.524+0000] {processor.py:799} INFO - Processing file /opt/airflow/dags/6_xcoms.py for tasks to queue
[2026-09-21T03:49:18.526+0000] {logging_mixin.py:149} INFO - [2026-09-21T03:49:18.526+0000] {dagbag.py:541} INFO - Filling up the DagBag from /opt/airflow/dags/6_xcoms.py
[2026-09-21T03:49:18.538+0000] {processor.py:809} INFO - DAG(s) dict_keys(['6-XCom']) retrieved from /opt/airflow/dags/6_xcoms.py
[2026-09-21T03:49:18.596+0000] {logging_mixin.py:149} INFO - [2026-09-21T03:49:18.595+0000] {dag.py:2726} INFO - Sync 1 DAGs
[2026-09-21T03:49:18.678+0000] {processor.py:178} INFO - Processing /opt/airflow/dags/6_xcoms.py took 0.162 seconds
[2026-09-21T03:49:49.167+0000] {processor.py:156} INFO - Started process (PID=2704) to work on /opt/airflow/dags/6_xcoms.py
[2026-09-21T03:49:49.168+0000] {processor.py:799} INFO - Processing file /opt/airflow/dags/6_xcoms.py for tasks to queue
[2026-09-21T03:49:49.172+0000] {logging_mixin.py:149} INFO - [2026-09-21T03:49:49.172+0000] {dagbag.py:541} INFO - Filling up the DagBag from /opt/airflow/dags/6_xcoms.py
[2026-09-21T03:49:49.185+0000] {processor.py:809} INFO - DAG(s) dict_keys(['6-XCom']) retrieved from /opt/airflow/dags/6_xcoms.py
[2026-09-21T03:49:49.239+0000] {logging_mixin.py:149} INFO - [2026-09-21T03:49:49.239+0000] {dag.py:2726} INFO - Sync 1 DAGs
[2026-09-21T03:49:49.333+0000] {processor.py:178} INFO - Processing /opt/airflow/dags/6_xcoms.py took 0.176 seconds
[2026-09-21T03:50:20.265+0000] {processor.py:156} INFO - Started process (PID=2718) to work on /opt/airflow/dags/6_xcoms.py
[2026-09-21T03:50:20.269+0000] {processor.py:799} INFO - Processing file /opt/airflow/dags/6_xcoms.py for tasks to queue
[2026-09-21T03:50:20.271+0000] {logging_mixin.py:149} INFO - [2026-09-21T03:50:20.270+0000] {dagbag.py:541} INFO - Filling up the DagBag from /opt/airflow/dags/6_xcoms.py
[2026-09-21T03:50:20.283+0000] {processor.py:809} INFO - DAG(s) dict_keys(['6-XCom']) retrieved from /opt/airflow/dags/6_xcoms.py
[2026-09-21T03:50:20.331+0000] {logging_mixin.py:149} INFO - [2026-09-21T03:50:20.331+0000] {dag.py:2726} INFO - Sync 1 DAGs
[2026-09-21T03:50:20.421+0000] {processor.py:178} INFO - Processing /opt/airflow/dags/6_xcoms.py took 0.161 seconds
[2026-09-21T03:50:51.361+0000] {processor.py:156} INFO - Started process (PID=2732) to work on /opt/airflow/dags/6_xcoms.py
[2026-09-21T03:50:51.362+0000] {processor.py:799} INFO - Processing file /opt/airflow/dags/6_xcoms.py for tasks to queue
[2026-09-21T03:50:51.363+0000] {logging_mixin.py:149} INFO - [2026-09-21T03:50:51.363+0000] {dagbag.py:541} INFO - Filling up the DagBag from /opt/airflow/dags/6_xcoms.py
[2026-09-21T03:50:51.374+0000] {processor.py:809} INFO - DAG(s) dict_keys(['6-XCom']) retrieved from /opt/airflow/dags/6_xcoms.py
[2026-09-21T03:50:51.428+0000] {logging_mixin.py:149} INFO - [2026-09-21T03:50:51.427+0000] {dag.py:2726} INFO - Sync 1 DAGs
[2026-09-21T03:50:51.521+0000] {processor.py:178} INFO - Processing /opt/airflow/dags/6_xcoms.py took 0.165 seconds
[2026-09-21T03:51:22.427+0000] {processor.py:156} INFO - Started process (PID=2746) to work on /opt/airflow/dags/6_xcoms.py
[2026-09-21T03:51:22.431+0000] {processor.py:799} INFO - Processing file /opt/airflow/dags/6_xcoms.py for tasks to queue
[2026-09-21T03:51:22.432+0000] {logging_mixin.py:149} INFO - [2026-09-21T03:51:22.432+0000] {dagbag.py:541} INFO - Filling up the DagBag from /opt/airflow/dags/6_xcoms.py
[2026-09-21T03:51:22.448+0000] {processor.py:809} INFO - DAG(s) dict_keys(['6-XCom']) retrieved from /opt/airflow/dags/6_xcoms.py
[2026-09-21T03:51:22.502+0000] {logging_mixin.py:149} INFO - [2026-09-21T03:51:22.501+0000] {dag.py:2726} INFO - Sync 1 DAGs
[2026-09-21T03:51:22.564+0000] {processor.py:178} INFO - Processing /opt/airflow/dags/6_xcoms.py took 0.143 seconds
[2026-09-21T03:51:53.520+0000] {processor.py:156} INFO - Started process (PID=2760) to work on /opt/airflow/dags/6_xcoms.py
[2026-09-21T03:51:53.524+0000] {processor.py:799} INFO - Processing file /opt/airflow/dags/6_xcoms.py for tasks to queue
[2026-09-21T03:51:53.525+0000] {logging_mixin.py:149} INFO - [2026-09-21T03:51:53.525+0000] {dagbag.py:541} INFO - Filling up the DagBag from /opt/airflow/dags/6_xcoms.py
[2026-09-21T03:51:53.541+0000] {processor.py:809} INFO - DAG(s) dict_keys(['6-XCom']) retrieved from /opt/airflow/dags/6_xcoms.py
[2026-09-21T03:51:53.599+0000] {logging_mixin.py:149} INFO - [2026-09-21T03:51:53.599+0000] {dag.py:2726} INFO - Sync 1 DAGs
[2026-09-21T03:51:53.673+0000] {processor.py:178} INFO - Processing /opt/airflow/dags/6_xcoms.py took 0.160 seconds
[2026-09-21T03:52:24.579+0000] {processor.py:156} INFO - Started process (PID=2774) to work on /opt/airflow/dags/6_xcoms.py
[2026-09-21T03:52:24.581+0000] {processor.py:799} INFO - Processing file /opt/airflow/dags/6_xcoms.py for tasks to queue
[2026-09-21T03:52:24.583+0000] {logging_mixin.py:149} INFO - [2026-09-21T03:52:24.582+0000] {dagbag.py:541} INFO - Filling up the DagBag from /opt/airflow/dags/6_xcoms.py
[2026-09-21T03:52:24.604+0000] {processor.py:809} INFO - DAG(s) dict_keys(['6-XCom']) retrieved from /opt/airflow/dags/6_xcoms.py
[2026-09-21T03:52:24.661+0000] {logging_mixin.py:149} INFO - [2026-09-21T03:52:24.661+0000] {dag.py:2726} INFO - Sync 1 DAGs
[2026-09-21T03:52:24.730+0000] {processor.py:178} INFO - Processing /opt/airflow/dags/6_xcoms.py took 0.157 seconds
[2026-09-21T03:52:55.667+0000] {processor.py:156} INFO - Started process (PID=2788) to work on /opt/airflow/dags/6_xcoms.py
[2026-09-21T03:52:55.672+0000] {processor.py:799} INFO - Processing file /opt/airflow/dags/6_xcoms.py for tasks to queue
[2026-09-21T03:52:55.673+0000] {logging_mixin.py:149} INFO - [2026-09-21T03:52:55.673+0000] {dagbag.py:541} INFO - Filling up the DagBag from /opt/airflow/dags/6_xcoms.py
[2026-09-21T03:52:55.687+0000] {processor.py:809} INFO - DAG(s) dict_keys(['6-XCom']) retrieved from /opt/airflow/dags/6_xcoms.py
[2026-09-21T03:52:55.753+0000] {logging_mixin.py:149} INFO - [2026-09-21T03:52:55.753+0000] {dag.py:2726} INFO - Sync 1 DAGs
[2026-09-21T03:52:55.842+0000] {processor.py:178} INFO - Processing /opt/airflow/dags/6_xcoms.py took 0.180 seconds
[2026-09-21T03:53:26.858+0000] {processor.py:156} INFO - Started process (PID=2802) to work on /opt/airflow/dags/6_xcoms.py
[2026-09-21T03:53:26.862+0000] {processor.py:799} INFO - Processing file /opt/airflow/dags/6_xcoms.py for tasks to queue
[2026-09-21T03:53:26.865+0000] {logging_mixin.py:149} INFO - [2026-09-21T03:53:26.865+0000] {dagbag.py:541} INFO - Filling up the DagBag from /opt/airflow/dags/6_xcoms.py
[2026-09-21T03:53:26.881+0000] {processor.py:809} INFO - DAG(s) dict_keys(['6-XCom']) retrieved from /opt/airflow/dags/6_xcoms.py
[2026-09-21T03:53:26.933+0000] {logging_mixin.py:149} INFO - [2026-09-21T03:53:26.933+0000] {dag.py:2726} INFO - Sync 1 DAGs
[2026-09-21T03:53:27.024+0000] {processor.py:178} INFO - Processing /opt/airflow/dags/6_xcoms.py took 0.172 seconds
[2026-09-21T03:53:58.010+0000] {processor.py:156} INFO - Started process (PID=2816) to work on /opt/airflow/dags/6_xcoms.py
[2026-09-21T03:53:58.012+0000] {processor.py:799} INFO - Processing file /opt/airflow/dags/6_xcoms.py for tasks to queue
[2026-09-21T03:53:58.013+0000] {logging_mixin.py:149} INFO - [2026-09-21T03:53:58.013+0000] {dagbag.py:541} INFO - Filling up the DagBag from /opt/airflow/dags/6_xcoms.py
[2026-09-21T03:53:58.026+0000] {processor.py:809} INFO - DAG(s) dict_keys(['6-XCom']) retrieved from /opt/airflow/dags/6_xcoms.py
[2026-09-21T03:53:58.105+0000] {logging_mixin.py:149} INFO - [2026-09-21T03:53:58.104+0000] {dag.py:2726} INFO - Sync 1 DAGs
[2026-09-21T03:53:58.198+0000] {processor.py:178} INFO - Processing /opt/airflow/dags/6_xcoms.py took 0.193 seconds
[2026-09-21T03:54:29.140+0000] {processor.py:156} INFO - Started process (PID=2830) to work on /opt/airflow/dags/6_xcoms.py
[2026-09-21T03:54:29.143+0000] {processor.py:799} INFO - Processing file /opt/airflow/dags/6_xcoms.py for tasks to queue
[2026-09-21T03:54:29.145+0000] {logging_mixin.py:149} INFO - [2026-09-21T03:54:29.144+0000] {dagbag.py:541} INFO - Filling up the DagBag from /opt/airflow/dags/6_xcoms.py
[2026-09-21T03:54:29.185+0000] {processor.py:809} INFO - DAG(s) dict_keys(['6-XCom']) retrieved from /opt/airflow/dags/6_xcoms.py
[2026-09-21T03:54:29.305+0000] {logging_mixin.py:149} INFO - [2026-09-21T03:54:29.305+0000] {dag.py:2726} INFO - Sync 1 DAGs
[2026-09-21T03:54:29.380+0000] {processor.py:178} INFO - Processing /opt/airflow/dags/6_xcoms.py took 0.259 seconds
[2026-09-21T03:55:00.397+0000] {processor.py:156} INFO - Started process (PID=2844) to work on /opt/airflow/dags/6_xcoms.py
[2026-09-21T03:55:00.401+0000] {processor.py:799} INFO - Processing file /opt/airflow/dags/6_xcoms.py for tasks to queue
[2026-09-21T03:55:00.402+0000] {logging_mixin.py:149} INFO - [2026-09-21T03:55:00.402+0000] {dagbag.py:541} INFO - Filling up the DagBag from /opt/airflow/dags/6_xcoms.py
[2026-09-21T03:55:00.422+0000] {processor.py:809} INFO - DAG(s) dict_keys(['6-XCom']) retrieved from /opt/airflow/dags/6_xcoms.py
[2026-09-21T03:55:00.481+0000] {logging_mixin.py:149} INFO - [2026-09-21T03:55:00.481+0000] {dag.py:2726} INFO - Sync 1 DAGs
[2026-09-21T03:55:00.568+0000] {processor.py:178} INFO - Processing /opt/airflow/dags/6_xcoms.py took 0.178 seconds
[2026-09-21T03:55:31.511+0000] {processor.py:156} INFO - Started process (PID=2858) to work on /opt/airflow/dags/6_xcoms.py
[2026-09-21T03:55:31.513+0000] {processor.py:799} INFO - Processing file /opt/airflow/dags/6_xcoms.py for tasks to queue
[2026-09-21T03:55:31.515+0000] {logging_mixin.py:149} INFO - [2026-09-21T03:55:31.514+0000] {dagbag.py:541} INFO - Filling up the DagBag from /opt/airflow/dags/6_xcoms.py
[2026-09-21T03:55:31.527+0000] {processor.py:809} INFO - DAG(s) dict_keys(['6-XCom']) retrieved from /opt/airflow/dags/6_xcoms.py
[2026-09-21T03:55:31.578+0000] {logging_mixin.py:149} INFO - [2026-09-21T03:55:31.578+0000] {dag.py:2726} INFO - Sync 1 DAGs
[2026-09-21T03:55:31.656+0000] {processor.py:178} INFO - Processing /opt/airflow/dags/6_xcoms.py took 0.151 seconds
[2026-09-21T03:56:02.555+0000] {processor.py:156} INFO - Started process (PID=2872) to work on /opt/airflow/dags/6_xcoms.py
[2026-09-21T03:56:02.557+0000] {processor.py:799} INFO - Processing file /opt/airflow/dags/6_xcoms.py for tasks to queue
[2026-09-21T03:56:02.558+0000] {logging_mixin.py:149} INFO - [2026-09-21T03:56:02.558+0000] {dagbag.py:541} INFO - Filling up the DagBag from /opt/airflow/dags/6_xcoms.py
[2026-09-21T03:56:02.572+0000] {processor.py:809} INFO - DAG(s) dict_keys(['6-XCom']) retrieved from /opt/airflow/dags/6_xcoms.py
[2026-09-21T03:56:02.672+0000] {logging_mixin.py:149} INFO - [2026-09-21T03:56:02.671+0000] {dag.py:2726} INFO - Sync 1 DAGs
[2026-09-21T03:56:02.762+0000] {processor.py:178} INFO - Processing /opt/airflow/dags/6_xcoms.py took 0.214 seconds
[2026-09-21T03:56:33.665+0000] {processor.py:156} INFO - Started process (PID=2886) to work on /opt/airflow/dags/6_xcoms.py
[2026-09-21T03:56:33.668+0000] {processor.py:799} INFO - Processing file /opt/airflow/dags/6_xcoms.py for tasks to queue
[2026-09-21T03:56:33.669+0000] {logging_mixin.py:149} INFO - [2026-09-21T03:56:33.669+0000] {dagbag.py:541} INFO - Filling up the DagBag from /opt/airflow/dags/6_xcoms.py
[2026-09-21T03:56:33.682+0000] {processor.py:809} INFO - DAG(s) dict_keys(['6-XCom']) retrieved from /opt/airflow/dags/6_xcoms.py
[2026-09-21T03:56:33.732+0000] {logging_mixin.py:149} INFO - [2026-09-21T03:56:33.732+0000] {dag.py:2726} INFO - Sync 1 DAGs
[2026-09-21T03:56:33.798+0000] {processor.py:178} INFO - Processing /opt/airflow/dags/6_xcoms.py took 0.138 seconds
[2026-09-21T03:57:04.733+0000] {processor.py:156} INFO - Started process (PID=2900) to work on /opt/airflow/dags/6_xcoms.py
[2026-09-21T03:57:04.735+0000] {processor.py:799} INFO - Processing file /opt/airflow/dags/6_xcoms.py for tasks to queue
[2026-09-21T03:57:04.736+0000] {logging_mixin.py:149} INFO - [2026-09-21T03:57:04.736+0000] {dagbag.py:541} INFO - Filling up the DagBag from /opt/airflow/dags/6_xcoms.py
[2026-09-21T03:57:04.747+0000] {processor.py:809} INFO - DAG(s) dict_keys(['6-XCom']) retrieved from /opt/airflow/dags/6_xcoms.py
[2026-09-21T03:57:04.810+0000] {logging_mixin.py:149} INFO - [2026-09-21T03:57:04.810+0000] {dag.py:2726} INFO - Sync 1 DAGs
[2026-09-21T03:57:04.874+0000] {processor.py:178} INFO - Processing /opt/airflow/dags/6_xcoms.py took 0.147 seconds
[2026-09-21T03:57:21.499+0000] {processor.py:156} INFO - Started process (PID=2920) to work on /opt/airflow/dags/6_xcoms.py
[2026-09-21T03:57:21.501+0000] {processor.py:799} INFO - Processing file /opt/airflow/dags/6_xcoms.py for tasks to queue
[2026-09-21T03:57:21.502+0000] {logging_mixin.py:149} INFO - [2026-09-21T03:57:21.502+0000] {dagbag.py:541} INFO - Filling up the DagBag from /opt/airflow/dags/6_xcoms.py
[2026-09-21T03:57:21.519+0000] {processor.py:809} INFO - DAG(s) dict_keys(['6-XCom']) retrieved from /opt/airflow/dags/6_xcoms.py
[2026-09-21T03:57:21.614+0000] {logging_mixin.py:149} INFO - [2026-09-21T03:57:21.614+0000] {dag.py:2726} INFO - Sync 1 DAGs
[2026-09-21T03:57:21.729+0000] {processor.py:178} INFO - Processing /opt/airflow/dags/6_xcoms.py took 0.237 seconds
[2026-09-21T03:57:52.248+0000] {processor.py:156} INFO - Started process (PID=2930) to work on /opt/airflow/dags/6_xcoms.py
[2026-09-21T03:57:52.250+0000] {processor.py:799} INFO - Processing file /opt/airflow/dags/6_xcoms.py for tasks to queue
[2026-09-21T03:57:52.252+0000] {logging_mixin.py:149} INFO - [2026-09-21T03:57:52.251+0000] {dagbag.py:541} INFO - Filling up the DagBag from /opt/airflow/dags/6_xcoms.py
[2026-09-21T03:57:52.289+0000] {processor.py:809} INFO - DAG(s) dict_keys(['6-XCom']) retrieved from /opt/airflow/dags/6_xcoms.py
[2026-09-21T03:57:52.423+0000] {logging_mixin.py:149} INFO - [2026-09-21T03:57:52.423+0000] {dag.py:2726} INFO - Sync 1 DAGs
[2026-09-21T03:57:52.493+0000] {processor.py:178} INFO - Processing /opt/airflow/dags/6_xcoms.py took 0.256 seconds
[2026-09-21T03:58:23.561+0000] {processor.py:156} INFO - Started process (PID=2944) to work on /opt/airflow/dags/6_xcoms.py
[2026-09-21T03:58:23.563+0000] {processor.py:799} INFO - Processing file /opt/airflow/dags/6_xcoms.py for tasks to queue
[2026-09-21T03:58:23.564+0000] {logging_mixin.py:149} INFO - [2026-09-21T03:58:23.563+0000] {dagbag.py:541} INFO - Filling up the DagBag from /opt/airflow/dags/6_xcoms.py
[2026-09-21T03:58:23.577+0000] {processor.py:809} INFO - DAG(s) dict_keys(['6-XCom']) retrieved from /opt/airflow/dags/6_xcoms.py
[2026-09-21T03:58:23.638+0000] {logging_mixin.py:149} INFO - [2026-09-21T03:58:23.638+0000] {dag.py:2726} INFO - Sync 1 DAGs
[2026-09-21T03:58:23.702+0000] {processor.py:178} INFO - Processing /opt/airflow/dags/6_xcoms.py took 0.168 seconds
[2026-09-21T03:58:52.281+0000] {processor.py:156} INFO - Started process (PID=2964) to work on /opt/airflow/dags/6_xcoms.py
[2026-09-21T03:58:52.285+0000] {processor.py:799} INFO - Processing file /opt/airflow/dags/6_xcoms.py for tasks to queue
[2026-09-21T03:58:52.290+0000] {logging_mixin.py:149} INFO - [2026-09-21T03:58:52.286+0000] {dagbag.py:541} INFO - Filling up the DagBag from /opt/airflow/dags/6_xcoms.py
[2026-09-21T03:58:52.304+0000] {processor.py:809} INFO - DAG(s) dict_keys(['6-XCom']) retrieved from /opt/airflow/dags/6_xcoms.py
[2026-09-21T03:58:52.379+0000] {logging_mixin.py:149} INFO - [2026-09-21T03:58:52.379+0000] {dag.py:2726} INFO - Sync 1 DAGs
[2026-09-21T03:58:52.488+0000] {processor.py:178} INFO - Processing /opt/airflow/dags/6_xcoms.py took 0.212 seconds
[2026-09-21T03:59:22.641+0000] {processor.py:156} INFO - Started process (PID=2974) to work on /opt/airflow/dags/6_xcoms.py
[2026-09-21T03:59:22.643+0000] {processor.py:799} INFO - Processing file /opt/airflow/dags/6_xcoms.py for tasks to queue
[2026-09-21T03:59:22.644+0000] {logging_mixin.py:149} INFO - [2026-09-21T03:59:22.644+0000] {dagbag.py:541} INFO - Filling up the DagBag from /opt/airflow/dags/6_xcoms.py
[2026-09-21T03:59:22.655+0000] {processor.py:809} INFO - DAG(s) dict_keys(['6-XCom']) retrieved from /opt/airflow/dags/6_xcoms.py
[2026-09-21T03:59:22.715+0000] {logging_mixin.py:149} INFO - [2026-09-21T03:59:22.715+0000] {dag.py:2726} INFO - Sync 1 DAGs
[2026-09-21T03:59:22.780+0000] {processor.py:178} INFO - Processing /opt/airflow/dags/6_xcoms.py took 0.145 seconds
[2026-09-21T03:59:53.771+0000] {processor.py:156} INFO - Started process (PID=2988) to work on /opt/airflow/dags/6_xcoms.py
[2026-09-21T03:59:53.774+0000] {processor.py:799} INFO - Processing file /opt/airflow/dags/6_xcoms.py for tasks to queue
[2026-09-21T03:59:53.776+0000] {logging_mixin.py:149} INFO - [2026-09-21T03:59:53.776+0000] {dagbag.py:541} INFO - Filling up the DagBag from /opt/airflow/dags/6_xcoms.py
[2026-09-21T03:59:53.793+0000] {processor.py:809} INFO - DAG(s) dict_keys(['6-XCom']) retrieved from /opt/airflow/dags/6_xcoms.py
[2026-09-21T03:59:53.851+0000] {logging_mixin.py:149} INFO - [2026-09-21T03:59:53.851+0000] {dag.py:2726} INFO - Sync 1 DAGs
[2026-09-21T03:59:53.912+0000] {processor.py:178} INFO - Processing /opt/airflow/dags/6_xcoms.py took 0.146 seconds
[2026-09-21T04:00:24.847+0000] {processor.py:156} INFO - Started process (PID=3002) to work on /opt/airflow/dags/6_xcoms.py
[2026-09-21T04:00:24.849+0000] {processor.py:799} INFO - Processing file /opt/airflow/dags/6_xcoms.py for tasks to queue
[2026-09-21T04:00:24.850+0000] {logging_mixin.py:149} INFO - [2026-09-21T04:00:24.850+0000] {dagbag.py:541} INFO - Filling up the DagBag from /opt/airflow/dags/6_xcoms.py
[2026-09-21T04:00:24.861+0000] {processor.py:809} INFO - DAG(s) dict_keys(['6-XCom']) retrieved from /opt/airflow/dags/6_xcoms.py
[2026-09-21T04:00:24.904+0000] {logging_mixin.py:149} INFO - [2026-09-21T04:00:24.904+0000] {dag.py:2726} INFO - Sync 1 DAGs
[2026-09-21T04:00:24.951+0000] {processor.py:178} INFO - Processing /opt/airflow/dags/6_xcoms.py took 0.116 seconds
[2026-09-21T04:00:55.486+0000] {processor.py:156} INFO - Started process (PID=3022) to work on /opt/airflow/dags/6_xcoms.py
[2026-09-21T04:00:55.487+0000] {processor.py:799} INFO - Processing file /opt/airflow/dags/6_xcoms.py for tasks to queue
[2026-09-21T04:00:55.489+0000] {logging_mixin.py:149} INFO - [2026-09-21T04:00:55.489+0000] {dagbag.py:541} INFO - Filling up the DagBag from /opt/airflow/dags/6_xcoms.py
[2026-09-21T04:00:55.505+0000] {processor.py:809} INFO - DAG(s) dict_keys(['6-XCom']) retrieved from /opt/airflow/dags/6_xcoms.py
[2026-09-21T04:00:55.566+0000] {logging_mixin.py:149} INFO - [2026-09-21T04:00:55.566+0000] {dag.py:2726} INFO - Sync 1 DAGs
[2026-09-21T04:00:55.918+0000] {processor.py:178} INFO - Processing /opt/airflow/dags/6_xcoms.py took 0.442 seconds
[2026-09-21T04:01:26.508+0000] {processor.py:156} INFO - Started process (PID=3036) to work on /opt/airflow/dags/6_xcoms.py
[2026-09-21T04:01:26.509+0000] {processor.py:799} INFO - Processing file /opt/airflow/dags/6_xcoms.py for tasks to queue
[2026-09-21T04:01:26.510+0000] {logging_mixin.py:149} INFO - [2026-09-21T04:01:26.510+0000] {dagbag.py:541} INFO - Filling up the DagBag from /opt/airflow/dags/6_xcoms.py
[2026-09-21T04:01:26.522+0000] {processor.py:809} INFO - DAG(s) dict_keys(['6-XCom']) retrieved from /opt/airflow/dags/6_xcoms.py
[2026-09-21T04:01:26.923+0000] {logging_mixin.py:149} INFO - [2026-09-21T04:01:26.923+0000] {dag.py:2726} INFO - Sync 1 DAGs
[2026-09-21T04:01:26.997+0000] {processor.py:178} INFO - Processing /opt/airflow/dags/6_xcoms.py took 0.496 seconds
[2026-09-21T04:01:57.274+0000] {processor.py:156} INFO - Started process (PID=3050) to work on /opt/airflow/dags/6_xcoms.py
[2026-09-21T04:01:57.275+0000] {processor.py:799} INFO - Processing file /opt/airflow/dags/6_xcoms.py for tasks to queue
[2026-09-21T04:01:57.276+0000] {logging_mixin.py:149} INFO - [2026-09-21T04:01:57.276+0000] {dagbag.py:541} INFO - Filling up the DagBag from /opt/airflow/dags/6_xcoms.py
[2026-09-21T04:01:57.290+0000] {processor.py:809} INFO - DAG(s) dict_keys(['6-XCom']) retrieved from /opt/airflow/dags/6_xcoms.py
[2026-09-21T04:01:57.377+0000] {logging_mixin.py:149} INFO - [2026-09-21T04:01:57.377+0000] {dag.py:2726} INFO - Sync 1 DAGs
[2026-09-21T04:01:57.454+0000] {processor.py:178} INFO - Processing /opt/airflow/dags/6_xcoms.py took 0.190 seconds
[2026-09-21T04:02:27.240+0000] {processor.py:156} INFO - Started process (PID=3066) to work on /opt/airflow/dags/6_xcoms.py
[2026-09-21T04:02:27.245+0000] {processor.py:799} INFO - Processing file /opt/airflow/dags/6_xcoms.py for tasks to queue
[2026-09-21T04:02:27.248+0000] {logging_mixin.py:149} INFO - [2026-09-21T04:02:27.248+0000] {dagbag.py:541} INFO - Filling up the DagBag from /opt/airflow/dags/6_xcoms.py
[2026-09-21T04:02:27.278+0000] {processor.py:809} INFO - DAG(s) dict_keys(['6-XCom']) retrieved from /opt/airflow/dags/6_xcoms.py
[2026-09-21T04:02:27.369+0000] {logging_mixin.py:149} INFO - [2026-09-21T04:02:27.369+0000] {dag.py:2726} INFO - Sync 1 DAGs
[2026-09-21T04:02:27.454+0000] {processor.py:178} INFO - Processing /opt/airflow/dags/6_xcoms.py took 0.229 seconds
[2026-09-21T04:02:57.656+0000] {processor.py:156} INFO - Started process (PID=3080) to work on /opt/airflow/dags/6_xcoms.py
[2026-09-21T04:02:57.658+0000] {processor.py:799} INFO - Processing file /opt/airflow/dags/6_xcoms.py for tasks to queue
[2026-09-21T04:02:57.660+0000] {logging_mixin.py:149} INFO - [2026-09-21T04:02:57.659+0000] {dagbag.py:541} INFO - Filling up the DagBag from /opt/airflow/dags/6_xcoms.py
[2026-09-21T04:02:57.671+0000] {processor.py:809} INFO - DAG(s) dict_keys(['6-XCom']) retrieved from /opt/airflow/dags/6_xcoms.py
[2026-09-21T04:02:57.763+0000] {logging_mixin.py:149} INFO - [2026-09-21T04:02:57.762+0000] {dag.py:2726} INFO - Sync 1 DAGs
[2026-09-21T04:02:57.868+0000] {processor.py:178} INFO - Processing /opt/airflow/dags/6_xcoms.py took 0.219 seconds
[2026-09-21T04:03:28.003+0000] {processor.py:156} INFO - Started process (PID=3090) to work on /opt/airflow/dags/6_xcoms.py
[2026-09-21T04:03:28.004+0000] {processor.py:799} INFO - Processing file /opt/airflow/dags/6_xcoms.py for tasks to queue
[2026-09-21T04:03:28.005+0000] {logging_mixin.py:149} INFO - [2026-09-21T04:03:28.005+0000] {dagbag.py:541} INFO - Filling up the DagBag from /opt/airflow/dags/6_xcoms.py
[2026-09-21T04:03:28.018+0000] {processor.py:809} INFO - DAG(s) dict_keys(['6-XCom']) retrieved from /opt/airflow/dags/6_xcoms.py
[2026-09-21T04:03:28.082+0000] {logging_mixin.py:149} INFO - [2026-09-21T04:03:28.081+0000] {dag.py:2726} INFO - Sync 1 DAGs
[2026-09-21T04:03:28.159+0000] {processor.py:178} INFO - Processing /opt/airflow/dags/6_xcoms.py took 0.163 seconds
[2026-09-21T04:03:58.407+0000] {processor.py:156} INFO - Started process (PID=3104) to work on /opt/airflow/dags/6_xcoms.py
[2026-09-21T04:03:58.411+0000] {processor.py:799} INFO - Processing file /opt/airflow/dags/6_xcoms.py for tasks to queue
[2026-09-21T04:03:58.412+0000] {logging_mixin.py:149} INFO - [2026-09-21T04:03:58.412+0000] {dagbag.py:541} INFO - Filling up the DagBag from /opt/airflow/dags/6_xcoms.py
[2026-09-21T04:03:58.425+0000] {processor.py:809} INFO - DAG(s) dict_keys(['6-XCom']) retrieved from /opt/airflow/dags/6_xcoms.py
[2026-09-21T04:03:58.478+0000] {logging_mixin.py:149} INFO - [2026-09-21T04:03:58.478+0000] {dag.py:2726} INFO - Sync 1 DAGs
[2026-09-21T04:03:58.541+0000] {processor.py:178} INFO - Processing /opt/airflow/dags/6_xcoms.py took 0.139 seconds
[2026-09-21T04:04:28.727+0000] {processor.py:156} INFO - Started process (PID=3118) to work on /opt/airflow/dags/6_xcoms.py
[2026-09-21T04:04:28.728+0000] {processor.py:799} INFO - Processing file /opt/airflow/dags/6_xcoms.py for tasks to queue
[2026-09-21T04:04:28.729+0000] {logging_mixin.py:149} INFO - [2026-09-21T04:04:28.729+0000] {dagbag.py:541} INFO - Filling up the DagBag from /opt/airflow/dags/6_xcoms.py
[2026-09-21T04:04:28.741+0000] {processor.py:809} INFO - DAG(s) dict_keys(['6-XCom']) retrieved from /opt/airflow/dags/6_xcoms.py
[2026-09-21T04:04:28.832+0000] {logging_mixin.py:149} INFO - [2026-09-21T04:04:28.831+0000] {dag.py:2726} INFO - Sync 1 DAGs
[2026-09-21T04:04:28.976+0000] {processor.py:178} INFO - Processing /opt/airflow/dags/6_xcoms.py took 0.255 seconds
[2026-09-21T04:04:59.571+0000] {processor.py:156} INFO - Started process (PID=3132) to work on /opt/airflow/dags/6_xcoms.py
[2026-09-21T04:04:59.573+0000] {processor.py:799} INFO - Processing file /opt/airflow/dags/6_xcoms.py for tasks to queue
[2026-09-21T04:04:59.574+0000] {logging_mixin.py:149} INFO - [2026-09-21T04:04:59.574+0000] {dagbag.py:541} INFO - Filling up the DagBag from /opt/airflow/dags/6_xcoms.py
[2026-09-21T04:04:59.592+0000] {processor.py:809} INFO - DAG(s) dict_keys(['6-XCom']) retrieved from /opt/airflow/dags/6_xcoms.py
[2026-09-21T04:04:59.645+0000] {logging_mixin.py:149} INFO - [2026-09-21T04:04:59.644+0000] {dag.py:2726} INFO - Sync 1 DAGs
[2026-09-21T04:04:59.721+0000] {processor.py:178} INFO - Processing /opt/airflow/dags/6_xcoms.py took 0.155 seconds
[2026-09-21T04:05:30.078+0000] {processor.py:156} INFO - Started process (PID=3146) to work on /opt/airflow/dags/6_xcoms.py
[2026-09-21T04:05:30.082+0000] {processor.py:799} INFO - Processing file /opt/airflow/dags/6_xcoms.py for tasks to queue
[2026-09-21T04:05:30.085+0000] {logging_mixin.py:149} INFO - [2026-09-21T04:05:30.084+0000] {dagbag.py:541} INFO - Filling up the DagBag from /opt/airflow/dags/6_xcoms.py
[2026-09-21T04:05:30.101+0000] {processor.py:809} INFO - DAG(s) dict_keys(['6-XCom']) retrieved from /opt/airflow/dags/6_xcoms.py
[2026-09-21T04:05:30.185+0000] {logging_mixin.py:149} INFO - [2026-09-21T04:05:30.185+0000] {dag.py:2726} INFO - Sync 1 DAGs
[2026-09-21T04:05:30.324+0000] {processor.py:178} INFO - Processing /opt/airflow/dags/6_xcoms.py took 0.252 seconds
[2026-09-21T04:06:01.149+0000] {processor.py:156} INFO - Started process (PID=3160) to work on /opt/airflow/dags/6_xcoms.py
[2026-09-21T04:06:01.152+0000] {processor.py:799} INFO - Processing file /opt/airflow/dags/6_xcoms.py for tasks to queue
[2026-09-21T04:06:01.153+0000] {logging_mixin.py:149} INFO - [2026-09-21T04:06:01.153+0000] {dagbag.py:541} INFO - Filling up the DagBag from /opt/airflow/dags/6_xcoms.py
[2026-09-21T04:06:01.174+0000] {processor.py:809} INFO - DAG(s) dict_keys(['6-XCom']) retrieved from /opt/airflow/dags/6_xcoms.py
[2026-09-21T04:06:01.236+0000] {logging_mixin.py:149} INFO - [2026-09-21T04:06:01.236+0000] {dag.py:2726} INFO - Sync 1 DAGs
[2026-09-21T04:06:01.304+0000] {processor.py:178} INFO - Processing /opt/airflow/dags/6_xcoms.py took 0.160 seconds
[2026-09-21T04:06:31.990+0000] {processor.py:156} INFO - Started process (PID=3174) to work on /opt/airflow/dags/6_xcoms.py
[2026-09-21T04:06:31.991+0000] {processor.py:799} INFO - Processing file /opt/airflow/dags/6_xcoms.py for tasks to queue
[2026-09-21T04:06:31.993+0000] {logging_mixin.py:149} INFO - [2026-09-21T04:06:31.992+0000] {dagbag.py:541} INFO - Filling up the DagBag from /opt/airflow/dags/6_xcoms.py
[2026-09-21T04:06:32.006+0000] {processor.py:809} INFO - DAG(s) dict_keys(['6-XCom']) retrieved from /opt/airflow/dags/6_xcoms.py
[2026-09-21T04:06:32.073+0000] {logging_mixin.py:149} INFO - [2026-09-21T04:06:32.073+0000] {dag.py:2726} INFO - Sync 1 DAGs
[2026-09-21T04:06:32.156+0000] {processor.py:178} INFO - Processing /opt/airflow/dags/6_xcoms.py took 0.173 seconds
[2026-09-21T04:07:03.068+0000] {processor.py:156} INFO - Started process (PID=3188) to work on /opt/airflow/dags/6_xcoms.py
[2026-09-21T04:07:03.071+0000] {processor.py:799} INFO - Processing file /opt/airflow/dags/6_xcoms.py for tasks to queue
[2026-09-21T04:07:03.072+0000] {logging_mixin.py:149} INFO - [2026-09-21T04:07:03.071+0000] {dagbag.py:541} INFO - Filling up the DagBag from /opt/airflow/dags/6_xcoms.py
[2026-09-21T04:07:03.082+0000] {processor.py:809} INFO - DAG(s) dict_keys(['6-XCom']) retrieved from /opt/airflow/dags/6_xcoms.py
[2026-09-21T04:07:03.142+0000] {logging_mixin.py:149} INFO - [2026-09-21T04:07:03.141+0000] {dag.py:2726} INFO - Sync 1 DAGs
[2026-09-21T04:07:03.219+0000] {processor.py:178} INFO - Processing /opt/airflow/dags/6_xcoms.py took 0.155 seconds
[2026-09-21T04:07:31.678+0000] {processor.py:156} INFO - Started process (PID=3208) to work on /opt/airflow/dags/6_xcoms.py
[2026-09-21T04:07:31.680+0000] {processor.py:799} INFO - Processing file /opt/airflow/dags/6_xcoms.py for tasks to queue
[2026-09-21T04:07:31.692+0000] {logging_mixin.py:149} INFO - [2026-09-21T04:07:31.691+0000] {dagbag.py:541} INFO - Filling up the DagBag from /opt/airflow/dags/6_xcoms.py
[2026-09-21T04:07:31.730+0000] {processor.py:809} INFO - DAG(s) dict_keys(['6-XCom']) retrieved from /opt/airflow/dags/6_xcoms.py
[2026-09-21T04:07:31.871+0000] {logging_mixin.py:149} INFO - [2026-09-21T04:07:31.870+0000] {dag.py:2726} INFO - Sync 1 DAGs
[2026-09-21T04:07:32.007+0000] {processor.py:178} INFO - Processing /opt/airflow/dags/6_xcoms.py took 0.354 seconds
[2026-09-21T04:08:02.520+0000] {processor.py:156} INFO - Started process (PID=3218) to work on /opt/airflow/dags/6_xcoms.py
[2026-09-21T04:08:02.523+0000] {processor.py:799} INFO - Processing file /opt/airflow/dags/6_xcoms.py for tasks to queue
[2026-09-21T04:08:02.525+0000] {logging_mixin.py:149} INFO - [2026-09-21T04:08:02.524+0000] {dagbag.py:541} INFO - Filling up the DagBag from /opt/airflow/dags/6_xcoms.py
[2026-09-21T04:08:02.539+0000] {processor.py:809} INFO - DAG(s) dict_keys(['6-XCom']) retrieved from /opt/airflow/dags/6_xcoms.py
[2026-09-21T04:08:02.606+0000] {logging_mixin.py:149} INFO - [2026-09-21T04:08:02.605+0000] {dag.py:2726} INFO - Sync 1 DAGs
[2026-09-21T04:08:02.679+0000] {processor.py:178} INFO - Processing /opt/airflow/dags/6_xcoms.py took 0.166 seconds
[2026-09-21T04:08:33.646+0000] {processor.py:156} INFO - Started process (PID=3232) to work on /opt/airflow/dags/6_xcoms.py
[2026-09-21T04:08:33.649+0000] {processor.py:799} INFO - Processing file /opt/airflow/dags/6_xcoms.py for tasks to queue
[2026-09-21T04:08:33.650+0000] {logging_mixin.py:149} INFO - [2026-09-21T04:08:33.650+0000] {dagbag.py:541} INFO - Filling up the DagBag from /opt/airflow/dags/6_xcoms.py
[2026-09-21T04:08:33.661+0000] {processor.py:809} INFO - DAG(s) dict_keys(['6-XCom']) retrieved from /opt/airflow/dags/6_xcoms.py
[2026-09-21T04:08:33.716+0000] {logging_mixin.py:149} INFO - [2026-09-21T04:08:33.716+0000] {dag.py:2726} INFO - Sync 1 DAGs
[2026-09-21T04:08:33.779+0000] {processor.py:178} INFO - Processing /opt/airflow/dags/6_xcoms.py took 0.141 seconds
[2026-09-21T04:09:04.781+0000] {processor.py:156} INFO - Started process (PID=3246) to work on /opt/airflow/dags/6_xcoms.py
[2026-09-21T04:09:04.788+0000] {processor.py:799} INFO - Processing file /opt/airflow/dags/6_xcoms.py for tasks to queue
[2026-09-21T04:09:04.791+0000] {logging_mixin.py:149} INFO - [2026-09-21T04:09:04.790+0000] {dagbag.py:541} INFO - Filling up the DagBag from /opt/airflow/dags/6_xcoms.py
[2026-09-21T04:09:04.814+0000] {processor.py:809} INFO - DAG(s) dict_keys(['6-XCom']) retrieved from /opt/airflow/dags/6_xcoms.py
[2026-09-21T04:09:04.886+0000] {logging_mixin.py:149} INFO - [2026-09-21T04:09:04.885+0000] {dag.py:2726} INFO - Sync 1 DAGs
[2026-09-21T04:09:04.987+0000] {processor.py:178} INFO - Processing /opt/airflow/dags/6_xcoms.py took 0.211 seconds
[2026-09-21T04:09:35.938+0000] {processor.py:156} INFO - Started process (PID=3260) to work on /opt/airflow/dags/6_xcoms.py
[2026-09-21T04:09:35.939+0000] {processor.py:799} INFO - Processing file /opt/airflow/dags/6_xcoms.py for tasks to queue
[2026-09-21T04:09:35.940+0000] {logging_mixin.py:149} INFO - [2026-09-21T04:09:35.939+0000] {dagbag.py:541} INFO - Filling up the DagBag from /opt/airflow/dags/6_xcoms.py
[2026-09-21T04:09:35.950+0000] {processor.py:809} INFO - DAG(s) dict_keys(['6-XCom']) retrieved from /opt/airflow/dags/6_xcoms.py
[2026-09-21T04:09:35.990+0000] {logging_mixin.py:149} INFO - [2026-09-21T04:09:35.990+0000] {dag.py:2726} INFO - Sync 1 DAGs
[2026-09-21T04:09:36.035+0000] {processor.py:178} INFO - Processing /opt/airflow/dags/6_xcoms.py took 0.103 seconds
[2026-09-21T04:10:06.602+0000] {processor.py:156} INFO - Started process (PID=3274) to work on /opt/airflow/dags/6_xcoms.py
[2026-09-21T04:10:06.620+0000] {processor.py:799} INFO - Processing file /opt/airflow/dags/6_xcoms.py for tasks to queue
[2026-09-21T04:10:06.621+0000] {logging_mixin.py:149} INFO - [2026-09-21T04:10:06.621+0000] {dagbag.py:541} INFO - Filling up the DagBag from /opt/airflow/dags/6_xcoms.py
[2026-09-21T04:10:06.634+0000] {processor.py:809} INFO - DAG(s) dict_keys(['6-XCom']) retrieved from /opt/airflow/dags/6_xcoms.py
[2026-09-21T04:10:06.686+0000] {logging_mixin.py:149} INFO - [2026-09-21T04:10:06.686+0000] {dag.py:2726} INFO - Sync 1 DAGs
[2026-09-21T04:10:06.749+0000] {processor.py:178} INFO - Processing /opt/airflow/dags/6_xcoms.py took 0.152 seconds
[2026-09-21T04:10:33.354+0000] {processor.py:156} INFO - Started process (PID=3292) to work on /opt/airflow/dags/6_xcoms.py
[2026-09-21T04:10:33.356+0000] {processor.py:799} INFO - Processing file /opt/airflow/dags/6_xcoms.py for tasks to queue
[2026-09-21T04:10:33.357+0000] {logging_mixin.py:149} INFO - [2026-09-21T04:10:33.357+0000] {dagbag.py:541} INFO - Filling up the DagBag from /opt/airflow/dags/6_xcoms.py
[2026-09-21T04:10:33.370+0000] {processor.py:809} INFO - DAG(s) dict_keys(['6-XCom']) retrieved from /opt/airflow/dags/6_xcoms.py
[2026-09-21T04:10:33.441+0000] {logging_mixin.py:149} INFO - [2026-09-21T04:10:33.440+0000] {dag.py:2726} INFO - Sync 1 DAGs
[2026-09-21T04:10:33.526+0000] {processor.py:178} INFO - Processing /opt/airflow/dags/6_xcoms.py took 0.178 seconds
[2026-09-21T04:11:03.682+0000] {processor.py:156} INFO - Started process (PID=3302) to work on /opt/airflow/dags/6_xcoms.py
[2026-09-21T04:11:03.688+0000] {processor.py:799} INFO - Processing file /opt/airflow/dags/6_xcoms.py for tasks to queue
[2026-09-21T04:11:03.689+0000] {logging_mixin.py:149} INFO - [2026-09-21T04:11:03.689+0000] {dagbag.py:541} INFO - Filling up the DagBag from /opt/airflow/dags/6_xcoms.py
[2026-09-21T04:11:03.701+0000] {processor.py:809} INFO - DAG(s) dict_keys(['6-XCom']) retrieved from /opt/airflow/dags/6_xcoms.py
[2026-09-21T04:11:03.753+0000] {logging_mixin.py:149} INFO - [2026-09-21T04:11:03.753+0000] {dag.py:2726} INFO - Sync 1 DAGs
[2026-09-21T04:11:03.856+0000] {processor.py:178} INFO - Processing /opt/airflow/dags/6_xcoms.py took 0.182 seconds
[2026-09-21T04:11:34.299+0000] {processor.py:156} INFO - Started process (PID=3316) to work on /opt/airflow/dags/6_xcoms.py
[2026-09-21T04:11:34.301+0000] {processor.py:799} INFO - Processing file /opt/airflow/dags/6_xcoms.py for tasks to queue
[2026-09-21T04:11:34.302+0000] {logging_mixin.py:149} INFO - [2026-09-21T04:11:34.302+0000] {dagbag.py:541} INFO - Filling up the DagBag from /opt/airflow/dags/6_xcoms.py
[2026-09-21T04:11:34.314+0000] {processor.py:809} INFO - DAG(s) dict_keys(['6-XCom']) retrieved from /opt/airflow/dags/6_xcoms.py
[2026-09-21T04:11:34.369+0000] {logging_mixin.py:149} INFO - [2026-09-21T04:11:34.369+0000] {dag.py:2726} INFO - Sync 1 DAGs
[2026-09-21T04:11:34.457+0000] {processor.py:178} INFO - Processing /opt/airflow/dags/6_xcoms.py took 0.166 seconds
[2026-09-21T04:12:05.370+0000] {processor.py:156} INFO - Started process (PID=3330) to work on /opt/airflow/dags/6_xcoms.py
[2026-09-21T04:12:05.380+0000] {processor.py:799} INFO - Processing file /opt/airflow/dags/6_xcoms.py for tasks to queue
[2026-09-21T04:12:05.381+0000] {logging_mixin.py:149} INFO - [2026-09-21T04:12:05.381+0000] {dagbag.py:541} INFO - Filling up the DagBag from /opt/airflow/dags/6_xcoms.py
[2026-09-21T04:12:05.397+0000] {processor.py:809} INFO - DAG(s) dict_keys(['6-XCom']) retrieved from /opt/airflow/dags/6_xcoms.py
[2026-09-21T04:12:05.445+0000] {logging_mixin.py:149} INFO - [2026-09-21T04:12:05.445+0000] {dag.py:2726} INFO - Sync 1 DAGs
[2026-09-21T04:12:05.515+0000] {processor.py:178} INFO - Processing /opt/airflow/dags/6_xcoms.py took 0.163 seconds
[2026-09-21T04:12:36.475+0000] {processor.py:156} INFO - Started process (PID=3344) to work on /opt/airflow/dags/6_xcoms.py
[2026-09-21T04:12:36.481+0000] {processor.py:799} INFO - Processing file /opt/airflow/dags/6_xcoms.py for tasks to queue
[2026-09-21T04:12:36.482+0000] {logging_mixin.py:149} INFO - [2026-09-21T04:12:36.481+0000] {dagbag.py:541} INFO - Filling up the DagBag from /opt/airflow/dags/6_xcoms.py
[2026-09-21T04:12:36.507+0000] {processor.py:809} INFO - DAG(s) dict_keys(['6-XCom']) retrieved from /opt/airflow/dags/6_xcoms.py
[2026-09-21T04:12:36.605+0000] {logging_mixin.py:149} INFO - [2026-09-21T04:12:36.605+0000] {dag.py:2726} INFO - Sync 1 DAGs
[2026-09-21T04:12:36.718+0000] {processor.py:178} INFO - Processing /opt/airflow/dags/6_xcoms.py took 0.251 seconds
