[2026-09-21T00:00:21.610+0000] {processor.py:156} INFO - Started process (PID=3243) to work on /opt/airflow/dags/7_branch_pythoon_operator.py
[2026-09-21T00:00:21.612+0000] {processor.py:799} INFO - Processing file /opt/airflow/dags/7_branch_pythoon_operator.py for tasks to queue
[2026-09-21T00:00:21.613+0000] {logging_mixin.py:149} INFO - [2026-09-21T00:00:21.613+0000] {dagbag.py:541} INFO - Filling up the DagBag from /opt/airflow/dags/7_branch_pythoon_operator.py
[2026-09-21T00:00:21.639+0000] {processor.py:809} INFO - DAG(s) dict_keys(['7-branching']) retrieved from /opt/airflow/dags/7_branch_pythoon_operator.py
[2026-09-21T00:00:21.698+0000] {logging_mixin.py:149} INFO - [2026-09-21T00:00:21.698+0000] {dag.py:2726} INFO - Sync 1 DAGs
[2026-09-21T00:00:21.740+0000] {logging_mixin.py:149} INFO - [2026-09-21T00:00:21.740+0000] {dag.py:3490} INFO - Setting next_dagrun for 7-branching to None, run_after=None
[2026-09-21T00:00:21.785+0000] {processor.py:178} INFO - Processing /opt/airflow/dags/7_branch_pythoon_operator.py took 0.183 seconds
[2026-09-21T00:00:51.952+0000] {processor.py:156} INFO - Started process (PID=3253) to work on /opt/airflow/dags/7_branch_pythoon_operator.py
[2026-09-21T00:00:51.955+0000] {processor.py:799} INFO - Processing file /opt/airflow/dags/7_branch_pythoon_operator.py for tasks to queue
[2026-09-21T00:00:51.957+0000] {logging_mixin.py:149} INFO - [2026-09-21T00:00:51.956+0000] {dagbag.py:541} INFO - Filling up the DagBag from /opt/airflow/dags/7_branch_pythoon_operator.py
[2026-09-21T00:00:51.980+0000] {processor.py:809} INFO - DAG(s) dict_keys(['7-branching']) retrieved from /opt/airflow/dags/7_branch_pythoon_operator.py
[2026-09-21T00:00:52.026+0000] {logging_mixin.py:149} INFO - [2026-09-21T00:00:52.025+0000] {dag.py:2726} INFO - Sync 1 DAGs
[2026-09-21T00:00:52.084+0000] {logging_mixin.py:149} INFO - [2026-09-21T00:00:52.084+0000] {dag.py:3490} INFO - Setting next_dagrun for 7-branching to None, run_after=None
[2026-09-21T00:00:52.118+0000] {processor.py:178} INFO - Processing /opt/airflow/dags/7_branch_pythoon_operator.py took 0.172 seconds
[2026-09-21T00:01:22.305+0000] {processor.py:156} INFO - Started process (PID=3263) to work on /opt/airflow/dags/7_branch_pythoon_operator.py
[2026-09-21T00:01:22.312+0000] {processor.py:799} INFO - Processing file /opt/airflow/dags/7_branch_pythoon_operator.py for tasks to queue
[2026-09-21T00:01:22.313+0000] {logging_mixin.py:149} INFO - [2026-09-21T00:01:22.313+0000] {dagbag.py:541} INFO - Filling up the DagBag from /opt/airflow/dags/7_branch_pythoon_operator.py
[2026-09-21T00:01:22.334+0000] {processor.py:809} INFO - DAG(s) dict_keys(['7-branching']) retrieved from /opt/airflow/dags/7_branch_pythoon_operator.py
[2026-09-21T00:01:22.395+0000] {logging_mixin.py:149} INFO - [2026-09-21T00:01:22.394+0000] {dag.py:2726} INFO - Sync 1 DAGs
[2026-09-21T00:01:22.439+0000] {logging_mixin.py:149} INFO - [2026-09-21T00:01:22.439+0000] {dag.py:3490} INFO - Setting next_dagrun for 7-branching to None, run_after=None
[2026-09-21T00:01:22.475+0000] {processor.py:178} INFO - Processing /opt/airflow/dags/7_branch_pythoon_operator.py took 0.176 seconds
[2026-09-21T00:01:52.585+0000] {processor.py:156} INFO - Started process (PID=3273) to work on /opt/airflow/dags/7_branch_pythoon_operator.py
[2026-09-21T00:01:52.599+0000] {processor.py:799} INFO - Processing file /opt/airflow/dags/7_branch_pythoon_operator.py for tasks to queue
[2026-09-21T00:01:52.600+0000] {logging_mixin.py:149} INFO - [2026-09-21T00:01:52.600+0000] {dagbag.py:541} INFO - Filling up the DagBag from /opt/airflow/dags/7_branch_pythoon_operator.py
[2026-09-21T00:01:52.696+0000] {processor.py:809} INFO - DAG(s) dict_keys(['7-branching']) retrieved from /opt/airflow/dags/7_branch_pythoon_operator.py
[2026-09-21T00:01:52.807+0000] {logging_mixin.py:149} INFO - [2026-09-21T00:01:52.807+0000] {dag.py:2726} INFO - Sync 1 DAGs
[2026-09-21T00:01:52.900+0000] {logging_mixin.py:149} INFO - [2026-09-21T00:01:52.899+0000] {dag.py:3490} INFO - Setting next_dagrun for 7-branching to None, run_after=None
[2026-09-21T00:01:52.944+0000] {processor.py:178} INFO - Processing /opt/airflow/dags/7_branch_pythoon_operator.py took 0.373 seconds
[2026-09-21T00:02:23.128+0000] {processor.py:156} INFO - Started process (PID=3283) to work on /opt/airflow/dags/7_branch_pythoon_operator.py
[2026-09-21T00:02:23.131+0000] {processor.py:799} INFO - Processing file /opt/airflow/dags/7_branch_pythoon_operator.py for tasks to queue
[2026-09-21T00:02:23.132+0000] {logging_mixin.py:149} INFO - [2026-09-21T00:02:23.132+0000] {dagbag.py:541} INFO - Filling up the DagBag from /opt/airflow/dags/7_branch_pythoon_operator.py
[2026-09-21T00:02:23.156+0000] {processor.py:809} INFO - DAG(s) dict_keys(['7-branching']) retrieved from /opt/airflow/dags/7_branch_pythoon_operator.py
[2026-09-21T00:02:23.224+0000] {logging_mixin.py:149} INFO - [2026-09-21T00:02:23.224+0000] {dag.py:2726} INFO - Sync 1 DAGs
[2026-09-21T00:02:23.292+0000] {logging_mixin.py:149} INFO - [2026-09-21T00:02:23.291+0000] {dag.py:3490} INFO - Setting next_dagrun for 7-branching to None, run_after=None
[2026-09-21T00:02:23.337+0000] {processor.py:178} INFO - Processing /opt/airflow/dags/7_branch_pythoon_operator.py took 0.219 seconds
[2026-09-21T00:02:54.183+0000] {processor.py:156} INFO - Started process (PID=3293) to work on /opt/airflow/dags/7_branch_pythoon_operator.py
[2026-09-21T00:02:54.193+0000] {processor.py:799} INFO - Processing file /opt/airflow/dags/7_branch_pythoon_operator.py for tasks to queue
[2026-09-21T00:02:54.194+0000] {logging_mixin.py:149} INFO - [2026-09-21T00:02:54.194+0000] {dagbag.py:541} INFO - Filling up the DagBag from /opt/airflow/dags/7_branch_pythoon_operator.py
[2026-09-21T00:02:54.232+0000] {processor.py:809} INFO - DAG(s) dict_keys(['7-branching']) retrieved from /opt/airflow/dags/7_branch_pythoon_operator.py
[2026-09-21T00:02:54.317+0000] {logging_mixin.py:149} INFO - [2026-09-21T00:02:54.315+0000] {dag.py:2726} INFO - Sync 1 DAGs
[2026-09-21T00:02:54.381+0000] {logging_mixin.py:149} INFO - [2026-09-21T00:02:54.381+0000] {dag.py:3490} INFO - Setting next_dagrun for 7-branching to None, run_after=None
[2026-09-21T00:02:54.429+0000] {processor.py:178} INFO - Processing /opt/airflow/dags/7_branch_pythoon_operator.py took 0.258 seconds
[2026-09-21T00:03:24.564+0000] {processor.py:156} INFO - Started process (PID=3303) to work on /opt/airflow/dags/7_branch_pythoon_operator.py
[2026-09-21T00:03:24.569+0000] {processor.py:799} INFO - Processing file /opt/airflow/dags/7_branch_pythoon_operator.py for tasks to queue
[2026-09-21T00:03:24.570+0000] {logging_mixin.py:149} INFO - [2026-09-21T00:03:24.570+0000] {dagbag.py:541} INFO - Filling up the DagBag from /opt/airflow/dags/7_branch_pythoon_operator.py
[2026-09-21T00:03:24.603+0000] {processor.py:809} INFO - DAG(s) dict_keys(['7-branching']) retrieved from /opt/airflow/dags/7_branch_pythoon_operator.py
[2026-09-21T00:03:24.692+0000] {logging_mixin.py:149} INFO - [2026-09-21T00:03:24.692+0000] {dag.py:2726} INFO - Sync 1 DAGs
[2026-09-21T00:03:24.732+0000] {logging_mixin.py:149} INFO - [2026-09-21T00:03:24.732+0000] {dag.py:3490} INFO - Setting next_dagrun for 7-branching to None, run_after=None
[2026-09-21T00:03:24.764+0000] {processor.py:178} INFO - Processing /opt/airflow/dags/7_branch_pythoon_operator.py took 0.207 seconds
[2026-09-21T00:03:54.893+0000] {processor.py:156} INFO - Started process (PID=3313) to work on /opt/airflow/dags/7_branch_pythoon_operator.py
[2026-09-21T00:03:54.900+0000] {processor.py:799} INFO - Processing file /opt/airflow/dags/7_branch_pythoon_operator.py for tasks to queue
[2026-09-21T00:03:54.901+0000] {logging_mixin.py:149} INFO - [2026-09-21T00:03:54.900+0000] {dagbag.py:541} INFO - Filling up the DagBag from /opt/airflow/dags/7_branch_pythoon_operator.py
[2026-09-21T00:03:54.929+0000] {processor.py:809} INFO - DAG(s) dict_keys(['7-branching']) retrieved from /opt/airflow/dags/7_branch_pythoon_operator.py
[2026-09-21T00:03:54.995+0000] {logging_mixin.py:149} INFO - [2026-09-21T00:03:54.994+0000] {dag.py:2726} INFO - Sync 1 DAGs
[2026-09-21T00:03:55.048+0000] {logging_mixin.py:149} INFO - [2026-09-21T00:03:55.048+0000] {dag.py:3490} INFO - Setting next_dagrun for 7-branching to None, run_after=None
[2026-09-21T00:03:55.089+0000] {processor.py:178} INFO - Processing /opt/airflow/dags/7_branch_pythoon_operator.py took 0.208 seconds
[2026-09-21T00:04:25.881+0000] {processor.py:156} INFO - Started process (PID=3323) to work on /opt/airflow/dags/7_branch_pythoon_operator.py
[2026-09-21T00:04:25.883+0000] {processor.py:799} INFO - Processing file /opt/airflow/dags/7_branch_pythoon_operator.py for tasks to queue
[2026-09-21T00:04:25.884+0000] {logging_mixin.py:149} INFO - [2026-09-21T00:04:25.884+0000] {dagbag.py:541} INFO - Filling up the DagBag from /opt/airflow/dags/7_branch_pythoon_operator.py
[2026-09-21T00:04:25.905+0000] {processor.py:809} INFO - DAG(s) dict_keys(['7-branching']) retrieved from /opt/airflow/dags/7_branch_pythoon_operator.py
[2026-09-21T00:04:25.960+0000] {logging_mixin.py:149} INFO - [2026-09-21T00:04:25.960+0000] {dag.py:2726} INFO - Sync 1 DAGs
[2026-09-21T00:04:26.002+0000] {logging_mixin.py:149} INFO - [2026-09-21T00:04:26.002+0000] {dag.py:3490} INFO - Setting next_dagrun for 7-branching to None, run_after=None
[2026-09-21T00:04:26.043+0000] {processor.py:178} INFO - Processing /opt/airflow/dags/7_branch_pythoon_operator.py took 0.168 seconds
[2026-09-21T00:04:56.415+0000] {processor.py:156} INFO - Started process (PID=3333) to work on /opt/airflow/dags/7_branch_pythoon_operator.py
[2026-09-21T00:04:56.419+0000] {processor.py:799} INFO - Processing file /opt/airflow/dags/7_branch_pythoon_operator.py for tasks to queue
[2026-09-21T00:04:56.420+0000] {logging_mixin.py:149} INFO - [2026-09-21T00:04:56.420+0000] {dagbag.py:541} INFO - Filling up the DagBag from /opt/airflow/dags/7_branch_pythoon_operator.py
[2026-09-21T00:04:56.445+0000] {processor.py:809} INFO - DAG(s) dict_keys(['7-branching']) retrieved from /opt/airflow/dags/7_branch_pythoon_operator.py
[2026-09-21T00:04:56.518+0000] {logging_mixin.py:149} INFO - [2026-09-21T00:04:56.518+0000] {dag.py:2726} INFO - Sync 1 DAGs
[2026-09-21T00:04:56.567+0000] {logging_mixin.py:149} INFO - [2026-09-21T00:04:56.566+0000] {dag.py:3490} INFO - Setting next_dagrun for 7-branching to None, run_after=None
[2026-09-21T00:04:56.611+0000] {processor.py:178} INFO - Processing /opt/airflow/dags/7_branch_pythoon_operator.py took 0.202 seconds
[2026-09-21T00:05:27.421+0000] {processor.py:156} INFO - Started process (PID=3343) to work on /opt/airflow/dags/7_branch_pythoon_operator.py
[2026-09-21T00:05:27.424+0000] {processor.py:799} INFO - Processing file /opt/airflow/dags/7_branch_pythoon_operator.py for tasks to queue
[2026-09-21T00:05:27.425+0000] {logging_mixin.py:149} INFO - [2026-09-21T00:05:27.425+0000] {dagbag.py:541} INFO - Filling up the DagBag from /opt/airflow/dags/7_branch_pythoon_operator.py
[2026-09-21T00:05:27.447+0000] {processor.py:809} INFO - DAG(s) dict_keys(['7-branching']) retrieved from /opt/airflow/dags/7_branch_pythoon_operator.py
[2026-09-21T00:05:27.504+0000] {logging_mixin.py:149} INFO - [2026-09-21T00:05:27.503+0000] {dag.py:2726} INFO - Sync 1 DAGs
[2026-09-21T00:05:27.562+0000] {logging_mixin.py:149} INFO - [2026-09-21T00:05:27.562+0000] {dag.py:3490} INFO - Setting next_dagrun for 7-branching to None, run_after=None
[2026-09-21T00:05:27.599+0000] {processor.py:178} INFO - Processing /opt/airflow/dags/7_branch_pythoon_operator.py took 0.184 seconds
[2026-09-21T00:05:57.685+0000] {processor.py:156} INFO - Started process (PID=3353) to work on /opt/airflow/dags/7_branch_pythoon_operator.py
[2026-09-21T00:05:57.688+0000] {processor.py:799} INFO - Processing file /opt/airflow/dags/7_branch_pythoon_operator.py for tasks to queue
[2026-09-21T00:05:57.690+0000] {logging_mixin.py:149} INFO - [2026-09-21T00:05:57.689+0000] {dagbag.py:541} INFO - Filling up the DagBag from /opt/airflow/dags/7_branch_pythoon_operator.py
[2026-09-21T00:05:57.714+0000] {processor.py:809} INFO - DAG(s) dict_keys(['7-branching']) retrieved from /opt/airflow/dags/7_branch_pythoon_operator.py
[2026-09-21T00:05:57.770+0000] {logging_mixin.py:149} INFO - [2026-09-21T00:05:57.770+0000] {dag.py:2726} INFO - Sync 1 DAGs
[2026-09-21T00:05:57.822+0000] {logging_mixin.py:149} INFO - [2026-09-21T00:05:57.821+0000] {dag.py:3490} INFO - Setting next_dagrun for 7-branching to None, run_after=None
[2026-09-21T00:05:57.857+0000] {processor.py:178} INFO - Processing /opt/airflow/dags/7_branch_pythoon_operator.py took 0.178 seconds
[2026-09-21T00:06:27.986+0000] {processor.py:156} INFO - Started process (PID=3363) to work on /opt/airflow/dags/7_branch_pythoon_operator.py
[2026-09-21T00:06:27.989+0000] {processor.py:799} INFO - Processing file /opt/airflow/dags/7_branch_pythoon_operator.py for tasks to queue
[2026-09-21T00:06:27.991+0000] {logging_mixin.py:149} INFO - [2026-09-21T00:06:27.990+0000] {dagbag.py:541} INFO - Filling up the DagBag from /opt/airflow/dags/7_branch_pythoon_operator.py
[2026-09-21T00:06:28.014+0000] {processor.py:809} INFO - DAG(s) dict_keys(['7-branching']) retrieved from /opt/airflow/dags/7_branch_pythoon_operator.py
[2026-09-21T00:06:28.099+0000] {logging_mixin.py:149} INFO - [2026-09-21T00:06:28.099+0000] {dag.py:2726} INFO - Sync 1 DAGs
[2026-09-21T00:06:28.147+0000] {logging_mixin.py:149} INFO - [2026-09-21T00:06:28.147+0000] {dag.py:3490} INFO - Setting next_dagrun for 7-branching to None, run_after=None
[2026-09-21T00:06:28.186+0000] {processor.py:178} INFO - Processing /opt/airflow/dags/7_branch_pythoon_operator.py took 0.209 seconds
[2026-09-21T00:06:58.448+0000] {processor.py:156} INFO - Started process (PID=3373) to work on /opt/airflow/dags/7_branch_pythoon_operator.py
[2026-09-21T00:06:58.454+0000] {processor.py:799} INFO - Processing file /opt/airflow/dags/7_branch_pythoon_operator.py for tasks to queue
[2026-09-21T00:06:58.456+0000] {logging_mixin.py:149} INFO - [2026-09-21T00:06:58.456+0000] {dagbag.py:541} INFO - Filling up the DagBag from /opt/airflow/dags/7_branch_pythoon_operator.py
[2026-09-21T00:06:58.479+0000] {processor.py:809} INFO - DAG(s) dict_keys(['7-branching']) retrieved from /opt/airflow/dags/7_branch_pythoon_operator.py
[2026-09-21T00:06:58.532+0000] {logging_mixin.py:149} INFO - [2026-09-21T00:06:58.531+0000] {dag.py:2726} INFO - Sync 1 DAGs
[2026-09-21T00:06:58.573+0000] {logging_mixin.py:149} INFO - [2026-09-21T00:06:58.572+0000] {dag.py:3490} INFO - Setting next_dagrun for 7-branching to None, run_after=None
[2026-09-21T00:06:58.612+0000] {processor.py:178} INFO - Processing /opt/airflow/dags/7_branch_pythoon_operator.py took 0.170 seconds
[2026-09-21T00:07:28.781+0000] {processor.py:156} INFO - Started process (PID=3383) to work on /opt/airflow/dags/7_branch_pythoon_operator.py
[2026-09-21T00:07:28.785+0000] {processor.py:799} INFO - Processing file /opt/airflow/dags/7_branch_pythoon_operator.py for tasks to queue
[2026-09-21T00:07:28.787+0000] {logging_mixin.py:149} INFO - [2026-09-21T00:07:28.786+0000] {dagbag.py:541} INFO - Filling up the DagBag from /opt/airflow/dags/7_branch_pythoon_operator.py
[2026-09-21T00:07:28.817+0000] {processor.py:809} INFO - DAG(s) dict_keys(['7-branching']) retrieved from /opt/airflow/dags/7_branch_pythoon_operator.py
[2026-09-21T00:07:28.868+0000] {logging_mixin.py:149} INFO - [2026-09-21T00:07:28.868+0000] {dag.py:2726} INFO - Sync 1 DAGs
[2026-09-21T00:07:28.930+0000] {logging_mixin.py:149} INFO - [2026-09-21T00:07:28.930+0000] {dag.py:3490} INFO - Setting next_dagrun for 7-branching to None, run_after=None
[2026-09-21T00:07:28.993+0000] {processor.py:178} INFO - Processing /opt/airflow/dags/7_branch_pythoon_operator.py took 0.224 seconds
[2026-09-21T00:07:59.142+0000] {processor.py:156} INFO - Started process (PID=3393) to work on /opt/airflow/dags/7_branch_pythoon_operator.py
[2026-09-21T00:07:59.145+0000] {processor.py:799} INFO - Processing file /opt/airflow/dags/7_branch_pythoon_operator.py for tasks to queue
[2026-09-21T00:07:59.146+0000] {logging_mixin.py:149} INFO - [2026-09-21T00:07:59.146+0000] {dagbag.py:541} INFO - Filling up the DagBag from /opt/airflow/dags/7_branch_pythoon_operator.py
[2026-09-21T00:07:59.167+0000] {processor.py:809} INFO - DAG(s) dict_keys(['7-branching']) retrieved from /opt/airflow/dags/7_branch_pythoon_operator.py
[2026-09-21T00:07:59.221+0000] {logging_mixin.py:149} INFO - [2026-09-21T00:07:59.221+0000] {dag.py:2726} INFO - Sync 1 DAGs
[2026-09-21T00:07:59.264+0000] {logging_mixin.py:149} INFO - [2026-09-21T00:07:59.263+0000] {dag.py:3490} INFO - Setting next_dagrun for 7-branching to None, run_after=None
[2026-09-21T00:07:59.305+0000] {processor.py:178} INFO - Processing /opt/airflow/dags/7_branch_pythoon_operator.py took 0.168 seconds
[2026-09-21T00:08:29.607+0000] {processor.py:156} INFO - Started process (PID=3403) to work on /opt/airflow/dags/7_branch_pythoon_operator.py
[2026-09-21T00:08:29.612+0000] {processor.py:799} INFO - Processing file /opt/airflow/dags/7_branch_pythoon_operator.py for tasks to queue
[2026-09-21T00:08:29.613+0000] {logging_mixin.py:149} INFO - [2026-09-21T00:08:29.613+0000] {dagbag.py:541} INFO - Filling up the DagBag from /opt/airflow/dags/7_branch_pythoon_operator.py
[2026-09-21T00:08:29.637+0000] {processor.py:809} INFO - DAG(s) dict_keys(['7-branching']) retrieved from /opt/airflow/dags/7_branch_pythoon_operator.py
[2026-09-21T00:08:29.710+0000] {logging_mixin.py:149} INFO - [2026-09-21T00:08:29.709+0000] {dag.py:2726} INFO - Sync 1 DAGs
[2026-09-21T00:08:29.766+0000] {logging_mixin.py:149} INFO - [2026-09-21T00:08:29.766+0000] {dag.py:3490} INFO - Setting next_dagrun for 7-branching to None, run_after=None
[2026-09-21T00:08:29.807+0000] {processor.py:178} INFO - Processing /opt/airflow/dags/7_branch_pythoon_operator.py took 0.211 seconds
[2026-09-21T00:09:00.027+0000] {processor.py:156} INFO - Started process (PID=3413) to work on /opt/airflow/dags/7_branch_pythoon_operator.py
[2026-09-21T00:09:00.029+0000] {processor.py:799} INFO - Processing file /opt/airflow/dags/7_branch_pythoon_operator.py for tasks to queue
[2026-09-21T00:09:00.031+0000] {logging_mixin.py:149} INFO - [2026-09-21T00:09:00.031+0000] {dagbag.py:541} INFO - Filling up the DagBag from /opt/airflow/dags/7_branch_pythoon_operator.py
[2026-09-21T00:09:00.054+0000] {processor.py:809} INFO - DAG(s) dict_keys(['7-branching']) retrieved from /opt/airflow/dags/7_branch_pythoon_operator.py
[2026-09-21T00:09:00.105+0000] {logging_mixin.py:149} INFO - [2026-09-21T00:09:00.104+0000] {dag.py:2726} INFO - Sync 1 DAGs
[2026-09-21T00:09:00.145+0000] {logging_mixin.py:149} INFO - [2026-09-21T00:09:00.145+0000] {dag.py:3490} INFO - Setting next_dagrun for 7-branching to None, run_after=None
[2026-09-21T00:09:00.179+0000] {processor.py:178} INFO - Processing /opt/airflow/dags/7_branch_pythoon_operator.py took 0.161 seconds
[2026-09-21T00:09:30.346+0000] {processor.py:156} INFO - Started process (PID=3423) to work on /opt/airflow/dags/7_branch_pythoon_operator.py
[2026-09-21T00:09:30.349+0000] {processor.py:799} INFO - Processing file /opt/airflow/dags/7_branch_pythoon_operator.py for tasks to queue
[2026-09-21T00:09:30.350+0000] {logging_mixin.py:149} INFO - [2026-09-21T00:09:30.350+0000] {dagbag.py:541} INFO - Filling up the DagBag from /opt/airflow/dags/7_branch_pythoon_operator.py
[2026-09-21T00:09:30.373+0000] {processor.py:809} INFO - DAG(s) dict_keys(['7-branching']) retrieved from /opt/airflow/dags/7_branch_pythoon_operator.py
[2026-09-21T00:09:30.429+0000] {logging_mixin.py:149} INFO - [2026-09-21T00:09:30.429+0000] {dag.py:2726} INFO - Sync 1 DAGs
[2026-09-21T00:09:30.470+0000] {logging_mixin.py:149} INFO - [2026-09-21T00:09:30.470+0000] {dag.py:3490} INFO - Setting next_dagrun for 7-branching to None, run_after=None
[2026-09-21T00:09:30.510+0000] {processor.py:178} INFO - Processing /opt/airflow/dags/7_branch_pythoon_operator.py took 0.170 seconds
[2026-09-21T00:10:00.698+0000] {processor.py:156} INFO - Started process (PID=3433) to work on /opt/airflow/dags/7_branch_pythoon_operator.py
[2026-09-21T00:10:00.701+0000] {processor.py:799} INFO - Processing file /opt/airflow/dags/7_branch_pythoon_operator.py for tasks to queue
[2026-09-21T00:10:00.703+0000] {logging_mixin.py:149} INFO - [2026-09-21T00:10:00.702+0000] {dagbag.py:541} INFO - Filling up the DagBag from /opt/airflow/dags/7_branch_pythoon_operator.py
[2026-09-21T00:10:00.725+0000] {processor.py:809} INFO - DAG(s) dict_keys(['7-branching']) retrieved from /opt/airflow/dags/7_branch_pythoon_operator.py
[2026-09-21T00:10:00.784+0000] {logging_mixin.py:149} INFO - [2026-09-21T00:10:00.784+0000] {dag.py:2726} INFO - Sync 1 DAGs
[2026-09-21T00:10:00.836+0000] {logging_mixin.py:149} INFO - [2026-09-21T00:10:00.836+0000] {dag.py:3490} INFO - Setting next_dagrun for 7-branching to None, run_after=None
[2026-09-21T00:10:00.886+0000] {processor.py:178} INFO - Processing /opt/airflow/dags/7_branch_pythoon_operator.py took 0.196 seconds
[2026-09-21T00:10:31.005+0000] {processor.py:156} INFO - Started process (PID=3443) to work on /opt/airflow/dags/7_branch_pythoon_operator.py
[2026-09-21T00:10:31.008+0000] {processor.py:799} INFO - Processing file /opt/airflow/dags/7_branch_pythoon_operator.py for tasks to queue
[2026-09-21T00:10:31.010+0000] {logging_mixin.py:149} INFO - [2026-09-21T00:10:31.009+0000] {dagbag.py:541} INFO - Filling up the DagBag from /opt/airflow/dags/7_branch_pythoon_operator.py
[2026-09-21T00:10:31.040+0000] {processor.py:809} INFO - DAG(s) dict_keys(['7-branching']) retrieved from /opt/airflow/dags/7_branch_pythoon_operator.py
[2026-09-21T00:10:31.091+0000] {logging_mixin.py:149} INFO - [2026-09-21T00:10:31.091+0000] {dag.py:2726} INFO - Sync 1 DAGs
[2026-09-21T00:10:31.139+0000] {logging_mixin.py:149} INFO - [2026-09-21T00:10:31.139+0000] {dag.py:3490} INFO - Setting next_dagrun for 7-branching to None, run_after=None
[2026-09-21T00:10:31.181+0000] {processor.py:178} INFO - Processing /opt/airflow/dags/7_branch_pythoon_operator.py took 0.182 seconds
[2026-09-21T00:11:01.264+0000] {processor.py:156} INFO - Started process (PID=3453) to work on /opt/airflow/dags/7_branch_pythoon_operator.py
[2026-09-21T00:11:01.268+0000] {processor.py:799} INFO - Processing file /opt/airflow/dags/7_branch_pythoon_operator.py for tasks to queue
[2026-09-21T00:11:01.269+0000] {logging_mixin.py:149} INFO - [2026-09-21T00:11:01.269+0000] {dagbag.py:541} INFO - Filling up the DagBag from /opt/airflow/dags/7_branch_pythoon_operator.py
[2026-09-21T00:11:01.290+0000] {processor.py:809} INFO - DAG(s) dict_keys(['7-branching']) retrieved from /opt/airflow/dags/7_branch_pythoon_operator.py
[2026-09-21T00:11:01.339+0000] {logging_mixin.py:149} INFO - [2026-09-21T00:11:01.338+0000] {dag.py:2726} INFO - Sync 1 DAGs
[2026-09-21T00:11:01.384+0000] {logging_mixin.py:149} INFO - [2026-09-21T00:11:01.384+0000] {dag.py:3490} INFO - Setting next_dagrun for 7-branching to None, run_after=None
[2026-09-21T00:11:01.421+0000] {processor.py:178} INFO - Processing /opt/airflow/dags/7_branch_pythoon_operator.py took 0.164 seconds
[2026-09-21T00:11:31.467+0000] {processor.py:156} INFO - Started process (PID=3463) to work on /opt/airflow/dags/7_branch_pythoon_operator.py
[2026-09-21T00:11:31.470+0000] {processor.py:799} INFO - Processing file /opt/airflow/dags/7_branch_pythoon_operator.py for tasks to queue
[2026-09-21T00:11:31.472+0000] {logging_mixin.py:149} INFO - [2026-09-21T00:11:31.472+0000] {dagbag.py:541} INFO - Filling up the DagBag from /opt/airflow/dags/7_branch_pythoon_operator.py
[2026-09-21T00:11:31.509+0000] {processor.py:809} INFO - DAG(s) dict_keys(['7-branching']) retrieved from /opt/airflow/dags/7_branch_pythoon_operator.py
[2026-09-21T00:11:31.573+0000] {logging_mixin.py:149} INFO - [2026-09-21T00:11:31.572+0000] {dag.py:2726} INFO - Sync 1 DAGs
[2026-09-21T00:11:31.615+0000] {logging_mixin.py:149} INFO - [2026-09-21T00:11:31.615+0000] {dag.py:3490} INFO - Setting next_dagrun for 7-branching to None, run_after=None
[2026-09-21T00:11:31.645+0000] {processor.py:178} INFO - Processing /opt/airflow/dags/7_branch_pythoon_operator.py took 0.189 seconds
[2026-09-21T00:12:01.715+0000] {processor.py:156} INFO - Started process (PID=3473) to work on /opt/airflow/dags/7_branch_pythoon_operator.py
[2026-09-21T00:12:01.717+0000] {processor.py:799} INFO - Processing file /opt/airflow/dags/7_branch_pythoon_operator.py for tasks to queue
[2026-09-21T00:12:01.717+0000] {logging_mixin.py:149} INFO - [2026-09-21T00:12:01.717+0000] {dagbag.py:541} INFO - Filling up the DagBag from /opt/airflow/dags/7_branch_pythoon_operator.py
[2026-09-21T00:12:01.739+0000] {processor.py:809} INFO - DAG(s) dict_keys(['7-branching']) retrieved from /opt/airflow/dags/7_branch_pythoon_operator.py
[2026-09-21T00:12:01.790+0000] {logging_mixin.py:149} INFO - [2026-09-21T00:12:01.789+0000] {dag.py:2726} INFO - Sync 1 DAGs
[2026-09-21T00:12:01.828+0000] {logging_mixin.py:149} INFO - [2026-09-21T00:12:01.828+0000] {dag.py:3490} INFO - Setting next_dagrun for 7-branching to None, run_after=None
[2026-09-21T00:12:01.859+0000] {processor.py:178} INFO - Processing /opt/airflow/dags/7_branch_pythoon_operator.py took 0.148 seconds
[2026-09-21T00:12:32.698+0000] {processor.py:156} INFO - Started process (PID=3482) to work on /opt/airflow/dags/7_branch_pythoon_operator.py
[2026-09-21T00:12:32.705+0000] {processor.py:799} INFO - Processing file /opt/airflow/dags/7_branch_pythoon_operator.py for tasks to queue
[2026-09-21T00:12:32.706+0000] {logging_mixin.py:149} INFO - [2026-09-21T00:12:32.706+0000] {dagbag.py:541} INFO - Filling up the DagBag from /opt/airflow/dags/7_branch_pythoon_operator.py
[2026-09-21T00:12:32.751+0000] {processor.py:809} INFO - DAG(s) dict_keys(['7-branching']) retrieved from /opt/airflow/dags/7_branch_pythoon_operator.py
[2026-09-21T00:12:32.827+0000] {logging_mixin.py:149} INFO - [2026-09-21T00:12:32.826+0000] {dag.py:2726} INFO - Sync 1 DAGs
[2026-09-21T00:12:32.883+0000] {logging_mixin.py:149} INFO - [2026-09-21T00:12:32.883+0000] {dag.py:3490} INFO - Setting next_dagrun for 7-branching to None, run_after=None
[2026-09-21T00:12:32.942+0000] {processor.py:178} INFO - Processing /opt/airflow/dags/7_branch_pythoon_operator.py took 0.251 seconds
[2026-09-21T00:13:03.462+0000] {processor.py:156} INFO - Started process (PID=3492) to work on /opt/airflow/dags/7_branch_pythoon_operator.py
[2026-09-21T00:13:03.468+0000] {processor.py:799} INFO - Processing file /opt/airflow/dags/7_branch_pythoon_operator.py for tasks to queue
[2026-09-21T00:13:03.472+0000] {logging_mixin.py:149} INFO - [2026-09-21T00:13:03.472+0000] {dagbag.py:541} INFO - Filling up the DagBag from /opt/airflow/dags/7_branch_pythoon_operator.py
[2026-09-21T00:13:03.511+0000] {processor.py:809} INFO - DAG(s) dict_keys(['7-branching']) retrieved from /opt/airflow/dags/7_branch_pythoon_operator.py
[2026-09-21T00:13:03.697+0000] {logging_mixin.py:149} INFO - [2026-09-21T00:13:03.697+0000] {dag.py:2726} INFO - Sync 1 DAGs
[2026-09-21T00:13:03.777+0000] {logging_mixin.py:149} INFO - [2026-09-21T00:13:03.777+0000] {dag.py:3490} INFO - Setting next_dagrun for 7-branching to None, run_after=None
[2026-09-21T00:13:03.852+0000] {processor.py:178} INFO - Processing /opt/airflow/dags/7_branch_pythoon_operator.py took 0.397 seconds
[2026-09-21T00:13:33.911+0000] {processor.py:156} INFO - Started process (PID=3503) to work on /opt/airflow/dags/7_branch_pythoon_operator.py
[2026-09-21T00:13:33.926+0000] {processor.py:799} INFO - Processing file /opt/airflow/dags/7_branch_pythoon_operator.py for tasks to queue
[2026-09-21T00:13:33.927+0000] {logging_mixin.py:149} INFO - [2026-09-21T00:13:33.927+0000] {dagbag.py:541} INFO - Filling up the DagBag from /opt/airflow/dags/7_branch_pythoon_operator.py
[2026-09-21T00:13:33.955+0000] {processor.py:809} INFO - DAG(s) dict_keys(['7-branching']) retrieved from /opt/airflow/dags/7_branch_pythoon_operator.py
[2026-09-21T00:13:34.042+0000] {logging_mixin.py:149} INFO - [2026-09-21T00:13:34.042+0000] {dag.py:2726} INFO - Sync 1 DAGs
[2026-09-21T00:13:34.101+0000] {logging_mixin.py:149} INFO - [2026-09-21T00:13:34.101+0000] {dag.py:3490} INFO - Setting next_dagrun for 7-branching to None, run_after=None
[2026-09-21T00:13:34.166+0000] {processor.py:178} INFO - Processing /opt/airflow/dags/7_branch_pythoon_operator.py took 0.274 seconds
[2026-09-21T00:14:04.441+0000] {processor.py:156} INFO - Started process (PID=3513) to work on /opt/airflow/dags/7_branch_pythoon_operator.py
[2026-09-21T00:14:04.445+0000] {processor.py:799} INFO - Processing file /opt/airflow/dags/7_branch_pythoon_operator.py for tasks to queue
[2026-09-21T00:14:04.447+0000] {logging_mixin.py:149} INFO - [2026-09-21T00:14:04.447+0000] {dagbag.py:541} INFO - Filling up the DagBag from /opt/airflow/dags/7_branch_pythoon_operator.py
[2026-09-21T00:14:04.488+0000] {processor.py:809} INFO - DAG(s) dict_keys(['7-branching']) retrieved from /opt/airflow/dags/7_branch_pythoon_operator.py
[2026-09-21T00:14:04.577+0000] {logging_mixin.py:149} INFO - [2026-09-21T00:14:04.576+0000] {dag.py:2726} INFO - Sync 1 DAGs
[2026-09-21T00:14:04.667+0000] {logging_mixin.py:149} INFO - [2026-09-21T00:14:04.667+0000] {dag.py:3490} INFO - Setting next_dagrun for 7-branching to None, run_after=None
[2026-09-21T00:14:04.743+0000] {processor.py:178} INFO - Processing /opt/airflow/dags/7_branch_pythoon_operator.py took 0.312 seconds
[2026-09-21T00:14:35.568+0000] {processor.py:156} INFO - Started process (PID=3523) to work on /opt/airflow/dags/7_branch_pythoon_operator.py
[2026-09-21T00:14:35.570+0000] {processor.py:799} INFO - Processing file /opt/airflow/dags/7_branch_pythoon_operator.py for tasks to queue
[2026-09-21T00:14:35.571+0000] {logging_mixin.py:149} INFO - [2026-09-21T00:14:35.571+0000] {dagbag.py:541} INFO - Filling up the DagBag from /opt/airflow/dags/7_branch_pythoon_operator.py
[2026-09-21T00:14:35.593+0000] {processor.py:809} INFO - DAG(s) dict_keys(['7-branching']) retrieved from /opt/airflow/dags/7_branch_pythoon_operator.py
[2026-09-21T00:14:35.644+0000] {logging_mixin.py:149} INFO - [2026-09-21T00:14:35.644+0000] {dag.py:2726} INFO - Sync 1 DAGs
[2026-09-21T00:14:35.684+0000] {logging_mixin.py:149} INFO - [2026-09-21T00:14:35.684+0000] {dag.py:3490} INFO - Setting next_dagrun for 7-branching to None, run_after=None
[2026-09-21T00:14:35.727+0000] {processor.py:178} INFO - Processing /opt/airflow/dags/7_branch_pythoon_operator.py took 0.165 seconds
[2026-09-21T00:15:06.098+0000] {processor.py:156} INFO - Started process (PID=3533) to work on /opt/airflow/dags/7_branch_pythoon_operator.py
[2026-09-21T00:15:06.101+0000] {processor.py:799} INFO - Processing file /opt/airflow/dags/7_branch_pythoon_operator.py for tasks to queue
[2026-09-21T00:15:06.103+0000] {logging_mixin.py:149} INFO - [2026-09-21T00:15:06.102+0000] {dagbag.py:541} INFO - Filling up the DagBag from /opt/airflow/dags/7_branch_pythoon_operator.py
[2026-09-21T00:15:06.136+0000] {processor.py:809} INFO - DAG(s) dict_keys(['7-branching']) retrieved from /opt/airflow/dags/7_branch_pythoon_operator.py
[2026-09-21T00:15:06.191+0000] {logging_mixin.py:149} INFO - [2026-09-21T00:15:06.191+0000] {dag.py:2726} INFO - Sync 1 DAGs
[2026-09-21T00:15:06.241+0000] {logging_mixin.py:149} INFO - [2026-09-21T00:15:06.241+0000] {dag.py:3490} INFO - Setting next_dagrun for 7-branching to None, run_after=None
[2026-09-21T00:15:06.290+0000] {processor.py:178} INFO - Processing /opt/airflow/dags/7_branch_pythoon_operator.py took 0.198 seconds
[2026-09-21T00:15:36.518+0000] {processor.py:156} INFO - Started process (PID=3543) to work on /opt/airflow/dags/7_branch_pythoon_operator.py
[2026-09-21T00:15:36.520+0000] {processor.py:799} INFO - Processing file /opt/airflow/dags/7_branch_pythoon_operator.py for tasks to queue
[2026-09-21T00:15:36.522+0000] {logging_mixin.py:149} INFO - [2026-09-21T00:15:36.521+0000] {dagbag.py:541} INFO - Filling up the DagBag from /opt/airflow/dags/7_branch_pythoon_operator.py
[2026-09-21T00:15:36.544+0000] {processor.py:809} INFO - DAG(s) dict_keys(['7-branching']) retrieved from /opt/airflow/dags/7_branch_pythoon_operator.py
[2026-09-21T00:15:36.599+0000] {logging_mixin.py:149} INFO - [2026-09-21T00:15:36.599+0000] {dag.py:2726} INFO - Sync 1 DAGs
[2026-09-21T00:15:36.644+0000] {logging_mixin.py:149} INFO - [2026-09-21T00:15:36.643+0000] {dag.py:3490} INFO - Setting next_dagrun for 7-branching to None, run_after=None
[2026-09-21T00:15:36.685+0000] {processor.py:178} INFO - Processing /opt/airflow/dags/7_branch_pythoon_operator.py took 0.173 seconds
[2026-09-21T00:16:06.897+0000] {processor.py:156} INFO - Started process (PID=3553) to work on /opt/airflow/dags/7_branch_pythoon_operator.py
[2026-09-21T00:16:06.901+0000] {processor.py:799} INFO - Processing file /opt/airflow/dags/7_branch_pythoon_operator.py for tasks to queue
[2026-09-21T00:16:06.902+0000] {logging_mixin.py:149} INFO - [2026-09-21T00:16:06.902+0000] {dagbag.py:541} INFO - Filling up the DagBag from /opt/airflow/dags/7_branch_pythoon_operator.py
[2026-09-21T00:16:06.935+0000] {processor.py:809} INFO - DAG(s) dict_keys(['7-branching']) retrieved from /opt/airflow/dags/7_branch_pythoon_operator.py
[2026-09-21T00:16:06.991+0000] {logging_mixin.py:149} INFO - [2026-09-21T00:16:06.990+0000] {dag.py:2726} INFO - Sync 1 DAGs
[2026-09-21T00:16:07.035+0000] {logging_mixin.py:149} INFO - [2026-09-21T00:16:07.034+0000] {dag.py:3490} INFO - Setting next_dagrun for 7-branching to None, run_after=None
[2026-09-21T00:16:07.072+0000] {processor.py:178} INFO - Processing /opt/airflow/dags/7_branch_pythoon_operator.py took 0.183 seconds
[2026-09-21T00:16:37.291+0000] {processor.py:156} INFO - Started process (PID=3563) to work on /opt/airflow/dags/7_branch_pythoon_operator.py
[2026-09-21T00:16:37.295+0000] {processor.py:799} INFO - Processing file /opt/airflow/dags/7_branch_pythoon_operator.py for tasks to queue
[2026-09-21T00:16:37.297+0000] {logging_mixin.py:149} INFO - [2026-09-21T00:16:37.297+0000] {dagbag.py:541} INFO - Filling up the DagBag from /opt/airflow/dags/7_branch_pythoon_operator.py
[2026-09-21T00:16:37.320+0000] {processor.py:809} INFO - DAG(s) dict_keys(['7-branching']) retrieved from /opt/airflow/dags/7_branch_pythoon_operator.py
[2026-09-21T00:16:37.373+0000] {logging_mixin.py:149} INFO - [2026-09-21T00:16:37.373+0000] {dag.py:2726} INFO - Sync 1 DAGs
[2026-09-21T00:16:37.422+0000] {logging_mixin.py:149} INFO - [2026-09-21T00:16:37.422+0000] {dag.py:3490} INFO - Setting next_dagrun for 7-branching to None, run_after=None
[2026-09-21T00:16:37.473+0000] {processor.py:178} INFO - Processing /opt/airflow/dags/7_branch_pythoon_operator.py took 0.187 seconds
[2026-09-21T00:17:07.926+0000] {processor.py:156} INFO - Started process (PID=3573) to work on /opt/airflow/dags/7_branch_pythoon_operator.py
[2026-09-21T00:17:07.932+0000] {processor.py:799} INFO - Processing file /opt/airflow/dags/7_branch_pythoon_operator.py for tasks to queue
[2026-09-21T00:17:07.933+0000] {logging_mixin.py:149} INFO - [2026-09-21T00:17:07.933+0000] {dagbag.py:541} INFO - Filling up the DagBag from /opt/airflow/dags/7_branch_pythoon_operator.py
[2026-09-21T00:17:07.954+0000] {processor.py:809} INFO - DAG(s) dict_keys(['7-branching']) retrieved from /opt/airflow/dags/7_branch_pythoon_operator.py
[2026-09-21T00:17:08.037+0000] {logging_mixin.py:149} INFO - [2026-09-21T00:17:08.036+0000] {dag.py:2726} INFO - Sync 1 DAGs
[2026-09-21T00:17:08.117+0000] {logging_mixin.py:149} INFO - [2026-09-21T00:17:08.117+0000] {dag.py:3490} INFO - Setting next_dagrun for 7-branching to None, run_after=None
[2026-09-21T00:17:08.192+0000] {processor.py:178} INFO - Processing /opt/airflow/dags/7_branch_pythoon_operator.py took 0.281 seconds
[2026-09-21T00:17:38.527+0000] {processor.py:156} INFO - Started process (PID=3582) to work on /opt/airflow/dags/7_branch_pythoon_operator.py
[2026-09-21T00:17:38.548+0000] {processor.py:799} INFO - Processing file /opt/airflow/dags/7_branch_pythoon_operator.py for tasks to queue
[2026-09-21T00:17:38.550+0000] {logging_mixin.py:149} INFO - [2026-09-21T00:17:38.549+0000] {dagbag.py:541} INFO - Filling up the DagBag from /opt/airflow/dags/7_branch_pythoon_operator.py
[2026-09-21T00:17:38.630+0000] {processor.py:809} INFO - DAG(s) dict_keys(['7-branching']) retrieved from /opt/airflow/dags/7_branch_pythoon_operator.py
[2026-09-21T00:17:38.783+0000] {logging_mixin.py:149} INFO - [2026-09-21T00:17:38.782+0000] {dag.py:2726} INFO - Sync 1 DAGs
[2026-09-21T00:17:38.869+0000] {logging_mixin.py:149} INFO - [2026-09-21T00:17:38.869+0000] {dag.py:3490} INFO - Setting next_dagrun for 7-branching to None, run_after=None
[2026-09-21T00:17:38.956+0000] {processor.py:178} INFO - Processing /opt/airflow/dags/7_branch_pythoon_operator.py took 0.446 seconds
[2026-09-21T00:18:09.873+0000] {processor.py:156} INFO - Started process (PID=3594) to work on /opt/airflow/dags/7_branch_pythoon_operator.py
[2026-09-21T00:18:09.882+0000] {processor.py:799} INFO - Processing file /opt/airflow/dags/7_branch_pythoon_operator.py for tasks to queue
[2026-09-21T00:18:09.884+0000] {logging_mixin.py:149} INFO - [2026-09-21T00:18:09.884+0000] {dagbag.py:541} INFO - Filling up the DagBag from /opt/airflow/dags/7_branch_pythoon_operator.py
[2026-09-21T00:18:09.933+0000] {processor.py:809} INFO - DAG(s) dict_keys(['7-branching']) retrieved from /opt/airflow/dags/7_branch_pythoon_operator.py
[2026-09-21T00:18:10.010+0000] {logging_mixin.py:149} INFO - [2026-09-21T00:18:10.009+0000] {dag.py:2726} INFO - Sync 1 DAGs
[2026-09-21T00:18:10.056+0000] {logging_mixin.py:149} INFO - [2026-09-21T00:18:10.055+0000] {dag.py:3490} INFO - Setting next_dagrun for 7-branching to None, run_after=None
[2026-09-21T00:18:10.103+0000] {processor.py:178} INFO - Processing /opt/airflow/dags/7_branch_pythoon_operator.py took 0.239 seconds
[2026-09-21T00:18:41.134+0000] {processor.py:156} INFO - Started process (PID=3604) to work on /opt/airflow/dags/7_branch_pythoon_operator.py
[2026-09-21T00:18:41.152+0000] {processor.py:799} INFO - Processing file /opt/airflow/dags/7_branch_pythoon_operator.py for tasks to queue
[2026-09-21T00:18:41.153+0000] {logging_mixin.py:149} INFO - [2026-09-21T00:18:41.153+0000] {dagbag.py:541} INFO - Filling up the DagBag from /opt/airflow/dags/7_branch_pythoon_operator.py
[2026-09-21T00:18:41.218+0000] {processor.py:809} INFO - DAG(s) dict_keys(['7-branching']) retrieved from /opt/airflow/dags/7_branch_pythoon_operator.py
[2026-09-21T00:18:41.276+0000] {logging_mixin.py:149} INFO - [2026-09-21T00:18:41.275+0000] {dag.py:2726} INFO - Sync 1 DAGs
[2026-09-21T00:18:41.316+0000] {logging_mixin.py:149} INFO - [2026-09-21T00:18:41.316+0000] {dag.py:3490} INFO - Setting next_dagrun for 7-branching to None, run_after=None
[2026-09-21T00:18:41.362+0000] {processor.py:178} INFO - Processing /opt/airflow/dags/7_branch_pythoon_operator.py took 0.245 seconds
[2026-09-21T00:19:11.648+0000] {processor.py:156} INFO - Started process (PID=3614) to work on /opt/airflow/dags/7_branch_pythoon_operator.py
[2026-09-21T00:19:11.656+0000] {processor.py:799} INFO - Processing file /opt/airflow/dags/7_branch_pythoon_operator.py for tasks to queue
[2026-09-21T00:19:11.657+0000] {logging_mixin.py:149} INFO - [2026-09-21T00:19:11.657+0000] {dagbag.py:541} INFO - Filling up the DagBag from /opt/airflow/dags/7_branch_pythoon_operator.py
[2026-09-21T00:19:11.713+0000] {processor.py:809} INFO - DAG(s) dict_keys(['7-branching']) retrieved from /opt/airflow/dags/7_branch_pythoon_operator.py
[2026-09-21T00:19:11.830+0000] {logging_mixin.py:149} INFO - [2026-09-21T00:19:11.830+0000] {dag.py:2726} INFO - Sync 1 DAGs
[2026-09-21T00:19:11.936+0000] {logging_mixin.py:149} INFO - [2026-09-21T00:19:11.936+0000] {dag.py:3490} INFO - Setting next_dagrun for 7-branching to None, run_after=None
[2026-09-21T00:19:11.979+0000] {processor.py:178} INFO - Processing /opt/airflow/dags/7_branch_pythoon_operator.py took 0.350 seconds
[2026-09-21T00:19:42.037+0000] {processor.py:156} INFO - Started process (PID=3625) to work on /opt/airflow/dags/7_branch_pythoon_operator.py
[2026-09-21T00:19:42.043+0000] {processor.py:799} INFO - Processing file /opt/airflow/dags/7_branch_pythoon_operator.py for tasks to queue
[2026-09-21T00:19:42.045+0000] {logging_mixin.py:149} INFO - [2026-09-21T00:19:42.045+0000] {dagbag.py:541} INFO - Filling up the DagBag from /opt/airflow/dags/7_branch_pythoon_operator.py
[2026-09-21T00:19:42.087+0000] {processor.py:809} INFO - DAG(s) dict_keys(['7-branching']) retrieved from /opt/airflow/dags/7_branch_pythoon_operator.py
[2026-09-21T00:19:42.181+0000] {logging_mixin.py:149} INFO - [2026-09-21T00:19:42.180+0000] {dag.py:2726} INFO - Sync 1 DAGs
[2026-09-21T00:19:42.225+0000] {logging_mixin.py:149} INFO - [2026-09-21T00:19:42.224+0000] {dag.py:3490} INFO - Setting next_dagrun for 7-branching to None, run_after=None
[2026-09-21T00:19:42.256+0000] {processor.py:178} INFO - Processing /opt/airflow/dags/7_branch_pythoon_operator.py took 0.243 seconds
[2026-09-21T00:20:12.469+0000] {processor.py:156} INFO - Started process (PID=3634) to work on /opt/airflow/dags/7_branch_pythoon_operator.py
[2026-09-21T00:20:12.471+0000] {processor.py:799} INFO - Processing file /opt/airflow/dags/7_branch_pythoon_operator.py for tasks to queue
[2026-09-21T00:20:12.474+0000] {logging_mixin.py:149} INFO - [2026-09-21T00:20:12.472+0000] {dagbag.py:541} INFO - Filling up the DagBag from /opt/airflow/dags/7_branch_pythoon_operator.py
[2026-09-21T00:20:12.504+0000] {processor.py:809} INFO - DAG(s) dict_keys(['7-branching']) retrieved from /opt/airflow/dags/7_branch_pythoon_operator.py
[2026-09-21T00:20:12.579+0000] {logging_mixin.py:149} INFO - [2026-09-21T00:20:12.579+0000] {dag.py:2726} INFO - Sync 1 DAGs
[2026-09-21T00:20:12.621+0000] {logging_mixin.py:149} INFO - [2026-09-21T00:20:12.621+0000] {dag.py:3490} INFO - Setting next_dagrun for 7-branching to None, run_after=None
[2026-09-21T00:20:12.677+0000] {processor.py:178} INFO - Processing /opt/airflow/dags/7_branch_pythoon_operator.py took 0.220 seconds
[2026-09-21T00:20:42.898+0000] {processor.py:156} INFO - Started process (PID=3644) to work on /opt/airflow/dags/7_branch_pythoon_operator.py
[2026-09-21T00:20:42.905+0000] {processor.py:799} INFO - Processing file /opt/airflow/dags/7_branch_pythoon_operator.py for tasks to queue
[2026-09-21T00:20:42.908+0000] {logging_mixin.py:149} INFO - [2026-09-21T00:20:42.908+0000] {dagbag.py:541} INFO - Filling up the DagBag from /opt/airflow/dags/7_branch_pythoon_operator.py
[2026-09-21T00:20:42.936+0000] {processor.py:809} INFO - DAG(s) dict_keys(['7-branching']) retrieved from /opt/airflow/dags/7_branch_pythoon_operator.py
[2026-09-21T00:20:43.002+0000] {logging_mixin.py:149} INFO - [2026-09-21T00:20:43.001+0000] {dag.py:2726} INFO - Sync 1 DAGs
[2026-09-21T00:20:43.040+0000] {logging_mixin.py:149} INFO - [2026-09-21T00:20:43.039+0000] {dag.py:3490} INFO - Setting next_dagrun for 7-branching to None, run_after=None
[2026-09-21T00:20:43.074+0000] {processor.py:178} INFO - Processing /opt/airflow/dags/7_branch_pythoon_operator.py took 0.189 seconds
[2026-09-21T00:21:13.120+0000] {processor.py:156} INFO - Started process (PID=3654) to work on /opt/airflow/dags/7_branch_pythoon_operator.py
[2026-09-21T00:21:13.124+0000] {processor.py:799} INFO - Processing file /opt/airflow/dags/7_branch_pythoon_operator.py for tasks to queue
[2026-09-21T00:21:13.132+0000] {logging_mixin.py:149} INFO - [2026-09-21T00:21:13.130+0000] {dagbag.py:541} INFO - Filling up the DagBag from /opt/airflow/dags/7_branch_pythoon_operator.py
[2026-09-21T00:21:13.170+0000] {processor.py:809} INFO - DAG(s) dict_keys(['7-branching']) retrieved from /opt/airflow/dags/7_branch_pythoon_operator.py
[2026-09-21T00:21:13.234+0000] {logging_mixin.py:149} INFO - [2026-09-21T00:21:13.234+0000] {dag.py:2726} INFO - Sync 1 DAGs
[2026-09-21T00:21:13.282+0000] {logging_mixin.py:149} INFO - [2026-09-21T00:21:13.282+0000] {dag.py:3490} INFO - Setting next_dagrun for 7-branching to None, run_after=None
[2026-09-21T00:21:13.330+0000] {processor.py:178} INFO - Processing /opt/airflow/dags/7_branch_pythoon_operator.py took 0.217 seconds
[2026-09-21T00:21:43.533+0000] {processor.py:156} INFO - Started process (PID=3664) to work on /opt/airflow/dags/7_branch_pythoon_operator.py
[2026-09-21T00:21:43.558+0000] {processor.py:799} INFO - Processing file /opt/airflow/dags/7_branch_pythoon_operator.py for tasks to queue
[2026-09-21T00:21:43.559+0000] {logging_mixin.py:149} INFO - [2026-09-21T00:21:43.559+0000] {dagbag.py:541} INFO - Filling up the DagBag from /opt/airflow/dags/7_branch_pythoon_operator.py
[2026-09-21T00:21:43.579+0000] {processor.py:809} INFO - DAG(s) dict_keys(['7-branching']) retrieved from /opt/airflow/dags/7_branch_pythoon_operator.py
[2026-09-21T00:21:43.633+0000] {logging_mixin.py:149} INFO - [2026-09-21T00:21:43.633+0000] {dag.py:2726} INFO - Sync 1 DAGs
[2026-09-21T00:21:43.669+0000] {logging_mixin.py:149} INFO - [2026-09-21T00:21:43.669+0000] {dag.py:3490} INFO - Setting next_dagrun for 7-branching to None, run_after=None
[2026-09-21T00:21:43.695+0000] {processor.py:178} INFO - Processing /opt/airflow/dags/7_branch_pythoon_operator.py took 0.171 seconds
[2026-09-21T00:22:13.919+0000] {processor.py:156} INFO - Started process (PID=3674) to work on /opt/airflow/dags/7_branch_pythoon_operator.py
[2026-09-21T00:22:13.923+0000] {processor.py:799} INFO - Processing file /opt/airflow/dags/7_branch_pythoon_operator.py for tasks to queue
[2026-09-21T00:22:13.924+0000] {logging_mixin.py:149} INFO - [2026-09-21T00:22:13.924+0000] {dagbag.py:541} INFO - Filling up the DagBag from /opt/airflow/dags/7_branch_pythoon_operator.py
[2026-09-21T00:22:13.949+0000] {processor.py:809} INFO - DAG(s) dict_keys(['7-branching']) retrieved from /opt/airflow/dags/7_branch_pythoon_operator.py
[2026-09-21T00:22:14.086+0000] {logging_mixin.py:149} INFO - [2026-09-21T00:22:14.086+0000] {dag.py:2726} INFO - Sync 1 DAGs
[2026-09-21T00:22:14.177+0000] {logging_mixin.py:149} INFO - [2026-09-21T00:22:14.177+0000] {dag.py:3490} INFO - Setting next_dagrun for 7-branching to None, run_after=None
[2026-09-21T00:22:14.273+0000] {processor.py:178} INFO - Processing /opt/airflow/dags/7_branch_pythoon_operator.py took 0.360 seconds
[2026-09-21T00:22:44.347+0000] {processor.py:156} INFO - Started process (PID=3684) to work on /opt/airflow/dags/7_branch_pythoon_operator.py
[2026-09-21T00:22:44.349+0000] {processor.py:799} INFO - Processing file /opt/airflow/dags/7_branch_pythoon_operator.py for tasks to queue
[2026-09-21T00:22:44.350+0000] {logging_mixin.py:149} INFO - [2026-09-21T00:22:44.350+0000] {dagbag.py:541} INFO - Filling up the DagBag from /opt/airflow/dags/7_branch_pythoon_operator.py
[2026-09-21T00:22:44.378+0000] {processor.py:809} INFO - DAG(s) dict_keys(['7-branching']) retrieved from /opt/airflow/dags/7_branch_pythoon_operator.py
[2026-09-21T00:22:44.495+0000] {logging_mixin.py:149} INFO - [2026-09-21T00:22:44.495+0000] {dag.py:2726} INFO - Sync 1 DAGs
[2026-09-21T00:22:44.576+0000] {logging_mixin.py:149} INFO - [2026-09-21T00:22:44.576+0000] {dag.py:3490} INFO - Setting next_dagrun for 7-branching to None, run_after=None
[2026-09-21T00:22:44.650+0000] {processor.py:178} INFO - Processing /opt/airflow/dags/7_branch_pythoon_operator.py took 0.313 seconds
[2026-09-21T00:23:14.859+0000] {processor.py:156} INFO - Started process (PID=3695) to work on /opt/airflow/dags/7_branch_pythoon_operator.py
[2026-09-21T00:23:14.861+0000] {processor.py:799} INFO - Processing file /opt/airflow/dags/7_branch_pythoon_operator.py for tasks to queue
[2026-09-21T00:23:14.863+0000] {logging_mixin.py:149} INFO - [2026-09-21T00:23:14.862+0000] {dagbag.py:541} INFO - Filling up the DagBag from /opt/airflow/dags/7_branch_pythoon_operator.py
[2026-09-21T00:23:14.918+0000] {processor.py:809} INFO - DAG(s) dict_keys(['7-branching']) retrieved from /opt/airflow/dags/7_branch_pythoon_operator.py
[2026-09-21T00:23:15.004+0000] {logging_mixin.py:149} INFO - [2026-09-21T00:23:15.003+0000] {dag.py:2726} INFO - Sync 1 DAGs
[2026-09-21T00:23:15.069+0000] {logging_mixin.py:149} INFO - [2026-09-21T00:23:15.069+0000] {dag.py:3490} INFO - Setting next_dagrun for 7-branching to None, run_after=None
[2026-09-21T00:23:15.120+0000] {processor.py:178} INFO - Processing /opt/airflow/dags/7_branch_pythoon_operator.py took 0.268 seconds
[2026-09-21T00:23:45.609+0000] {processor.py:156} INFO - Started process (PID=3704) to work on /opt/airflow/dags/7_branch_pythoon_operator.py
[2026-09-21T00:23:45.611+0000] {processor.py:799} INFO - Processing file /opt/airflow/dags/7_branch_pythoon_operator.py for tasks to queue
[2026-09-21T00:23:45.612+0000] {logging_mixin.py:149} INFO - [2026-09-21T00:23:45.611+0000] {dagbag.py:541} INFO - Filling up the DagBag from /opt/airflow/dags/7_branch_pythoon_operator.py
[2026-09-21T00:23:45.707+0000] {processor.py:809} INFO - DAG(s) dict_keys(['7-branching']) retrieved from /opt/airflow/dags/7_branch_pythoon_operator.py
[2026-09-21T00:23:45.801+0000] {logging_mixin.py:149} INFO - [2026-09-21T00:23:45.799+0000] {dag.py:2726} INFO - Sync 1 DAGs
[2026-09-21T00:23:45.867+0000] {logging_mixin.py:149} INFO - [2026-09-21T00:23:45.867+0000] {dag.py:3490} INFO - Setting next_dagrun for 7-branching to None, run_after=None
[2026-09-21T00:23:45.917+0000] {processor.py:178} INFO - Processing /opt/airflow/dags/7_branch_pythoon_operator.py took 0.315 seconds
[2026-09-21T00:24:16.082+0000] {processor.py:156} INFO - Started process (PID=3714) to work on /opt/airflow/dags/7_branch_pythoon_operator.py
[2026-09-21T00:24:16.099+0000] {processor.py:799} INFO - Processing file /opt/airflow/dags/7_branch_pythoon_operator.py for tasks to queue
[2026-09-21T00:24:16.100+0000] {logging_mixin.py:149} INFO - [2026-09-21T00:24:16.100+0000] {dagbag.py:541} INFO - Filling up the DagBag from /opt/airflow/dags/7_branch_pythoon_operator.py
[2026-09-21T00:24:16.146+0000] {processor.py:809} INFO - DAG(s) dict_keys(['7-branching']) retrieved from /opt/airflow/dags/7_branch_pythoon_operator.py
[2026-09-21T00:24:16.213+0000] {logging_mixin.py:149} INFO - [2026-09-21T00:24:16.213+0000] {dag.py:2726} INFO - Sync 1 DAGs
[2026-09-21T00:24:16.264+0000] {logging_mixin.py:149} INFO - [2026-09-21T00:24:16.264+0000] {dag.py:3490} INFO - Setting next_dagrun for 7-branching to None, run_after=None
[2026-09-21T00:24:16.318+0000] {processor.py:178} INFO - Processing /opt/airflow/dags/7_branch_pythoon_operator.py took 0.243 seconds
[2026-09-21T00:24:46.383+0000] {processor.py:156} INFO - Started process (PID=3724) to work on /opt/airflow/dags/7_branch_pythoon_operator.py
[2026-09-21T00:24:46.387+0000] {processor.py:799} INFO - Processing file /opt/airflow/dags/7_branch_pythoon_operator.py for tasks to queue
[2026-09-21T00:24:46.392+0000] {logging_mixin.py:149} INFO - [2026-09-21T00:24:46.388+0000] {dagbag.py:541} INFO - Filling up the DagBag from /opt/airflow/dags/7_branch_pythoon_operator.py
[2026-09-21T00:24:46.425+0000] {processor.py:809} INFO - DAG(s) dict_keys(['7-branching']) retrieved from /opt/airflow/dags/7_branch_pythoon_operator.py
[2026-09-21T00:24:46.486+0000] {logging_mixin.py:149} INFO - [2026-09-21T00:24:46.486+0000] {dag.py:2726} INFO - Sync 1 DAGs
[2026-09-21T00:24:46.547+0000] {logging_mixin.py:149} INFO - [2026-09-21T00:24:46.547+0000] {dag.py:3490} INFO - Setting next_dagrun for 7-branching to None, run_after=None
[2026-09-21T00:24:46.605+0000] {processor.py:178} INFO - Processing /opt/airflow/dags/7_branch_pythoon_operator.py took 0.230 seconds
[2026-09-21T00:25:16.683+0000] {processor.py:156} INFO - Started process (PID=3734) to work on /opt/airflow/dags/7_branch_pythoon_operator.py
[2026-09-21T00:25:16.686+0000] {processor.py:799} INFO - Processing file /opt/airflow/dags/7_branch_pythoon_operator.py for tasks to queue
[2026-09-21T00:25:16.687+0000] {logging_mixin.py:149} INFO - [2026-09-21T00:25:16.687+0000] {dagbag.py:541} INFO - Filling up the DagBag from /opt/airflow/dags/7_branch_pythoon_operator.py
[2026-09-21T00:25:16.711+0000] {processor.py:809} INFO - DAG(s) dict_keys(['7-branching']) retrieved from /opt/airflow/dags/7_branch_pythoon_operator.py
[2026-09-21T00:25:16.788+0000] {logging_mixin.py:149} INFO - [2026-09-21T00:25:16.785+0000] {dag.py:2726} INFO - Sync 1 DAGs
[2026-09-21T00:25:16.846+0000] {logging_mixin.py:149} INFO - [2026-09-21T00:25:16.846+0000] {dag.py:3490} INFO - Setting next_dagrun for 7-branching to None, run_after=None
[2026-09-21T00:25:16.887+0000] {processor.py:178} INFO - Processing /opt/airflow/dags/7_branch_pythoon_operator.py took 0.210 seconds
[2026-09-21T00:25:47.075+0000] {processor.py:156} INFO - Started process (PID=3744) to work on /opt/airflow/dags/7_branch_pythoon_operator.py
[2026-09-21T00:25:47.077+0000] {processor.py:799} INFO - Processing file /opt/airflow/dags/7_branch_pythoon_operator.py for tasks to queue
[2026-09-21T00:25:47.078+0000] {logging_mixin.py:149} INFO - [2026-09-21T00:25:47.078+0000] {dagbag.py:541} INFO - Filling up the DagBag from /opt/airflow/dags/7_branch_pythoon_operator.py
[2026-09-21T00:25:47.100+0000] {processor.py:809} INFO - DAG(s) dict_keys(['7-branching']) retrieved from /opt/airflow/dags/7_branch_pythoon_operator.py
[2026-09-21T00:25:47.149+0000] {logging_mixin.py:149} INFO - [2026-09-21T00:25:47.149+0000] {dag.py:2726} INFO - Sync 1 DAGs
[2026-09-21T00:25:47.199+0000] {logging_mixin.py:149} INFO - [2026-09-21T00:25:47.199+0000] {dag.py:3490} INFO - Setting next_dagrun for 7-branching to None, run_after=None
[2026-09-21T00:25:47.249+0000] {processor.py:178} INFO - Processing /opt/airflow/dags/7_branch_pythoon_operator.py took 0.182 seconds
[2026-09-21T00:26:18.220+0000] {processor.py:156} INFO - Started process (PID=3754) to work on /opt/airflow/dags/7_branch_pythoon_operator.py
[2026-09-21T00:26:18.222+0000] {processor.py:799} INFO - Processing file /opt/airflow/dags/7_branch_pythoon_operator.py for tasks to queue
[2026-09-21T00:26:18.224+0000] {logging_mixin.py:149} INFO - [2026-09-21T00:26:18.224+0000] {dagbag.py:541} INFO - Filling up the DagBag from /opt/airflow/dags/7_branch_pythoon_operator.py
[2026-09-21T00:26:18.248+0000] {processor.py:809} INFO - DAG(s) dict_keys(['7-branching']) retrieved from /opt/airflow/dags/7_branch_pythoon_operator.py
[2026-09-21T00:26:18.315+0000] {logging_mixin.py:149} INFO - [2026-09-21T00:26:18.315+0000] {dag.py:2726} INFO - Sync 1 DAGs
[2026-09-21T00:26:18.418+0000] {logging_mixin.py:149} INFO - [2026-09-21T00:26:18.417+0000] {dag.py:3490} INFO - Setting next_dagrun for 7-branching to None, run_after=None
[2026-09-21T00:26:18.484+0000] {processor.py:178} INFO - Processing /opt/airflow/dags/7_branch_pythoon_operator.py took 0.270 seconds
[2026-09-21T00:26:48.614+0000] {processor.py:156} INFO - Started process (PID=3764) to work on /opt/airflow/dags/7_branch_pythoon_operator.py
[2026-09-21T00:26:48.618+0000] {processor.py:799} INFO - Processing file /opt/airflow/dags/7_branch_pythoon_operator.py for tasks to queue
[2026-09-21T00:26:48.620+0000] {logging_mixin.py:149} INFO - [2026-09-21T00:26:48.619+0000] {dagbag.py:541} INFO - Filling up the DagBag from /opt/airflow/dags/7_branch_pythoon_operator.py
[2026-09-21T00:26:48.660+0000] {processor.py:809} INFO - DAG(s) dict_keys(['7-branching']) retrieved from /opt/airflow/dags/7_branch_pythoon_operator.py
[2026-09-21T00:26:48.739+0000] {logging_mixin.py:149} INFO - [2026-09-21T00:26:48.739+0000] {dag.py:2726} INFO - Sync 1 DAGs
[2026-09-21T00:26:48.805+0000] {logging_mixin.py:149} INFO - [2026-09-21T00:26:48.805+0000] {dag.py:3490} INFO - Setting next_dagrun for 7-branching to None, run_after=None
[2026-09-21T00:26:48.873+0000] {processor.py:178} INFO - Processing /opt/airflow/dags/7_branch_pythoon_operator.py took 0.260 seconds
[2026-09-21T00:27:18.957+0000] {processor.py:156} INFO - Started process (PID=3774) to work on /opt/airflow/dags/7_branch_pythoon_operator.py
[2026-09-21T00:27:18.960+0000] {processor.py:799} INFO - Processing file /opt/airflow/dags/7_branch_pythoon_operator.py for tasks to queue
[2026-09-21T00:27:18.961+0000] {logging_mixin.py:149} INFO - [2026-09-21T00:27:18.961+0000] {dagbag.py:541} INFO - Filling up the DagBag from /opt/airflow/dags/7_branch_pythoon_operator.py
[2026-09-21T00:27:18.992+0000] {processor.py:809} INFO - DAG(s) dict_keys(['7-branching']) retrieved from /opt/airflow/dags/7_branch_pythoon_operator.py
[2026-09-21T00:27:19.112+0000] {logging_mixin.py:149} INFO - [2026-09-21T00:27:19.109+0000] {dag.py:2726} INFO - Sync 1 DAGs
[2026-09-21T00:27:19.231+0000] {logging_mixin.py:149} INFO - [2026-09-21T00:27:19.231+0000] {dag.py:3490} INFO - Setting next_dagrun for 7-branching to None, run_after=None
[2026-09-21T00:27:19.307+0000] {processor.py:178} INFO - Processing /opt/airflow/dags/7_branch_pythoon_operator.py took 0.358 seconds
[2026-09-21T00:27:49.486+0000] {processor.py:156} INFO - Started process (PID=3784) to work on /opt/airflow/dags/7_branch_pythoon_operator.py
[2026-09-21T00:27:49.488+0000] {processor.py:799} INFO - Processing file /opt/airflow/dags/7_branch_pythoon_operator.py for tasks to queue
[2026-09-21T00:27:49.489+0000] {logging_mixin.py:149} INFO - [2026-09-21T00:27:49.489+0000] {dagbag.py:541} INFO - Filling up the DagBag from /opt/airflow/dags/7_branch_pythoon_operator.py
[2026-09-21T00:27:49.511+0000] {processor.py:809} INFO - DAG(s) dict_keys(['7-branching']) retrieved from /opt/airflow/dags/7_branch_pythoon_operator.py
[2026-09-21T00:27:49.568+0000] {logging_mixin.py:149} INFO - [2026-09-21T00:27:49.568+0000] {dag.py:2726} INFO - Sync 1 DAGs
[2026-09-21T00:27:49.609+0000] {logging_mixin.py:149} INFO - [2026-09-21T00:27:49.608+0000] {dag.py:3490} INFO - Setting next_dagrun for 7-branching to None, run_after=None
[2026-09-21T00:27:49.711+0000] {processor.py:178} INFO - Processing /opt/airflow/dags/7_branch_pythoon_operator.py took 0.231 seconds
[2026-09-21T00:28:19.954+0000] {processor.py:156} INFO - Started process (PID=3795) to work on /opt/airflow/dags/7_branch_pythoon_operator.py
[2026-09-21T00:28:19.958+0000] {processor.py:799} INFO - Processing file /opt/airflow/dags/7_branch_pythoon_operator.py for tasks to queue
[2026-09-21T00:28:19.960+0000] {logging_mixin.py:149} INFO - [2026-09-21T00:28:19.960+0000] {dagbag.py:541} INFO - Filling up the DagBag from /opt/airflow/dags/7_branch_pythoon_operator.py
[2026-09-21T00:28:20.005+0000] {processor.py:809} INFO - DAG(s) dict_keys(['7-branching']) retrieved from /opt/airflow/dags/7_branch_pythoon_operator.py
[2026-09-21T00:28:20.093+0000] {logging_mixin.py:149} INFO - [2026-09-21T00:28:20.092+0000] {dag.py:2726} INFO - Sync 1 DAGs
[2026-09-21T00:28:20.151+0000] {logging_mixin.py:149} INFO - [2026-09-21T00:28:20.151+0000] {dag.py:3490} INFO - Setting next_dagrun for 7-branching to None, run_after=None
[2026-09-21T00:28:20.196+0000] {processor.py:178} INFO - Processing /opt/airflow/dags/7_branch_pythoon_operator.py took 0.250 seconds
[2026-09-21T00:28:50.240+0000] {processor.py:156} INFO - Started process (PID=3805) to work on /opt/airflow/dags/7_branch_pythoon_operator.py
[2026-09-21T00:28:50.242+0000] {processor.py:799} INFO - Processing file /opt/airflow/dags/7_branch_pythoon_operator.py for tasks to queue
[2026-09-21T00:28:50.243+0000] {logging_mixin.py:149} INFO - [2026-09-21T00:28:50.243+0000] {dagbag.py:541} INFO - Filling up the DagBag from /opt/airflow/dags/7_branch_pythoon_operator.py
[2026-09-21T00:28:50.265+0000] {processor.py:809} INFO - DAG(s) dict_keys(['7-branching']) retrieved from /opt/airflow/dags/7_branch_pythoon_operator.py
[2026-09-21T00:28:50.358+0000] {logging_mixin.py:149} INFO - [2026-09-21T00:28:50.357+0000] {dag.py:2726} INFO - Sync 1 DAGs
[2026-09-21T00:28:50.399+0000] {logging_mixin.py:149} INFO - [2026-09-21T00:28:50.399+0000] {dag.py:3490} INFO - Setting next_dagrun for 7-branching to None, run_after=None
[2026-09-21T00:28:50.443+0000] {processor.py:178} INFO - Processing /opt/airflow/dags/7_branch_pythoon_operator.py took 0.212 seconds
[2026-09-21T00:29:20.697+0000] {processor.py:156} INFO - Started process (PID=3815) to work on /opt/airflow/dags/7_branch_pythoon_operator.py
[2026-09-21T00:29:20.709+0000] {processor.py:799} INFO - Processing file /opt/airflow/dags/7_branch_pythoon_operator.py for tasks to queue
[2026-09-21T00:29:20.710+0000] {logging_mixin.py:149} INFO - [2026-09-21T00:29:20.710+0000] {dagbag.py:541} INFO - Filling up the DagBag from /opt/airflow/dags/7_branch_pythoon_operator.py
[2026-09-21T00:29:20.747+0000] {processor.py:809} INFO - DAG(s) dict_keys(['7-branching']) retrieved from /opt/airflow/dags/7_branch_pythoon_operator.py
[2026-09-21T00:29:20.814+0000] {logging_mixin.py:149} INFO - [2026-09-21T00:29:20.813+0000] {dag.py:2726} INFO - Sync 1 DAGs
[2026-09-21T00:29:20.859+0000] {logging_mixin.py:149} INFO - [2026-09-21T00:29:20.858+0000] {dag.py:3490} INFO - Setting next_dagrun for 7-branching to None, run_after=None
[2026-09-21T00:29:20.904+0000] {processor.py:178} INFO - Processing /opt/airflow/dags/7_branch_pythoon_operator.py took 0.216 seconds
[2026-09-21T00:29:51.573+0000] {processor.py:156} INFO - Started process (PID=3824) to work on /opt/airflow/dags/7_branch_pythoon_operator.py
[2026-09-21T00:29:51.576+0000] {processor.py:799} INFO - Processing file /opt/airflow/dags/7_branch_pythoon_operator.py for tasks to queue
[2026-09-21T00:29:51.578+0000] {logging_mixin.py:149} INFO - [2026-09-21T00:29:51.578+0000] {dagbag.py:541} INFO - Filling up the DagBag from /opt/airflow/dags/7_branch_pythoon_operator.py
[2026-09-21T00:29:51.612+0000] {processor.py:809} INFO - DAG(s) dict_keys(['7-branching']) retrieved from /opt/airflow/dags/7_branch_pythoon_operator.py
[2026-09-21T00:29:51.680+0000] {logging_mixin.py:149} INFO - [2026-09-21T00:29:51.680+0000] {dag.py:2726} INFO - Sync 1 DAGs
[2026-09-21T00:29:51.720+0000] {logging_mixin.py:149} INFO - [2026-09-21T00:29:51.720+0000] {dag.py:3490} INFO - Setting next_dagrun for 7-branching to None, run_after=None
[2026-09-21T00:29:51.762+0000] {processor.py:178} INFO - Processing /opt/airflow/dags/7_branch_pythoon_operator.py took 0.202 seconds
[2026-09-21T00:30:22.061+0000] {processor.py:156} INFO - Started process (PID=3834) to work on /opt/airflow/dags/7_branch_pythoon_operator.py
[2026-09-21T00:30:22.063+0000] {processor.py:799} INFO - Processing file /opt/airflow/dags/7_branch_pythoon_operator.py for tasks to queue
[2026-09-21T00:30:22.064+0000] {logging_mixin.py:149} INFO - [2026-09-21T00:30:22.064+0000] {dagbag.py:541} INFO - Filling up the DagBag from /opt/airflow/dags/7_branch_pythoon_operator.py
[2026-09-21T00:30:22.090+0000] {processor.py:809} INFO - DAG(s) dict_keys(['7-branching']) retrieved from /opt/airflow/dags/7_branch_pythoon_operator.py
[2026-09-21T00:30:22.141+0000] {logging_mixin.py:149} INFO - [2026-09-21T00:30:22.141+0000] {dag.py:2726} INFO - Sync 1 DAGs
[2026-09-21T00:30:22.183+0000] {logging_mixin.py:149} INFO - [2026-09-21T00:30:22.183+0000] {dag.py:3490} INFO - Setting next_dagrun for 7-branching to None, run_after=None
[2026-09-21T00:30:22.239+0000] {processor.py:178} INFO - Processing /opt/airflow/dags/7_branch_pythoon_operator.py took 0.188 seconds
[2026-09-21T00:30:52.603+0000] {processor.py:156} INFO - Started process (PID=3844) to work on /opt/airflow/dags/7_branch_pythoon_operator.py
[2026-09-21T00:30:52.616+0000] {processor.py:799} INFO - Processing file /opt/airflow/dags/7_branch_pythoon_operator.py for tasks to queue
[2026-09-21T00:30:52.617+0000] {logging_mixin.py:149} INFO - [2026-09-21T00:30:52.617+0000] {dagbag.py:541} INFO - Filling up the DagBag from /opt/airflow/dags/7_branch_pythoon_operator.py
[2026-09-21T00:30:52.640+0000] {processor.py:809} INFO - DAG(s) dict_keys(['7-branching']) retrieved from /opt/airflow/dags/7_branch_pythoon_operator.py
[2026-09-21T00:30:52.709+0000] {logging_mixin.py:149} INFO - [2026-09-21T00:30:52.709+0000] {dag.py:2726} INFO - Sync 1 DAGs
[2026-09-21T00:30:52.785+0000] {logging_mixin.py:149} INFO - [2026-09-21T00:30:52.785+0000] {dag.py:3490} INFO - Setting next_dagrun for 7-branching to None, run_after=None
[2026-09-21T00:30:52.840+0000] {processor.py:178} INFO - Processing /opt/airflow/dags/7_branch_pythoon_operator.py took 0.250 seconds
[2026-09-21T00:31:22.912+0000] {processor.py:156} INFO - Started process (PID=3854) to work on /opt/airflow/dags/7_branch_pythoon_operator.py
[2026-09-21T00:31:22.914+0000] {processor.py:799} INFO - Processing file /opt/airflow/dags/7_branch_pythoon_operator.py for tasks to queue
[2026-09-21T00:31:22.916+0000] {logging_mixin.py:149} INFO - [2026-09-21T00:31:22.915+0000] {dagbag.py:541} INFO - Filling up the DagBag from /opt/airflow/dags/7_branch_pythoon_operator.py
[2026-09-21T00:31:22.937+0000] {processor.py:809} INFO - DAG(s) dict_keys(['7-branching']) retrieved from /opt/airflow/dags/7_branch_pythoon_operator.py
[2026-09-21T00:31:23.026+0000] {logging_mixin.py:149} INFO - [2026-09-21T00:31:23.026+0000] {dag.py:2726} INFO - Sync 1 DAGs
[2026-09-21T00:31:23.074+0000] {logging_mixin.py:149} INFO - [2026-09-21T00:31:23.074+0000] {dag.py:3490} INFO - Setting next_dagrun for 7-branching to None, run_after=None
[2026-09-21T00:31:23.129+0000] {processor.py:178} INFO - Processing /opt/airflow/dags/7_branch_pythoon_operator.py took 0.226 seconds
[2026-09-21T00:31:53.271+0000] {processor.py:156} INFO - Started process (PID=3864) to work on /opt/airflow/dags/7_branch_pythoon_operator.py
[2026-09-21T00:31:53.276+0000] {processor.py:799} INFO - Processing file /opt/airflow/dags/7_branch_pythoon_operator.py for tasks to queue
[2026-09-21T00:31:53.277+0000] {logging_mixin.py:149} INFO - [2026-09-21T00:31:53.277+0000] {dagbag.py:541} INFO - Filling up the DagBag from /opt/airflow/dags/7_branch_pythoon_operator.py
[2026-09-21T00:31:53.322+0000] {processor.py:809} INFO - DAG(s) dict_keys(['7-branching']) retrieved from /opt/airflow/dags/7_branch_pythoon_operator.py
[2026-09-21T00:31:53.402+0000] {logging_mixin.py:149} INFO - [2026-09-21T00:31:53.401+0000] {dag.py:2726} INFO - Sync 1 DAGs
[2026-09-21T00:31:53.460+0000] {logging_mixin.py:149} INFO - [2026-09-21T00:31:53.460+0000] {dag.py:3490} INFO - Setting next_dagrun for 7-branching to None, run_after=None
[2026-09-21T00:31:53.498+0000] {processor.py:178} INFO - Processing /opt/airflow/dags/7_branch_pythoon_operator.py took 0.237 seconds
[2026-09-21T00:32:23.683+0000] {processor.py:156} INFO - Started process (PID=3874) to work on /opt/airflow/dags/7_branch_pythoon_operator.py
[2026-09-21T00:32:23.686+0000] {processor.py:799} INFO - Processing file /opt/airflow/dags/7_branch_pythoon_operator.py for tasks to queue
[2026-09-21T00:32:23.688+0000] {logging_mixin.py:149} INFO - [2026-09-21T00:32:23.688+0000] {dagbag.py:541} INFO - Filling up the DagBag from /opt/airflow/dags/7_branch_pythoon_operator.py
[2026-09-21T00:32:23.721+0000] {processor.py:809} INFO - DAG(s) dict_keys(['7-branching']) retrieved from /opt/airflow/dags/7_branch_pythoon_operator.py
[2026-09-21T00:32:23.809+0000] {logging_mixin.py:149} INFO - [2026-09-21T00:32:23.806+0000] {dag.py:2726} INFO - Sync 1 DAGs
[2026-09-21T00:32:23.884+0000] {logging_mixin.py:149} INFO - [2026-09-21T00:32:23.883+0000] {dag.py:3490} INFO - Setting next_dagrun for 7-branching to None, run_after=None
[2026-09-21T00:32:23.924+0000] {processor.py:178} INFO - Processing /opt/airflow/dags/7_branch_pythoon_operator.py took 0.252 seconds
[2026-09-21T00:32:54.196+0000] {processor.py:156} INFO - Started process (PID=3884) to work on /opt/airflow/dags/7_branch_pythoon_operator.py
[2026-09-21T00:32:54.207+0000] {processor.py:799} INFO - Processing file /opt/airflow/dags/7_branch_pythoon_operator.py for tasks to queue
[2026-09-21T00:32:54.208+0000] {logging_mixin.py:149} INFO - [2026-09-21T00:32:54.208+0000] {dagbag.py:541} INFO - Filling up the DagBag from /opt/airflow/dags/7_branch_pythoon_operator.py
[2026-09-21T00:32:54.234+0000] {processor.py:809} INFO - DAG(s) dict_keys(['7-branching']) retrieved from /opt/airflow/dags/7_branch_pythoon_operator.py
[2026-09-21T00:32:54.287+0000] {logging_mixin.py:149} INFO - [2026-09-21T00:32:54.287+0000] {dag.py:2726} INFO - Sync 1 DAGs
[2026-09-21T00:32:54.333+0000] {logging_mixin.py:149} INFO - [2026-09-21T00:32:54.332+0000] {dag.py:3490} INFO - Setting next_dagrun for 7-branching to None, run_after=None
[2026-09-21T00:32:54.381+0000] {processor.py:178} INFO - Processing /opt/airflow/dags/7_branch_pythoon_operator.py took 0.199 seconds
[2026-09-21T00:33:24.501+0000] {processor.py:156} INFO - Started process (PID=3894) to work on /opt/airflow/dags/7_branch_pythoon_operator.py
[2026-09-21T00:33:24.502+0000] {processor.py:799} INFO - Processing file /opt/airflow/dags/7_branch_pythoon_operator.py for tasks to queue
[2026-09-21T00:33:24.503+0000] {logging_mixin.py:149} INFO - [2026-09-21T00:33:24.503+0000] {dagbag.py:541} INFO - Filling up the DagBag from /opt/airflow/dags/7_branch_pythoon_operator.py
[2026-09-21T00:33:24.524+0000] {processor.py:809} INFO - DAG(s) dict_keys(['7-branching']) retrieved from /opt/airflow/dags/7_branch_pythoon_operator.py
[2026-09-21T00:33:24.579+0000] {logging_mixin.py:149} INFO - [2026-09-21T00:33:24.579+0000] {dag.py:2726} INFO - Sync 1 DAGs
[2026-09-21T00:33:24.653+0000] {logging_mixin.py:149} INFO - [2026-09-21T00:33:24.653+0000] {dag.py:3490} INFO - Setting next_dagrun for 7-branching to None, run_after=None
[2026-09-21T00:33:24.710+0000] {processor.py:178} INFO - Processing /opt/airflow/dags/7_branch_pythoon_operator.py took 0.216 seconds
[2026-09-21T00:33:54.871+0000] {processor.py:156} INFO - Started process (PID=3904) to work on /opt/airflow/dags/7_branch_pythoon_operator.py
[2026-09-21T00:33:54.874+0000] {processor.py:799} INFO - Processing file /opt/airflow/dags/7_branch_pythoon_operator.py for tasks to queue
[2026-09-21T00:33:54.875+0000] {logging_mixin.py:149} INFO - [2026-09-21T00:33:54.874+0000] {dagbag.py:541} INFO - Filling up the DagBag from /opt/airflow/dags/7_branch_pythoon_operator.py
[2026-09-21T00:33:54.898+0000] {processor.py:809} INFO - DAG(s) dict_keys(['7-branching']) retrieved from /opt/airflow/dags/7_branch_pythoon_operator.py
[2026-09-21T00:33:54.976+0000] {logging_mixin.py:149} INFO - [2026-09-21T00:33:54.975+0000] {dag.py:2726} INFO - Sync 1 DAGs
[2026-09-21T00:33:55.033+0000] {logging_mixin.py:149} INFO - [2026-09-21T00:33:55.033+0000] {dag.py:3490} INFO - Setting next_dagrun for 7-branching to None, run_after=None
[2026-09-21T00:33:55.087+0000] {processor.py:178} INFO - Processing /opt/airflow/dags/7_branch_pythoon_operator.py took 0.224 seconds
[2026-09-21T00:34:25.267+0000] {processor.py:156} INFO - Started process (PID=3914) to work on /opt/airflow/dags/7_branch_pythoon_operator.py
[2026-09-21T00:34:25.268+0000] {processor.py:799} INFO - Processing file /opt/airflow/dags/7_branch_pythoon_operator.py for tasks to queue
[2026-09-21T00:34:25.283+0000] {logging_mixin.py:149} INFO - [2026-09-21T00:34:25.269+0000] {dagbag.py:541} INFO - Filling up the DagBag from /opt/airflow/dags/7_branch_pythoon_operator.py
[2026-09-21T00:34:25.349+0000] {processor.py:809} INFO - DAG(s) dict_keys(['7-branching']) retrieved from /opt/airflow/dags/7_branch_pythoon_operator.py
[2026-09-21T00:34:25.411+0000] {logging_mixin.py:149} INFO - [2026-09-21T00:34:25.410+0000] {dag.py:2726} INFO - Sync 1 DAGs
[2026-09-21T00:34:25.477+0000] {logging_mixin.py:149} INFO - [2026-09-21T00:34:25.477+0000] {dag.py:3490} INFO - Setting next_dagrun for 7-branching to None, run_after=None
[2026-09-21T00:34:25.546+0000] {processor.py:178} INFO - Processing /opt/airflow/dags/7_branch_pythoon_operator.py took 0.299 seconds
[2026-09-21T00:34:56.516+0000] {processor.py:156} INFO - Started process (PID=3924) to work on /opt/airflow/dags/7_branch_pythoon_operator.py
[2026-09-21T00:34:56.518+0000] {processor.py:799} INFO - Processing file /opt/airflow/dags/7_branch_pythoon_operator.py for tasks to queue
[2026-09-21T00:34:56.520+0000] {logging_mixin.py:149} INFO - [2026-09-21T00:34:56.519+0000] {dagbag.py:541} INFO - Filling up the DagBag from /opt/airflow/dags/7_branch_pythoon_operator.py
[2026-09-21T00:34:56.551+0000] {processor.py:809} INFO - DAG(s) dict_keys(['7-branching']) retrieved from /opt/airflow/dags/7_branch_pythoon_operator.py
[2026-09-21T00:34:56.608+0000] {logging_mixin.py:149} INFO - [2026-09-21T00:34:56.608+0000] {dag.py:2726} INFO - Sync 1 DAGs
[2026-09-21T00:34:56.653+0000] {logging_mixin.py:149} INFO - [2026-09-21T00:34:56.653+0000] {dag.py:3490} INFO - Setting next_dagrun for 7-branching to None, run_after=None
[2026-09-21T00:34:56.687+0000] {processor.py:178} INFO - Processing /opt/airflow/dags/7_branch_pythoon_operator.py took 0.179 seconds
[2026-09-21T00:35:26.829+0000] {processor.py:156} INFO - Started process (PID=3934) to work on /opt/airflow/dags/7_branch_pythoon_operator.py
[2026-09-21T00:35:26.831+0000] {processor.py:799} INFO - Processing file /opt/airflow/dags/7_branch_pythoon_operator.py for tasks to queue
[2026-09-21T00:35:26.832+0000] {logging_mixin.py:149} INFO - [2026-09-21T00:35:26.832+0000] {dagbag.py:541} INFO - Filling up the DagBag from /opt/airflow/dags/7_branch_pythoon_operator.py
[2026-09-21T00:35:26.867+0000] {processor.py:809} INFO - DAG(s) dict_keys(['7-branching']) retrieved from /opt/airflow/dags/7_branch_pythoon_operator.py
[2026-09-21T00:35:26.939+0000] {logging_mixin.py:149} INFO - [2026-09-21T00:35:26.939+0000] {dag.py:2726} INFO - Sync 1 DAGs
[2026-09-21T00:35:27.001+0000] {logging_mixin.py:149} INFO - [2026-09-21T00:35:27.001+0000] {dag.py:3490} INFO - Setting next_dagrun for 7-branching to None, run_after=None
[2026-09-21T00:35:27.057+0000] {processor.py:178} INFO - Processing /opt/airflow/dags/7_branch_pythoon_operator.py took 0.238 seconds
[2026-09-21T00:35:57.142+0000] {processor.py:156} INFO - Started process (PID=3944) to work on /opt/airflow/dags/7_branch_pythoon_operator.py
[2026-09-21T00:35:57.146+0000] {processor.py:799} INFO - Processing file /opt/airflow/dags/7_branch_pythoon_operator.py for tasks to queue
[2026-09-21T00:35:57.148+0000] {logging_mixin.py:149} INFO - [2026-09-21T00:35:57.147+0000] {dagbag.py:541} INFO - Filling up the DagBag from /opt/airflow/dags/7_branch_pythoon_operator.py
[2026-09-21T00:35:57.177+0000] {processor.py:809} INFO - DAG(s) dict_keys(['7-branching']) retrieved from /opt/airflow/dags/7_branch_pythoon_operator.py
[2026-09-21T00:35:57.246+0000] {logging_mixin.py:149} INFO - [2026-09-21T00:35:57.246+0000] {dag.py:2726} INFO - Sync 1 DAGs
[2026-09-21T00:35:57.298+0000] {logging_mixin.py:149} INFO - [2026-09-21T00:35:57.298+0000] {dag.py:3490} INFO - Setting next_dagrun for 7-branching to None, run_after=None
[2026-09-21T00:35:57.344+0000] {processor.py:178} INFO - Processing /opt/airflow/dags/7_branch_pythoon_operator.py took 0.209 seconds
[2026-09-21T00:36:27.468+0000] {processor.py:156} INFO - Started process (PID=3954) to work on /opt/airflow/dags/7_branch_pythoon_operator.py
[2026-09-21T00:36:27.475+0000] {processor.py:799} INFO - Processing file /opt/airflow/dags/7_branch_pythoon_operator.py for tasks to queue
[2026-09-21T00:36:27.476+0000] {logging_mixin.py:149} INFO - [2026-09-21T00:36:27.476+0000] {dagbag.py:541} INFO - Filling up the DagBag from /opt/airflow/dags/7_branch_pythoon_operator.py
[2026-09-21T00:36:27.514+0000] {processor.py:809} INFO - DAG(s) dict_keys(['7-branching']) retrieved from /opt/airflow/dags/7_branch_pythoon_operator.py
[2026-09-21T00:36:27.566+0000] {logging_mixin.py:149} INFO - [2026-09-21T00:36:27.566+0000] {dag.py:2726} INFO - Sync 1 DAGs
[2026-09-21T00:36:27.603+0000] {logging_mixin.py:149} INFO - [2026-09-21T00:36:27.602+0000] {dag.py:3490} INFO - Setting next_dagrun for 7-branching to None, run_after=None
[2026-09-21T00:36:27.628+0000] {processor.py:178} INFO - Processing /opt/airflow/dags/7_branch_pythoon_operator.py took 0.171 seconds
[2026-09-21T00:36:57.748+0000] {processor.py:156} INFO - Started process (PID=3964) to work on /opt/airflow/dags/7_branch_pythoon_operator.py
[2026-09-21T00:36:57.750+0000] {processor.py:799} INFO - Processing file /opt/airflow/dags/7_branch_pythoon_operator.py for tasks to queue
[2026-09-21T00:36:57.755+0000] {logging_mixin.py:149} INFO - [2026-09-21T00:36:57.755+0000] {dagbag.py:541} INFO - Filling up the DagBag from /opt/airflow/dags/7_branch_pythoon_operator.py
[2026-09-21T00:36:57.781+0000] {processor.py:809} INFO - DAG(s) dict_keys(['7-branching']) retrieved from /opt/airflow/dags/7_branch_pythoon_operator.py
[2026-09-21T00:36:57.880+0000] {logging_mixin.py:149} INFO - [2026-09-21T00:36:57.880+0000] {dag.py:2726} INFO - Sync 1 DAGs
[2026-09-21T00:36:57.977+0000] {logging_mixin.py:149} INFO - [2026-09-21T00:36:57.976+0000] {dag.py:3490} INFO - Setting next_dagrun for 7-branching to None, run_after=None
[2026-09-21T00:36:58.030+0000] {processor.py:178} INFO - Processing /opt/airflow/dags/7_branch_pythoon_operator.py took 0.301 seconds
[2026-09-21T00:37:28.102+0000] {processor.py:156} INFO - Started process (PID=3974) to work on /opt/airflow/dags/7_branch_pythoon_operator.py
[2026-09-21T00:37:28.103+0000] {processor.py:799} INFO - Processing file /opt/airflow/dags/7_branch_pythoon_operator.py for tasks to queue
[2026-09-21T00:37:28.104+0000] {logging_mixin.py:149} INFO - [2026-09-21T00:37:28.104+0000] {dagbag.py:541} INFO - Filling up the DagBag from /opt/airflow/dags/7_branch_pythoon_operator.py
[2026-09-21T00:37:28.138+0000] {processor.py:809} INFO - DAG(s) dict_keys(['7-branching']) retrieved from /opt/airflow/dags/7_branch_pythoon_operator.py
[2026-09-21T00:37:28.235+0000] {logging_mixin.py:149} INFO - [2026-09-21T00:37:28.235+0000] {dag.py:2726} INFO - Sync 1 DAGs
[2026-09-21T00:37:28.329+0000] {logging_mixin.py:149} INFO - [2026-09-21T00:37:28.328+0000] {dag.py:3490} INFO - Setting next_dagrun for 7-branching to None, run_after=None
[2026-09-21T00:37:28.402+0000] {processor.py:178} INFO - Processing /opt/airflow/dags/7_branch_pythoon_operator.py took 0.310 seconds
[2026-09-21T00:37:58.598+0000] {processor.py:156} INFO - Started process (PID=3985) to work on /opt/airflow/dags/7_branch_pythoon_operator.py
[2026-09-21T00:37:58.601+0000] {processor.py:799} INFO - Processing file /opt/airflow/dags/7_branch_pythoon_operator.py for tasks to queue
[2026-09-21T00:37:58.602+0000] {logging_mixin.py:149} INFO - [2026-09-21T00:37:58.602+0000] {dagbag.py:541} INFO - Filling up the DagBag from /opt/airflow/dags/7_branch_pythoon_operator.py
[2026-09-21T00:37:58.626+0000] {processor.py:809} INFO - DAG(s) dict_keys(['7-branching']) retrieved from /opt/airflow/dags/7_branch_pythoon_operator.py
[2026-09-21T00:37:58.688+0000] {logging_mixin.py:149} INFO - [2026-09-21T00:37:58.688+0000] {dag.py:2726} INFO - Sync 1 DAGs
[2026-09-21T00:37:58.735+0000] {logging_mixin.py:149} INFO - [2026-09-21T00:37:58.735+0000] {dag.py:3490} INFO - Setting next_dagrun for 7-branching to None, run_after=None
[2026-09-21T00:37:58.776+0000] {processor.py:178} INFO - Processing /opt/airflow/dags/7_branch_pythoon_operator.py took 0.186 seconds
[2026-09-21T00:38:29.036+0000] {processor.py:156} INFO - Started process (PID=3995) to work on /opt/airflow/dags/7_branch_pythoon_operator.py
[2026-09-21T00:38:29.087+0000] {processor.py:799} INFO - Processing file /opt/airflow/dags/7_branch_pythoon_operator.py for tasks to queue
[2026-09-21T00:38:29.089+0000] {logging_mixin.py:149} INFO - [2026-09-21T00:38:29.088+0000] {dagbag.py:541} INFO - Filling up the DagBag from /opt/airflow/dags/7_branch_pythoon_operator.py
[2026-09-21T00:38:29.119+0000] {processor.py:809} INFO - DAG(s) dict_keys(['7-branching']) retrieved from /opt/airflow/dags/7_branch_pythoon_operator.py
[2026-09-21T00:38:29.213+0000] {logging_mixin.py:149} INFO - [2026-09-21T00:38:29.213+0000] {dag.py:2726} INFO - Sync 1 DAGs
[2026-09-21T00:38:29.254+0000] {logging_mixin.py:149} INFO - [2026-09-21T00:38:29.254+0000] {dag.py:3490} INFO - Setting next_dagrun for 7-branching to None, run_after=None
[2026-09-21T00:38:29.322+0000] {processor.py:178} INFO - Processing /opt/airflow/dags/7_branch_pythoon_operator.py took 0.304 seconds
[2026-09-21T00:38:59.602+0000] {processor.py:156} INFO - Started process (PID=4004) to work on /opt/airflow/dags/7_branch_pythoon_operator.py
[2026-09-21T00:38:59.605+0000] {processor.py:799} INFO - Processing file /opt/airflow/dags/7_branch_pythoon_operator.py for tasks to queue
[2026-09-21T00:38:59.606+0000] {logging_mixin.py:149} INFO - [2026-09-21T00:38:59.606+0000] {dagbag.py:541} INFO - Filling up the DagBag from /opt/airflow/dags/7_branch_pythoon_operator.py
[2026-09-21T00:38:59.639+0000] {processor.py:809} INFO - DAG(s) dict_keys(['7-branching']) retrieved from /opt/airflow/dags/7_branch_pythoon_operator.py
[2026-09-21T00:38:59.715+0000] {logging_mixin.py:149} INFO - [2026-09-21T00:38:59.714+0000] {dag.py:2726} INFO - Sync 1 DAGs
[2026-09-21T00:38:59.801+0000] {logging_mixin.py:149} INFO - [2026-09-21T00:38:59.801+0000] {dag.py:3490} INFO - Setting next_dagrun for 7-branching to None, run_after=None
[2026-09-21T00:38:59.853+0000] {processor.py:178} INFO - Processing /opt/airflow/dags/7_branch_pythoon_operator.py took 0.263 seconds
[2026-09-21T00:39:29.894+0000] {processor.py:156} INFO - Started process (PID=4014) to work on /opt/airflow/dags/7_branch_pythoon_operator.py
[2026-09-21T00:39:29.895+0000] {processor.py:799} INFO - Processing file /opt/airflow/dags/7_branch_pythoon_operator.py for tasks to queue
[2026-09-21T00:39:29.896+0000] {logging_mixin.py:149} INFO - [2026-09-21T00:39:29.896+0000] {dagbag.py:541} INFO - Filling up the DagBag from /opt/airflow/dags/7_branch_pythoon_operator.py
[2026-09-21T00:39:29.919+0000] {processor.py:809} INFO - DAG(s) dict_keys(['7-branching']) retrieved from /opt/airflow/dags/7_branch_pythoon_operator.py
[2026-09-21T00:39:29.995+0000] {logging_mixin.py:149} INFO - [2026-09-21T00:39:29.995+0000] {dag.py:2726} INFO - Sync 1 DAGs
[2026-09-21T00:39:30.041+0000] {logging_mixin.py:149} INFO - [2026-09-21T00:39:30.041+0000] {dag.py:3490} INFO - Setting next_dagrun for 7-branching to None, run_after=None
[2026-09-21T00:39:30.092+0000] {processor.py:178} INFO - Processing /opt/airflow/dags/7_branch_pythoon_operator.py took 0.205 seconds
[2026-09-21T00:40:00.312+0000] {processor.py:156} INFO - Started process (PID=4024) to work on /opt/airflow/dags/7_branch_pythoon_operator.py
[2026-09-21T00:40:00.314+0000] {processor.py:799} INFO - Processing file /opt/airflow/dags/7_branch_pythoon_operator.py for tasks to queue
[2026-09-21T00:40:00.316+0000] {logging_mixin.py:149} INFO - [2026-09-21T00:40:00.315+0000] {dagbag.py:541} INFO - Filling up the DagBag from /opt/airflow/dags/7_branch_pythoon_operator.py
[2026-09-21T00:40:00.339+0000] {processor.py:809} INFO - DAG(s) dict_keys(['7-branching']) retrieved from /opt/airflow/dags/7_branch_pythoon_operator.py
[2026-09-21T00:40:00.389+0000] {logging_mixin.py:149} INFO - [2026-09-21T00:40:00.389+0000] {dag.py:2726} INFO - Sync 1 DAGs
[2026-09-21T00:40:00.430+0000] {logging_mixin.py:149} INFO - [2026-09-21T00:40:00.430+0000] {dag.py:3490} INFO - Setting next_dagrun for 7-branching to None, run_after=None
[2026-09-21T00:40:00.458+0000] {processor.py:178} INFO - Processing /opt/airflow/dags/7_branch_pythoon_operator.py took 0.154 seconds
[2026-09-21T00:40:30.603+0000] {processor.py:156} INFO - Started process (PID=4034) to work on /opt/airflow/dags/7_branch_pythoon_operator.py
[2026-09-21T00:40:30.604+0000] {processor.py:799} INFO - Processing file /opt/airflow/dags/7_branch_pythoon_operator.py for tasks to queue
[2026-09-21T00:40:30.605+0000] {logging_mixin.py:149} INFO - [2026-09-21T00:40:30.605+0000] {dagbag.py:541} INFO - Filling up the DagBag from /opt/airflow/dags/7_branch_pythoon_operator.py
[2026-09-21T00:40:30.636+0000] {processor.py:809} INFO - DAG(s) dict_keys(['7-branching']) retrieved from /opt/airflow/dags/7_branch_pythoon_operator.py
[2026-09-21T00:40:30.704+0000] {logging_mixin.py:149} INFO - [2026-09-21T00:40:30.703+0000] {dag.py:2726} INFO - Sync 1 DAGs
[2026-09-21T00:40:30.757+0000] {logging_mixin.py:149} INFO - [2026-09-21T00:40:30.757+0000] {dag.py:3490} INFO - Setting next_dagrun for 7-branching to None, run_after=None
[2026-09-21T00:40:30.804+0000] {processor.py:178} INFO - Processing /opt/airflow/dags/7_branch_pythoon_operator.py took 0.210 seconds
[2026-09-21T00:41:01.022+0000] {processor.py:156} INFO - Started process (PID=4044) to work on /opt/airflow/dags/7_branch_pythoon_operator.py
[2026-09-21T00:41:01.027+0000] {processor.py:799} INFO - Processing file /opt/airflow/dags/7_branch_pythoon_operator.py for tasks to queue
[2026-09-21T00:41:01.034+0000] {logging_mixin.py:149} INFO - [2026-09-21T00:41:01.034+0000] {dagbag.py:541} INFO - Filling up the DagBag from /opt/airflow/dags/7_branch_pythoon_operator.py
[2026-09-21T00:41:01.059+0000] {processor.py:809} INFO - DAG(s) dict_keys(['7-branching']) retrieved from /opt/airflow/dags/7_branch_pythoon_operator.py
[2026-09-21T00:41:01.126+0000] {logging_mixin.py:149} INFO - [2026-09-21T00:41:01.126+0000] {dag.py:2726} INFO - Sync 1 DAGs
[2026-09-21T00:41:01.174+0000] {logging_mixin.py:149} INFO - [2026-09-21T00:41:01.174+0000] {dag.py:3490} INFO - Setting next_dagrun for 7-branching to None, run_after=None
[2026-09-21T00:41:01.224+0000] {processor.py:178} INFO - Processing /opt/airflow/dags/7_branch_pythoon_operator.py took 0.208 seconds
[2026-09-21T00:41:31.338+0000] {processor.py:156} INFO - Started process (PID=4054) to work on /opt/airflow/dags/7_branch_pythoon_operator.py
[2026-09-21T00:41:31.339+0000] {processor.py:799} INFO - Processing file /opt/airflow/dags/7_branch_pythoon_operator.py for tasks to queue
[2026-09-21T00:41:31.340+0000] {logging_mixin.py:149} INFO - [2026-09-21T00:41:31.340+0000] {dagbag.py:541} INFO - Filling up the DagBag from /opt/airflow/dags/7_branch_pythoon_operator.py
[2026-09-21T00:41:31.362+0000] {processor.py:809} INFO - DAG(s) dict_keys(['7-branching']) retrieved from /opt/airflow/dags/7_branch_pythoon_operator.py
[2026-09-21T00:41:31.439+0000] {logging_mixin.py:149} INFO - [2026-09-21T00:41:31.439+0000] {dag.py:2726} INFO - Sync 1 DAGs
[2026-09-21T00:41:31.489+0000] {logging_mixin.py:149} INFO - [2026-09-21T00:41:31.488+0000] {dag.py:3490} INFO - Setting next_dagrun for 7-branching to None, run_after=None
[2026-09-21T00:41:31.527+0000] {processor.py:178} INFO - Processing /opt/airflow/dags/7_branch_pythoon_operator.py took 0.196 seconds
[2026-09-21T00:42:01.602+0000] {processor.py:156} INFO - Started process (PID=4064) to work on /opt/airflow/dags/7_branch_pythoon_operator.py
[2026-09-21T00:42:01.605+0000] {processor.py:799} INFO - Processing file /opt/airflow/dags/7_branch_pythoon_operator.py for tasks to queue
[2026-09-21T00:42:01.607+0000] {logging_mixin.py:149} INFO - [2026-09-21T00:42:01.607+0000] {dagbag.py:541} INFO - Filling up the DagBag from /opt/airflow/dags/7_branch_pythoon_operator.py
[2026-09-21T00:42:01.630+0000] {processor.py:809} INFO - DAG(s) dict_keys(['7-branching']) retrieved from /opt/airflow/dags/7_branch_pythoon_operator.py
[2026-09-21T00:42:01.709+0000] {logging_mixin.py:149} INFO - [2026-09-21T00:42:01.709+0000] {dag.py:2726} INFO - Sync 1 DAGs
[2026-09-21T00:42:01.751+0000] {logging_mixin.py:149} INFO - [2026-09-21T00:42:01.751+0000] {dag.py:3490} INFO - Setting next_dagrun for 7-branching to None, run_after=None
[2026-09-21T00:42:01.783+0000] {processor.py:178} INFO - Processing /opt/airflow/dags/7_branch_pythoon_operator.py took 0.187 seconds
[2026-09-21T00:42:31.851+0000] {processor.py:156} INFO - Started process (PID=4074) to work on /opt/airflow/dags/7_branch_pythoon_operator.py
[2026-09-21T00:42:31.853+0000] {processor.py:799} INFO - Processing file /opt/airflow/dags/7_branch_pythoon_operator.py for tasks to queue
[2026-09-21T00:42:31.854+0000] {logging_mixin.py:149} INFO - [2026-09-21T00:42:31.854+0000] {dagbag.py:541} INFO - Filling up the DagBag from /opt/airflow/dags/7_branch_pythoon_operator.py
[2026-09-21T00:42:31.878+0000] {processor.py:809} INFO - DAG(s) dict_keys(['7-branching']) retrieved from /opt/airflow/dags/7_branch_pythoon_operator.py
[2026-09-21T00:42:31.935+0000] {logging_mixin.py:149} INFO - [2026-09-21T00:42:31.935+0000] {dag.py:2726} INFO - Sync 1 DAGs
[2026-09-21T00:42:31.978+0000] {logging_mixin.py:149} INFO - [2026-09-21T00:42:31.978+0000] {dag.py:3490} INFO - Setting next_dagrun for 7-branching to None, run_after=None
[2026-09-21T00:42:32.010+0000] {processor.py:178} INFO - Processing /opt/airflow/dags/7_branch_pythoon_operator.py took 0.165 seconds
[2026-09-21T00:43:02.248+0000] {processor.py:156} INFO - Started process (PID=4084) to work on /opt/airflow/dags/7_branch_pythoon_operator.py
[2026-09-21T00:43:02.251+0000] {processor.py:799} INFO - Processing file /opt/airflow/dags/7_branch_pythoon_operator.py for tasks to queue
[2026-09-21T00:43:02.252+0000] {logging_mixin.py:149} INFO - [2026-09-21T00:43:02.252+0000] {dagbag.py:541} INFO - Filling up the DagBag from /opt/airflow/dags/7_branch_pythoon_operator.py
[2026-09-21T00:43:02.276+0000] {processor.py:809} INFO - DAG(s) dict_keys(['7-branching']) retrieved from /opt/airflow/dags/7_branch_pythoon_operator.py
[2026-09-21T00:43:02.353+0000] {logging_mixin.py:149} INFO - [2026-09-21T00:43:02.353+0000] {dag.py:2726} INFO - Sync 1 DAGs
[2026-09-21T00:43:02.442+0000] {logging_mixin.py:149} INFO - [2026-09-21T00:43:02.442+0000] {dag.py:3490} INFO - Setting next_dagrun for 7-branching to None, run_after=None
[2026-09-21T00:43:02.495+0000] {processor.py:178} INFO - Processing /opt/airflow/dags/7_branch_pythoon_operator.py took 0.253 seconds
[2026-09-21T00:43:32.585+0000] {processor.py:156} INFO - Started process (PID=4094) to work on /opt/airflow/dags/7_branch_pythoon_operator.py
[2026-09-21T00:43:32.586+0000] {processor.py:799} INFO - Processing file /opt/airflow/dags/7_branch_pythoon_operator.py for tasks to queue
[2026-09-21T00:43:32.587+0000] {logging_mixin.py:149} INFO - [2026-09-21T00:43:32.587+0000] {dagbag.py:541} INFO - Filling up the DagBag from /opt/airflow/dags/7_branch_pythoon_operator.py
[2026-09-21T00:43:32.636+0000] {processor.py:809} INFO - DAG(s) dict_keys(['7-branching']) retrieved from /opt/airflow/dags/7_branch_pythoon_operator.py
[2026-09-21T00:43:32.723+0000] {logging_mixin.py:149} INFO - [2026-09-21T00:43:32.722+0000] {dag.py:2726} INFO - Sync 1 DAGs
[2026-09-21T00:43:32.804+0000] {logging_mixin.py:149} INFO - [2026-09-21T00:43:32.804+0000] {dag.py:3490} INFO - Setting next_dagrun for 7-branching to None, run_after=None
[2026-09-21T00:43:32.875+0000] {processor.py:178} INFO - Processing /opt/airflow/dags/7_branch_pythoon_operator.py took 0.303 seconds
[2026-09-21T00:44:03.030+0000] {processor.py:156} INFO - Started process (PID=4104) to work on /opt/airflow/dags/7_branch_pythoon_operator.py
[2026-09-21T00:44:03.037+0000] {processor.py:799} INFO - Processing file /opt/airflow/dags/7_branch_pythoon_operator.py for tasks to queue
[2026-09-21T00:44:03.038+0000] {logging_mixin.py:149} INFO - [2026-09-21T00:44:03.038+0000] {dagbag.py:541} INFO - Filling up the DagBag from /opt/airflow/dags/7_branch_pythoon_operator.py
[2026-09-21T00:44:03.068+0000] {processor.py:809} INFO - DAG(s) dict_keys(['7-branching']) retrieved from /opt/airflow/dags/7_branch_pythoon_operator.py
[2026-09-21T00:44:03.119+0000] {logging_mixin.py:149} INFO - [2026-09-21T00:44:03.119+0000] {dag.py:2726} INFO - Sync 1 DAGs
[2026-09-21T00:44:03.160+0000] {logging_mixin.py:149} INFO - [2026-09-21T00:44:03.160+0000] {dag.py:3490} INFO - Setting next_dagrun for 7-branching to None, run_after=None
[2026-09-21T00:44:03.211+0000] {processor.py:178} INFO - Processing /opt/airflow/dags/7_branch_pythoon_operator.py took 0.187 seconds
[2026-09-21T00:44:33.274+0000] {processor.py:156} INFO - Started process (PID=4114) to work on /opt/airflow/dags/7_branch_pythoon_operator.py
[2026-09-21T00:44:33.276+0000] {processor.py:799} INFO - Processing file /opt/airflow/dags/7_branch_pythoon_operator.py for tasks to queue
[2026-09-21T00:44:33.277+0000] {logging_mixin.py:149} INFO - [2026-09-21T00:44:33.277+0000] {dagbag.py:541} INFO - Filling up the DagBag from /opt/airflow/dags/7_branch_pythoon_operator.py
[2026-09-21T00:44:33.316+0000] {processor.py:809} INFO - DAG(s) dict_keys(['7-branching']) retrieved from /opt/airflow/dags/7_branch_pythoon_operator.py
[2026-09-21T00:44:33.375+0000] {logging_mixin.py:149} INFO - [2026-09-21T00:44:33.374+0000] {dag.py:2726} INFO - Sync 1 DAGs
[2026-09-21T00:44:33.431+0000] {logging_mixin.py:149} INFO - [2026-09-21T00:44:33.431+0000] {dag.py:3490} INFO - Setting next_dagrun for 7-branching to None, run_after=None
[2026-09-21T00:44:33.484+0000] {processor.py:178} INFO - Processing /opt/airflow/dags/7_branch_pythoon_operator.py took 0.216 seconds
[2026-09-21T00:45:03.602+0000] {processor.py:156} INFO - Started process (PID=4124) to work on /opt/airflow/dags/7_branch_pythoon_operator.py
[2026-09-21T00:45:03.624+0000] {processor.py:799} INFO - Processing file /opt/airflow/dags/7_branch_pythoon_operator.py for tasks to queue
[2026-09-21T00:45:03.628+0000] {logging_mixin.py:149} INFO - [2026-09-21T00:45:03.627+0000] {dagbag.py:541} INFO - Filling up the DagBag from /opt/airflow/dags/7_branch_pythoon_operator.py
[2026-09-21T00:45:03.654+0000] {processor.py:809} INFO - DAG(s) dict_keys(['7-branching']) retrieved from /opt/airflow/dags/7_branch_pythoon_operator.py
[2026-09-21T00:45:03.723+0000] {logging_mixin.py:149} INFO - [2026-09-21T00:45:03.723+0000] {dag.py:2726} INFO - Sync 1 DAGs
[2026-09-21T00:45:03.769+0000] {logging_mixin.py:149} INFO - [2026-09-21T00:45:03.768+0000] {dag.py:3490} INFO - Setting next_dagrun for 7-branching to None, run_after=None
[2026-09-21T00:45:03.803+0000] {processor.py:178} INFO - Processing /opt/airflow/dags/7_branch_pythoon_operator.py took 0.210 seconds
[2026-09-21T00:45:34.673+0000] {processor.py:156} INFO - Started process (PID=4134) to work on /opt/airflow/dags/7_branch_pythoon_operator.py
[2026-09-21T00:45:34.680+0000] {processor.py:799} INFO - Processing file /opt/airflow/dags/7_branch_pythoon_operator.py for tasks to queue
[2026-09-21T00:45:34.683+0000] {logging_mixin.py:149} INFO - [2026-09-21T00:45:34.683+0000] {dagbag.py:541} INFO - Filling up the DagBag from /opt/airflow/dags/7_branch_pythoon_operator.py
[2026-09-21T00:45:34.712+0000] {processor.py:809} INFO - DAG(s) dict_keys(['7-branching']) retrieved from /opt/airflow/dags/7_branch_pythoon_operator.py
[2026-09-21T00:45:34.750+0000] {logging_mixin.py:149} INFO - [2026-09-21T00:45:34.750+0000] {dag.py:2726} INFO - Sync 1 DAGs
[2026-09-21T00:45:34.783+0000] {logging_mixin.py:149} INFO - [2026-09-21T00:45:34.783+0000] {dag.py:3490} INFO - Setting next_dagrun for 7-branching to None, run_after=None
[2026-09-21T00:45:34.810+0000] {processor.py:178} INFO - Processing /opt/airflow/dags/7_branch_pythoon_operator.py took 0.142 seconds
[2026-09-21T00:46:05.748+0000] {processor.py:156} INFO - Started process (PID=4144) to work on /opt/airflow/dags/7_branch_pythoon_operator.py
[2026-09-21T00:46:05.752+0000] {processor.py:799} INFO - Processing file /opt/airflow/dags/7_branch_pythoon_operator.py for tasks to queue
[2026-09-21T00:46:05.754+0000] {logging_mixin.py:149} INFO - [2026-09-21T00:46:05.754+0000] {dagbag.py:541} INFO - Filling up the DagBag from /opt/airflow/dags/7_branch_pythoon_operator.py
[2026-09-21T00:46:05.796+0000] {processor.py:809} INFO - DAG(s) dict_keys(['7-branching']) retrieved from /opt/airflow/dags/7_branch_pythoon_operator.py
[2026-09-21T00:46:05.857+0000] {logging_mixin.py:149} INFO - [2026-09-21T00:46:05.857+0000] {dag.py:2726} INFO - Sync 1 DAGs
[2026-09-21T00:46:05.897+0000] {logging_mixin.py:149} INFO - [2026-09-21T00:46:05.897+0000] {dag.py:3490} INFO - Setting next_dagrun for 7-branching to None, run_after=None
[2026-09-21T00:46:05.937+0000] {processor.py:178} INFO - Processing /opt/airflow/dags/7_branch_pythoon_operator.py took 0.197 seconds
[2026-09-21T00:46:36.140+0000] {processor.py:156} INFO - Started process (PID=4154) to work on /opt/airflow/dags/7_branch_pythoon_operator.py
[2026-09-21T00:46:36.143+0000] {processor.py:799} INFO - Processing file /opt/airflow/dags/7_branch_pythoon_operator.py for tasks to queue
[2026-09-21T00:46:36.144+0000] {logging_mixin.py:149} INFO - [2026-09-21T00:46:36.144+0000] {dagbag.py:541} INFO - Filling up the DagBag from /opt/airflow/dags/7_branch_pythoon_operator.py
[2026-09-21T00:46:36.169+0000] {processor.py:809} INFO - DAG(s) dict_keys(['7-branching']) retrieved from /opt/airflow/dags/7_branch_pythoon_operator.py
[2026-09-21T00:46:36.259+0000] {logging_mixin.py:149} INFO - [2026-09-21T00:46:36.259+0000] {dag.py:2726} INFO - Sync 1 DAGs
[2026-09-21T00:46:36.314+0000] {logging_mixin.py:149} INFO - [2026-09-21T00:46:36.314+0000] {dag.py:3490} INFO - Setting next_dagrun for 7-branching to None, run_after=None
[2026-09-21T00:46:36.363+0000] {processor.py:178} INFO - Processing /opt/airflow/dags/7_branch_pythoon_operator.py took 0.230 seconds
[2026-09-21T00:47:06.641+0000] {processor.py:156} INFO - Started process (PID=4164) to work on /opt/airflow/dags/7_branch_pythoon_operator.py
[2026-09-21T00:47:06.647+0000] {processor.py:799} INFO - Processing file /opt/airflow/dags/7_branch_pythoon_operator.py for tasks to queue
[2026-09-21T00:47:06.651+0000] {logging_mixin.py:149} INFO - [2026-09-21T00:47:06.651+0000] {dagbag.py:541} INFO - Filling up the DagBag from /opt/airflow/dags/7_branch_pythoon_operator.py
[2026-09-21T00:47:06.691+0000] {processor.py:809} INFO - DAG(s) dict_keys(['7-branching']) retrieved from /opt/airflow/dags/7_branch_pythoon_operator.py
[2026-09-21T00:47:06.779+0000] {logging_mixin.py:149} INFO - [2026-09-21T00:47:06.779+0000] {dag.py:2726} INFO - Sync 1 DAGs
[2026-09-21T00:47:06.822+0000] {logging_mixin.py:149} INFO - [2026-09-21T00:47:06.822+0000] {dag.py:3490} INFO - Setting next_dagrun for 7-branching to None, run_after=None
[2026-09-21T00:47:06.868+0000] {processor.py:178} INFO - Processing /opt/airflow/dags/7_branch_pythoon_operator.py took 0.243 seconds
[2026-09-21T00:47:36.927+0000] {processor.py:156} INFO - Started process (PID=4174) to work on /opt/airflow/dags/7_branch_pythoon_operator.py
[2026-09-21T00:47:36.930+0000] {processor.py:799} INFO - Processing file /opt/airflow/dags/7_branch_pythoon_operator.py for tasks to queue
[2026-09-21T00:47:36.931+0000] {logging_mixin.py:149} INFO - [2026-09-21T00:47:36.931+0000] {dagbag.py:541} INFO - Filling up the DagBag from /opt/airflow/dags/7_branch_pythoon_operator.py
[2026-09-21T00:47:36.955+0000] {processor.py:809} INFO - DAG(s) dict_keys(['7-branching']) retrieved from /opt/airflow/dags/7_branch_pythoon_operator.py
[2026-09-21T00:47:37.029+0000] {logging_mixin.py:149} INFO - [2026-09-21T00:47:37.028+0000] {dag.py:2726} INFO - Sync 1 DAGs
[2026-09-21T00:47:37.069+0000] {logging_mixin.py:149} INFO - [2026-09-21T00:47:37.069+0000] {dag.py:3490} INFO - Setting next_dagrun for 7-branching to None, run_after=None
[2026-09-21T00:47:37.110+0000] {processor.py:178} INFO - Processing /opt/airflow/dags/7_branch_pythoon_operator.py took 0.190 seconds
[2026-09-21T00:48:07.338+0000] {processor.py:156} INFO - Started process (PID=4184) to work on /opt/airflow/dags/7_branch_pythoon_operator.py
[2026-09-21T00:48:07.342+0000] {processor.py:799} INFO - Processing file /opt/airflow/dags/7_branch_pythoon_operator.py for tasks to queue
[2026-09-21T00:48:07.343+0000] {logging_mixin.py:149} INFO - [2026-09-21T00:48:07.343+0000] {dagbag.py:541} INFO - Filling up the DagBag from /opt/airflow/dags/7_branch_pythoon_operator.py
[2026-09-21T00:48:07.386+0000] {processor.py:809} INFO - DAG(s) dict_keys(['7-branching']) retrieved from /opt/airflow/dags/7_branch_pythoon_operator.py
[2026-09-21T00:48:07.512+0000] {logging_mixin.py:149} INFO - [2026-09-21T00:48:07.511+0000] {dag.py:2726} INFO - Sync 1 DAGs
[2026-09-21T00:48:07.590+0000] {logging_mixin.py:149} INFO - [2026-09-21T00:48:07.590+0000] {dag.py:3490} INFO - Setting next_dagrun for 7-branching to None, run_after=None
[2026-09-21T00:48:07.637+0000] {processor.py:178} INFO - Processing /opt/airflow/dags/7_branch_pythoon_operator.py took 0.312 seconds
[2026-09-21T00:48:37.972+0000] {processor.py:156} INFO - Started process (PID=4194) to work on /opt/airflow/dags/7_branch_pythoon_operator.py
[2026-09-21T00:48:37.974+0000] {processor.py:799} INFO - Processing file /opt/airflow/dags/7_branch_pythoon_operator.py for tasks to queue
[2026-09-21T00:48:37.975+0000] {logging_mixin.py:149} INFO - [2026-09-21T00:48:37.974+0000] {dagbag.py:541} INFO - Filling up the DagBag from /opt/airflow/dags/7_branch_pythoon_operator.py
[2026-09-21T00:48:38.061+0000] {processor.py:809} INFO - DAG(s) dict_keys(['7-branching']) retrieved from /opt/airflow/dags/7_branch_pythoon_operator.py
[2026-09-21T00:48:38.194+0000] {logging_mixin.py:149} INFO - [2026-09-21T00:48:38.194+0000] {dag.py:2726} INFO - Sync 1 DAGs
[2026-09-21T00:48:38.302+0000] {logging_mixin.py:149} INFO - [2026-09-21T00:48:38.302+0000] {dag.py:3490} INFO - Setting next_dagrun for 7-branching to None, run_after=None
[2026-09-21T00:48:38.357+0000] {processor.py:178} INFO - Processing /opt/airflow/dags/7_branch_pythoon_operator.py took 0.403 seconds
[2026-09-21T00:49:09.013+0000] {processor.py:156} INFO - Started process (PID=4204) to work on /opt/airflow/dags/7_branch_pythoon_operator.py
[2026-09-21T00:49:09.017+0000] {processor.py:799} INFO - Processing file /opt/airflow/dags/7_branch_pythoon_operator.py for tasks to queue
[2026-09-21T00:49:09.019+0000] {logging_mixin.py:149} INFO - [2026-09-21T00:49:09.018+0000] {dagbag.py:541} INFO - Filling up the DagBag from /opt/airflow/dags/7_branch_pythoon_operator.py
[2026-09-21T00:49:09.060+0000] {processor.py:809} INFO - DAG(s) dict_keys(['7-branching']) retrieved from /opt/airflow/dags/7_branch_pythoon_operator.py
[2026-09-21T00:49:09.144+0000] {logging_mixin.py:149} INFO - [2026-09-21T00:49:09.143+0000] {dag.py:2726} INFO - Sync 1 DAGs
[2026-09-21T00:49:09.214+0000] {logging_mixin.py:149} INFO - [2026-09-21T00:49:09.214+0000] {dag.py:3490} INFO - Setting next_dagrun for 7-branching to None, run_after=None
[2026-09-21T00:49:09.306+0000] {processor.py:178} INFO - Processing /opt/airflow/dags/7_branch_pythoon_operator.py took 0.300 seconds
[2026-09-21T00:49:39.479+0000] {processor.py:156} INFO - Started process (PID=4214) to work on /opt/airflow/dags/7_branch_pythoon_operator.py
[2026-09-21T00:49:39.494+0000] {processor.py:799} INFO - Processing file /opt/airflow/dags/7_branch_pythoon_operator.py for tasks to queue
[2026-09-21T00:49:39.496+0000] {logging_mixin.py:149} INFO - [2026-09-21T00:49:39.495+0000] {dagbag.py:541} INFO - Filling up the DagBag from /opt/airflow/dags/7_branch_pythoon_operator.py
[2026-09-21T00:49:39.530+0000] {processor.py:809} INFO - DAG(s) dict_keys(['7-branching']) retrieved from /opt/airflow/dags/7_branch_pythoon_operator.py
[2026-09-21T00:49:39.601+0000] {logging_mixin.py:149} INFO - [2026-09-21T00:49:39.600+0000] {dag.py:2726} INFO - Sync 1 DAGs
[2026-09-21T00:49:39.674+0000] {logging_mixin.py:149} INFO - [2026-09-21T00:49:39.674+0000] {dag.py:3490} INFO - Setting next_dagrun for 7-branching to None, run_after=None
[2026-09-21T00:49:39.723+0000] {processor.py:178} INFO - Processing /opt/airflow/dags/7_branch_pythoon_operator.py took 0.254 seconds
[2026-09-21T00:50:10.086+0000] {processor.py:156} INFO - Started process (PID=4224) to work on /opt/airflow/dags/7_branch_pythoon_operator.py
[2026-09-21T00:50:10.088+0000] {processor.py:799} INFO - Processing file /opt/airflow/dags/7_branch_pythoon_operator.py for tasks to queue
[2026-09-21T00:50:10.091+0000] {logging_mixin.py:149} INFO - [2026-09-21T00:50:10.091+0000] {dagbag.py:541} INFO - Filling up the DagBag from /opt/airflow/dags/7_branch_pythoon_operator.py
[2026-09-21T00:50:10.117+0000] {processor.py:809} INFO - DAG(s) dict_keys(['7-branching']) retrieved from /opt/airflow/dags/7_branch_pythoon_operator.py
[2026-09-21T00:50:10.194+0000] {logging_mixin.py:149} INFO - [2026-09-21T00:50:10.194+0000] {dag.py:2726} INFO - Sync 1 DAGs
[2026-09-21T00:50:10.280+0000] {logging_mixin.py:149} INFO - [2026-09-21T00:50:10.274+0000] {dag.py:3490} INFO - Setting next_dagrun for 7-branching to None, run_after=None
[2026-09-21T00:50:10.345+0000] {processor.py:178} INFO - Processing /opt/airflow/dags/7_branch_pythoon_operator.py took 0.267 seconds
[2026-09-21T00:50:41.092+0000] {processor.py:156} INFO - Started process (PID=4234) to work on /opt/airflow/dags/7_branch_pythoon_operator.py
[2026-09-21T00:50:41.095+0000] {processor.py:799} INFO - Processing file /opt/airflow/dags/7_branch_pythoon_operator.py for tasks to queue
[2026-09-21T00:50:41.096+0000] {logging_mixin.py:149} INFO - [2026-09-21T00:50:41.096+0000] {dagbag.py:541} INFO - Filling up the DagBag from /opt/airflow/dags/7_branch_pythoon_operator.py
[2026-09-21T00:50:41.118+0000] {processor.py:809} INFO - DAG(s) dict_keys(['7-branching']) retrieved from /opt/airflow/dags/7_branch_pythoon_operator.py
[2026-09-21T00:50:41.176+0000] {logging_mixin.py:149} INFO - [2026-09-21T00:50:41.176+0000] {dag.py:2726} INFO - Sync 1 DAGs
[2026-09-21T00:50:41.234+0000] {logging_mixin.py:149} INFO - [2026-09-21T00:50:41.234+0000] {dag.py:3490} INFO - Setting next_dagrun for 7-branching to None, run_after=None
[2026-09-21T00:50:41.269+0000] {processor.py:178} INFO - Processing /opt/airflow/dags/7_branch_pythoon_operator.py took 0.185 seconds
[2026-09-21T00:51:12.217+0000] {processor.py:156} INFO - Started process (PID=4244) to work on /opt/airflow/dags/7_branch_pythoon_operator.py
[2026-09-21T00:51:12.220+0000] {processor.py:799} INFO - Processing file /opt/airflow/dags/7_branch_pythoon_operator.py for tasks to queue
[2026-09-21T00:51:12.228+0000] {logging_mixin.py:149} INFO - [2026-09-21T00:51:12.227+0000] {dagbag.py:541} INFO - Filling up the DagBag from /opt/airflow/dags/7_branch_pythoon_operator.py
[2026-09-21T00:51:12.251+0000] {processor.py:809} INFO - DAG(s) dict_keys(['7-branching']) retrieved from /opt/airflow/dags/7_branch_pythoon_operator.py
[2026-09-21T00:51:12.298+0000] {logging_mixin.py:149} INFO - [2026-09-21T00:51:12.298+0000] {dag.py:2726} INFO - Sync 1 DAGs
[2026-09-21T00:51:12.343+0000] {logging_mixin.py:149} INFO - [2026-09-21T00:51:12.343+0000] {dag.py:3490} INFO - Setting next_dagrun for 7-branching to None, run_after=None
[2026-09-21T00:51:12.386+0000] {processor.py:178} INFO - Processing /opt/airflow/dags/7_branch_pythoon_operator.py took 0.184 seconds
[2026-09-21T00:51:42.717+0000] {processor.py:156} INFO - Started process (PID=4254) to work on /opt/airflow/dags/7_branch_pythoon_operator.py
[2026-09-21T00:51:42.719+0000] {processor.py:799} INFO - Processing file /opt/airflow/dags/7_branch_pythoon_operator.py for tasks to queue
[2026-09-21T00:51:42.720+0000] {logging_mixin.py:149} INFO - [2026-09-21T00:51:42.720+0000] {dagbag.py:541} INFO - Filling up the DagBag from /opt/airflow/dags/7_branch_pythoon_operator.py
[2026-09-21T00:51:42.751+0000] {processor.py:809} INFO - DAG(s) dict_keys(['7-branching']) retrieved from /opt/airflow/dags/7_branch_pythoon_operator.py
[2026-09-21T00:51:42.850+0000] {logging_mixin.py:149} INFO - [2026-09-21T00:51:42.850+0000] {dag.py:2726} INFO - Sync 1 DAGs
[2026-09-21T00:51:42.907+0000] {logging_mixin.py:149} INFO - [2026-09-21T00:51:42.906+0000] {dag.py:3490} INFO - Setting next_dagrun for 7-branching to None, run_after=None
[2026-09-21T00:51:42.946+0000] {processor.py:178} INFO - Processing /opt/airflow/dags/7_branch_pythoon_operator.py took 0.237 seconds
[2026-09-21T00:52:12.998+0000] {processor.py:156} INFO - Started process (PID=4265) to work on /opt/airflow/dags/7_branch_pythoon_operator.py
[2026-09-21T00:52:13.000+0000] {processor.py:799} INFO - Processing file /opt/airflow/dags/7_branch_pythoon_operator.py for tasks to queue
[2026-09-21T00:52:13.002+0000] {logging_mixin.py:149} INFO - [2026-09-21T00:52:13.002+0000] {dagbag.py:541} INFO - Filling up the DagBag from /opt/airflow/dags/7_branch_pythoon_operator.py
[2026-09-21T00:52:13.052+0000] {processor.py:809} INFO - DAG(s) dict_keys(['7-branching']) retrieved from /opt/airflow/dags/7_branch_pythoon_operator.py
[2026-09-21T00:52:13.121+0000] {logging_mixin.py:149} INFO - [2026-09-21T00:52:13.118+0000] {dag.py:2726} INFO - Sync 1 DAGs
[2026-09-21T00:52:13.169+0000] {logging_mixin.py:149} INFO - [2026-09-21T00:52:13.169+0000] {dag.py:3490} INFO - Setting next_dagrun for 7-branching to None, run_after=None
[2026-09-21T00:52:13.243+0000] {processor.py:178} INFO - Processing /opt/airflow/dags/7_branch_pythoon_operator.py took 0.251 seconds
[2026-09-21T00:52:44.220+0000] {processor.py:156} INFO - Started process (PID=4274) to work on /opt/airflow/dags/7_branch_pythoon_operator.py
[2026-09-21T00:52:44.225+0000] {processor.py:799} INFO - Processing file /opt/airflow/dags/7_branch_pythoon_operator.py for tasks to queue
[2026-09-21T00:52:44.226+0000] {logging_mixin.py:149} INFO - [2026-09-21T00:52:44.226+0000] {dagbag.py:541} INFO - Filling up the DagBag from /opt/airflow/dags/7_branch_pythoon_operator.py
[2026-09-21T00:52:44.253+0000] {processor.py:809} INFO - DAG(s) dict_keys(['7-branching']) retrieved from /opt/airflow/dags/7_branch_pythoon_operator.py
[2026-09-21T00:52:44.363+0000] {logging_mixin.py:149} INFO - [2026-09-21T00:52:44.363+0000] {dag.py:2726} INFO - Sync 1 DAGs
[2026-09-21T00:52:44.429+0000] {logging_mixin.py:149} INFO - [2026-09-21T00:52:44.429+0000] {dag.py:3490} INFO - Setting next_dagrun for 7-branching to None, run_after=None
[2026-09-21T00:52:44.466+0000] {processor.py:178} INFO - Processing /opt/airflow/dags/7_branch_pythoon_operator.py took 0.252 seconds
[2026-09-21T00:53:14.653+0000] {processor.py:156} INFO - Started process (PID=4285) to work on /opt/airflow/dags/7_branch_pythoon_operator.py
[2026-09-21T00:53:14.658+0000] {processor.py:799} INFO - Processing file /opt/airflow/dags/7_branch_pythoon_operator.py for tasks to queue
[2026-09-21T00:53:14.660+0000] {logging_mixin.py:149} INFO - [2026-09-21T00:53:14.659+0000] {dagbag.py:541} INFO - Filling up the DagBag from /opt/airflow/dags/7_branch_pythoon_operator.py
[2026-09-21T00:53:14.697+0000] {processor.py:809} INFO - DAG(s) dict_keys(['7-branching']) retrieved from /opt/airflow/dags/7_branch_pythoon_operator.py
[2026-09-21T00:53:14.755+0000] {logging_mixin.py:149} INFO - [2026-09-21T00:53:14.755+0000] {dag.py:2726} INFO - Sync 1 DAGs
[2026-09-21T00:53:14.801+0000] {logging_mixin.py:149} INFO - [2026-09-21T00:53:14.801+0000] {dag.py:3490} INFO - Setting next_dagrun for 7-branching to None, run_after=None
[2026-09-21T00:53:14.844+0000] {processor.py:178} INFO - Processing /opt/airflow/dags/7_branch_pythoon_operator.py took 0.201 seconds
[2026-09-21T00:53:44.969+0000] {processor.py:156} INFO - Started process (PID=4294) to work on /opt/airflow/dags/7_branch_pythoon_operator.py
[2026-09-21T00:53:44.970+0000] {processor.py:799} INFO - Processing file /opt/airflow/dags/7_branch_pythoon_operator.py for tasks to queue
[2026-09-21T00:53:44.974+0000] {logging_mixin.py:149} INFO - [2026-09-21T00:53:44.974+0000] {dagbag.py:541} INFO - Filling up the DagBag from /opt/airflow/dags/7_branch_pythoon_operator.py
[2026-09-21T00:53:44.996+0000] {processor.py:809} INFO - DAG(s) dict_keys(['7-branching']) retrieved from /opt/airflow/dags/7_branch_pythoon_operator.py
[2026-09-21T00:53:45.065+0000] {logging_mixin.py:149} INFO - [2026-09-21T00:53:45.065+0000] {dag.py:2726} INFO - Sync 1 DAGs
[2026-09-21T00:53:45.109+0000] {logging_mixin.py:149} INFO - [2026-09-21T00:53:45.108+0000] {dag.py:3490} INFO - Setting next_dagrun for 7-branching to None, run_after=None
[2026-09-21T00:53:45.162+0000] {processor.py:178} INFO - Processing /opt/airflow/dags/7_branch_pythoon_operator.py took 0.200 seconds
[2026-09-21T00:54:15.269+0000] {processor.py:156} INFO - Started process (PID=4304) to work on /opt/airflow/dags/7_branch_pythoon_operator.py
[2026-09-21T00:54:15.271+0000] {processor.py:799} INFO - Processing file /opt/airflow/dags/7_branch_pythoon_operator.py for tasks to queue
[2026-09-21T00:54:15.279+0000] {logging_mixin.py:149} INFO - [2026-09-21T00:54:15.279+0000] {dagbag.py:541} INFO - Filling up the DagBag from /opt/airflow/dags/7_branch_pythoon_operator.py
[2026-09-21T00:54:15.395+0000] {processor.py:809} INFO - DAG(s) dict_keys(['7-branching']) retrieved from /opt/airflow/dags/7_branch_pythoon_operator.py
[2026-09-21T00:54:15.477+0000] {logging_mixin.py:149} INFO - [2026-09-21T00:54:15.477+0000] {dag.py:2726} INFO - Sync 1 DAGs
[2026-09-21T00:54:15.527+0000] {logging_mixin.py:149} INFO - [2026-09-21T00:54:15.526+0000] {dag.py:3490} INFO - Setting next_dagrun for 7-branching to None, run_after=None
[2026-09-21T00:54:15.597+0000] {processor.py:178} INFO - Processing /opt/airflow/dags/7_branch_pythoon_operator.py took 0.342 seconds
[2026-09-21T00:54:45.740+0000] {processor.py:156} INFO - Started process (PID=4314) to work on /opt/airflow/dags/7_branch_pythoon_operator.py
[2026-09-21T00:54:45.742+0000] {processor.py:799} INFO - Processing file /opt/airflow/dags/7_branch_pythoon_operator.py for tasks to queue
[2026-09-21T00:54:45.744+0000] {logging_mixin.py:149} INFO - [2026-09-21T00:54:45.744+0000] {dagbag.py:541} INFO - Filling up the DagBag from /opt/airflow/dags/7_branch_pythoon_operator.py
[2026-09-21T00:54:45.777+0000] {processor.py:809} INFO - DAG(s) dict_keys(['7-branching']) retrieved from /opt/airflow/dags/7_branch_pythoon_operator.py
[2026-09-21T00:54:45.861+0000] {logging_mixin.py:149} INFO - [2026-09-21T00:54:45.861+0000] {dag.py:2726} INFO - Sync 1 DAGs
[2026-09-21T00:54:45.912+0000] {logging_mixin.py:149} INFO - [2026-09-21T00:54:45.912+0000] {dag.py:3490} INFO - Setting next_dagrun for 7-branching to None, run_after=None
[2026-09-21T00:54:45.955+0000] {processor.py:178} INFO - Processing /opt/airflow/dags/7_branch_pythoon_operator.py took 0.224 seconds
[2026-09-21T00:55:16.077+0000] {processor.py:156} INFO - Started process (PID=4324) to work on /opt/airflow/dags/7_branch_pythoon_operator.py
[2026-09-21T00:55:16.079+0000] {processor.py:799} INFO - Processing file /opt/airflow/dags/7_branch_pythoon_operator.py for tasks to queue
[2026-09-21T00:55:16.080+0000] {logging_mixin.py:149} INFO - [2026-09-21T00:55:16.079+0000] {dagbag.py:541} INFO - Filling up the DagBag from /opt/airflow/dags/7_branch_pythoon_operator.py
[2026-09-21T00:55:16.111+0000] {processor.py:809} INFO - DAG(s) dict_keys(['7-branching']) retrieved from /opt/airflow/dags/7_branch_pythoon_operator.py
[2026-09-21T00:55:16.171+0000] {logging_mixin.py:149} INFO - [2026-09-21T00:55:16.171+0000] {dag.py:2726} INFO - Sync 1 DAGs
[2026-09-21T00:55:16.238+0000] {logging_mixin.py:149} INFO - [2026-09-21T00:55:16.238+0000] {dag.py:3490} INFO - Setting next_dagrun for 7-branching to None, run_after=None
[2026-09-21T00:55:16.287+0000] {processor.py:178} INFO - Processing /opt/airflow/dags/7_branch_pythoon_operator.py took 0.219 seconds
[2026-09-21T00:55:46.532+0000] {processor.py:156} INFO - Started process (PID=4334) to work on /opt/airflow/dags/7_branch_pythoon_operator.py
[2026-09-21T00:55:46.535+0000] {processor.py:799} INFO - Processing file /opt/airflow/dags/7_branch_pythoon_operator.py for tasks to queue
[2026-09-21T00:55:46.536+0000] {logging_mixin.py:149} INFO - [2026-09-21T00:55:46.536+0000] {dagbag.py:541} INFO - Filling up the DagBag from /opt/airflow/dags/7_branch_pythoon_operator.py
[2026-09-21T00:55:46.554+0000] {processor.py:809} INFO - DAG(s) dict_keys(['7-branching']) retrieved from /opt/airflow/dags/7_branch_pythoon_operator.py
[2026-09-21T00:55:46.603+0000] {logging_mixin.py:149} INFO - [2026-09-21T00:55:46.603+0000] {dag.py:2726} INFO - Sync 1 DAGs
[2026-09-21T00:55:46.639+0000] {logging_mixin.py:149} INFO - [2026-09-21T00:55:46.639+0000] {dag.py:3490} INFO - Setting next_dagrun for 7-branching to None, run_after=None
[2026-09-21T00:55:46.663+0000] {processor.py:178} INFO - Processing /opt/airflow/dags/7_branch_pythoon_operator.py took 0.136 seconds
[2026-09-21T00:56:17.566+0000] {processor.py:156} INFO - Started process (PID=4344) to work on /opt/airflow/dags/7_branch_pythoon_operator.py
[2026-09-21T00:56:17.569+0000] {processor.py:799} INFO - Processing file /opt/airflow/dags/7_branch_pythoon_operator.py for tasks to queue
[2026-09-21T00:56:17.573+0000] {logging_mixin.py:149} INFO - [2026-09-21T00:56:17.572+0000] {dagbag.py:541} INFO - Filling up the DagBag from /opt/airflow/dags/7_branch_pythoon_operator.py
[2026-09-21T00:56:17.597+0000] {processor.py:809} INFO - DAG(s) dict_keys(['7-branching']) retrieved from /opt/airflow/dags/7_branch_pythoon_operator.py
[2026-09-21T00:56:17.699+0000] {logging_mixin.py:149} INFO - [2026-09-21T00:56:17.699+0000] {dag.py:2726} INFO - Sync 1 DAGs
[2026-09-21T00:56:17.759+0000] {logging_mixin.py:149} INFO - [2026-09-21T00:56:17.759+0000] {dag.py:3490} INFO - Setting next_dagrun for 7-branching to None, run_after=None
[2026-09-21T00:56:17.817+0000] {processor.py:178} INFO - Processing /opt/airflow/dags/7_branch_pythoon_operator.py took 0.259 seconds
[2026-09-21T00:56:47.896+0000] {processor.py:156} INFO - Started process (PID=4354) to work on /opt/airflow/dags/7_branch_pythoon_operator.py
[2026-09-21T00:56:47.900+0000] {processor.py:799} INFO - Processing file /opt/airflow/dags/7_branch_pythoon_operator.py for tasks to queue
[2026-09-21T00:56:47.908+0000] {logging_mixin.py:149} INFO - [2026-09-21T00:56:47.906+0000] {dagbag.py:541} INFO - Filling up the DagBag from /opt/airflow/dags/7_branch_pythoon_operator.py
[2026-09-21T00:56:47.935+0000] {processor.py:809} INFO - DAG(s) dict_keys(['7-branching']) retrieved from /opt/airflow/dags/7_branch_pythoon_operator.py
[2026-09-21T00:56:47.983+0000] {logging_mixin.py:149} INFO - [2026-09-21T00:56:47.982+0000] {dag.py:2726} INFO - Sync 1 DAGs
[2026-09-21T00:56:48.030+0000] {logging_mixin.py:149} INFO - [2026-09-21T00:56:48.030+0000] {dag.py:3490} INFO - Setting next_dagrun for 7-branching to None, run_after=None
[2026-09-21T00:56:48.068+0000] {processor.py:178} INFO - Processing /opt/airflow/dags/7_branch_pythoon_operator.py took 0.178 seconds
[2026-09-21T00:57:18.405+0000] {processor.py:156} INFO - Started process (PID=4364) to work on /opt/airflow/dags/7_branch_pythoon_operator.py
[2026-09-21T00:57:18.407+0000] {processor.py:799} INFO - Processing file /opt/airflow/dags/7_branch_pythoon_operator.py for tasks to queue
[2026-09-21T00:57:18.408+0000] {logging_mixin.py:149} INFO - [2026-09-21T00:57:18.408+0000] {dagbag.py:541} INFO - Filling up the DagBag from /opt/airflow/dags/7_branch_pythoon_operator.py
[2026-09-21T00:57:18.429+0000] {processor.py:809} INFO - DAG(s) dict_keys(['7-branching']) retrieved from /opt/airflow/dags/7_branch_pythoon_operator.py
[2026-09-21T00:57:18.513+0000] {logging_mixin.py:149} INFO - [2026-09-21T00:57:18.511+0000] {dag.py:2726} INFO - Sync 1 DAGs
[2026-09-21T00:57:18.670+0000] {logging_mixin.py:149} INFO - [2026-09-21T00:57:18.670+0000] {dag.py:3490} INFO - Setting next_dagrun for 7-branching to None, run_after=None
[2026-09-21T00:57:18.760+0000] {processor.py:178} INFO - Processing /opt/airflow/dags/7_branch_pythoon_operator.py took 0.362 seconds
[2026-09-21T00:57:48.850+0000] {processor.py:156} INFO - Started process (PID=4374) to work on /opt/airflow/dags/7_branch_pythoon_operator.py
[2026-09-21T00:57:48.856+0000] {processor.py:799} INFO - Processing file /opt/airflow/dags/7_branch_pythoon_operator.py for tasks to queue
[2026-09-21T00:57:48.857+0000] {logging_mixin.py:149} INFO - [2026-09-21T00:57:48.857+0000] {dagbag.py:541} INFO - Filling up the DagBag from /opt/airflow/dags/7_branch_pythoon_operator.py
[2026-09-21T00:57:48.883+0000] {processor.py:809} INFO - DAG(s) dict_keys(['7-branching']) retrieved from /opt/airflow/dags/7_branch_pythoon_operator.py
[2026-09-21T00:57:48.964+0000] {logging_mixin.py:149} INFO - [2026-09-21T00:57:48.963+0000] {dag.py:2726} INFO - Sync 1 DAGs
[2026-09-21T00:57:49.057+0000] {logging_mixin.py:149} INFO - [2026-09-21T00:57:49.057+0000] {dag.py:3490} INFO - Setting next_dagrun for 7-branching to None, run_after=None
[2026-09-21T00:57:49.095+0000] {processor.py:178} INFO - Processing /opt/airflow/dags/7_branch_pythoon_operator.py took 0.254 seconds
[2026-09-21T00:58:19.205+0000] {processor.py:156} INFO - Started process (PID=4384) to work on /opt/airflow/dags/7_branch_pythoon_operator.py
[2026-09-21T00:58:19.206+0000] {processor.py:799} INFO - Processing file /opt/airflow/dags/7_branch_pythoon_operator.py for tasks to queue
[2026-09-21T00:58:19.207+0000] {logging_mixin.py:149} INFO - [2026-09-21T00:58:19.207+0000] {dagbag.py:541} INFO - Filling up the DagBag from /opt/airflow/dags/7_branch_pythoon_operator.py
[2026-09-21T00:58:19.237+0000] {processor.py:809} INFO - DAG(s) dict_keys(['7-branching']) retrieved from /opt/airflow/dags/7_branch_pythoon_operator.py
[2026-09-21T00:58:19.283+0000] {logging_mixin.py:149} INFO - [2026-09-21T00:58:19.283+0000] {dag.py:2726} INFO - Sync 1 DAGs
[2026-09-21T00:58:19.326+0000] {logging_mixin.py:149} INFO - [2026-09-21T00:58:19.326+0000] {dag.py:3490} INFO - Setting next_dagrun for 7-branching to None, run_after=None
[2026-09-21T00:58:19.379+0000] {processor.py:178} INFO - Processing /opt/airflow/dags/7_branch_pythoon_operator.py took 0.185 seconds
[2026-09-21T00:58:50.378+0000] {processor.py:156} INFO - Started process (PID=4394) to work on /opt/airflow/dags/7_branch_pythoon_operator.py
[2026-09-21T00:58:50.382+0000] {processor.py:799} INFO - Processing file /opt/airflow/dags/7_branch_pythoon_operator.py for tasks to queue
[2026-09-21T00:58:50.383+0000] {logging_mixin.py:149} INFO - [2026-09-21T00:58:50.383+0000] {dagbag.py:541} INFO - Filling up the DagBag from /opt/airflow/dags/7_branch_pythoon_operator.py
[2026-09-21T00:58:50.409+0000] {processor.py:809} INFO - DAG(s) dict_keys(['7-branching']) retrieved from /opt/airflow/dags/7_branch_pythoon_operator.py
[2026-09-21T00:58:50.453+0000] {logging_mixin.py:149} INFO - [2026-09-21T00:58:50.452+0000] {dag.py:2726} INFO - Sync 1 DAGs
[2026-09-21T00:58:50.493+0000] {logging_mixin.py:149} INFO - [2026-09-21T00:58:50.492+0000] {dag.py:3490} INFO - Setting next_dagrun for 7-branching to None, run_after=None
[2026-09-21T00:58:50.524+0000] {processor.py:178} INFO - Processing /opt/airflow/dags/7_branch_pythoon_operator.py took 0.151 seconds
[2026-09-21T00:59:21.471+0000] {processor.py:156} INFO - Started process (PID=4404) to work on /opt/airflow/dags/7_branch_pythoon_operator.py
[2026-09-21T00:59:21.477+0000] {processor.py:799} INFO - Processing file /opt/airflow/dags/7_branch_pythoon_operator.py for tasks to queue
[2026-09-21T00:59:21.478+0000] {logging_mixin.py:149} INFO - [2026-09-21T00:59:21.477+0000] {dagbag.py:541} INFO - Filling up the DagBag from /opt/airflow/dags/7_branch_pythoon_operator.py
[2026-09-21T00:59:21.568+0000] {processor.py:809} INFO - DAG(s) dict_keys(['7-branching']) retrieved from /opt/airflow/dags/7_branch_pythoon_operator.py
[2026-09-21T00:59:21.721+0000] {logging_mixin.py:149} INFO - [2026-09-21T00:59:21.721+0000] {dag.py:2726} INFO - Sync 1 DAGs
[2026-09-21T00:59:21.794+0000] {logging_mixin.py:149} INFO - [2026-09-21T00:59:21.794+0000] {dag.py:3490} INFO - Setting next_dagrun for 7-branching to None, run_after=None
[2026-09-21T00:59:21.838+0000] {processor.py:178} INFO - Processing /opt/airflow/dags/7_branch_pythoon_operator.py took 0.388 seconds
[2026-09-21T00:59:52.013+0000] {processor.py:156} INFO - Started process (PID=4414) to work on /opt/airflow/dags/7_branch_pythoon_operator.py
[2026-09-21T00:59:52.026+0000] {processor.py:799} INFO - Processing file /opt/airflow/dags/7_branch_pythoon_operator.py for tasks to queue
[2026-09-21T00:59:52.038+0000] {logging_mixin.py:149} INFO - [2026-09-21T00:59:52.037+0000] {dagbag.py:541} INFO - Filling up the DagBag from /opt/airflow/dags/7_branch_pythoon_operator.py
[2026-09-21T00:59:52.101+0000] {processor.py:809} INFO - DAG(s) dict_keys(['7-branching']) retrieved from /opt/airflow/dags/7_branch_pythoon_operator.py
[2026-09-21T00:59:52.202+0000] {logging_mixin.py:149} INFO - [2026-09-21T00:59:52.201+0000] {dag.py:2726} INFO - Sync 1 DAGs
[2026-09-21T00:59:52.272+0000] {logging_mixin.py:149} INFO - [2026-09-21T00:59:52.272+0000] {dag.py:3490} INFO - Setting next_dagrun for 7-branching to None, run_after=None
[2026-09-21T00:59:52.380+0000] {processor.py:178} INFO - Processing /opt/airflow/dags/7_branch_pythoon_operator.py took 0.393 seconds
[2026-09-21T01:00:22.710+0000] {processor.py:156} INFO - Started process (PID=4424) to work on /opt/airflow/dags/7_branch_pythoon_operator.py
[2026-09-21T01:00:22.714+0000] {processor.py:799} INFO - Processing file /opt/airflow/dags/7_branch_pythoon_operator.py for tasks to queue
[2026-09-21T01:00:22.715+0000] {logging_mixin.py:149} INFO - [2026-09-21T01:00:22.715+0000] {dagbag.py:541} INFO - Filling up the DagBag from /opt/airflow/dags/7_branch_pythoon_operator.py
[2026-09-21T01:00:22.745+0000] {processor.py:809} INFO - DAG(s) dict_keys(['7-branching']) retrieved from /opt/airflow/dags/7_branch_pythoon_operator.py
[2026-09-21T01:00:22.843+0000] {logging_mixin.py:149} INFO - [2026-09-21T01:00:22.842+0000] {dag.py:2726} INFO - Sync 1 DAGs
[2026-09-21T01:00:22.976+0000] {logging_mixin.py:149} INFO - [2026-09-21T01:00:22.975+0000] {dag.py:3490} INFO - Setting next_dagrun for 7-branching to None, run_after=None
[2026-09-21T01:00:23.037+0000] {processor.py:178} INFO - Processing /opt/airflow/dags/7_branch_pythoon_operator.py took 0.334 seconds
[2026-09-21T01:00:53.990+0000] {processor.py:156} INFO - Started process (PID=4434) to work on /opt/airflow/dags/7_branch_pythoon_operator.py
[2026-09-21T01:00:53.993+0000] {processor.py:799} INFO - Processing file /opt/airflow/dags/7_branch_pythoon_operator.py for tasks to queue
[2026-09-21T01:00:53.994+0000] {logging_mixin.py:149} INFO - [2026-09-21T01:00:53.994+0000] {dagbag.py:541} INFO - Filling up the DagBag from /opt/airflow/dags/7_branch_pythoon_operator.py
[2026-09-21T01:00:54.029+0000] {processor.py:809} INFO - DAG(s) dict_keys(['7-branching']) retrieved from /opt/airflow/dags/7_branch_pythoon_operator.py
[2026-09-21T01:00:54.087+0000] {logging_mixin.py:149} INFO - [2026-09-21T01:00:54.087+0000] {dag.py:2726} INFO - Sync 1 DAGs
[2026-09-21T01:00:54.143+0000] {logging_mixin.py:149} INFO - [2026-09-21T01:00:54.143+0000] {dag.py:3490} INFO - Setting next_dagrun for 7-branching to None, run_after=None
[2026-09-21T01:00:54.187+0000] {processor.py:178} INFO - Processing /opt/airflow/dags/7_branch_pythoon_operator.py took 0.203 seconds
[2026-09-21T01:01:24.365+0000] {processor.py:156} INFO - Started process (PID=4444) to work on /opt/airflow/dags/7_branch_pythoon_operator.py
[2026-09-21T01:01:24.367+0000] {processor.py:799} INFO - Processing file /opt/airflow/dags/7_branch_pythoon_operator.py for tasks to queue
[2026-09-21T01:01:24.369+0000] {logging_mixin.py:149} INFO - [2026-09-21T01:01:24.368+0000] {dagbag.py:541} INFO - Filling up the DagBag from /opt/airflow/dags/7_branch_pythoon_operator.py
[2026-09-21T01:01:24.397+0000] {processor.py:809} INFO - DAG(s) dict_keys(['7-branching']) retrieved from /opt/airflow/dags/7_branch_pythoon_operator.py
[2026-09-21T01:01:24.482+0000] {logging_mixin.py:149} INFO - [2026-09-21T01:01:24.482+0000] {dag.py:2726} INFO - Sync 1 DAGs
[2026-09-21T01:01:24.561+0000] {logging_mixin.py:149} INFO - [2026-09-21T01:01:24.561+0000] {dag.py:3490} INFO - Setting next_dagrun for 7-branching to None, run_after=None
[2026-09-21T01:01:24.640+0000] {processor.py:178} INFO - Processing /opt/airflow/dags/7_branch_pythoon_operator.py took 0.282 seconds
[2026-09-21T01:01:54.837+0000] {processor.py:156} INFO - Started process (PID=4454) to work on /opt/airflow/dags/7_branch_pythoon_operator.py
[2026-09-21T01:01:54.841+0000] {processor.py:799} INFO - Processing file /opt/airflow/dags/7_branch_pythoon_operator.py for tasks to queue
[2026-09-21T01:01:54.842+0000] {logging_mixin.py:149} INFO - [2026-09-21T01:01:54.842+0000] {dagbag.py:541} INFO - Filling up the DagBag from /opt/airflow/dags/7_branch_pythoon_operator.py
[2026-09-21T01:01:54.870+0000] {processor.py:809} INFO - DAG(s) dict_keys(['7-branching']) retrieved from /opt/airflow/dags/7_branch_pythoon_operator.py
[2026-09-21T01:01:54.989+0000] {logging_mixin.py:149} INFO - [2026-09-21T01:01:54.989+0000] {dag.py:2726} INFO - Sync 1 DAGs
[2026-09-21T01:01:55.119+0000] {logging_mixin.py:149} INFO - [2026-09-21T01:01:55.119+0000] {dag.py:3490} INFO - Setting next_dagrun for 7-branching to None, run_after=None
[2026-09-21T01:01:55.165+0000] {processor.py:178} INFO - Processing /opt/airflow/dags/7_branch_pythoon_operator.py took 0.337 seconds
[2026-09-21T01:02:25.317+0000] {processor.py:156} INFO - Started process (PID=4464) to work on /opt/airflow/dags/7_branch_pythoon_operator.py
[2026-09-21T01:02:25.319+0000] {processor.py:799} INFO - Processing file /opt/airflow/dags/7_branch_pythoon_operator.py for tasks to queue
[2026-09-21T01:02:25.320+0000] {logging_mixin.py:149} INFO - [2026-09-21T01:02:25.320+0000] {dagbag.py:541} INFO - Filling up the DagBag from /opt/airflow/dags/7_branch_pythoon_operator.py
[2026-09-21T01:02:25.344+0000] {processor.py:809} INFO - DAG(s) dict_keys(['7-branching']) retrieved from /opt/airflow/dags/7_branch_pythoon_operator.py
[2026-09-21T01:02:25.424+0000] {logging_mixin.py:149} INFO - [2026-09-21T01:02:25.423+0000] {dag.py:2726} INFO - Sync 1 DAGs
[2026-09-21T01:02:25.498+0000] {logging_mixin.py:149} INFO - [2026-09-21T01:02:25.498+0000] {dag.py:3490} INFO - Setting next_dagrun for 7-branching to None, run_after=None
[2026-09-21T01:02:25.545+0000] {processor.py:178} INFO - Processing /opt/airflow/dags/7_branch_pythoon_operator.py took 0.235 seconds
[2026-09-21T01:02:55.753+0000] {processor.py:156} INFO - Started process (PID=4474) to work on /opt/airflow/dags/7_branch_pythoon_operator.py
[2026-09-21T01:02:55.757+0000] {processor.py:799} INFO - Processing file /opt/airflow/dags/7_branch_pythoon_operator.py for tasks to queue
[2026-09-21T01:02:55.758+0000] {logging_mixin.py:149} INFO - [2026-09-21T01:02:55.758+0000] {dagbag.py:541} INFO - Filling up the DagBag from /opt/airflow/dags/7_branch_pythoon_operator.py
[2026-09-21T01:02:55.855+0000] {processor.py:809} INFO - DAG(s) dict_keys(['7-branching']) retrieved from /opt/airflow/dags/7_branch_pythoon_operator.py
[2026-09-21T01:02:55.926+0000] {logging_mixin.py:149} INFO - [2026-09-21T01:02:55.926+0000] {dag.py:2726} INFO - Sync 1 DAGs
[2026-09-21T01:02:55.982+0000] {logging_mixin.py:149} INFO - [2026-09-21T01:02:55.982+0000] {dag.py:3490} INFO - Setting next_dagrun for 7-branching to None, run_after=None
[2026-09-21T01:02:56.036+0000] {processor.py:178} INFO - Processing /opt/airflow/dags/7_branch_pythoon_operator.py took 0.295 seconds
[2026-09-21T01:03:26.719+0000] {processor.py:156} INFO - Started process (PID=4484) to work on /opt/airflow/dags/7_branch_pythoon_operator.py
[2026-09-21T01:03:26.720+0000] {processor.py:799} INFO - Processing file /opt/airflow/dags/7_branch_pythoon_operator.py for tasks to queue
[2026-09-21T01:03:26.721+0000] {logging_mixin.py:149} INFO - [2026-09-21T01:03:26.721+0000] {dagbag.py:541} INFO - Filling up the DagBag from /opt/airflow/dags/7_branch_pythoon_operator.py
[2026-09-21T01:03:26.742+0000] {processor.py:809} INFO - DAG(s) dict_keys(['7-branching']) retrieved from /opt/airflow/dags/7_branch_pythoon_operator.py
[2026-09-21T01:03:26.813+0000] {logging_mixin.py:149} INFO - [2026-09-21T01:03:26.813+0000] {dag.py:2726} INFO - Sync 1 DAGs
[2026-09-21T01:03:26.880+0000] {logging_mixin.py:149} INFO - [2026-09-21T01:03:26.879+0000] {dag.py:3490} INFO - Setting next_dagrun for 7-branching to None, run_after=None
[2026-09-21T01:03:26.914+0000] {processor.py:178} INFO - Processing /opt/airflow/dags/7_branch_pythoon_operator.py took 0.202 seconds
[2026-09-21T01:03:57.395+0000] {processor.py:156} INFO - Started process (PID=4494) to work on /opt/airflow/dags/7_branch_pythoon_operator.py
[2026-09-21T01:03:57.402+0000] {processor.py:799} INFO - Processing file /opt/airflow/dags/7_branch_pythoon_operator.py for tasks to queue
[2026-09-21T01:03:57.404+0000] {logging_mixin.py:149} INFO - [2026-09-21T01:03:57.403+0000] {dagbag.py:541} INFO - Filling up the DagBag from /opt/airflow/dags/7_branch_pythoon_operator.py
[2026-09-21T01:03:57.433+0000] {processor.py:809} INFO - DAG(s) dict_keys(['7-branching']) retrieved from /opt/airflow/dags/7_branch_pythoon_operator.py
[2026-09-21T01:03:57.498+0000] {logging_mixin.py:149} INFO - [2026-09-21T01:03:57.497+0000] {dag.py:2726} INFO - Sync 1 DAGs
[2026-09-21T01:03:57.569+0000] {logging_mixin.py:149} INFO - [2026-09-21T01:03:57.568+0000] {dag.py:3490} INFO - Setting next_dagrun for 7-branching to None, run_after=None
[2026-09-21T01:03:57.660+0000] {processor.py:178} INFO - Processing /opt/airflow/dags/7_branch_pythoon_operator.py took 0.272 seconds
[2026-09-21T01:04:27.856+0000] {processor.py:156} INFO - Started process (PID=4504) to work on /opt/airflow/dags/7_branch_pythoon_operator.py
[2026-09-21T01:04:27.858+0000] {processor.py:799} INFO - Processing file /opt/airflow/dags/7_branch_pythoon_operator.py for tasks to queue
[2026-09-21T01:04:27.859+0000] {logging_mixin.py:149} INFO - [2026-09-21T01:04:27.859+0000] {dagbag.py:541} INFO - Filling up the DagBag from /opt/airflow/dags/7_branch_pythoon_operator.py
[2026-09-21T01:04:27.913+0000] {processor.py:809} INFO - DAG(s) dict_keys(['7-branching']) retrieved from /opt/airflow/dags/7_branch_pythoon_operator.py
[2026-09-21T01:04:28.013+0000] {logging_mixin.py:149} INFO - [2026-09-21T01:04:28.012+0000] {dag.py:2726} INFO - Sync 1 DAGs
[2026-09-21T01:04:28.105+0000] {logging_mixin.py:149} INFO - [2026-09-21T01:04:28.104+0000] {dag.py:3490} INFO - Setting next_dagrun for 7-branching to None, run_after=None
[2026-09-21T01:04:28.165+0000] {processor.py:178} INFO - Processing /opt/airflow/dags/7_branch_pythoon_operator.py took 0.320 seconds
[2026-09-21T01:04:58.282+0000] {processor.py:156} INFO - Started process (PID=4514) to work on /opt/airflow/dags/7_branch_pythoon_operator.py
[2026-09-21T01:04:58.290+0000] {processor.py:799} INFO - Processing file /opt/airflow/dags/7_branch_pythoon_operator.py for tasks to queue
[2026-09-21T01:04:58.292+0000] {logging_mixin.py:149} INFO - [2026-09-21T01:04:58.291+0000] {dagbag.py:541} INFO - Filling up the DagBag from /opt/airflow/dags/7_branch_pythoon_operator.py
[2026-09-21T01:04:58.340+0000] {processor.py:809} INFO - DAG(s) dict_keys(['7-branching']) retrieved from /opt/airflow/dags/7_branch_pythoon_operator.py
[2026-09-21T01:04:58.448+0000] {logging_mixin.py:149} INFO - [2026-09-21T01:04:58.448+0000] {dag.py:2726} INFO - Sync 1 DAGs
[2026-09-21T01:04:58.497+0000] {logging_mixin.py:149} INFO - [2026-09-21T01:04:58.497+0000] {dag.py:3490} INFO - Setting next_dagrun for 7-branching to None, run_after=None
[2026-09-21T01:04:58.554+0000] {processor.py:178} INFO - Processing /opt/airflow/dags/7_branch_pythoon_operator.py took 0.284 seconds
[2026-09-21T01:05:28.720+0000] {processor.py:156} INFO - Started process (PID=4524) to work on /opt/airflow/dags/7_branch_pythoon_operator.py
[2026-09-21T01:05:28.724+0000] {processor.py:799} INFO - Processing file /opt/airflow/dags/7_branch_pythoon_operator.py for tasks to queue
[2026-09-21T01:05:28.725+0000] {logging_mixin.py:149} INFO - [2026-09-21T01:05:28.725+0000] {dagbag.py:541} INFO - Filling up the DagBag from /opt/airflow/dags/7_branch_pythoon_operator.py
[2026-09-21T01:05:28.761+0000] {processor.py:809} INFO - DAG(s) dict_keys(['7-branching']) retrieved from /opt/airflow/dags/7_branch_pythoon_operator.py
[2026-09-21T01:05:28.831+0000] {logging_mixin.py:149} INFO - [2026-09-21T01:05:28.831+0000] {dag.py:2726} INFO - Sync 1 DAGs
[2026-09-21T01:05:28.879+0000] {logging_mixin.py:149} INFO - [2026-09-21T01:05:28.879+0000] {dag.py:3490} INFO - Setting next_dagrun for 7-branching to None, run_after=None
[2026-09-21T01:05:28.915+0000] {processor.py:178} INFO - Processing /opt/airflow/dags/7_branch_pythoon_operator.py took 0.204 seconds
[2026-09-21T01:05:58.986+0000] {processor.py:156} INFO - Started process (PID=4534) to work on /opt/airflow/dags/7_branch_pythoon_operator.py
[2026-09-21T01:05:58.991+0000] {processor.py:799} INFO - Processing file /opt/airflow/dags/7_branch_pythoon_operator.py for tasks to queue
[2026-09-21T01:05:58.992+0000] {logging_mixin.py:149} INFO - [2026-09-21T01:05:58.992+0000] {dagbag.py:541} INFO - Filling up the DagBag from /opt/airflow/dags/7_branch_pythoon_operator.py
[2026-09-21T01:05:59.015+0000] {processor.py:809} INFO - DAG(s) dict_keys(['7-branching']) retrieved from /opt/airflow/dags/7_branch_pythoon_operator.py
[2026-09-21T01:05:59.084+0000] {logging_mixin.py:149} INFO - [2026-09-21T01:05:59.084+0000] {dag.py:2726} INFO - Sync 1 DAGs
[2026-09-21T01:05:59.133+0000] {logging_mixin.py:149} INFO - [2026-09-21T01:05:59.132+0000] {dag.py:3490} INFO - Setting next_dagrun for 7-branching to None, run_after=None
[2026-09-21T01:05:59.181+0000] {processor.py:178} INFO - Processing /opt/airflow/dags/7_branch_pythoon_operator.py took 0.201 seconds
[2026-09-21T01:06:29.261+0000] {processor.py:156} INFO - Started process (PID=4544) to work on /opt/airflow/dags/7_branch_pythoon_operator.py
[2026-09-21T01:06:29.262+0000] {processor.py:799} INFO - Processing file /opt/airflow/dags/7_branch_pythoon_operator.py for tasks to queue
[2026-09-21T01:06:29.263+0000] {logging_mixin.py:149} INFO - [2026-09-21T01:06:29.263+0000] {dagbag.py:541} INFO - Filling up the DagBag from /opt/airflow/dags/7_branch_pythoon_operator.py
[2026-09-21T01:06:29.294+0000] {processor.py:809} INFO - DAG(s) dict_keys(['7-branching']) retrieved from /opt/airflow/dags/7_branch_pythoon_operator.py
[2026-09-21T01:06:29.368+0000] {logging_mixin.py:149} INFO - [2026-09-21T01:06:29.367+0000] {dag.py:2726} INFO - Sync 1 DAGs
[2026-09-21T01:06:29.415+0000] {logging_mixin.py:149} INFO - [2026-09-21T01:06:29.415+0000] {dag.py:3490} INFO - Setting next_dagrun for 7-branching to None, run_after=None
[2026-09-21T01:06:29.466+0000] {processor.py:178} INFO - Processing /opt/airflow/dags/7_branch_pythoon_operator.py took 0.211 seconds
[2026-09-21T01:06:59.867+0000] {processor.py:156} INFO - Started process (PID=4554) to work on /opt/airflow/dags/7_branch_pythoon_operator.py
[2026-09-21T01:06:59.868+0000] {processor.py:799} INFO - Processing file /opt/airflow/dags/7_branch_pythoon_operator.py for tasks to queue
[2026-09-21T01:06:59.869+0000] {logging_mixin.py:149} INFO - [2026-09-21T01:06:59.869+0000] {dagbag.py:541} INFO - Filling up the DagBag from /opt/airflow/dags/7_branch_pythoon_operator.py
[2026-09-21T01:06:59.903+0000] {processor.py:809} INFO - DAG(s) dict_keys(['7-branching']) retrieved from /opt/airflow/dags/7_branch_pythoon_operator.py
[2026-09-21T01:06:59.954+0000] {logging_mixin.py:149} INFO - [2026-09-21T01:06:59.954+0000] {dag.py:2726} INFO - Sync 1 DAGs
[2026-09-21T01:07:00.007+0000] {logging_mixin.py:149} INFO - [2026-09-21T01:07:00.006+0000] {dag.py:3490} INFO - Setting next_dagrun for 7-branching to None, run_after=None
[2026-09-21T01:07:00.064+0000] {processor.py:178} INFO - Processing /opt/airflow/dags/7_branch_pythoon_operator.py took 0.202 seconds
[2026-09-21T01:07:30.850+0000] {processor.py:156} INFO - Started process (PID=4564) to work on /opt/airflow/dags/7_branch_pythoon_operator.py
[2026-09-21T01:07:30.852+0000] {processor.py:799} INFO - Processing file /opt/airflow/dags/7_branch_pythoon_operator.py for tasks to queue
[2026-09-21T01:07:30.853+0000] {logging_mixin.py:149} INFO - [2026-09-21T01:07:30.853+0000] {dagbag.py:541} INFO - Filling up the DagBag from /opt/airflow/dags/7_branch_pythoon_operator.py
[2026-09-21T01:07:30.887+0000] {processor.py:809} INFO - DAG(s) dict_keys(['7-branching']) retrieved from /opt/airflow/dags/7_branch_pythoon_operator.py
[2026-09-21T01:07:30.983+0000] {logging_mixin.py:149} INFO - [2026-09-21T01:07:30.983+0000] {dag.py:2726} INFO - Sync 1 DAGs
[2026-09-21T01:07:31.051+0000] {logging_mixin.py:149} INFO - [2026-09-21T01:07:31.051+0000] {dag.py:3490} INFO - Setting next_dagrun for 7-branching to None, run_after=None
[2026-09-21T01:07:31.115+0000] {processor.py:178} INFO - Processing /opt/airflow/dags/7_branch_pythoon_operator.py took 0.274 seconds
[2026-09-21T01:08:01.837+0000] {processor.py:156} INFO - Started process (PID=4574) to work on /opt/airflow/dags/7_branch_pythoon_operator.py
[2026-09-21T01:08:01.845+0000] {processor.py:799} INFO - Processing file /opt/airflow/dags/7_branch_pythoon_operator.py for tasks to queue
[2026-09-21T01:08:01.846+0000] {logging_mixin.py:149} INFO - [2026-09-21T01:08:01.846+0000] {dagbag.py:541} INFO - Filling up the DagBag from /opt/airflow/dags/7_branch_pythoon_operator.py
[2026-09-21T01:08:01.900+0000] {processor.py:809} INFO - DAG(s) dict_keys(['7-branching']) retrieved from /opt/airflow/dags/7_branch_pythoon_operator.py
[2026-09-21T01:08:02.019+0000] {logging_mixin.py:149} INFO - [2026-09-21T01:08:02.018+0000] {dag.py:2726} INFO - Sync 1 DAGs
[2026-09-21T01:08:02.095+0000] {logging_mixin.py:149} INFO - [2026-09-21T01:08:02.095+0000] {dag.py:3490} INFO - Setting next_dagrun for 7-branching to None, run_after=None
[2026-09-21T01:08:02.149+0000] {processor.py:178} INFO - Processing /opt/airflow/dags/7_branch_pythoon_operator.py took 0.326 seconds
[2026-09-21T01:08:32.272+0000] {processor.py:156} INFO - Started process (PID=4584) to work on /opt/airflow/dags/7_branch_pythoon_operator.py
[2026-09-21T01:08:32.279+0000] {processor.py:799} INFO - Processing file /opt/airflow/dags/7_branch_pythoon_operator.py for tasks to queue
[2026-09-21T01:08:32.281+0000] {logging_mixin.py:149} INFO - [2026-09-21T01:08:32.281+0000] {dagbag.py:541} INFO - Filling up the DagBag from /opt/airflow/dags/7_branch_pythoon_operator.py
[2026-09-21T01:08:32.320+0000] {processor.py:809} INFO - DAG(s) dict_keys(['7-branching']) retrieved from /opt/airflow/dags/7_branch_pythoon_operator.py
[2026-09-21T01:08:32.493+0000] {logging_mixin.py:149} INFO - [2026-09-21T01:08:32.492+0000] {dag.py:2726} INFO - Sync 1 DAGs
[2026-09-21T01:08:32.535+0000] {logging_mixin.py:149} INFO - [2026-09-21T01:08:32.534+0000] {dag.py:3490} INFO - Setting next_dagrun for 7-branching to None, run_after=None
[2026-09-21T01:08:32.571+0000] {processor.py:178} INFO - Processing /opt/airflow/dags/7_branch_pythoon_operator.py took 0.306 seconds
[2026-09-21T01:09:02.887+0000] {processor.py:156} INFO - Started process (PID=4595) to work on /opt/airflow/dags/7_branch_pythoon_operator.py
[2026-09-21T01:09:02.889+0000] {processor.py:799} INFO - Processing file /opt/airflow/dags/7_branch_pythoon_operator.py for tasks to queue
[2026-09-21T01:09:02.890+0000] {logging_mixin.py:149} INFO - [2026-09-21T01:09:02.890+0000] {dagbag.py:541} INFO - Filling up the DagBag from /opt/airflow/dags/7_branch_pythoon_operator.py
[2026-09-21T01:09:02.913+0000] {processor.py:809} INFO - DAG(s) dict_keys(['7-branching']) retrieved from /opt/airflow/dags/7_branch_pythoon_operator.py
[2026-09-21T01:09:02.961+0000] {logging_mixin.py:149} INFO - [2026-09-21T01:09:02.960+0000] {dag.py:2726} INFO - Sync 1 DAGs
[2026-09-21T01:09:03.007+0000] {logging_mixin.py:149} INFO - [2026-09-21T01:09:03.006+0000] {dag.py:3490} INFO - Setting next_dagrun for 7-branching to None, run_after=None
[2026-09-21T01:09:03.045+0000] {processor.py:178} INFO - Processing /opt/airflow/dags/7_branch_pythoon_operator.py took 0.163 seconds
[2026-09-21T01:09:33.294+0000] {processor.py:156} INFO - Started process (PID=4605) to work on /opt/airflow/dags/7_branch_pythoon_operator.py
[2026-09-21T01:09:33.296+0000] {processor.py:799} INFO - Processing file /opt/airflow/dags/7_branch_pythoon_operator.py for tasks to queue
[2026-09-21T01:09:33.297+0000] {logging_mixin.py:149} INFO - [2026-09-21T01:09:33.297+0000] {dagbag.py:541} INFO - Filling up the DagBag from /opt/airflow/dags/7_branch_pythoon_operator.py
[2026-09-21T01:09:33.321+0000] {processor.py:809} INFO - DAG(s) dict_keys(['7-branching']) retrieved from /opt/airflow/dags/7_branch_pythoon_operator.py
[2026-09-21T01:09:33.378+0000] {logging_mixin.py:149} INFO - [2026-09-21T01:09:33.377+0000] {dag.py:2726} INFO - Sync 1 DAGs
[2026-09-21T01:09:33.425+0000] {logging_mixin.py:149} INFO - [2026-09-21T01:09:33.425+0000] {dag.py:3490} INFO - Setting next_dagrun for 7-branching to None, run_after=None
[2026-09-21T01:09:33.479+0000] {processor.py:178} INFO - Processing /opt/airflow/dags/7_branch_pythoon_operator.py took 0.198 seconds
[2026-09-21T01:10:03.543+0000] {processor.py:156} INFO - Started process (PID=4615) to work on /opt/airflow/dags/7_branch_pythoon_operator.py
[2026-09-21T01:10:03.580+0000] {processor.py:799} INFO - Processing file /opt/airflow/dags/7_branch_pythoon_operator.py for tasks to queue
[2026-09-21T01:10:03.584+0000] {logging_mixin.py:149} INFO - [2026-09-21T01:10:03.583+0000] {dagbag.py:541} INFO - Filling up the DagBag from /opt/airflow/dags/7_branch_pythoon_operator.py
[2026-09-21T01:10:03.608+0000] {processor.py:809} INFO - DAG(s) dict_keys(['7-branching']) retrieved from /opt/airflow/dags/7_branch_pythoon_operator.py
[2026-09-21T01:10:03.659+0000] {logging_mixin.py:149} INFO - [2026-09-21T01:10:03.659+0000] {dag.py:2726} INFO - Sync 1 DAGs
[2026-09-21T01:10:03.706+0000] {logging_mixin.py:149} INFO - [2026-09-21T01:10:03.706+0000] {dag.py:3490} INFO - Setting next_dagrun for 7-branching to None, run_after=None
[2026-09-21T01:10:03.742+0000] {processor.py:178} INFO - Processing /opt/airflow/dags/7_branch_pythoon_operator.py took 0.205 seconds
[2026-09-21T01:10:33.930+0000] {processor.py:156} INFO - Started process (PID=4625) to work on /opt/airflow/dags/7_branch_pythoon_operator.py
[2026-09-21T01:10:33.936+0000] {processor.py:799} INFO - Processing file /opt/airflow/dags/7_branch_pythoon_operator.py for tasks to queue
[2026-09-21T01:10:33.939+0000] {logging_mixin.py:149} INFO - [2026-09-21T01:10:33.937+0000] {dagbag.py:541} INFO - Filling up the DagBag from /opt/airflow/dags/7_branch_pythoon_operator.py
[2026-09-21T01:10:33.982+0000] {processor.py:809} INFO - DAG(s) dict_keys(['7-branching']) retrieved from /opt/airflow/dags/7_branch_pythoon_operator.py
[2026-09-21T01:10:34.064+0000] {logging_mixin.py:149} INFO - [2026-09-21T01:10:34.063+0000] {dag.py:2726} INFO - Sync 1 DAGs
[2026-09-21T01:10:34.134+0000] {logging_mixin.py:149} INFO - [2026-09-21T01:10:34.134+0000] {dag.py:3490} INFO - Setting next_dagrun for 7-branching to None, run_after=None
[2026-09-21T01:10:34.173+0000] {processor.py:178} INFO - Processing /opt/airflow/dags/7_branch_pythoon_operator.py took 0.256 seconds
[2026-09-21T01:11:04.935+0000] {processor.py:156} INFO - Started process (PID=4635) to work on /opt/airflow/dags/7_branch_pythoon_operator.py
[2026-09-21T01:11:04.940+0000] {processor.py:799} INFO - Processing file /opt/airflow/dags/7_branch_pythoon_operator.py for tasks to queue
[2026-09-21T01:11:04.941+0000] {logging_mixin.py:149} INFO - [2026-09-21T01:11:04.941+0000] {dagbag.py:541} INFO - Filling up the DagBag from /opt/airflow/dags/7_branch_pythoon_operator.py
[2026-09-21T01:11:04.970+0000] {processor.py:809} INFO - DAG(s) dict_keys(['7-branching']) retrieved from /opt/airflow/dags/7_branch_pythoon_operator.py
[2026-09-21T01:11:05.040+0000] {logging_mixin.py:149} INFO - [2026-09-21T01:11:05.039+0000] {dag.py:2726} INFO - Sync 1 DAGs
[2026-09-21T01:11:05.101+0000] {logging_mixin.py:149} INFO - [2026-09-21T01:11:05.101+0000] {dag.py:3490} INFO - Setting next_dagrun for 7-branching to None, run_after=None
[2026-09-21T01:11:05.158+0000] {processor.py:178} INFO - Processing /opt/airflow/dags/7_branch_pythoon_operator.py took 0.228 seconds
[2026-09-21T01:11:35.954+0000] {processor.py:156} INFO - Started process (PID=4645) to work on /opt/airflow/dags/7_branch_pythoon_operator.py
[2026-09-21T01:11:35.961+0000] {processor.py:799} INFO - Processing file /opt/airflow/dags/7_branch_pythoon_operator.py for tasks to queue
[2026-09-21T01:11:35.962+0000] {logging_mixin.py:149} INFO - [2026-09-21T01:11:35.962+0000] {dagbag.py:541} INFO - Filling up the DagBag from /opt/airflow/dags/7_branch_pythoon_operator.py
[2026-09-21T01:11:35.984+0000] {processor.py:809} INFO - DAG(s) dict_keys(['7-branching']) retrieved from /opt/airflow/dags/7_branch_pythoon_operator.py
[2026-09-21T01:11:36.033+0000] {logging_mixin.py:149} INFO - [2026-09-21T01:11:36.033+0000] {dag.py:2726} INFO - Sync 1 DAGs
[2026-09-21T01:11:36.079+0000] {logging_mixin.py:149} INFO - [2026-09-21T01:11:36.078+0000] {dag.py:3490} INFO - Setting next_dagrun for 7-branching to None, run_after=None
[2026-09-21T01:11:36.125+0000] {processor.py:178} INFO - Processing /opt/airflow/dags/7_branch_pythoon_operator.py took 0.178 seconds
[2026-09-21T01:12:06.299+0000] {processor.py:156} INFO - Started process (PID=4655) to work on /opt/airflow/dags/7_branch_pythoon_operator.py
[2026-09-21T01:12:06.302+0000] {processor.py:799} INFO - Processing file /opt/airflow/dags/7_branch_pythoon_operator.py for tasks to queue
[2026-09-21T01:12:06.303+0000] {logging_mixin.py:149} INFO - [2026-09-21T01:12:06.303+0000] {dagbag.py:541} INFO - Filling up the DagBag from /opt/airflow/dags/7_branch_pythoon_operator.py
[2026-09-21T01:12:06.325+0000] {processor.py:809} INFO - DAG(s) dict_keys(['7-branching']) retrieved from /opt/airflow/dags/7_branch_pythoon_operator.py
[2026-09-21T01:12:06.385+0000] {logging_mixin.py:149} INFO - [2026-09-21T01:12:06.385+0000] {dag.py:2726} INFO - Sync 1 DAGs
[2026-09-21T01:12:06.453+0000] {logging_mixin.py:149} INFO - [2026-09-21T01:12:06.453+0000] {dag.py:3490} INFO - Setting next_dagrun for 7-branching to None, run_after=None
[2026-09-21T01:12:06.476+0000] {processor.py:178} INFO - Processing /opt/airflow/dags/7_branch_pythoon_operator.py took 0.183 seconds
[2026-09-21T01:12:36.775+0000] {processor.py:156} INFO - Started process (PID=4665) to work on /opt/airflow/dags/7_branch_pythoon_operator.py
[2026-09-21T01:12:36.777+0000] {processor.py:799} INFO - Processing file /opt/airflow/dags/7_branch_pythoon_operator.py for tasks to queue
[2026-09-21T01:12:36.779+0000] {logging_mixin.py:149} INFO - [2026-09-21T01:12:36.778+0000] {dagbag.py:541} INFO - Filling up the DagBag from /opt/airflow/dags/7_branch_pythoon_operator.py
[2026-09-21T01:12:36.801+0000] {processor.py:809} INFO - DAG(s) dict_keys(['7-branching']) retrieved from /opt/airflow/dags/7_branch_pythoon_operator.py
[2026-09-21T01:12:36.855+0000] {logging_mixin.py:149} INFO - [2026-09-21T01:12:36.855+0000] {dag.py:2726} INFO - Sync 1 DAGs
[2026-09-21T01:12:36.899+0000] {logging_mixin.py:149} INFO - [2026-09-21T01:12:36.899+0000] {dag.py:3490} INFO - Setting next_dagrun for 7-branching to None, run_after=None
[2026-09-21T01:12:36.935+0000] {processor.py:178} INFO - Processing /opt/airflow/dags/7_branch_pythoon_operator.py took 0.166 seconds
[2026-09-21T01:13:07.001+0000] {processor.py:156} INFO - Started process (PID=4675) to work on /opt/airflow/dags/7_branch_pythoon_operator.py
[2026-09-21T01:13:07.003+0000] {processor.py:799} INFO - Processing file /opt/airflow/dags/7_branch_pythoon_operator.py for tasks to queue
[2026-09-21T01:13:07.004+0000] {logging_mixin.py:149} INFO - [2026-09-21T01:13:07.003+0000] {dagbag.py:541} INFO - Filling up the DagBag from /opt/airflow/dags/7_branch_pythoon_operator.py
[2026-09-21T01:13:07.037+0000] {processor.py:809} INFO - DAG(s) dict_keys(['7-branching']) retrieved from /opt/airflow/dags/7_branch_pythoon_operator.py
[2026-09-21T01:13:07.096+0000] {logging_mixin.py:149} INFO - [2026-09-21T01:13:07.095+0000] {dag.py:2726} INFO - Sync 1 DAGs
[2026-09-21T01:13:07.145+0000] {logging_mixin.py:149} INFO - [2026-09-21T01:13:07.145+0000] {dag.py:3490} INFO - Setting next_dagrun for 7-branching to None, run_after=None
[2026-09-21T01:13:07.179+0000] {processor.py:178} INFO - Processing /opt/airflow/dags/7_branch_pythoon_operator.py took 0.186 seconds
[2026-09-21T01:13:37.269+0000] {processor.py:156} INFO - Started process (PID=4685) to work on /opt/airflow/dags/7_branch_pythoon_operator.py
[2026-09-21T01:13:37.272+0000] {processor.py:799} INFO - Processing file /opt/airflow/dags/7_branch_pythoon_operator.py for tasks to queue
[2026-09-21T01:13:37.273+0000] {logging_mixin.py:149} INFO - [2026-09-21T01:13:37.273+0000] {dagbag.py:541} INFO - Filling up the DagBag from /opt/airflow/dags/7_branch_pythoon_operator.py
[2026-09-21T01:13:37.295+0000] {processor.py:809} INFO - DAG(s) dict_keys(['7-branching']) retrieved from /opt/airflow/dags/7_branch_pythoon_operator.py
[2026-09-21T01:13:37.355+0000] {logging_mixin.py:149} INFO - [2026-09-21T01:13:37.354+0000] {dag.py:2726} INFO - Sync 1 DAGs
[2026-09-21T01:13:37.400+0000] {logging_mixin.py:149} INFO - [2026-09-21T01:13:37.400+0000] {dag.py:3490} INFO - Setting next_dagrun for 7-branching to None, run_after=None
[2026-09-21T01:13:37.433+0000] {processor.py:178} INFO - Processing /opt/airflow/dags/7_branch_pythoon_operator.py took 0.170 seconds
[2026-09-21T01:14:07.550+0000] {processor.py:156} INFO - Started process (PID=4695) to work on /opt/airflow/dags/7_branch_pythoon_operator.py
[2026-09-21T01:14:07.552+0000] {processor.py:799} INFO - Processing file /opt/airflow/dags/7_branch_pythoon_operator.py for tasks to queue
[2026-09-21T01:14:07.554+0000] {logging_mixin.py:149} INFO - [2026-09-21T01:14:07.553+0000] {dagbag.py:541} INFO - Filling up the DagBag from /opt/airflow/dags/7_branch_pythoon_operator.py
[2026-09-21T01:14:07.584+0000] {processor.py:809} INFO - DAG(s) dict_keys(['7-branching']) retrieved from /opt/airflow/dags/7_branch_pythoon_operator.py
[2026-09-21T01:14:07.667+0000] {logging_mixin.py:149} INFO - [2026-09-21T01:14:07.667+0000] {dag.py:2726} INFO - Sync 1 DAGs
[2026-09-21T01:14:07.753+0000] {logging_mixin.py:149} INFO - [2026-09-21T01:14:07.752+0000] {dag.py:3490} INFO - Setting next_dagrun for 7-branching to None, run_after=None
[2026-09-21T01:14:07.830+0000] {processor.py:178} INFO - Processing /opt/airflow/dags/7_branch_pythoon_operator.py took 0.287 seconds
[2026-09-21T01:14:38.583+0000] {processor.py:156} INFO - Started process (PID=4705) to work on /opt/airflow/dags/7_branch_pythoon_operator.py
[2026-09-21T01:14:38.585+0000] {processor.py:799} INFO - Processing file /opt/airflow/dags/7_branch_pythoon_operator.py for tasks to queue
[2026-09-21T01:14:38.586+0000] {logging_mixin.py:149} INFO - [2026-09-21T01:14:38.586+0000] {dagbag.py:541} INFO - Filling up the DagBag from /opt/airflow/dags/7_branch_pythoon_operator.py
[2026-09-21T01:14:38.603+0000] {processor.py:809} INFO - DAG(s) dict_keys(['7-branching']) retrieved from /opt/airflow/dags/7_branch_pythoon_operator.py
[2026-09-21T01:14:38.642+0000] {logging_mixin.py:149} INFO - [2026-09-21T01:14:38.641+0000] {dag.py:2726} INFO - Sync 1 DAGs
[2026-09-21T01:14:38.675+0000] {logging_mixin.py:149} INFO - [2026-09-21T01:14:38.675+0000] {dag.py:3490} INFO - Setting next_dagrun for 7-branching to None, run_after=None
[2026-09-21T01:14:38.703+0000] {processor.py:178} INFO - Processing /opt/airflow/dags/7_branch_pythoon_operator.py took 0.125 seconds
[2026-09-21T01:15:09.528+0000] {processor.py:156} INFO - Started process (PID=4715) to work on /opt/airflow/dags/7_branch_pythoon_operator.py
[2026-09-21T01:15:09.529+0000] {processor.py:799} INFO - Processing file /opt/airflow/dags/7_branch_pythoon_operator.py for tasks to queue
[2026-09-21T01:15:09.531+0000] {logging_mixin.py:149} INFO - [2026-09-21T01:15:09.531+0000] {dagbag.py:541} INFO - Filling up the DagBag from /opt/airflow/dags/7_branch_pythoon_operator.py
[2026-09-21T01:15:09.554+0000] {processor.py:809} INFO - DAG(s) dict_keys(['7-branching']) retrieved from /opt/airflow/dags/7_branch_pythoon_operator.py
[2026-09-21T01:15:09.607+0000] {logging_mixin.py:149} INFO - [2026-09-21T01:15:09.607+0000] {dag.py:2726} INFO - Sync 1 DAGs
[2026-09-21T01:15:09.651+0000] {logging_mixin.py:149} INFO - [2026-09-21T01:15:09.647+0000] {dag.py:3490} INFO - Setting next_dagrun for 7-branching to None, run_after=None
[2026-09-21T01:15:09.685+0000] {processor.py:178} INFO - Processing /opt/airflow/dags/7_branch_pythoon_operator.py took 0.163 seconds
[2026-09-21T01:15:39.924+0000] {processor.py:156} INFO - Started process (PID=4725) to work on /opt/airflow/dags/7_branch_pythoon_operator.py
[2026-09-21T01:15:39.934+0000] {processor.py:799} INFO - Processing file /opt/airflow/dags/7_branch_pythoon_operator.py for tasks to queue
[2026-09-21T01:15:39.938+0000] {logging_mixin.py:149} INFO - [2026-09-21T01:15:39.938+0000] {dagbag.py:541} INFO - Filling up the DagBag from /opt/airflow/dags/7_branch_pythoon_operator.py
[2026-09-21T01:15:39.959+0000] {processor.py:809} INFO - DAG(s) dict_keys(['7-branching']) retrieved from /opt/airflow/dags/7_branch_pythoon_operator.py
[2026-09-21T01:15:40.011+0000] {logging_mixin.py:149} INFO - [2026-09-21T01:15:40.010+0000] {dag.py:2726} INFO - Sync 1 DAGs
[2026-09-21T01:15:40.061+0000] {logging_mixin.py:149} INFO - [2026-09-21T01:15:40.061+0000] {dag.py:3490} INFO - Setting next_dagrun for 7-branching to None, run_after=None
[2026-09-21T01:15:40.095+0000] {processor.py:178} INFO - Processing /opt/airflow/dags/7_branch_pythoon_operator.py took 0.177 seconds
[2026-09-21T01:16:10.240+0000] {processor.py:156} INFO - Started process (PID=4735) to work on /opt/airflow/dags/7_branch_pythoon_operator.py
[2026-09-21T01:16:10.242+0000] {processor.py:799} INFO - Processing file /opt/airflow/dags/7_branch_pythoon_operator.py for tasks to queue
[2026-09-21T01:16:10.243+0000] {logging_mixin.py:149} INFO - [2026-09-21T01:16:10.242+0000] {dagbag.py:541} INFO - Filling up the DagBag from /opt/airflow/dags/7_branch_pythoon_operator.py
[2026-09-21T01:16:10.268+0000] {processor.py:809} INFO - DAG(s) dict_keys(['7-branching']) retrieved from /opt/airflow/dags/7_branch_pythoon_operator.py
[2026-09-21T01:16:10.332+0000] {logging_mixin.py:149} INFO - [2026-09-21T01:16:10.332+0000] {dag.py:2726} INFO - Sync 1 DAGs
[2026-09-21T01:16:10.381+0000] {logging_mixin.py:149} INFO - [2026-09-21T01:16:10.381+0000] {dag.py:3490} INFO - Setting next_dagrun for 7-branching to None, run_after=None
[2026-09-21T01:16:10.414+0000] {processor.py:178} INFO - Processing /opt/airflow/dags/7_branch_pythoon_operator.py took 0.181 seconds
[2026-09-21T01:16:40.625+0000] {processor.py:156} INFO - Started process (PID=4745) to work on /opt/airflow/dags/7_branch_pythoon_operator.py
[2026-09-21T01:16:40.628+0000] {processor.py:799} INFO - Processing file /opt/airflow/dags/7_branch_pythoon_operator.py for tasks to queue
[2026-09-21T01:16:40.629+0000] {logging_mixin.py:149} INFO - [2026-09-21T01:16:40.629+0000] {dagbag.py:541} INFO - Filling up the DagBag from /opt/airflow/dags/7_branch_pythoon_operator.py
[2026-09-21T01:16:40.653+0000] {processor.py:809} INFO - DAG(s) dict_keys(['7-branching']) retrieved from /opt/airflow/dags/7_branch_pythoon_operator.py
[2026-09-21T01:16:40.715+0000] {logging_mixin.py:149} INFO - [2026-09-21T01:16:40.714+0000] {dag.py:2726} INFO - Sync 1 DAGs
[2026-09-21T01:16:40.795+0000] {logging_mixin.py:149} INFO - [2026-09-21T01:16:40.795+0000] {dag.py:3490} INFO - Setting next_dagrun for 7-branching to None, run_after=None
[2026-09-21T01:16:40.858+0000] {processor.py:178} INFO - Processing /opt/airflow/dags/7_branch_pythoon_operator.py took 0.239 seconds
[2026-09-21T01:17:11.011+0000] {processor.py:156} INFO - Started process (PID=4755) to work on /opt/airflow/dags/7_branch_pythoon_operator.py
[2026-09-21T01:17:11.012+0000] {processor.py:799} INFO - Processing file /opt/airflow/dags/7_branch_pythoon_operator.py for tasks to queue
[2026-09-21T01:17:11.014+0000] {logging_mixin.py:149} INFO - [2026-09-21T01:17:11.013+0000] {dagbag.py:541} INFO - Filling up the DagBag from /opt/airflow/dags/7_branch_pythoon_operator.py
[2026-09-21T01:17:11.053+0000] {processor.py:809} INFO - DAG(s) dict_keys(['7-branching']) retrieved from /opt/airflow/dags/7_branch_pythoon_operator.py
[2026-09-21T01:17:11.135+0000] {logging_mixin.py:149} INFO - [2026-09-21T01:17:11.134+0000] {dag.py:2726} INFO - Sync 1 DAGs
[2026-09-21T01:17:11.205+0000] {logging_mixin.py:149} INFO - [2026-09-21T01:17:11.204+0000] {dag.py:3490} INFO - Setting next_dagrun for 7-branching to None, run_after=None
[2026-09-21T01:17:11.243+0000] {processor.py:178} INFO - Processing /opt/airflow/dags/7_branch_pythoon_operator.py took 0.241 seconds
[2026-09-21T01:17:41.327+0000] {processor.py:156} INFO - Started process (PID=4765) to work on /opt/airflow/dags/7_branch_pythoon_operator.py
[2026-09-21T01:17:41.329+0000] {processor.py:799} INFO - Processing file /opt/airflow/dags/7_branch_pythoon_operator.py for tasks to queue
[2026-09-21T01:17:41.331+0000] {logging_mixin.py:149} INFO - [2026-09-21T01:17:41.330+0000] {dagbag.py:541} INFO - Filling up the DagBag from /opt/airflow/dags/7_branch_pythoon_operator.py
[2026-09-21T01:17:41.353+0000] {processor.py:809} INFO - DAG(s) dict_keys(['7-branching']) retrieved from /opt/airflow/dags/7_branch_pythoon_operator.py
[2026-09-21T01:17:41.430+0000] {logging_mixin.py:149} INFO - [2026-09-21T01:17:41.430+0000] {dag.py:2726} INFO - Sync 1 DAGs
[2026-09-21T01:17:41.481+0000] {logging_mixin.py:149} INFO - [2026-09-21T01:17:41.480+0000] {dag.py:3490} INFO - Setting next_dagrun for 7-branching to None, run_after=None
[2026-09-21T01:17:41.512+0000] {processor.py:178} INFO - Processing /opt/airflow/dags/7_branch_pythoon_operator.py took 0.192 seconds
[2026-09-21T01:18:11.583+0000] {processor.py:156} INFO - Started process (PID=4775) to work on /opt/airflow/dags/7_branch_pythoon_operator.py
[2026-09-21T01:18:11.585+0000] {processor.py:799} INFO - Processing file /opt/airflow/dags/7_branch_pythoon_operator.py for tasks to queue
[2026-09-21T01:18:11.586+0000] {logging_mixin.py:149} INFO - [2026-09-21T01:18:11.586+0000] {dagbag.py:541} INFO - Filling up the DagBag from /opt/airflow/dags/7_branch_pythoon_operator.py
[2026-09-21T01:18:11.620+0000] {processor.py:809} INFO - DAG(s) dict_keys(['7-branching']) retrieved from /opt/airflow/dags/7_branch_pythoon_operator.py
[2026-09-21T01:18:11.680+0000] {logging_mixin.py:149} INFO - [2026-09-21T01:18:11.680+0000] {dag.py:2726} INFO - Sync 1 DAGs
[2026-09-21T01:18:11.721+0000] {logging_mixin.py:149} INFO - [2026-09-21T01:18:11.721+0000] {dag.py:3490} INFO - Setting next_dagrun for 7-branching to None, run_after=None
[2026-09-21T01:18:11.765+0000] {processor.py:178} INFO - Processing /opt/airflow/dags/7_branch_pythoon_operator.py took 0.188 seconds
[2026-09-21T01:18:42.006+0000] {processor.py:156} INFO - Started process (PID=4785) to work on /opt/airflow/dags/7_branch_pythoon_operator.py
[2026-09-21T01:18:42.008+0000] {processor.py:799} INFO - Processing file /opt/airflow/dags/7_branch_pythoon_operator.py for tasks to queue
[2026-09-21T01:18:42.009+0000] {logging_mixin.py:149} INFO - [2026-09-21T01:18:42.009+0000] {dagbag.py:541} INFO - Filling up the DagBag from /opt/airflow/dags/7_branch_pythoon_operator.py
[2026-09-21T01:18:42.030+0000] {processor.py:809} INFO - DAG(s) dict_keys(['7-branching']) retrieved from /opt/airflow/dags/7_branch_pythoon_operator.py
[2026-09-21T01:18:42.078+0000] {logging_mixin.py:149} INFO - [2026-09-21T01:18:42.078+0000] {dag.py:2726} INFO - Sync 1 DAGs
[2026-09-21T01:18:42.124+0000] {logging_mixin.py:149} INFO - [2026-09-21T01:18:42.124+0000] {dag.py:3490} INFO - Setting next_dagrun for 7-branching to None, run_after=None
[2026-09-21T01:18:42.163+0000] {processor.py:178} INFO - Processing /opt/airflow/dags/7_branch_pythoon_operator.py took 0.163 seconds
[2026-09-21T01:19:12.412+0000] {processor.py:156} INFO - Started process (PID=4795) to work on /opt/airflow/dags/7_branch_pythoon_operator.py
[2026-09-21T01:19:12.414+0000] {processor.py:799} INFO - Processing file /opt/airflow/dags/7_branch_pythoon_operator.py for tasks to queue
[2026-09-21T01:19:12.415+0000] {logging_mixin.py:149} INFO - [2026-09-21T01:19:12.414+0000] {dagbag.py:541} INFO - Filling up the DagBag from /opt/airflow/dags/7_branch_pythoon_operator.py
[2026-09-21T01:19:12.439+0000] {processor.py:809} INFO - DAG(s) dict_keys(['7-branching']) retrieved from /opt/airflow/dags/7_branch_pythoon_operator.py
[2026-09-21T01:19:12.492+0000] {logging_mixin.py:149} INFO - [2026-09-21T01:19:12.491+0000] {dag.py:2726} INFO - Sync 1 DAGs
[2026-09-21T01:19:12.535+0000] {logging_mixin.py:149} INFO - [2026-09-21T01:19:12.535+0000] {dag.py:3490} INFO - Setting next_dagrun for 7-branching to None, run_after=None
[2026-09-21T01:19:12.564+0000] {processor.py:178} INFO - Processing /opt/airflow/dags/7_branch_pythoon_operator.py took 0.157 seconds
[2026-09-21T01:19:42.637+0000] {processor.py:156} INFO - Started process (PID=4805) to work on /opt/airflow/dags/7_branch_pythoon_operator.py
[2026-09-21T01:19:42.640+0000] {processor.py:799} INFO - Processing file /opt/airflow/dags/7_branch_pythoon_operator.py for tasks to queue
[2026-09-21T01:19:42.642+0000] {logging_mixin.py:149} INFO - [2026-09-21T01:19:42.642+0000] {dagbag.py:541} INFO - Filling up the DagBag from /opt/airflow/dags/7_branch_pythoon_operator.py
[2026-09-21T01:19:42.670+0000] {processor.py:809} INFO - DAG(s) dict_keys(['7-branching']) retrieved from /opt/airflow/dags/7_branch_pythoon_operator.py
[2026-09-21T01:19:42.742+0000] {logging_mixin.py:149} INFO - [2026-09-21T01:19:42.741+0000] {dag.py:2726} INFO - Sync 1 DAGs
[2026-09-21T01:19:42.804+0000] {logging_mixin.py:149} INFO - [2026-09-21T01:19:42.804+0000] {dag.py:3490} INFO - Setting next_dagrun for 7-branching to None, run_after=None
[2026-09-21T01:19:42.838+0000] {processor.py:178} INFO - Processing /opt/airflow/dags/7_branch_pythoon_operator.py took 0.212 seconds
[2026-09-21T01:20:13.024+0000] {processor.py:156} INFO - Started process (PID=4815) to work on /opt/airflow/dags/7_branch_pythoon_operator.py
[2026-09-21T01:20:13.025+0000] {processor.py:799} INFO - Processing file /opt/airflow/dags/7_branch_pythoon_operator.py for tasks to queue
[2026-09-21T01:20:13.027+0000] {logging_mixin.py:149} INFO - [2026-09-21T01:20:13.027+0000] {dagbag.py:541} INFO - Filling up the DagBag from /opt/airflow/dags/7_branch_pythoon_operator.py
[2026-09-21T01:20:13.044+0000] {processor.py:809} INFO - DAG(s) dict_keys(['7-branching']) retrieved from /opt/airflow/dags/7_branch_pythoon_operator.py
[2026-09-21T01:20:13.094+0000] {logging_mixin.py:149} INFO - [2026-09-21T01:20:13.094+0000] {dag.py:2726} INFO - Sync 1 DAGs
[2026-09-21T01:20:13.138+0000] {logging_mixin.py:149} INFO - [2026-09-21T01:20:13.138+0000] {dag.py:3490} INFO - Setting next_dagrun for 7-branching to None, run_after=None
[2026-09-21T01:20:13.179+0000] {processor.py:178} INFO - Processing /opt/airflow/dags/7_branch_pythoon_operator.py took 0.160 seconds
[2026-09-21T01:20:43.520+0000] {processor.py:156} INFO - Started process (PID=4825) to work on /opt/airflow/dags/7_branch_pythoon_operator.py
[2026-09-21T01:20:43.524+0000] {processor.py:799} INFO - Processing file /opt/airflow/dags/7_branch_pythoon_operator.py for tasks to queue
[2026-09-21T01:20:43.527+0000] {logging_mixin.py:149} INFO - [2026-09-21T01:20:43.526+0000] {dagbag.py:541} INFO - Filling up the DagBag from /opt/airflow/dags/7_branch_pythoon_operator.py
[2026-09-21T01:20:43.547+0000] {processor.py:809} INFO - DAG(s) dict_keys(['7-branching']) retrieved from /opt/airflow/dags/7_branch_pythoon_operator.py
[2026-09-21T01:20:43.611+0000] {logging_mixin.py:149} INFO - [2026-09-21T01:20:43.611+0000] {dag.py:2726} INFO - Sync 1 DAGs
[2026-09-21T01:20:43.652+0000] {logging_mixin.py:149} INFO - [2026-09-21T01:20:43.651+0000] {dag.py:3490} INFO - Setting next_dagrun for 7-branching to None, run_after=None
[2026-09-21T01:20:43.680+0000] {processor.py:178} INFO - Processing /opt/airflow/dags/7_branch_pythoon_operator.py took 0.174 seconds
[2026-09-21T01:21:13.739+0000] {processor.py:156} INFO - Started process (PID=4835) to work on /opt/airflow/dags/7_branch_pythoon_operator.py
[2026-09-21T01:21:13.740+0000] {processor.py:799} INFO - Processing file /opt/airflow/dags/7_branch_pythoon_operator.py for tasks to queue
[2026-09-21T01:21:13.741+0000] {logging_mixin.py:149} INFO - [2026-09-21T01:21:13.741+0000] {dagbag.py:541} INFO - Filling up the DagBag from /opt/airflow/dags/7_branch_pythoon_operator.py
[2026-09-21T01:21:13.766+0000] {processor.py:809} INFO - DAG(s) dict_keys(['7-branching']) retrieved from /opt/airflow/dags/7_branch_pythoon_operator.py
[2026-09-21T01:21:13.833+0000] {logging_mixin.py:149} INFO - [2026-09-21T01:21:13.833+0000] {dag.py:2726} INFO - Sync 1 DAGs
[2026-09-21T01:21:13.871+0000] {logging_mixin.py:149} INFO - [2026-09-21T01:21:13.871+0000] {dag.py:3490} INFO - Setting next_dagrun for 7-branching to None, run_after=None
[2026-09-21T01:21:13.900+0000] {processor.py:178} INFO - Processing /opt/airflow/dags/7_branch_pythoon_operator.py took 0.166 seconds
[2026-09-21T01:21:44.756+0000] {processor.py:156} INFO - Started process (PID=4845) to work on /opt/airflow/dags/7_branch_pythoon_operator.py
[2026-09-21T01:21:44.775+0000] {processor.py:799} INFO - Processing file /opt/airflow/dags/7_branch_pythoon_operator.py for tasks to queue
[2026-09-21T01:21:44.776+0000] {logging_mixin.py:149} INFO - [2026-09-21T01:21:44.776+0000] {dagbag.py:541} INFO - Filling up the DagBag from /opt/airflow/dags/7_branch_pythoon_operator.py
[2026-09-21T01:21:44.810+0000] {processor.py:809} INFO - DAG(s) dict_keys(['7-branching']) retrieved from /opt/airflow/dags/7_branch_pythoon_operator.py
[2026-09-21T01:21:44.889+0000] {logging_mixin.py:149} INFO - [2026-09-21T01:21:44.889+0000] {dag.py:2726} INFO - Sync 1 DAGs
[2026-09-21T01:21:44.941+0000] {logging_mixin.py:149} INFO - [2026-09-21T01:21:44.941+0000] {dag.py:3490} INFO - Setting next_dagrun for 7-branching to None, run_after=None
[2026-09-21T01:21:44.996+0000] {processor.py:178} INFO - Processing /opt/airflow/dags/7_branch_pythoon_operator.py took 0.250 seconds
[2026-09-21T01:22:15.142+0000] {processor.py:156} INFO - Started process (PID=4855) to work on /opt/airflow/dags/7_branch_pythoon_operator.py
[2026-09-21T01:22:15.143+0000] {processor.py:799} INFO - Processing file /opt/airflow/dags/7_branch_pythoon_operator.py for tasks to queue
[2026-09-21T01:22:15.144+0000] {logging_mixin.py:149} INFO - [2026-09-21T01:22:15.144+0000] {dagbag.py:541} INFO - Filling up the DagBag from /opt/airflow/dags/7_branch_pythoon_operator.py
[2026-09-21T01:22:15.161+0000] {processor.py:809} INFO - DAG(s) dict_keys(['7-branching']) retrieved from /opt/airflow/dags/7_branch_pythoon_operator.py
[2026-09-21T01:22:15.205+0000] {logging_mixin.py:149} INFO - [2026-09-21T01:22:15.205+0000] {dag.py:2726} INFO - Sync 1 DAGs
[2026-09-21T01:22:15.242+0000] {logging_mixin.py:149} INFO - [2026-09-21T01:22:15.241+0000] {dag.py:3490} INFO - Setting next_dagrun for 7-branching to None, run_after=None
[2026-09-21T01:22:15.286+0000] {processor.py:178} INFO - Processing /opt/airflow/dags/7_branch_pythoon_operator.py took 0.150 seconds
[2026-09-21T01:22:45.957+0000] {processor.py:156} INFO - Started process (PID=4865) to work on /opt/airflow/dags/7_branch_pythoon_operator.py
[2026-09-21T01:22:45.959+0000] {processor.py:799} INFO - Processing file /opt/airflow/dags/7_branch_pythoon_operator.py for tasks to queue
[2026-09-21T01:22:45.960+0000] {logging_mixin.py:149} INFO - [2026-09-21T01:22:45.960+0000] {dagbag.py:541} INFO - Filling up the DagBag from /opt/airflow/dags/7_branch_pythoon_operator.py
[2026-09-21T01:22:45.983+0000] {processor.py:809} INFO - DAG(s) dict_keys(['7-branching']) retrieved from /opt/airflow/dags/7_branch_pythoon_operator.py
[2026-09-21T01:22:46.031+0000] {logging_mixin.py:149} INFO - [2026-09-21T01:22:46.031+0000] {dag.py:2726} INFO - Sync 1 DAGs
[2026-09-21T01:22:46.071+0000] {logging_mixin.py:149} INFO - [2026-09-21T01:22:46.070+0000] {dag.py:3490} INFO - Setting next_dagrun for 7-branching to None, run_after=None
[2026-09-21T01:22:46.102+0000] {processor.py:178} INFO - Processing /opt/airflow/dags/7_branch_pythoon_operator.py took 0.152 seconds
[2026-09-21T01:23:16.265+0000] {processor.py:156} INFO - Started process (PID=4875) to work on /opt/airflow/dags/7_branch_pythoon_operator.py
[2026-09-21T01:23:16.266+0000] {processor.py:799} INFO - Processing file /opt/airflow/dags/7_branch_pythoon_operator.py for tasks to queue
[2026-09-21T01:23:16.267+0000] {logging_mixin.py:149} INFO - [2026-09-21T01:23:16.267+0000] {dagbag.py:541} INFO - Filling up the DagBag from /opt/airflow/dags/7_branch_pythoon_operator.py
[2026-09-21T01:23:16.291+0000] {processor.py:809} INFO - DAG(s) dict_keys(['7-branching']) retrieved from /opt/airflow/dags/7_branch_pythoon_operator.py
[2026-09-21T01:23:16.352+0000] {logging_mixin.py:149} INFO - [2026-09-21T01:23:16.352+0000] {dag.py:2726} INFO - Sync 1 DAGs
[2026-09-21T01:23:16.403+0000] {logging_mixin.py:149} INFO - [2026-09-21T01:23:16.402+0000] {dag.py:3490} INFO - Setting next_dagrun for 7-branching to None, run_after=None
[2026-09-21T01:23:16.454+0000] {processor.py:178} INFO - Processing /opt/airflow/dags/7_branch_pythoon_operator.py took 0.195 seconds
[2026-09-21T01:23:46.533+0000] {processor.py:156} INFO - Started process (PID=4885) to work on /opt/airflow/dags/7_branch_pythoon_operator.py
[2026-09-21T01:23:46.537+0000] {processor.py:799} INFO - Processing file /opt/airflow/dags/7_branch_pythoon_operator.py for tasks to queue
[2026-09-21T01:23:46.538+0000] {logging_mixin.py:149} INFO - [2026-09-21T01:23:46.538+0000] {dagbag.py:541} INFO - Filling up the DagBag from /opt/airflow/dags/7_branch_pythoon_operator.py
[2026-09-21T01:23:46.572+0000] {processor.py:809} INFO - DAG(s) dict_keys(['7-branching']) retrieved from /opt/airflow/dags/7_branch_pythoon_operator.py
[2026-09-21T01:23:46.666+0000] {logging_mixin.py:149} INFO - [2026-09-21T01:23:46.666+0000] {dag.py:2726} INFO - Sync 1 DAGs
[2026-09-21T01:23:46.736+0000] {logging_mixin.py:149} INFO - [2026-09-21T01:23:46.735+0000] {dag.py:3490} INFO - Setting next_dagrun for 7-branching to None, run_after=None
[2026-09-21T01:23:46.797+0000] {processor.py:178} INFO - Processing /opt/airflow/dags/7_branch_pythoon_operator.py took 0.274 seconds
[2026-09-21T01:24:16.925+0000] {processor.py:156} INFO - Started process (PID=4895) to work on /opt/airflow/dags/7_branch_pythoon_operator.py
[2026-09-21T01:24:16.928+0000] {processor.py:799} INFO - Processing file /opt/airflow/dags/7_branch_pythoon_operator.py for tasks to queue
[2026-09-21T01:24:16.931+0000] {logging_mixin.py:149} INFO - [2026-09-21T01:24:16.931+0000] {dagbag.py:541} INFO - Filling up the DagBag from /opt/airflow/dags/7_branch_pythoon_operator.py
[2026-09-21T01:24:16.966+0000] {processor.py:809} INFO - DAG(s) dict_keys(['7-branching']) retrieved from /opt/airflow/dags/7_branch_pythoon_operator.py
[2026-09-21T01:24:17.060+0000] {logging_mixin.py:149} INFO - [2026-09-21T01:24:17.060+0000] {dag.py:2726} INFO - Sync 1 DAGs
[2026-09-21T01:24:17.125+0000] {logging_mixin.py:149} INFO - [2026-09-21T01:24:17.125+0000] {dag.py:3490} INFO - Setting next_dagrun for 7-branching to None, run_after=None
[2026-09-21T01:24:17.170+0000] {processor.py:178} INFO - Processing /opt/airflow/dags/7_branch_pythoon_operator.py took 0.253 seconds
[2026-09-21T01:24:48.073+0000] {processor.py:156} INFO - Started process (PID=4905) to work on /opt/airflow/dags/7_branch_pythoon_operator.py
[2026-09-21T01:24:48.076+0000] {processor.py:799} INFO - Processing file /opt/airflow/dags/7_branch_pythoon_operator.py for tasks to queue
[2026-09-21T01:24:48.078+0000] {logging_mixin.py:149} INFO - [2026-09-21T01:24:48.077+0000] {dagbag.py:541} INFO - Filling up the DagBag from /opt/airflow/dags/7_branch_pythoon_operator.py
[2026-09-21T01:24:48.107+0000] {processor.py:809} INFO - DAG(s) dict_keys(['7-branching']) retrieved from /opt/airflow/dags/7_branch_pythoon_operator.py
[2026-09-21T01:24:48.164+0000] {logging_mixin.py:149} INFO - [2026-09-21T01:24:48.163+0000] {dag.py:2726} INFO - Sync 1 DAGs
[2026-09-21T01:24:48.245+0000] {logging_mixin.py:149} INFO - [2026-09-21T01:24:48.245+0000] {dag.py:3490} INFO - Setting next_dagrun for 7-branching to None, run_after=None
[2026-09-21T01:24:48.270+0000] {processor.py:178} INFO - Processing /opt/airflow/dags/7_branch_pythoon_operator.py took 0.203 seconds
[2026-09-21T01:25:18.926+0000] {processor.py:156} INFO - Started process (PID=4915) to work on /opt/airflow/dags/7_branch_pythoon_operator.py
[2026-09-21T01:25:18.928+0000] {processor.py:799} INFO - Processing file /opt/airflow/dags/7_branch_pythoon_operator.py for tasks to queue
[2026-09-21T01:25:18.929+0000] {logging_mixin.py:149} INFO - [2026-09-21T01:25:18.929+0000] {dagbag.py:541} INFO - Filling up the DagBag from /opt/airflow/dags/7_branch_pythoon_operator.py
[2026-09-21T01:25:18.970+0000] {processor.py:809} INFO - DAG(s) dict_keys(['7-branching']) retrieved from /opt/airflow/dags/7_branch_pythoon_operator.py
[2026-09-21T01:25:19.044+0000] {logging_mixin.py:149} INFO - [2026-09-21T01:25:19.044+0000] {dag.py:2726} INFO - Sync 1 DAGs
[2026-09-21T01:25:19.096+0000] {logging_mixin.py:149} INFO - [2026-09-21T01:25:19.096+0000] {dag.py:3490} INFO - Setting next_dagrun for 7-branching to None, run_after=None
[2026-09-21T01:25:19.145+0000] {processor.py:178} INFO - Processing /opt/airflow/dags/7_branch_pythoon_operator.py took 0.230 seconds
[2026-09-21T01:25:49.275+0000] {processor.py:156} INFO - Started process (PID=4925) to work on /opt/airflow/dags/7_branch_pythoon_operator.py
[2026-09-21T01:25:49.278+0000] {processor.py:799} INFO - Processing file /opt/airflow/dags/7_branch_pythoon_operator.py for tasks to queue
[2026-09-21T01:25:49.279+0000] {logging_mixin.py:149} INFO - [2026-09-21T01:25:49.279+0000] {dagbag.py:541} INFO - Filling up the DagBag from /opt/airflow/dags/7_branch_pythoon_operator.py
[2026-09-21T01:25:49.308+0000] {processor.py:809} INFO - DAG(s) dict_keys(['7-branching']) retrieved from /opt/airflow/dags/7_branch_pythoon_operator.py
[2026-09-21T01:25:49.373+0000] {logging_mixin.py:149} INFO - [2026-09-21T01:25:49.372+0000] {dag.py:2726} INFO - Sync 1 DAGs
[2026-09-21T01:25:49.417+0000] {logging_mixin.py:149} INFO - [2026-09-21T01:25:49.416+0000] {dag.py:3490} INFO - Setting next_dagrun for 7-branching to None, run_after=None
[2026-09-21T01:25:49.457+0000] {processor.py:178} INFO - Processing /opt/airflow/dags/7_branch_pythoon_operator.py took 0.189 seconds
[2026-09-21T01:26:19.750+0000] {processor.py:156} INFO - Started process (PID=4935) to work on /opt/airflow/dags/7_branch_pythoon_operator.py
[2026-09-21T01:26:19.751+0000] {processor.py:799} INFO - Processing file /opt/airflow/dags/7_branch_pythoon_operator.py for tasks to queue
[2026-09-21T01:26:19.753+0000] {logging_mixin.py:149} INFO - [2026-09-21T01:26:19.753+0000] {dagbag.py:541} INFO - Filling up the DagBag from /opt/airflow/dags/7_branch_pythoon_operator.py
[2026-09-21T01:26:19.778+0000] {processor.py:809} INFO - DAG(s) dict_keys(['7-branching']) retrieved from /opt/airflow/dags/7_branch_pythoon_operator.py
[2026-09-21T01:26:19.860+0000] {logging_mixin.py:149} INFO - [2026-09-21T01:26:19.859+0000] {dag.py:2726} INFO - Sync 1 DAGs
[2026-09-21T01:26:19.912+0000] {logging_mixin.py:149} INFO - [2026-09-21T01:26:19.912+0000] {dag.py:3490} INFO - Setting next_dagrun for 7-branching to None, run_after=None
[2026-09-21T01:26:19.961+0000] {processor.py:178} INFO - Processing /opt/airflow/dags/7_branch_pythoon_operator.py took 0.219 seconds
[2026-09-21T01:26:50.180+0000] {processor.py:156} INFO - Started process (PID=4945) to work on /opt/airflow/dags/7_branch_pythoon_operator.py
[2026-09-21T01:26:50.182+0000] {processor.py:799} INFO - Processing file /opt/airflow/dags/7_branch_pythoon_operator.py for tasks to queue
[2026-09-21T01:26:50.183+0000] {logging_mixin.py:149} INFO - [2026-09-21T01:26:50.183+0000] {dagbag.py:541} INFO - Filling up the DagBag from /opt/airflow/dags/7_branch_pythoon_operator.py
[2026-09-21T01:26:50.202+0000] {processor.py:809} INFO - DAG(s) dict_keys(['7-branching']) retrieved from /opt/airflow/dags/7_branch_pythoon_operator.py
[2026-09-21T01:26:50.245+0000] {logging_mixin.py:149} INFO - [2026-09-21T01:26:50.244+0000] {dag.py:2726} INFO - Sync 1 DAGs
[2026-09-21T01:26:50.278+0000] {logging_mixin.py:149} INFO - [2026-09-21T01:26:50.278+0000] {dag.py:3490} INFO - Setting next_dagrun for 7-branching to None, run_after=None
[2026-09-21T01:26:50.306+0000] {processor.py:178} INFO - Processing /opt/airflow/dags/7_branch_pythoon_operator.py took 0.132 seconds
[2026-09-21T01:27:20.371+0000] {processor.py:156} INFO - Started process (PID=4955) to work on /opt/airflow/dags/7_branch_pythoon_operator.py
[2026-09-21T01:27:20.372+0000] {processor.py:799} INFO - Processing file /opt/airflow/dags/7_branch_pythoon_operator.py for tasks to queue
[2026-09-21T01:27:20.373+0000] {logging_mixin.py:149} INFO - [2026-09-21T01:27:20.373+0000] {dagbag.py:541} INFO - Filling up the DagBag from /opt/airflow/dags/7_branch_pythoon_operator.py
[2026-09-21T01:27:20.430+0000] {processor.py:809} INFO - DAG(s) dict_keys(['7-branching']) retrieved from /opt/airflow/dags/7_branch_pythoon_operator.py
[2026-09-21T01:27:20.531+0000] {logging_mixin.py:149} INFO - [2026-09-21T01:27:20.531+0000] {dag.py:2726} INFO - Sync 1 DAGs
[2026-09-21T01:27:20.600+0000] {logging_mixin.py:149} INFO - [2026-09-21T01:27:20.600+0000] {dag.py:3490} INFO - Setting next_dagrun for 7-branching to None, run_after=None
[2026-09-21T01:27:20.650+0000] {processor.py:178} INFO - Processing /opt/airflow/dags/7_branch_pythoon_operator.py took 0.295 seconds
[2026-09-21T01:27:50.808+0000] {processor.py:156} INFO - Started process (PID=4965) to work on /opt/airflow/dags/7_branch_pythoon_operator.py
[2026-09-21T01:27:50.811+0000] {processor.py:799} INFO - Processing file /opt/airflow/dags/7_branch_pythoon_operator.py for tasks to queue
[2026-09-21T01:27:50.813+0000] {logging_mixin.py:149} INFO - [2026-09-21T01:27:50.812+0000] {dagbag.py:541} INFO - Filling up the DagBag from /opt/airflow/dags/7_branch_pythoon_operator.py
[2026-09-21T01:27:50.843+0000] {processor.py:809} INFO - DAG(s) dict_keys(['7-branching']) retrieved from /opt/airflow/dags/7_branch_pythoon_operator.py
[2026-09-21T01:27:50.895+0000] {logging_mixin.py:149} INFO - [2026-09-21T01:27:50.895+0000] {dag.py:2726} INFO - Sync 1 DAGs
[2026-09-21T01:27:50.948+0000] {logging_mixin.py:149} INFO - [2026-09-21T01:27:50.948+0000] {dag.py:3490} INFO - Setting next_dagrun for 7-branching to None, run_after=None
[2026-09-21T01:27:50.982+0000] {processor.py:178} INFO - Processing /opt/airflow/dags/7_branch_pythoon_operator.py took 0.180 seconds
[2026-09-21T01:28:21.778+0000] {processor.py:156} INFO - Started process (PID=4975) to work on /opt/airflow/dags/7_branch_pythoon_operator.py
[2026-09-21T01:28:21.781+0000] {processor.py:799} INFO - Processing file /opt/airflow/dags/7_branch_pythoon_operator.py for tasks to queue
[2026-09-21T01:28:21.782+0000] {logging_mixin.py:149} INFO - [2026-09-21T01:28:21.782+0000] {dagbag.py:541} INFO - Filling up the DagBag from /opt/airflow/dags/7_branch_pythoon_operator.py
[2026-09-21T01:28:21.803+0000] {processor.py:809} INFO - DAG(s) dict_keys(['7-branching']) retrieved from /opt/airflow/dags/7_branch_pythoon_operator.py
[2026-09-21T01:28:21.870+0000] {logging_mixin.py:149} INFO - [2026-09-21T01:28:21.869+0000] {dag.py:2726} INFO - Sync 1 DAGs
[2026-09-21T01:28:21.910+0000] {logging_mixin.py:149} INFO - [2026-09-21T01:28:21.910+0000] {dag.py:3490} INFO - Setting next_dagrun for 7-branching to None, run_after=None
[2026-09-21T01:28:21.962+0000] {processor.py:178} INFO - Processing /opt/airflow/dags/7_branch_pythoon_operator.py took 0.190 seconds
[2026-09-21T01:28:52.180+0000] {processor.py:156} INFO - Started process (PID=4985) to work on /opt/airflow/dags/7_branch_pythoon_operator.py
[2026-09-21T01:28:52.195+0000] {processor.py:799} INFO - Processing file /opt/airflow/dags/7_branch_pythoon_operator.py for tasks to queue
[2026-09-21T01:28:52.196+0000] {logging_mixin.py:149} INFO - [2026-09-21T01:28:52.196+0000] {dagbag.py:541} INFO - Filling up the DagBag from /opt/airflow/dags/7_branch_pythoon_operator.py
[2026-09-21T01:28:52.225+0000] {processor.py:809} INFO - DAG(s) dict_keys(['7-branching']) retrieved from /opt/airflow/dags/7_branch_pythoon_operator.py
[2026-09-21T01:28:52.291+0000] {logging_mixin.py:149} INFO - [2026-09-21T01:28:52.290+0000] {dag.py:2726} INFO - Sync 1 DAGs
[2026-09-21T01:28:52.349+0000] {logging_mixin.py:149} INFO - [2026-09-21T01:28:52.348+0000] {dag.py:3490} INFO - Setting next_dagrun for 7-branching to None, run_after=None
[2026-09-21T01:28:52.394+0000] {processor.py:178} INFO - Processing /opt/airflow/dags/7_branch_pythoon_operator.py took 0.223 seconds
[2026-09-21T01:29:22.608+0000] {processor.py:156} INFO - Started process (PID=4995) to work on /opt/airflow/dags/7_branch_pythoon_operator.py
[2026-09-21T01:29:22.610+0000] {processor.py:799} INFO - Processing file /opt/airflow/dags/7_branch_pythoon_operator.py for tasks to queue
[2026-09-21T01:29:22.611+0000] {logging_mixin.py:149} INFO - [2026-09-21T01:29:22.611+0000] {dagbag.py:541} INFO - Filling up the DagBag from /opt/airflow/dags/7_branch_pythoon_operator.py
[2026-09-21T01:29:22.632+0000] {processor.py:809} INFO - DAG(s) dict_keys(['7-branching']) retrieved from /opt/airflow/dags/7_branch_pythoon_operator.py
[2026-09-21T01:29:22.681+0000] {logging_mixin.py:149} INFO - [2026-09-21T01:29:22.681+0000] {dag.py:2726} INFO - Sync 1 DAGs
[2026-09-21T01:29:22.724+0000] {logging_mixin.py:149} INFO - [2026-09-21T01:29:22.724+0000] {dag.py:3490} INFO - Setting next_dagrun for 7-branching to None, run_after=None
[2026-09-21T01:29:22.757+0000] {processor.py:178} INFO - Processing /opt/airflow/dags/7_branch_pythoon_operator.py took 0.156 seconds
[2026-09-21T01:29:52.875+0000] {processor.py:156} INFO - Started process (PID=5005) to work on /opt/airflow/dags/7_branch_pythoon_operator.py
[2026-09-21T01:29:52.883+0000] {processor.py:799} INFO - Processing file /opt/airflow/dags/7_branch_pythoon_operator.py for tasks to queue
[2026-09-21T01:29:52.884+0000] {logging_mixin.py:149} INFO - [2026-09-21T01:29:52.884+0000] {dagbag.py:541} INFO - Filling up the DagBag from /opt/airflow/dags/7_branch_pythoon_operator.py
[2026-09-21T01:29:52.917+0000] {processor.py:809} INFO - DAG(s) dict_keys(['7-branching']) retrieved from /opt/airflow/dags/7_branch_pythoon_operator.py
[2026-09-21T01:29:52.975+0000] {logging_mixin.py:149} INFO - [2026-09-21T01:29:52.975+0000] {dag.py:2726} INFO - Sync 1 DAGs
[2026-09-21T01:29:53.049+0000] {logging_mixin.py:149} INFO - [2026-09-21T01:29:53.048+0000] {dag.py:3490} INFO - Setting next_dagrun for 7-branching to None, run_after=None
[2026-09-21T01:29:53.107+0000] {processor.py:178} INFO - Processing /opt/airflow/dags/7_branch_pythoon_operator.py took 0.240 seconds
[2026-09-21T01:30:23.199+0000] {processor.py:156} INFO - Started process (PID=5015) to work on /opt/airflow/dags/7_branch_pythoon_operator.py
[2026-09-21T01:30:23.200+0000] {processor.py:799} INFO - Processing file /opt/airflow/dags/7_branch_pythoon_operator.py for tasks to queue
[2026-09-21T01:30:23.201+0000] {logging_mixin.py:149} INFO - [2026-09-21T01:30:23.201+0000] {dagbag.py:541} INFO - Filling up the DagBag from /opt/airflow/dags/7_branch_pythoon_operator.py
[2026-09-21T01:30:23.220+0000] {processor.py:809} INFO - DAG(s) dict_keys(['7-branching']) retrieved from /opt/airflow/dags/7_branch_pythoon_operator.py
[2026-09-21T01:30:23.257+0000] {logging_mixin.py:149} INFO - [2026-09-21T01:30:23.257+0000] {dag.py:2726} INFO - Sync 1 DAGs
[2026-09-21T01:30:23.291+0000] {logging_mixin.py:149} INFO - [2026-09-21T01:30:23.291+0000] {dag.py:3490} INFO - Setting next_dagrun for 7-branching to None, run_after=None
[2026-09-21T01:30:23.313+0000] {processor.py:178} INFO - Processing /opt/airflow/dags/7_branch_pythoon_operator.py took 0.119 seconds
[2026-09-21T01:30:53.376+0000] {processor.py:156} INFO - Started process (PID=5025) to work on /opt/airflow/dags/7_branch_pythoon_operator.py
[2026-09-21T01:30:53.381+0000] {processor.py:799} INFO - Processing file /opt/airflow/dags/7_branch_pythoon_operator.py for tasks to queue
[2026-09-21T01:30:53.383+0000] {logging_mixin.py:149} INFO - [2026-09-21T01:30:53.382+0000] {dagbag.py:541} INFO - Filling up the DagBag from /opt/airflow/dags/7_branch_pythoon_operator.py
[2026-09-21T01:30:53.415+0000] {processor.py:809} INFO - DAG(s) dict_keys(['7-branching']) retrieved from /opt/airflow/dags/7_branch_pythoon_operator.py
[2026-09-21T01:30:53.475+0000] {logging_mixin.py:149} INFO - [2026-09-21T01:30:53.475+0000] {dag.py:2726} INFO - Sync 1 DAGs
[2026-09-21T01:30:53.524+0000] {logging_mixin.py:149} INFO - [2026-09-21T01:30:53.523+0000] {dag.py:3490} INFO - Setting next_dagrun for 7-branching to None, run_after=None
[2026-09-21T01:30:53.571+0000] {processor.py:178} INFO - Processing /opt/airflow/dags/7_branch_pythoon_operator.py took 0.202 seconds
[2026-09-21T01:31:23.650+0000] {processor.py:156} INFO - Started process (PID=5035) to work on /opt/airflow/dags/7_branch_pythoon_operator.py
[2026-09-21T01:31:23.653+0000] {processor.py:799} INFO - Processing file /opt/airflow/dags/7_branch_pythoon_operator.py for tasks to queue
[2026-09-21T01:31:23.660+0000] {logging_mixin.py:149} INFO - [2026-09-21T01:31:23.659+0000] {dagbag.py:541} INFO - Filling up the DagBag from /opt/airflow/dags/7_branch_pythoon_operator.py
[2026-09-21T01:31:23.709+0000] {processor.py:809} INFO - DAG(s) dict_keys(['7-branching']) retrieved from /opt/airflow/dags/7_branch_pythoon_operator.py
[2026-09-21T01:31:23.788+0000] {logging_mixin.py:149} INFO - [2026-09-21T01:31:23.787+0000] {dag.py:2726} INFO - Sync 1 DAGs
[2026-09-21T01:31:23.833+0000] {logging_mixin.py:149} INFO - [2026-09-21T01:31:23.833+0000] {dag.py:3490} INFO - Setting next_dagrun for 7-branching to None, run_after=None
[2026-09-21T01:31:23.857+0000] {processor.py:178} INFO - Processing /opt/airflow/dags/7_branch_pythoon_operator.py took 0.217 seconds
[2026-09-21T01:31:54.000+0000] {processor.py:156} INFO - Started process (PID=5044) to work on /opt/airflow/dags/7_branch_pythoon_operator.py
[2026-09-21T01:31:54.003+0000] {processor.py:799} INFO - Processing file /opt/airflow/dags/7_branch_pythoon_operator.py for tasks to queue
[2026-09-21T01:31:54.004+0000] {logging_mixin.py:149} INFO - [2026-09-21T01:31:54.004+0000] {dagbag.py:541} INFO - Filling up the DagBag from /opt/airflow/dags/7_branch_pythoon_operator.py
[2026-09-21T01:31:54.031+0000] {processor.py:809} INFO - DAG(s) dict_keys(['7-branching']) retrieved from /opt/airflow/dags/7_branch_pythoon_operator.py
[2026-09-21T01:31:54.149+0000] {logging_mixin.py:149} INFO - [2026-09-21T01:31:54.148+0000] {dag.py:2726} INFO - Sync 1 DAGs
[2026-09-21T01:31:54.258+0000] {logging_mixin.py:149} INFO - [2026-09-21T01:31:54.257+0000] {dag.py:3490} INFO - Setting next_dagrun for 7-branching to None, run_after=None
[2026-09-21T01:31:54.318+0000] {processor.py:178} INFO - Processing /opt/airflow/dags/7_branch_pythoon_operator.py took 0.328 seconds
[2026-09-21T01:32:24.366+0000] {processor.py:156} INFO - Started process (PID=5054) to work on /opt/airflow/dags/7_branch_pythoon_operator.py
[2026-09-21T01:32:24.368+0000] {processor.py:799} INFO - Processing file /opt/airflow/dags/7_branch_pythoon_operator.py for tasks to queue
[2026-09-21T01:32:24.369+0000] {logging_mixin.py:149} INFO - [2026-09-21T01:32:24.368+0000] {dagbag.py:541} INFO - Filling up the DagBag from /opt/airflow/dags/7_branch_pythoon_operator.py
[2026-09-21T01:32:24.399+0000] {processor.py:809} INFO - DAG(s) dict_keys(['7-branching']) retrieved from /opt/airflow/dags/7_branch_pythoon_operator.py
[2026-09-21T01:32:24.456+0000] {logging_mixin.py:149} INFO - [2026-09-21T01:32:24.456+0000] {dag.py:2726} INFO - Sync 1 DAGs
[2026-09-21T01:32:24.489+0000] {logging_mixin.py:149} INFO - [2026-09-21T01:32:24.489+0000] {dag.py:3490} INFO - Setting next_dagrun for 7-branching to None, run_after=None
[2026-09-21T01:32:24.519+0000] {processor.py:178} INFO - Processing /opt/airflow/dags/7_branch_pythoon_operator.py took 0.159 seconds
[2026-09-21T01:32:54.626+0000] {processor.py:156} INFO - Started process (PID=5064) to work on /opt/airflow/dags/7_branch_pythoon_operator.py
[2026-09-21T01:32:54.629+0000] {processor.py:799} INFO - Processing file /opt/airflow/dags/7_branch_pythoon_operator.py for tasks to queue
[2026-09-21T01:32:54.632+0000] {logging_mixin.py:149} INFO - [2026-09-21T01:32:54.631+0000] {dagbag.py:541} INFO - Filling up the DagBag from /opt/airflow/dags/7_branch_pythoon_operator.py
[2026-09-21T01:32:54.652+0000] {processor.py:809} INFO - DAG(s) dict_keys(['7-branching']) retrieved from /opt/airflow/dags/7_branch_pythoon_operator.py
[2026-09-21T01:32:54.742+0000] {logging_mixin.py:149} INFO - [2026-09-21T01:32:54.742+0000] {dag.py:2726} INFO - Sync 1 DAGs
[2026-09-21T01:32:54.799+0000] {logging_mixin.py:149} INFO - [2026-09-21T01:32:54.799+0000] {dag.py:3490} INFO - Setting next_dagrun for 7-branching to None, run_after=None
[2026-09-21T01:32:54.856+0000] {processor.py:178} INFO - Processing /opt/airflow/dags/7_branch_pythoon_operator.py took 0.238 seconds
[2026-09-21T01:33:25.794+0000] {processor.py:156} INFO - Started process (PID=5074) to work on /opt/airflow/dags/7_branch_pythoon_operator.py
[2026-09-21T01:33:25.796+0000] {processor.py:799} INFO - Processing file /opt/airflow/dags/7_branch_pythoon_operator.py for tasks to queue
[2026-09-21T01:33:25.798+0000] {logging_mixin.py:149} INFO - [2026-09-21T01:33:25.797+0000] {dagbag.py:541} INFO - Filling up the DagBag from /opt/airflow/dags/7_branch_pythoon_operator.py
[2026-09-21T01:33:25.827+0000] {processor.py:809} INFO - DAG(s) dict_keys(['7-branching']) retrieved from /opt/airflow/dags/7_branch_pythoon_operator.py
[2026-09-21T01:33:25.906+0000] {logging_mixin.py:149} INFO - [2026-09-21T01:33:25.906+0000] {dag.py:2726} INFO - Sync 1 DAGs
[2026-09-21T01:33:25.954+0000] {logging_mixin.py:149} INFO - [2026-09-21T01:33:25.953+0000] {dag.py:3490} INFO - Setting next_dagrun for 7-branching to None, run_after=None
[2026-09-21T01:33:25.993+0000] {processor.py:178} INFO - Processing /opt/airflow/dags/7_branch_pythoon_operator.py took 0.205 seconds
[2026-09-21T01:33:56.036+0000] {processor.py:156} INFO - Started process (PID=5084) to work on /opt/airflow/dags/7_branch_pythoon_operator.py
[2026-09-21T01:33:56.038+0000] {processor.py:799} INFO - Processing file /opt/airflow/dags/7_branch_pythoon_operator.py for tasks to queue
[2026-09-21T01:33:56.039+0000] {logging_mixin.py:149} INFO - [2026-09-21T01:33:56.038+0000] {dagbag.py:541} INFO - Filling up the DagBag from /opt/airflow/dags/7_branch_pythoon_operator.py
[2026-09-21T01:33:56.062+0000] {processor.py:809} INFO - DAG(s) dict_keys(['7-branching']) retrieved from /opt/airflow/dags/7_branch_pythoon_operator.py
[2026-09-21T01:33:56.113+0000] {logging_mixin.py:149} INFO - [2026-09-21T01:33:56.112+0000] {dag.py:2726} INFO - Sync 1 DAGs
[2026-09-21T01:33:56.159+0000] {logging_mixin.py:149} INFO - [2026-09-21T01:33:56.159+0000] {dag.py:3490} INFO - Setting next_dagrun for 7-branching to None, run_after=None
[2026-09-21T01:33:56.207+0000] {processor.py:178} INFO - Processing /opt/airflow/dags/7_branch_pythoon_operator.py took 0.177 seconds
[2026-09-21T01:34:26.449+0000] {processor.py:156} INFO - Started process (PID=5094) to work on /opt/airflow/dags/7_branch_pythoon_operator.py
[2026-09-21T01:34:26.453+0000] {processor.py:799} INFO - Processing file /opt/airflow/dags/7_branch_pythoon_operator.py for tasks to queue
[2026-09-21T01:34:26.454+0000] {logging_mixin.py:149} INFO - [2026-09-21T01:34:26.454+0000] {dagbag.py:541} INFO - Filling up the DagBag from /opt/airflow/dags/7_branch_pythoon_operator.py
[2026-09-21T01:34:26.491+0000] {processor.py:809} INFO - DAG(s) dict_keys(['7-branching']) retrieved from /opt/airflow/dags/7_branch_pythoon_operator.py
[2026-09-21T01:34:26.592+0000] {logging_mixin.py:149} INFO - [2026-09-21T01:34:26.592+0000] {dag.py:2726} INFO - Sync 1 DAGs
[2026-09-21T01:34:26.656+0000] {logging_mixin.py:149} INFO - [2026-09-21T01:34:26.656+0000] {dag.py:3490} INFO - Setting next_dagrun for 7-branching to None, run_after=None
[2026-09-21T01:34:26.701+0000] {processor.py:178} INFO - Processing /opt/airflow/dags/7_branch_pythoon_operator.py took 0.257 seconds
[2026-09-21T01:34:56.758+0000] {processor.py:156} INFO - Started process (PID=5104) to work on /opt/airflow/dags/7_branch_pythoon_operator.py
[2026-09-21T01:34:56.762+0000] {processor.py:799} INFO - Processing file /opt/airflow/dags/7_branch_pythoon_operator.py for tasks to queue
[2026-09-21T01:34:56.763+0000] {logging_mixin.py:149} INFO - [2026-09-21T01:34:56.763+0000] {dagbag.py:541} INFO - Filling up the DagBag from /opt/airflow/dags/7_branch_pythoon_operator.py
[2026-09-21T01:34:56.793+0000] {processor.py:809} INFO - DAG(s) dict_keys(['7-branching']) retrieved from /opt/airflow/dags/7_branch_pythoon_operator.py
[2026-09-21T01:34:56.865+0000] {logging_mixin.py:149} INFO - [2026-09-21T01:34:56.864+0000] {dag.py:2726} INFO - Sync 1 DAGs
[2026-09-21T01:34:56.913+0000] {logging_mixin.py:149} INFO - [2026-09-21T01:34:56.912+0000] {dag.py:3490} INFO - Setting next_dagrun for 7-branching to None, run_after=None
[2026-09-21T01:34:56.982+0000] {processor.py:178} INFO - Processing /opt/airflow/dags/7_branch_pythoon_operator.py took 0.232 seconds
[2026-09-21T01:35:27.131+0000] {processor.py:156} INFO - Started process (PID=5114) to work on /opt/airflow/dags/7_branch_pythoon_operator.py
[2026-09-21T01:35:27.134+0000] {processor.py:799} INFO - Processing file /opt/airflow/dags/7_branch_pythoon_operator.py for tasks to queue
[2026-09-21T01:35:27.135+0000] {logging_mixin.py:149} INFO - [2026-09-21T01:35:27.135+0000] {dagbag.py:541} INFO - Filling up the DagBag from /opt/airflow/dags/7_branch_pythoon_operator.py
[2026-09-21T01:35:27.156+0000] {processor.py:809} INFO - DAG(s) dict_keys(['7-branching']) retrieved from /opt/airflow/dags/7_branch_pythoon_operator.py
[2026-09-21T01:35:27.206+0000] {logging_mixin.py:149} INFO - [2026-09-21T01:35:27.205+0000] {dag.py:2726} INFO - Sync 1 DAGs
[2026-09-21T01:35:27.248+0000] {logging_mixin.py:149} INFO - [2026-09-21T01:35:27.248+0000] {dag.py:3490} INFO - Setting next_dagrun for 7-branching to None, run_after=None
[2026-09-21T01:35:27.303+0000] {processor.py:178} INFO - Processing /opt/airflow/dags/7_branch_pythoon_operator.py took 0.177 seconds
[2026-09-21T01:35:57.409+0000] {processor.py:156} INFO - Started process (PID=5124) to work on /opt/airflow/dags/7_branch_pythoon_operator.py
[2026-09-21T01:35:57.410+0000] {processor.py:799} INFO - Processing file /opt/airflow/dags/7_branch_pythoon_operator.py for tasks to queue
[2026-09-21T01:35:57.415+0000] {logging_mixin.py:149} INFO - [2026-09-21T01:35:57.411+0000] {dagbag.py:541} INFO - Filling up the DagBag from /opt/airflow/dags/7_branch_pythoon_operator.py
[2026-09-21T01:35:57.485+0000] {processor.py:809} INFO - DAG(s) dict_keys(['7-branching']) retrieved from /opt/airflow/dags/7_branch_pythoon_operator.py
[2026-09-21T01:35:57.557+0000] {logging_mixin.py:149} INFO - [2026-09-21T01:35:57.557+0000] {dag.py:2726} INFO - Sync 1 DAGs
[2026-09-21T01:35:57.611+0000] {logging_mixin.py:149} INFO - [2026-09-21T01:35:57.611+0000] {dag.py:3490} INFO - Setting next_dagrun for 7-branching to None, run_after=None
[2026-09-21T01:35:57.640+0000] {processor.py:178} INFO - Processing /opt/airflow/dags/7_branch_pythoon_operator.py took 0.241 seconds
[2026-09-21T01:36:28.063+0000] {processor.py:156} INFO - Started process (PID=5134) to work on /opt/airflow/dags/7_branch_pythoon_operator.py
[2026-09-21T01:36:28.066+0000] {processor.py:799} INFO - Processing file /opt/airflow/dags/7_branch_pythoon_operator.py for tasks to queue
[2026-09-21T01:36:28.068+0000] {logging_mixin.py:149} INFO - [2026-09-21T01:36:28.067+0000] {dagbag.py:541} INFO - Filling up the DagBag from /opt/airflow/dags/7_branch_pythoon_operator.py
[2026-09-21T01:36:28.100+0000] {processor.py:809} INFO - DAG(s) dict_keys(['7-branching']) retrieved from /opt/airflow/dags/7_branch_pythoon_operator.py
[2026-09-21T01:36:28.190+0000] {logging_mixin.py:149} INFO - [2026-09-21T01:36:28.190+0000] {dag.py:2726} INFO - Sync 1 DAGs
[2026-09-21T01:36:28.252+0000] {logging_mixin.py:149} INFO - [2026-09-21T01:36:28.252+0000] {dag.py:3490} INFO - Setting next_dagrun for 7-branching to None, run_after=None
[2026-09-21T01:36:28.296+0000] {processor.py:178} INFO - Processing /opt/airflow/dags/7_branch_pythoon_operator.py took 0.241 seconds
[2026-09-21T01:36:58.493+0000] {processor.py:156} INFO - Started process (PID=5145) to work on /opt/airflow/dags/7_branch_pythoon_operator.py
[2026-09-21T01:36:58.494+0000] {processor.py:799} INFO - Processing file /opt/airflow/dags/7_branch_pythoon_operator.py for tasks to queue
[2026-09-21T01:36:58.495+0000] {logging_mixin.py:149} INFO - [2026-09-21T01:36:58.495+0000] {dagbag.py:541} INFO - Filling up the DagBag from /opt/airflow/dags/7_branch_pythoon_operator.py
[2026-09-21T01:36:58.518+0000] {processor.py:809} INFO - DAG(s) dict_keys(['7-branching']) retrieved from /opt/airflow/dags/7_branch_pythoon_operator.py
[2026-09-21T01:36:58.569+0000] {logging_mixin.py:149} INFO - [2026-09-21T01:36:58.569+0000] {dag.py:2726} INFO - Sync 1 DAGs
[2026-09-21T01:36:58.609+0000] {logging_mixin.py:149} INFO - [2026-09-21T01:36:58.609+0000] {dag.py:3490} INFO - Setting next_dagrun for 7-branching to None, run_after=None
[2026-09-21T01:36:58.636+0000] {processor.py:178} INFO - Processing /opt/airflow/dags/7_branch_pythoon_operator.py took 0.150 seconds
[2026-09-21T01:37:28.802+0000] {processor.py:156} INFO - Started process (PID=5155) to work on /opt/airflow/dags/7_branch_pythoon_operator.py
[2026-09-21T01:37:28.805+0000] {processor.py:799} INFO - Processing file /opt/airflow/dags/7_branch_pythoon_operator.py for tasks to queue
[2026-09-21T01:37:28.806+0000] {logging_mixin.py:149} INFO - [2026-09-21T01:37:28.805+0000] {dagbag.py:541} INFO - Filling up the DagBag from /opt/airflow/dags/7_branch_pythoon_operator.py
[2026-09-21T01:37:28.827+0000] {processor.py:809} INFO - DAG(s) dict_keys(['7-branching']) retrieved from /opt/airflow/dags/7_branch_pythoon_operator.py
[2026-09-21T01:37:28.885+0000] {logging_mixin.py:149} INFO - [2026-09-21T01:37:28.885+0000] {dag.py:2726} INFO - Sync 1 DAGs
[2026-09-21T01:37:28.924+0000] {logging_mixin.py:149} INFO - [2026-09-21T01:37:28.923+0000] {dag.py:3490} INFO - Setting next_dagrun for 7-branching to None, run_after=None
[2026-09-21T01:37:28.975+0000] {processor.py:178} INFO - Processing /opt/airflow/dags/7_branch_pythoon_operator.py took 0.180 seconds
[2026-09-21T01:37:59.032+0000] {processor.py:156} INFO - Started process (PID=5165) to work on /opt/airflow/dags/7_branch_pythoon_operator.py
[2026-09-21T01:37:59.034+0000] {processor.py:799} INFO - Processing file /opt/airflow/dags/7_branch_pythoon_operator.py for tasks to queue
[2026-09-21T01:37:59.035+0000] {logging_mixin.py:149} INFO - [2026-09-21T01:37:59.035+0000] {dagbag.py:541} INFO - Filling up the DagBag from /opt/airflow/dags/7_branch_pythoon_operator.py
[2026-09-21T01:37:59.071+0000] {processor.py:809} INFO - DAG(s) dict_keys(['7-branching']) retrieved from /opt/airflow/dags/7_branch_pythoon_operator.py
[2026-09-21T01:37:59.135+0000] {logging_mixin.py:149} INFO - [2026-09-21T01:37:59.134+0000] {dag.py:2726} INFO - Sync 1 DAGs
[2026-09-21T01:37:59.183+0000] {logging_mixin.py:149} INFO - [2026-09-21T01:37:59.183+0000] {dag.py:3490} INFO - Setting next_dagrun for 7-branching to None, run_after=None
[2026-09-21T01:37:59.219+0000] {processor.py:178} INFO - Processing /opt/airflow/dags/7_branch_pythoon_operator.py took 0.196 seconds
[2026-09-21T01:38:29.284+0000] {processor.py:156} INFO - Started process (PID=5175) to work on /opt/airflow/dags/7_branch_pythoon_operator.py
[2026-09-21T01:38:29.288+0000] {processor.py:799} INFO - Processing file /opt/airflow/dags/7_branch_pythoon_operator.py for tasks to queue
[2026-09-21T01:38:29.290+0000] {logging_mixin.py:149} INFO - [2026-09-21T01:38:29.290+0000] {dagbag.py:541} INFO - Filling up the DagBag from /opt/airflow/dags/7_branch_pythoon_operator.py
[2026-09-21T01:38:29.316+0000] {processor.py:809} INFO - DAG(s) dict_keys(['7-branching']) retrieved from /opt/airflow/dags/7_branch_pythoon_operator.py
[2026-09-21T01:38:29.371+0000] {logging_mixin.py:149} INFO - [2026-09-21T01:38:29.370+0000] {dag.py:2726} INFO - Sync 1 DAGs
[2026-09-21T01:38:29.413+0000] {logging_mixin.py:149} INFO - [2026-09-21T01:38:29.413+0000] {dag.py:3490} INFO - Setting next_dagrun for 7-branching to None, run_after=None
[2026-09-21T01:38:29.469+0000] {processor.py:178} INFO - Processing /opt/airflow/dags/7_branch_pythoon_operator.py took 0.192 seconds
[2026-09-21T01:38:59.608+0000] {processor.py:156} INFO - Started process (PID=5184) to work on /opt/airflow/dags/7_branch_pythoon_operator.py
[2026-09-21T01:38:59.613+0000] {processor.py:799} INFO - Processing file /opt/airflow/dags/7_branch_pythoon_operator.py for tasks to queue
[2026-09-21T01:38:59.624+0000] {logging_mixin.py:149} INFO - [2026-09-21T01:38:59.620+0000] {dagbag.py:541} INFO - Filling up the DagBag from /opt/airflow/dags/7_branch_pythoon_operator.py
[2026-09-21T01:38:59.664+0000] {processor.py:809} INFO - DAG(s) dict_keys(['7-branching']) retrieved from /opt/airflow/dags/7_branch_pythoon_operator.py
[2026-09-21T01:38:59.777+0000] {logging_mixin.py:149} INFO - [2026-09-21T01:38:59.777+0000] {dag.py:2726} INFO - Sync 1 DAGs
[2026-09-21T01:38:59.841+0000] {logging_mixin.py:149} INFO - [2026-09-21T01:38:59.841+0000] {dag.py:3490} INFO - Setting next_dagrun for 7-branching to None, run_after=None
[2026-09-21T01:38:59.905+0000] {processor.py:178} INFO - Processing /opt/airflow/dags/7_branch_pythoon_operator.py took 0.320 seconds
[2026-09-21T01:39:30.018+0000] {processor.py:156} INFO - Started process (PID=5194) to work on /opt/airflow/dags/7_branch_pythoon_operator.py
[2026-09-21T01:39:30.030+0000] {processor.py:799} INFO - Processing file /opt/airflow/dags/7_branch_pythoon_operator.py for tasks to queue
[2026-09-21T01:39:30.031+0000] {logging_mixin.py:149} INFO - [2026-09-21T01:39:30.031+0000] {dagbag.py:541} INFO - Filling up the DagBag from /opt/airflow/dags/7_branch_pythoon_operator.py
[2026-09-21T01:39:30.089+0000] {processor.py:809} INFO - DAG(s) dict_keys(['7-branching']) retrieved from /opt/airflow/dags/7_branch_pythoon_operator.py
[2026-09-21T01:39:30.179+0000] {logging_mixin.py:149} INFO - [2026-09-21T01:39:30.179+0000] {dag.py:2726} INFO - Sync 1 DAGs
[2026-09-21T01:39:30.258+0000] {logging_mixin.py:149} INFO - [2026-09-21T01:39:30.257+0000] {dag.py:3490} INFO - Setting next_dagrun for 7-branching to None, run_after=None
[2026-09-21T01:39:30.311+0000] {processor.py:178} INFO - Processing /opt/airflow/dags/7_branch_pythoon_operator.py took 0.299 seconds
[2026-09-21T01:40:01.104+0000] {processor.py:156} INFO - Started process (PID=5206) to work on /opt/airflow/dags/7_branch_pythoon_operator.py
[2026-09-21T01:40:01.107+0000] {processor.py:799} INFO - Processing file /opt/airflow/dags/7_branch_pythoon_operator.py for tasks to queue
[2026-09-21T01:40:01.108+0000] {logging_mixin.py:149} INFO - [2026-09-21T01:40:01.107+0000] {dagbag.py:541} INFO - Filling up the DagBag from /opt/airflow/dags/7_branch_pythoon_operator.py
[2026-09-21T01:40:01.125+0000] {processor.py:809} INFO - DAG(s) dict_keys(['7-branching']) retrieved from /opt/airflow/dags/7_branch_pythoon_operator.py
[2026-09-21T01:40:01.193+0000] {logging_mixin.py:149} INFO - [2026-09-21T01:40:01.192+0000] {dag.py:2726} INFO - Sync 1 DAGs
[2026-09-21T01:40:01.247+0000] {logging_mixin.py:149} INFO - [2026-09-21T01:40:01.247+0000] {dag.py:3490} INFO - Setting next_dagrun for 7-branching to None, run_after=None
[2026-09-21T01:40:01.289+0000] {processor.py:178} INFO - Processing /opt/airflow/dags/7_branch_pythoon_operator.py took 0.194 seconds
[2026-09-21T01:40:31.733+0000] {processor.py:156} INFO - Started process (PID=5216) to work on /opt/airflow/dags/7_branch_pythoon_operator.py
[2026-09-21T01:40:31.734+0000] {processor.py:799} INFO - Processing file /opt/airflow/dags/7_branch_pythoon_operator.py for tasks to queue
[2026-09-21T01:40:31.735+0000] {logging_mixin.py:149} INFO - [2026-09-21T01:40:31.735+0000] {dagbag.py:541} INFO - Filling up the DagBag from /opt/airflow/dags/7_branch_pythoon_operator.py
[2026-09-21T01:40:31.752+0000] {processor.py:809} INFO - DAG(s) dict_keys(['7-branching']) retrieved from /opt/airflow/dags/7_branch_pythoon_operator.py
[2026-09-21T01:40:31.805+0000] {logging_mixin.py:149} INFO - [2026-09-21T01:40:31.804+0000] {dag.py:2726} INFO - Sync 1 DAGs
[2026-09-21T01:40:31.857+0000] {logging_mixin.py:149} INFO - [2026-09-21T01:40:31.857+0000] {dag.py:3490} INFO - Setting next_dagrun for 7-branching to None, run_after=None
[2026-09-21T01:40:31.898+0000] {processor.py:178} INFO - Processing /opt/airflow/dags/7_branch_pythoon_operator.py took 0.170 seconds
[2026-09-21T01:42:33.637+0000] {processor.py:156} INFO - Started process (PID=31) to work on /opt/airflow/dags/7_branch_pythoon_operator.py
[2026-09-21T01:42:33.640+0000] {processor.py:799} INFO - Processing file /opt/airflow/dags/7_branch_pythoon_operator.py for tasks to queue
[2026-09-21T01:42:33.641+0000] {logging_mixin.py:149} INFO - [2026-09-21T01:42:33.641+0000] {dagbag.py:541} INFO - Filling up the DagBag from /opt/airflow/dags/7_branch_pythoon_operator.py
[2026-09-21T01:42:34.650+0000] {processor.py:809} INFO - DAG(s) dict_keys(['7-branching']) retrieved from /opt/airflow/dags/7_branch_pythoon_operator.py
[2026-09-21T01:42:34.886+0000] {logging_mixin.py:149} INFO - [2026-09-21T01:42:34.886+0000] {dag.py:2726} INFO - Sync 1 DAGs
[2026-09-21T01:42:34.956+0000] {logging_mixin.py:149} INFO - [2026-09-21T01:42:34.956+0000] {dag.py:3490} INFO - Setting next_dagrun for 7-branching to None, run_after=None
[2026-09-21T01:42:35.018+0000] {processor.py:178} INFO - Processing /opt/airflow/dags/7_branch_pythoon_operator.py took 1.398 seconds
[2026-09-21T01:57:38.666+0000] {processor.py:156} INFO - Started process (PID=32) to work on /opt/airflow/dags/7_branch_pythoon_operator.py
[2026-09-21T01:57:38.675+0000] {processor.py:799} INFO - Processing file /opt/airflow/dags/7_branch_pythoon_operator.py for tasks to queue
[2026-09-21T01:57:38.676+0000] {logging_mixin.py:149} INFO - [2026-09-21T01:57:38.676+0000] {dagbag.py:541} INFO - Filling up the DagBag from /opt/airflow/dags/7_branch_pythoon_operator.py
[2026-09-21T01:57:39.687+0000] {processor.py:809} INFO - DAG(s) dict_keys(['7-branching']) retrieved from /opt/airflow/dags/7_branch_pythoon_operator.py
[2026-09-21T01:57:40.015+0000] {logging_mixin.py:149} INFO - [2026-09-21T01:57:40.015+0000] {dag.py:2726} INFO - Sync 1 DAGs
[2026-09-21T01:57:40.126+0000] {logging_mixin.py:149} INFO - [2026-09-21T01:57:40.126+0000] {dag.py:3490} INFO - Setting next_dagrun for 7-branching to None, run_after=None
[2026-09-21T01:57:40.236+0000] {processor.py:178} INFO - Processing /opt/airflow/dags/7_branch_pythoon_operator.py took 1.595 seconds
[2026-09-21T01:58:10.558+0000] {processor.py:156} INFO - Started process (PID=44) to work on /opt/airflow/dags/7_branch_pythoon_operator.py
[2026-09-21T01:58:10.564+0000] {processor.py:799} INFO - Processing file /opt/airflow/dags/7_branch_pythoon_operator.py for tasks to queue
[2026-09-21T01:58:10.565+0000] {logging_mixin.py:149} INFO - [2026-09-21T01:58:10.565+0000] {dagbag.py:541} INFO - Filling up the DagBag from /opt/airflow/dags/7_branch_pythoon_operator.py
[2026-09-21T01:58:10.618+0000] {processor.py:809} INFO - DAG(s) dict_keys(['7-branching']) retrieved from /opt/airflow/dags/7_branch_pythoon_operator.py
[2026-09-21T01:58:10.795+0000] {logging_mixin.py:149} INFO - [2026-09-21T01:58:10.795+0000] {dag.py:2726} INFO - Sync 1 DAGs
[2026-09-21T01:58:10.843+0000] {logging_mixin.py:149} INFO - [2026-09-21T01:58:10.842+0000] {dag.py:3490} INFO - Setting next_dagrun for 7-branching to None, run_after=None
[2026-09-21T01:58:10.884+0000] {processor.py:178} INFO - Processing /opt/airflow/dags/7_branch_pythoon_operator.py took 0.340 seconds
[2026-09-21T01:58:36.778+0000] {processor.py:156} INFO - Started process (PID=56) to work on /opt/airflow/dags/7_branch_pythoon_operator.py
[2026-09-21T01:58:36.779+0000] {processor.py:799} INFO - Processing file /opt/airflow/dags/7_branch_pythoon_operator.py for tasks to queue
[2026-09-21T01:58:36.780+0000] {logging_mixin.py:149} INFO - [2026-09-21T01:58:36.780+0000] {dagbag.py:541} INFO - Filling up the DagBag from /opt/airflow/dags/7_branch_pythoon_operator.py
[2026-09-21T01:58:36.794+0000] {processor.py:809} INFO - DAG(s) dict_keys(['7-branching']) retrieved from /opt/airflow/dags/7_branch_pythoon_operator.py
[2026-09-21T01:58:36.824+0000] {logging_mixin.py:149} INFO - [2026-09-21T01:58:36.824+0000] {dag.py:2726} INFO - Sync 1 DAGs
[2026-09-21T01:58:36.908+0000] {logging_mixin.py:149} INFO - [2026-09-21T01:58:36.908+0000] {dag.py:3490} INFO - Setting next_dagrun for 7-branching to None, run_after=None
[2026-09-21T01:58:36.953+0000] {processor.py:178} INFO - Processing /opt/airflow/dags/7_branch_pythoon_operator.py took 0.185 seconds
[2026-09-21T01:59:07.992+0000] {processor.py:156} INFO - Started process (PID=74) to work on /opt/airflow/dags/7_branch_pythoon_operator.py
[2026-09-21T01:59:07.995+0000] {processor.py:799} INFO - Processing file /opt/airflow/dags/7_branch_pythoon_operator.py for tasks to queue
[2026-09-21T01:59:07.996+0000] {logging_mixin.py:149} INFO - [2026-09-21T01:59:07.995+0000] {dagbag.py:541} INFO - Filling up the DagBag from /opt/airflow/dags/7_branch_pythoon_operator.py
[2026-09-21T01:59:08.010+0000] {processor.py:809} INFO - DAG(s) dict_keys(['7-branching']) retrieved from /opt/airflow/dags/7_branch_pythoon_operator.py
[2026-09-21T01:59:08.076+0000] {logging_mixin.py:149} INFO - [2026-09-21T01:59:08.076+0000] {dag.py:2726} INFO - Sync 1 DAGs
[2026-09-21T01:59:08.118+0000] {logging_mixin.py:149} INFO - [2026-09-21T01:59:08.118+0000] {dag.py:3490} INFO - Setting next_dagrun for 7-branching to None, run_after=None
[2026-09-21T01:59:08.167+0000] {processor.py:178} INFO - Processing /opt/airflow/dags/7_branch_pythoon_operator.py took 0.182 seconds
[2026-09-21T01:59:39.436+0000] {processor.py:156} INFO - Started process (PID=85) to work on /opt/airflow/dags/7_branch_pythoon_operator.py
[2026-09-21T01:59:39.439+0000] {processor.py:799} INFO - Processing file /opt/airflow/dags/7_branch_pythoon_operator.py for tasks to queue
[2026-09-21T01:59:39.440+0000] {logging_mixin.py:149} INFO - [2026-09-21T01:59:39.440+0000] {dagbag.py:541} INFO - Filling up the DagBag from /opt/airflow/dags/7_branch_pythoon_operator.py
[2026-09-21T01:59:39.455+0000] {processor.py:809} INFO - DAG(s) dict_keys(['7-branching']) retrieved from /opt/airflow/dags/7_branch_pythoon_operator.py
[2026-09-21T01:59:39.526+0000] {logging_mixin.py:149} INFO - [2026-09-21T01:59:39.526+0000] {dag.py:2726} INFO - Sync 1 DAGs
[2026-09-21T01:59:39.592+0000] {logging_mixin.py:149} INFO - [2026-09-21T01:59:39.592+0000] {dag.py:3490} INFO - Setting next_dagrun for 7-branching to None, run_after=None
[2026-09-21T01:59:39.662+0000] {processor.py:178} INFO - Processing /opt/airflow/dags/7_branch_pythoon_operator.py took 0.233 seconds
[2026-09-21T02:00:08.102+0000] {processor.py:156} INFO - Started process (PID=105) to work on /opt/airflow/dags/7_branch_pythoon_operator.py
[2026-09-21T02:00:08.104+0000] {processor.py:799} INFO - Processing file /opt/airflow/dags/7_branch_pythoon_operator.py for tasks to queue
[2026-09-21T02:00:08.105+0000] {logging_mixin.py:149} INFO - [2026-09-21T02:00:08.105+0000] {dagbag.py:541} INFO - Filling up the DagBag from /opt/airflow/dags/7_branch_pythoon_operator.py
[2026-09-21T02:00:08.116+0000] {processor.py:809} INFO - DAG(s) dict_keys(['7-branching']) retrieved from /opt/airflow/dags/7_branch_pythoon_operator.py
[2026-09-21T02:00:08.170+0000] {logging_mixin.py:149} INFO - [2026-09-21T02:00:08.169+0000] {dag.py:2726} INFO - Sync 1 DAGs
[2026-09-21T02:00:08.226+0000] {logging_mixin.py:149} INFO - [2026-09-21T02:00:08.226+0000] {dag.py:3490} INFO - Setting next_dagrun for 7-branching to None, run_after=None
[2026-09-21T02:00:08.259+0000] {processor.py:178} INFO - Processing /opt/airflow/dags/7_branch_pythoon_operator.py took 0.162 seconds
[2026-09-21T02:00:38.410+0000] {processor.py:156} INFO - Started process (PID=125) to work on /opt/airflow/dags/7_branch_pythoon_operator.py
[2026-09-21T02:00:38.412+0000] {processor.py:799} INFO - Processing file /opt/airflow/dags/7_branch_pythoon_operator.py for tasks to queue
[2026-09-21T02:00:38.413+0000] {logging_mixin.py:149} INFO - [2026-09-21T02:00:38.412+0000] {dagbag.py:541} INFO - Filling up the DagBag from /opt/airflow/dags/7_branch_pythoon_operator.py
[2026-09-21T02:00:38.424+0000] {processor.py:809} INFO - DAG(s) dict_keys(['7-branching']) retrieved from /opt/airflow/dags/7_branch_pythoon_operator.py
[2026-09-21T02:00:38.492+0000] {logging_mixin.py:149} INFO - [2026-09-21T02:00:38.492+0000] {dag.py:2726} INFO - Sync 1 DAGs
[2026-09-21T02:00:38.530+0000] {logging_mixin.py:149} INFO - [2026-09-21T02:00:38.530+0000] {dag.py:3490} INFO - Setting next_dagrun for 7-branching to None, run_after=None
[2026-09-21T02:00:38.562+0000] {processor.py:178} INFO - Processing /opt/airflow/dags/7_branch_pythoon_operator.py took 0.159 seconds
[2026-09-21T02:01:08.763+0000] {processor.py:156} INFO - Started process (PID=136) to work on /opt/airflow/dags/7_branch_pythoon_operator.py
[2026-09-21T02:01:08.767+0000] {processor.py:799} INFO - Processing file /opt/airflow/dags/7_branch_pythoon_operator.py for tasks to queue
[2026-09-21T02:01:08.771+0000] {logging_mixin.py:149} INFO - [2026-09-21T02:01:08.768+0000] {dagbag.py:541} INFO - Filling up the DagBag from /opt/airflow/dags/7_branch_pythoon_operator.py
[2026-09-21T02:01:08.801+0000] {processor.py:809} INFO - DAG(s) dict_keys(['7-branching']) retrieved from /opt/airflow/dags/7_branch_pythoon_operator.py
[2026-09-21T02:01:08.893+0000] {logging_mixin.py:149} INFO - [2026-09-21T02:01:08.892+0000] {dag.py:2726} INFO - Sync 1 DAGs
[2026-09-21T02:01:08.987+0000] {logging_mixin.py:149} INFO - [2026-09-21T02:01:08.986+0000] {dag.py:3490} INFO - Setting next_dagrun for 7-branching to None, run_after=None
[2026-09-21T02:01:09.072+0000] {processor.py:178} INFO - Processing /opt/airflow/dags/7_branch_pythoon_operator.py took 0.324 seconds
[2026-09-21T02:01:40.071+0000] {processor.py:156} INFO - Started process (PID=150) to work on /opt/airflow/dags/7_branch_pythoon_operator.py
[2026-09-21T02:01:40.075+0000] {processor.py:799} INFO - Processing file /opt/airflow/dags/7_branch_pythoon_operator.py for tasks to queue
[2026-09-21T02:01:40.076+0000] {logging_mixin.py:149} INFO - [2026-09-21T02:01:40.076+0000] {dagbag.py:541} INFO - Filling up the DagBag from /opt/airflow/dags/7_branch_pythoon_operator.py
[2026-09-21T02:01:40.087+0000] {processor.py:809} INFO - DAG(s) dict_keys(['7-branching']) retrieved from /opt/airflow/dags/7_branch_pythoon_operator.py
[2026-09-21T02:01:40.169+0000] {logging_mixin.py:149} INFO - [2026-09-21T02:01:40.168+0000] {dag.py:2726} INFO - Sync 1 DAGs
[2026-09-21T02:01:40.217+0000] {logging_mixin.py:149} INFO - [2026-09-21T02:01:40.216+0000] {dag.py:3490} INFO - Setting next_dagrun for 7-branching to None, run_after=None
[2026-09-21T02:01:40.266+0000] {processor.py:178} INFO - Processing /opt/airflow/dags/7_branch_pythoon_operator.py took 0.216 seconds
[2026-09-21T02:02:10.380+0000] {processor.py:156} INFO - Started process (PID=168) to work on /opt/airflow/dags/7_branch_pythoon_operator.py
[2026-09-21T02:02:10.382+0000] {processor.py:799} INFO - Processing file /opt/airflow/dags/7_branch_pythoon_operator.py for tasks to queue
[2026-09-21T02:02:10.383+0000] {logging_mixin.py:149} INFO - [2026-09-21T02:02:10.383+0000] {dagbag.py:541} INFO - Filling up the DagBag from /opt/airflow/dags/7_branch_pythoon_operator.py
[2026-09-21T02:02:10.396+0000] {processor.py:809} INFO - DAG(s) dict_keys(['7-branching']) retrieved from /opt/airflow/dags/7_branch_pythoon_operator.py
[2026-09-21T02:02:10.446+0000] {logging_mixin.py:149} INFO - [2026-09-21T02:02:10.446+0000] {dag.py:2726} INFO - Sync 1 DAGs
[2026-09-21T02:02:10.500+0000] {logging_mixin.py:149} INFO - [2026-09-21T02:02:10.500+0000] {dag.py:3490} INFO - Setting next_dagrun for 7-branching to None, run_after=None
[2026-09-21T02:02:10.543+0000] {processor.py:178} INFO - Processing /opt/airflow/dags/7_branch_pythoon_operator.py took 0.170 seconds
[2026-09-21T02:02:41.695+0000] {processor.py:156} INFO - Started process (PID=182) to work on /opt/airflow/dags/7_branch_pythoon_operator.py
[2026-09-21T02:02:41.700+0000] {processor.py:799} INFO - Processing file /opt/airflow/dags/7_branch_pythoon_operator.py for tasks to queue
[2026-09-21T02:02:41.701+0000] {logging_mixin.py:149} INFO - [2026-09-21T02:02:41.701+0000] {dagbag.py:541} INFO - Filling up the DagBag from /opt/airflow/dags/7_branch_pythoon_operator.py
[2026-09-21T02:02:41.725+0000] {processor.py:809} INFO - DAG(s) dict_keys(['7-branching']) retrieved from /opt/airflow/dags/7_branch_pythoon_operator.py
[2026-09-21T02:02:41.813+0000] {logging_mixin.py:149} INFO - [2026-09-21T02:02:41.812+0000] {dag.py:2726} INFO - Sync 1 DAGs
[2026-09-21T02:02:41.870+0000] {logging_mixin.py:149} INFO - [2026-09-21T02:02:41.869+0000] {dag.py:3490} INFO - Setting next_dagrun for 7-branching to None, run_after=None
[2026-09-21T02:02:41.921+0000] {processor.py:178} INFO - Processing /opt/airflow/dags/7_branch_pythoon_operator.py took 0.243 seconds
[2026-09-21T02:03:12.197+0000] {processor.py:156} INFO - Started process (PID=193) to work on /opt/airflow/dags/7_branch_pythoon_operator.py
[2026-09-21T02:03:12.199+0000] {processor.py:799} INFO - Processing file /opt/airflow/dags/7_branch_pythoon_operator.py for tasks to queue
[2026-09-21T02:03:12.201+0000] {logging_mixin.py:149} INFO - [2026-09-21T02:03:12.200+0000] {dagbag.py:541} INFO - Filling up the DagBag from /opt/airflow/dags/7_branch_pythoon_operator.py
[2026-09-21T02:03:12.214+0000] {processor.py:809} INFO - DAG(s) dict_keys(['7-branching']) retrieved from /opt/airflow/dags/7_branch_pythoon_operator.py
[2026-09-21T02:03:12.344+0000] {logging_mixin.py:149} INFO - [2026-09-21T02:03:12.343+0000] {dag.py:2726} INFO - Sync 1 DAGs
[2026-09-21T02:03:12.405+0000] {logging_mixin.py:149} INFO - [2026-09-21T02:03:12.404+0000] {dag.py:3490} INFO - Setting next_dagrun for 7-branching to None, run_after=None
[2026-09-21T02:03:12.473+0000] {processor.py:178} INFO - Processing /opt/airflow/dags/7_branch_pythoon_operator.py took 0.285 seconds
[2026-09-21T02:03:42.913+0000] {processor.py:156} INFO - Started process (PID=204) to work on /opt/airflow/dags/7_branch_pythoon_operator.py
[2026-09-21T02:03:42.914+0000] {processor.py:799} INFO - Processing file /opt/airflow/dags/7_branch_pythoon_operator.py for tasks to queue
[2026-09-21T02:03:42.916+0000] {logging_mixin.py:149} INFO - [2026-09-21T02:03:42.915+0000] {dagbag.py:541} INFO - Filling up the DagBag from /opt/airflow/dags/7_branch_pythoon_operator.py
[2026-09-21T02:03:42.928+0000] {processor.py:809} INFO - DAG(s) dict_keys(['7-branching']) retrieved from /opt/airflow/dags/7_branch_pythoon_operator.py
[2026-09-21T02:03:42.989+0000] {logging_mixin.py:149} INFO - [2026-09-21T02:03:42.988+0000] {dag.py:2726} INFO - Sync 1 DAGs
[2026-09-21T02:03:43.030+0000] {logging_mixin.py:149} INFO - [2026-09-21T02:03:43.030+0000] {dag.py:3490} INFO - Setting next_dagrun for 7-branching to None, run_after=None
[2026-09-21T02:03:43.061+0000] {processor.py:178} INFO - Processing /opt/airflow/dags/7_branch_pythoon_operator.py took 0.157 seconds
[2026-09-21T02:04:14.063+0000] {processor.py:156} INFO - Started process (PID=215) to work on /opt/airflow/dags/7_branch_pythoon_operator.py
[2026-09-21T02:04:14.066+0000] {processor.py:799} INFO - Processing file /opt/airflow/dags/7_branch_pythoon_operator.py for tasks to queue
[2026-09-21T02:04:14.067+0000] {logging_mixin.py:149} INFO - [2026-09-21T02:04:14.067+0000] {dagbag.py:541} INFO - Filling up the DagBag from /opt/airflow/dags/7_branch_pythoon_operator.py
[2026-09-21T02:04:14.085+0000] {processor.py:809} INFO - DAG(s) dict_keys(['7-branching']) retrieved from /opt/airflow/dags/7_branch_pythoon_operator.py
[2026-09-21T02:04:14.160+0000] {logging_mixin.py:149} INFO - [2026-09-21T02:04:14.160+0000] {dag.py:2726} INFO - Sync 1 DAGs
[2026-09-21T02:04:14.200+0000] {logging_mixin.py:149} INFO - [2026-09-21T02:04:14.200+0000] {dag.py:3490} INFO - Setting next_dagrun for 7-branching to None, run_after=None
[2026-09-21T02:04:14.230+0000] {processor.py:178} INFO - Processing /opt/airflow/dags/7_branch_pythoon_operator.py took 0.174 seconds
[2026-09-21T02:04:44.483+0000] {processor.py:156} INFO - Started process (PID=226) to work on /opt/airflow/dags/7_branch_pythoon_operator.py
[2026-09-21T02:04:44.484+0000] {processor.py:799} INFO - Processing file /opt/airflow/dags/7_branch_pythoon_operator.py for tasks to queue
[2026-09-21T02:04:44.486+0000] {logging_mixin.py:149} INFO - [2026-09-21T02:04:44.486+0000] {dagbag.py:541} INFO - Filling up the DagBag from /opt/airflow/dags/7_branch_pythoon_operator.py
[2026-09-21T02:04:44.501+0000] {processor.py:809} INFO - DAG(s) dict_keys(['7-branching']) retrieved from /opt/airflow/dags/7_branch_pythoon_operator.py
[2026-09-21T02:04:44.569+0000] {logging_mixin.py:149} INFO - [2026-09-21T02:04:44.569+0000] {dag.py:2726} INFO - Sync 1 DAGs
[2026-09-21T02:04:44.640+0000] {logging_mixin.py:149} INFO - [2026-09-21T02:04:44.640+0000] {dag.py:3490} INFO - Setting next_dagrun for 7-branching to None, run_after=None
[2026-09-21T02:04:44.733+0000] {processor.py:178} INFO - Processing /opt/airflow/dags/7_branch_pythoon_operator.py took 0.257 seconds
[2026-09-21T02:05:15.127+0000] {processor.py:156} INFO - Started process (PID=237) to work on /opt/airflow/dags/7_branch_pythoon_operator.py
[2026-09-21T02:05:15.129+0000] {processor.py:799} INFO - Processing file /opt/airflow/dags/7_branch_pythoon_operator.py for tasks to queue
[2026-09-21T02:05:15.130+0000] {logging_mixin.py:149} INFO - [2026-09-21T02:05:15.130+0000] {dagbag.py:541} INFO - Filling up the DagBag from /opt/airflow/dags/7_branch_pythoon_operator.py
[2026-09-21T02:05:15.144+0000] {processor.py:809} INFO - DAG(s) dict_keys(['7-branching']) retrieved from /opt/airflow/dags/7_branch_pythoon_operator.py
[2026-09-21T02:05:15.212+0000] {logging_mixin.py:149} INFO - [2026-09-21T02:05:15.212+0000] {dag.py:2726} INFO - Sync 1 DAGs
[2026-09-21T02:05:15.256+0000] {logging_mixin.py:149} INFO - [2026-09-21T02:05:15.256+0000] {dag.py:3490} INFO - Setting next_dagrun for 7-branching to None, run_after=None
[2026-09-21T02:05:15.293+0000] {processor.py:178} INFO - Processing /opt/airflow/dags/7_branch_pythoon_operator.py took 0.174 seconds
[2026-09-21T02:05:45.482+0000] {processor.py:156} INFO - Started process (PID=248) to work on /opt/airflow/dags/7_branch_pythoon_operator.py
[2026-09-21T02:05:45.484+0000] {processor.py:799} INFO - Processing file /opt/airflow/dags/7_branch_pythoon_operator.py for tasks to queue
[2026-09-21T02:05:45.485+0000] {logging_mixin.py:149} INFO - [2026-09-21T02:05:45.485+0000] {dagbag.py:541} INFO - Filling up the DagBag from /opt/airflow/dags/7_branch_pythoon_operator.py
[2026-09-21T02:05:45.498+0000] {processor.py:809} INFO - DAG(s) dict_keys(['7-branching']) retrieved from /opt/airflow/dags/7_branch_pythoon_operator.py
[2026-09-21T02:05:45.560+0000] {logging_mixin.py:149} INFO - [2026-09-21T02:05:45.560+0000] {dag.py:2726} INFO - Sync 1 DAGs
[2026-09-21T02:05:45.608+0000] {logging_mixin.py:149} INFO - [2026-09-21T02:05:45.608+0000] {dag.py:3490} INFO - Setting next_dagrun for 7-branching to None, run_after=None
[2026-09-21T02:05:45.641+0000] {processor.py:178} INFO - Processing /opt/airflow/dags/7_branch_pythoon_operator.py took 0.166 seconds
[2026-09-21T02:06:15.696+0000] {processor.py:156} INFO - Started process (PID=259) to work on /opt/airflow/dags/7_branch_pythoon_operator.py
[2026-09-21T02:06:15.698+0000] {processor.py:799} INFO - Processing file /opt/airflow/dags/7_branch_pythoon_operator.py for tasks to queue
[2026-09-21T02:06:15.699+0000] {logging_mixin.py:149} INFO - [2026-09-21T02:06:15.699+0000] {dagbag.py:541} INFO - Filling up the DagBag from /opt/airflow/dags/7_branch_pythoon_operator.py
[2026-09-21T02:06:15.708+0000] {processor.py:809} INFO - DAG(s) dict_keys(['7-branching']) retrieved from /opt/airflow/dags/7_branch_pythoon_operator.py
[2026-09-21T02:06:15.759+0000] {logging_mixin.py:149} INFO - [2026-09-21T02:06:15.759+0000] {dag.py:2726} INFO - Sync 1 DAGs
[2026-09-21T02:06:15.791+0000] {logging_mixin.py:149} INFO - [2026-09-21T02:06:15.791+0000] {dag.py:3490} INFO - Setting next_dagrun for 7-branching to None, run_after=None
[2026-09-21T02:06:15.813+0000] {processor.py:178} INFO - Processing /opt/airflow/dags/7_branch_pythoon_operator.py took 0.121 seconds
[2026-09-21T02:06:46.684+0000] {processor.py:156} INFO - Started process (PID=270) to work on /opt/airflow/dags/7_branch_pythoon_operator.py
[2026-09-21T02:06:46.685+0000] {processor.py:799} INFO - Processing file /opt/airflow/dags/7_branch_pythoon_operator.py for tasks to queue
[2026-09-21T02:06:46.687+0000] {logging_mixin.py:149} INFO - [2026-09-21T02:06:46.686+0000] {dagbag.py:541} INFO - Filling up the DagBag from /opt/airflow/dags/7_branch_pythoon_operator.py
[2026-09-21T02:06:46.700+0000] {processor.py:809} INFO - DAG(s) dict_keys(['7-branching']) retrieved from /opt/airflow/dags/7_branch_pythoon_operator.py
[2026-09-21T02:06:46.762+0000] {logging_mixin.py:149} INFO - [2026-09-21T02:06:46.762+0000] {dag.py:2726} INFO - Sync 1 DAGs
[2026-09-21T02:06:46.803+0000] {logging_mixin.py:149} INFO - [2026-09-21T02:06:46.802+0000] {dag.py:3490} INFO - Setting next_dagrun for 7-branching to None, run_after=None
[2026-09-21T02:06:46.837+0000] {processor.py:178} INFO - Processing /opt/airflow/dags/7_branch_pythoon_operator.py took 0.161 seconds
[2026-09-21T02:07:17.133+0000] {processor.py:156} INFO - Started process (PID=281) to work on /opt/airflow/dags/7_branch_pythoon_operator.py
[2026-09-21T02:07:17.138+0000] {processor.py:799} INFO - Processing file /opt/airflow/dags/7_branch_pythoon_operator.py for tasks to queue
[2026-09-21T02:07:17.141+0000] {logging_mixin.py:149} INFO - [2026-09-21T02:07:17.140+0000] {dagbag.py:541} INFO - Filling up the DagBag from /opt/airflow/dags/7_branch_pythoon_operator.py
[2026-09-21T02:07:17.154+0000] {processor.py:809} INFO - DAG(s) dict_keys(['7-branching']) retrieved from /opt/airflow/dags/7_branch_pythoon_operator.py
[2026-09-21T02:07:17.221+0000] {logging_mixin.py:149} INFO - [2026-09-21T02:07:17.221+0000] {dag.py:2726} INFO - Sync 1 DAGs
[2026-09-21T02:07:17.266+0000] {logging_mixin.py:149} INFO - [2026-09-21T02:07:17.265+0000] {dag.py:3490} INFO - Setting next_dagrun for 7-branching to None, run_after=None
[2026-09-21T02:07:17.314+0000] {processor.py:178} INFO - Processing /opt/airflow/dags/7_branch_pythoon_operator.py took 0.189 seconds
[2026-09-21T02:07:47.025+0000] {processor.py:156} INFO - Started process (PID=294) to work on /opt/airflow/dags/7_branch_pythoon_operator.py
[2026-09-21T02:07:47.027+0000] {processor.py:799} INFO - Processing file /opt/airflow/dags/7_branch_pythoon_operator.py for tasks to queue
[2026-09-21T02:07:47.028+0000] {logging_mixin.py:149} INFO - [2026-09-21T02:07:47.028+0000] {dagbag.py:541} INFO - Filling up the DagBag from /opt/airflow/dags/7_branch_pythoon_operator.py
[2026-09-21T02:07:47.042+0000] {processor.py:809} INFO - DAG(s) dict_keys(['7-branching']) retrieved from /opt/airflow/dags/7_branch_pythoon_operator.py
[2026-09-21T02:07:47.120+0000] {logging_mixin.py:149} INFO - [2026-09-21T02:07:47.119+0000] {dag.py:2726} INFO - Sync 1 DAGs
[2026-09-21T02:07:47.169+0000] {logging_mixin.py:149} INFO - [2026-09-21T02:07:47.168+0000] {dag.py:3490} INFO - Setting next_dagrun for 7-branching to None, run_after=None
[2026-09-21T02:07:47.248+0000] {processor.py:178} INFO - Processing /opt/airflow/dags/7_branch_pythoon_operator.py took 0.230 seconds
[2026-09-21T02:08:17.723+0000] {processor.py:156} INFO - Started process (PID=305) to work on /opt/airflow/dags/7_branch_pythoon_operator.py
[2026-09-21T02:08:17.728+0000] {processor.py:799} INFO - Processing file /opt/airflow/dags/7_branch_pythoon_operator.py for tasks to queue
[2026-09-21T02:08:17.731+0000] {logging_mixin.py:149} INFO - [2026-09-21T02:08:17.729+0000] {dagbag.py:541} INFO - Filling up the DagBag from /opt/airflow/dags/7_branch_pythoon_operator.py
[2026-09-21T02:08:17.751+0000] {processor.py:809} INFO - DAG(s) dict_keys(['7-branching']) retrieved from /opt/airflow/dags/7_branch_pythoon_operator.py
[2026-09-21T02:08:17.905+0000] {logging_mixin.py:149} INFO - [2026-09-21T02:08:17.905+0000] {dag.py:2726} INFO - Sync 1 DAGs
[2026-09-21T02:08:18.028+0000] {logging_mixin.py:149} INFO - [2026-09-21T02:08:18.016+0000] {dag.py:3490} INFO - Setting next_dagrun for 7-branching to None, run_after=None
[2026-09-21T02:08:18.092+0000] {processor.py:178} INFO - Processing /opt/airflow/dags/7_branch_pythoon_operator.py took 0.381 seconds
[2026-09-21T02:08:48.357+0000] {processor.py:156} INFO - Started process (PID=317) to work on /opt/airflow/dags/7_branch_pythoon_operator.py
[2026-09-21T02:08:48.359+0000] {processor.py:799} INFO - Processing file /opt/airflow/dags/7_branch_pythoon_operator.py for tasks to queue
[2026-09-21T02:08:48.360+0000] {logging_mixin.py:149} INFO - [2026-09-21T02:08:48.360+0000] {dagbag.py:541} INFO - Filling up the DagBag from /opt/airflow/dags/7_branch_pythoon_operator.py
[2026-09-21T02:08:48.372+0000] {processor.py:809} INFO - DAG(s) dict_keys(['7-branching']) retrieved from /opt/airflow/dags/7_branch_pythoon_operator.py
[2026-09-21T02:08:48.434+0000] {logging_mixin.py:149} INFO - [2026-09-21T02:08:48.434+0000] {dag.py:2726} INFO - Sync 1 DAGs
[2026-09-21T02:08:48.479+0000] {logging_mixin.py:149} INFO - [2026-09-21T02:08:48.478+0000] {dag.py:3490} INFO - Setting next_dagrun for 7-branching to None, run_after=None
[2026-09-21T02:08:48.538+0000] {processor.py:178} INFO - Processing /opt/airflow/dags/7_branch_pythoon_operator.py took 0.188 seconds
[2026-09-21T02:09:18.713+0000] {processor.py:156} INFO - Started process (PID=327) to work on /opt/airflow/dags/7_branch_pythoon_operator.py
[2026-09-21T02:09:18.720+0000] {processor.py:799} INFO - Processing file /opt/airflow/dags/7_branch_pythoon_operator.py for tasks to queue
[2026-09-21T02:09:18.721+0000] {logging_mixin.py:149} INFO - [2026-09-21T02:09:18.721+0000] {dagbag.py:541} INFO - Filling up the DagBag from /opt/airflow/dags/7_branch_pythoon_operator.py
[2026-09-21T02:09:18.739+0000] {processor.py:809} INFO - DAG(s) dict_keys(['7-branching']) retrieved from /opt/airflow/dags/7_branch_pythoon_operator.py
[2026-09-21T02:09:18.798+0000] {logging_mixin.py:149} INFO - [2026-09-21T02:09:18.798+0000] {dag.py:2726} INFO - Sync 1 DAGs
[2026-09-21T02:09:18.849+0000] {logging_mixin.py:149} INFO - [2026-09-21T02:09:18.848+0000] {dag.py:3490} INFO - Setting next_dagrun for 7-branching to None, run_after=None
[2026-09-21T02:09:18.889+0000] {processor.py:178} INFO - Processing /opt/airflow/dags/7_branch_pythoon_operator.py took 0.187 seconds
[2026-09-21T02:09:49.207+0000] {processor.py:156} INFO - Started process (PID=338) to work on /opt/airflow/dags/7_branch_pythoon_operator.py
[2026-09-21T02:09:49.210+0000] {processor.py:799} INFO - Processing file /opt/airflow/dags/7_branch_pythoon_operator.py for tasks to queue
[2026-09-21T02:09:49.211+0000] {logging_mixin.py:149} INFO - [2026-09-21T02:09:49.211+0000] {dagbag.py:541} INFO - Filling up the DagBag from /opt/airflow/dags/7_branch_pythoon_operator.py
[2026-09-21T02:09:49.234+0000] {processor.py:809} INFO - DAG(s) dict_keys(['7-branching']) retrieved from /opt/airflow/dags/7_branch_pythoon_operator.py
[2026-09-21T02:09:49.318+0000] {logging_mixin.py:149} INFO - [2026-09-21T02:09:49.318+0000] {dag.py:2726} INFO - Sync 1 DAGs
[2026-09-21T02:09:49.358+0000] {logging_mixin.py:149} INFO - [2026-09-21T02:09:49.358+0000] {dag.py:3490} INFO - Setting next_dagrun for 7-branching to None, run_after=None
[2026-09-21T02:09:49.390+0000] {processor.py:178} INFO - Processing /opt/airflow/dags/7_branch_pythoon_operator.py took 0.204 seconds
[2026-09-21T02:10:19.604+0000] {processor.py:156} INFO - Started process (PID=349) to work on /opt/airflow/dags/7_branch_pythoon_operator.py
[2026-09-21T02:10:19.607+0000] {processor.py:799} INFO - Processing file /opt/airflow/dags/7_branch_pythoon_operator.py for tasks to queue
[2026-09-21T02:10:19.608+0000] {logging_mixin.py:149} INFO - [2026-09-21T02:10:19.608+0000] {dagbag.py:541} INFO - Filling up the DagBag from /opt/airflow/dags/7_branch_pythoon_operator.py
[2026-09-21T02:10:19.623+0000] {processor.py:809} INFO - DAG(s) dict_keys(['7-branching']) retrieved from /opt/airflow/dags/7_branch_pythoon_operator.py
[2026-09-21T02:10:19.700+0000] {logging_mixin.py:149} INFO - [2026-09-21T02:10:19.700+0000] {dag.py:2726} INFO - Sync 1 DAGs
[2026-09-21T02:10:19.741+0000] {logging_mixin.py:149} INFO - [2026-09-21T02:10:19.740+0000] {dag.py:3490} INFO - Setting next_dagrun for 7-branching to None, run_after=None
[2026-09-21T02:10:19.782+0000] {processor.py:178} INFO - Processing /opt/airflow/dags/7_branch_pythoon_operator.py took 0.191 seconds
[2026-09-21T02:10:49.980+0000] {processor.py:156} INFO - Started process (PID=360) to work on /opt/airflow/dags/7_branch_pythoon_operator.py
[2026-09-21T02:10:49.981+0000] {processor.py:799} INFO - Processing file /opt/airflow/dags/7_branch_pythoon_operator.py for tasks to queue
[2026-09-21T02:10:49.982+0000] {logging_mixin.py:149} INFO - [2026-09-21T02:10:49.982+0000] {dagbag.py:541} INFO - Filling up the DagBag from /opt/airflow/dags/7_branch_pythoon_operator.py
[2026-09-21T02:10:49.995+0000] {processor.py:809} INFO - DAG(s) dict_keys(['7-branching']) retrieved from /opt/airflow/dags/7_branch_pythoon_operator.py
[2026-09-21T02:10:50.071+0000] {logging_mixin.py:149} INFO - [2026-09-21T02:10:50.070+0000] {dag.py:2726} INFO - Sync 1 DAGs
[2026-09-21T02:10:50.127+0000] {logging_mixin.py:149} INFO - [2026-09-21T02:10:50.126+0000] {dag.py:3490} INFO - Setting next_dagrun for 7-branching to None, run_after=None
[2026-09-21T02:10:50.190+0000] {processor.py:178} INFO - Processing /opt/airflow/dags/7_branch_pythoon_operator.py took 0.217 seconds
[2026-09-21T02:11:20.472+0000] {processor.py:156} INFO - Started process (PID=371) to work on /opt/airflow/dags/7_branch_pythoon_operator.py
[2026-09-21T02:11:20.474+0000] {processor.py:799} INFO - Processing file /opt/airflow/dags/7_branch_pythoon_operator.py for tasks to queue
[2026-09-21T02:11:20.475+0000] {logging_mixin.py:149} INFO - [2026-09-21T02:11:20.475+0000] {dagbag.py:541} INFO - Filling up the DagBag from /opt/airflow/dags/7_branch_pythoon_operator.py
[2026-09-21T02:11:20.488+0000] {processor.py:809} INFO - DAG(s) dict_keys(['7-branching']) retrieved from /opt/airflow/dags/7_branch_pythoon_operator.py
[2026-09-21T02:11:20.551+0000] {logging_mixin.py:149} INFO - [2026-09-21T02:11:20.551+0000] {dag.py:2726} INFO - Sync 1 DAGs
[2026-09-21T02:11:20.595+0000] {logging_mixin.py:149} INFO - [2026-09-21T02:11:20.595+0000] {dag.py:3490} INFO - Setting next_dagrun for 7-branching to None, run_after=None
[2026-09-21T02:11:20.629+0000] {processor.py:178} INFO - Processing /opt/airflow/dags/7_branch_pythoon_operator.py took 0.165 seconds
[2026-09-21T02:11:50.765+0000] {processor.py:156} INFO - Started process (PID=382) to work on /opt/airflow/dags/7_branch_pythoon_operator.py
[2026-09-21T02:11:50.767+0000] {processor.py:799} INFO - Processing file /opt/airflow/dags/7_branch_pythoon_operator.py for tasks to queue
[2026-09-21T02:11:50.769+0000] {logging_mixin.py:149} INFO - [2026-09-21T02:11:50.768+0000] {dagbag.py:541} INFO - Filling up the DagBag from /opt/airflow/dags/7_branch_pythoon_operator.py
[2026-09-21T02:11:50.783+0000] {processor.py:809} INFO - DAG(s) dict_keys(['7-branching']) retrieved from /opt/airflow/dags/7_branch_pythoon_operator.py
[2026-09-21T02:11:50.850+0000] {logging_mixin.py:149} INFO - [2026-09-21T02:11:50.850+0000] {dag.py:2726} INFO - Sync 1 DAGs
[2026-09-21T02:11:50.922+0000] {logging_mixin.py:149} INFO - [2026-09-21T02:11:50.921+0000] {dag.py:3490} INFO - Setting next_dagrun for 7-branching to None, run_after=None
[2026-09-21T02:11:50.990+0000] {processor.py:178} INFO - Processing /opt/airflow/dags/7_branch_pythoon_operator.py took 0.231 seconds
[2026-09-21T02:12:21.425+0000] {processor.py:156} INFO - Started process (PID=393) to work on /opt/airflow/dags/7_branch_pythoon_operator.py
[2026-09-21T02:12:21.428+0000] {processor.py:799} INFO - Processing file /opt/airflow/dags/7_branch_pythoon_operator.py for tasks to queue
[2026-09-21T02:12:21.429+0000] {logging_mixin.py:149} INFO - [2026-09-21T02:12:21.429+0000] {dagbag.py:541} INFO - Filling up the DagBag from /opt/airflow/dags/7_branch_pythoon_operator.py
[2026-09-21T02:12:21.443+0000] {processor.py:809} INFO - DAG(s) dict_keys(['7-branching']) retrieved from /opt/airflow/dags/7_branch_pythoon_operator.py
[2026-09-21T02:12:21.506+0000] {logging_mixin.py:149} INFO - [2026-09-21T02:12:21.506+0000] {dag.py:2726} INFO - Sync 1 DAGs
[2026-09-21T02:12:21.548+0000] {logging_mixin.py:149} INFO - [2026-09-21T02:12:21.548+0000] {dag.py:3490} INFO - Setting next_dagrun for 7-branching to None, run_after=None
[2026-09-21T02:12:21.591+0000] {processor.py:178} INFO - Processing /opt/airflow/dags/7_branch_pythoon_operator.py took 0.173 seconds
[2026-09-21T02:12:51.741+0000] {processor.py:156} INFO - Started process (PID=404) to work on /opt/airflow/dags/7_branch_pythoon_operator.py
[2026-09-21T02:12:51.742+0000] {processor.py:799} INFO - Processing file /opt/airflow/dags/7_branch_pythoon_operator.py for tasks to queue
[2026-09-21T02:12:51.743+0000] {logging_mixin.py:149} INFO - [2026-09-21T02:12:51.743+0000] {dagbag.py:541} INFO - Filling up the DagBag from /opt/airflow/dags/7_branch_pythoon_operator.py
[2026-09-21T02:12:51.752+0000] {processor.py:809} INFO - DAG(s) dict_keys(['7-branching']) retrieved from /opt/airflow/dags/7_branch_pythoon_operator.py
[2026-09-21T02:12:51.801+0000] {logging_mixin.py:149} INFO - [2026-09-21T02:12:51.800+0000] {dag.py:2726} INFO - Sync 1 DAGs
[2026-09-21T02:12:51.833+0000] {logging_mixin.py:149} INFO - [2026-09-21T02:12:51.833+0000] {dag.py:3490} INFO - Setting next_dagrun for 7-branching to None, run_after=None
[2026-09-21T02:12:51.859+0000] {processor.py:178} INFO - Processing /opt/airflow/dags/7_branch_pythoon_operator.py took 0.125 seconds
[2026-09-21T02:13:22.122+0000] {processor.py:156} INFO - Started process (PID=415) to work on /opt/airflow/dags/7_branch_pythoon_operator.py
[2026-09-21T02:13:22.125+0000] {processor.py:799} INFO - Processing file /opt/airflow/dags/7_branch_pythoon_operator.py for tasks to queue
[2026-09-21T02:13:22.126+0000] {logging_mixin.py:149} INFO - [2026-09-21T02:13:22.125+0000] {dagbag.py:541} INFO - Filling up the DagBag from /opt/airflow/dags/7_branch_pythoon_operator.py
[2026-09-21T02:13:22.137+0000] {processor.py:809} INFO - DAG(s) dict_keys(['7-branching']) retrieved from /opt/airflow/dags/7_branch_pythoon_operator.py
[2026-09-21T02:13:22.208+0000] {logging_mixin.py:149} INFO - [2026-09-21T02:13:22.208+0000] {dag.py:2726} INFO - Sync 1 DAGs
[2026-09-21T02:13:22.266+0000] {logging_mixin.py:149} INFO - [2026-09-21T02:13:22.265+0000] {dag.py:3490} INFO - Setting next_dagrun for 7-branching to None, run_after=None
[2026-09-21T02:13:22.314+0000] {processor.py:178} INFO - Processing /opt/airflow/dags/7_branch_pythoon_operator.py took 0.198 seconds
[2026-09-21T02:13:53.062+0000] {processor.py:156} INFO - Started process (PID=426) to work on /opt/airflow/dags/7_branch_pythoon_operator.py
[2026-09-21T02:13:53.064+0000] {processor.py:799} INFO - Processing file /opt/airflow/dags/7_branch_pythoon_operator.py for tasks to queue
[2026-09-21T02:13:53.065+0000] {logging_mixin.py:149} INFO - [2026-09-21T02:13:53.065+0000] {dagbag.py:541} INFO - Filling up the DagBag from /opt/airflow/dags/7_branch_pythoon_operator.py
[2026-09-21T02:13:53.078+0000] {processor.py:809} INFO - DAG(s) dict_keys(['7-branching']) retrieved from /opt/airflow/dags/7_branch_pythoon_operator.py
[2026-09-21T02:13:53.121+0000] {logging_mixin.py:149} INFO - [2026-09-21T02:13:53.120+0000] {dag.py:2726} INFO - Sync 1 DAGs
[2026-09-21T02:13:53.154+0000] {logging_mixin.py:149} INFO - [2026-09-21T02:13:53.153+0000] {dag.py:3490} INFO - Setting next_dagrun for 7-branching to None, run_after=None
[2026-09-21T02:13:53.177+0000] {processor.py:178} INFO - Processing /opt/airflow/dags/7_branch_pythoon_operator.py took 0.121 seconds
[2026-09-21T02:14:23.687+0000] {processor.py:156} INFO - Started process (PID=437) to work on /opt/airflow/dags/7_branch_pythoon_operator.py
[2026-09-21T02:14:23.692+0000] {processor.py:799} INFO - Processing file /opt/airflow/dags/7_branch_pythoon_operator.py for tasks to queue
[2026-09-21T02:14:23.693+0000] {logging_mixin.py:149} INFO - [2026-09-21T02:14:23.693+0000] {dagbag.py:541} INFO - Filling up the DagBag from /opt/airflow/dags/7_branch_pythoon_operator.py
[2026-09-21T02:14:23.734+0000] {processor.py:809} INFO - DAG(s) dict_keys(['7-branching']) retrieved from /opt/airflow/dags/7_branch_pythoon_operator.py
[2026-09-21T02:14:23.955+0000] {logging_mixin.py:149} INFO - [2026-09-21T02:14:23.954+0000] {dag.py:2726} INFO - Sync 1 DAGs
[2026-09-21T02:14:24.013+0000] {logging_mixin.py:149} INFO - [2026-09-21T02:14:24.012+0000] {dag.py:3490} INFO - Setting next_dagrun for 7-branching to None, run_after=None
[2026-09-21T02:14:24.089+0000] {processor.py:178} INFO - Processing /opt/airflow/dags/7_branch_pythoon_operator.py took 0.422 seconds
[2026-09-21T02:14:54.304+0000] {processor.py:156} INFO - Started process (PID=449) to work on /opt/airflow/dags/7_branch_pythoon_operator.py
[2026-09-21T02:14:54.306+0000] {processor.py:799} INFO - Processing file /opt/airflow/dags/7_branch_pythoon_operator.py for tasks to queue
[2026-09-21T02:14:54.308+0000] {logging_mixin.py:149} INFO - [2026-09-21T02:14:54.307+0000] {dagbag.py:541} INFO - Filling up the DagBag from /opt/airflow/dags/7_branch_pythoon_operator.py
[2026-09-21T02:14:54.319+0000] {processor.py:809} INFO - DAG(s) dict_keys(['7-branching']) retrieved from /opt/airflow/dags/7_branch_pythoon_operator.py
[2026-09-21T02:14:54.373+0000] {logging_mixin.py:149} INFO - [2026-09-21T02:14:54.373+0000] {dag.py:2726} INFO - Sync 1 DAGs
[2026-09-21T02:14:54.417+0000] {logging_mixin.py:149} INFO - [2026-09-21T02:14:54.417+0000] {dag.py:3490} INFO - Setting next_dagrun for 7-branching to None, run_after=None
[2026-09-21T02:14:54.460+0000] {processor.py:178} INFO - Processing /opt/airflow/dags/7_branch_pythoon_operator.py took 0.164 seconds
[2026-09-21T02:15:24.624+0000] {processor.py:156} INFO - Started process (PID=460) to work on /opt/airflow/dags/7_branch_pythoon_operator.py
[2026-09-21T02:15:24.629+0000] {processor.py:799} INFO - Processing file /opt/airflow/dags/7_branch_pythoon_operator.py for tasks to queue
[2026-09-21T02:15:24.631+0000] {logging_mixin.py:149} INFO - [2026-09-21T02:15:24.631+0000] {dagbag.py:541} INFO - Filling up the DagBag from /opt/airflow/dags/7_branch_pythoon_operator.py
[2026-09-21T02:15:24.659+0000] {processor.py:809} INFO - DAG(s) dict_keys(['7-branching']) retrieved from /opt/airflow/dags/7_branch_pythoon_operator.py
[2026-09-21T02:15:24.724+0000] {logging_mixin.py:149} INFO - [2026-09-21T02:15:24.724+0000] {dag.py:2726} INFO - Sync 1 DAGs
[2026-09-21T02:15:24.763+0000] {logging_mixin.py:149} INFO - [2026-09-21T02:15:24.763+0000] {dag.py:3490} INFO - Setting next_dagrun for 7-branching to None, run_after=None
[2026-09-21T02:15:24.796+0000] {processor.py:178} INFO - Processing /opt/airflow/dags/7_branch_pythoon_operator.py took 0.180 seconds
[2026-09-21T02:15:54.902+0000] {processor.py:156} INFO - Started process (PID=471) to work on /opt/airflow/dags/7_branch_pythoon_operator.py
[2026-09-21T02:15:54.904+0000] {processor.py:799} INFO - Processing file /opt/airflow/dags/7_branch_pythoon_operator.py for tasks to queue
[2026-09-21T02:15:54.905+0000] {logging_mixin.py:149} INFO - [2026-09-21T02:15:54.905+0000] {dagbag.py:541} INFO - Filling up the DagBag from /opt/airflow/dags/7_branch_pythoon_operator.py
[2026-09-21T02:15:54.917+0000] {processor.py:809} INFO - DAG(s) dict_keys(['7-branching']) retrieved from /opt/airflow/dags/7_branch_pythoon_operator.py
[2026-09-21T02:15:54.979+0000] {logging_mixin.py:149} INFO - [2026-09-21T02:15:54.979+0000] {dag.py:2726} INFO - Sync 1 DAGs
[2026-09-21T02:15:55.030+0000] {logging_mixin.py:149} INFO - [2026-09-21T02:15:55.030+0000] {dag.py:3490} INFO - Setting next_dagrun for 7-branching to None, run_after=None
[2026-09-21T02:15:55.064+0000] {processor.py:178} INFO - Processing /opt/airflow/dags/7_branch_pythoon_operator.py took 0.169 seconds
[2026-09-21T02:16:25.464+0000] {processor.py:156} INFO - Started process (PID=482) to work on /opt/airflow/dags/7_branch_pythoon_operator.py
[2026-09-21T02:16:25.467+0000] {processor.py:799} INFO - Processing file /opt/airflow/dags/7_branch_pythoon_operator.py for tasks to queue
[2026-09-21T02:16:25.468+0000] {logging_mixin.py:149} INFO - [2026-09-21T02:16:25.467+0000] {dagbag.py:541} INFO - Filling up the DagBag from /opt/airflow/dags/7_branch_pythoon_operator.py
[2026-09-21T02:16:25.479+0000] {processor.py:809} INFO - DAG(s) dict_keys(['7-branching']) retrieved from /opt/airflow/dags/7_branch_pythoon_operator.py
[2026-09-21T02:16:25.540+0000] {logging_mixin.py:149} INFO - [2026-09-21T02:16:25.540+0000] {dag.py:2726} INFO - Sync 1 DAGs
[2026-09-21T02:16:25.583+0000] {logging_mixin.py:149} INFO - [2026-09-21T02:16:25.583+0000] {dag.py:3490} INFO - Setting next_dagrun for 7-branching to None, run_after=None
[2026-09-21T02:16:25.621+0000] {processor.py:178} INFO - Processing /opt/airflow/dags/7_branch_pythoon_operator.py took 0.163 seconds
[2026-09-21T02:16:55.778+0000] {processor.py:156} INFO - Started process (PID=493) to work on /opt/airflow/dags/7_branch_pythoon_operator.py
[2026-09-21T02:16:55.781+0000] {processor.py:799} INFO - Processing file /opt/airflow/dags/7_branch_pythoon_operator.py for tasks to queue
[2026-09-21T02:16:55.782+0000] {logging_mixin.py:149} INFO - [2026-09-21T02:16:55.781+0000] {dagbag.py:541} INFO - Filling up the DagBag from /opt/airflow/dags/7_branch_pythoon_operator.py
[2026-09-21T02:16:55.794+0000] {processor.py:809} INFO - DAG(s) dict_keys(['7-branching']) retrieved from /opt/airflow/dags/7_branch_pythoon_operator.py
[2026-09-21T02:16:55.850+0000] {logging_mixin.py:149} INFO - [2026-09-21T02:16:55.850+0000] {dag.py:2726} INFO - Sync 1 DAGs
[2026-09-21T02:16:55.887+0000] {logging_mixin.py:149} INFO - [2026-09-21T02:16:55.887+0000] {dag.py:3490} INFO - Setting next_dagrun for 7-branching to None, run_after=None
[2026-09-21T02:16:55.915+0000] {processor.py:178} INFO - Processing /opt/airflow/dags/7_branch_pythoon_operator.py took 0.143 seconds
[2026-09-21T02:17:26.389+0000] {processor.py:156} INFO - Started process (PID=506) to work on /opt/airflow/dags/7_branch_pythoon_operator.py
[2026-09-21T02:17:26.393+0000] {processor.py:799} INFO - Processing file /opt/airflow/dags/7_branch_pythoon_operator.py for tasks to queue
[2026-09-21T02:17:26.394+0000] {logging_mixin.py:149} INFO - [2026-09-21T02:17:26.394+0000] {dagbag.py:541} INFO - Filling up the DagBag from /opt/airflow/dags/7_branch_pythoon_operator.py
[2026-09-21T02:17:26.409+0000] {processor.py:809} INFO - DAG(s) dict_keys(['7-branching']) retrieved from /opt/airflow/dags/7_branch_pythoon_operator.py
[2026-09-21T02:17:26.487+0000] {logging_mixin.py:149} INFO - [2026-09-21T02:17:26.487+0000] {dag.py:2726} INFO - Sync 1 DAGs
[2026-09-21T02:17:26.542+0000] {logging_mixin.py:149} INFO - [2026-09-21T02:17:26.542+0000] {dag.py:3490} INFO - Setting next_dagrun for 7-branching to None, run_after=None
[2026-09-21T02:17:26.589+0000] {processor.py:178} INFO - Processing /opt/airflow/dags/7_branch_pythoon_operator.py took 0.217 seconds
[2026-09-21T02:17:57.334+0000] {processor.py:156} INFO - Started process (PID=519) to work on /opt/airflow/dags/7_branch_pythoon_operator.py
[2026-09-21T02:17:57.339+0000] {processor.py:799} INFO - Processing file /opt/airflow/dags/7_branch_pythoon_operator.py for tasks to queue
[2026-09-21T02:17:57.341+0000] {logging_mixin.py:149} INFO - [2026-09-21T02:17:57.341+0000] {dagbag.py:541} INFO - Filling up the DagBag from /opt/airflow/dags/7_branch_pythoon_operator.py
[2026-09-21T02:17:57.366+0000] {processor.py:809} INFO - DAG(s) dict_keys(['7-branching']) retrieved from /opt/airflow/dags/7_branch_pythoon_operator.py
[2026-09-21T02:17:57.496+0000] {logging_mixin.py:149} INFO - [2026-09-21T02:17:57.495+0000] {dag.py:2726} INFO - Sync 1 DAGs
[2026-09-21T02:17:57.573+0000] {logging_mixin.py:149} INFO - [2026-09-21T02:17:57.573+0000] {dag.py:3490} INFO - Setting next_dagrun for 7-branching to None, run_after=None
[2026-09-21T02:17:57.623+0000] {processor.py:178} INFO - Processing /opt/airflow/dags/7_branch_pythoon_operator.py took 0.303 seconds
[2026-09-21T02:18:27.842+0000] {processor.py:156} INFO - Started process (PID=530) to work on /opt/airflow/dags/7_branch_pythoon_operator.py
[2026-09-21T02:18:27.845+0000] {processor.py:799} INFO - Processing file /opt/airflow/dags/7_branch_pythoon_operator.py for tasks to queue
[2026-09-21T02:18:27.846+0000] {logging_mixin.py:149} INFO - [2026-09-21T02:18:27.846+0000] {dagbag.py:541} INFO - Filling up the DagBag from /opt/airflow/dags/7_branch_pythoon_operator.py
[2026-09-21T02:18:27.876+0000] {processor.py:809} INFO - DAG(s) dict_keys(['7-branching']) retrieved from /opt/airflow/dags/7_branch_pythoon_operator.py
[2026-09-21T02:18:27.963+0000] {logging_mixin.py:149} INFO - [2026-09-21T02:18:27.962+0000] {dag.py:2726} INFO - Sync 1 DAGs
[2026-09-21T02:18:28.117+0000] {logging_mixin.py:149} INFO - [2026-09-21T02:18:28.115+0000] {dag.py:3490} INFO - Setting next_dagrun for 7-branching to None, run_after=None
[2026-09-21T02:18:28.232+0000] {processor.py:178} INFO - Processing /opt/airflow/dags/7_branch_pythoon_operator.py took 0.415 seconds
[2026-09-21T02:18:58.619+0000] {processor.py:156} INFO - Started process (PID=541) to work on /opt/airflow/dags/7_branch_pythoon_operator.py
[2026-09-21T02:18:58.620+0000] {processor.py:799} INFO - Processing file /opt/airflow/dags/7_branch_pythoon_operator.py for tasks to queue
[2026-09-21T02:18:58.621+0000] {logging_mixin.py:149} INFO - [2026-09-21T02:18:58.621+0000] {dagbag.py:541} INFO - Filling up the DagBag from /opt/airflow/dags/7_branch_pythoon_operator.py
[2026-09-21T02:18:58.652+0000] {processor.py:809} INFO - DAG(s) dict_keys(['7-branching']) retrieved from /opt/airflow/dags/7_branch_pythoon_operator.py
[2026-09-21T02:18:58.769+0000] {logging_mixin.py:149} INFO - [2026-09-21T02:18:58.768+0000] {dag.py:2726} INFO - Sync 1 DAGs
[2026-09-21T02:18:58.836+0000] {logging_mixin.py:149} INFO - [2026-09-21T02:18:58.836+0000] {dag.py:3490} INFO - Setting next_dagrun for 7-branching to None, run_after=None
[2026-09-21T02:18:58.923+0000] {processor.py:178} INFO - Processing /opt/airflow/dags/7_branch_pythoon_operator.py took 0.319 seconds
[2026-09-21T02:19:29.324+0000] {processor.py:156} INFO - Started process (PID=552) to work on /opt/airflow/dags/7_branch_pythoon_operator.py
[2026-09-21T02:19:29.329+0000] {processor.py:799} INFO - Processing file /opt/airflow/dags/7_branch_pythoon_operator.py for tasks to queue
[2026-09-21T02:19:29.330+0000] {logging_mixin.py:149} INFO - [2026-09-21T02:19:29.330+0000] {dagbag.py:541} INFO - Filling up the DagBag from /opt/airflow/dags/7_branch_pythoon_operator.py
[2026-09-21T02:19:29.374+0000] {processor.py:809} INFO - DAG(s) dict_keys(['7-branching']) retrieved from /opt/airflow/dags/7_branch_pythoon_operator.py
[2026-09-21T02:19:29.531+0000] {logging_mixin.py:149} INFO - [2026-09-21T02:19:29.531+0000] {dag.py:2726} INFO - Sync 1 DAGs
[2026-09-21T02:19:29.671+0000] {logging_mixin.py:149} INFO - [2026-09-21T02:19:29.670+0000] {dag.py:3490} INFO - Setting next_dagrun for 7-branching to None, run_after=None
[2026-09-21T02:19:29.784+0000] {processor.py:178} INFO - Processing /opt/airflow/dags/7_branch_pythoon_operator.py took 0.492 seconds
[2026-09-21T02:20:00.089+0000] {processor.py:156} INFO - Started process (PID=563) to work on /opt/airflow/dags/7_branch_pythoon_operator.py
[2026-09-21T02:20:00.091+0000] {processor.py:799} INFO - Processing file /opt/airflow/dags/7_branch_pythoon_operator.py for tasks to queue
[2026-09-21T02:20:00.092+0000] {logging_mixin.py:149} INFO - [2026-09-21T02:20:00.092+0000] {dagbag.py:541} INFO - Filling up the DagBag from /opt/airflow/dags/7_branch_pythoon_operator.py
[2026-09-21T02:20:00.111+0000] {processor.py:809} INFO - DAG(s) dict_keys(['7-branching']) retrieved from /opt/airflow/dags/7_branch_pythoon_operator.py
[2026-09-21T02:20:00.217+0000] {logging_mixin.py:149} INFO - [2026-09-21T02:20:00.216+0000] {dag.py:2726} INFO - Sync 1 DAGs
[2026-09-21T02:20:00.303+0000] {logging_mixin.py:149} INFO - [2026-09-21T02:20:00.303+0000] {dag.py:3490} INFO - Setting next_dagrun for 7-branching to None, run_after=None
[2026-09-21T02:20:00.347+0000] {processor.py:178} INFO - Processing /opt/airflow/dags/7_branch_pythoon_operator.py took 0.264 seconds
[2026-09-21T02:20:31.171+0000] {processor.py:156} INFO - Started process (PID=574) to work on /opt/airflow/dags/7_branch_pythoon_operator.py
[2026-09-21T02:20:31.174+0000] {processor.py:799} INFO - Processing file /opt/airflow/dags/7_branch_pythoon_operator.py for tasks to queue
[2026-09-21T02:20:31.175+0000] {logging_mixin.py:149} INFO - [2026-09-21T02:20:31.175+0000] {dagbag.py:541} INFO - Filling up the DagBag from /opt/airflow/dags/7_branch_pythoon_operator.py
[2026-09-21T02:20:31.200+0000] {processor.py:809} INFO - DAG(s) dict_keys(['7-branching']) retrieved from /opt/airflow/dags/7_branch_pythoon_operator.py
[2026-09-21T02:20:31.301+0000] {logging_mixin.py:149} INFO - [2026-09-21T02:20:31.301+0000] {dag.py:2726} INFO - Sync 1 DAGs
[2026-09-21T02:20:31.381+0000] {logging_mixin.py:149} INFO - [2026-09-21T02:20:31.381+0000] {dag.py:3490} INFO - Setting next_dagrun for 7-branching to None, run_after=None
[2026-09-21T02:20:31.430+0000] {processor.py:178} INFO - Processing /opt/airflow/dags/7_branch_pythoon_operator.py took 0.266 seconds
[2026-09-21T02:21:01.862+0000] {processor.py:156} INFO - Started process (PID=589) to work on /opt/airflow/dags/7_branch_pythoon_operator.py
[2026-09-21T02:21:01.864+0000] {processor.py:799} INFO - Processing file /opt/airflow/dags/7_branch_pythoon_operator.py for tasks to queue
[2026-09-21T02:21:01.869+0000] {logging_mixin.py:149} INFO - [2026-09-21T02:21:01.868+0000] {dagbag.py:541} INFO - Filling up the DagBag from /opt/airflow/dags/7_branch_pythoon_operator.py
[2026-09-21T02:21:01.898+0000] {processor.py:809} INFO - DAG(s) dict_keys(['7-branching']) retrieved from /opt/airflow/dags/7_branch_pythoon_operator.py
[2026-09-21T02:21:01.998+0000] {logging_mixin.py:149} INFO - [2026-09-21T02:21:01.997+0000] {dag.py:2726} INFO - Sync 1 DAGs
[2026-09-21T02:21:02.067+0000] {logging_mixin.py:149} INFO - [2026-09-21T02:21:02.067+0000] {dag.py:3490} INFO - Setting next_dagrun for 7-branching to None, run_after=None
[2026-09-21T02:21:02.115+0000] {processor.py:178} INFO - Processing /opt/airflow/dags/7_branch_pythoon_operator.py took 0.261 seconds
[2026-09-21T02:21:32.286+0000] {processor.py:156} INFO - Started process (PID=600) to work on /opt/airflow/dags/7_branch_pythoon_operator.py
[2026-09-21T02:21:32.294+0000] {processor.py:799} INFO - Processing file /opt/airflow/dags/7_branch_pythoon_operator.py for tasks to queue
[2026-09-21T02:21:32.296+0000] {logging_mixin.py:149} INFO - [2026-09-21T02:21:32.295+0000] {dagbag.py:541} INFO - Filling up the DagBag from /opt/airflow/dags/7_branch_pythoon_operator.py
[2026-09-21T02:21:32.322+0000] {processor.py:809} INFO - DAG(s) dict_keys(['7-branching']) retrieved from /opt/airflow/dags/7_branch_pythoon_operator.py
[2026-09-21T02:21:32.421+0000] {logging_mixin.py:149} INFO - [2026-09-21T02:21:32.421+0000] {dag.py:2726} INFO - Sync 1 DAGs
[2026-09-21T02:21:32.498+0000] {logging_mixin.py:149} INFO - [2026-09-21T02:21:32.498+0000] {dag.py:3490} INFO - Setting next_dagrun for 7-branching to None, run_after=None
[2026-09-21T02:21:32.540+0000] {processor.py:178} INFO - Processing /opt/airflow/dags/7_branch_pythoon_operator.py took 0.270 seconds
[2026-09-21T02:22:02.841+0000] {processor.py:156} INFO - Started process (PID=611) to work on /opt/airflow/dags/7_branch_pythoon_operator.py
[2026-09-21T02:22:02.846+0000] {processor.py:799} INFO - Processing file /opt/airflow/dags/7_branch_pythoon_operator.py for tasks to queue
[2026-09-21T02:22:02.851+0000] {logging_mixin.py:149} INFO - [2026-09-21T02:22:02.848+0000] {dagbag.py:541} INFO - Filling up the DagBag from /opt/airflow/dags/7_branch_pythoon_operator.py
[2026-09-21T02:22:02.862+0000] {processor.py:809} INFO - DAG(s) dict_keys(['7-branching']) retrieved from /opt/airflow/dags/7_branch_pythoon_operator.py
[2026-09-21T02:22:02.919+0000] {logging_mixin.py:149} INFO - [2026-09-21T02:22:02.919+0000] {dag.py:2726} INFO - Sync 1 DAGs
[2026-09-21T02:22:02.958+0000] {logging_mixin.py:149} INFO - [2026-09-21T02:22:02.958+0000] {dag.py:3490} INFO - Setting next_dagrun for 7-branching to None, run_after=None
[2026-09-21T02:22:02.997+0000] {processor.py:178} INFO - Processing /opt/airflow/dags/7_branch_pythoon_operator.py took 0.162 seconds
[2026-09-21T02:22:33.276+0000] {processor.py:156} INFO - Started process (PID=622) to work on /opt/airflow/dags/7_branch_pythoon_operator.py
[2026-09-21T02:22:33.279+0000] {processor.py:799} INFO - Processing file /opt/airflow/dags/7_branch_pythoon_operator.py for tasks to queue
[2026-09-21T02:22:33.281+0000] {logging_mixin.py:149} INFO - [2026-09-21T02:22:33.281+0000] {dagbag.py:541} INFO - Filling up the DagBag from /opt/airflow/dags/7_branch_pythoon_operator.py
[2026-09-21T02:22:33.304+0000] {processor.py:809} INFO - DAG(s) dict_keys(['7-branching']) retrieved from /opt/airflow/dags/7_branch_pythoon_operator.py
[2026-09-21T02:22:33.384+0000] {logging_mixin.py:149} INFO - [2026-09-21T02:22:33.384+0000] {dag.py:2726} INFO - Sync 1 DAGs
[2026-09-21T02:22:33.461+0000] {logging_mixin.py:149} INFO - [2026-09-21T02:22:33.461+0000] {dag.py:3490} INFO - Setting next_dagrun for 7-branching to None, run_after=None
[2026-09-21T02:22:33.522+0000] {processor.py:178} INFO - Processing /opt/airflow/dags/7_branch_pythoon_operator.py took 0.283 seconds
[2026-09-21T02:23:03.753+0000] {processor.py:156} INFO - Started process (PID=633) to work on /opt/airflow/dags/7_branch_pythoon_operator.py
[2026-09-21T02:23:03.768+0000] {processor.py:799} INFO - Processing file /opt/airflow/dags/7_branch_pythoon_operator.py for tasks to queue
[2026-09-21T02:23:03.769+0000] {logging_mixin.py:149} INFO - [2026-09-21T02:23:03.769+0000] {dagbag.py:541} INFO - Filling up the DagBag from /opt/airflow/dags/7_branch_pythoon_operator.py
[2026-09-21T02:23:03.814+0000] {processor.py:809} INFO - DAG(s) dict_keys(['7-branching']) retrieved from /opt/airflow/dags/7_branch_pythoon_operator.py
[2026-09-21T02:23:03.904+0000] {logging_mixin.py:149} INFO - [2026-09-21T02:23:03.903+0000] {dag.py:2726} INFO - Sync 1 DAGs
[2026-09-21T02:23:03.974+0000] {logging_mixin.py:149} INFO - [2026-09-21T02:23:03.973+0000] {dag.py:3490} INFO - Setting next_dagrun for 7-branching to None, run_after=None
[2026-09-21T02:23:04.016+0000] {processor.py:178} INFO - Processing /opt/airflow/dags/7_branch_pythoon_operator.py took 0.270 seconds
[2026-09-21T02:23:34.170+0000] {processor.py:156} INFO - Started process (PID=644) to work on /opt/airflow/dags/7_branch_pythoon_operator.py
[2026-09-21T02:23:34.173+0000] {processor.py:799} INFO - Processing file /opt/airflow/dags/7_branch_pythoon_operator.py for tasks to queue
[2026-09-21T02:23:34.175+0000] {logging_mixin.py:149} INFO - [2026-09-21T02:23:34.174+0000] {dagbag.py:541} INFO - Filling up the DagBag from /opt/airflow/dags/7_branch_pythoon_operator.py
[2026-09-21T02:23:34.190+0000] {processor.py:809} INFO - DAG(s) dict_keys(['7-branching']) retrieved from /opt/airflow/dags/7_branch_pythoon_operator.py
[2026-09-21T02:23:34.257+0000] {logging_mixin.py:149} INFO - [2026-09-21T02:23:34.256+0000] {dag.py:2726} INFO - Sync 1 DAGs
[2026-09-21T02:23:34.294+0000] {logging_mixin.py:149} INFO - [2026-09-21T02:23:34.294+0000] {dag.py:3490} INFO - Setting next_dagrun for 7-branching to None, run_after=None
[2026-09-21T02:23:34.334+0000] {processor.py:178} INFO - Processing /opt/airflow/dags/7_branch_pythoon_operator.py took 0.175 seconds
[2026-09-21T02:24:04.411+0000] {processor.py:156} INFO - Started process (PID=655) to work on /opt/airflow/dags/7_branch_pythoon_operator.py
[2026-09-21T02:24:04.413+0000] {processor.py:799} INFO - Processing file /opt/airflow/dags/7_branch_pythoon_operator.py for tasks to queue
[2026-09-21T02:24:04.414+0000] {logging_mixin.py:149} INFO - [2026-09-21T02:24:04.414+0000] {dagbag.py:541} INFO - Filling up the DagBag from /opt/airflow/dags/7_branch_pythoon_operator.py
[2026-09-21T02:24:04.427+0000] {processor.py:809} INFO - DAG(s) dict_keys(['7-branching']) retrieved from /opt/airflow/dags/7_branch_pythoon_operator.py
[2026-09-21T02:24:04.482+0000] {logging_mixin.py:149} INFO - [2026-09-21T02:24:04.482+0000] {dag.py:2726} INFO - Sync 1 DAGs
[2026-09-21T02:24:04.528+0000] {logging_mixin.py:149} INFO - [2026-09-21T02:24:04.528+0000] {dag.py:3490} INFO - Setting next_dagrun for 7-branching to None, run_after=None
[2026-09-21T02:24:04.584+0000] {processor.py:178} INFO - Processing /opt/airflow/dags/7_branch_pythoon_operator.py took 0.182 seconds
[2026-09-21T02:24:34.867+0000] {processor.py:156} INFO - Started process (PID=666) to work on /opt/airflow/dags/7_branch_pythoon_operator.py
[2026-09-21T02:24:34.877+0000] {processor.py:799} INFO - Processing file /opt/airflow/dags/7_branch_pythoon_operator.py for tasks to queue
[2026-09-21T02:24:34.879+0000] {logging_mixin.py:149} INFO - [2026-09-21T02:24:34.878+0000] {dagbag.py:541} INFO - Filling up the DagBag from /opt/airflow/dags/7_branch_pythoon_operator.py
[2026-09-21T02:24:34.892+0000] {processor.py:809} INFO - DAG(s) dict_keys(['7-branching']) retrieved from /opt/airflow/dags/7_branch_pythoon_operator.py
[2026-09-21T02:24:34.966+0000] {logging_mixin.py:149} INFO - [2026-09-21T02:24:34.966+0000] {dag.py:2726} INFO - Sync 1 DAGs
[2026-09-21T02:24:35.051+0000] {logging_mixin.py:149} INFO - [2026-09-21T02:24:35.051+0000] {dag.py:3490} INFO - Setting next_dagrun for 7-branching to None, run_after=None
[2026-09-21T02:24:35.100+0000] {processor.py:178} INFO - Processing /opt/airflow/dags/7_branch_pythoon_operator.py took 0.264 seconds
[2026-09-21T02:25:05.226+0000] {processor.py:156} INFO - Started process (PID=677) to work on /opt/airflow/dags/7_branch_pythoon_operator.py
[2026-09-21T02:25:05.229+0000] {processor.py:799} INFO - Processing file /opt/airflow/dags/7_branch_pythoon_operator.py for tasks to queue
[2026-09-21T02:25:05.231+0000] {logging_mixin.py:149} INFO - [2026-09-21T02:25:05.230+0000] {dagbag.py:541} INFO - Filling up the DagBag from /opt/airflow/dags/7_branch_pythoon_operator.py
[2026-09-21T02:25:05.244+0000] {processor.py:809} INFO - DAG(s) dict_keys(['7-branching']) retrieved from /opt/airflow/dags/7_branch_pythoon_operator.py
[2026-09-21T02:25:05.301+0000] {logging_mixin.py:149} INFO - [2026-09-21T02:25:05.301+0000] {dag.py:2726} INFO - Sync 1 DAGs
[2026-09-21T02:25:05.340+0000] {logging_mixin.py:149} INFO - [2026-09-21T02:25:05.340+0000] {dag.py:3490} INFO - Setting next_dagrun for 7-branching to None, run_after=None
[2026-09-21T02:25:05.389+0000] {processor.py:178} INFO - Processing /opt/airflow/dags/7_branch_pythoon_operator.py took 0.172 seconds
[2026-09-21T02:25:35.518+0000] {processor.py:156} INFO - Started process (PID=688) to work on /opt/airflow/dags/7_branch_pythoon_operator.py
[2026-09-21T02:25:35.523+0000] {processor.py:799} INFO - Processing file /opt/airflow/dags/7_branch_pythoon_operator.py for tasks to queue
[2026-09-21T02:25:35.524+0000] {logging_mixin.py:149} INFO - [2026-09-21T02:25:35.524+0000] {dagbag.py:541} INFO - Filling up the DagBag from /opt/airflow/dags/7_branch_pythoon_operator.py
[2026-09-21T02:25:35.541+0000] {processor.py:809} INFO - DAG(s) dict_keys(['7-branching']) retrieved from /opt/airflow/dags/7_branch_pythoon_operator.py
[2026-09-21T02:25:35.603+0000] {logging_mixin.py:149} INFO - [2026-09-21T02:25:35.603+0000] {dag.py:2726} INFO - Sync 1 DAGs
[2026-09-21T02:25:35.646+0000] {logging_mixin.py:149} INFO - [2026-09-21T02:25:35.646+0000] {dag.py:3490} INFO - Setting next_dagrun for 7-branching to None, run_after=None
[2026-09-21T02:25:35.680+0000] {processor.py:178} INFO - Processing /opt/airflow/dags/7_branch_pythoon_operator.py took 0.175 seconds
[2026-09-21T02:26:05.805+0000] {processor.py:156} INFO - Started process (PID=699) to work on /opt/airflow/dags/7_branch_pythoon_operator.py
[2026-09-21T02:26:05.808+0000] {processor.py:799} INFO - Processing file /opt/airflow/dags/7_branch_pythoon_operator.py for tasks to queue
[2026-09-21T02:26:05.811+0000] {logging_mixin.py:149} INFO - [2026-09-21T02:26:05.809+0000] {dagbag.py:541} INFO - Filling up the DagBag from /opt/airflow/dags/7_branch_pythoon_operator.py
[2026-09-21T02:26:05.826+0000] {processor.py:809} INFO - DAG(s) dict_keys(['7-branching']) retrieved from /opt/airflow/dags/7_branch_pythoon_operator.py
[2026-09-21T02:26:05.906+0000] {logging_mixin.py:149} INFO - [2026-09-21T02:26:05.905+0000] {dag.py:2726} INFO - Sync 1 DAGs
[2026-09-21T02:26:05.957+0000] {logging_mixin.py:149} INFO - [2026-09-21T02:26:05.957+0000] {dag.py:3490} INFO - Setting next_dagrun for 7-branching to None, run_after=None
[2026-09-21T02:26:06.002+0000] {processor.py:178} INFO - Processing /opt/airflow/dags/7_branch_pythoon_operator.py took 0.203 seconds
[2026-09-21T02:26:36.184+0000] {processor.py:156} INFO - Started process (PID=710) to work on /opt/airflow/dags/7_branch_pythoon_operator.py
[2026-09-21T02:26:36.196+0000] {processor.py:799} INFO - Processing file /opt/airflow/dags/7_branch_pythoon_operator.py for tasks to queue
[2026-09-21T02:26:36.197+0000] {logging_mixin.py:149} INFO - [2026-09-21T02:26:36.197+0000] {dagbag.py:541} INFO - Filling up the DagBag from /opt/airflow/dags/7_branch_pythoon_operator.py
[2026-09-21T02:26:36.219+0000] {processor.py:809} INFO - DAG(s) dict_keys(['7-branching']) retrieved from /opt/airflow/dags/7_branch_pythoon_operator.py
[2026-09-21T02:26:36.277+0000] {logging_mixin.py:149} INFO - [2026-09-21T02:26:36.277+0000] {dag.py:2726} INFO - Sync 1 DAGs
[2026-09-21T02:26:36.319+0000] {logging_mixin.py:149} INFO - [2026-09-21T02:26:36.318+0000] {dag.py:3490} INFO - Setting next_dagrun for 7-branching to None, run_after=None
[2026-09-21T02:26:36.391+0000] {processor.py:178} INFO - Processing /opt/airflow/dags/7_branch_pythoon_operator.py took 0.215 seconds
[2026-09-21T02:27:06.647+0000] {processor.py:156} INFO - Started process (PID=721) to work on /opt/airflow/dags/7_branch_pythoon_operator.py
[2026-09-21T02:27:06.653+0000] {processor.py:799} INFO - Processing file /opt/airflow/dags/7_branch_pythoon_operator.py for tasks to queue
[2026-09-21T02:27:06.656+0000] {logging_mixin.py:149} INFO - [2026-09-21T02:27:06.656+0000] {dagbag.py:541} INFO - Filling up the DagBag from /opt/airflow/dags/7_branch_pythoon_operator.py
[2026-09-21T02:27:06.698+0000] {processor.py:809} INFO - DAG(s) dict_keys(['7-branching']) retrieved from /opt/airflow/dags/7_branch_pythoon_operator.py
[2026-09-21T02:27:06.812+0000] {logging_mixin.py:149} INFO - [2026-09-21T02:27:06.812+0000] {dag.py:2726} INFO - Sync 1 DAGs
[2026-09-21T02:27:06.866+0000] {logging_mixin.py:149} INFO - [2026-09-21T02:27:06.865+0000] {dag.py:3490} INFO - Setting next_dagrun for 7-branching to None, run_after=None
[2026-09-21T02:27:06.913+0000] {processor.py:178} INFO - Processing /opt/airflow/dags/7_branch_pythoon_operator.py took 0.276 seconds
[2026-09-21T02:27:37.204+0000] {processor.py:156} INFO - Started process (PID=732) to work on /opt/airflow/dags/7_branch_pythoon_operator.py
[2026-09-21T02:27:37.207+0000] {processor.py:799} INFO - Processing file /opt/airflow/dags/7_branch_pythoon_operator.py for tasks to queue
[2026-09-21T02:27:37.209+0000] {logging_mixin.py:149} INFO - [2026-09-21T02:27:37.209+0000] {dagbag.py:541} INFO - Filling up the DagBag from /opt/airflow/dags/7_branch_pythoon_operator.py
[2026-09-21T02:27:37.232+0000] {processor.py:809} INFO - DAG(s) dict_keys(['7-branching']) retrieved from /opt/airflow/dags/7_branch_pythoon_operator.py
[2026-09-21T02:27:37.308+0000] {logging_mixin.py:149} INFO - [2026-09-21T02:27:37.307+0000] {dag.py:2726} INFO - Sync 1 DAGs
[2026-09-21T02:27:37.369+0000] {logging_mixin.py:149} INFO - [2026-09-21T02:27:37.369+0000] {dag.py:3490} INFO - Setting next_dagrun for 7-branching to None, run_after=None
[2026-09-21T02:27:37.408+0000] {processor.py:178} INFO - Processing /opt/airflow/dags/7_branch_pythoon_operator.py took 0.213 seconds
[2026-09-21T02:28:07.471+0000] {processor.py:156} INFO - Started process (PID=743) to work on /opt/airflow/dags/7_branch_pythoon_operator.py
[2026-09-21T02:28:07.474+0000] {processor.py:799} INFO - Processing file /opt/airflow/dags/7_branch_pythoon_operator.py for tasks to queue
[2026-09-21T02:28:07.475+0000] {logging_mixin.py:149} INFO - [2026-09-21T02:28:07.475+0000] {dagbag.py:541} INFO - Filling up the DagBag from /opt/airflow/dags/7_branch_pythoon_operator.py
[2026-09-21T02:28:07.494+0000] {processor.py:809} INFO - DAG(s) dict_keys(['7-branching']) retrieved from /opt/airflow/dags/7_branch_pythoon_operator.py
[2026-09-21T02:28:07.551+0000] {logging_mixin.py:149} INFO - [2026-09-21T02:28:07.550+0000] {dag.py:2726} INFO - Sync 1 DAGs
[2026-09-21T02:28:07.590+0000] {logging_mixin.py:149} INFO - [2026-09-21T02:28:07.590+0000] {dag.py:3490} INFO - Setting next_dagrun for 7-branching to None, run_after=None
[2026-09-21T02:28:07.624+0000] {processor.py:178} INFO - Processing /opt/airflow/dags/7_branch_pythoon_operator.py took 0.162 seconds
[2026-09-21T02:28:37.894+0000] {processor.py:156} INFO - Started process (PID=754) to work on /opt/airflow/dags/7_branch_pythoon_operator.py
[2026-09-21T02:28:37.897+0000] {processor.py:799} INFO - Processing file /opt/airflow/dags/7_branch_pythoon_operator.py for tasks to queue
[2026-09-21T02:28:37.898+0000] {logging_mixin.py:149} INFO - [2026-09-21T02:28:37.898+0000] {dagbag.py:541} INFO - Filling up the DagBag from /opt/airflow/dags/7_branch_pythoon_operator.py
[2026-09-21T02:28:37.911+0000] {processor.py:809} INFO - DAG(s) dict_keys(['7-branching']) retrieved from /opt/airflow/dags/7_branch_pythoon_operator.py
[2026-09-21T02:28:37.973+0000] {logging_mixin.py:149} INFO - [2026-09-21T02:28:37.972+0000] {dag.py:2726} INFO - Sync 1 DAGs
[2026-09-21T02:28:38.010+0000] {logging_mixin.py:149} INFO - [2026-09-21T02:28:38.009+0000] {dag.py:3490} INFO - Setting next_dagrun for 7-branching to None, run_after=None
[2026-09-21T02:28:38.038+0000] {processor.py:178} INFO - Processing /opt/airflow/dags/7_branch_pythoon_operator.py took 0.161 seconds
[2026-09-21T02:29:08.329+0000] {processor.py:156} INFO - Started process (PID=765) to work on /opt/airflow/dags/7_branch_pythoon_operator.py
[2026-09-21T02:29:08.333+0000] {processor.py:799} INFO - Processing file /opt/airflow/dags/7_branch_pythoon_operator.py for tasks to queue
[2026-09-21T02:29:08.334+0000] {logging_mixin.py:149} INFO - [2026-09-21T02:29:08.334+0000] {dagbag.py:541} INFO - Filling up the DagBag from /opt/airflow/dags/7_branch_pythoon_operator.py
[2026-09-21T02:29:08.351+0000] {processor.py:809} INFO - DAG(s) dict_keys(['7-branching']) retrieved from /opt/airflow/dags/7_branch_pythoon_operator.py
[2026-09-21T02:29:08.419+0000] {logging_mixin.py:149} INFO - [2026-09-21T02:29:08.419+0000] {dag.py:2726} INFO - Sync 1 DAGs
[2026-09-21T02:29:08.484+0000] {logging_mixin.py:149} INFO - [2026-09-21T02:29:08.483+0000] {dag.py:3490} INFO - Setting next_dagrun for 7-branching to None, run_after=None
[2026-09-21T02:29:08.553+0000] {processor.py:178} INFO - Processing /opt/airflow/dags/7_branch_pythoon_operator.py took 0.241 seconds
[2026-09-21T02:29:38.833+0000] {processor.py:156} INFO - Started process (PID=776) to work on /opt/airflow/dags/7_branch_pythoon_operator.py
[2026-09-21T02:29:38.841+0000] {processor.py:799} INFO - Processing file /opt/airflow/dags/7_branch_pythoon_operator.py for tasks to queue
[2026-09-21T02:29:38.842+0000] {logging_mixin.py:149} INFO - [2026-09-21T02:29:38.841+0000] {dagbag.py:541} INFO - Filling up the DagBag from /opt/airflow/dags/7_branch_pythoon_operator.py
[2026-09-21T02:29:38.860+0000] {processor.py:809} INFO - DAG(s) dict_keys(['7-branching']) retrieved from /opt/airflow/dags/7_branch_pythoon_operator.py
[2026-09-21T02:29:38.918+0000] {logging_mixin.py:149} INFO - [2026-09-21T02:29:38.918+0000] {dag.py:2726} INFO - Sync 1 DAGs
[2026-09-21T02:29:38.957+0000] {logging_mixin.py:149} INFO - [2026-09-21T02:29:38.957+0000] {dag.py:3490} INFO - Setting next_dagrun for 7-branching to None, run_after=None
[2026-09-21T02:29:39.005+0000] {processor.py:178} INFO - Processing /opt/airflow/dags/7_branch_pythoon_operator.py took 0.182 seconds
[2026-09-21T02:30:09.058+0000] {processor.py:156} INFO - Started process (PID=786) to work on /opt/airflow/dags/7_branch_pythoon_operator.py
[2026-09-21T02:30:09.063+0000] {processor.py:799} INFO - Processing file /opt/airflow/dags/7_branch_pythoon_operator.py for tasks to queue
[2026-09-21T02:30:09.065+0000] {logging_mixin.py:149} INFO - [2026-09-21T02:30:09.064+0000] {dagbag.py:541} INFO - Filling up the DagBag from /opt/airflow/dags/7_branch_pythoon_operator.py
[2026-09-21T02:30:09.082+0000] {processor.py:809} INFO - DAG(s) dict_keys(['7-branching']) retrieved from /opt/airflow/dags/7_branch_pythoon_operator.py
[2026-09-21T02:30:09.170+0000] {logging_mixin.py:149} INFO - [2026-09-21T02:30:09.169+0000] {dag.py:2726} INFO - Sync 1 DAGs
[2026-09-21T02:30:09.213+0000] {logging_mixin.py:149} INFO - [2026-09-21T02:30:09.213+0000] {dag.py:3490} INFO - Setting next_dagrun for 7-branching to None, run_after=None
[2026-09-21T02:30:09.245+0000] {processor.py:178} INFO - Processing /opt/airflow/dags/7_branch_pythoon_operator.py took 0.195 seconds
[2026-09-21T02:30:39.490+0000] {processor.py:156} INFO - Started process (PID=797) to work on /opt/airflow/dags/7_branch_pythoon_operator.py
[2026-09-21T02:30:39.493+0000] {processor.py:799} INFO - Processing file /opt/airflow/dags/7_branch_pythoon_operator.py for tasks to queue
[2026-09-21T02:30:39.494+0000] {logging_mixin.py:149} INFO - [2026-09-21T02:30:39.493+0000] {dagbag.py:541} INFO - Filling up the DagBag from /opt/airflow/dags/7_branch_pythoon_operator.py
[2026-09-21T02:30:39.513+0000] {processor.py:809} INFO - DAG(s) dict_keys(['7-branching']) retrieved from /opt/airflow/dags/7_branch_pythoon_operator.py
[2026-09-21T02:30:39.618+0000] {logging_mixin.py:149} INFO - [2026-09-21T02:30:39.617+0000] {dag.py:2726} INFO - Sync 1 DAGs
[2026-09-21T02:30:39.675+0000] {logging_mixin.py:149} INFO - [2026-09-21T02:30:39.674+0000] {dag.py:3490} INFO - Setting next_dagrun for 7-branching to None, run_after=None
[2026-09-21T02:30:39.714+0000] {processor.py:178} INFO - Processing /opt/airflow/dags/7_branch_pythoon_operator.py took 0.234 seconds
[2026-09-21T02:31:10.113+0000] {processor.py:156} INFO - Started process (PID=809) to work on /opt/airflow/dags/7_branch_pythoon_operator.py
[2026-09-21T02:31:10.121+0000] {processor.py:799} INFO - Processing file /opt/airflow/dags/7_branch_pythoon_operator.py for tasks to queue
[2026-09-21T02:31:10.122+0000] {logging_mixin.py:149} INFO - [2026-09-21T02:31:10.122+0000] {dagbag.py:541} INFO - Filling up the DagBag from /opt/airflow/dags/7_branch_pythoon_operator.py
[2026-09-21T02:31:10.134+0000] {processor.py:809} INFO - DAG(s) dict_keys(['7-branching']) retrieved from /opt/airflow/dags/7_branch_pythoon_operator.py
[2026-09-21T02:31:10.201+0000] {logging_mixin.py:149} INFO - [2026-09-21T02:31:10.200+0000] {dag.py:2726} INFO - Sync 1 DAGs
[2026-09-21T02:31:10.240+0000] {logging_mixin.py:149} INFO - [2026-09-21T02:31:10.240+0000] {dag.py:3490} INFO - Setting next_dagrun for 7-branching to None, run_after=None
[2026-09-21T02:31:10.276+0000] {processor.py:178} INFO - Processing /opt/airflow/dags/7_branch_pythoon_operator.py took 0.170 seconds
[2026-09-21T02:31:40.558+0000] {processor.py:156} INFO - Started process (PID=820) to work on /opt/airflow/dags/7_branch_pythoon_operator.py
[2026-09-21T02:31:40.562+0000] {processor.py:799} INFO - Processing file /opt/airflow/dags/7_branch_pythoon_operator.py for tasks to queue
[2026-09-21T02:31:40.563+0000] {logging_mixin.py:149} INFO - [2026-09-21T02:31:40.563+0000] {dagbag.py:541} INFO - Filling up the DagBag from /opt/airflow/dags/7_branch_pythoon_operator.py
[2026-09-21T02:31:40.575+0000] {processor.py:809} INFO - DAG(s) dict_keys(['7-branching']) retrieved from /opt/airflow/dags/7_branch_pythoon_operator.py
[2026-09-21T02:31:40.664+0000] {logging_mixin.py:149} INFO - [2026-09-21T02:31:40.664+0000] {dag.py:2726} INFO - Sync 1 DAGs
[2026-09-21T02:31:40.711+0000] {logging_mixin.py:149} INFO - [2026-09-21T02:31:40.711+0000] {dag.py:3490} INFO - Setting next_dagrun for 7-branching to None, run_after=None
[2026-09-21T02:31:40.743+0000] {processor.py:178} INFO - Processing /opt/airflow/dags/7_branch_pythoon_operator.py took 0.191 seconds
[2026-09-21T02:32:10.898+0000] {processor.py:156} INFO - Started process (PID=831) to work on /opt/airflow/dags/7_branch_pythoon_operator.py
[2026-09-21T02:32:10.902+0000] {processor.py:799} INFO - Processing file /opt/airflow/dags/7_branch_pythoon_operator.py for tasks to queue
[2026-09-21T02:32:10.903+0000] {logging_mixin.py:149} INFO - [2026-09-21T02:32:10.902+0000] {dagbag.py:541} INFO - Filling up the DagBag from /opt/airflow/dags/7_branch_pythoon_operator.py
[2026-09-21T02:32:10.920+0000] {processor.py:809} INFO - DAG(s) dict_keys(['7-branching']) retrieved from /opt/airflow/dags/7_branch_pythoon_operator.py
[2026-09-21T02:32:10.983+0000] {logging_mixin.py:149} INFO - [2026-09-21T02:32:10.983+0000] {dag.py:2726} INFO - Sync 1 DAGs
[2026-09-21T02:32:11.026+0000] {logging_mixin.py:149} INFO - [2026-09-21T02:32:11.026+0000] {dag.py:3490} INFO - Setting next_dagrun for 7-branching to None, run_after=None
[2026-09-21T02:32:11.078+0000] {processor.py:178} INFO - Processing /opt/airflow/dags/7_branch_pythoon_operator.py took 0.188 seconds
[2026-09-21T02:32:41.224+0000] {processor.py:156} INFO - Started process (PID=842) to work on /opt/airflow/dags/7_branch_pythoon_operator.py
[2026-09-21T02:32:41.231+0000] {processor.py:799} INFO - Processing file /opt/airflow/dags/7_branch_pythoon_operator.py for tasks to queue
[2026-09-21T02:32:41.236+0000] {logging_mixin.py:149} INFO - [2026-09-21T02:32:41.235+0000] {dagbag.py:541} INFO - Filling up the DagBag from /opt/airflow/dags/7_branch_pythoon_operator.py
[2026-09-21T02:32:41.256+0000] {processor.py:809} INFO - DAG(s) dict_keys(['7-branching']) retrieved from /opt/airflow/dags/7_branch_pythoon_operator.py
[2026-09-21T02:32:41.323+0000] {logging_mixin.py:149} INFO - [2026-09-21T02:32:41.322+0000] {dag.py:2726} INFO - Sync 1 DAGs
[2026-09-21T02:32:41.356+0000] {logging_mixin.py:149} INFO - [2026-09-21T02:32:41.356+0000] {dag.py:3490} INFO - Setting next_dagrun for 7-branching to None, run_after=None
[2026-09-21T02:32:41.380+0000] {processor.py:178} INFO - Processing /opt/airflow/dags/7_branch_pythoon_operator.py took 0.172 seconds
[2026-09-21T02:33:12.287+0000] {processor.py:156} INFO - Started process (PID=853) to work on /opt/airflow/dags/7_branch_pythoon_operator.py
[2026-09-21T02:33:12.291+0000] {processor.py:799} INFO - Processing file /opt/airflow/dags/7_branch_pythoon_operator.py for tasks to queue
[2026-09-21T02:33:12.292+0000] {logging_mixin.py:149} INFO - [2026-09-21T02:33:12.292+0000] {dagbag.py:541} INFO - Filling up the DagBag from /opt/airflow/dags/7_branch_pythoon_operator.py
[2026-09-21T02:33:12.305+0000] {processor.py:809} INFO - DAG(s) dict_keys(['7-branching']) retrieved from /opt/airflow/dags/7_branch_pythoon_operator.py
[2026-09-21T02:33:12.363+0000] {logging_mixin.py:149} INFO - [2026-09-21T02:33:12.362+0000] {dag.py:2726} INFO - Sync 1 DAGs
[2026-09-21T02:33:12.399+0000] {logging_mixin.py:149} INFO - [2026-09-21T02:33:12.399+0000] {dag.py:3490} INFO - Setting next_dagrun for 7-branching to None, run_after=None
[2026-09-21T02:33:12.424+0000] {processor.py:178} INFO - Processing /opt/airflow/dags/7_branch_pythoon_operator.py took 0.145 seconds
[2026-09-21T02:33:43.458+0000] {processor.py:156} INFO - Started process (PID=864) to work on /opt/airflow/dags/7_branch_pythoon_operator.py
[2026-09-21T02:33:43.460+0000] {processor.py:799} INFO - Processing file /opt/airflow/dags/7_branch_pythoon_operator.py for tasks to queue
[2026-09-21T02:33:43.461+0000] {logging_mixin.py:149} INFO - [2026-09-21T02:33:43.461+0000] {dagbag.py:541} INFO - Filling up the DagBag from /opt/airflow/dags/7_branch_pythoon_operator.py
[2026-09-21T02:33:43.484+0000] {processor.py:809} INFO - DAG(s) dict_keys(['7-branching']) retrieved from /opt/airflow/dags/7_branch_pythoon_operator.py
[2026-09-21T02:33:43.550+0000] {logging_mixin.py:149} INFO - [2026-09-21T02:33:43.547+0000] {dag.py:2726} INFO - Sync 1 DAGs
[2026-09-21T02:33:43.587+0000] {logging_mixin.py:149} INFO - [2026-09-21T02:33:43.586+0000] {dag.py:3490} INFO - Setting next_dagrun for 7-branching to None, run_after=None
[2026-09-21T02:33:43.646+0000] {processor.py:178} INFO - Processing /opt/airflow/dags/7_branch_pythoon_operator.py took 0.196 seconds
[2026-09-21T02:34:14.953+0000] {processor.py:156} INFO - Started process (PID=875) to work on /opt/airflow/dags/7_branch_pythoon_operator.py
[2026-09-21T02:34:14.955+0000] {processor.py:799} INFO - Processing file /opt/airflow/dags/7_branch_pythoon_operator.py for tasks to queue
[2026-09-21T02:34:14.956+0000] {logging_mixin.py:149} INFO - [2026-09-21T02:34:14.956+0000] {dagbag.py:541} INFO - Filling up the DagBag from /opt/airflow/dags/7_branch_pythoon_operator.py
[2026-09-21T02:34:14.967+0000] {processor.py:809} INFO - DAG(s) dict_keys(['7-branching']) retrieved from /opt/airflow/dags/7_branch_pythoon_operator.py
[2026-09-21T02:34:15.024+0000] {logging_mixin.py:149} INFO - [2026-09-21T02:34:15.023+0000] {dag.py:2726} INFO - Sync 1 DAGs
[2026-09-21T02:34:15.069+0000] {logging_mixin.py:149} INFO - [2026-09-21T02:34:15.068+0000] {dag.py:3490} INFO - Setting next_dagrun for 7-branching to None, run_after=None
[2026-09-21T02:34:15.158+0000] {processor.py:178} INFO - Processing /opt/airflow/dags/7_branch_pythoon_operator.py took 0.212 seconds
[2026-09-21T02:34:45.339+0000] {processor.py:156} INFO - Started process (PID=886) to work on /opt/airflow/dags/7_branch_pythoon_operator.py
[2026-09-21T02:34:45.342+0000] {processor.py:799} INFO - Processing file /opt/airflow/dags/7_branch_pythoon_operator.py for tasks to queue
[2026-09-21T02:34:45.343+0000] {logging_mixin.py:149} INFO - [2026-09-21T02:34:45.343+0000] {dagbag.py:541} INFO - Filling up the DagBag from /opt/airflow/dags/7_branch_pythoon_operator.py
[2026-09-21T02:34:45.360+0000] {processor.py:809} INFO - DAG(s) dict_keys(['7-branching']) retrieved from /opt/airflow/dags/7_branch_pythoon_operator.py
[2026-09-21T02:34:45.452+0000] {logging_mixin.py:149} INFO - [2026-09-21T02:34:45.451+0000] {dag.py:2726} INFO - Sync 1 DAGs
[2026-09-21T02:34:45.494+0000] {logging_mixin.py:149} INFO - [2026-09-21T02:34:45.494+0000] {dag.py:3490} INFO - Setting next_dagrun for 7-branching to None, run_after=None
[2026-09-21T02:34:45.546+0000] {processor.py:178} INFO - Processing /opt/airflow/dags/7_branch_pythoon_operator.py took 0.218 seconds
[2026-09-21T02:35:16.433+0000] {processor.py:156} INFO - Started process (PID=897) to work on /opt/airflow/dags/7_branch_pythoon_operator.py
[2026-09-21T02:35:16.435+0000] {processor.py:799} INFO - Processing file /opt/airflow/dags/7_branch_pythoon_operator.py for tasks to queue
[2026-09-21T02:35:16.436+0000] {logging_mixin.py:149} INFO - [2026-09-21T02:35:16.436+0000] {dagbag.py:541} INFO - Filling up the DagBag from /opt/airflow/dags/7_branch_pythoon_operator.py
[2026-09-21T02:35:16.445+0000] {processor.py:809} INFO - DAG(s) dict_keys(['7-branching']) retrieved from /opt/airflow/dags/7_branch_pythoon_operator.py
[2026-09-21T02:35:16.523+0000] {logging_mixin.py:149} INFO - [2026-09-21T02:35:16.523+0000] {dag.py:2726} INFO - Sync 1 DAGs
[2026-09-21T02:35:16.554+0000] {logging_mixin.py:149} INFO - [2026-09-21T02:35:16.554+0000] {dag.py:3490} INFO - Setting next_dagrun for 7-branching to None, run_after=None
[2026-09-21T02:35:16.579+0000] {processor.py:178} INFO - Processing /opt/airflow/dags/7_branch_pythoon_operator.py took 0.151 seconds
[2026-09-21T02:35:43.779+0000] {processor.py:156} INFO - Started process (PID=910) to work on /opt/airflow/dags/7_branch_pythoon_operator.py
[2026-09-21T02:35:43.788+0000] {processor.py:799} INFO - Processing file /opt/airflow/dags/7_branch_pythoon_operator.py for tasks to queue
[2026-09-21T02:35:43.789+0000] {logging_mixin.py:149} INFO - [2026-09-21T02:35:43.789+0000] {dagbag.py:541} INFO - Filling up the DagBag from /opt/airflow/dags/7_branch_pythoon_operator.py
[2026-09-21T02:35:43.811+0000] {processor.py:809} INFO - DAG(s) dict_keys(['7-branching']) retrieved from /opt/airflow/dags/7_branch_pythoon_operator.py
[2026-09-21T02:35:43.870+0000] {logging_mixin.py:149} INFO - [2026-09-21T02:35:43.870+0000] {dag.py:2726} INFO - Sync 1 DAGs
[2026-09-21T02:35:43.918+0000] {logging_mixin.py:149} INFO - [2026-09-21T02:35:43.918+0000] {dag.py:3490} INFO - Setting next_dagrun for 7-branching to None, run_after=None
[2026-09-21T02:35:43.962+0000] {processor.py:178} INFO - Processing /opt/airflow/dags/7_branch_pythoon_operator.py took 0.193 seconds
[2026-09-21T02:36:14.181+0000] {processor.py:156} INFO - Started process (PID=921) to work on /opt/airflow/dags/7_branch_pythoon_operator.py
[2026-09-21T02:36:14.183+0000] {processor.py:799} INFO - Processing file /opt/airflow/dags/7_branch_pythoon_operator.py for tasks to queue
[2026-09-21T02:36:14.184+0000] {logging_mixin.py:149} INFO - [2026-09-21T02:36:14.184+0000] {dagbag.py:541} INFO - Filling up the DagBag from /opt/airflow/dags/7_branch_pythoon_operator.py
[2026-09-21T02:36:14.195+0000] {processor.py:809} INFO - DAG(s) dict_keys(['7-branching']) retrieved from /opt/airflow/dags/7_branch_pythoon_operator.py
[2026-09-21T02:36:14.280+0000] {logging_mixin.py:149} INFO - [2026-09-21T02:36:14.280+0000] {dag.py:2726} INFO - Sync 1 DAGs
[2026-09-21T02:36:14.327+0000] {logging_mixin.py:149} INFO - [2026-09-21T02:36:14.327+0000] {dag.py:3490} INFO - Setting next_dagrun for 7-branching to None, run_after=None
[2026-09-21T02:36:14.401+0000] {processor.py:178} INFO - Processing /opt/airflow/dags/7_branch_pythoon_operator.py took 0.226 seconds
[2026-09-21T02:36:44.519+0000] {processor.py:156} INFO - Started process (PID=932) to work on /opt/airflow/dags/7_branch_pythoon_operator.py
[2026-09-21T02:36:44.531+0000] {processor.py:799} INFO - Processing file /opt/airflow/dags/7_branch_pythoon_operator.py for tasks to queue
[2026-09-21T02:36:44.532+0000] {logging_mixin.py:149} INFO - [2026-09-21T02:36:44.531+0000] {dagbag.py:541} INFO - Filling up the DagBag from /opt/airflow/dags/7_branch_pythoon_operator.py
[2026-09-21T02:36:44.545+0000] {processor.py:809} INFO - DAG(s) dict_keys(['7-branching']) retrieved from /opt/airflow/dags/7_branch_pythoon_operator.py
[2026-09-21T02:36:44.603+0000] {logging_mixin.py:149} INFO - [2026-09-21T02:36:44.603+0000] {dag.py:2726} INFO - Sync 1 DAGs
[2026-09-21T02:36:44.652+0000] {logging_mixin.py:149} INFO - [2026-09-21T02:36:44.652+0000] {dag.py:3490} INFO - Setting next_dagrun for 7-branching to None, run_after=None
[2026-09-21T02:36:44.698+0000] {processor.py:178} INFO - Processing /opt/airflow/dags/7_branch_pythoon_operator.py took 0.184 seconds
[2026-09-21T02:37:14.891+0000] {processor.py:156} INFO - Started process (PID=943) to work on /opt/airflow/dags/7_branch_pythoon_operator.py
[2026-09-21T02:37:14.898+0000] {processor.py:799} INFO - Processing file /opt/airflow/dags/7_branch_pythoon_operator.py for tasks to queue
[2026-09-21T02:37:14.899+0000] {logging_mixin.py:149} INFO - [2026-09-21T02:37:14.899+0000] {dagbag.py:541} INFO - Filling up the DagBag from /opt/airflow/dags/7_branch_pythoon_operator.py
[2026-09-21T02:37:14.913+0000] {processor.py:809} INFO - DAG(s) dict_keys(['7-branching']) retrieved from /opt/airflow/dags/7_branch_pythoon_operator.py
[2026-09-21T02:37:14.976+0000] {logging_mixin.py:149} INFO - [2026-09-21T02:37:14.976+0000] {dag.py:2726} INFO - Sync 1 DAGs
[2026-09-21T02:37:15.015+0000] {logging_mixin.py:149} INFO - [2026-09-21T02:37:15.015+0000] {dag.py:3490} INFO - Setting next_dagrun for 7-branching to None, run_after=None
[2026-09-21T02:37:15.053+0000] {processor.py:178} INFO - Processing /opt/airflow/dags/7_branch_pythoon_operator.py took 0.167 seconds
[2026-09-21T02:37:45.188+0000] {processor.py:156} INFO - Started process (PID=954) to work on /opt/airflow/dags/7_branch_pythoon_operator.py
[2026-09-21T02:37:45.193+0000] {processor.py:799} INFO - Processing file /opt/airflow/dags/7_branch_pythoon_operator.py for tasks to queue
[2026-09-21T02:37:45.194+0000] {logging_mixin.py:149} INFO - [2026-09-21T02:37:45.194+0000] {dagbag.py:541} INFO - Filling up the DagBag from /opt/airflow/dags/7_branch_pythoon_operator.py
[2026-09-21T02:37:45.213+0000] {processor.py:809} INFO - DAG(s) dict_keys(['7-branching']) retrieved from /opt/airflow/dags/7_branch_pythoon_operator.py
[2026-09-21T02:37:45.276+0000] {logging_mixin.py:149} INFO - [2026-09-21T02:37:45.276+0000] {dag.py:2726} INFO - Sync 1 DAGs
[2026-09-21T02:37:45.324+0000] {logging_mixin.py:149} INFO - [2026-09-21T02:37:45.323+0000] {dag.py:3490} INFO - Setting next_dagrun for 7-branching to None, run_after=None
[2026-09-21T02:37:45.379+0000] {processor.py:178} INFO - Processing /opt/airflow/dags/7_branch_pythoon_operator.py took 0.202 seconds
[2026-09-21T02:38:15.541+0000] {processor.py:156} INFO - Started process (PID=965) to work on /opt/airflow/dags/7_branch_pythoon_operator.py
[2026-09-21T02:38:15.545+0000] {processor.py:799} INFO - Processing file /opt/airflow/dags/7_branch_pythoon_operator.py for tasks to queue
[2026-09-21T02:38:15.546+0000] {logging_mixin.py:149} INFO - [2026-09-21T02:38:15.545+0000] {dagbag.py:541} INFO - Filling up the DagBag from /opt/airflow/dags/7_branch_pythoon_operator.py
[2026-09-21T02:38:15.557+0000] {processor.py:809} INFO - DAG(s) dict_keys(['7-branching']) retrieved from /opt/airflow/dags/7_branch_pythoon_operator.py
[2026-09-21T02:38:15.612+0000] {logging_mixin.py:149} INFO - [2026-09-21T02:38:15.612+0000] {dag.py:2726} INFO - Sync 1 DAGs
[2026-09-21T02:38:15.650+0000] {logging_mixin.py:149} INFO - [2026-09-21T02:38:15.650+0000] {dag.py:3490} INFO - Setting next_dagrun for 7-branching to None, run_after=None
[2026-09-21T02:38:15.690+0000] {processor.py:178} INFO - Processing /opt/airflow/dags/7_branch_pythoon_operator.py took 0.154 seconds
[2026-09-21T02:38:46.012+0000] {processor.py:156} INFO - Started process (PID=976) to work on /opt/airflow/dags/7_branch_pythoon_operator.py
[2026-09-21T02:38:46.014+0000] {processor.py:799} INFO - Processing file /opt/airflow/dags/7_branch_pythoon_operator.py for tasks to queue
[2026-09-21T02:38:46.015+0000] {logging_mixin.py:149} INFO - [2026-09-21T02:38:46.015+0000] {dagbag.py:541} INFO - Filling up the DagBag from /opt/airflow/dags/7_branch_pythoon_operator.py
[2026-09-21T02:38:46.030+0000] {processor.py:809} INFO - DAG(s) dict_keys(['7-branching']) retrieved from /opt/airflow/dags/7_branch_pythoon_operator.py
[2026-09-21T02:38:46.100+0000] {logging_mixin.py:149} INFO - [2026-09-21T02:38:46.099+0000] {dag.py:2726} INFO - Sync 1 DAGs
[2026-09-21T02:38:46.138+0000] {logging_mixin.py:149} INFO - [2026-09-21T02:38:46.137+0000] {dag.py:3490} INFO - Setting next_dagrun for 7-branching to None, run_after=None
[2026-09-21T02:38:46.177+0000] {processor.py:178} INFO - Processing /opt/airflow/dags/7_branch_pythoon_operator.py took 0.175 seconds
[2026-09-21T02:39:16.313+0000] {processor.py:156} INFO - Started process (PID=987) to work on /opt/airflow/dags/7_branch_pythoon_operator.py
[2026-09-21T02:39:16.316+0000] {processor.py:799} INFO - Processing file /opt/airflow/dags/7_branch_pythoon_operator.py for tasks to queue
[2026-09-21T02:39:16.317+0000] {logging_mixin.py:149} INFO - [2026-09-21T02:39:16.317+0000] {dagbag.py:541} INFO - Filling up the DagBag from /opt/airflow/dags/7_branch_pythoon_operator.py
[2026-09-21T02:39:16.335+0000] {processor.py:809} INFO - DAG(s) dict_keys(['7-branching']) retrieved from /opt/airflow/dags/7_branch_pythoon_operator.py
[2026-09-21T02:39:16.404+0000] {logging_mixin.py:149} INFO - [2026-09-21T02:39:16.403+0000] {dag.py:2726} INFO - Sync 1 DAGs
[2026-09-21T02:39:16.469+0000] {logging_mixin.py:149} INFO - [2026-09-21T02:39:16.468+0000] {dag.py:3490} INFO - Setting next_dagrun for 7-branching to None, run_after=None
[2026-09-21T02:39:16.537+0000] {processor.py:178} INFO - Processing /opt/airflow/dags/7_branch_pythoon_operator.py took 0.230 seconds
[2026-09-21T02:39:46.683+0000] {processor.py:156} INFO - Started process (PID=998) to work on /opt/airflow/dags/7_branch_pythoon_operator.py
[2026-09-21T02:39:46.685+0000] {processor.py:799} INFO - Processing file /opt/airflow/dags/7_branch_pythoon_operator.py for tasks to queue
[2026-09-21T02:39:46.687+0000] {logging_mixin.py:149} INFO - [2026-09-21T02:39:46.686+0000] {dagbag.py:541} INFO - Filling up the DagBag from /opt/airflow/dags/7_branch_pythoon_operator.py
[2026-09-21T02:39:46.708+0000] {processor.py:809} INFO - DAG(s) dict_keys(['7-branching']) retrieved from /opt/airflow/dags/7_branch_pythoon_operator.py
[2026-09-21T02:39:46.769+0000] {logging_mixin.py:149} INFO - [2026-09-21T02:39:46.769+0000] {dag.py:2726} INFO - Sync 1 DAGs
[2026-09-21T02:39:46.852+0000] {logging_mixin.py:149} INFO - [2026-09-21T02:39:46.851+0000] {dag.py:3490} INFO - Setting next_dagrun for 7-branching to None, run_after=None
[2026-09-21T02:39:46.905+0000] {processor.py:178} INFO - Processing /opt/airflow/dags/7_branch_pythoon_operator.py took 0.229 seconds
[2026-09-21T02:40:17.942+0000] {processor.py:156} INFO - Started process (PID=1009) to work on /opt/airflow/dags/7_branch_pythoon_operator.py
[2026-09-21T02:40:17.944+0000] {processor.py:799} INFO - Processing file /opt/airflow/dags/7_branch_pythoon_operator.py for tasks to queue
[2026-09-21T02:40:17.945+0000] {logging_mixin.py:149} INFO - [2026-09-21T02:40:17.945+0000] {dagbag.py:541} INFO - Filling up the DagBag from /opt/airflow/dags/7_branch_pythoon_operator.py
[2026-09-21T02:40:17.957+0000] {processor.py:809} INFO - DAG(s) dict_keys(['7-branching']) retrieved from /opt/airflow/dags/7_branch_pythoon_operator.py
[2026-09-21T02:40:18.049+0000] {logging_mixin.py:149} INFO - [2026-09-21T02:40:18.048+0000] {dag.py:2726} INFO - Sync 1 DAGs
[2026-09-21T02:40:18.112+0000] {logging_mixin.py:149} INFO - [2026-09-21T02:40:18.112+0000] {dag.py:3490} INFO - Setting next_dagrun for 7-branching to None, run_after=None
[2026-09-21T02:40:18.146+0000] {processor.py:178} INFO - Processing /opt/airflow/dags/7_branch_pythoon_operator.py took 0.209 seconds
[2026-09-21T02:40:48.225+0000] {processor.py:156} INFO - Started process (PID=1020) to work on /opt/airflow/dags/7_branch_pythoon_operator.py
[2026-09-21T02:40:48.228+0000] {processor.py:799} INFO - Processing file /opt/airflow/dags/7_branch_pythoon_operator.py for tasks to queue
[2026-09-21T02:40:48.229+0000] {logging_mixin.py:149} INFO - [2026-09-21T02:40:48.228+0000] {dagbag.py:541} INFO - Filling up the DagBag from /opt/airflow/dags/7_branch_pythoon_operator.py
[2026-09-21T02:40:48.241+0000] {processor.py:809} INFO - DAG(s) dict_keys(['7-branching']) retrieved from /opt/airflow/dags/7_branch_pythoon_operator.py
[2026-09-21T02:40:48.315+0000] {logging_mixin.py:149} INFO - [2026-09-21T02:40:48.315+0000] {dag.py:2726} INFO - Sync 1 DAGs
[2026-09-21T02:40:48.376+0000] {logging_mixin.py:149} INFO - [2026-09-21T02:40:48.375+0000] {dag.py:3490} INFO - Setting next_dagrun for 7-branching to None, run_after=None
[2026-09-21T02:40:48.429+0000] {processor.py:178} INFO - Processing /opt/airflow/dags/7_branch_pythoon_operator.py took 0.210 seconds
[2026-09-21T02:41:18.593+0000] {processor.py:156} INFO - Started process (PID=1031) to work on /opt/airflow/dags/7_branch_pythoon_operator.py
[2026-09-21T02:41:18.595+0000] {processor.py:799} INFO - Processing file /opt/airflow/dags/7_branch_pythoon_operator.py for tasks to queue
[2026-09-21T02:41:18.596+0000] {logging_mixin.py:149} INFO - [2026-09-21T02:41:18.596+0000] {dagbag.py:541} INFO - Filling up the DagBag from /opt/airflow/dags/7_branch_pythoon_operator.py
[2026-09-21T02:41:18.608+0000] {processor.py:809} INFO - DAG(s) dict_keys(['7-branching']) retrieved from /opt/airflow/dags/7_branch_pythoon_operator.py
[2026-09-21T02:41:18.689+0000] {logging_mixin.py:149} INFO - [2026-09-21T02:41:18.689+0000] {dag.py:2726} INFO - Sync 1 DAGs
[2026-09-21T02:41:18.745+0000] {logging_mixin.py:149} INFO - [2026-09-21T02:41:18.745+0000] {dag.py:3490} INFO - Setting next_dagrun for 7-branching to None, run_after=None
[2026-09-21T02:41:18.793+0000] {processor.py:178} INFO - Processing /opt/airflow/dags/7_branch_pythoon_operator.py took 0.207 seconds
[2026-09-21T02:41:48.625+0000] {processor.py:156} INFO - Started process (PID=1044) to work on /opt/airflow/dags/7_branch_pythoon_operator.py
[2026-09-21T02:41:48.627+0000] {processor.py:799} INFO - Processing file /opt/airflow/dags/7_branch_pythoon_operator.py for tasks to queue
[2026-09-21T02:41:48.628+0000] {logging_mixin.py:149} INFO - [2026-09-21T02:41:48.628+0000] {dagbag.py:541} INFO - Filling up the DagBag from /opt/airflow/dags/7_branch_pythoon_operator.py
[2026-09-21T02:41:48.641+0000] {processor.py:809} INFO - DAG(s) dict_keys(['7-branching']) retrieved from /opt/airflow/dags/7_branch_pythoon_operator.py
[2026-09-21T02:41:48.705+0000] {logging_mixin.py:149} INFO - [2026-09-21T02:41:48.705+0000] {dag.py:2726} INFO - Sync 1 DAGs
[2026-09-21T02:41:48.756+0000] {logging_mixin.py:149} INFO - [2026-09-21T02:41:48.755+0000] {dag.py:3490} INFO - Setting next_dagrun for 7-branching to None, run_after=None
[2026-09-21T02:41:48.838+0000] {processor.py:178} INFO - Processing /opt/airflow/dags/7_branch_pythoon_operator.py took 0.224 seconds
[2026-09-21T02:42:19.036+0000] {processor.py:156} INFO - Started process (PID=1055) to work on /opt/airflow/dags/7_branch_pythoon_operator.py
[2026-09-21T02:42:19.038+0000] {processor.py:799} INFO - Processing file /opt/airflow/dags/7_branch_pythoon_operator.py for tasks to queue
[2026-09-21T02:42:19.039+0000] {logging_mixin.py:149} INFO - [2026-09-21T02:42:19.039+0000] {dagbag.py:541} INFO - Filling up the DagBag from /opt/airflow/dags/7_branch_pythoon_operator.py
[2026-09-21T02:42:19.058+0000] {processor.py:809} INFO - DAG(s) dict_keys(['7-branching']) retrieved from /opt/airflow/dags/7_branch_pythoon_operator.py
[2026-09-21T02:42:19.140+0000] {logging_mixin.py:149} INFO - [2026-09-21T02:42:19.140+0000] {dag.py:2726} INFO - Sync 1 DAGs
[2026-09-21T02:42:19.215+0000] {logging_mixin.py:149} INFO - [2026-09-21T02:42:19.214+0000] {dag.py:3490} INFO - Setting next_dagrun for 7-branching to None, run_after=None
[2026-09-21T02:42:19.260+0000] {processor.py:178} INFO - Processing /opt/airflow/dags/7_branch_pythoon_operator.py took 0.252 seconds
[2026-09-21T02:42:50.276+0000] {processor.py:156} INFO - Started process (PID=1066) to work on /opt/airflow/dags/7_branch_pythoon_operator.py
[2026-09-21T02:42:50.282+0000] {processor.py:799} INFO - Processing file /opt/airflow/dags/7_branch_pythoon_operator.py for tasks to queue
[2026-09-21T02:42:50.283+0000] {logging_mixin.py:149} INFO - [2026-09-21T02:42:50.283+0000] {dagbag.py:541} INFO - Filling up the DagBag from /opt/airflow/dags/7_branch_pythoon_operator.py
[2026-09-21T02:42:50.312+0000] {processor.py:809} INFO - DAG(s) dict_keys(['7-branching']) retrieved from /opt/airflow/dags/7_branch_pythoon_operator.py
[2026-09-21T02:42:50.410+0000] {logging_mixin.py:149} INFO - [2026-09-21T02:42:50.409+0000] {dag.py:2726} INFO - Sync 1 DAGs
[2026-09-21T02:42:50.483+0000] {logging_mixin.py:149} INFO - [2026-09-21T02:42:50.475+0000] {dag.py:3490} INFO - Setting next_dagrun for 7-branching to None, run_after=None
[2026-09-21T02:42:50.519+0000] {processor.py:178} INFO - Processing /opt/airflow/dags/7_branch_pythoon_operator.py took 0.258 seconds
[2026-09-21T02:43:20.686+0000] {processor.py:156} INFO - Started process (PID=1077) to work on /opt/airflow/dags/7_branch_pythoon_operator.py
[2026-09-21T02:43:20.689+0000] {processor.py:799} INFO - Processing file /opt/airflow/dags/7_branch_pythoon_operator.py for tasks to queue
[2026-09-21T02:43:20.690+0000] {logging_mixin.py:149} INFO - [2026-09-21T02:43:20.690+0000] {dagbag.py:541} INFO - Filling up the DagBag from /opt/airflow/dags/7_branch_pythoon_operator.py
[2026-09-21T02:43:20.702+0000] {processor.py:809} INFO - DAG(s) dict_keys(['7-branching']) retrieved from /opt/airflow/dags/7_branch_pythoon_operator.py
[2026-09-21T02:43:20.793+0000] {logging_mixin.py:149} INFO - [2026-09-21T02:43:20.792+0000] {dag.py:2726} INFO - Sync 1 DAGs
[2026-09-21T02:43:20.849+0000] {logging_mixin.py:149} INFO - [2026-09-21T02:43:20.848+0000] {dag.py:3490} INFO - Setting next_dagrun for 7-branching to None, run_after=None
[2026-09-21T02:43:20.895+0000] {processor.py:178} INFO - Processing /opt/airflow/dags/7_branch_pythoon_operator.py took 0.220 seconds
[2026-09-21T02:43:51.164+0000] {processor.py:156} INFO - Started process (PID=1088) to work on /opt/airflow/dags/7_branch_pythoon_operator.py
[2026-09-21T02:43:51.168+0000] {processor.py:799} INFO - Processing file /opt/airflow/dags/7_branch_pythoon_operator.py for tasks to queue
[2026-09-21T02:43:51.169+0000] {logging_mixin.py:149} INFO - [2026-09-21T02:43:51.169+0000] {dagbag.py:541} INFO - Filling up the DagBag from /opt/airflow/dags/7_branch_pythoon_operator.py
[2026-09-21T02:43:51.182+0000] {processor.py:809} INFO - DAG(s) dict_keys(['7-branching']) retrieved from /opt/airflow/dags/7_branch_pythoon_operator.py
[2026-09-21T02:43:51.280+0000] {logging_mixin.py:149} INFO - [2026-09-21T02:43:51.280+0000] {dag.py:2726} INFO - Sync 1 DAGs
[2026-09-21T02:43:51.353+0000] {logging_mixin.py:149} INFO - [2026-09-21T02:43:51.353+0000] {dag.py:3490} INFO - Setting next_dagrun for 7-branching to None, run_after=None
[2026-09-21T02:43:51.417+0000] {processor.py:178} INFO - Processing /opt/airflow/dags/7_branch_pythoon_operator.py took 0.276 seconds
[2026-09-21T02:44:21.668+0000] {processor.py:156} INFO - Started process (PID=1099) to work on /opt/airflow/dags/7_branch_pythoon_operator.py
[2026-09-21T02:44:21.670+0000] {processor.py:799} INFO - Processing file /opt/airflow/dags/7_branch_pythoon_operator.py for tasks to queue
[2026-09-21T02:44:21.672+0000] {logging_mixin.py:149} INFO - [2026-09-21T02:44:21.671+0000] {dagbag.py:541} INFO - Filling up the DagBag from /opt/airflow/dags/7_branch_pythoon_operator.py
[2026-09-21T02:44:21.683+0000] {processor.py:809} INFO - DAG(s) dict_keys(['7-branching']) retrieved from /opt/airflow/dags/7_branch_pythoon_operator.py
[2026-09-21T02:44:21.790+0000] {logging_mixin.py:149} INFO - [2026-09-21T02:44:21.789+0000] {dag.py:2726} INFO - Sync 1 DAGs
[2026-09-21T02:44:21.888+0000] {logging_mixin.py:149} INFO - [2026-09-21T02:44:21.886+0000] {dag.py:3490} INFO - Setting next_dagrun for 7-branching to None, run_after=None
[2026-09-21T02:44:21.946+0000] {processor.py:178} INFO - Processing /opt/airflow/dags/7_branch_pythoon_operator.py took 0.285 seconds
[2026-09-21T02:44:52.074+0000] {processor.py:156} INFO - Started process (PID=1110) to work on /opt/airflow/dags/7_branch_pythoon_operator.py
[2026-09-21T02:44:52.077+0000] {processor.py:799} INFO - Processing file /opt/airflow/dags/7_branch_pythoon_operator.py for tasks to queue
[2026-09-21T02:44:52.078+0000] {logging_mixin.py:149} INFO - [2026-09-21T02:44:52.078+0000] {dagbag.py:541} INFO - Filling up the DagBag from /opt/airflow/dags/7_branch_pythoon_operator.py
[2026-09-21T02:44:52.095+0000] {processor.py:809} INFO - DAG(s) dict_keys(['7-branching']) retrieved from /opt/airflow/dags/7_branch_pythoon_operator.py
[2026-09-21T02:44:52.160+0000] {logging_mixin.py:149} INFO - [2026-09-21T02:44:52.160+0000] {dag.py:2726} INFO - Sync 1 DAGs
[2026-09-21T02:44:52.204+0000] {logging_mixin.py:149} INFO - [2026-09-21T02:44:52.204+0000] {dag.py:3490} INFO - Setting next_dagrun for 7-branching to None, run_after=None
[2026-09-21T02:44:52.232+0000] {processor.py:178} INFO - Processing /opt/airflow/dags/7_branch_pythoon_operator.py took 0.172 seconds
[2026-09-21T02:45:22.943+0000] {processor.py:156} INFO - Started process (PID=1121) to work on /opt/airflow/dags/7_branch_pythoon_operator.py
[2026-09-21T02:45:22.949+0000] {processor.py:799} INFO - Processing file /opt/airflow/dags/7_branch_pythoon_operator.py for tasks to queue
[2026-09-21T02:45:22.950+0000] {logging_mixin.py:149} INFO - [2026-09-21T02:45:22.950+0000] {dagbag.py:541} INFO - Filling up the DagBag from /opt/airflow/dags/7_branch_pythoon_operator.py
[2026-09-21T02:45:22.964+0000] {processor.py:809} INFO - DAG(s) dict_keys(['7-branching']) retrieved from /opt/airflow/dags/7_branch_pythoon_operator.py
[2026-09-21T02:45:23.033+0000] {logging_mixin.py:149} INFO - [2026-09-21T02:45:23.033+0000] {dag.py:2726} INFO - Sync 1 DAGs
[2026-09-21T02:45:23.081+0000] {logging_mixin.py:149} INFO - [2026-09-21T02:45:23.081+0000] {dag.py:3490} INFO - Setting next_dagrun for 7-branching to None, run_after=None
[2026-09-21T02:45:23.151+0000] {processor.py:178} INFO - Processing /opt/airflow/dags/7_branch_pythoon_operator.py took 0.213 seconds
[2026-09-21T02:45:53.876+0000] {processor.py:156} INFO - Started process (PID=1132) to work on /opt/airflow/dags/7_branch_pythoon_operator.py
[2026-09-21T02:45:53.879+0000] {processor.py:799} INFO - Processing file /opt/airflow/dags/7_branch_pythoon_operator.py for tasks to queue
[2026-09-21T02:45:53.880+0000] {logging_mixin.py:149} INFO - [2026-09-21T02:45:53.880+0000] {dagbag.py:541} INFO - Filling up the DagBag from /opt/airflow/dags/7_branch_pythoon_operator.py
[2026-09-21T02:45:53.894+0000] {processor.py:809} INFO - DAG(s) dict_keys(['7-branching']) retrieved from /opt/airflow/dags/7_branch_pythoon_operator.py
[2026-09-21T02:45:53.955+0000] {logging_mixin.py:149} INFO - [2026-09-21T02:45:53.954+0000] {dag.py:2726} INFO - Sync 1 DAGs
[2026-09-21T02:45:53.998+0000] {logging_mixin.py:149} INFO - [2026-09-21T02:45:53.998+0000] {dag.py:3490} INFO - Setting next_dagrun for 7-branching to None, run_after=None
[2026-09-21T02:45:54.039+0000] {processor.py:178} INFO - Processing /opt/airflow/dags/7_branch_pythoon_operator.py took 0.170 seconds
[2026-09-21T02:46:24.834+0000] {processor.py:156} INFO - Started process (PID=1143) to work on /opt/airflow/dags/7_branch_pythoon_operator.py
[2026-09-21T02:46:24.838+0000] {processor.py:799} INFO - Processing file /opt/airflow/dags/7_branch_pythoon_operator.py for tasks to queue
[2026-09-21T02:46:24.839+0000] {logging_mixin.py:149} INFO - [2026-09-21T02:46:24.839+0000] {dagbag.py:541} INFO - Filling up the DagBag from /opt/airflow/dags/7_branch_pythoon_operator.py
[2026-09-21T02:46:24.858+0000] {processor.py:809} INFO - DAG(s) dict_keys(['7-branching']) retrieved from /opt/airflow/dags/7_branch_pythoon_operator.py
[2026-09-21T02:46:24.939+0000] {logging_mixin.py:149} INFO - [2026-09-21T02:46:24.938+0000] {dag.py:2726} INFO - Sync 1 DAGs
[2026-09-21T02:46:25.017+0000] {logging_mixin.py:149} INFO - [2026-09-21T02:46:25.017+0000] {dag.py:3490} INFO - Setting next_dagrun for 7-branching to None, run_after=None
[2026-09-21T02:46:25.069+0000] {processor.py:178} INFO - Processing /opt/airflow/dags/7_branch_pythoon_operator.py took 0.253 seconds
[2026-09-21T02:46:55.268+0000] {processor.py:156} INFO - Started process (PID=1154) to work on /opt/airflow/dags/7_branch_pythoon_operator.py
[2026-09-21T02:46:55.272+0000] {processor.py:799} INFO - Processing file /opt/airflow/dags/7_branch_pythoon_operator.py for tasks to queue
[2026-09-21T02:46:55.274+0000] {logging_mixin.py:149} INFO - [2026-09-21T02:46:55.273+0000] {dagbag.py:541} INFO - Filling up the DagBag from /opt/airflow/dags/7_branch_pythoon_operator.py
[2026-09-21T02:46:55.295+0000] {processor.py:809} INFO - DAG(s) dict_keys(['7-branching']) retrieved from /opt/airflow/dags/7_branch_pythoon_operator.py
[2026-09-21T02:46:55.393+0000] {logging_mixin.py:149} INFO - [2026-09-21T02:46:55.392+0000] {dag.py:2726} INFO - Sync 1 DAGs
[2026-09-21T02:46:55.441+0000] {logging_mixin.py:149} INFO - [2026-09-21T02:46:55.440+0000] {dag.py:3490} INFO - Setting next_dagrun for 7-branching to None, run_after=None
[2026-09-21T02:46:55.474+0000] {processor.py:178} INFO - Processing /opt/airflow/dags/7_branch_pythoon_operator.py took 0.215 seconds
[2026-09-21T02:47:26.299+0000] {processor.py:156} INFO - Started process (PID=1165) to work on /opt/airflow/dags/7_branch_pythoon_operator.py
[2026-09-21T02:47:26.301+0000] {processor.py:799} INFO - Processing file /opt/airflow/dags/7_branch_pythoon_operator.py for tasks to queue
[2026-09-21T02:47:26.302+0000] {logging_mixin.py:149} INFO - [2026-09-21T02:47:26.302+0000] {dagbag.py:541} INFO - Filling up the DagBag from /opt/airflow/dags/7_branch_pythoon_operator.py
[2026-09-21T02:47:26.315+0000] {processor.py:809} INFO - DAG(s) dict_keys(['7-branching']) retrieved from /opt/airflow/dags/7_branch_pythoon_operator.py
[2026-09-21T02:47:26.383+0000] {logging_mixin.py:149} INFO - [2026-09-21T02:47:26.383+0000] {dag.py:2726} INFO - Sync 1 DAGs
[2026-09-21T02:47:26.430+0000] {logging_mixin.py:149} INFO - [2026-09-21T02:47:26.429+0000] {dag.py:3490} INFO - Setting next_dagrun for 7-branching to None, run_after=None
[2026-09-21T02:47:26.475+0000] {processor.py:178} INFO - Processing /opt/airflow/dags/7_branch_pythoon_operator.py took 0.183 seconds
[2026-09-21T02:47:57.257+0000] {processor.py:156} INFO - Started process (PID=1176) to work on /opt/airflow/dags/7_branch_pythoon_operator.py
[2026-09-21T02:47:57.265+0000] {processor.py:799} INFO - Processing file /opt/airflow/dags/7_branch_pythoon_operator.py for tasks to queue
[2026-09-21T02:47:57.266+0000] {logging_mixin.py:149} INFO - [2026-09-21T02:47:57.266+0000] {dagbag.py:541} INFO - Filling up the DagBag from /opt/airflow/dags/7_branch_pythoon_operator.py
[2026-09-21T02:47:57.290+0000] {processor.py:809} INFO - DAG(s) dict_keys(['7-branching']) retrieved from /opt/airflow/dags/7_branch_pythoon_operator.py
[2026-09-21T02:47:57.385+0000] {logging_mixin.py:149} INFO - [2026-09-21T02:47:57.385+0000] {dag.py:2726} INFO - Sync 1 DAGs
[2026-09-21T02:47:57.440+0000] {logging_mixin.py:149} INFO - [2026-09-21T02:47:57.440+0000] {dag.py:3490} INFO - Setting next_dagrun for 7-branching to None, run_after=None
[2026-09-21T02:47:57.467+0000] {processor.py:178} INFO - Processing /opt/airflow/dags/7_branch_pythoon_operator.py took 0.216 seconds
[2026-09-21T02:48:27.530+0000] {processor.py:156} INFO - Started process (PID=1187) to work on /opt/airflow/dags/7_branch_pythoon_operator.py
[2026-09-21T02:48:27.534+0000] {processor.py:799} INFO - Processing file /opt/airflow/dags/7_branch_pythoon_operator.py for tasks to queue
[2026-09-21T02:48:27.535+0000] {logging_mixin.py:149} INFO - [2026-09-21T02:48:27.535+0000] {dagbag.py:541} INFO - Filling up the DagBag from /opt/airflow/dags/7_branch_pythoon_operator.py
[2026-09-21T02:48:27.556+0000] {processor.py:809} INFO - DAG(s) dict_keys(['7-branching']) retrieved from /opt/airflow/dags/7_branch_pythoon_operator.py
[2026-09-21T02:48:27.630+0000] {logging_mixin.py:149} INFO - [2026-09-21T02:48:27.629+0000] {dag.py:2726} INFO - Sync 1 DAGs
[2026-09-21T02:48:27.675+0000] {logging_mixin.py:149} INFO - [2026-09-21T02:48:27.675+0000] {dag.py:3490} INFO - Setting next_dagrun for 7-branching to None, run_after=None
[2026-09-21T02:48:27.711+0000] {processor.py:178} INFO - Processing /opt/airflow/dags/7_branch_pythoon_operator.py took 0.193 seconds
[2026-09-21T02:48:58.554+0000] {processor.py:156} INFO - Started process (PID=1198) to work on /opt/airflow/dags/7_branch_pythoon_operator.py
[2026-09-21T02:48:58.557+0000] {processor.py:799} INFO - Processing file /opt/airflow/dags/7_branch_pythoon_operator.py for tasks to queue
[2026-09-21T02:48:58.558+0000] {logging_mixin.py:149} INFO - [2026-09-21T02:48:58.558+0000] {dagbag.py:541} INFO - Filling up the DagBag from /opt/airflow/dags/7_branch_pythoon_operator.py
[2026-09-21T02:48:58.575+0000] {processor.py:809} INFO - DAG(s) dict_keys(['7-branching']) retrieved from /opt/airflow/dags/7_branch_pythoon_operator.py
[2026-09-21T02:48:58.641+0000] {logging_mixin.py:149} INFO - [2026-09-21T02:48:58.640+0000] {dag.py:2726} INFO - Sync 1 DAGs
[2026-09-21T02:48:58.686+0000] {logging_mixin.py:149} INFO - [2026-09-21T02:48:58.686+0000] {dag.py:3490} INFO - Setting next_dagrun for 7-branching to None, run_after=None
[2026-09-21T02:48:58.727+0000] {processor.py:178} INFO - Processing /opt/airflow/dags/7_branch_pythoon_operator.py took 0.185 seconds
[2026-09-21T02:49:30.028+0000] {processor.py:156} INFO - Started process (PID=1209) to work on /opt/airflow/dags/7_branch_pythoon_operator.py
[2026-09-21T02:49:30.033+0000] {processor.py:799} INFO - Processing file /opt/airflow/dags/7_branch_pythoon_operator.py for tasks to queue
[2026-09-21T02:49:30.034+0000] {logging_mixin.py:149} INFO - [2026-09-21T02:49:30.034+0000] {dagbag.py:541} INFO - Filling up the DagBag from /opt/airflow/dags/7_branch_pythoon_operator.py
[2026-09-21T02:49:30.061+0000] {processor.py:809} INFO - DAG(s) dict_keys(['7-branching']) retrieved from /opt/airflow/dags/7_branch_pythoon_operator.py
[2026-09-21T02:49:30.184+0000] {logging_mixin.py:149} INFO - [2026-09-21T02:49:30.184+0000] {dag.py:2726} INFO - Sync 1 DAGs
[2026-09-21T02:49:30.265+0000] {logging_mixin.py:149} INFO - [2026-09-21T02:49:30.265+0000] {dag.py:3490} INFO - Setting next_dagrun for 7-branching to None, run_after=None
[2026-09-21T02:49:30.321+0000] {processor.py:178} INFO - Processing /opt/airflow/dags/7_branch_pythoon_operator.py took 0.310 seconds
[2026-09-21T02:50:01.236+0000] {processor.py:156} INFO - Started process (PID=1220) to work on /opt/airflow/dags/7_branch_pythoon_operator.py
[2026-09-21T02:50:01.245+0000] {processor.py:799} INFO - Processing file /opt/airflow/dags/7_branch_pythoon_operator.py for tasks to queue
[2026-09-21T02:50:01.246+0000] {logging_mixin.py:149} INFO - [2026-09-21T02:50:01.246+0000] {dagbag.py:541} INFO - Filling up the DagBag from /opt/airflow/dags/7_branch_pythoon_operator.py
[2026-09-21T02:50:01.267+0000] {processor.py:809} INFO - DAG(s) dict_keys(['7-branching']) retrieved from /opt/airflow/dags/7_branch_pythoon_operator.py
[2026-09-21T02:50:01.331+0000] {logging_mixin.py:149} INFO - [2026-09-21T02:50:01.331+0000] {dag.py:2726} INFO - Sync 1 DAGs
[2026-09-21T02:50:01.395+0000] {logging_mixin.py:149} INFO - [2026-09-21T02:50:01.395+0000] {dag.py:3490} INFO - Setting next_dagrun for 7-branching to None, run_after=None
[2026-09-21T02:50:01.439+0000] {processor.py:178} INFO - Processing /opt/airflow/dags/7_branch_pythoon_operator.py took 0.209 seconds
[2026-09-21T02:50:31.582+0000] {processor.py:156} INFO - Started process (PID=1231) to work on /opt/airflow/dags/7_branch_pythoon_operator.py
[2026-09-21T02:50:31.586+0000] {processor.py:799} INFO - Processing file /opt/airflow/dags/7_branch_pythoon_operator.py for tasks to queue
[2026-09-21T02:50:31.587+0000] {logging_mixin.py:149} INFO - [2026-09-21T02:50:31.587+0000] {dagbag.py:541} INFO - Filling up the DagBag from /opt/airflow/dags/7_branch_pythoon_operator.py
[2026-09-21T02:50:31.612+0000] {processor.py:809} INFO - DAG(s) dict_keys(['7-branching']) retrieved from /opt/airflow/dags/7_branch_pythoon_operator.py
[2026-09-21T02:50:31.701+0000] {logging_mixin.py:149} INFO - [2026-09-21T02:50:31.700+0000] {dag.py:2726} INFO - Sync 1 DAGs
[2026-09-21T02:50:31.779+0000] {logging_mixin.py:149} INFO - [2026-09-21T02:50:31.779+0000] {dag.py:3490} INFO - Setting next_dagrun for 7-branching to None, run_after=None
[2026-09-21T02:50:31.883+0000] {processor.py:178} INFO - Processing /opt/airflow/dags/7_branch_pythoon_operator.py took 0.314 seconds
[2026-09-21T02:51:02.015+0000] {processor.py:156} INFO - Started process (PID=1242) to work on /opt/airflow/dags/7_branch_pythoon_operator.py
[2026-09-21T02:51:02.020+0000] {processor.py:799} INFO - Processing file /opt/airflow/dags/7_branch_pythoon_operator.py for tasks to queue
[2026-09-21T02:51:02.021+0000] {logging_mixin.py:149} INFO - [2026-09-21T02:51:02.021+0000] {dagbag.py:541} INFO - Filling up the DagBag from /opt/airflow/dags/7_branch_pythoon_operator.py
[2026-09-21T02:51:02.035+0000] {processor.py:809} INFO - DAG(s) dict_keys(['7-branching']) retrieved from /opt/airflow/dags/7_branch_pythoon_operator.py
[2026-09-21T02:51:02.138+0000] {logging_mixin.py:149} INFO - [2026-09-21T02:51:02.138+0000] {dag.py:2726} INFO - Sync 1 DAGs
[2026-09-21T02:51:02.199+0000] {logging_mixin.py:149} INFO - [2026-09-21T02:51:02.199+0000] {dag.py:3490} INFO - Setting next_dagrun for 7-branching to None, run_after=None
[2026-09-21T02:51:02.231+0000] {processor.py:178} INFO - Processing /opt/airflow/dags/7_branch_pythoon_operator.py took 0.222 seconds
[2026-09-21T02:51:32.912+0000] {processor.py:156} INFO - Started process (PID=1253) to work on /opt/airflow/dags/7_branch_pythoon_operator.py
[2026-09-21T02:51:32.916+0000] {processor.py:799} INFO - Processing file /opt/airflow/dags/7_branch_pythoon_operator.py for tasks to queue
[2026-09-21T02:51:32.917+0000] {logging_mixin.py:149} INFO - [2026-09-21T02:51:32.917+0000] {dagbag.py:541} INFO - Filling up the DagBag from /opt/airflow/dags/7_branch_pythoon_operator.py
[2026-09-21T02:51:32.930+0000] {processor.py:809} INFO - DAG(s) dict_keys(['7-branching']) retrieved from /opt/airflow/dags/7_branch_pythoon_operator.py
[2026-09-21T02:51:32.998+0000] {logging_mixin.py:149} INFO - [2026-09-21T02:51:32.998+0000] {dag.py:2726} INFO - Sync 1 DAGs
[2026-09-21T02:51:33.061+0000] {logging_mixin.py:149} INFO - [2026-09-21T02:51:33.061+0000] {dag.py:3490} INFO - Setting next_dagrun for 7-branching to None, run_after=None
[2026-09-21T02:51:33.104+0000] {processor.py:178} INFO - Processing /opt/airflow/dags/7_branch_pythoon_operator.py took 0.198 seconds
[2026-09-21T02:52:04.030+0000] {processor.py:156} INFO - Started process (PID=1264) to work on /opt/airflow/dags/7_branch_pythoon_operator.py
[2026-09-21T02:52:04.032+0000] {processor.py:799} INFO - Processing file /opt/airflow/dags/7_branch_pythoon_operator.py for tasks to queue
[2026-09-21T02:52:04.034+0000] {logging_mixin.py:149} INFO - [2026-09-21T02:52:04.033+0000] {dagbag.py:541} INFO - Filling up the DagBag from /opt/airflow/dags/7_branch_pythoon_operator.py
[2026-09-21T02:52:04.046+0000] {processor.py:809} INFO - DAG(s) dict_keys(['7-branching']) retrieved from /opt/airflow/dags/7_branch_pythoon_operator.py
[2026-09-21T02:52:04.093+0000] {logging_mixin.py:149} INFO - [2026-09-21T02:52:04.092+0000] {dag.py:2726} INFO - Sync 1 DAGs
[2026-09-21T02:52:04.137+0000] {logging_mixin.py:149} INFO - [2026-09-21T02:52:04.136+0000] {dag.py:3490} INFO - Setting next_dagrun for 7-branching to None, run_after=None
[2026-09-21T02:52:04.197+0000] {processor.py:178} INFO - Processing /opt/airflow/dags/7_branch_pythoon_operator.py took 0.174 seconds
[2026-09-21T02:52:34.887+0000] {processor.py:156} INFO - Started process (PID=1275) to work on /opt/airflow/dags/7_branch_pythoon_operator.py
[2026-09-21T02:52:34.890+0000] {processor.py:799} INFO - Processing file /opt/airflow/dags/7_branch_pythoon_operator.py for tasks to queue
[2026-09-21T02:52:34.891+0000] {logging_mixin.py:149} INFO - [2026-09-21T02:52:34.891+0000] {dagbag.py:541} INFO - Filling up the DagBag from /opt/airflow/dags/7_branch_pythoon_operator.py
[2026-09-21T02:52:34.901+0000] {processor.py:809} INFO - DAG(s) dict_keys(['7-branching']) retrieved from /opt/airflow/dags/7_branch_pythoon_operator.py
[2026-09-21T02:52:34.968+0000] {logging_mixin.py:149} INFO - [2026-09-21T02:52:34.967+0000] {dag.py:2726} INFO - Sync 1 DAGs
[2026-09-21T02:52:35.011+0000] {logging_mixin.py:149} INFO - [2026-09-21T02:52:35.011+0000] {dag.py:3490} INFO - Setting next_dagrun for 7-branching to None, run_after=None
[2026-09-21T02:52:35.031+0000] {processor.py:178} INFO - Processing /opt/airflow/dags/7_branch_pythoon_operator.py took 0.164 seconds
[2026-09-21T02:53:05.709+0000] {processor.py:156} INFO - Started process (PID=1286) to work on /opt/airflow/dags/7_branch_pythoon_operator.py
[2026-09-21T02:53:05.712+0000] {processor.py:799} INFO - Processing file /opt/airflow/dags/7_branch_pythoon_operator.py for tasks to queue
[2026-09-21T02:53:05.714+0000] {logging_mixin.py:149} INFO - [2026-09-21T02:53:05.713+0000] {dagbag.py:541} INFO - Filling up the DagBag from /opt/airflow/dags/7_branch_pythoon_operator.py
[2026-09-21T02:53:05.732+0000] {processor.py:809} INFO - DAG(s) dict_keys(['7-branching']) retrieved from /opt/airflow/dags/7_branch_pythoon_operator.py
[2026-09-21T02:53:05.792+0000] {logging_mixin.py:149} INFO - [2026-09-21T02:53:05.792+0000] {dag.py:2726} INFO - Sync 1 DAGs
[2026-09-21T02:53:05.829+0000] {logging_mixin.py:149} INFO - [2026-09-21T02:53:05.829+0000] {dag.py:3490} INFO - Setting next_dagrun for 7-branching to None, run_after=None
[2026-09-21T02:53:05.859+0000] {processor.py:178} INFO - Processing /opt/airflow/dags/7_branch_pythoon_operator.py took 0.158 seconds
[2026-09-21T02:53:36.758+0000] {processor.py:156} INFO - Started process (PID=1297) to work on /opt/airflow/dags/7_branch_pythoon_operator.py
[2026-09-21T02:53:36.760+0000] {processor.py:799} INFO - Processing file /opt/airflow/dags/7_branch_pythoon_operator.py for tasks to queue
[2026-09-21T02:53:36.761+0000] {logging_mixin.py:149} INFO - [2026-09-21T02:53:36.761+0000] {dagbag.py:541} INFO - Filling up the DagBag from /opt/airflow/dags/7_branch_pythoon_operator.py
[2026-09-21T02:53:36.780+0000] {processor.py:809} INFO - DAG(s) dict_keys(['7-branching']) retrieved from /opt/airflow/dags/7_branch_pythoon_operator.py
[2026-09-21T02:53:36.835+0000] {logging_mixin.py:149} INFO - [2026-09-21T02:53:36.835+0000] {dag.py:2726} INFO - Sync 1 DAGs
[2026-09-21T02:53:36.876+0000] {logging_mixin.py:149} INFO - [2026-09-21T02:53:36.876+0000] {dag.py:3490} INFO - Setting next_dagrun for 7-branching to None, run_after=None
[2026-09-21T02:53:36.908+0000] {processor.py:178} INFO - Processing /opt/airflow/dags/7_branch_pythoon_operator.py took 0.156 seconds
[2026-09-21T02:54:07.804+0000] {processor.py:156} INFO - Started process (PID=1308) to work on /opt/airflow/dags/7_branch_pythoon_operator.py
[2026-09-21T02:54:07.806+0000] {processor.py:799} INFO - Processing file /opt/airflow/dags/7_branch_pythoon_operator.py for tasks to queue
[2026-09-21T02:54:07.808+0000] {logging_mixin.py:149} INFO - [2026-09-21T02:54:07.808+0000] {dagbag.py:541} INFO - Filling up the DagBag from /opt/airflow/dags/7_branch_pythoon_operator.py
[2026-09-21T02:54:07.824+0000] {processor.py:809} INFO - DAG(s) dict_keys(['7-branching']) retrieved from /opt/airflow/dags/7_branch_pythoon_operator.py
[2026-09-21T02:54:07.879+0000] {logging_mixin.py:149} INFO - [2026-09-21T02:54:07.879+0000] {dag.py:2726} INFO - Sync 1 DAGs
[2026-09-21T02:54:07.922+0000] {logging_mixin.py:149} INFO - [2026-09-21T02:54:07.922+0000] {dag.py:3490} INFO - Setting next_dagrun for 7-branching to None, run_after=None
[2026-09-21T02:54:07.960+0000] {processor.py:178} INFO - Processing /opt/airflow/dags/7_branch_pythoon_operator.py took 0.162 seconds
[2026-09-21T02:54:38.722+0000] {processor.py:156} INFO - Started process (PID=1319) to work on /opt/airflow/dags/7_branch_pythoon_operator.py
[2026-09-21T02:54:38.727+0000] {processor.py:799} INFO - Processing file /opt/airflow/dags/7_branch_pythoon_operator.py for tasks to queue
[2026-09-21T02:54:38.728+0000] {logging_mixin.py:149} INFO - [2026-09-21T02:54:38.727+0000] {dagbag.py:541} INFO - Filling up the DagBag from /opt/airflow/dags/7_branch_pythoon_operator.py
[2026-09-21T02:54:38.745+0000] {processor.py:809} INFO - DAG(s) dict_keys(['7-branching']) retrieved from /opt/airflow/dags/7_branch_pythoon_operator.py
[2026-09-21T02:54:38.815+0000] {logging_mixin.py:149} INFO - [2026-09-21T02:54:38.815+0000] {dag.py:2726} INFO - Sync 1 DAGs
[2026-09-21T02:54:38.871+0000] {logging_mixin.py:149} INFO - [2026-09-21T02:54:38.870+0000] {dag.py:3490} INFO - Setting next_dagrun for 7-branching to None, run_after=None
[2026-09-21T02:54:38.916+0000] {processor.py:178} INFO - Processing /opt/airflow/dags/7_branch_pythoon_operator.py took 0.200 seconds
[2026-09-21T02:55:09.837+0000] {processor.py:156} INFO - Started process (PID=1330) to work on /opt/airflow/dags/7_branch_pythoon_operator.py
[2026-09-21T02:55:09.841+0000] {processor.py:799} INFO - Processing file /opt/airflow/dags/7_branch_pythoon_operator.py for tasks to queue
[2026-09-21T02:55:09.842+0000] {logging_mixin.py:149} INFO - [2026-09-21T02:55:09.842+0000] {dagbag.py:541} INFO - Filling up the DagBag from /opt/airflow/dags/7_branch_pythoon_operator.py
[2026-09-21T02:55:09.855+0000] {processor.py:809} INFO - DAG(s) dict_keys(['7-branching']) retrieved from /opt/airflow/dags/7_branch_pythoon_operator.py
[2026-09-21T02:55:09.902+0000] {logging_mixin.py:149} INFO - [2026-09-21T02:55:09.901+0000] {dag.py:2726} INFO - Sync 1 DAGs
[2026-09-21T02:55:09.937+0000] {logging_mixin.py:149} INFO - [2026-09-21T02:55:09.937+0000] {dag.py:3490} INFO - Setting next_dagrun for 7-branching to None, run_after=None
[2026-09-21T02:55:09.967+0000] {processor.py:178} INFO - Processing /opt/airflow/dags/7_branch_pythoon_operator.py took 0.135 seconds
[2026-09-21T02:55:40.858+0000] {processor.py:156} INFO - Started process (PID=1341) to work on /opt/airflow/dags/7_branch_pythoon_operator.py
[2026-09-21T02:55:40.861+0000] {processor.py:799} INFO - Processing file /opt/airflow/dags/7_branch_pythoon_operator.py for tasks to queue
[2026-09-21T02:55:40.862+0000] {logging_mixin.py:149} INFO - [2026-09-21T02:55:40.862+0000] {dagbag.py:541} INFO - Filling up the DagBag from /opt/airflow/dags/7_branch_pythoon_operator.py
[2026-09-21T02:55:40.875+0000] {processor.py:809} INFO - DAG(s) dict_keys(['7-branching']) retrieved from /opt/airflow/dags/7_branch_pythoon_operator.py
[2026-09-21T02:55:40.954+0000] {logging_mixin.py:149} INFO - [2026-09-21T02:55:40.953+0000] {dag.py:2726} INFO - Sync 1 DAGs
[2026-09-21T02:55:40.995+0000] {logging_mixin.py:149} INFO - [2026-09-21T02:55:40.995+0000] {dag.py:3490} INFO - Setting next_dagrun for 7-branching to None, run_after=None
[2026-09-21T02:55:41.027+0000] {processor.py:178} INFO - Processing /opt/airflow/dags/7_branch_pythoon_operator.py took 0.173 seconds
[2026-09-21T02:56:11.842+0000] {processor.py:156} INFO - Started process (PID=1352) to work on /opt/airflow/dags/7_branch_pythoon_operator.py
[2026-09-21T02:56:11.844+0000] {processor.py:799} INFO - Processing file /opt/airflow/dags/7_branch_pythoon_operator.py for tasks to queue
[2026-09-21T02:56:11.845+0000] {logging_mixin.py:149} INFO - [2026-09-21T02:56:11.845+0000] {dagbag.py:541} INFO - Filling up the DagBag from /opt/airflow/dags/7_branch_pythoon_operator.py
[2026-09-21T02:56:11.877+0000] {processor.py:809} INFO - DAG(s) dict_keys(['7-branching']) retrieved from /opt/airflow/dags/7_branch_pythoon_operator.py
[2026-09-21T02:56:11.952+0000] {logging_mixin.py:149} INFO - [2026-09-21T02:56:11.952+0000] {dag.py:2726} INFO - Sync 1 DAGs
[2026-09-21T02:56:12.014+0000] {logging_mixin.py:149} INFO - [2026-09-21T02:56:12.014+0000] {dag.py:3490} INFO - Setting next_dagrun for 7-branching to None, run_after=None
[2026-09-21T02:56:12.075+0000] {processor.py:178} INFO - Processing /opt/airflow/dags/7_branch_pythoon_operator.py took 0.255 seconds
[2026-09-21T02:56:42.190+0000] {processor.py:156} INFO - Started process (PID=1363) to work on /opt/airflow/dags/7_branch_pythoon_operator.py
[2026-09-21T02:56:42.194+0000] {processor.py:799} INFO - Processing file /opt/airflow/dags/7_branch_pythoon_operator.py for tasks to queue
[2026-09-21T02:56:42.195+0000] {logging_mixin.py:149} INFO - [2026-09-21T02:56:42.195+0000] {dagbag.py:541} INFO - Filling up the DagBag from /opt/airflow/dags/7_branch_pythoon_operator.py
[2026-09-21T02:56:42.223+0000] {processor.py:809} INFO - DAG(s) dict_keys(['7-branching']) retrieved from /opt/airflow/dags/7_branch_pythoon_operator.py
[2026-09-21T02:56:42.285+0000] {logging_mixin.py:149} INFO - [2026-09-21T02:56:42.285+0000] {dag.py:2726} INFO - Sync 1 DAGs
[2026-09-21T02:56:42.334+0000] {logging_mixin.py:149} INFO - [2026-09-21T02:56:42.334+0000] {dag.py:3490} INFO - Setting next_dagrun for 7-branching to None, run_after=None
[2026-09-21T02:56:42.370+0000] {processor.py:178} INFO - Processing /opt/airflow/dags/7_branch_pythoon_operator.py took 0.187 seconds
[2026-09-21T02:57:12.511+0000] {processor.py:156} INFO - Started process (PID=1374) to work on /opt/airflow/dags/7_branch_pythoon_operator.py
[2026-09-21T02:57:12.513+0000] {processor.py:799} INFO - Processing file /opt/airflow/dags/7_branch_pythoon_operator.py for tasks to queue
[2026-09-21T02:57:12.514+0000] {logging_mixin.py:149} INFO - [2026-09-21T02:57:12.514+0000] {dagbag.py:541} INFO - Filling up the DagBag from /opt/airflow/dags/7_branch_pythoon_operator.py
[2026-09-21T02:57:12.528+0000] {processor.py:809} INFO - DAG(s) dict_keys(['7-branching']) retrieved from /opt/airflow/dags/7_branch_pythoon_operator.py
[2026-09-21T02:57:12.620+0000] {logging_mixin.py:149} INFO - [2026-09-21T02:57:12.619+0000] {dag.py:2726} INFO - Sync 1 DAGs
[2026-09-21T02:57:12.661+0000] {logging_mixin.py:149} INFO - [2026-09-21T02:57:12.661+0000] {dag.py:3490} INFO - Setting next_dagrun for 7-branching to None, run_after=None
[2026-09-21T02:57:12.727+0000] {processor.py:178} INFO - Processing /opt/airflow/dags/7_branch_pythoon_operator.py took 0.221 seconds
[2026-09-21T02:57:42.909+0000] {processor.py:156} INFO - Started process (PID=1385) to work on /opt/airflow/dags/7_branch_pythoon_operator.py
[2026-09-21T02:57:42.911+0000] {processor.py:799} INFO - Processing file /opt/airflow/dags/7_branch_pythoon_operator.py for tasks to queue
[2026-09-21T02:57:42.913+0000] {logging_mixin.py:149} INFO - [2026-09-21T02:57:42.912+0000] {dagbag.py:541} INFO - Filling up the DagBag from /opt/airflow/dags/7_branch_pythoon_operator.py
[2026-09-21T02:57:42.929+0000] {processor.py:809} INFO - DAG(s) dict_keys(['7-branching']) retrieved from /opt/airflow/dags/7_branch_pythoon_operator.py
[2026-09-21T02:57:42.980+0000] {logging_mixin.py:149} INFO - [2026-09-21T02:57:42.979+0000] {dag.py:2726} INFO - Sync 1 DAGs
[2026-09-21T02:57:43.016+0000] {logging_mixin.py:149} INFO - [2026-09-21T02:57:43.016+0000] {dag.py:3490} INFO - Setting next_dagrun for 7-branching to None, run_after=None
[2026-09-21T02:57:43.048+0000] {processor.py:178} INFO - Processing /opt/airflow/dags/7_branch_pythoon_operator.py took 0.150 seconds
[2026-09-21T02:58:13.176+0000] {processor.py:156} INFO - Started process (PID=1396) to work on /opt/airflow/dags/7_branch_pythoon_operator.py
[2026-09-21T02:58:13.178+0000] {processor.py:799} INFO - Processing file /opt/airflow/dags/7_branch_pythoon_operator.py for tasks to queue
[2026-09-21T02:58:13.179+0000] {logging_mixin.py:149} INFO - [2026-09-21T02:58:13.179+0000] {dagbag.py:541} INFO - Filling up the DagBag from /opt/airflow/dags/7_branch_pythoon_operator.py
[2026-09-21T02:58:13.193+0000] {processor.py:809} INFO - DAG(s) dict_keys(['7-branching']) retrieved from /opt/airflow/dags/7_branch_pythoon_operator.py
[2026-09-21T02:58:13.256+0000] {logging_mixin.py:149} INFO - [2026-09-21T02:58:13.256+0000] {dag.py:2726} INFO - Sync 1 DAGs
[2026-09-21T02:58:13.295+0000] {logging_mixin.py:149} INFO - [2026-09-21T02:58:13.295+0000] {dag.py:3490} INFO - Setting next_dagrun for 7-branching to None, run_after=None
[2026-09-21T02:58:13.337+0000] {processor.py:178} INFO - Processing /opt/airflow/dags/7_branch_pythoon_operator.py took 0.167 seconds
[2026-09-21T02:58:44.263+0000] {processor.py:156} INFO - Started process (PID=1407) to work on /opt/airflow/dags/7_branch_pythoon_operator.py
[2026-09-21T02:58:44.266+0000] {processor.py:799} INFO - Processing file /opt/airflow/dags/7_branch_pythoon_operator.py for tasks to queue
[2026-09-21T02:58:44.267+0000] {logging_mixin.py:149} INFO - [2026-09-21T02:58:44.267+0000] {dagbag.py:541} INFO - Filling up the DagBag from /opt/airflow/dags/7_branch_pythoon_operator.py
[2026-09-21T02:58:44.277+0000] {processor.py:809} INFO - DAG(s) dict_keys(['7-branching']) retrieved from /opt/airflow/dags/7_branch_pythoon_operator.py
[2026-09-21T02:58:44.318+0000] {logging_mixin.py:149} INFO - [2026-09-21T02:58:44.317+0000] {dag.py:2726} INFO - Sync 1 DAGs
[2026-09-21T02:58:44.365+0000] {logging_mixin.py:149} INFO - [2026-09-21T02:58:44.365+0000] {dag.py:3490} INFO - Setting next_dagrun for 7-branching to None, run_after=None
[2026-09-21T02:58:44.414+0000] {processor.py:178} INFO - Processing /opt/airflow/dags/7_branch_pythoon_operator.py took 0.157 seconds
[2026-09-21T02:59:15.250+0000] {processor.py:156} INFO - Started process (PID=1418) to work on /opt/airflow/dags/7_branch_pythoon_operator.py
[2026-09-21T02:59:15.253+0000] {processor.py:799} INFO - Processing file /opt/airflow/dags/7_branch_pythoon_operator.py for tasks to queue
[2026-09-21T02:59:15.254+0000] {logging_mixin.py:149} INFO - [2026-09-21T02:59:15.254+0000] {dagbag.py:541} INFO - Filling up the DagBag from /opt/airflow/dags/7_branch_pythoon_operator.py
[2026-09-21T02:59:15.267+0000] {processor.py:809} INFO - DAG(s) dict_keys(['7-branching']) retrieved from /opt/airflow/dags/7_branch_pythoon_operator.py
[2026-09-21T02:59:15.344+0000] {logging_mixin.py:149} INFO - [2026-09-21T02:59:15.343+0000] {dag.py:2726} INFO - Sync 1 DAGs
[2026-09-21T02:59:15.393+0000] {logging_mixin.py:149} INFO - [2026-09-21T02:59:15.393+0000] {dag.py:3490} INFO - Setting next_dagrun for 7-branching to None, run_after=None
[2026-09-21T02:59:15.457+0000] {processor.py:178} INFO - Processing /opt/airflow/dags/7_branch_pythoon_operator.py took 0.213 seconds
[2026-09-21T02:59:46.326+0000] {processor.py:156} INFO - Started process (PID=1429) to work on /opt/airflow/dags/7_branch_pythoon_operator.py
[2026-09-21T02:59:46.329+0000] {processor.py:799} INFO - Processing file /opt/airflow/dags/7_branch_pythoon_operator.py for tasks to queue
[2026-09-21T02:59:46.330+0000] {logging_mixin.py:149} INFO - [2026-09-21T02:59:46.330+0000] {dagbag.py:541} INFO - Filling up the DagBag from /opt/airflow/dags/7_branch_pythoon_operator.py
[2026-09-21T02:59:46.344+0000] {processor.py:809} INFO - DAG(s) dict_keys(['7-branching']) retrieved from /opt/airflow/dags/7_branch_pythoon_operator.py
[2026-09-21T02:59:46.396+0000] {logging_mixin.py:149} INFO - [2026-09-21T02:59:46.396+0000] {dag.py:2726} INFO - Sync 1 DAGs
[2026-09-21T02:59:46.441+0000] {logging_mixin.py:149} INFO - [2026-09-21T02:59:46.441+0000] {dag.py:3490} INFO - Setting next_dagrun for 7-branching to None, run_after=None
[2026-09-21T02:59:46.470+0000] {processor.py:178} INFO - Processing /opt/airflow/dags/7_branch_pythoon_operator.py took 0.153 seconds
[2026-09-21T03:00:17.300+0000] {processor.py:156} INFO - Started process (PID=1440) to work on /opt/airflow/dags/7_branch_pythoon_operator.py
[2026-09-21T03:00:17.303+0000] {processor.py:799} INFO - Processing file /opt/airflow/dags/7_branch_pythoon_operator.py for tasks to queue
[2026-09-21T03:00:17.304+0000] {logging_mixin.py:149} INFO - [2026-09-21T03:00:17.304+0000] {dagbag.py:541} INFO - Filling up the DagBag from /opt/airflow/dags/7_branch_pythoon_operator.py
[2026-09-21T03:00:17.313+0000] {processor.py:809} INFO - DAG(s) dict_keys(['7-branching']) retrieved from /opt/airflow/dags/7_branch_pythoon_operator.py
[2026-09-21T03:00:17.367+0000] {logging_mixin.py:149} INFO - [2026-09-21T03:00:17.366+0000] {dag.py:2726} INFO - Sync 1 DAGs
[2026-09-21T03:00:17.399+0000] {logging_mixin.py:149} INFO - [2026-09-21T03:00:17.399+0000] {dag.py:3490} INFO - Setting next_dagrun for 7-branching to None, run_after=None
[2026-09-21T03:00:17.424+0000] {processor.py:178} INFO - Processing /opt/airflow/dags/7_branch_pythoon_operator.py took 0.129 seconds
[2026-09-21T03:00:48.239+0000] {processor.py:156} INFO - Started process (PID=1451) to work on /opt/airflow/dags/7_branch_pythoon_operator.py
[2026-09-21T03:00:48.241+0000] {processor.py:799} INFO - Processing file /opt/airflow/dags/7_branch_pythoon_operator.py for tasks to queue
[2026-09-21T03:00:48.242+0000] {logging_mixin.py:149} INFO - [2026-09-21T03:00:48.242+0000] {dagbag.py:541} INFO - Filling up the DagBag from /opt/airflow/dags/7_branch_pythoon_operator.py
[2026-09-21T03:00:48.251+0000] {processor.py:809} INFO - DAG(s) dict_keys(['7-branching']) retrieved from /opt/airflow/dags/7_branch_pythoon_operator.py
[2026-09-21T03:00:48.309+0000] {logging_mixin.py:149} INFO - [2026-09-21T03:00:48.309+0000] {dag.py:2726} INFO - Sync 1 DAGs
[2026-09-21T03:00:48.347+0000] {logging_mixin.py:149} INFO - [2026-09-21T03:00:48.347+0000] {dag.py:3490} INFO - Setting next_dagrun for 7-branching to None, run_after=None
[2026-09-21T03:00:48.367+0000] {processor.py:178} INFO - Processing /opt/airflow/dags/7_branch_pythoon_operator.py took 0.134 seconds
[2026-09-21T03:01:19.110+0000] {processor.py:156} INFO - Started process (PID=1462) to work on /opt/airflow/dags/7_branch_pythoon_operator.py
[2026-09-21T03:01:19.113+0000] {processor.py:799} INFO - Processing file /opt/airflow/dags/7_branch_pythoon_operator.py for tasks to queue
[2026-09-21T03:01:19.114+0000] {logging_mixin.py:149} INFO - [2026-09-21T03:01:19.114+0000] {dagbag.py:541} INFO - Filling up the DagBag from /opt/airflow/dags/7_branch_pythoon_operator.py
[2026-09-21T03:01:19.127+0000] {processor.py:809} INFO - DAG(s) dict_keys(['7-branching']) retrieved from /opt/airflow/dags/7_branch_pythoon_operator.py
[2026-09-21T03:01:19.204+0000] {logging_mixin.py:149} INFO - [2026-09-21T03:01:19.204+0000] {dag.py:2726} INFO - Sync 1 DAGs
[2026-09-21T03:01:19.264+0000] {logging_mixin.py:149} INFO - [2026-09-21T03:01:19.263+0000] {dag.py:3490} INFO - Setting next_dagrun for 7-branching to None, run_after=None
[2026-09-21T03:01:19.336+0000] {processor.py:178} INFO - Processing /opt/airflow/dags/7_branch_pythoon_operator.py took 0.232 seconds
[2026-09-21T03:01:49.507+0000] {processor.py:156} INFO - Started process (PID=1473) to work on /opt/airflow/dags/7_branch_pythoon_operator.py
[2026-09-21T03:01:49.510+0000] {processor.py:799} INFO - Processing file /opt/airflow/dags/7_branch_pythoon_operator.py for tasks to queue
[2026-09-21T03:01:49.512+0000] {logging_mixin.py:149} INFO - [2026-09-21T03:01:49.511+0000] {dagbag.py:541} INFO - Filling up the DagBag from /opt/airflow/dags/7_branch_pythoon_operator.py
[2026-09-21T03:01:49.534+0000] {processor.py:809} INFO - DAG(s) dict_keys(['7-branching']) retrieved from /opt/airflow/dags/7_branch_pythoon_operator.py
[2026-09-21T03:01:49.603+0000] {logging_mixin.py:149} INFO - [2026-09-21T03:01:49.602+0000] {dag.py:2726} INFO - Sync 1 DAGs
[2026-09-21T03:01:49.642+0000] {logging_mixin.py:149} INFO - [2026-09-21T03:01:49.642+0000] {dag.py:3490} INFO - Setting next_dagrun for 7-branching to None, run_after=None
[2026-09-21T03:01:49.672+0000] {processor.py:178} INFO - Processing /opt/airflow/dags/7_branch_pythoon_operator.py took 0.185 seconds
[2026-09-21T03:02:20.565+0000] {processor.py:156} INFO - Started process (PID=1484) to work on /opt/airflow/dags/7_branch_pythoon_operator.py
[2026-09-21T03:02:20.569+0000] {processor.py:799} INFO - Processing file /opt/airflow/dags/7_branch_pythoon_operator.py for tasks to queue
[2026-09-21T03:02:20.571+0000] {logging_mixin.py:149} INFO - [2026-09-21T03:02:20.571+0000] {dagbag.py:541} INFO - Filling up the DagBag from /opt/airflow/dags/7_branch_pythoon_operator.py
[2026-09-21T03:02:20.587+0000] {processor.py:809} INFO - DAG(s) dict_keys(['7-branching']) retrieved from /opt/airflow/dags/7_branch_pythoon_operator.py
[2026-09-21T03:02:20.649+0000] {logging_mixin.py:149} INFO - [2026-09-21T03:02:20.649+0000] {dag.py:2726} INFO - Sync 1 DAGs
[2026-09-21T03:02:20.689+0000] {logging_mixin.py:149} INFO - [2026-09-21T03:02:20.689+0000] {dag.py:3490} INFO - Setting next_dagrun for 7-branching to None, run_after=None
[2026-09-21T03:02:20.721+0000] {processor.py:178} INFO - Processing /opt/airflow/dags/7_branch_pythoon_operator.py took 0.166 seconds
[2026-09-21T03:02:50.886+0000] {processor.py:156} INFO - Started process (PID=1495) to work on /opt/airflow/dags/7_branch_pythoon_operator.py
[2026-09-21T03:02:50.887+0000] {processor.py:799} INFO - Processing file /opt/airflow/dags/7_branch_pythoon_operator.py for tasks to queue
[2026-09-21T03:02:50.888+0000] {logging_mixin.py:149} INFO - [2026-09-21T03:02:50.888+0000] {dagbag.py:541} INFO - Filling up the DagBag from /opt/airflow/dags/7_branch_pythoon_operator.py
[2026-09-21T03:02:50.898+0000] {processor.py:809} INFO - DAG(s) dict_keys(['7-branching']) retrieved from /opt/airflow/dags/7_branch_pythoon_operator.py
[2026-09-21T03:02:50.952+0000] {logging_mixin.py:149} INFO - [2026-09-21T03:02:50.952+0000] {dag.py:2726} INFO - Sync 1 DAGs
[2026-09-21T03:02:50.993+0000] {logging_mixin.py:149} INFO - [2026-09-21T03:02:50.992+0000] {dag.py:3490} INFO - Setting next_dagrun for 7-branching to None, run_after=None
[2026-09-21T03:02:51.024+0000] {processor.py:178} INFO - Processing /opt/airflow/dags/7_branch_pythoon_operator.py took 0.145 seconds
[2026-09-21T03:03:21.780+0000] {processor.py:156} INFO - Started process (PID=1506) to work on /opt/airflow/dags/7_branch_pythoon_operator.py
[2026-09-21T03:03:21.782+0000] {processor.py:799} INFO - Processing file /opt/airflow/dags/7_branch_pythoon_operator.py for tasks to queue
[2026-09-21T03:03:21.783+0000] {logging_mixin.py:149} INFO - [2026-09-21T03:03:21.783+0000] {dagbag.py:541} INFO - Filling up the DagBag from /opt/airflow/dags/7_branch_pythoon_operator.py
[2026-09-21T03:03:21.794+0000] {processor.py:809} INFO - DAG(s) dict_keys(['7-branching']) retrieved from /opt/airflow/dags/7_branch_pythoon_operator.py
[2026-09-21T03:03:21.849+0000] {logging_mixin.py:149} INFO - [2026-09-21T03:03:21.849+0000] {dag.py:2726} INFO - Sync 1 DAGs
[2026-09-21T03:03:21.902+0000] {logging_mixin.py:149} INFO - [2026-09-21T03:03:21.901+0000] {dag.py:3490} INFO - Setting next_dagrun for 7-branching to None, run_after=None
[2026-09-21T03:03:21.941+0000] {processor.py:178} INFO - Processing /opt/airflow/dags/7_branch_pythoon_operator.py took 0.167 seconds
[2026-09-21T03:03:52.005+0000] {processor.py:156} INFO - Started process (PID=1517) to work on /opt/airflow/dags/7_branch_pythoon_operator.py
[2026-09-21T03:03:52.007+0000] {processor.py:799} INFO - Processing file /opt/airflow/dags/7_branch_pythoon_operator.py for tasks to queue
[2026-09-21T03:03:52.009+0000] {logging_mixin.py:149} INFO - [2026-09-21T03:03:52.009+0000] {dagbag.py:541} INFO - Filling up the DagBag from /opt/airflow/dags/7_branch_pythoon_operator.py
[2026-09-21T03:03:52.020+0000] {processor.py:809} INFO - DAG(s) dict_keys(['7-branching']) retrieved from /opt/airflow/dags/7_branch_pythoon_operator.py
[2026-09-21T03:03:52.082+0000] {logging_mixin.py:149} INFO - [2026-09-21T03:03:52.082+0000] {dag.py:2726} INFO - Sync 1 DAGs
[2026-09-21T03:03:52.112+0000] {logging_mixin.py:149} INFO - [2026-09-21T03:03:52.112+0000] {dag.py:3490} INFO - Setting next_dagrun for 7-branching to None, run_after=None
[2026-09-21T03:03:52.133+0000] {processor.py:178} INFO - Processing /opt/airflow/dags/7_branch_pythoon_operator.py took 0.133 seconds
[2026-09-21T03:04:23.042+0000] {processor.py:156} INFO - Started process (PID=1528) to work on /opt/airflow/dags/7_branch_pythoon_operator.py
[2026-09-21T03:04:23.049+0000] {processor.py:799} INFO - Processing file /opt/airflow/dags/7_branch_pythoon_operator.py for tasks to queue
[2026-09-21T03:04:23.050+0000] {logging_mixin.py:149} INFO - [2026-09-21T03:04:23.050+0000] {dagbag.py:541} INFO - Filling up the DagBag from /opt/airflow/dags/7_branch_pythoon_operator.py
[2026-09-21T03:04:23.077+0000] {processor.py:809} INFO - DAG(s) dict_keys(['7-branching']) retrieved from /opt/airflow/dags/7_branch_pythoon_operator.py
[2026-09-21T03:04:23.137+0000] {logging_mixin.py:149} INFO - [2026-09-21T03:04:23.136+0000] {dag.py:2726} INFO - Sync 1 DAGs
[2026-09-21T03:04:23.186+0000] {logging_mixin.py:149} INFO - [2026-09-21T03:04:23.186+0000] {dag.py:3490} INFO - Setting next_dagrun for 7-branching to None, run_after=None
[2026-09-21T03:04:23.242+0000] {processor.py:178} INFO - Processing /opt/airflow/dags/7_branch_pythoon_operator.py took 0.208 seconds
[2026-09-21T03:04:53.308+0000] {processor.py:156} INFO - Started process (PID=1539) to work on /opt/airflow/dags/7_branch_pythoon_operator.py
[2026-09-21T03:04:53.311+0000] {processor.py:799} INFO - Processing file /opt/airflow/dags/7_branch_pythoon_operator.py for tasks to queue
[2026-09-21T03:04:53.312+0000] {logging_mixin.py:149} INFO - [2026-09-21T03:04:53.312+0000] {dagbag.py:541} INFO - Filling up the DagBag from /opt/airflow/dags/7_branch_pythoon_operator.py
[2026-09-21T03:04:53.324+0000] {processor.py:809} INFO - DAG(s) dict_keys(['7-branching']) retrieved from /opt/airflow/dags/7_branch_pythoon_operator.py
[2026-09-21T03:04:53.381+0000] {logging_mixin.py:149} INFO - [2026-09-21T03:04:53.381+0000] {dag.py:2726} INFO - Sync 1 DAGs
[2026-09-21T03:04:53.441+0000] {logging_mixin.py:149} INFO - [2026-09-21T03:04:53.441+0000] {dag.py:3490} INFO - Setting next_dagrun for 7-branching to None, run_after=None
[2026-09-21T03:04:53.496+0000] {processor.py:178} INFO - Processing /opt/airflow/dags/7_branch_pythoon_operator.py took 0.194 seconds
[2026-09-21T03:05:23.752+0000] {processor.py:156} INFO - Started process (PID=1550) to work on /opt/airflow/dags/7_branch_pythoon_operator.py
[2026-09-21T03:05:23.756+0000] {processor.py:799} INFO - Processing file /opt/airflow/dags/7_branch_pythoon_operator.py for tasks to queue
[2026-09-21T03:05:23.759+0000] {logging_mixin.py:149} INFO - [2026-09-21T03:05:23.758+0000] {dagbag.py:541} INFO - Filling up the DagBag from /opt/airflow/dags/7_branch_pythoon_operator.py
[2026-09-21T03:05:23.779+0000] {processor.py:809} INFO - DAG(s) dict_keys(['7-branching']) retrieved from /opt/airflow/dags/7_branch_pythoon_operator.py
[2026-09-21T03:05:23.856+0000] {logging_mixin.py:149} INFO - [2026-09-21T03:05:23.856+0000] {dag.py:2726} INFO - Sync 1 DAGs
[2026-09-21T03:05:23.903+0000] {logging_mixin.py:149} INFO - [2026-09-21T03:05:23.902+0000] {dag.py:3490} INFO - Setting next_dagrun for 7-branching to None, run_after=None
[2026-09-21T03:05:23.963+0000] {processor.py:178} INFO - Processing /opt/airflow/dags/7_branch_pythoon_operator.py took 0.224 seconds
[2026-09-21T03:05:54.649+0000] {processor.py:156} INFO - Started process (PID=1561) to work on /opt/airflow/dags/7_branch_pythoon_operator.py
[2026-09-21T03:05:54.650+0000] {processor.py:799} INFO - Processing file /opt/airflow/dags/7_branch_pythoon_operator.py for tasks to queue
[2026-09-21T03:05:54.651+0000] {logging_mixin.py:149} INFO - [2026-09-21T03:05:54.651+0000] {dagbag.py:541} INFO - Filling up the DagBag from /opt/airflow/dags/7_branch_pythoon_operator.py
[2026-09-21T03:05:54.660+0000] {processor.py:809} INFO - DAG(s) dict_keys(['7-branching']) retrieved from /opt/airflow/dags/7_branch_pythoon_operator.py
[2026-09-21T03:05:54.708+0000] {logging_mixin.py:149} INFO - [2026-09-21T03:05:54.708+0000] {dag.py:2726} INFO - Sync 1 DAGs
[2026-09-21T03:05:54.744+0000] {logging_mixin.py:149} INFO - [2026-09-21T03:05:54.744+0000] {dag.py:3490} INFO - Setting next_dagrun for 7-branching to None, run_after=None
[2026-09-21T03:05:54.777+0000] {processor.py:178} INFO - Processing /opt/airflow/dags/7_branch_pythoon_operator.py took 0.133 seconds
[2026-09-21T03:06:25.710+0000] {processor.py:156} INFO - Started process (PID=1572) to work on /opt/airflow/dags/7_branch_pythoon_operator.py
[2026-09-21T03:06:25.713+0000] {processor.py:799} INFO - Processing file /opt/airflow/dags/7_branch_pythoon_operator.py for tasks to queue
[2026-09-21T03:06:25.714+0000] {logging_mixin.py:149} INFO - [2026-09-21T03:06:25.714+0000] {dagbag.py:541} INFO - Filling up the DagBag from /opt/airflow/dags/7_branch_pythoon_operator.py
[2026-09-21T03:06:25.725+0000] {processor.py:809} INFO - DAG(s) dict_keys(['7-branching']) retrieved from /opt/airflow/dags/7_branch_pythoon_operator.py
[2026-09-21T03:06:25.778+0000] {logging_mixin.py:149} INFO - [2026-09-21T03:06:25.777+0000] {dag.py:2726} INFO - Sync 1 DAGs
[2026-09-21T03:06:25.817+0000] {logging_mixin.py:149} INFO - [2026-09-21T03:06:25.816+0000] {dag.py:3490} INFO - Setting next_dagrun for 7-branching to None, run_after=None
[2026-09-21T03:06:25.853+0000] {processor.py:178} INFO - Processing /opt/airflow/dags/7_branch_pythoon_operator.py took 0.152 seconds
[2026-09-21T03:06:55.935+0000] {processor.py:156} INFO - Started process (PID=1583) to work on /opt/airflow/dags/7_branch_pythoon_operator.py
[2026-09-21T03:06:55.936+0000] {processor.py:799} INFO - Processing file /opt/airflow/dags/7_branch_pythoon_operator.py for tasks to queue
[2026-09-21T03:06:55.937+0000] {logging_mixin.py:149} INFO - [2026-09-21T03:06:55.937+0000] {dagbag.py:541} INFO - Filling up the DagBag from /opt/airflow/dags/7_branch_pythoon_operator.py
[2026-09-21T03:06:55.948+0000] {processor.py:809} INFO - DAG(s) dict_keys(['7-branching']) retrieved from /opt/airflow/dags/7_branch_pythoon_operator.py
[2026-09-21T03:06:55.999+0000] {logging_mixin.py:149} INFO - [2026-09-21T03:06:55.999+0000] {dag.py:2726} INFO - Sync 1 DAGs
[2026-09-21T03:06:56.035+0000] {logging_mixin.py:149} INFO - [2026-09-21T03:06:56.035+0000] {dag.py:3490} INFO - Setting next_dagrun for 7-branching to None, run_after=None
[2026-09-21T03:06:56.066+0000] {processor.py:178} INFO - Processing /opt/airflow/dags/7_branch_pythoon_operator.py took 0.137 seconds
[2026-09-21T03:07:11.362+0000] {processor.py:156} INFO - Started process (PID=1594) to work on /opt/airflow/dags/7_branch_pythoon_operator.py
[2026-09-21T03:07:11.364+0000] {processor.py:799} INFO - Processing file /opt/airflow/dags/7_branch_pythoon_operator.py for tasks to queue
[2026-09-21T03:07:11.365+0000] {logging_mixin.py:149} INFO - [2026-09-21T03:07:11.365+0000] {dagbag.py:541} INFO - Filling up the DagBag from /opt/airflow/dags/7_branch_pythoon_operator.py
[2026-09-21T03:07:11.376+0000] {processor.py:809} INFO - DAG(s) dict_keys(['7-branching']) retrieved from /opt/airflow/dags/7_branch_pythoon_operator.py
[2026-09-21T03:07:11.444+0000] {logging_mixin.py:149} INFO - [2026-09-21T03:07:11.443+0000] {dag.py:2726} INFO - Sync 1 DAGs
[2026-09-21T03:07:11.483+0000] {logging_mixin.py:149} INFO - [2026-09-21T03:07:11.483+0000] {dag.py:3490} INFO - Setting next_dagrun for 7-branching to None, run_after=None
[2026-09-21T03:07:11.522+0000] {processor.py:178} INFO - Processing /opt/airflow/dags/7_branch_pythoon_operator.py took 0.166 seconds
[2026-09-21T03:07:42.592+0000] {processor.py:156} INFO - Started process (PID=1605) to work on /opt/airflow/dags/7_branch_pythoon_operator.py
[2026-09-21T03:07:42.593+0000] {processor.py:799} INFO - Processing file /opt/airflow/dags/7_branch_pythoon_operator.py for tasks to queue
[2026-09-21T03:07:42.594+0000] {logging_mixin.py:149} INFO - [2026-09-21T03:07:42.594+0000] {dagbag.py:541} INFO - Filling up the DagBag from /opt/airflow/dags/7_branch_pythoon_operator.py
[2026-09-21T03:07:42.604+0000] {processor.py:809} INFO - DAG(s) dict_keys(['7-branching']) retrieved from /opt/airflow/dags/7_branch_pythoon_operator.py
[2026-09-21T03:07:42.674+0000] {logging_mixin.py:149} INFO - [2026-09-21T03:07:42.673+0000] {dag.py:2726} INFO - Sync 1 DAGs
[2026-09-21T03:07:42.720+0000] {logging_mixin.py:149} INFO - [2026-09-21T03:07:42.719+0000] {dag.py:3490} INFO - Setting next_dagrun for 7-branching to None, run_after=None
[2026-09-21T03:07:42.764+0000] {processor.py:178} INFO - Processing /opt/airflow/dags/7_branch_pythoon_operator.py took 0.179 seconds
[2026-09-21T03:08:13.685+0000] {processor.py:156} INFO - Started process (PID=1616) to work on /opt/airflow/dags/7_branch_pythoon_operator.py
[2026-09-21T03:08:13.687+0000] {processor.py:799} INFO - Processing file /opt/airflow/dags/7_branch_pythoon_operator.py for tasks to queue
[2026-09-21T03:08:13.688+0000] {logging_mixin.py:149} INFO - [2026-09-21T03:08:13.688+0000] {dagbag.py:541} INFO - Filling up the DagBag from /opt/airflow/dags/7_branch_pythoon_operator.py
[2026-09-21T03:08:13.699+0000] {processor.py:809} INFO - DAG(s) dict_keys(['7-branching']) retrieved from /opt/airflow/dags/7_branch_pythoon_operator.py
[2026-09-21T03:08:13.758+0000] {logging_mixin.py:149} INFO - [2026-09-21T03:08:13.758+0000] {dag.py:2726} INFO - Sync 1 DAGs
[2026-09-21T03:08:13.805+0000] {logging_mixin.py:149} INFO - [2026-09-21T03:08:13.804+0000] {dag.py:3490} INFO - Setting next_dagrun for 7-branching to None, run_after=None
[2026-09-21T03:08:13.835+0000] {processor.py:178} INFO - Processing /opt/airflow/dags/7_branch_pythoon_operator.py took 0.157 seconds
[2026-09-21T03:08:43.931+0000] {processor.py:156} INFO - Started process (PID=1627) to work on /opt/airflow/dags/7_branch_pythoon_operator.py
[2026-09-21T03:08:43.932+0000] {processor.py:799} INFO - Processing file /opt/airflow/dags/7_branch_pythoon_operator.py for tasks to queue
[2026-09-21T03:08:43.933+0000] {logging_mixin.py:149} INFO - [2026-09-21T03:08:43.933+0000] {dagbag.py:541} INFO - Filling up the DagBag from /opt/airflow/dags/7_branch_pythoon_operator.py
[2026-09-21T03:08:43.944+0000] {processor.py:809} INFO - DAG(s) dict_keys(['7-branching']) retrieved from /opt/airflow/dags/7_branch_pythoon_operator.py
[2026-09-21T03:08:43.993+0000] {logging_mixin.py:149} INFO - [2026-09-21T03:08:43.992+0000] {dag.py:2726} INFO - Sync 1 DAGs
[2026-09-21T03:08:44.029+0000] {logging_mixin.py:149} INFO - [2026-09-21T03:08:44.029+0000] {dag.py:3490} INFO - Setting next_dagrun for 7-branching to None, run_after=None
[2026-09-21T03:08:44.060+0000] {processor.py:178} INFO - Processing /opt/airflow/dags/7_branch_pythoon_operator.py took 0.135 seconds
[2026-09-21T03:09:13.395+0000] {processor.py:156} INFO - Started process (PID=1640) to work on /opt/airflow/dags/7_branch_pythoon_operator.py
[2026-09-21T03:09:13.397+0000] {processor.py:799} INFO - Processing file /opt/airflow/dags/7_branch_pythoon_operator.py for tasks to queue
[2026-09-21T03:09:13.399+0000] {logging_mixin.py:149} INFO - [2026-09-21T03:09:13.398+0000] {dagbag.py:541} INFO - Filling up the DagBag from /opt/airflow/dags/7_branch_pythoon_operator.py
[2026-09-21T03:09:13.410+0000] {processor.py:809} INFO - DAG(s) dict_keys(['7-branching']) retrieved from /opt/airflow/dags/7_branch_pythoon_operator.py
[2026-09-21T03:09:13.478+0000] {logging_mixin.py:149} INFO - [2026-09-21T03:09:13.477+0000] {dag.py:2726} INFO - Sync 1 DAGs
[2026-09-21T03:09:13.518+0000] {logging_mixin.py:149} INFO - [2026-09-21T03:09:13.518+0000] {dag.py:3490} INFO - Setting next_dagrun for 7-branching to None, run_after=None
[2026-09-21T03:09:13.559+0000] {processor.py:178} INFO - Processing /opt/airflow/dags/7_branch_pythoon_operator.py took 0.170 seconds
[2026-09-21T03:09:43.682+0000] {processor.py:156} INFO - Started process (PID=1651) to work on /opt/airflow/dags/7_branch_pythoon_operator.py
[2026-09-21T03:09:43.684+0000] {processor.py:799} INFO - Processing file /opt/airflow/dags/7_branch_pythoon_operator.py for tasks to queue
[2026-09-21T03:09:43.685+0000] {logging_mixin.py:149} INFO - [2026-09-21T03:09:43.685+0000] {dagbag.py:541} INFO - Filling up the DagBag from /opt/airflow/dags/7_branch_pythoon_operator.py
[2026-09-21T03:09:43.695+0000] {processor.py:809} INFO - DAG(s) dict_keys(['7-branching']) retrieved from /opt/airflow/dags/7_branch_pythoon_operator.py
[2026-09-21T03:09:43.758+0000] {logging_mixin.py:149} INFO - [2026-09-21T03:09:43.757+0000] {dag.py:2726} INFO - Sync 1 DAGs
[2026-09-21T03:09:43.802+0000] {logging_mixin.py:149} INFO - [2026-09-21T03:09:43.801+0000] {dag.py:3490} INFO - Setting next_dagrun for 7-branching to None, run_after=None
[2026-09-21T03:09:43.841+0000] {processor.py:178} INFO - Processing /opt/airflow/dags/7_branch_pythoon_operator.py took 0.165 seconds
[2026-09-21T03:10:13.927+0000] {processor.py:156} INFO - Started process (PID=1662) to work on /opt/airflow/dags/7_branch_pythoon_operator.py
[2026-09-21T03:10:13.930+0000] {processor.py:799} INFO - Processing file /opt/airflow/dags/7_branch_pythoon_operator.py for tasks to queue
[2026-09-21T03:10:13.931+0000] {logging_mixin.py:149} INFO - [2026-09-21T03:10:13.931+0000] {dagbag.py:541} INFO - Filling up the DagBag from /opt/airflow/dags/7_branch_pythoon_operator.py
[2026-09-21T03:10:13.942+0000] {processor.py:809} INFO - DAG(s) dict_keys(['7-branching']) retrieved from /opt/airflow/dags/7_branch_pythoon_operator.py
[2026-09-21T03:10:14.001+0000] {logging_mixin.py:149} INFO - [2026-09-21T03:10:14.000+0000] {dag.py:2726} INFO - Sync 1 DAGs
[2026-09-21T03:10:14.042+0000] {logging_mixin.py:149} INFO - [2026-09-21T03:10:14.041+0000] {dag.py:3490} INFO - Setting next_dagrun for 7-branching to None, run_after=None
[2026-09-21T03:10:14.076+0000] {processor.py:178} INFO - Processing /opt/airflow/dags/7_branch_pythoon_operator.py took 0.156 seconds
[2026-09-21T03:10:44.192+0000] {processor.py:156} INFO - Started process (PID=1673) to work on /opt/airflow/dags/7_branch_pythoon_operator.py
[2026-09-21T03:10:44.194+0000] {processor.py:799} INFO - Processing file /opt/airflow/dags/7_branch_pythoon_operator.py for tasks to queue
[2026-09-21T03:10:44.194+0000] {logging_mixin.py:149} INFO - [2026-09-21T03:10:44.194+0000] {dagbag.py:541} INFO - Filling up the DagBag from /opt/airflow/dags/7_branch_pythoon_operator.py
[2026-09-21T03:10:44.206+0000] {processor.py:809} INFO - DAG(s) dict_keys(['7-branching']) retrieved from /opt/airflow/dags/7_branch_pythoon_operator.py
[2026-09-21T03:10:44.264+0000] {logging_mixin.py:149} INFO - [2026-09-21T03:10:44.264+0000] {dag.py:2726} INFO - Sync 1 DAGs
[2026-09-21T03:10:44.303+0000] {logging_mixin.py:149} INFO - [2026-09-21T03:10:44.303+0000] {dag.py:3490} INFO - Setting next_dagrun for 7-branching to None, run_after=None
[2026-09-21T03:10:44.355+0000] {processor.py:178} INFO - Processing /opt/airflow/dags/7_branch_pythoon_operator.py took 0.169 seconds
[2026-09-21T03:11:14.426+0000] {processor.py:156} INFO - Started process (PID=1684) to work on /opt/airflow/dags/7_branch_pythoon_operator.py
[2026-09-21T03:11:14.430+0000] {processor.py:799} INFO - Processing file /opt/airflow/dags/7_branch_pythoon_operator.py for tasks to queue
[2026-09-21T03:11:14.431+0000] {logging_mixin.py:149} INFO - [2026-09-21T03:11:14.431+0000] {dagbag.py:541} INFO - Filling up the DagBag from /opt/airflow/dags/7_branch_pythoon_operator.py
[2026-09-21T03:11:14.443+0000] {processor.py:809} INFO - DAG(s) dict_keys(['7-branching']) retrieved from /opt/airflow/dags/7_branch_pythoon_operator.py
[2026-09-21T03:11:14.499+0000] {logging_mixin.py:149} INFO - [2026-09-21T03:11:14.499+0000] {dag.py:2726} INFO - Sync 1 DAGs
[2026-09-21T03:11:14.545+0000] {logging_mixin.py:149} INFO - [2026-09-21T03:11:14.545+0000] {dag.py:3490} INFO - Setting next_dagrun for 7-branching to None, run_after=None
[2026-09-21T03:11:14.583+0000] {processor.py:178} INFO - Processing /opt/airflow/dags/7_branch_pythoon_operator.py took 0.164 seconds
[2026-09-21T03:11:44.661+0000] {processor.py:156} INFO - Started process (PID=1695) to work on /opt/airflow/dags/7_branch_pythoon_operator.py
[2026-09-21T03:11:44.662+0000] {processor.py:799} INFO - Processing file /opt/airflow/dags/7_branch_pythoon_operator.py for tasks to queue
[2026-09-21T03:11:44.663+0000] {logging_mixin.py:149} INFO - [2026-09-21T03:11:44.663+0000] {dagbag.py:541} INFO - Filling up the DagBag from /opt/airflow/dags/7_branch_pythoon_operator.py
[2026-09-21T03:11:44.675+0000] {processor.py:809} INFO - DAG(s) dict_keys(['7-branching']) retrieved from /opt/airflow/dags/7_branch_pythoon_operator.py
[2026-09-21T03:11:44.728+0000] {logging_mixin.py:149} INFO - [2026-09-21T03:11:44.728+0000] {dag.py:2726} INFO - Sync 1 DAGs
[2026-09-21T03:11:44.772+0000] {logging_mixin.py:149} INFO - [2026-09-21T03:11:44.772+0000] {dag.py:3490} INFO - Setting next_dagrun for 7-branching to None, run_after=None
[2026-09-21T03:11:44.810+0000] {processor.py:178} INFO - Processing /opt/airflow/dags/7_branch_pythoon_operator.py took 0.156 seconds
[2026-09-21T03:12:15.012+0000] {processor.py:156} INFO - Started process (PID=1706) to work on /opt/airflow/dags/7_branch_pythoon_operator.py
[2026-09-21T03:12:15.016+0000] {processor.py:799} INFO - Processing file /opt/airflow/dags/7_branch_pythoon_operator.py for tasks to queue
[2026-09-21T03:12:15.020+0000] {logging_mixin.py:149} INFO - [2026-09-21T03:12:15.018+0000] {dagbag.py:541} INFO - Filling up the DagBag from /opt/airflow/dags/7_branch_pythoon_operator.py
[2026-09-21T03:12:15.036+0000] {processor.py:809} INFO - DAG(s) dict_keys(['7-branching']) retrieved from /opt/airflow/dags/7_branch_pythoon_operator.py
[2026-09-21T03:12:15.095+0000] {logging_mixin.py:149} INFO - [2026-09-21T03:12:15.094+0000] {dag.py:2726} INFO - Sync 1 DAGs
[2026-09-21T03:12:15.133+0000] {logging_mixin.py:149} INFO - [2026-09-21T03:12:15.133+0000] {dag.py:3490} INFO - Setting next_dagrun for 7-branching to None, run_after=None
[2026-09-21T03:12:15.165+0000] {processor.py:178} INFO - Processing /opt/airflow/dags/7_branch_pythoon_operator.py took 0.159 seconds
[2026-09-21T03:12:45.253+0000] {processor.py:156} INFO - Started process (PID=1717) to work on /opt/airflow/dags/7_branch_pythoon_operator.py
[2026-09-21T03:12:45.255+0000] {processor.py:799} INFO - Processing file /opt/airflow/dags/7_branch_pythoon_operator.py for tasks to queue
[2026-09-21T03:12:45.256+0000] {logging_mixin.py:149} INFO - [2026-09-21T03:12:45.255+0000] {dagbag.py:541} INFO - Filling up the DagBag from /opt/airflow/dags/7_branch_pythoon_operator.py
[2026-09-21T03:12:45.268+0000] {processor.py:809} INFO - DAG(s) dict_keys(['7-branching']) retrieved from /opt/airflow/dags/7_branch_pythoon_operator.py
[2026-09-21T03:12:45.326+0000] {logging_mixin.py:149} INFO - [2026-09-21T03:12:45.326+0000] {dag.py:2726} INFO - Sync 1 DAGs
[2026-09-21T03:12:45.369+0000] {logging_mixin.py:149} INFO - [2026-09-21T03:12:45.369+0000] {dag.py:3490} INFO - Setting next_dagrun for 7-branching to None, run_after=None
[2026-09-21T03:12:45.398+0000] {processor.py:178} INFO - Processing /opt/airflow/dags/7_branch_pythoon_operator.py took 0.152 seconds
[2026-09-21T03:13:15.604+0000] {processor.py:156} INFO - Started process (PID=1728) to work on /opt/airflow/dags/7_branch_pythoon_operator.py
[2026-09-21T03:13:15.608+0000] {processor.py:799} INFO - Processing file /opt/airflow/dags/7_branch_pythoon_operator.py for tasks to queue
[2026-09-21T03:13:15.610+0000] {logging_mixin.py:149} INFO - [2026-09-21T03:13:15.610+0000] {dagbag.py:541} INFO - Filling up the DagBag from /opt/airflow/dags/7_branch_pythoon_operator.py
[2026-09-21T03:13:15.626+0000] {processor.py:809} INFO - DAG(s) dict_keys(['7-branching']) retrieved from /opt/airflow/dags/7_branch_pythoon_operator.py
[2026-09-21T03:13:15.694+0000] {logging_mixin.py:149} INFO - [2026-09-21T03:13:15.693+0000] {dag.py:2726} INFO - Sync 1 DAGs
[2026-09-21T03:13:15.732+0000] {logging_mixin.py:149} INFO - [2026-09-21T03:13:15.732+0000] {dag.py:3490} INFO - Setting next_dagrun for 7-branching to None, run_after=None
[2026-09-21T03:13:15.763+0000] {processor.py:178} INFO - Processing /opt/airflow/dags/7_branch_pythoon_operator.py took 0.169 seconds
[2026-09-21T03:13:45.895+0000] {processor.py:156} INFO - Started process (PID=1739) to work on /opt/airflow/dags/7_branch_pythoon_operator.py
[2026-09-21T03:13:45.897+0000] {processor.py:799} INFO - Processing file /opt/airflow/dags/7_branch_pythoon_operator.py for tasks to queue
[2026-09-21T03:13:45.898+0000] {logging_mixin.py:149} INFO - [2026-09-21T03:13:45.897+0000] {dagbag.py:541} INFO - Filling up the DagBag from /opt/airflow/dags/7_branch_pythoon_operator.py
[2026-09-21T03:13:45.914+0000] {processor.py:809} INFO - DAG(s) dict_keys(['7-branching']) retrieved from /opt/airflow/dags/7_branch_pythoon_operator.py
[2026-09-21T03:13:45.987+0000] {logging_mixin.py:149} INFO - [2026-09-21T03:13:45.987+0000] {dag.py:2726} INFO - Sync 1 DAGs
[2026-09-21T03:13:46.051+0000] {logging_mixin.py:149} INFO - [2026-09-21T03:13:46.051+0000] {dag.py:3490} INFO - Setting next_dagrun for 7-branching to None, run_after=None
[2026-09-21T03:13:46.134+0000] {processor.py:178} INFO - Processing /opt/airflow/dags/7_branch_pythoon_operator.py took 0.245 seconds
[2026-09-21T03:14:16.201+0000] {processor.py:156} INFO - Started process (PID=1750) to work on /opt/airflow/dags/7_branch_pythoon_operator.py
[2026-09-21T03:14:16.203+0000] {processor.py:799} INFO - Processing file /opt/airflow/dags/7_branch_pythoon_operator.py for tasks to queue
[2026-09-21T03:14:16.204+0000] {logging_mixin.py:149} INFO - [2026-09-21T03:14:16.204+0000] {dagbag.py:541} INFO - Filling up the DagBag from /opt/airflow/dags/7_branch_pythoon_operator.py
[2026-09-21T03:14:16.222+0000] {processor.py:809} INFO - DAG(s) dict_keys(['7-branching']) retrieved from /opt/airflow/dags/7_branch_pythoon_operator.py
[2026-09-21T03:14:16.272+0000] {logging_mixin.py:149} INFO - [2026-09-21T03:14:16.272+0000] {dag.py:2726} INFO - Sync 1 DAGs
[2026-09-21T03:14:16.308+0000] {logging_mixin.py:149} INFO - [2026-09-21T03:14:16.308+0000] {dag.py:3490} INFO - Setting next_dagrun for 7-branching to None, run_after=None
[2026-09-21T03:14:16.344+0000] {processor.py:178} INFO - Processing /opt/airflow/dags/7_branch_pythoon_operator.py took 0.149 seconds
[2026-09-21T03:14:46.446+0000] {processor.py:156} INFO - Started process (PID=1764) to work on /opt/airflow/dags/7_branch_pythoon_operator.py
[2026-09-21T03:14:46.447+0000] {processor.py:799} INFO - Processing file /opt/airflow/dags/7_branch_pythoon_operator.py for tasks to queue
[2026-09-21T03:14:46.448+0000] {logging_mixin.py:149} INFO - [2026-09-21T03:14:46.448+0000] {dagbag.py:541} INFO - Filling up the DagBag from /opt/airflow/dags/7_branch_pythoon_operator.py
[2026-09-21T03:14:46.460+0000] {processor.py:809} INFO - DAG(s) dict_keys(['7-branching']) retrieved from /opt/airflow/dags/7_branch_pythoon_operator.py
[2026-09-21T03:14:46.522+0000] {logging_mixin.py:149} INFO - [2026-09-21T03:14:46.521+0000] {dag.py:2726} INFO - Sync 1 DAGs
[2026-09-21T03:14:46.558+0000] {logging_mixin.py:149} INFO - [2026-09-21T03:14:46.558+0000] {dag.py:3490} INFO - Setting next_dagrun for 7-branching to None, run_after=None
[2026-09-21T03:14:46.615+0000] {processor.py:178} INFO - Processing /opt/airflow/dags/7_branch_pythoon_operator.py took 0.176 seconds
[2026-09-21T03:15:17.574+0000] {processor.py:156} INFO - Started process (PID=1778) to work on /opt/airflow/dags/7_branch_pythoon_operator.py
[2026-09-21T03:15:17.577+0000] {processor.py:799} INFO - Processing file /opt/airflow/dags/7_branch_pythoon_operator.py for tasks to queue
[2026-09-21T03:15:17.578+0000] {logging_mixin.py:149} INFO - [2026-09-21T03:15:17.577+0000] {dagbag.py:541} INFO - Filling up the DagBag from /opt/airflow/dags/7_branch_pythoon_operator.py
[2026-09-21T03:15:17.589+0000] {processor.py:809} INFO - DAG(s) dict_keys(['7-branching']) retrieved from /opt/airflow/dags/7_branch_pythoon_operator.py
[2026-09-21T03:15:17.641+0000] {logging_mixin.py:149} INFO - [2026-09-21T03:15:17.641+0000] {dag.py:2726} INFO - Sync 1 DAGs
[2026-09-21T03:15:17.680+0000] {logging_mixin.py:149} INFO - [2026-09-21T03:15:17.680+0000] {dag.py:3490} INFO - Setting next_dagrun for 7-branching to None, run_after=None
[2026-09-21T03:15:17.711+0000] {processor.py:178} INFO - Processing /opt/airflow/dags/7_branch_pythoon_operator.py took 0.143 seconds
[2026-09-21T03:15:48.523+0000] {processor.py:156} INFO - Started process (PID=1792) to work on /opt/airflow/dags/7_branch_pythoon_operator.py
[2026-09-21T03:15:48.530+0000] {processor.py:799} INFO - Processing file /opt/airflow/dags/7_branch_pythoon_operator.py for tasks to queue
[2026-09-21T03:15:48.531+0000] {logging_mixin.py:149} INFO - [2026-09-21T03:15:48.531+0000] {dagbag.py:541} INFO - Filling up the DagBag from /opt/airflow/dags/7_branch_pythoon_operator.py
[2026-09-21T03:15:48.543+0000] {processor.py:809} INFO - DAG(s) dict_keys(['7-branching']) retrieved from /opt/airflow/dags/7_branch_pythoon_operator.py
[2026-09-21T03:15:48.598+0000] {logging_mixin.py:149} INFO - [2026-09-21T03:15:48.598+0000] {dag.py:2726} INFO - Sync 1 DAGs
[2026-09-21T03:15:48.638+0000] {logging_mixin.py:149} INFO - [2026-09-21T03:15:48.638+0000] {dag.py:3490} INFO - Setting next_dagrun for 7-branching to None, run_after=None
[2026-09-21T03:15:48.666+0000] {processor.py:178} INFO - Processing /opt/airflow/dags/7_branch_pythoon_operator.py took 0.149 seconds
[2026-09-21T03:16:19.458+0000] {processor.py:156} INFO - Started process (PID=1806) to work on /opt/airflow/dags/7_branch_pythoon_operator.py
[2026-09-21T03:16:19.461+0000] {processor.py:799} INFO - Processing file /opt/airflow/dags/7_branch_pythoon_operator.py for tasks to queue
[2026-09-21T03:16:19.461+0000] {logging_mixin.py:149} INFO - [2026-09-21T03:16:19.461+0000] {dagbag.py:541} INFO - Filling up the DagBag from /opt/airflow/dags/7_branch_pythoon_operator.py
[2026-09-21T03:16:19.472+0000] {processor.py:809} INFO - DAG(s) dict_keys(['7-branching']) retrieved from /opt/airflow/dags/7_branch_pythoon_operator.py
[2026-09-21T03:16:19.520+0000] {logging_mixin.py:149} INFO - [2026-09-21T03:16:19.520+0000] {dag.py:2726} INFO - Sync 1 DAGs
[2026-09-21T03:16:19.558+0000] {logging_mixin.py:149} INFO - [2026-09-21T03:16:19.558+0000] {dag.py:3490} INFO - Setting next_dagrun for 7-branching to None, run_after=None
[2026-09-21T03:16:19.586+0000] {processor.py:178} INFO - Processing /opt/airflow/dags/7_branch_pythoon_operator.py took 0.134 seconds
[2026-09-21T03:16:50.534+0000] {processor.py:156} INFO - Started process (PID=1820) to work on /opt/airflow/dags/7_branch_pythoon_operator.py
[2026-09-21T03:16:50.542+0000] {processor.py:799} INFO - Processing file /opt/airflow/dags/7_branch_pythoon_operator.py for tasks to queue
[2026-09-21T03:16:50.543+0000] {logging_mixin.py:149} INFO - [2026-09-21T03:16:50.543+0000] {dagbag.py:541} INFO - Filling up the DagBag from /opt/airflow/dags/7_branch_pythoon_operator.py
[2026-09-21T03:16:50.567+0000] {processor.py:809} INFO - DAG(s) dict_keys(['7-branching']) retrieved from /opt/airflow/dags/7_branch_pythoon_operator.py
[2026-09-21T03:16:50.647+0000] {logging_mixin.py:149} INFO - [2026-09-21T03:16:50.647+0000] {dag.py:2726} INFO - Sync 1 DAGs
[2026-09-21T03:16:50.688+0000] {logging_mixin.py:149} INFO - [2026-09-21T03:16:50.687+0000] {dag.py:3490} INFO - Setting next_dagrun for 7-branching to None, run_after=None
[2026-09-21T03:16:50.722+0000] {processor.py:178} INFO - Processing /opt/airflow/dags/7_branch_pythoon_operator.py took 0.198 seconds
[2026-09-21T03:17:20.922+0000] {processor.py:156} INFO - Started process (PID=1834) to work on /opt/airflow/dags/7_branch_pythoon_operator.py
[2026-09-21T03:17:20.927+0000] {processor.py:799} INFO - Processing file /opt/airflow/dags/7_branch_pythoon_operator.py for tasks to queue
[2026-09-21T03:17:20.928+0000] {logging_mixin.py:149} INFO - [2026-09-21T03:17:20.928+0000] {dagbag.py:541} INFO - Filling up the DagBag from /opt/airflow/dags/7_branch_pythoon_operator.py
[2026-09-21T03:17:20.939+0000] {processor.py:809} INFO - DAG(s) dict_keys(['7-branching']) retrieved from /opt/airflow/dags/7_branch_pythoon_operator.py
[2026-09-21T03:17:20.989+0000] {logging_mixin.py:149} INFO - [2026-09-21T03:17:20.989+0000] {dag.py:2726} INFO - Sync 1 DAGs
[2026-09-21T03:17:21.025+0000] {logging_mixin.py:149} INFO - [2026-09-21T03:17:21.024+0000] {dag.py:3490} INFO - Setting next_dagrun for 7-branching to None, run_after=None
[2026-09-21T03:17:21.056+0000] {processor.py:178} INFO - Processing /opt/airflow/dags/7_branch_pythoon_operator.py took 0.139 seconds
[2026-09-21T03:17:51.194+0000] {processor.py:156} INFO - Started process (PID=1848) to work on /opt/airflow/dags/7_branch_pythoon_operator.py
[2026-09-21T03:17:51.197+0000] {processor.py:799} INFO - Processing file /opt/airflow/dags/7_branch_pythoon_operator.py for tasks to queue
[2026-09-21T03:17:51.199+0000] {logging_mixin.py:149} INFO - [2026-09-21T03:17:51.199+0000] {dagbag.py:541} INFO - Filling up the DagBag from /opt/airflow/dags/7_branch_pythoon_operator.py
[2026-09-21T03:17:51.215+0000] {processor.py:809} INFO - DAG(s) dict_keys(['7-branching']) retrieved from /opt/airflow/dags/7_branch_pythoon_operator.py
[2026-09-21T03:17:51.294+0000] {logging_mixin.py:149} INFO - [2026-09-21T03:17:51.293+0000] {dag.py:2726} INFO - Sync 1 DAGs
[2026-09-21T03:17:51.354+0000] {logging_mixin.py:149} INFO - [2026-09-21T03:17:51.353+0000] {dag.py:3490} INFO - Setting next_dagrun for 7-branching to None, run_after=None
[2026-09-21T03:17:51.409+0000] {processor.py:178} INFO - Processing /opt/airflow/dags/7_branch_pythoon_operator.py took 0.226 seconds
[2026-09-21T03:18:21.534+0000] {processor.py:156} INFO - Started process (PID=1858) to work on /opt/airflow/dags/7_branch_pythoon_operator.py
[2026-09-21T03:18:21.536+0000] {processor.py:799} INFO - Processing file /opt/airflow/dags/7_branch_pythoon_operator.py for tasks to queue
[2026-09-21T03:18:21.538+0000] {logging_mixin.py:149} INFO - [2026-09-21T03:18:21.537+0000] {dagbag.py:541} INFO - Filling up the DagBag from /opt/airflow/dags/7_branch_pythoon_operator.py
[2026-09-21T03:18:21.550+0000] {processor.py:809} INFO - DAG(s) dict_keys(['7-branching']) retrieved from /opt/airflow/dags/7_branch_pythoon_operator.py
[2026-09-21T03:18:21.599+0000] {logging_mixin.py:149} INFO - [2026-09-21T03:18:21.599+0000] {dag.py:2726} INFO - Sync 1 DAGs
[2026-09-21T03:18:21.638+0000] {logging_mixin.py:149} INFO - [2026-09-21T03:18:21.637+0000] {dag.py:3490} INFO - Setting next_dagrun for 7-branching to None, run_after=None
[2026-09-21T03:18:21.669+0000] {processor.py:178} INFO - Processing /opt/airflow/dags/7_branch_pythoon_operator.py took 0.144 seconds
[2026-09-21T03:18:51.173+0000] {processor.py:156} INFO - Started process (PID=1878) to work on /opt/airflow/dags/7_branch_pythoon_operator.py
[2026-09-21T03:18:51.175+0000] {processor.py:799} INFO - Processing file /opt/airflow/dags/7_branch_pythoon_operator.py for tasks to queue
[2026-09-21T03:18:51.176+0000] {logging_mixin.py:149} INFO - [2026-09-21T03:18:51.176+0000] {dagbag.py:541} INFO - Filling up the DagBag from /opt/airflow/dags/7_branch_pythoon_operator.py
[2026-09-21T03:18:51.189+0000] {processor.py:809} INFO - DAG(s) dict_keys(['7-branching']) retrieved from /opt/airflow/dags/7_branch_pythoon_operator.py
[2026-09-21T03:18:51.263+0000] {logging_mixin.py:149} INFO - [2026-09-21T03:18:51.262+0000] {dag.py:2726} INFO - Sync 1 DAGs
[2026-09-21T03:18:51.317+0000] {logging_mixin.py:149} INFO - [2026-09-21T03:18:51.316+0000] {dag.py:3490} INFO - Setting next_dagrun for 7-branching to None, run_after=None
[2026-09-21T03:18:51.356+0000] {processor.py:178} INFO - Processing /opt/airflow/dags/7_branch_pythoon_operator.py took 0.191 seconds
[2026-09-21T03:19:22.125+0000] {processor.py:156} INFO - Started process (PID=1892) to work on /opt/airflow/dags/7_branch_pythoon_operator.py
[2026-09-21T03:19:22.127+0000] {processor.py:799} INFO - Processing file /opt/airflow/dags/7_branch_pythoon_operator.py for tasks to queue
[2026-09-21T03:19:22.127+0000] {logging_mixin.py:149} INFO - [2026-09-21T03:19:22.127+0000] {dagbag.py:541} INFO - Filling up the DagBag from /opt/airflow/dags/7_branch_pythoon_operator.py
[2026-09-21T03:19:22.140+0000] {processor.py:809} INFO - DAG(s) dict_keys(['7-branching']) retrieved from /opt/airflow/dags/7_branch_pythoon_operator.py
[2026-09-21T03:19:22.191+0000] {logging_mixin.py:149} INFO - [2026-09-21T03:19:22.191+0000] {dag.py:2726} INFO - Sync 1 DAGs
[2026-09-21T03:19:22.226+0000] {logging_mixin.py:149} INFO - [2026-09-21T03:19:22.226+0000] {dag.py:3490} INFO - Setting next_dagrun for 7-branching to None, run_after=None
[2026-09-21T03:19:22.255+0000] {processor.py:178} INFO - Processing /opt/airflow/dags/7_branch_pythoon_operator.py took 0.136 seconds
[2026-09-21T03:19:53.017+0000] {processor.py:156} INFO - Started process (PID=1906) to work on /opt/airflow/dags/7_branch_pythoon_operator.py
[2026-09-21T03:19:53.020+0000] {processor.py:799} INFO - Processing file /opt/airflow/dags/7_branch_pythoon_operator.py for tasks to queue
[2026-09-21T03:19:53.021+0000] {logging_mixin.py:149} INFO - [2026-09-21T03:19:53.021+0000] {dagbag.py:541} INFO - Filling up the DagBag from /opt/airflow/dags/7_branch_pythoon_operator.py
[2026-09-21T03:19:53.033+0000] {processor.py:809} INFO - DAG(s) dict_keys(['7-branching']) retrieved from /opt/airflow/dags/7_branch_pythoon_operator.py
[2026-09-21T03:19:53.085+0000] {logging_mixin.py:149} INFO - [2026-09-21T03:19:53.085+0000] {dag.py:2726} INFO - Sync 1 DAGs
[2026-09-21T03:19:53.122+0000] {logging_mixin.py:149} INFO - [2026-09-21T03:19:53.122+0000] {dag.py:3490} INFO - Setting next_dagrun for 7-branching to None, run_after=None
[2026-09-21T03:19:53.149+0000] {processor.py:178} INFO - Processing /opt/airflow/dags/7_branch_pythoon_operator.py took 0.138 seconds
[2026-09-21T03:20:23.868+0000] {processor.py:156} INFO - Started process (PID=1920) to work on /opt/airflow/dags/7_branch_pythoon_operator.py
[2026-09-21T03:20:23.869+0000] {processor.py:799} INFO - Processing file /opt/airflow/dags/7_branch_pythoon_operator.py for tasks to queue
[2026-09-21T03:20:23.870+0000] {logging_mixin.py:149} INFO - [2026-09-21T03:20:23.870+0000] {dagbag.py:541} INFO - Filling up the DagBag from /opt/airflow/dags/7_branch_pythoon_operator.py
[2026-09-21T03:20:23.881+0000] {processor.py:809} INFO - DAG(s) dict_keys(['7-branching']) retrieved from /opt/airflow/dags/7_branch_pythoon_operator.py
[2026-09-21T03:20:23.941+0000] {logging_mixin.py:149} INFO - [2026-09-21T03:20:23.940+0000] {dag.py:2726} INFO - Sync 1 DAGs
[2026-09-21T03:20:23.989+0000] {logging_mixin.py:149} INFO - [2026-09-21T03:20:23.989+0000] {dag.py:3490} INFO - Setting next_dagrun for 7-branching to None, run_after=None
[2026-09-21T03:20:24.018+0000] {processor.py:178} INFO - Processing /opt/airflow/dags/7_branch_pythoon_operator.py took 0.156 seconds
[2026-09-21T03:20:54.728+0000] {processor.py:156} INFO - Started process (PID=1934) to work on /opt/airflow/dags/7_branch_pythoon_operator.py
[2026-09-21T03:20:54.734+0000] {processor.py:799} INFO - Processing file /opt/airflow/dags/7_branch_pythoon_operator.py for tasks to queue
[2026-09-21T03:20:54.735+0000] {logging_mixin.py:149} INFO - [2026-09-21T03:20:54.735+0000] {dagbag.py:541} INFO - Filling up the DagBag from /opt/airflow/dags/7_branch_pythoon_operator.py
[2026-09-21T03:20:54.747+0000] {processor.py:809} INFO - DAG(s) dict_keys(['7-branching']) retrieved from /opt/airflow/dags/7_branch_pythoon_operator.py
[2026-09-21T03:20:54.804+0000] {logging_mixin.py:149} INFO - [2026-09-21T03:20:54.803+0000] {dag.py:2726} INFO - Sync 1 DAGs
[2026-09-21T03:20:54.842+0000] {logging_mixin.py:149} INFO - [2026-09-21T03:20:54.842+0000] {dag.py:3490} INFO - Setting next_dagrun for 7-branching to None, run_after=None
[2026-09-21T03:20:54.870+0000] {processor.py:178} INFO - Processing /opt/airflow/dags/7_branch_pythoon_operator.py took 0.149 seconds
[2026-09-21T03:21:25.565+0000] {processor.py:156} INFO - Started process (PID=1948) to work on /opt/airflow/dags/7_branch_pythoon_operator.py
[2026-09-21T03:21:25.567+0000] {processor.py:799} INFO - Processing file /opt/airflow/dags/7_branch_pythoon_operator.py for tasks to queue
[2026-09-21T03:21:25.567+0000] {logging_mixin.py:149} INFO - [2026-09-21T03:21:25.567+0000] {dagbag.py:541} INFO - Filling up the DagBag from /opt/airflow/dags/7_branch_pythoon_operator.py
[2026-09-21T03:21:25.580+0000] {processor.py:809} INFO - DAG(s) dict_keys(['7-branching']) retrieved from /opt/airflow/dags/7_branch_pythoon_operator.py
[2026-09-21T03:21:25.639+0000] {logging_mixin.py:149} INFO - [2026-09-21T03:21:25.639+0000] {dag.py:2726} INFO - Sync 1 DAGs
[2026-09-21T03:21:25.677+0000] {logging_mixin.py:149} INFO - [2026-09-21T03:21:25.677+0000] {dag.py:3490} INFO - Setting next_dagrun for 7-branching to None, run_after=None
[2026-09-21T03:21:25.711+0000] {processor.py:178} INFO - Processing /opt/airflow/dags/7_branch_pythoon_operator.py took 0.151 seconds
[2026-09-21T03:21:56.757+0000] {processor.py:156} INFO - Started process (PID=1962) to work on /opt/airflow/dags/7_branch_pythoon_operator.py
[2026-09-21T03:21:56.761+0000] {processor.py:799} INFO - Processing file /opt/airflow/dags/7_branch_pythoon_operator.py for tasks to queue
[2026-09-21T03:21:56.763+0000] {logging_mixin.py:149} INFO - [2026-09-21T03:21:56.762+0000] {dagbag.py:541} INFO - Filling up the DagBag from /opt/airflow/dags/7_branch_pythoon_operator.py
[2026-09-21T03:21:56.783+0000] {processor.py:809} INFO - DAG(s) dict_keys(['7-branching']) retrieved from /opt/airflow/dags/7_branch_pythoon_operator.py
[2026-09-21T03:21:56.860+0000] {logging_mixin.py:149} INFO - [2026-09-21T03:21:56.859+0000] {dag.py:2726} INFO - Sync 1 DAGs
[2026-09-21T03:21:56.896+0000] {logging_mixin.py:149} INFO - [2026-09-21T03:21:56.895+0000] {dag.py:3490} INFO - Setting next_dagrun for 7-branching to None, run_after=None
[2026-09-21T03:21:56.924+0000] {processor.py:178} INFO - Processing /opt/airflow/dags/7_branch_pythoon_operator.py took 0.178 seconds
[2026-09-21T03:22:27.936+0000] {processor.py:156} INFO - Started process (PID=1973) to work on /opt/airflow/dags/7_branch_pythoon_operator.py
[2026-09-21T03:22:27.939+0000] {processor.py:799} INFO - Processing file /opt/airflow/dags/7_branch_pythoon_operator.py for tasks to queue
[2026-09-21T03:22:27.940+0000] {logging_mixin.py:149} INFO - [2026-09-21T03:22:27.940+0000] {dagbag.py:541} INFO - Filling up the DagBag from /opt/airflow/dags/7_branch_pythoon_operator.py
[2026-09-21T03:22:27.952+0000] {processor.py:809} INFO - DAG(s) dict_keys(['7-branching']) retrieved from /opt/airflow/dags/7_branch_pythoon_operator.py
[2026-09-21T03:22:28.051+0000] {logging_mixin.py:149} INFO - [2026-09-21T03:22:28.051+0000] {dag.py:2726} INFO - Sync 1 DAGs
[2026-09-21T03:22:28.113+0000] {logging_mixin.py:149} INFO - [2026-09-21T03:22:28.112+0000] {dag.py:3490} INFO - Setting next_dagrun for 7-branching to None, run_after=None
[2026-09-21T03:22:28.145+0000] {processor.py:178} INFO - Processing /opt/airflow/dags/7_branch_pythoon_operator.py took 0.217 seconds
[2026-09-21T03:22:58.292+0000] {processor.py:156} INFO - Started process (PID=1986) to work on /opt/airflow/dags/7_branch_pythoon_operator.py
[2026-09-21T03:22:58.293+0000] {processor.py:799} INFO - Processing file /opt/airflow/dags/7_branch_pythoon_operator.py for tasks to queue
[2026-09-21T03:22:58.296+0000] {logging_mixin.py:149} INFO - [2026-09-21T03:22:58.295+0000] {dagbag.py:541} INFO - Filling up the DagBag from /opt/airflow/dags/7_branch_pythoon_operator.py
[2026-09-21T03:22:58.307+0000] {processor.py:809} INFO - DAG(s) dict_keys(['7-branching']) retrieved from /opt/airflow/dags/7_branch_pythoon_operator.py
[2026-09-21T03:22:58.369+0000] {logging_mixin.py:149} INFO - [2026-09-21T03:22:58.369+0000] {dag.py:2726} INFO - Sync 1 DAGs
[2026-09-21T03:22:58.409+0000] {logging_mixin.py:149} INFO - [2026-09-21T03:22:58.409+0000] {dag.py:3490} INFO - Setting next_dagrun for 7-branching to None, run_after=None
[2026-09-21T03:22:58.439+0000] {processor.py:178} INFO - Processing /opt/airflow/dags/7_branch_pythoon_operator.py took 0.154 seconds
[2026-09-21T03:23:28.711+0000] {processor.py:156} INFO - Started process (PID=2000) to work on /opt/airflow/dags/7_branch_pythoon_operator.py
[2026-09-21T03:23:28.713+0000] {processor.py:799} INFO - Processing file /opt/airflow/dags/7_branch_pythoon_operator.py for tasks to queue
[2026-09-21T03:23:28.714+0000] {logging_mixin.py:149} INFO - [2026-09-21T03:23:28.714+0000] {dagbag.py:541} INFO - Filling up the DagBag from /opt/airflow/dags/7_branch_pythoon_operator.py
[2026-09-21T03:23:28.726+0000] {processor.py:809} INFO - DAG(s) dict_keys(['7-branching']) retrieved from /opt/airflow/dags/7_branch_pythoon_operator.py
[2026-09-21T03:23:28.810+0000] {logging_mixin.py:149} INFO - [2026-09-21T03:23:28.809+0000] {dag.py:2726} INFO - Sync 1 DAGs
[2026-09-21T03:23:28.880+0000] {logging_mixin.py:149} INFO - [2026-09-21T03:23:28.880+0000] {dag.py:3490} INFO - Setting next_dagrun for 7-branching to None, run_after=None
[2026-09-21T03:23:28.907+0000] {processor.py:178} INFO - Processing /opt/airflow/dags/7_branch_pythoon_operator.py took 0.204 seconds
[2026-09-21T03:23:59.551+0000] {processor.py:156} INFO - Started process (PID=2014) to work on /opt/airflow/dags/7_branch_pythoon_operator.py
[2026-09-21T03:23:59.553+0000] {processor.py:799} INFO - Processing file /opt/airflow/dags/7_branch_pythoon_operator.py for tasks to queue
[2026-09-21T03:23:59.553+0000] {logging_mixin.py:149} INFO - [2026-09-21T03:23:59.553+0000] {dagbag.py:541} INFO - Filling up the DagBag from /opt/airflow/dags/7_branch_pythoon_operator.py
[2026-09-21T03:23:59.564+0000] {processor.py:809} INFO - DAG(s) dict_keys(['7-branching']) retrieved from /opt/airflow/dags/7_branch_pythoon_operator.py
[2026-09-21T03:23:59.643+0000] {logging_mixin.py:149} INFO - [2026-09-21T03:23:59.643+0000] {dag.py:2726} INFO - Sync 1 DAGs
[2026-09-21T03:23:59.682+0000] {logging_mixin.py:149} INFO - [2026-09-21T03:23:59.682+0000] {dag.py:3490} INFO - Setting next_dagrun for 7-branching to None, run_after=None
[2026-09-21T03:23:59.710+0000] {processor.py:178} INFO - Processing /opt/airflow/dags/7_branch_pythoon_operator.py took 0.167 seconds
[2026-09-21T03:24:29.790+0000] {processor.py:156} INFO - Started process (PID=2028) to work on /opt/airflow/dags/7_branch_pythoon_operator.py
[2026-09-21T03:24:29.793+0000] {processor.py:799} INFO - Processing file /opt/airflow/dags/7_branch_pythoon_operator.py for tasks to queue
[2026-09-21T03:24:29.794+0000] {logging_mixin.py:149} INFO - [2026-09-21T03:24:29.794+0000] {dagbag.py:541} INFO - Filling up the DagBag from /opt/airflow/dags/7_branch_pythoon_operator.py
[2026-09-21T03:24:29.810+0000] {processor.py:809} INFO - DAG(s) dict_keys(['7-branching']) retrieved from /opt/airflow/dags/7_branch_pythoon_operator.py
[2026-09-21T03:24:29.900+0000] {logging_mixin.py:149} INFO - [2026-09-21T03:24:29.900+0000] {dag.py:2726} INFO - Sync 1 DAGs
[2026-09-21T03:24:29.963+0000] {logging_mixin.py:149} INFO - [2026-09-21T03:24:29.963+0000] {dag.py:3490} INFO - Setting next_dagrun for 7-branching to None, run_after=None
[2026-09-21T03:24:30.003+0000] {processor.py:178} INFO - Processing /opt/airflow/dags/7_branch_pythoon_operator.py took 0.224 seconds
[2026-09-21T03:25:00.104+0000] {processor.py:156} INFO - Started process (PID=2042) to work on /opt/airflow/dags/7_branch_pythoon_operator.py
[2026-09-21T03:25:00.106+0000] {processor.py:799} INFO - Processing file /opt/airflow/dags/7_branch_pythoon_operator.py for tasks to queue
[2026-09-21T03:25:00.107+0000] {logging_mixin.py:149} INFO - [2026-09-21T03:25:00.107+0000] {dagbag.py:541} INFO - Filling up the DagBag from /opt/airflow/dags/7_branch_pythoon_operator.py
[2026-09-21T03:25:00.119+0000] {processor.py:809} INFO - DAG(s) dict_keys(['7-branching']) retrieved from /opt/airflow/dags/7_branch_pythoon_operator.py
[2026-09-21T03:25:00.179+0000] {logging_mixin.py:149} INFO - [2026-09-21T03:25:00.179+0000] {dag.py:2726} INFO - Sync 1 DAGs
[2026-09-21T03:25:00.217+0000] {logging_mixin.py:149} INFO - [2026-09-21T03:25:00.217+0000] {dag.py:3490} INFO - Setting next_dagrun for 7-branching to None, run_after=None
[2026-09-21T03:25:00.250+0000] {processor.py:178} INFO - Processing /opt/airflow/dags/7_branch_pythoon_operator.py took 0.153 seconds
[2026-09-21T03:25:31.089+0000] {processor.py:156} INFO - Started process (PID=2056) to work on /opt/airflow/dags/7_branch_pythoon_operator.py
[2026-09-21T03:25:31.094+0000] {processor.py:799} INFO - Processing file /opt/airflow/dags/7_branch_pythoon_operator.py for tasks to queue
[2026-09-21T03:25:31.095+0000] {logging_mixin.py:149} INFO - [2026-09-21T03:25:31.095+0000] {dagbag.py:541} INFO - Filling up the DagBag from /opt/airflow/dags/7_branch_pythoon_operator.py
[2026-09-21T03:25:31.106+0000] {processor.py:809} INFO - DAG(s) dict_keys(['7-branching']) retrieved from /opt/airflow/dags/7_branch_pythoon_operator.py
[2026-09-21T03:25:31.152+0000] {logging_mixin.py:149} INFO - [2026-09-21T03:25:31.152+0000] {dag.py:2726} INFO - Sync 1 DAGs
[2026-09-21T03:25:31.188+0000] {logging_mixin.py:149} INFO - [2026-09-21T03:25:31.188+0000] {dag.py:3490} INFO - Setting next_dagrun for 7-branching to None, run_after=None
[2026-09-21T03:25:31.245+0000] {processor.py:178} INFO - Processing /opt/airflow/dags/7_branch_pythoon_operator.py took 0.163 seconds
[2026-09-21T03:26:01.755+0000] {processor.py:156} INFO - Started process (PID=2070) to work on /opt/airflow/dags/7_branch_pythoon_operator.py
[2026-09-21T03:26:01.757+0000] {processor.py:799} INFO - Processing file /opt/airflow/dags/7_branch_pythoon_operator.py for tasks to queue
[2026-09-21T03:26:01.758+0000] {logging_mixin.py:149} INFO - [2026-09-21T03:26:01.757+0000] {dagbag.py:541} INFO - Filling up the DagBag from /opt/airflow/dags/7_branch_pythoon_operator.py
[2026-09-21T03:26:01.769+0000] {processor.py:809} INFO - DAG(s) dict_keys(['7-branching']) retrieved from /opt/airflow/dags/7_branch_pythoon_operator.py
[2026-09-21T03:26:01.822+0000] {logging_mixin.py:149} INFO - [2026-09-21T03:26:01.822+0000] {dag.py:2726} INFO - Sync 1 DAGs
[2026-09-21T03:26:01.862+0000] {logging_mixin.py:149} INFO - [2026-09-21T03:26:01.862+0000] {dag.py:3490} INFO - Setting next_dagrun for 7-branching to None, run_after=None
[2026-09-21T03:26:01.910+0000] {processor.py:178} INFO - Processing /opt/airflow/dags/7_branch_pythoon_operator.py took 0.162 seconds
[2026-09-21T03:26:32.524+0000] {processor.py:156} INFO - Started process (PID=2084) to work on /opt/airflow/dags/7_branch_pythoon_operator.py
[2026-09-21T03:26:32.527+0000] {processor.py:799} INFO - Processing file /opt/airflow/dags/7_branch_pythoon_operator.py for tasks to queue
[2026-09-21T03:26:32.528+0000] {logging_mixin.py:149} INFO - [2026-09-21T03:26:32.528+0000] {dagbag.py:541} INFO - Filling up the DagBag from /opt/airflow/dags/7_branch_pythoon_operator.py
[2026-09-21T03:26:32.543+0000] {processor.py:809} INFO - DAG(s) dict_keys(['7-branching']) retrieved from /opt/airflow/dags/7_branch_pythoon_operator.py
[2026-09-21T03:26:32.609+0000] {logging_mixin.py:149} INFO - [2026-09-21T03:26:32.609+0000] {dag.py:2726} INFO - Sync 1 DAGs
[2026-09-21T03:26:32.647+0000] {logging_mixin.py:149} INFO - [2026-09-21T03:26:32.647+0000] {dag.py:3490} INFO - Setting next_dagrun for 7-branching to None, run_after=None
[2026-09-21T03:26:32.704+0000] {processor.py:178} INFO - Processing /opt/airflow/dags/7_branch_pythoon_operator.py took 0.193 seconds
[2026-09-21T03:27:03.641+0000] {processor.py:156} INFO - Started process (PID=2099) to work on /opt/airflow/dags/7_branch_pythoon_operator.py
[2026-09-21T03:27:03.643+0000] {processor.py:799} INFO - Processing file /opt/airflow/dags/7_branch_pythoon_operator.py for tasks to queue
[2026-09-21T03:27:03.644+0000] {logging_mixin.py:149} INFO - [2026-09-21T03:27:03.644+0000] {dagbag.py:541} INFO - Filling up the DagBag from /opt/airflow/dags/7_branch_pythoon_operator.py
[2026-09-21T03:27:03.656+0000] {processor.py:809} INFO - DAG(s) dict_keys(['7-branching']) retrieved from /opt/airflow/dags/7_branch_pythoon_operator.py
[2026-09-21T03:27:03.717+0000] {logging_mixin.py:149} INFO - [2026-09-21T03:27:03.717+0000] {dag.py:2726} INFO - Sync 1 DAGs
[2026-09-21T03:27:03.757+0000] {logging_mixin.py:149} INFO - [2026-09-21T03:27:03.757+0000] {dag.py:3490} INFO - Setting next_dagrun for 7-branching to None, run_after=None
[2026-09-21T03:27:03.787+0000] {processor.py:178} INFO - Processing /opt/airflow/dags/7_branch_pythoon_operator.py took 0.152 seconds
[2026-09-21T03:27:34.729+0000] {processor.py:156} INFO - Started process (PID=2110) to work on /opt/airflow/dags/7_branch_pythoon_operator.py
[2026-09-21T03:27:34.732+0000] {processor.py:799} INFO - Processing file /opt/airflow/dags/7_branch_pythoon_operator.py for tasks to queue
[2026-09-21T03:27:34.733+0000] {logging_mixin.py:149} INFO - [2026-09-21T03:27:34.733+0000] {dagbag.py:541} INFO - Filling up the DagBag from /opt/airflow/dags/7_branch_pythoon_operator.py
[2026-09-21T03:27:34.743+0000] {processor.py:809} INFO - DAG(s) dict_keys(['7-branching']) retrieved from /opt/airflow/dags/7_branch_pythoon_operator.py
[2026-09-21T03:27:34.799+0000] {logging_mixin.py:149} INFO - [2026-09-21T03:27:34.798+0000] {dag.py:2726} INFO - Sync 1 DAGs
[2026-09-21T03:27:34.835+0000] {logging_mixin.py:149} INFO - [2026-09-21T03:27:34.835+0000] {dag.py:3490} INFO - Setting next_dagrun for 7-branching to None, run_after=None
[2026-09-21T03:27:34.865+0000] {processor.py:178} INFO - Processing /opt/airflow/dags/7_branch_pythoon_operator.py took 0.142 seconds
[2026-09-21T03:28:05.003+0000] {processor.py:156} INFO - Started process (PID=2121) to work on /opt/airflow/dags/7_branch_pythoon_operator.py
[2026-09-21T03:28:05.005+0000] {processor.py:799} INFO - Processing file /opt/airflow/dags/7_branch_pythoon_operator.py for tasks to queue
[2026-09-21T03:28:05.006+0000] {logging_mixin.py:149} INFO - [2026-09-21T03:28:05.006+0000] {dagbag.py:541} INFO - Filling up the DagBag from /opt/airflow/dags/7_branch_pythoon_operator.py
[2026-09-21T03:28:05.018+0000] {processor.py:809} INFO - DAG(s) dict_keys(['7-branching']) retrieved from /opt/airflow/dags/7_branch_pythoon_operator.py
[2026-09-21T03:28:05.070+0000] {logging_mixin.py:149} INFO - [2026-09-21T03:28:05.070+0000] {dag.py:2726} INFO - Sync 1 DAGs
[2026-09-21T03:28:05.114+0000] {logging_mixin.py:149} INFO - [2026-09-21T03:28:05.114+0000] {dag.py:3490} INFO - Setting next_dagrun for 7-branching to None, run_after=None
[2026-09-21T03:28:05.179+0000] {processor.py:178} INFO - Processing /opt/airflow/dags/7_branch_pythoon_operator.py took 0.182 seconds
[2026-09-21T03:28:35.907+0000] {processor.py:156} INFO - Started process (PID=2132) to work on /opt/airflow/dags/7_branch_pythoon_operator.py
[2026-09-21T03:28:35.911+0000] {processor.py:799} INFO - Processing file /opt/airflow/dags/7_branch_pythoon_operator.py for tasks to queue
[2026-09-21T03:28:35.912+0000] {logging_mixin.py:149} INFO - [2026-09-21T03:28:35.912+0000] {dagbag.py:541} INFO - Filling up the DagBag from /opt/airflow/dags/7_branch_pythoon_operator.py
[2026-09-21T03:28:35.924+0000] {processor.py:809} INFO - DAG(s) dict_keys(['7-branching']) retrieved from /opt/airflow/dags/7_branch_pythoon_operator.py
[2026-09-21T03:28:35.975+0000] {logging_mixin.py:149} INFO - [2026-09-21T03:28:35.974+0000] {dag.py:2726} INFO - Sync 1 DAGs
[2026-09-21T03:28:36.016+0000] {logging_mixin.py:149} INFO - [2026-09-21T03:28:36.015+0000] {dag.py:3490} INFO - Setting next_dagrun for 7-branching to None, run_after=None
[2026-09-21T03:28:36.050+0000] {processor.py:178} INFO - Processing /opt/airflow/dags/7_branch_pythoon_operator.py took 0.149 seconds
[2026-09-21T03:29:06.996+0000] {processor.py:156} INFO - Started process (PID=2143) to work on /opt/airflow/dags/7_branch_pythoon_operator.py
[2026-09-21T03:29:06.997+0000] {processor.py:799} INFO - Processing file /opt/airflow/dags/7_branch_pythoon_operator.py for tasks to queue
[2026-09-21T03:29:06.998+0000] {logging_mixin.py:149} INFO - [2026-09-21T03:29:06.998+0000] {dagbag.py:541} INFO - Filling up the DagBag from /opt/airflow/dags/7_branch_pythoon_operator.py
[2026-09-21T03:29:07.009+0000] {processor.py:809} INFO - DAG(s) dict_keys(['7-branching']) retrieved from /opt/airflow/dags/7_branch_pythoon_operator.py
[2026-09-21T03:29:07.065+0000] {logging_mixin.py:149} INFO - [2026-09-21T03:29:07.064+0000] {dag.py:2726} INFO - Sync 1 DAGs
[2026-09-21T03:29:07.101+0000] {logging_mixin.py:149} INFO - [2026-09-21T03:29:07.100+0000] {dag.py:3490} INFO - Setting next_dagrun for 7-branching to None, run_after=None
[2026-09-21T03:29:07.130+0000] {processor.py:178} INFO - Processing /opt/airflow/dags/7_branch_pythoon_operator.py took 0.142 seconds
[2026-09-21T03:29:38.161+0000] {processor.py:156} INFO - Started process (PID=2154) to work on /opt/airflow/dags/7_branch_pythoon_operator.py
[2026-09-21T03:29:38.165+0000] {processor.py:799} INFO - Processing file /opt/airflow/dags/7_branch_pythoon_operator.py for tasks to queue
[2026-09-21T03:29:38.166+0000] {logging_mixin.py:149} INFO - [2026-09-21T03:29:38.166+0000] {dagbag.py:541} INFO - Filling up the DagBag from /opt/airflow/dags/7_branch_pythoon_operator.py
[2026-09-21T03:29:38.199+0000] {processor.py:809} INFO - DAG(s) dict_keys(['7-branching']) retrieved from /opt/airflow/dags/7_branch_pythoon_operator.py
[2026-09-21T03:29:38.290+0000] {logging_mixin.py:149} INFO - [2026-09-21T03:29:38.290+0000] {dag.py:2726} INFO - Sync 1 DAGs
[2026-09-21T03:29:38.360+0000] {logging_mixin.py:149} INFO - [2026-09-21T03:29:38.360+0000] {dag.py:3490} INFO - Setting next_dagrun for 7-branching to None, run_after=None
[2026-09-21T03:29:38.431+0000] {processor.py:178} INFO - Processing /opt/airflow/dags/7_branch_pythoon_operator.py took 0.286 seconds
[2026-09-21T03:30:08.511+0000] {processor.py:156} INFO - Started process (PID=2165) to work on /opt/airflow/dags/7_branch_pythoon_operator.py
[2026-09-21T03:30:08.513+0000] {processor.py:799} INFO - Processing file /opt/airflow/dags/7_branch_pythoon_operator.py for tasks to queue
[2026-09-21T03:30:08.514+0000] {logging_mixin.py:149} INFO - [2026-09-21T03:30:08.514+0000] {dagbag.py:541} INFO - Filling up the DagBag from /opt/airflow/dags/7_branch_pythoon_operator.py
[2026-09-21T03:30:08.537+0000] {processor.py:809} INFO - DAG(s) dict_keys(['7-branching']) retrieved from /opt/airflow/dags/7_branch_pythoon_operator.py
[2026-09-21T03:30:08.588+0000] {logging_mixin.py:149} INFO - [2026-09-21T03:30:08.588+0000] {dag.py:2726} INFO - Sync 1 DAGs
[2026-09-21T03:30:08.623+0000] {logging_mixin.py:149} INFO - [2026-09-21T03:30:08.623+0000] {dag.py:3490} INFO - Setting next_dagrun for 7-branching to None, run_after=None
[2026-09-21T03:30:08.656+0000] {processor.py:178} INFO - Processing /opt/airflow/dags/7_branch_pythoon_operator.py took 0.156 seconds
[2026-09-21T03:30:39.296+0000] {processor.py:156} INFO - Started process (PID=2176) to work on /opt/airflow/dags/7_branch_pythoon_operator.py
[2026-09-21T03:30:39.298+0000] {processor.py:799} INFO - Processing file /opt/airflow/dags/7_branch_pythoon_operator.py for tasks to queue
[2026-09-21T03:30:39.299+0000] {logging_mixin.py:149} INFO - [2026-09-21T03:30:39.298+0000] {dagbag.py:541} INFO - Filling up the DagBag from /opt/airflow/dags/7_branch_pythoon_operator.py
[2026-09-21T03:30:39.313+0000] {processor.py:809} INFO - DAG(s) dict_keys(['7-branching']) retrieved from /opt/airflow/dags/7_branch_pythoon_operator.py
[2026-09-21T03:30:39.361+0000] {logging_mixin.py:149} INFO - [2026-09-21T03:30:39.361+0000] {dag.py:2726} INFO - Sync 1 DAGs
[2026-09-21T03:30:39.392+0000] {logging_mixin.py:149} INFO - [2026-09-21T03:30:39.392+0000] {dag.py:3490} INFO - Setting next_dagrun for 7-branching to None, run_after=None
[2026-09-21T03:30:39.422+0000] {processor.py:178} INFO - Processing /opt/airflow/dags/7_branch_pythoon_operator.py took 0.133 seconds
[2026-09-21T03:31:10.419+0000] {processor.py:156} INFO - Started process (PID=2187) to work on /opt/airflow/dags/7_branch_pythoon_operator.py
[2026-09-21T03:31:10.422+0000] {processor.py:799} INFO - Processing file /opt/airflow/dags/7_branch_pythoon_operator.py for tasks to queue
[2026-09-21T03:31:10.423+0000] {logging_mixin.py:149} INFO - [2026-09-21T03:31:10.423+0000] {dagbag.py:541} INFO - Filling up the DagBag from /opt/airflow/dags/7_branch_pythoon_operator.py
[2026-09-21T03:31:10.436+0000] {processor.py:809} INFO - DAG(s) dict_keys(['7-branching']) retrieved from /opt/airflow/dags/7_branch_pythoon_operator.py
[2026-09-21T03:31:10.517+0000] {logging_mixin.py:149} INFO - [2026-09-21T03:31:10.517+0000] {dag.py:2726} INFO - Sync 1 DAGs
[2026-09-21T03:31:10.558+0000] {logging_mixin.py:149} INFO - [2026-09-21T03:31:10.558+0000] {dag.py:3490} INFO - Setting next_dagrun for 7-branching to None, run_after=None
[2026-09-21T03:31:10.597+0000] {processor.py:178} INFO - Processing /opt/airflow/dags/7_branch_pythoon_operator.py took 0.190 seconds
[2026-09-21T03:31:41.581+0000] {processor.py:156} INFO - Started process (PID=2198) to work on /opt/airflow/dags/7_branch_pythoon_operator.py
[2026-09-21T03:31:41.583+0000] {processor.py:799} INFO - Processing file /opt/airflow/dags/7_branch_pythoon_operator.py for tasks to queue
[2026-09-21T03:31:41.584+0000] {logging_mixin.py:149} INFO - [2026-09-21T03:31:41.584+0000] {dagbag.py:541} INFO - Filling up the DagBag from /opt/airflow/dags/7_branch_pythoon_operator.py
[2026-09-21T03:31:41.597+0000] {processor.py:809} INFO - DAG(s) dict_keys(['7-branching']) retrieved from /opt/airflow/dags/7_branch_pythoon_operator.py
[2026-09-21T03:31:41.663+0000] {logging_mixin.py:149} INFO - [2026-09-21T03:31:41.663+0000] {dag.py:2726} INFO - Sync 1 DAGs
[2026-09-21T03:31:41.700+0000] {logging_mixin.py:149} INFO - [2026-09-21T03:31:41.699+0000] {dag.py:3490} INFO - Setting next_dagrun for 7-branching to None, run_after=None
[2026-09-21T03:31:41.729+0000] {processor.py:178} INFO - Processing /opt/airflow/dags/7_branch_pythoon_operator.py took 0.154 seconds
[2026-09-21T03:32:12.701+0000] {processor.py:156} INFO - Started process (PID=2209) to work on /opt/airflow/dags/7_branch_pythoon_operator.py
[2026-09-21T03:32:12.703+0000] {processor.py:799} INFO - Processing file /opt/airflow/dags/7_branch_pythoon_operator.py for tasks to queue
[2026-09-21T03:32:12.704+0000] {logging_mixin.py:149} INFO - [2026-09-21T03:32:12.704+0000] {dagbag.py:541} INFO - Filling up the DagBag from /opt/airflow/dags/7_branch_pythoon_operator.py
[2026-09-21T03:32:12.720+0000] {processor.py:809} INFO - DAG(s) dict_keys(['7-branching']) retrieved from /opt/airflow/dags/7_branch_pythoon_operator.py
[2026-09-21T03:32:12.801+0000] {logging_mixin.py:149} INFO - [2026-09-21T03:32:12.800+0000] {dag.py:2726} INFO - Sync 1 DAGs
[2026-09-21T03:32:12.875+0000] {logging_mixin.py:149} INFO - [2026-09-21T03:32:12.875+0000] {dag.py:3490} INFO - Setting next_dagrun for 7-branching to None, run_after=None
[2026-09-21T03:32:12.941+0000] {processor.py:178} INFO - Processing /opt/airflow/dags/7_branch_pythoon_operator.py took 0.246 seconds
[2026-09-21T03:32:43.813+0000] {processor.py:156} INFO - Started process (PID=2227) to work on /opt/airflow/dags/7_branch_pythoon_operator.py
[2026-09-21T03:32:43.815+0000] {processor.py:799} INFO - Processing file /opt/airflow/dags/7_branch_pythoon_operator.py for tasks to queue
[2026-09-21T03:32:43.816+0000] {logging_mixin.py:149} INFO - [2026-09-21T03:32:43.816+0000] {dagbag.py:541} INFO - Filling up the DagBag from /opt/airflow/dags/7_branch_pythoon_operator.py
[2026-09-21T03:32:43.831+0000] {processor.py:809} INFO - DAG(s) dict_keys(['7-branching']) retrieved from /opt/airflow/dags/7_branch_pythoon_operator.py
[2026-09-21T03:32:43.896+0000] {logging_mixin.py:149} INFO - [2026-09-21T03:32:43.896+0000] {dag.py:2726} INFO - Sync 1 DAGs
[2026-09-21T03:32:43.950+0000] {logging_mixin.py:149} INFO - [2026-09-21T03:32:43.950+0000] {dag.py:3490} INFO - Setting next_dagrun for 7-branching to None, run_after=None
[2026-09-21T03:32:43.977+0000] {processor.py:178} INFO - Processing /opt/airflow/dags/7_branch_pythoon_operator.py took 0.170 seconds
[2026-09-21T03:33:14.872+0000] {processor.py:156} INFO - Started process (PID=2238) to work on /opt/airflow/dags/7_branch_pythoon_operator.py
[2026-09-21T03:33:14.873+0000] {processor.py:799} INFO - Processing file /opt/airflow/dags/7_branch_pythoon_operator.py for tasks to queue
[2026-09-21T03:33:14.875+0000] {logging_mixin.py:149} INFO - [2026-09-21T03:33:14.875+0000] {dagbag.py:541} INFO - Filling up the DagBag from /opt/airflow/dags/7_branch_pythoon_operator.py
[2026-09-21T03:33:14.890+0000] {processor.py:809} INFO - DAG(s) dict_keys(['7-branching']) retrieved from /opt/airflow/dags/7_branch_pythoon_operator.py
[2026-09-21T03:33:14.964+0000] {logging_mixin.py:149} INFO - [2026-09-21T03:33:14.964+0000] {dag.py:2726} INFO - Sync 1 DAGs
[2026-09-21T03:33:15.018+0000] {logging_mixin.py:149} INFO - [2026-09-21T03:33:15.017+0000] {dag.py:3490} INFO - Setting next_dagrun for 7-branching to None, run_after=None
[2026-09-21T03:33:15.066+0000] {processor.py:178} INFO - Processing /opt/airflow/dags/7_branch_pythoon_operator.py took 0.206 seconds
[2026-09-21T03:33:45.981+0000] {processor.py:156} INFO - Started process (PID=2249) to work on /opt/airflow/dags/7_branch_pythoon_operator.py
[2026-09-21T03:33:45.983+0000] {processor.py:799} INFO - Processing file /opt/airflow/dags/7_branch_pythoon_operator.py for tasks to queue
[2026-09-21T03:33:45.984+0000] {logging_mixin.py:149} INFO - [2026-09-21T03:33:45.984+0000] {dagbag.py:541} INFO - Filling up the DagBag from /opt/airflow/dags/7_branch_pythoon_operator.py
[2026-09-21T03:33:45.998+0000] {processor.py:809} INFO - DAG(s) dict_keys(['7-branching']) retrieved from /opt/airflow/dags/7_branch_pythoon_operator.py
[2026-09-21T03:33:46.068+0000] {logging_mixin.py:149} INFO - [2026-09-21T03:33:46.068+0000] {dag.py:2726} INFO - Sync 1 DAGs
[2026-09-21T03:33:46.105+0000] {logging_mixin.py:149} INFO - [2026-09-21T03:33:46.105+0000] {dag.py:3490} INFO - Setting next_dagrun for 7-branching to None, run_after=None
[2026-09-21T03:33:46.139+0000] {processor.py:178} INFO - Processing /opt/airflow/dags/7_branch_pythoon_operator.py took 0.165 seconds
[2026-09-21T03:34:17.028+0000] {processor.py:156} INFO - Started process (PID=2260) to work on /opt/airflow/dags/7_branch_pythoon_operator.py
[2026-09-21T03:34:17.029+0000] {processor.py:799} INFO - Processing file /opt/airflow/dags/7_branch_pythoon_operator.py for tasks to queue
[2026-09-21T03:34:17.029+0000] {logging_mixin.py:149} INFO - [2026-09-21T03:34:17.029+0000] {dagbag.py:541} INFO - Filling up the DagBag from /opt/airflow/dags/7_branch_pythoon_operator.py
[2026-09-21T03:34:17.039+0000] {processor.py:809} INFO - DAG(s) dict_keys(['7-branching']) retrieved from /opt/airflow/dags/7_branch_pythoon_operator.py
[2026-09-21T03:34:17.080+0000] {logging_mixin.py:149} INFO - [2026-09-21T03:34:17.079+0000] {dag.py:2726} INFO - Sync 1 DAGs
[2026-09-21T03:34:17.109+0000] {logging_mixin.py:149} INFO - [2026-09-21T03:34:17.109+0000] {dag.py:3490} INFO - Setting next_dagrun for 7-branching to None, run_after=None
[2026-09-21T03:34:17.129+0000] {processor.py:178} INFO - Processing /opt/airflow/dags/7_branch_pythoon_operator.py took 0.106 seconds
[2026-09-21T03:34:48.059+0000] {processor.py:156} INFO - Started process (PID=2271) to work on /opt/airflow/dags/7_branch_pythoon_operator.py
[2026-09-21T03:34:48.062+0000] {processor.py:799} INFO - Processing file /opt/airflow/dags/7_branch_pythoon_operator.py for tasks to queue
[2026-09-21T03:34:48.064+0000] {logging_mixin.py:149} INFO - [2026-09-21T03:34:48.063+0000] {dagbag.py:541} INFO - Filling up the DagBag from /opt/airflow/dags/7_branch_pythoon_operator.py
[2026-09-21T03:34:48.077+0000] {processor.py:809} INFO - DAG(s) dict_keys(['7-branching']) retrieved from /opt/airflow/dags/7_branch_pythoon_operator.py
[2026-09-21T03:34:48.133+0000] {logging_mixin.py:149} INFO - [2026-09-21T03:34:48.133+0000] {dag.py:2726} INFO - Sync 1 DAGs
[2026-09-21T03:34:48.171+0000] {logging_mixin.py:149} INFO - [2026-09-21T03:34:48.171+0000] {dag.py:3490} INFO - Setting next_dagrun for 7-branching to None, run_after=None
[2026-09-21T03:34:48.201+0000] {processor.py:178} INFO - Processing /opt/airflow/dags/7_branch_pythoon_operator.py took 0.148 seconds
[2026-09-21T03:35:19.147+0000] {processor.py:156} INFO - Started process (PID=2282) to work on /opt/airflow/dags/7_branch_pythoon_operator.py
[2026-09-21T03:35:19.149+0000] {processor.py:799} INFO - Processing file /opt/airflow/dags/7_branch_pythoon_operator.py for tasks to queue
[2026-09-21T03:35:19.150+0000] {logging_mixin.py:149} INFO - [2026-09-21T03:35:19.150+0000] {dagbag.py:541} INFO - Filling up the DagBag from /opt/airflow/dags/7_branch_pythoon_operator.py
[2026-09-21T03:35:19.162+0000] {processor.py:809} INFO - DAG(s) dict_keys(['7-branching']) retrieved from /opt/airflow/dags/7_branch_pythoon_operator.py
[2026-09-21T03:35:19.211+0000] {logging_mixin.py:149} INFO - [2026-09-21T03:35:19.211+0000] {dag.py:2726} INFO - Sync 1 DAGs
[2026-09-21T03:35:19.252+0000] {logging_mixin.py:149} INFO - [2026-09-21T03:35:19.251+0000] {dag.py:3490} INFO - Setting next_dagrun for 7-branching to None, run_after=None
[2026-09-21T03:35:19.284+0000] {processor.py:178} INFO - Processing /opt/airflow/dags/7_branch_pythoon_operator.py took 0.143 seconds
[2026-09-21T03:35:50.357+0000] {processor.py:156} INFO - Started process (PID=2293) to work on /opt/airflow/dags/7_branch_pythoon_operator.py
[2026-09-21T03:35:50.361+0000] {processor.py:799} INFO - Processing file /opt/airflow/dags/7_branch_pythoon_operator.py for tasks to queue
[2026-09-21T03:35:50.362+0000] {logging_mixin.py:149} INFO - [2026-09-21T03:35:50.362+0000] {dagbag.py:541} INFO - Filling up the DagBag from /opt/airflow/dags/7_branch_pythoon_operator.py
[2026-09-21T03:35:50.384+0000] {processor.py:809} INFO - DAG(s) dict_keys(['7-branching']) retrieved from /opt/airflow/dags/7_branch_pythoon_operator.py
[2026-09-21T03:35:50.490+0000] {logging_mixin.py:149} INFO - [2026-09-21T03:35:50.489+0000] {dag.py:2726} INFO - Sync 1 DAGs
[2026-09-21T03:35:50.559+0000] {logging_mixin.py:149} INFO - [2026-09-21T03:35:50.558+0000] {dag.py:3490} INFO - Setting next_dagrun for 7-branching to None, run_after=None
[2026-09-21T03:35:50.627+0000] {processor.py:178} INFO - Processing /opt/airflow/dags/7_branch_pythoon_operator.py took 0.281 seconds
[2026-09-21T03:36:20.724+0000] {processor.py:156} INFO - Started process (PID=2308) to work on /opt/airflow/dags/7_branch_pythoon_operator.py
[2026-09-21T03:36:20.725+0000] {processor.py:799} INFO - Processing file /opt/airflow/dags/7_branch_pythoon_operator.py for tasks to queue
[2026-09-21T03:36:20.726+0000] {logging_mixin.py:149} INFO - [2026-09-21T03:36:20.726+0000] {dagbag.py:541} INFO - Filling up the DagBag from /opt/airflow/dags/7_branch_pythoon_operator.py
[2026-09-21T03:36:20.737+0000] {processor.py:809} INFO - DAG(s) dict_keys(['7-branching']) retrieved from /opt/airflow/dags/7_branch_pythoon_operator.py
[2026-09-21T03:36:20.786+0000] {logging_mixin.py:149} INFO - [2026-09-21T03:36:20.786+0000] {dag.py:2726} INFO - Sync 1 DAGs
[2026-09-21T03:36:20.821+0000] {logging_mixin.py:149} INFO - [2026-09-21T03:36:20.821+0000] {dag.py:3490} INFO - Setting next_dagrun for 7-branching to None, run_after=None
[2026-09-21T03:36:20.851+0000] {processor.py:178} INFO - Processing /opt/airflow/dags/7_branch_pythoon_operator.py took 0.134 seconds
[2026-09-21T03:36:51.367+0000] {processor.py:156} INFO - Started process (PID=2329) to work on /opt/airflow/dags/7_branch_pythoon_operator.py
[2026-09-21T03:36:51.370+0000] {processor.py:799} INFO - Processing file /opt/airflow/dags/7_branch_pythoon_operator.py for tasks to queue
[2026-09-21T03:36:51.371+0000] {logging_mixin.py:149} INFO - [2026-09-21T03:36:51.371+0000] {dagbag.py:541} INFO - Filling up the DagBag from /opt/airflow/dags/7_branch_pythoon_operator.py
[2026-09-21T03:36:51.387+0000] {processor.py:809} INFO - DAG(s) dict_keys(['7-branching']) retrieved from /opt/airflow/dags/7_branch_pythoon_operator.py
[2026-09-21T03:36:51.455+0000] {logging_mixin.py:149} INFO - [2026-09-21T03:36:51.455+0000] {dag.py:2726} INFO - Sync 1 DAGs
[2026-09-21T03:36:51.497+0000] {logging_mixin.py:149} INFO - [2026-09-21T03:36:51.497+0000] {dag.py:3490} INFO - Setting next_dagrun for 7-branching to None, run_after=None
[2026-09-21T03:36:51.528+0000] {processor.py:178} INFO - Processing /opt/airflow/dags/7_branch_pythoon_operator.py took 0.167 seconds
[2026-09-21T03:37:22.232+0000] {processor.py:156} INFO - Started process (PID=2343) to work on /opt/airflow/dags/7_branch_pythoon_operator.py
[2026-09-21T03:37:22.234+0000] {processor.py:799} INFO - Processing file /opt/airflow/dags/7_branch_pythoon_operator.py for tasks to queue
[2026-09-21T03:37:22.236+0000] {logging_mixin.py:149} INFO - [2026-09-21T03:37:22.236+0000] {dagbag.py:541} INFO - Filling up the DagBag from /opt/airflow/dags/7_branch_pythoon_operator.py
[2026-09-21T03:37:22.256+0000] {processor.py:809} INFO - DAG(s) dict_keys(['7-branching']) retrieved from /opt/airflow/dags/7_branch_pythoon_operator.py
[2026-09-21T03:37:22.346+0000] {logging_mixin.py:149} INFO - [2026-09-21T03:37:22.345+0000] {dag.py:2726} INFO - Sync 1 DAGs
[2026-09-21T03:37:22.413+0000] {logging_mixin.py:149} INFO - [2026-09-21T03:37:22.413+0000] {dag.py:3490} INFO - Setting next_dagrun for 7-branching to None, run_after=None
[2026-09-21T03:37:22.459+0000] {processor.py:178} INFO - Processing /opt/airflow/dags/7_branch_pythoon_operator.py took 0.237 seconds
[2026-09-21T03:37:53.097+0000] {processor.py:156} INFO - Started process (PID=2357) to work on /opt/airflow/dags/7_branch_pythoon_operator.py
[2026-09-21T03:37:53.101+0000] {processor.py:799} INFO - Processing file /opt/airflow/dags/7_branch_pythoon_operator.py for tasks to queue
[2026-09-21T03:37:53.104+0000] {logging_mixin.py:149} INFO - [2026-09-21T03:37:53.103+0000] {dagbag.py:541} INFO - Filling up the DagBag from /opt/airflow/dags/7_branch_pythoon_operator.py
[2026-09-21T03:37:53.116+0000] {processor.py:809} INFO - DAG(s) dict_keys(['7-branching']) retrieved from /opt/airflow/dags/7_branch_pythoon_operator.py
[2026-09-21T03:37:53.175+0000] {logging_mixin.py:149} INFO - [2026-09-21T03:37:53.175+0000] {dag.py:2726} INFO - Sync 1 DAGs
[2026-09-21T03:37:53.214+0000] {logging_mixin.py:149} INFO - [2026-09-21T03:37:53.214+0000] {dag.py:3490} INFO - Setting next_dagrun for 7-branching to None, run_after=None
[2026-09-21T03:37:53.243+0000] {processor.py:178} INFO - Processing /opt/airflow/dags/7_branch_pythoon_operator.py took 0.152 seconds
[2026-09-21T03:38:24.016+0000] {processor.py:156} INFO - Started process (PID=2371) to work on /opt/airflow/dags/7_branch_pythoon_operator.py
[2026-09-21T03:38:24.017+0000] {processor.py:799} INFO - Processing file /opt/airflow/dags/7_branch_pythoon_operator.py for tasks to queue
[2026-09-21T03:38:24.018+0000] {logging_mixin.py:149} INFO - [2026-09-21T03:38:24.018+0000] {dagbag.py:541} INFO - Filling up the DagBag from /opt/airflow/dags/7_branch_pythoon_operator.py
[2026-09-21T03:38:24.029+0000] {processor.py:809} INFO - DAG(s) dict_keys(['7-branching']) retrieved from /opt/airflow/dags/7_branch_pythoon_operator.py
[2026-09-21T03:38:24.100+0000] {logging_mixin.py:149} INFO - [2026-09-21T03:38:24.100+0000] {dag.py:2726} INFO - Sync 1 DAGs
[2026-09-21T03:38:24.165+0000] {logging_mixin.py:149} INFO - [2026-09-21T03:38:24.165+0000] {dag.py:3490} INFO - Setting next_dagrun for 7-branching to None, run_after=None
[2026-09-21T03:38:24.235+0000] {processor.py:178} INFO - Processing /opt/airflow/dags/7_branch_pythoon_operator.py took 0.224 seconds
[2026-09-21T03:38:40.278+0000] {processor.py:156} INFO - Started process (PID=2385) to work on /opt/airflow/dags/7_branch_pythoon_operator.py
[2026-09-21T03:38:40.283+0000] {processor.py:799} INFO - Processing file /opt/airflow/dags/7_branch_pythoon_operator.py for tasks to queue
[2026-09-21T03:38:40.284+0000] {logging_mixin.py:149} INFO - [2026-09-21T03:38:40.284+0000] {dagbag.py:541} INFO - Filling up the DagBag from /opt/airflow/dags/7_branch_pythoon_operator.py
[2026-09-21T03:38:40.303+0000] {processor.py:809} INFO - DAG(s) dict_keys(['7-branching']) retrieved from /opt/airflow/dags/7_branch_pythoon_operator.py
[2026-09-21T03:38:40.387+0000] {logging_mixin.py:149} INFO - [2026-09-21T03:38:40.387+0000] {dag.py:2726} INFO - Sync 1 DAGs
[2026-09-21T03:38:40.451+0000] {logging_mixin.py:149} INFO - [2026-09-21T03:38:40.451+0000] {dag.py:3490} INFO - Setting next_dagrun for 7-branching to None, run_after=None
[2026-09-21T03:38:40.512+0000] {processor.py:178} INFO - Processing /opt/airflow/dags/7_branch_pythoon_operator.py took 0.243 seconds
[2026-09-21T03:39:10.995+0000] {processor.py:156} INFO - Started process (PID=2395) to work on /opt/airflow/dags/7_branch_pythoon_operator.py
[2026-09-21T03:39:10.999+0000] {processor.py:799} INFO - Processing file /opt/airflow/dags/7_branch_pythoon_operator.py for tasks to queue
[2026-09-21T03:39:11.000+0000] {logging_mixin.py:149} INFO - [2026-09-21T03:39:10.999+0000] {dagbag.py:541} INFO - Filling up the DagBag from /opt/airflow/dags/7_branch_pythoon_operator.py
[2026-09-21T03:39:11.011+0000] {processor.py:809} INFO - DAG(s) dict_keys(['7-branching']) retrieved from /opt/airflow/dags/7_branch_pythoon_operator.py
[2026-09-21T03:39:11.074+0000] {logging_mixin.py:149} INFO - [2026-09-21T03:39:11.074+0000] {dag.py:2726} INFO - Sync 1 DAGs
[2026-09-21T03:39:11.111+0000] {logging_mixin.py:149} INFO - [2026-09-21T03:39:11.110+0000] {dag.py:3490} INFO - Setting next_dagrun for 7-branching to None, run_after=None
[2026-09-21T03:39:11.143+0000] {processor.py:178} INFO - Processing /opt/airflow/dags/7_branch_pythoon_operator.py took 0.155 seconds
[2026-09-21T03:39:41.242+0000] {processor.py:156} INFO - Started process (PID=2408) to work on /opt/airflow/dags/7_branch_pythoon_operator.py
[2026-09-21T03:39:41.244+0000] {processor.py:799} INFO - Processing file /opt/airflow/dags/7_branch_pythoon_operator.py for tasks to queue
[2026-09-21T03:39:41.245+0000] {logging_mixin.py:149} INFO - [2026-09-21T03:39:41.245+0000] {dagbag.py:541} INFO - Filling up the DagBag from /opt/airflow/dags/7_branch_pythoon_operator.py
[2026-09-21T03:39:41.254+0000] {processor.py:809} INFO - DAG(s) dict_keys(['7-branching']) retrieved from /opt/airflow/dags/7_branch_pythoon_operator.py
[2026-09-21T03:39:41.297+0000] {logging_mixin.py:149} INFO - [2026-09-21T03:39:41.296+0000] {dag.py:2726} INFO - Sync 1 DAGs
[2026-09-21T03:39:41.331+0000] {logging_mixin.py:149} INFO - [2026-09-21T03:39:41.331+0000] {dag.py:3490} INFO - Setting next_dagrun for 7-branching to None, run_after=None
[2026-09-21T03:39:41.355+0000] {processor.py:178} INFO - Processing /opt/airflow/dags/7_branch_pythoon_operator.py took 0.118 seconds
[2026-09-21T03:40:12.167+0000] {processor.py:156} INFO - Started process (PID=2423) to work on /opt/airflow/dags/7_branch_pythoon_operator.py
[2026-09-21T03:40:12.171+0000] {processor.py:799} INFO - Processing file /opt/airflow/dags/7_branch_pythoon_operator.py for tasks to queue
[2026-09-21T03:40:12.172+0000] {logging_mixin.py:149} INFO - [2026-09-21T03:40:12.172+0000] {dagbag.py:541} INFO - Filling up the DagBag from /opt/airflow/dags/7_branch_pythoon_operator.py
[2026-09-21T03:40:12.187+0000] {processor.py:809} INFO - DAG(s) dict_keys(['7-branching']) retrieved from /opt/airflow/dags/7_branch_pythoon_operator.py
[2026-09-21T03:40:12.247+0000] {logging_mixin.py:149} INFO - [2026-09-21T03:40:12.247+0000] {dag.py:2726} INFO - Sync 1 DAGs
[2026-09-21T03:40:12.290+0000] {logging_mixin.py:149} INFO - [2026-09-21T03:40:12.290+0000] {dag.py:3490} INFO - Setting next_dagrun for 7-branching to None, run_after=None
[2026-09-21T03:40:12.331+0000] {processor.py:178} INFO - Processing /opt/airflow/dags/7_branch_pythoon_operator.py took 0.173 seconds
[2026-09-21T03:40:43.230+0000] {processor.py:156} INFO - Started process (PID=2437) to work on /opt/airflow/dags/7_branch_pythoon_operator.py
[2026-09-21T03:40:43.232+0000] {processor.py:799} INFO - Processing file /opt/airflow/dags/7_branch_pythoon_operator.py for tasks to queue
[2026-09-21T03:40:43.233+0000] {logging_mixin.py:149} INFO - [2026-09-21T03:40:43.233+0000] {dagbag.py:541} INFO - Filling up the DagBag from /opt/airflow/dags/7_branch_pythoon_operator.py
[2026-09-21T03:40:43.244+0000] {processor.py:809} INFO - DAG(s) dict_keys(['7-branching']) retrieved from /opt/airflow/dags/7_branch_pythoon_operator.py
[2026-09-21T03:40:43.297+0000] {logging_mixin.py:149} INFO - [2026-09-21T03:40:43.297+0000] {dag.py:2726} INFO - Sync 1 DAGs
[2026-09-21T03:40:43.338+0000] {logging_mixin.py:149} INFO - [2026-09-21T03:40:43.338+0000] {dag.py:3490} INFO - Setting next_dagrun for 7-branching to None, run_after=None
[2026-09-21T03:40:43.381+0000] {processor.py:178} INFO - Processing /opt/airflow/dags/7_branch_pythoon_operator.py took 0.158 seconds
[2026-09-21T03:41:14.230+0000] {processor.py:156} INFO - Started process (PID=2451) to work on /opt/airflow/dags/7_branch_pythoon_operator.py
[2026-09-21T03:41:14.231+0000] {processor.py:799} INFO - Processing file /opt/airflow/dags/7_branch_pythoon_operator.py for tasks to queue
[2026-09-21T03:41:14.232+0000] {logging_mixin.py:149} INFO - [2026-09-21T03:41:14.232+0000] {dagbag.py:541} INFO - Filling up the DagBag from /opt/airflow/dags/7_branch_pythoon_operator.py
[2026-09-21T03:41:14.244+0000] {processor.py:809} INFO - DAG(s) dict_keys(['7-branching']) retrieved from /opt/airflow/dags/7_branch_pythoon_operator.py
[2026-09-21T03:41:14.300+0000] {logging_mixin.py:149} INFO - [2026-09-21T03:41:14.299+0000] {dag.py:2726} INFO - Sync 1 DAGs
[2026-09-21T03:41:14.359+0000] {logging_mixin.py:149} INFO - [2026-09-21T03:41:14.359+0000] {dag.py:3490} INFO - Setting next_dagrun for 7-branching to None, run_after=None
[2026-09-21T03:41:14.423+0000] {processor.py:178} INFO - Processing /opt/airflow/dags/7_branch_pythoon_operator.py took 0.200 seconds
[2026-09-21T03:41:44.476+0000] {processor.py:156} INFO - Started process (PID=2465) to work on /opt/airflow/dags/7_branch_pythoon_operator.py
[2026-09-21T03:41:44.478+0000] {processor.py:799} INFO - Processing file /opt/airflow/dags/7_branch_pythoon_operator.py for tasks to queue
[2026-09-21T03:41:44.479+0000] {logging_mixin.py:149} INFO - [2026-09-21T03:41:44.479+0000] {dagbag.py:541} INFO - Filling up the DagBag from /opt/airflow/dags/7_branch_pythoon_operator.py
[2026-09-21T03:41:44.492+0000] {processor.py:809} INFO - DAG(s) dict_keys(['7-branching']) retrieved from /opt/airflow/dags/7_branch_pythoon_operator.py
[2026-09-21T03:41:44.545+0000] {logging_mixin.py:149} INFO - [2026-09-21T03:41:44.544+0000] {dag.py:2726} INFO - Sync 1 DAGs
[2026-09-21T03:41:44.581+0000] {logging_mixin.py:149} INFO - [2026-09-21T03:41:44.581+0000] {dag.py:3490} INFO - Setting next_dagrun for 7-branching to None, run_after=None
[2026-09-21T03:41:44.643+0000] {processor.py:178} INFO - Processing /opt/airflow/dags/7_branch_pythoon_operator.py took 0.174 seconds
[2026-09-21T03:42:15.528+0000] {processor.py:156} INFO - Started process (PID=2479) to work on /opt/airflow/dags/7_branch_pythoon_operator.py
[2026-09-21T03:42:15.530+0000] {processor.py:799} INFO - Processing file /opt/airflow/dags/7_branch_pythoon_operator.py for tasks to queue
[2026-09-21T03:42:15.531+0000] {logging_mixin.py:149} INFO - [2026-09-21T03:42:15.530+0000] {dagbag.py:541} INFO - Filling up the DagBag from /opt/airflow/dags/7_branch_pythoon_operator.py
[2026-09-21T03:42:15.542+0000] {processor.py:809} INFO - DAG(s) dict_keys(['7-branching']) retrieved from /opt/airflow/dags/7_branch_pythoon_operator.py
[2026-09-21T03:42:15.609+0000] {logging_mixin.py:149} INFO - [2026-09-21T03:42:15.609+0000] {dag.py:2726} INFO - Sync 1 DAGs
[2026-09-21T03:42:15.643+0000] {logging_mixin.py:149} INFO - [2026-09-21T03:42:15.643+0000] {dag.py:3490} INFO - Setting next_dagrun for 7-branching to None, run_after=None
[2026-09-21T03:42:15.680+0000] {processor.py:178} INFO - Processing /opt/airflow/dags/7_branch_pythoon_operator.py took 0.158 seconds
[2026-09-21T03:42:46.228+0000] {processor.py:156} INFO - Started process (PID=2493) to work on /opt/airflow/dags/7_branch_pythoon_operator.py
[2026-09-21T03:42:46.231+0000] {processor.py:799} INFO - Processing file /opt/airflow/dags/7_branch_pythoon_operator.py for tasks to queue
[2026-09-21T03:42:46.232+0000] {logging_mixin.py:149} INFO - [2026-09-21T03:42:46.232+0000] {dagbag.py:541} INFO - Filling up the DagBag from /opt/airflow/dags/7_branch_pythoon_operator.py
[2026-09-21T03:42:46.248+0000] {processor.py:809} INFO - DAG(s) dict_keys(['7-branching']) retrieved from /opt/airflow/dags/7_branch_pythoon_operator.py
[2026-09-21T03:42:46.329+0000] {logging_mixin.py:149} INFO - [2026-09-21T03:42:46.327+0000] {dag.py:2726} INFO - Sync 1 DAGs
[2026-09-21T03:42:46.397+0000] {logging_mixin.py:149} INFO - [2026-09-21T03:42:46.396+0000] {dag.py:3490} INFO - Setting next_dagrun for 7-branching to None, run_after=None
[2026-09-21T03:42:46.436+0000] {processor.py:178} INFO - Processing /opt/airflow/dags/7_branch_pythoon_operator.py took 0.214 seconds
[2026-09-21T03:43:16.521+0000] {processor.py:156} INFO - Started process (PID=2507) to work on /opt/airflow/dags/7_branch_pythoon_operator.py
[2026-09-21T03:43:16.524+0000] {processor.py:799} INFO - Processing file /opt/airflow/dags/7_branch_pythoon_operator.py for tasks to queue
[2026-09-21T03:43:16.525+0000] {logging_mixin.py:149} INFO - [2026-09-21T03:43:16.525+0000] {dagbag.py:541} INFO - Filling up the DagBag from /opt/airflow/dags/7_branch_pythoon_operator.py
[2026-09-21T03:43:16.537+0000] {processor.py:809} INFO - DAG(s) dict_keys(['7-branching']) retrieved from /opt/airflow/dags/7_branch_pythoon_operator.py
[2026-09-21T03:43:16.618+0000] {logging_mixin.py:149} INFO - [2026-09-21T03:43:16.618+0000] {dag.py:2726} INFO - Sync 1 DAGs
[2026-09-21T03:43:16.658+0000] {logging_mixin.py:149} INFO - [2026-09-21T03:43:16.657+0000] {dag.py:3490} INFO - Setting next_dagrun for 7-branching to None, run_after=None
[2026-09-21T03:43:16.693+0000] {processor.py:178} INFO - Processing /opt/airflow/dags/7_branch_pythoon_operator.py took 0.179 seconds
[2026-09-21T03:43:44.996+0000] {processor.py:156} INFO - Started process (PID=2527) to work on /opt/airflow/dags/7_branch_pythoon_operator.py
[2026-09-21T03:43:45.004+0000] {processor.py:799} INFO - Processing file /opt/airflow/dags/7_branch_pythoon_operator.py for tasks to queue
[2026-09-21T03:43:45.005+0000] {logging_mixin.py:149} INFO - [2026-09-21T03:43:45.005+0000] {dagbag.py:541} INFO - Filling up the DagBag from /opt/airflow/dags/7_branch_pythoon_operator.py
[2026-09-21T03:43:45.029+0000] {processor.py:809} INFO - DAG(s) dict_keys(['7-branching']) retrieved from /opt/airflow/dags/7_branch_pythoon_operator.py
[2026-09-21T03:43:45.144+0000] {logging_mixin.py:149} INFO - [2026-09-21T03:43:45.144+0000] {dag.py:2726} INFO - Sync 1 DAGs
[2026-09-21T03:43:45.247+0000] {logging_mixin.py:149} INFO - [2026-09-21T03:43:45.247+0000] {dag.py:3490} INFO - Setting next_dagrun for 7-branching to None, run_after=None
[2026-09-21T03:43:45.329+0000] {processor.py:178} INFO - Processing /opt/airflow/dags/7_branch_pythoon_operator.py took 0.340 seconds
[2026-09-21T03:44:16.236+0000] {processor.py:156} INFO - Started process (PID=2537) to work on /opt/airflow/dags/7_branch_pythoon_operator.py
[2026-09-21T03:44:16.239+0000] {processor.py:799} INFO - Processing file /opt/airflow/dags/7_branch_pythoon_operator.py for tasks to queue
[2026-09-21T03:44:16.242+0000] {logging_mixin.py:149} INFO - [2026-09-21T03:44:16.240+0000] {dagbag.py:541} INFO - Filling up the DagBag from /opt/airflow/dags/7_branch_pythoon_operator.py
[2026-09-21T03:44:16.260+0000] {processor.py:809} INFO - DAG(s) dict_keys(['7-branching']) retrieved from /opt/airflow/dags/7_branch_pythoon_operator.py
[2026-09-21T03:44:16.323+0000] {logging_mixin.py:149} INFO - [2026-09-21T03:44:16.322+0000] {dag.py:2726} INFO - Sync 1 DAGs
[2026-09-21T03:44:16.408+0000] {logging_mixin.py:149} INFO - [2026-09-21T03:44:16.407+0000] {dag.py:3490} INFO - Setting next_dagrun for 7-branching to None, run_after=None
[2026-09-21T03:44:16.460+0000] {processor.py:178} INFO - Processing /opt/airflow/dags/7_branch_pythoon_operator.py took 0.233 seconds
[2026-09-21T03:44:47.387+0000] {processor.py:156} INFO - Started process (PID=2556) to work on /opt/airflow/dags/7_branch_pythoon_operator.py
[2026-09-21T03:44:47.389+0000] {processor.py:799} INFO - Processing file /opt/airflow/dags/7_branch_pythoon_operator.py for tasks to queue
[2026-09-21T03:44:47.390+0000] {logging_mixin.py:149} INFO - [2026-09-21T03:44:47.390+0000] {dagbag.py:541} INFO - Filling up the DagBag from /opt/airflow/dags/7_branch_pythoon_operator.py
[2026-09-21T03:44:47.411+0000] {processor.py:809} INFO - DAG(s) dict_keys(['7-branching']) retrieved from /opt/airflow/dags/7_branch_pythoon_operator.py
[2026-09-21T03:44:47.496+0000] {logging_mixin.py:149} INFO - [2026-09-21T03:44:47.495+0000] {dag.py:2726} INFO - Sync 1 DAGs
[2026-09-21T03:44:47.558+0000] {logging_mixin.py:149} INFO - [2026-09-21T03:44:47.557+0000] {dag.py:3490} INFO - Setting next_dagrun for 7-branching to None, run_after=None
[2026-09-21T03:44:47.600+0000] {processor.py:178} INFO - Processing /opt/airflow/dags/7_branch_pythoon_operator.py took 0.220 seconds
[2026-09-21T03:45:17.804+0000] {processor.py:156} INFO - Started process (PID=2571) to work on /opt/airflow/dags/7_branch_pythoon_operator.py
[2026-09-21T03:45:17.808+0000] {processor.py:799} INFO - Processing file /opt/airflow/dags/7_branch_pythoon_operator.py for tasks to queue
[2026-09-21T03:45:17.810+0000] {logging_mixin.py:149} INFO - [2026-09-21T03:45:17.810+0000] {dagbag.py:541} INFO - Filling up the DagBag from /opt/airflow/dags/7_branch_pythoon_operator.py
[2026-09-21T03:45:17.829+0000] {processor.py:809} INFO - DAG(s) dict_keys(['7-branching']) retrieved from /opt/airflow/dags/7_branch_pythoon_operator.py
[2026-09-21T03:45:17.893+0000] {logging_mixin.py:149} INFO - [2026-09-21T03:45:17.893+0000] {dag.py:2726} INFO - Sync 1 DAGs
[2026-09-21T03:45:17.938+0000] {logging_mixin.py:149} INFO - [2026-09-21T03:45:17.938+0000] {dag.py:3490} INFO - Setting next_dagrun for 7-branching to None, run_after=None
[2026-09-21T03:45:17.990+0000] {processor.py:178} INFO - Processing /opt/airflow/dags/7_branch_pythoon_operator.py took 0.201 seconds
[2026-09-21T03:45:48.114+0000] {processor.py:156} INFO - Started process (PID=2585) to work on /opt/airflow/dags/7_branch_pythoon_operator.py
[2026-09-21T03:45:48.115+0000] {processor.py:799} INFO - Processing file /opt/airflow/dags/7_branch_pythoon_operator.py for tasks to queue
[2026-09-21T03:45:48.116+0000] {logging_mixin.py:149} INFO - [2026-09-21T03:45:48.116+0000] {dagbag.py:541} INFO - Filling up the DagBag from /opt/airflow/dags/7_branch_pythoon_operator.py
[2026-09-21T03:45:48.127+0000] {processor.py:809} INFO - DAG(s) dict_keys(['7-branching']) retrieved from /opt/airflow/dags/7_branch_pythoon_operator.py
[2026-09-21T03:45:48.176+0000] {logging_mixin.py:149} INFO - [2026-09-21T03:45:48.175+0000] {dag.py:2726} INFO - Sync 1 DAGs
[2026-09-21T03:45:48.210+0000] {logging_mixin.py:149} INFO - [2026-09-21T03:45:48.210+0000] {dag.py:3490} INFO - Setting next_dagrun for 7-branching to None, run_after=None
[2026-09-21T03:45:48.244+0000] {processor.py:178} INFO - Processing /opt/airflow/dags/7_branch_pythoon_operator.py took 0.136 seconds
[2026-09-21T03:46:19.062+0000] {processor.py:156} INFO - Started process (PID=2605) to work on /opt/airflow/dags/7_branch_pythoon_operator.py
[2026-09-21T03:46:19.065+0000] {processor.py:799} INFO - Processing file /opt/airflow/dags/7_branch_pythoon_operator.py for tasks to queue
[2026-09-21T03:46:19.066+0000] {logging_mixin.py:149} INFO - [2026-09-21T03:46:19.065+0000] {dagbag.py:541} INFO - Filling up the DagBag from /opt/airflow/dags/7_branch_pythoon_operator.py
[2026-09-21T03:46:19.076+0000] {processor.py:809} INFO - DAG(s) dict_keys(['7-branching']) retrieved from /opt/airflow/dags/7_branch_pythoon_operator.py
[2026-09-21T03:46:19.131+0000] {logging_mixin.py:149} INFO - [2026-09-21T03:46:19.131+0000] {dag.py:2726} INFO - Sync 1 DAGs
[2026-09-21T03:46:19.171+0000] {logging_mixin.py:149} INFO - [2026-09-21T03:46:19.171+0000] {dag.py:3490} INFO - Setting next_dagrun for 7-branching to None, run_after=None
[2026-09-21T03:46:19.209+0000] {processor.py:178} INFO - Processing /opt/airflow/dags/7_branch_pythoon_operator.py took 0.154 seconds
[2026-09-21T03:46:50.063+0000] {processor.py:156} INFO - Started process (PID=2619) to work on /opt/airflow/dags/7_branch_pythoon_operator.py
[2026-09-21T03:46:50.066+0000] {processor.py:799} INFO - Processing file /opt/airflow/dags/7_branch_pythoon_operator.py for tasks to queue
[2026-09-21T03:46:50.067+0000] {logging_mixin.py:149} INFO - [2026-09-21T03:46:50.067+0000] {dagbag.py:541} INFO - Filling up the DagBag from /opt/airflow/dags/7_branch_pythoon_operator.py
[2026-09-21T03:46:50.080+0000] {processor.py:809} INFO - DAG(s) dict_keys(['7-branching']) retrieved from /opt/airflow/dags/7_branch_pythoon_operator.py
[2026-09-21T03:46:50.141+0000] {logging_mixin.py:149} INFO - [2026-09-21T03:46:50.141+0000] {dag.py:2726} INFO - Sync 1 DAGs
[2026-09-21T03:46:50.181+0000] {logging_mixin.py:149} INFO - [2026-09-21T03:46:50.181+0000] {dag.py:3490} INFO - Setting next_dagrun for 7-branching to None, run_after=None
[2026-09-21T03:46:50.222+0000] {processor.py:178} INFO - Processing /opt/airflow/dags/7_branch_pythoon_operator.py took 0.166 seconds
[2026-09-21T03:47:20.272+0000] {processor.py:156} INFO - Started process (PID=2633) to work on /opt/airflow/dags/7_branch_pythoon_operator.py
[2026-09-21T03:47:20.275+0000] {processor.py:799} INFO - Processing file /opt/airflow/dags/7_branch_pythoon_operator.py for tasks to queue
[2026-09-21T03:47:20.276+0000] {logging_mixin.py:149} INFO - [2026-09-21T03:47:20.276+0000] {dagbag.py:541} INFO - Filling up the DagBag from /opt/airflow/dags/7_branch_pythoon_operator.py
[2026-09-21T03:47:20.287+0000] {processor.py:809} INFO - DAG(s) dict_keys(['7-branching']) retrieved from /opt/airflow/dags/7_branch_pythoon_operator.py
[2026-09-21T03:47:20.358+0000] {logging_mixin.py:149} INFO - [2026-09-21T03:47:20.357+0000] {dag.py:2726} INFO - Sync 1 DAGs
[2026-09-21T03:47:20.394+0000] {logging_mixin.py:149} INFO - [2026-09-21T03:47:20.393+0000] {dag.py:3490} INFO - Setting next_dagrun for 7-branching to None, run_after=None
[2026-09-21T03:47:20.425+0000] {processor.py:178} INFO - Processing /opt/airflow/dags/7_branch_pythoon_operator.py took 0.158 seconds
[2026-09-21T03:47:51.353+0000] {processor.py:156} INFO - Started process (PID=2647) to work on /opt/airflow/dags/7_branch_pythoon_operator.py
[2026-09-21T03:47:51.357+0000] {processor.py:799} INFO - Processing file /opt/airflow/dags/7_branch_pythoon_operator.py for tasks to queue
[2026-09-21T03:47:51.358+0000] {logging_mixin.py:149} INFO - [2026-09-21T03:47:51.358+0000] {dagbag.py:541} INFO - Filling up the DagBag from /opt/airflow/dags/7_branch_pythoon_operator.py
[2026-09-21T03:47:51.371+0000] {processor.py:809} INFO - DAG(s) dict_keys(['7-branching']) retrieved from /opt/airflow/dags/7_branch_pythoon_operator.py
[2026-09-21T03:47:51.442+0000] {logging_mixin.py:149} INFO - [2026-09-21T03:47:51.441+0000] {dag.py:2726} INFO - Sync 1 DAGs
[2026-09-21T03:47:51.512+0000] {logging_mixin.py:149} INFO - [2026-09-21T03:47:51.512+0000] {dag.py:3490} INFO - Setting next_dagrun for 7-branching to None, run_after=None
[2026-09-21T03:47:51.558+0000] {processor.py:178} INFO - Processing /opt/airflow/dags/7_branch_pythoon_operator.py took 0.210 seconds
[2026-09-21T03:48:17.910+0000] {processor.py:156} INFO - Started process (PID=2667) to work on /opt/airflow/dags/7_branch_pythoon_operator.py
[2026-09-21T03:48:17.920+0000] {processor.py:799} INFO - Processing file /opt/airflow/dags/7_branch_pythoon_operator.py for tasks to queue
[2026-09-21T03:48:17.921+0000] {logging_mixin.py:149} INFO - [2026-09-21T03:48:17.921+0000] {dagbag.py:541} INFO - Filling up the DagBag from /opt/airflow/dags/7_branch_pythoon_operator.py
[2026-09-21T03:48:17.935+0000] {processor.py:809} INFO - DAG(s) dict_keys(['7-branching']) retrieved from /opt/airflow/dags/7_branch_pythoon_operator.py
[2026-09-21T03:48:18.031+0000] {logging_mixin.py:149} INFO - [2026-09-21T03:48:18.031+0000] {dag.py:2726} INFO - Sync 1 DAGs
[2026-09-21T03:48:18.080+0000] {logging_mixin.py:149} INFO - [2026-09-21T03:48:18.080+0000] {dag.py:3490} INFO - Setting next_dagrun for 7-branching to None, run_after=None
[2026-09-21T03:48:18.119+0000] {processor.py:178} INFO - Processing /opt/airflow/dags/7_branch_pythoon_operator.py took 0.217 seconds
[2026-09-21T03:48:48.436+0000] {processor.py:156} INFO - Started process (PID=2681) to work on /opt/airflow/dags/7_branch_pythoon_operator.py
[2026-09-21T03:48:48.437+0000] {processor.py:799} INFO - Processing file /opt/airflow/dags/7_branch_pythoon_operator.py for tasks to queue
[2026-09-21T03:48:48.438+0000] {logging_mixin.py:149} INFO - [2026-09-21T03:48:48.438+0000] {dagbag.py:541} INFO - Filling up the DagBag from /opt/airflow/dags/7_branch_pythoon_operator.py
[2026-09-21T03:48:48.451+0000] {processor.py:809} INFO - DAG(s) dict_keys(['7-branching']) retrieved from /opt/airflow/dags/7_branch_pythoon_operator.py
[2026-09-21T03:48:48.504+0000] {logging_mixin.py:149} INFO - [2026-09-21T03:48:48.504+0000] {dag.py:2726} INFO - Sync 1 DAGs
[2026-09-21T03:48:48.543+0000] {logging_mixin.py:149} INFO - [2026-09-21T03:48:48.543+0000] {dag.py:3490} INFO - Setting next_dagrun for 7-branching to None, run_after=None
[2026-09-21T03:48:48.585+0000] {processor.py:178} INFO - Processing /opt/airflow/dags/7_branch_pythoon_operator.py took 0.157 seconds
[2026-09-21T03:49:18.741+0000] {processor.py:156} INFO - Started process (PID=2691) to work on /opt/airflow/dags/7_branch_pythoon_operator.py
[2026-09-21T03:49:18.743+0000] {processor.py:799} INFO - Processing file /opt/airflow/dags/7_branch_pythoon_operator.py for tasks to queue
[2026-09-21T03:49:18.745+0000] {logging_mixin.py:149} INFO - [2026-09-21T03:49:18.744+0000] {dagbag.py:541} INFO - Filling up the DagBag from /opt/airflow/dags/7_branch_pythoon_operator.py
[2026-09-21T03:49:18.761+0000] {processor.py:809} INFO - DAG(s) dict_keys(['7-branching']) retrieved from /opt/airflow/dags/7_branch_pythoon_operator.py
[2026-09-21T03:49:18.829+0000] {logging_mixin.py:149} INFO - [2026-09-21T03:49:18.829+0000] {dag.py:2726} INFO - Sync 1 DAGs
[2026-09-21T03:49:18.868+0000] {logging_mixin.py:149} INFO - [2026-09-21T03:49:18.867+0000] {dag.py:3490} INFO - Setting next_dagrun for 7-branching to None, run_after=None
[2026-09-21T03:49:18.901+0000] {processor.py:178} INFO - Processing /opt/airflow/dags/7_branch_pythoon_operator.py took 0.170 seconds
[2026-09-21T03:49:49.449+0000] {processor.py:156} INFO - Started process (PID=2705) to work on /opt/airflow/dags/7_branch_pythoon_operator.py
[2026-09-21T03:49:49.451+0000] {processor.py:799} INFO - Processing file /opt/airflow/dags/7_branch_pythoon_operator.py for tasks to queue
[2026-09-21T03:49:49.455+0000] {logging_mixin.py:149} INFO - [2026-09-21T03:49:49.455+0000] {dagbag.py:541} INFO - Filling up the DagBag from /opt/airflow/dags/7_branch_pythoon_operator.py
[2026-09-21T03:49:49.480+0000] {processor.py:809} INFO - DAG(s) dict_keys(['7-branching']) retrieved from /opt/airflow/dags/7_branch_pythoon_operator.py
[2026-09-21T03:49:49.592+0000] {logging_mixin.py:149} INFO - [2026-09-21T03:49:49.591+0000] {dag.py:2726} INFO - Sync 1 DAGs
[2026-09-21T03:49:49.653+0000] {logging_mixin.py:149} INFO - [2026-09-21T03:49:49.653+0000] {dag.py:3490} INFO - Setting next_dagrun for 7-branching to None, run_after=None
[2026-09-21T03:49:49.691+0000] {processor.py:178} INFO - Processing /opt/airflow/dags/7_branch_pythoon_operator.py took 0.267 seconds
[2026-09-21T03:50:20.470+0000] {processor.py:156} INFO - Started process (PID=2719) to work on /opt/airflow/dags/7_branch_pythoon_operator.py
[2026-09-21T03:50:20.471+0000] {processor.py:799} INFO - Processing file /opt/airflow/dags/7_branch_pythoon_operator.py for tasks to queue
[2026-09-21T03:50:20.473+0000] {logging_mixin.py:149} INFO - [2026-09-21T03:50:20.472+0000] {dagbag.py:541} INFO - Filling up the DagBag from /opt/airflow/dags/7_branch_pythoon_operator.py
[2026-09-21T03:50:20.484+0000] {processor.py:809} INFO - DAG(s) dict_keys(['7-branching']) retrieved from /opt/airflow/dags/7_branch_pythoon_operator.py
[2026-09-21T03:50:20.544+0000] {logging_mixin.py:149} INFO - [2026-09-21T03:50:20.543+0000] {dag.py:2726} INFO - Sync 1 DAGs
[2026-09-21T03:50:20.581+0000] {logging_mixin.py:149} INFO - [2026-09-21T03:50:20.581+0000] {dag.py:3490} INFO - Setting next_dagrun for 7-branching to None, run_after=None
[2026-09-21T03:50:20.618+0000] {processor.py:178} INFO - Processing /opt/airflow/dags/7_branch_pythoon_operator.py took 0.155 seconds
[2026-09-21T03:50:51.549+0000] {processor.py:156} INFO - Started process (PID=2733) to work on /opt/airflow/dags/7_branch_pythoon_operator.py
[2026-09-21T03:50:51.550+0000] {processor.py:799} INFO - Processing file /opt/airflow/dags/7_branch_pythoon_operator.py for tasks to queue
[2026-09-21T03:50:51.551+0000] {logging_mixin.py:149} INFO - [2026-09-21T03:50:51.551+0000] {dagbag.py:541} INFO - Filling up the DagBag from /opt/airflow/dags/7_branch_pythoon_operator.py
[2026-09-21T03:50:51.562+0000] {processor.py:809} INFO - DAG(s) dict_keys(['7-branching']) retrieved from /opt/airflow/dags/7_branch_pythoon_operator.py
[2026-09-21T03:50:51.612+0000] {logging_mixin.py:149} INFO - [2026-09-21T03:50:51.611+0000] {dag.py:2726} INFO - Sync 1 DAGs
[2026-09-21T03:50:51.650+0000] {logging_mixin.py:149} INFO - [2026-09-21T03:50:51.650+0000] {dag.py:3490} INFO - Setting next_dagrun for 7-branching to None, run_after=None
[2026-09-21T03:50:51.676+0000] {processor.py:178} INFO - Processing /opt/airflow/dags/7_branch_pythoon_operator.py took 0.132 seconds
[2026-09-21T03:51:22.618+0000] {processor.py:156} INFO - Started process (PID=2747) to work on /opt/airflow/dags/7_branch_pythoon_operator.py
[2026-09-21T03:51:22.621+0000] {processor.py:799} INFO - Processing file /opt/airflow/dags/7_branch_pythoon_operator.py for tasks to queue
[2026-09-21T03:51:22.622+0000] {logging_mixin.py:149} INFO - [2026-09-21T03:51:22.622+0000] {dagbag.py:541} INFO - Filling up the DagBag from /opt/airflow/dags/7_branch_pythoon_operator.py
[2026-09-21T03:51:22.634+0000] {processor.py:809} INFO - DAG(s) dict_keys(['7-branching']) retrieved from /opt/airflow/dags/7_branch_pythoon_operator.py
[2026-09-21T03:51:22.693+0000] {logging_mixin.py:149} INFO - [2026-09-21T03:51:22.693+0000] {dag.py:2726} INFO - Sync 1 DAGs
[2026-09-21T03:51:22.739+0000] {logging_mixin.py:149} INFO - [2026-09-21T03:51:22.739+0000] {dag.py:3490} INFO - Setting next_dagrun for 7-branching to None, run_after=None
[2026-09-21T03:51:22.767+0000] {processor.py:178} INFO - Processing /opt/airflow/dags/7_branch_pythoon_operator.py took 0.155 seconds
[2026-09-21T03:51:53.716+0000] {processor.py:156} INFO - Started process (PID=2761) to work on /opt/airflow/dags/7_branch_pythoon_operator.py
[2026-09-21T03:51:53.719+0000] {processor.py:799} INFO - Processing file /opt/airflow/dags/7_branch_pythoon_operator.py for tasks to queue
[2026-09-21T03:51:53.720+0000] {logging_mixin.py:149} INFO - [2026-09-21T03:51:53.720+0000] {dagbag.py:541} INFO - Filling up the DagBag from /opt/airflow/dags/7_branch_pythoon_operator.py
[2026-09-21T03:51:53.732+0000] {processor.py:809} INFO - DAG(s) dict_keys(['7-branching']) retrieved from /opt/airflow/dags/7_branch_pythoon_operator.py
[2026-09-21T03:51:53.786+0000] {logging_mixin.py:149} INFO - [2026-09-21T03:51:53.786+0000] {dag.py:2726} INFO - Sync 1 DAGs
[2026-09-21T03:51:53.830+0000] {logging_mixin.py:149} INFO - [2026-09-21T03:51:53.830+0000] {dag.py:3490} INFO - Setting next_dagrun for 7-branching to None, run_after=None
[2026-09-21T03:51:53.863+0000] {processor.py:178} INFO - Processing /opt/airflow/dags/7_branch_pythoon_operator.py took 0.155 seconds
[2026-09-21T03:52:24.771+0000] {processor.py:156} INFO - Started process (PID=2775) to work on /opt/airflow/dags/7_branch_pythoon_operator.py
[2026-09-21T03:52:24.773+0000] {processor.py:799} INFO - Processing file /opt/airflow/dags/7_branch_pythoon_operator.py for tasks to queue
[2026-09-21T03:52:24.774+0000] {logging_mixin.py:149} INFO - [2026-09-21T03:52:24.774+0000] {dagbag.py:541} INFO - Filling up the DagBag from /opt/airflow/dags/7_branch_pythoon_operator.py
[2026-09-21T03:52:24.786+0000] {processor.py:809} INFO - DAG(s) dict_keys(['7-branching']) retrieved from /opt/airflow/dags/7_branch_pythoon_operator.py
[2026-09-21T03:52:24.864+0000] {logging_mixin.py:149} INFO - [2026-09-21T03:52:24.863+0000] {dag.py:2726} INFO - Sync 1 DAGs
[2026-09-21T03:52:24.922+0000] {logging_mixin.py:149} INFO - [2026-09-21T03:52:24.921+0000] {dag.py:3490} INFO - Setting next_dagrun for 7-branching to None, run_after=None
[2026-09-21T03:52:24.951+0000] {processor.py:178} INFO - Processing /opt/airflow/dags/7_branch_pythoon_operator.py took 0.186 seconds
[2026-09-21T03:52:55.869+0000] {processor.py:156} INFO - Started process (PID=2789) to work on /opt/airflow/dags/7_branch_pythoon_operator.py
[2026-09-21T03:52:55.870+0000] {processor.py:799} INFO - Processing file /opt/airflow/dags/7_branch_pythoon_operator.py for tasks to queue
[2026-09-21T03:52:55.871+0000] {logging_mixin.py:149} INFO - [2026-09-21T03:52:55.871+0000] {dagbag.py:541} INFO - Filling up the DagBag from /opt/airflow/dags/7_branch_pythoon_operator.py
[2026-09-21T03:52:55.883+0000] {processor.py:809} INFO - DAG(s) dict_keys(['7-branching']) retrieved from /opt/airflow/dags/7_branch_pythoon_operator.py
[2026-09-21T03:52:55.948+0000] {logging_mixin.py:149} INFO - [2026-09-21T03:52:55.947+0000] {dag.py:2726} INFO - Sync 1 DAGs
[2026-09-21T03:52:55.984+0000] {logging_mixin.py:149} INFO - [2026-09-21T03:52:55.984+0000] {dag.py:3490} INFO - Setting next_dagrun for 7-branching to None, run_after=None
[2026-09-21T03:52:56.032+0000] {processor.py:178} INFO - Processing /opt/airflow/dags/7_branch_pythoon_operator.py took 0.170 seconds
[2026-09-21T03:53:27.051+0000] {processor.py:156} INFO - Started process (PID=2803) to work on /opt/airflow/dags/7_branch_pythoon_operator.py
[2026-09-21T03:53:27.053+0000] {processor.py:799} INFO - Processing file /opt/airflow/dags/7_branch_pythoon_operator.py for tasks to queue
[2026-09-21T03:53:27.054+0000] {logging_mixin.py:149} INFO - [2026-09-21T03:53:27.054+0000] {dagbag.py:541} INFO - Filling up the DagBag from /opt/airflow/dags/7_branch_pythoon_operator.py
[2026-09-21T03:53:27.066+0000] {processor.py:809} INFO - DAG(s) dict_keys(['7-branching']) retrieved from /opt/airflow/dags/7_branch_pythoon_operator.py
[2026-09-21T03:53:27.126+0000] {logging_mixin.py:149} INFO - [2026-09-21T03:53:27.126+0000] {dag.py:2726} INFO - Sync 1 DAGs
[2026-09-21T03:53:27.170+0000] {logging_mixin.py:149} INFO - [2026-09-21T03:53:27.170+0000] {dag.py:3490} INFO - Setting next_dagrun for 7-branching to None, run_after=None
[2026-09-21T03:53:27.200+0000] {processor.py:178} INFO - Processing /opt/airflow/dags/7_branch_pythoon_operator.py took 0.155 seconds
[2026-09-21T03:53:58.213+0000] {processor.py:156} INFO - Started process (PID=2817) to work on /opt/airflow/dags/7_branch_pythoon_operator.py
[2026-09-21T03:53:58.214+0000] {processor.py:799} INFO - Processing file /opt/airflow/dags/7_branch_pythoon_operator.py for tasks to queue
[2026-09-21T03:53:58.215+0000] {logging_mixin.py:149} INFO - [2026-09-21T03:53:58.215+0000] {dagbag.py:541} INFO - Filling up the DagBag from /opt/airflow/dags/7_branch_pythoon_operator.py
[2026-09-21T03:53:58.236+0000] {processor.py:809} INFO - DAG(s) dict_keys(['7-branching']) retrieved from /opt/airflow/dags/7_branch_pythoon_operator.py
[2026-09-21T03:53:58.310+0000] {logging_mixin.py:149} INFO - [2026-09-21T03:53:58.309+0000] {dag.py:2726} INFO - Sync 1 DAGs
[2026-09-21T03:53:58.392+0000] {logging_mixin.py:149} INFO - [2026-09-21T03:53:58.391+0000] {dag.py:3490} INFO - Setting next_dagrun for 7-branching to None, run_after=None
[2026-09-21T03:53:58.426+0000] {processor.py:178} INFO - Processing /opt/airflow/dags/7_branch_pythoon_operator.py took 0.233 seconds
[2026-09-21T03:54:29.423+0000] {processor.py:156} INFO - Started process (PID=2831) to work on /opt/airflow/dags/7_branch_pythoon_operator.py
[2026-09-21T03:54:29.426+0000] {processor.py:799} INFO - Processing file /opt/airflow/dags/7_branch_pythoon_operator.py for tasks to queue
[2026-09-21T03:54:29.427+0000] {logging_mixin.py:149} INFO - [2026-09-21T03:54:29.427+0000] {dagbag.py:541} INFO - Filling up the DagBag from /opt/airflow/dags/7_branch_pythoon_operator.py
[2026-09-21T03:54:29.440+0000] {processor.py:809} INFO - DAG(s) dict_keys(['7-branching']) retrieved from /opt/airflow/dags/7_branch_pythoon_operator.py
[2026-09-21T03:54:29.499+0000] {logging_mixin.py:149} INFO - [2026-09-21T03:54:29.499+0000] {dag.py:2726} INFO - Sync 1 DAGs
[2026-09-21T03:54:29.544+0000] {logging_mixin.py:149} INFO - [2026-09-21T03:54:29.544+0000] {dag.py:3490} INFO - Setting next_dagrun for 7-branching to None, run_after=None
[2026-09-21T03:54:29.576+0000] {processor.py:178} INFO - Processing /opt/airflow/dags/7_branch_pythoon_operator.py took 0.159 seconds
[2026-09-21T03:55:00.605+0000] {processor.py:156} INFO - Started process (PID=2845) to work on /opt/airflow/dags/7_branch_pythoon_operator.py
[2026-09-21T03:55:00.606+0000] {processor.py:799} INFO - Processing file /opt/airflow/dags/7_branch_pythoon_operator.py for tasks to queue
[2026-09-21T03:55:00.607+0000] {logging_mixin.py:149} INFO - [2026-09-21T03:55:00.607+0000] {dagbag.py:541} INFO - Filling up the DagBag from /opt/airflow/dags/7_branch_pythoon_operator.py
[2026-09-21T03:55:00.620+0000] {processor.py:809} INFO - DAG(s) dict_keys(['7-branching']) retrieved from /opt/airflow/dags/7_branch_pythoon_operator.py
[2026-09-21T03:55:00.680+0000] {logging_mixin.py:149} INFO - [2026-09-21T03:55:00.680+0000] {dag.py:2726} INFO - Sync 1 DAGs
[2026-09-21T03:55:00.730+0000] {logging_mixin.py:149} INFO - [2026-09-21T03:55:00.730+0000] {dag.py:3490} INFO - Setting next_dagrun for 7-branching to None, run_after=None
[2026-09-21T03:55:00.767+0000] {processor.py:178} INFO - Processing /opt/airflow/dags/7_branch_pythoon_operator.py took 0.169 seconds
[2026-09-21T03:55:31.696+0000] {processor.py:156} INFO - Started process (PID=2859) to work on /opt/airflow/dags/7_branch_pythoon_operator.py
[2026-09-21T03:55:31.699+0000] {processor.py:799} INFO - Processing file /opt/airflow/dags/7_branch_pythoon_operator.py for tasks to queue
[2026-09-21T03:55:31.700+0000] {logging_mixin.py:149} INFO - [2026-09-21T03:55:31.699+0000] {dagbag.py:541} INFO - Filling up the DagBag from /opt/airflow/dags/7_branch_pythoon_operator.py
[2026-09-21T03:55:31.710+0000] {processor.py:809} INFO - DAG(s) dict_keys(['7-branching']) retrieved from /opt/airflow/dags/7_branch_pythoon_operator.py
[2026-09-21T03:55:31.769+0000] {logging_mixin.py:149} INFO - [2026-09-21T03:55:31.769+0000] {dag.py:2726} INFO - Sync 1 DAGs
[2026-09-21T03:55:31.807+0000] {logging_mixin.py:149} INFO - [2026-09-21T03:55:31.807+0000] {dag.py:3490} INFO - Setting next_dagrun for 7-branching to None, run_after=None
[2026-09-21T03:55:31.850+0000] {processor.py:178} INFO - Processing /opt/airflow/dags/7_branch_pythoon_operator.py took 0.160 seconds
[2026-09-21T03:56:02.758+0000] {processor.py:156} INFO - Started process (PID=2873) to work on /opt/airflow/dags/7_branch_pythoon_operator.py
[2026-09-21T03:56:02.759+0000] {processor.py:799} INFO - Processing file /opt/airflow/dags/7_branch_pythoon_operator.py for tasks to queue
[2026-09-21T03:56:02.761+0000] {logging_mixin.py:149} INFO - [2026-09-21T03:56:02.761+0000] {dagbag.py:541} INFO - Filling up the DagBag from /opt/airflow/dags/7_branch_pythoon_operator.py
[2026-09-21T03:56:02.787+0000] {processor.py:809} INFO - DAG(s) dict_keys(['7-branching']) retrieved from /opt/airflow/dags/7_branch_pythoon_operator.py
[2026-09-21T03:56:02.842+0000] {logging_mixin.py:149} INFO - [2026-09-21T03:56:02.841+0000] {dag.py:2726} INFO - Sync 1 DAGs
[2026-09-21T03:56:02.881+0000] {logging_mixin.py:149} INFO - [2026-09-21T03:56:02.880+0000] {dag.py:3490} INFO - Setting next_dagrun for 7-branching to None, run_after=None
[2026-09-21T03:56:02.915+0000] {processor.py:178} INFO - Processing /opt/airflow/dags/7_branch_pythoon_operator.py took 0.164 seconds
[2026-09-21T03:56:33.841+0000] {processor.py:156} INFO - Started process (PID=2887) to work on /opt/airflow/dags/7_branch_pythoon_operator.py
[2026-09-21T03:56:33.844+0000] {processor.py:799} INFO - Processing file /opt/airflow/dags/7_branch_pythoon_operator.py for tasks to queue
[2026-09-21T03:56:33.845+0000] {logging_mixin.py:149} INFO - [2026-09-21T03:56:33.844+0000] {dagbag.py:541} INFO - Filling up the DagBag from /opt/airflow/dags/7_branch_pythoon_operator.py
[2026-09-21T03:56:33.856+0000] {processor.py:809} INFO - DAG(s) dict_keys(['7-branching']) retrieved from /opt/airflow/dags/7_branch_pythoon_operator.py
[2026-09-21T03:56:33.916+0000] {logging_mixin.py:149} INFO - [2026-09-21T03:56:33.916+0000] {dag.py:2726} INFO - Sync 1 DAGs
[2026-09-21T03:56:33.957+0000] {logging_mixin.py:149} INFO - [2026-09-21T03:56:33.956+0000] {dag.py:3490} INFO - Setting next_dagrun for 7-branching to None, run_after=None
[2026-09-21T03:56:33.988+0000] {processor.py:178} INFO - Processing /opt/airflow/dags/7_branch_pythoon_operator.py took 0.154 seconds
[2026-09-21T03:57:04.910+0000] {processor.py:156} INFO - Started process (PID=2901) to work on /opt/airflow/dags/7_branch_pythoon_operator.py
[2026-09-21T03:57:04.911+0000] {processor.py:799} INFO - Processing file /opt/airflow/dags/7_branch_pythoon_operator.py for tasks to queue
[2026-09-21T03:57:04.912+0000] {logging_mixin.py:149} INFO - [2026-09-21T03:57:04.912+0000] {dagbag.py:541} INFO - Filling up the DagBag from /opt/airflow/dags/7_branch_pythoon_operator.py
[2026-09-21T03:57:04.923+0000] {processor.py:809} INFO - DAG(s) dict_keys(['7-branching']) retrieved from /opt/airflow/dags/7_branch_pythoon_operator.py
[2026-09-21T03:57:04.975+0000] {logging_mixin.py:149} INFO - [2026-09-21T03:57:04.975+0000] {dag.py:2726} INFO - Sync 1 DAGs
[2026-09-21T03:57:05.011+0000] {logging_mixin.py:149} INFO - [2026-09-21T03:57:05.011+0000] {dag.py:3490} INFO - Setting next_dagrun for 7-branching to None, run_after=None
[2026-09-21T03:57:05.045+0000] {processor.py:178} INFO - Processing /opt/airflow/dags/7_branch_pythoon_operator.py took 0.141 seconds
[2026-09-21T03:57:21.791+0000] {processor.py:156} INFO - Started process (PID=2921) to work on /opt/airflow/dags/7_branch_pythoon_operator.py
[2026-09-21T03:57:21.795+0000] {processor.py:799} INFO - Processing file /opt/airflow/dags/7_branch_pythoon_operator.py for tasks to queue
[2026-09-21T03:57:21.796+0000] {logging_mixin.py:149} INFO - [2026-09-21T03:57:21.796+0000] {dagbag.py:541} INFO - Filling up the DagBag from /opt/airflow/dags/7_branch_pythoon_operator.py
[2026-09-21T03:57:21.814+0000] {processor.py:809} INFO - DAG(s) dict_keys(['7-branching']) retrieved from /opt/airflow/dags/7_branch_pythoon_operator.py
[2026-09-21T03:57:21.874+0000] {logging_mixin.py:149} INFO - [2026-09-21T03:57:21.873+0000] {dag.py:2726} INFO - Sync 1 DAGs
[2026-09-21T03:57:21.935+0000] {logging_mixin.py:149} INFO - [2026-09-21T03:57:21.934+0000] {dag.py:3490} INFO - Setting next_dagrun for 7-branching to None, run_after=None
[2026-09-21T03:57:21.992+0000] {processor.py:178} INFO - Processing /opt/airflow/dags/7_branch_pythoon_operator.py took 0.212 seconds
[2026-09-21T03:57:52.525+0000] {processor.py:156} INFO - Started process (PID=2931) to work on /opt/airflow/dags/7_branch_pythoon_operator.py
[2026-09-21T03:57:52.527+0000] {processor.py:799} INFO - Processing file /opt/airflow/dags/7_branch_pythoon_operator.py for tasks to queue
[2026-09-21T03:57:52.528+0000] {logging_mixin.py:149} INFO - [2026-09-21T03:57:52.528+0000] {dagbag.py:541} INFO - Filling up the DagBag from /opt/airflow/dags/7_branch_pythoon_operator.py
[2026-09-21T03:57:52.552+0000] {processor.py:809} INFO - DAG(s) dict_keys(['7-branching']) retrieved from /opt/airflow/dags/7_branch_pythoon_operator.py
[2026-09-21T03:57:52.660+0000] {logging_mixin.py:149} INFO - [2026-09-21T03:57:52.660+0000] {dag.py:2726} INFO - Sync 1 DAGs
[2026-09-21T03:57:52.696+0000] {logging_mixin.py:149} INFO - [2026-09-21T03:57:52.696+0000] {dag.py:3490} INFO - Setting next_dagrun for 7-branching to None, run_after=None
[2026-09-21T03:57:52.730+0000] {processor.py:178} INFO - Processing /opt/airflow/dags/7_branch_pythoon_operator.py took 0.215 seconds
[2026-09-21T03:58:23.742+0000] {processor.py:156} INFO - Started process (PID=2945) to work on /opt/airflow/dags/7_branch_pythoon_operator.py
[2026-09-21T03:58:23.744+0000] {processor.py:799} INFO - Processing file /opt/airflow/dags/7_branch_pythoon_operator.py for tasks to queue
[2026-09-21T03:58:23.745+0000] {logging_mixin.py:149} INFO - [2026-09-21T03:58:23.744+0000] {dagbag.py:541} INFO - Filling up the DagBag from /opt/airflow/dags/7_branch_pythoon_operator.py
[2026-09-21T03:58:23.754+0000] {processor.py:809} INFO - DAG(s) dict_keys(['7-branching']) retrieved from /opt/airflow/dags/7_branch_pythoon_operator.py
[2026-09-21T03:58:23.811+0000] {logging_mixin.py:149} INFO - [2026-09-21T03:58:23.811+0000] {dag.py:2726} INFO - Sync 1 DAGs
[2026-09-21T03:58:23.847+0000] {logging_mixin.py:149} INFO - [2026-09-21T03:58:23.847+0000] {dag.py:3490} INFO - Setting next_dagrun for 7-branching to None, run_after=None
[2026-09-21T03:58:23.877+0000] {processor.py:178} INFO - Processing /opt/airflow/dags/7_branch_pythoon_operator.py took 0.140 seconds
[2026-09-21T03:58:52.538+0000] {processor.py:156} INFO - Started process (PID=2965) to work on /opt/airflow/dags/7_branch_pythoon_operator.py
[2026-09-21T03:58:52.540+0000] {processor.py:799} INFO - Processing file /opt/airflow/dags/7_branch_pythoon_operator.py for tasks to queue
[2026-09-21T03:58:52.541+0000] {logging_mixin.py:149} INFO - [2026-09-21T03:58:52.541+0000] {dagbag.py:541} INFO - Filling up the DagBag from /opt/airflow/dags/7_branch_pythoon_operator.py
[2026-09-21T03:58:52.552+0000] {processor.py:809} INFO - DAG(s) dict_keys(['7-branching']) retrieved from /opt/airflow/dags/7_branch_pythoon_operator.py
[2026-09-21T03:58:52.616+0000] {logging_mixin.py:149} INFO - [2026-09-21T03:58:52.615+0000] {dag.py:2726} INFO - Sync 1 DAGs
[2026-09-21T03:58:52.660+0000] {logging_mixin.py:149} INFO - [2026-09-21T03:58:52.660+0000] {dag.py:3490} INFO - Setting next_dagrun for 7-branching to None, run_after=None
[2026-09-21T03:58:52.689+0000] {processor.py:178} INFO - Processing /opt/airflow/dags/7_branch_pythoon_operator.py took 0.157 seconds
[2026-09-21T03:59:22.803+0000] {processor.py:156} INFO - Started process (PID=2975) to work on /opt/airflow/dags/7_branch_pythoon_operator.py
[2026-09-21T03:59:22.804+0000] {processor.py:799} INFO - Processing file /opt/airflow/dags/7_branch_pythoon_operator.py for tasks to queue
[2026-09-21T03:59:22.805+0000] {logging_mixin.py:149} INFO - [2026-09-21T03:59:22.805+0000] {dagbag.py:541} INFO - Filling up the DagBag from /opt/airflow/dags/7_branch_pythoon_operator.py
[2026-09-21T03:59:22.816+0000] {processor.py:809} INFO - DAG(s) dict_keys(['7-branching']) retrieved from /opt/airflow/dags/7_branch_pythoon_operator.py
[2026-09-21T03:59:22.866+0000] {logging_mixin.py:149} INFO - [2026-09-21T03:59:22.865+0000] {dag.py:2726} INFO - Sync 1 DAGs
[2026-09-21T03:59:22.904+0000] {logging_mixin.py:149} INFO - [2026-09-21T03:59:22.903+0000] {dag.py:3490} INFO - Setting next_dagrun for 7-branching to None, run_after=None
[2026-09-21T03:59:22.931+0000] {processor.py:178} INFO - Processing /opt/airflow/dags/7_branch_pythoon_operator.py took 0.134 seconds
[2026-09-21T03:59:53.938+0000] {processor.py:156} INFO - Started process (PID=2989) to work on /opt/airflow/dags/7_branch_pythoon_operator.py
[2026-09-21T03:59:53.940+0000] {processor.py:799} INFO - Processing file /opt/airflow/dags/7_branch_pythoon_operator.py for tasks to queue
[2026-09-21T03:59:53.941+0000] {logging_mixin.py:149} INFO - [2026-09-21T03:59:53.941+0000] {dagbag.py:541} INFO - Filling up the DagBag from /opt/airflow/dags/7_branch_pythoon_operator.py
[2026-09-21T03:59:53.954+0000] {processor.py:809} INFO - DAG(s) dict_keys(['7-branching']) retrieved from /opt/airflow/dags/7_branch_pythoon_operator.py
[2026-09-21T03:59:54.013+0000] {logging_mixin.py:149} INFO - [2026-09-21T03:59:54.013+0000] {dag.py:2726} INFO - Sync 1 DAGs
[2026-09-21T03:59:54.063+0000] {logging_mixin.py:149} INFO - [2026-09-21T03:59:54.063+0000] {dag.py:3490} INFO - Setting next_dagrun for 7-branching to None, run_after=None
[2026-09-21T03:59:54.102+0000] {processor.py:178} INFO - Processing /opt/airflow/dags/7_branch_pythoon_operator.py took 0.182 seconds
[2026-09-21T04:00:24.956+0000] {processor.py:156} INFO - Started process (PID=3003) to work on /opt/airflow/dags/7_branch_pythoon_operator.py
[2026-09-21T04:00:24.958+0000] {processor.py:799} INFO - Processing file /opt/airflow/dags/7_branch_pythoon_operator.py for tasks to queue
[2026-09-21T04:00:24.959+0000] {logging_mixin.py:149} INFO - [2026-09-21T04:00:24.959+0000] {dagbag.py:541} INFO - Filling up the DagBag from /opt/airflow/dags/7_branch_pythoon_operator.py
[2026-09-21T04:00:24.968+0000] {processor.py:809} INFO - DAG(s) dict_keys(['7-branching']) retrieved from /opt/airflow/dags/7_branch_pythoon_operator.py
[2026-09-21T04:00:25.028+0000] {logging_mixin.py:149} INFO - [2026-09-21T04:00:25.028+0000] {dag.py:2726} INFO - Sync 1 DAGs
[2026-09-21T04:00:25.058+0000] {logging_mixin.py:149} INFO - [2026-09-21T04:00:25.058+0000] {dag.py:3490} INFO - Setting next_dagrun for 7-branching to None, run_after=None
[2026-09-21T04:00:25.081+0000] {processor.py:178} INFO - Processing /opt/airflow/dags/7_branch_pythoon_operator.py took 0.132 seconds
[2026-09-21T04:00:55.883+0000] {processor.py:156} INFO - Started process (PID=3023) to work on /opt/airflow/dags/7_branch_pythoon_operator.py
[2026-09-21T04:00:55.884+0000] {processor.py:799} INFO - Processing file /opt/airflow/dags/7_branch_pythoon_operator.py for tasks to queue
[2026-09-21T04:00:55.885+0000] {logging_mixin.py:149} INFO - [2026-09-21T04:00:55.885+0000] {dagbag.py:541} INFO - Filling up the DagBag from /opt/airflow/dags/7_branch_pythoon_operator.py
[2026-09-21T04:00:55.897+0000] {processor.py:809} INFO - DAG(s) dict_keys(['7-branching']) retrieved from /opt/airflow/dags/7_branch_pythoon_operator.py
[2026-09-21T04:00:55.949+0000] {logging_mixin.py:149} INFO - [2026-09-21T04:00:55.949+0000] {dag.py:2726} INFO - Sync 1 DAGs
[2026-09-21T04:00:56.000+0000] {logging_mixin.py:149} INFO - [2026-09-21T04:00:55.999+0000] {dag.py:3490} INFO - Setting next_dagrun for 7-branching to None, run_after=None
[2026-09-21T04:00:56.289+0000] {processor.py:178} INFO - Processing /opt/airflow/dags/7_branch_pythoon_operator.py took 0.414 seconds
[2026-09-21T04:01:26.947+0000] {processor.py:156} INFO - Started process (PID=3037) to work on /opt/airflow/dags/7_branch_pythoon_operator.py
[2026-09-21T04:01:26.951+0000] {processor.py:799} INFO - Processing file /opt/airflow/dags/7_branch_pythoon_operator.py for tasks to queue
[2026-09-21T04:01:26.952+0000] {logging_mixin.py:149} INFO - [2026-09-21T04:01:26.952+0000] {dagbag.py:541} INFO - Filling up the DagBag from /opt/airflow/dags/7_branch_pythoon_operator.py
[2026-09-21T04:01:26.964+0000] {processor.py:809} INFO - DAG(s) dict_keys(['7-branching']) retrieved from /opt/airflow/dags/7_branch_pythoon_operator.py
[2026-09-21T04:01:27.305+0000] {logging_mixin.py:149} INFO - [2026-09-21T04:01:27.304+0000] {dag.py:2726} INFO - Sync 1 DAGs
[2026-09-21T04:01:27.338+0000] {logging_mixin.py:149} INFO - [2026-09-21T04:01:27.337+0000] {dag.py:3490} INFO - Setting next_dagrun for 7-branching to None, run_after=None
[2026-09-21T04:01:27.364+0000] {processor.py:178} INFO - Processing /opt/airflow/dags/7_branch_pythoon_operator.py took 0.430 seconds
[2026-09-21T04:01:57.501+0000] {processor.py:156} INFO - Started process (PID=3051) to work on /opt/airflow/dags/7_branch_pythoon_operator.py
[2026-09-21T04:01:57.503+0000] {processor.py:799} INFO - Processing file /opt/airflow/dags/7_branch_pythoon_operator.py for tasks to queue
[2026-09-21T04:01:57.504+0000] {logging_mixin.py:149} INFO - [2026-09-21T04:01:57.504+0000] {dagbag.py:541} INFO - Filling up the DagBag from /opt/airflow/dags/7_branch_pythoon_operator.py
[2026-09-21T04:01:57.517+0000] {processor.py:809} INFO - DAG(s) dict_keys(['7-branching']) retrieved from /opt/airflow/dags/7_branch_pythoon_operator.py
[2026-09-21T04:01:57.583+0000] {logging_mixin.py:149} INFO - [2026-09-21T04:01:57.583+0000] {dag.py:2726} INFO - Sync 1 DAGs
[2026-09-21T04:01:57.626+0000] {logging_mixin.py:149} INFO - [2026-09-21T04:01:57.625+0000] {dag.py:3490} INFO - Setting next_dagrun for 7-branching to None, run_after=None
[2026-09-21T04:01:57.656+0000] {processor.py:178} INFO - Processing /opt/airflow/dags/7_branch_pythoon_operator.py took 0.162 seconds
[2026-09-21T04:02:27.436+0000] {processor.py:156} INFO - Started process (PID=3067) to work on /opt/airflow/dags/7_branch_pythoon_operator.py
[2026-09-21T04:02:27.438+0000] {processor.py:799} INFO - Processing file /opt/airflow/dags/7_branch_pythoon_operator.py for tasks to queue
[2026-09-21T04:02:27.439+0000] {logging_mixin.py:149} INFO - [2026-09-21T04:02:27.439+0000] {dagbag.py:541} INFO - Filling up the DagBag from /opt/airflow/dags/7_branch_pythoon_operator.py
[2026-09-21T04:02:27.451+0000] {processor.py:809} INFO - DAG(s) dict_keys(['7-branching']) retrieved from /opt/airflow/dags/7_branch_pythoon_operator.py
[2026-09-21T04:02:27.517+0000] {logging_mixin.py:149} INFO - [2026-09-21T04:02:27.516+0000] {dag.py:2726} INFO - Sync 1 DAGs
[2026-09-21T04:02:27.572+0000] {logging_mixin.py:149} INFO - [2026-09-21T04:02:27.571+0000] {dag.py:3490} INFO - Setting next_dagrun for 7-branching to None, run_after=None
[2026-09-21T04:02:27.621+0000] {processor.py:178} INFO - Processing /opt/airflow/dags/7_branch_pythoon_operator.py took 0.192 seconds
[2026-09-21T04:02:57.924+0000] {processor.py:156} INFO - Started process (PID=3081) to work on /opt/airflow/dags/7_branch_pythoon_operator.py
[2026-09-21T04:02:57.927+0000] {processor.py:799} INFO - Processing file /opt/airflow/dags/7_branch_pythoon_operator.py for tasks to queue
[2026-09-21T04:02:57.929+0000] {logging_mixin.py:149} INFO - [2026-09-21T04:02:57.929+0000] {dagbag.py:541} INFO - Filling up the DagBag from /opt/airflow/dags/7_branch_pythoon_operator.py
[2026-09-21T04:02:57.945+0000] {processor.py:809} INFO - DAG(s) dict_keys(['7-branching']) retrieved from /opt/airflow/dags/7_branch_pythoon_operator.py
[2026-09-21T04:02:58.032+0000] {logging_mixin.py:149} INFO - [2026-09-21T04:02:58.032+0000] {dag.py:2726} INFO - Sync 1 DAGs
[2026-09-21T04:02:58.083+0000] {logging_mixin.py:149} INFO - [2026-09-21T04:02:58.082+0000] {dag.py:3490} INFO - Setting next_dagrun for 7-branching to None, run_after=None
[2026-09-21T04:02:58.132+0000] {processor.py:178} INFO - Processing /opt/airflow/dags/7_branch_pythoon_operator.py took 0.215 seconds
[2026-09-21T04:03:28.201+0000] {processor.py:156} INFO - Started process (PID=3091) to work on /opt/airflow/dags/7_branch_pythoon_operator.py
[2026-09-21T04:03:28.203+0000] {processor.py:799} INFO - Processing file /opt/airflow/dags/7_branch_pythoon_operator.py for tasks to queue
[2026-09-21T04:03:28.204+0000] {logging_mixin.py:149} INFO - [2026-09-21T04:03:28.203+0000] {dagbag.py:541} INFO - Filling up the DagBag from /opt/airflow/dags/7_branch_pythoon_operator.py
[2026-09-21T04:03:28.215+0000] {processor.py:809} INFO - DAG(s) dict_keys(['7-branching']) retrieved from /opt/airflow/dags/7_branch_pythoon_operator.py
[2026-09-21T04:03:28.267+0000] {logging_mixin.py:149} INFO - [2026-09-21T04:03:28.267+0000] {dag.py:2726} INFO - Sync 1 DAGs
[2026-09-21T04:03:28.308+0000] {logging_mixin.py:149} INFO - [2026-09-21T04:03:28.308+0000] {dag.py:3490} INFO - Setting next_dagrun for 7-branching to None, run_after=None
[2026-09-21T04:03:28.356+0000] {processor.py:178} INFO - Processing /opt/airflow/dags/7_branch_pythoon_operator.py took 0.161 seconds
[2026-09-21T04:03:58.592+0000] {processor.py:156} INFO - Started process (PID=3105) to work on /opt/airflow/dags/7_branch_pythoon_operator.py
[2026-09-21T04:03:58.595+0000] {processor.py:799} INFO - Processing file /opt/airflow/dags/7_branch_pythoon_operator.py for tasks to queue
[2026-09-21T04:03:58.596+0000] {logging_mixin.py:149} INFO - [2026-09-21T04:03:58.596+0000] {dagbag.py:541} INFO - Filling up the DagBag from /opt/airflow/dags/7_branch_pythoon_operator.py
[2026-09-21T04:03:58.610+0000] {processor.py:809} INFO - DAG(s) dict_keys(['7-branching']) retrieved from /opt/airflow/dags/7_branch_pythoon_operator.py
[2026-09-21T04:03:58.664+0000] {logging_mixin.py:149} INFO - [2026-09-21T04:03:58.664+0000] {dag.py:2726} INFO - Sync 1 DAGs
[2026-09-21T04:03:58.700+0000] {logging_mixin.py:149} INFO - [2026-09-21T04:03:58.700+0000] {dag.py:3490} INFO - Setting next_dagrun for 7-branching to None, run_after=None
[2026-09-21T04:03:58.730+0000] {processor.py:178} INFO - Processing /opt/airflow/dags/7_branch_pythoon_operator.py took 0.144 seconds
[2026-09-21T04:04:28.903+0000] {processor.py:156} INFO - Started process (PID=3119) to work on /opt/airflow/dags/7_branch_pythoon_operator.py
[2026-09-21T04:04:28.904+0000] {processor.py:799} INFO - Processing file /opt/airflow/dags/7_branch_pythoon_operator.py for tasks to queue
[2026-09-21T04:04:28.905+0000] {logging_mixin.py:149} INFO - [2026-09-21T04:04:28.905+0000] {dagbag.py:541} INFO - Filling up the DagBag from /opt/airflow/dags/7_branch_pythoon_operator.py
[2026-09-21T04:04:28.916+0000] {processor.py:809} INFO - DAG(s) dict_keys(['7-branching']) retrieved from /opt/airflow/dags/7_branch_pythoon_operator.py
[2026-09-21T04:04:28.971+0000] {logging_mixin.py:149} INFO - [2026-09-21T04:04:28.971+0000] {dag.py:2726} INFO - Sync 1 DAGs
[2026-09-21T04:04:29.011+0000] {logging_mixin.py:149} INFO - [2026-09-21T04:04:29.010+0000] {dag.py:3490} INFO - Setting next_dagrun for 7-branching to None, run_after=None
[2026-09-21T04:04:29.082+0000] {processor.py:178} INFO - Processing /opt/airflow/dags/7_branch_pythoon_operator.py took 0.185 seconds
[2026-09-21T04:04:59.735+0000] {processor.py:156} INFO - Started process (PID=3133) to work on /opt/airflow/dags/7_branch_pythoon_operator.py
[2026-09-21T04:04:59.741+0000] {processor.py:799} INFO - Processing file /opt/airflow/dags/7_branch_pythoon_operator.py for tasks to queue
[2026-09-21T04:04:59.742+0000] {logging_mixin.py:149} INFO - [2026-09-21T04:04:59.742+0000] {dagbag.py:541} INFO - Filling up the DagBag from /opt/airflow/dags/7_branch_pythoon_operator.py
[2026-09-21T04:04:59.757+0000] {processor.py:809} INFO - DAG(s) dict_keys(['7-branching']) retrieved from /opt/airflow/dags/7_branch_pythoon_operator.py
[2026-09-21T04:04:59.820+0000] {logging_mixin.py:149} INFO - [2026-09-21T04:04:59.819+0000] {dag.py:2726} INFO - Sync 1 DAGs
[2026-09-21T04:04:59.868+0000] {logging_mixin.py:149} INFO - [2026-09-21T04:04:59.868+0000] {dag.py:3490} INFO - Setting next_dagrun for 7-branching to None, run_after=None
[2026-09-21T04:04:59.905+0000] {processor.py:178} INFO - Processing /opt/airflow/dags/7_branch_pythoon_operator.py took 0.176 seconds
[2026-09-21T04:05:30.258+0000] {processor.py:156} INFO - Started process (PID=3147) to work on /opt/airflow/dags/7_branch_pythoon_operator.py
[2026-09-21T04:05:30.259+0000] {processor.py:799} INFO - Processing file /opt/airflow/dags/7_branch_pythoon_operator.py for tasks to queue
[2026-09-21T04:05:30.260+0000] {logging_mixin.py:149} INFO - [2026-09-21T04:05:30.260+0000] {dagbag.py:541} INFO - Filling up the DagBag from /opt/airflow/dags/7_branch_pythoon_operator.py
[2026-09-21T04:05:30.272+0000] {processor.py:809} INFO - DAG(s) dict_keys(['7-branching']) retrieved from /opt/airflow/dags/7_branch_pythoon_operator.py
[2026-09-21T04:05:30.346+0000] {logging_mixin.py:149} INFO - [2026-09-21T04:05:30.346+0000] {dag.py:2726} INFO - Sync 1 DAGs
[2026-09-21T04:05:30.384+0000] {logging_mixin.py:149} INFO - [2026-09-21T04:05:30.383+0000] {dag.py:3490} INFO - Setting next_dagrun for 7-branching to None, run_after=None
[2026-09-21T04:05:30.423+0000] {processor.py:178} INFO - Processing /opt/airflow/dags/7_branch_pythoon_operator.py took 0.172 seconds
[2026-09-21T04:06:01.318+0000] {processor.py:156} INFO - Started process (PID=3161) to work on /opt/airflow/dags/7_branch_pythoon_operator.py
[2026-09-21T04:06:01.322+0000] {processor.py:799} INFO - Processing file /opt/airflow/dags/7_branch_pythoon_operator.py for tasks to queue
[2026-09-21T04:06:01.323+0000] {logging_mixin.py:149} INFO - [2026-09-21T04:06:01.323+0000] {dagbag.py:541} INFO - Filling up the DagBag from /opt/airflow/dags/7_branch_pythoon_operator.py
[2026-09-21T04:06:01.337+0000] {processor.py:809} INFO - DAG(s) dict_keys(['7-branching']) retrieved from /opt/airflow/dags/7_branch_pythoon_operator.py
[2026-09-21T04:06:01.395+0000] {logging_mixin.py:149} INFO - [2026-09-21T04:06:01.395+0000] {dag.py:2726} INFO - Sync 1 DAGs
[2026-09-21T04:06:01.437+0000] {logging_mixin.py:149} INFO - [2026-09-21T04:06:01.437+0000] {dag.py:3490} INFO - Setting next_dagrun for 7-branching to None, run_after=None
[2026-09-21T04:06:01.468+0000] {processor.py:178} INFO - Processing /opt/airflow/dags/7_branch_pythoon_operator.py took 0.158 seconds
[2026-09-21T04:06:32.178+0000] {processor.py:156} INFO - Started process (PID=3175) to work on /opt/airflow/dags/7_branch_pythoon_operator.py
[2026-09-21T04:06:32.180+0000] {processor.py:799} INFO - Processing file /opt/airflow/dags/7_branch_pythoon_operator.py for tasks to queue
[2026-09-21T04:06:32.181+0000] {logging_mixin.py:149} INFO - [2026-09-21T04:06:32.181+0000] {dagbag.py:541} INFO - Filling up the DagBag from /opt/airflow/dags/7_branch_pythoon_operator.py
[2026-09-21T04:06:32.201+0000] {processor.py:809} INFO - DAG(s) dict_keys(['7-branching']) retrieved from /opt/airflow/dags/7_branch_pythoon_operator.py
[2026-09-21T04:06:32.270+0000] {logging_mixin.py:149} INFO - [2026-09-21T04:06:32.270+0000] {dag.py:2726} INFO - Sync 1 DAGs
[2026-09-21T04:06:32.317+0000] {logging_mixin.py:149} INFO - [2026-09-21T04:06:32.317+0000] {dag.py:3490} INFO - Setting next_dagrun for 7-branching to None, run_after=None
[2026-09-21T04:06:32.367+0000] {processor.py:178} INFO - Processing /opt/airflow/dags/7_branch_pythoon_operator.py took 0.199 seconds
[2026-09-21T04:07:03.239+0000] {processor.py:156} INFO - Started process (PID=3189) to work on /opt/airflow/dags/7_branch_pythoon_operator.py
[2026-09-21T04:07:03.245+0000] {processor.py:799} INFO - Processing file /opt/airflow/dags/7_branch_pythoon_operator.py for tasks to queue
[2026-09-21T04:07:03.247+0000] {logging_mixin.py:149} INFO - [2026-09-21T04:07:03.246+0000] {dagbag.py:541} INFO - Filling up the DagBag from /opt/airflow/dags/7_branch_pythoon_operator.py
[2026-09-21T04:07:03.263+0000] {processor.py:809} INFO - DAG(s) dict_keys(['7-branching']) retrieved from /opt/airflow/dags/7_branch_pythoon_operator.py
[2026-09-21T04:07:03.318+0000] {logging_mixin.py:149} INFO - [2026-09-21T04:07:03.318+0000] {dag.py:2726} INFO - Sync 1 DAGs
[2026-09-21T04:07:03.355+0000] {logging_mixin.py:149} INFO - [2026-09-21T04:07:03.355+0000] {dag.py:3490} INFO - Setting next_dagrun for 7-branching to None, run_after=None
[2026-09-21T04:07:03.384+0000] {processor.py:178} INFO - Processing /opt/airflow/dags/7_branch_pythoon_operator.py took 0.159 seconds
[2026-09-21T04:07:32.123+0000] {processor.py:156} INFO - Started process (PID=3209) to work on /opt/airflow/dags/7_branch_pythoon_operator.py
[2026-09-21T04:07:32.124+0000] {processor.py:799} INFO - Processing file /opt/airflow/dags/7_branch_pythoon_operator.py for tasks to queue
[2026-09-21T04:07:32.125+0000] {logging_mixin.py:149} INFO - [2026-09-21T04:07:32.125+0000] {dagbag.py:541} INFO - Filling up the DagBag from /opt/airflow/dags/7_branch_pythoon_operator.py
[2026-09-21T04:07:32.154+0000] {processor.py:809} INFO - DAG(s) dict_keys(['7-branching']) retrieved from /opt/airflow/dags/7_branch_pythoon_operator.py
[2026-09-21T04:07:32.277+0000] {logging_mixin.py:149} INFO - [2026-09-21T04:07:32.277+0000] {dag.py:2726} INFO - Sync 1 DAGs
[2026-09-21T04:07:32.354+0000] {logging_mixin.py:149} INFO - [2026-09-21T04:07:32.354+0000] {dag.py:3490} INFO - Setting next_dagrun for 7-branching to None, run_after=None
[2026-09-21T04:07:32.391+0000] {processor.py:178} INFO - Processing /opt/airflow/dags/7_branch_pythoon_operator.py took 0.282 seconds
[2026-09-21T04:08:02.708+0000] {processor.py:156} INFO - Started process (PID=3219) to work on /opt/airflow/dags/7_branch_pythoon_operator.py
[2026-09-21T04:08:02.712+0000] {processor.py:799} INFO - Processing file /opt/airflow/dags/7_branch_pythoon_operator.py for tasks to queue
[2026-09-21T04:08:02.713+0000] {logging_mixin.py:149} INFO - [2026-09-21T04:08:02.713+0000] {dagbag.py:541} INFO - Filling up the DagBag from /opt/airflow/dags/7_branch_pythoon_operator.py
[2026-09-21T04:08:02.725+0000] {processor.py:809} INFO - DAG(s) dict_keys(['7-branching']) retrieved from /opt/airflow/dags/7_branch_pythoon_operator.py
[2026-09-21T04:08:02.775+0000] {logging_mixin.py:149} INFO - [2026-09-21T04:08:02.774+0000] {dag.py:2726} INFO - Sync 1 DAGs
[2026-09-21T04:08:02.811+0000] {logging_mixin.py:149} INFO - [2026-09-21T04:08:02.810+0000] {dag.py:3490} INFO - Setting next_dagrun for 7-branching to None, run_after=None
[2026-09-21T04:08:02.845+0000] {processor.py:178} INFO - Processing /opt/airflow/dags/7_branch_pythoon_operator.py took 0.143 seconds
[2026-09-21T04:08:33.823+0000] {processor.py:156} INFO - Started process (PID=3233) to work on /opt/airflow/dags/7_branch_pythoon_operator.py
[2026-09-21T04:08:33.824+0000] {processor.py:799} INFO - Processing file /opt/airflow/dags/7_branch_pythoon_operator.py for tasks to queue
[2026-09-21T04:08:33.825+0000] {logging_mixin.py:149} INFO - [2026-09-21T04:08:33.825+0000] {dagbag.py:541} INFO - Filling up the DagBag from /opt/airflow/dags/7_branch_pythoon_operator.py
[2026-09-21T04:08:33.837+0000] {processor.py:809} INFO - DAG(s) dict_keys(['7-branching']) retrieved from /opt/airflow/dags/7_branch_pythoon_operator.py
[2026-09-21T04:08:33.889+0000] {logging_mixin.py:149} INFO - [2026-09-21T04:08:33.889+0000] {dag.py:2726} INFO - Sync 1 DAGs
[2026-09-21T04:08:33.931+0000] {logging_mixin.py:149} INFO - [2026-09-21T04:08:33.931+0000] {dag.py:3490} INFO - Setting next_dagrun for 7-branching to None, run_after=None
[2026-09-21T04:08:33.972+0000] {processor.py:178} INFO - Processing /opt/airflow/dags/7_branch_pythoon_operator.py took 0.156 seconds
[2026-09-21T04:09:04.987+0000] {processor.py:156} INFO - Started process (PID=3247) to work on /opt/airflow/dags/7_branch_pythoon_operator.py
[2026-09-21T04:09:04.991+0000] {processor.py:799} INFO - Processing file /opt/airflow/dags/7_branch_pythoon_operator.py for tasks to queue
[2026-09-21T04:09:04.992+0000] {logging_mixin.py:149} INFO - [2026-09-21T04:09:04.992+0000] {dagbag.py:541} INFO - Filling up the DagBag from /opt/airflow/dags/7_branch_pythoon_operator.py
[2026-09-21T04:09:05.012+0000] {processor.py:809} INFO - DAG(s) dict_keys(['7-branching']) retrieved from /opt/airflow/dags/7_branch_pythoon_operator.py
[2026-09-21T04:09:05.090+0000] {logging_mixin.py:149} INFO - [2026-09-21T04:09:05.089+0000] {dag.py:2726} INFO - Sync 1 DAGs
[2026-09-21T04:09:05.132+0000] {logging_mixin.py:149} INFO - [2026-09-21T04:09:05.132+0000] {dag.py:3490} INFO - Setting next_dagrun for 7-branching to None, run_after=None
[2026-09-21T04:09:05.161+0000] {processor.py:178} INFO - Processing /opt/airflow/dags/7_branch_pythoon_operator.py took 0.180 seconds
[2026-09-21T04:09:36.069+0000] {processor.py:156} INFO - Started process (PID=3261) to work on /opt/airflow/dags/7_branch_pythoon_operator.py
[2026-09-21T04:09:36.071+0000] {processor.py:799} INFO - Processing file /opt/airflow/dags/7_branch_pythoon_operator.py for tasks to queue
[2026-09-21T04:09:36.071+0000] {logging_mixin.py:149} INFO - [2026-09-21T04:09:36.071+0000] {dagbag.py:541} INFO - Filling up the DagBag from /opt/airflow/dags/7_branch_pythoon_operator.py
[2026-09-21T04:09:36.083+0000] {processor.py:809} INFO - DAG(s) dict_keys(['7-branching']) retrieved from /opt/airflow/dags/7_branch_pythoon_operator.py
[2026-09-21T04:09:36.134+0000] {logging_mixin.py:149} INFO - [2026-09-21T04:09:36.134+0000] {dag.py:2726} INFO - Sync 1 DAGs
[2026-09-21T04:09:36.165+0000] {logging_mixin.py:149} INFO - [2026-09-21T04:09:36.165+0000] {dag.py:3490} INFO - Setting next_dagrun for 7-branching to None, run_after=None
[2026-09-21T04:09:36.206+0000] {processor.py:178} INFO - Processing /opt/airflow/dags/7_branch_pythoon_operator.py took 0.142 seconds
[2026-09-21T04:10:06.783+0000] {processor.py:156} INFO - Started process (PID=3275) to work on /opt/airflow/dags/7_branch_pythoon_operator.py
[2026-09-21T04:10:06.785+0000] {processor.py:799} INFO - Processing file /opt/airflow/dags/7_branch_pythoon_operator.py for tasks to queue
[2026-09-21T04:10:06.786+0000] {logging_mixin.py:149} INFO - [2026-09-21T04:10:06.786+0000] {dagbag.py:541} INFO - Filling up the DagBag from /opt/airflow/dags/7_branch_pythoon_operator.py
[2026-09-21T04:10:06.797+0000] {processor.py:809} INFO - DAG(s) dict_keys(['7-branching']) retrieved from /opt/airflow/dags/7_branch_pythoon_operator.py
[2026-09-21T04:10:06.851+0000] {logging_mixin.py:149} INFO - [2026-09-21T04:10:06.851+0000] {dag.py:2726} INFO - Sync 1 DAGs
[2026-09-21T04:10:06.889+0000] {logging_mixin.py:149} INFO - [2026-09-21T04:10:06.889+0000] {dag.py:3490} INFO - Setting next_dagrun for 7-branching to None, run_after=None
[2026-09-21T04:10:06.936+0000] {processor.py:178} INFO - Processing /opt/airflow/dags/7_branch_pythoon_operator.py took 0.160 seconds
[2026-09-21T04:10:33.578+0000] {processor.py:156} INFO - Started process (PID=3293) to work on /opt/airflow/dags/7_branch_pythoon_operator.py
[2026-09-21T04:10:33.579+0000] {processor.py:799} INFO - Processing file /opt/airflow/dags/7_branch_pythoon_operator.py for tasks to queue
[2026-09-21T04:10:33.580+0000] {logging_mixin.py:149} INFO - [2026-09-21T04:10:33.580+0000] {dagbag.py:541} INFO - Filling up the DagBag from /opt/airflow/dags/7_branch_pythoon_operator.py
[2026-09-21T04:10:33.592+0000] {processor.py:809} INFO - DAG(s) dict_keys(['7-branching']) retrieved from /opt/airflow/dags/7_branch_pythoon_operator.py
[2026-09-21T04:10:33.655+0000] {logging_mixin.py:149} INFO - [2026-09-21T04:10:33.654+0000] {dag.py:2726} INFO - Sync 1 DAGs
[2026-09-21T04:10:33.703+0000] {logging_mixin.py:149} INFO - [2026-09-21T04:10:33.703+0000] {dag.py:3490} INFO - Setting next_dagrun for 7-branching to None, run_after=None
[2026-09-21T04:10:33.745+0000] {processor.py:178} INFO - Processing /opt/airflow/dags/7_branch_pythoon_operator.py took 0.176 seconds
[2026-09-21T04:11:03.868+0000] {processor.py:156} INFO - Started process (PID=3303) to work on /opt/airflow/dags/7_branch_pythoon_operator.py
[2026-09-21T04:11:03.877+0000] {processor.py:799} INFO - Processing file /opt/airflow/dags/7_branch_pythoon_operator.py for tasks to queue
[2026-09-21T04:11:03.878+0000] {logging_mixin.py:149} INFO - [2026-09-21T04:11:03.878+0000] {dagbag.py:541} INFO - Filling up the DagBag from /opt/airflow/dags/7_branch_pythoon_operator.py
[2026-09-21T04:11:03.890+0000] {processor.py:809} INFO - DAG(s) dict_keys(['7-branching']) retrieved from /opt/airflow/dags/7_branch_pythoon_operator.py
[2026-09-21T04:11:03.946+0000] {logging_mixin.py:149} INFO - [2026-09-21T04:11:03.945+0000] {dag.py:2726} INFO - Sync 1 DAGs
[2026-09-21T04:11:03.993+0000] {logging_mixin.py:149} INFO - [2026-09-21T04:11:03.992+0000] {dag.py:3490} INFO - Setting next_dagrun for 7-branching to None, run_after=None
[2026-09-21T04:11:04.028+0000] {processor.py:178} INFO - Processing /opt/airflow/dags/7_branch_pythoon_operator.py took 0.166 seconds
[2026-09-21T04:11:34.462+0000] {processor.py:156} INFO - Started process (PID=3317) to work on /opt/airflow/dags/7_branch_pythoon_operator.py
[2026-09-21T04:11:34.464+0000] {processor.py:799} INFO - Processing file /opt/airflow/dags/7_branch_pythoon_operator.py for tasks to queue
[2026-09-21T04:11:34.466+0000] {logging_mixin.py:149} INFO - [2026-09-21T04:11:34.465+0000] {dagbag.py:541} INFO - Filling up the DagBag from /opt/airflow/dags/7_branch_pythoon_operator.py
[2026-09-21T04:11:34.479+0000] {processor.py:809} INFO - DAG(s) dict_keys(['7-branching']) retrieved from /opt/airflow/dags/7_branch_pythoon_operator.py
[2026-09-21T04:11:34.571+0000] {logging_mixin.py:149} INFO - [2026-09-21T04:11:34.570+0000] {dag.py:2726} INFO - Sync 1 DAGs
[2026-09-21T04:11:34.611+0000] {logging_mixin.py:149} INFO - [2026-09-21T04:11:34.611+0000] {dag.py:3490} INFO - Setting next_dagrun for 7-branching to None, run_after=None
[2026-09-21T04:11:34.653+0000] {processor.py:178} INFO - Processing /opt/airflow/dags/7_branch_pythoon_operator.py took 0.198 seconds
[2026-09-21T04:12:05.554+0000] {processor.py:156} INFO - Started process (PID=3331) to work on /opt/airflow/dags/7_branch_pythoon_operator.py
[2026-09-21T04:12:05.557+0000] {processor.py:799} INFO - Processing file /opt/airflow/dags/7_branch_pythoon_operator.py for tasks to queue
[2026-09-21T04:12:05.558+0000] {logging_mixin.py:149} INFO - [2026-09-21T04:12:05.558+0000] {dagbag.py:541} INFO - Filling up the DagBag from /opt/airflow/dags/7_branch_pythoon_operator.py
[2026-09-21T04:12:05.571+0000] {processor.py:809} INFO - DAG(s) dict_keys(['7-branching']) retrieved from /opt/airflow/dags/7_branch_pythoon_operator.py
[2026-09-21T04:12:05.622+0000] {logging_mixin.py:149} INFO - [2026-09-21T04:12:05.622+0000] {dag.py:2726} INFO - Sync 1 DAGs
[2026-09-21T04:12:05.670+0000] {logging_mixin.py:149} INFO - [2026-09-21T04:12:05.670+0000] {dag.py:3490} INFO - Setting next_dagrun for 7-branching to None, run_after=None
[2026-09-21T04:12:05.708+0000] {processor.py:178} INFO - Processing /opt/airflow/dags/7_branch_pythoon_operator.py took 0.161 seconds
[2026-09-21T04:12:36.682+0000] {processor.py:156} INFO - Started process (PID=3345) to work on /opt/airflow/dags/7_branch_pythoon_operator.py
[2026-09-21T04:12:36.687+0000] {processor.py:799} INFO - Processing file /opt/airflow/dags/7_branch_pythoon_operator.py for tasks to queue
[2026-09-21T04:12:36.690+0000] {logging_mixin.py:149} INFO - [2026-09-21T04:12:36.689+0000] {dagbag.py:541} INFO - Filling up the DagBag from /opt/airflow/dags/7_branch_pythoon_operator.py
[2026-09-21T04:12:36.711+0000] {processor.py:809} INFO - DAG(s) dict_keys(['7-branching']) retrieved from /opt/airflow/dags/7_branch_pythoon_operator.py
[2026-09-21T04:12:36.778+0000] {logging_mixin.py:149} INFO - [2026-09-21T04:12:36.777+0000] {dag.py:2726} INFO - Sync 1 DAGs
[2026-09-21T04:12:36.843+0000] {logging_mixin.py:149} INFO - [2026-09-21T04:12:36.843+0000] {dag.py:3490} INFO - Setting next_dagrun for 7-branching to None, run_after=None
[2026-09-21T04:12:36.913+0000] {processor.py:178} INFO - Processing /opt/airflow/dags/7_branch_pythoon_operator.py took 0.241 seconds
