[2026-09-21T00:00:24.841+0000] {processor.py:156} INFO - Started process (PID=3244) to work on /opt/airflow/dags/8_mlops_pipeline.py
[2026-09-21T00:00:24.843+0000] {processor.py:799} INFO - Processing file /opt/airflow/dags/8_mlops_pipeline.py for tasks to queue
[2026-09-21T00:00:24.845+0000] {logging_mixin.py:149} INFO - [2026-09-21T00:00:24.844+0000] {dagbag.py:541} INFO - Filling up the DagBag from /opt/airflow/dags/8_mlops_pipeline.py
[2026-09-21T00:00:24.870+0000] {processor.py:809} INFO - DAG(s) dict_keys(['8-mlops_pipeline']) retrieved from /opt/airflow/dags/8_mlops_pipeline.py
[2026-09-21T00:00:24.963+0000] {logging_mixin.py:149} INFO - [2026-09-21T00:00:24.962+0000] {dag.py:2726} INFO - Sync 1 DAGs
[2026-09-21T00:00:25.003+0000] {logging_mixin.py:149} INFO - [2026-09-21T00:00:25.003+0000] {dag.py:3490} INFO - Setting next_dagrun for 8-mlops_pipeline to None, run_after=None
[2026-09-21T00:00:25.030+0000] {processor.py:178} INFO - Processing /opt/airflow/dags/8_mlops_pipeline.py took 0.197 seconds
[2026-09-21T00:00:55.164+0000] {processor.py:156} INFO - Started process (PID=3254) to work on /opt/airflow/dags/8_mlops_pipeline.py
[2026-09-21T00:00:55.169+0000] {processor.py:799} INFO - Processing file /opt/airflow/dags/8_mlops_pipeline.py for tasks to queue
[2026-09-21T00:00:55.171+0000] {logging_mixin.py:149} INFO - [2026-09-21T00:00:55.170+0000] {dagbag.py:541} INFO - Filling up the DagBag from /opt/airflow/dags/8_mlops_pipeline.py
[2026-09-21T00:00:55.201+0000] {processor.py:809} INFO - DAG(s) dict_keys(['8-mlops_pipeline']) retrieved from /opt/airflow/dags/8_mlops_pipeline.py
[2026-09-21T00:00:55.322+0000] {logging_mixin.py:149} INFO - [2026-09-21T00:00:55.322+0000] {dag.py:2726} INFO - Sync 1 DAGs
[2026-09-21T00:00:55.411+0000] {logging_mixin.py:149} INFO - [2026-09-21T00:00:55.410+0000] {dag.py:3490} INFO - Setting next_dagrun for 8-mlops_pipeline to None, run_after=None
[2026-09-21T00:00:55.481+0000] {processor.py:178} INFO - Processing /opt/airflow/dags/8_mlops_pipeline.py took 0.324 seconds
[2026-09-21T00:01:25.528+0000] {processor.py:156} INFO - Started process (PID=3264) to work on /opt/airflow/dags/8_mlops_pipeline.py
[2026-09-21T00:01:25.530+0000] {processor.py:799} INFO - Processing file /opt/airflow/dags/8_mlops_pipeline.py for tasks to queue
[2026-09-21T00:01:25.533+0000] {logging_mixin.py:149} INFO - [2026-09-21T00:01:25.531+0000] {dagbag.py:541} INFO - Filling up the DagBag from /opt/airflow/dags/8_mlops_pipeline.py
[2026-09-21T00:01:25.563+0000] {processor.py:809} INFO - DAG(s) dict_keys(['8-mlops_pipeline']) retrieved from /opt/airflow/dags/8_mlops_pipeline.py
[2026-09-21T00:01:25.626+0000] {logging_mixin.py:149} INFO - [2026-09-21T00:01:25.626+0000] {dag.py:2726} INFO - Sync 1 DAGs
[2026-09-21T00:01:25.696+0000] {logging_mixin.py:149} INFO - [2026-09-21T00:01:25.696+0000] {dag.py:3490} INFO - Setting next_dagrun for 8-mlops_pipeline to None, run_after=None
[2026-09-21T00:01:25.765+0000] {processor.py:178} INFO - Processing /opt/airflow/dags/8_mlops_pipeline.py took 0.243 seconds
[2026-09-21T00:01:56.029+0000] {processor.py:156} INFO - Started process (PID=3274) to work on /opt/airflow/dags/8_mlops_pipeline.py
[2026-09-21T00:01:56.032+0000] {processor.py:799} INFO - Processing file /opt/airflow/dags/8_mlops_pipeline.py for tasks to queue
[2026-09-21T00:01:56.035+0000] {logging_mixin.py:149} INFO - [2026-09-21T00:01:56.034+0000] {dagbag.py:541} INFO - Filling up the DagBag from /opt/airflow/dags/8_mlops_pipeline.py
[2026-09-21T00:01:56.068+0000] {processor.py:809} INFO - DAG(s) dict_keys(['8-mlops_pipeline']) retrieved from /opt/airflow/dags/8_mlops_pipeline.py
[2026-09-21T00:01:56.159+0000] {logging_mixin.py:149} INFO - [2026-09-21T00:01:56.159+0000] {dag.py:2726} INFO - Sync 1 DAGs
[2026-09-21T00:01:56.212+0000] {logging_mixin.py:149} INFO - [2026-09-21T00:01:56.211+0000] {dag.py:3490} INFO - Setting next_dagrun for 8-mlops_pipeline to None, run_after=None
[2026-09-21T00:01:56.253+0000] {processor.py:178} INFO - Processing /opt/airflow/dags/8_mlops_pipeline.py took 0.234 seconds
[2026-09-21T00:02:26.415+0000] {processor.py:156} INFO - Started process (PID=3284) to work on /opt/airflow/dags/8_mlops_pipeline.py
[2026-09-21T00:02:26.419+0000] {processor.py:799} INFO - Processing file /opt/airflow/dags/8_mlops_pipeline.py for tasks to queue
[2026-09-21T00:02:26.422+0000] {logging_mixin.py:149} INFO - [2026-09-21T00:02:26.421+0000] {dagbag.py:541} INFO - Filling up the DagBag from /opt/airflow/dags/8_mlops_pipeline.py
[2026-09-21T00:02:26.445+0000] {processor.py:809} INFO - DAG(s) dict_keys(['8-mlops_pipeline']) retrieved from /opt/airflow/dags/8_mlops_pipeline.py
[2026-09-21T00:02:26.550+0000] {logging_mixin.py:149} INFO - [2026-09-21T00:02:26.550+0000] {dag.py:2726} INFO - Sync 1 DAGs
[2026-09-21T00:02:26.637+0000] {logging_mixin.py:149} INFO - [2026-09-21T00:02:26.637+0000] {dag.py:3490} INFO - Setting next_dagrun for 8-mlops_pipeline to None, run_after=None
[2026-09-21T00:02:26.702+0000] {processor.py:178} INFO - Processing /opt/airflow/dags/8_mlops_pipeline.py took 0.300 seconds
[2026-09-21T00:02:57.357+0000] {processor.py:156} INFO - Started process (PID=3294) to work on /opt/airflow/dags/8_mlops_pipeline.py
[2026-09-21T00:02:57.359+0000] {processor.py:799} INFO - Processing file /opt/airflow/dags/8_mlops_pipeline.py for tasks to queue
[2026-09-21T00:02:57.361+0000] {logging_mixin.py:149} INFO - [2026-09-21T00:02:57.360+0000] {dagbag.py:541} INFO - Filling up the DagBag from /opt/airflow/dags/8_mlops_pipeline.py
[2026-09-21T00:02:57.381+0000] {processor.py:809} INFO - DAG(s) dict_keys(['8-mlops_pipeline']) retrieved from /opt/airflow/dags/8_mlops_pipeline.py
[2026-09-21T00:02:57.444+0000] {logging_mixin.py:149} INFO - [2026-09-21T00:02:57.444+0000] {dag.py:2726} INFO - Sync 1 DAGs
[2026-09-21T00:02:57.491+0000] {logging_mixin.py:149} INFO - [2026-09-21T00:02:57.490+0000] {dag.py:3490} INFO - Setting next_dagrun for 8-mlops_pipeline to None, run_after=None
[2026-09-21T00:02:57.532+0000] {processor.py:178} INFO - Processing /opt/airflow/dags/8_mlops_pipeline.py took 0.180 seconds
[2026-09-21T00:03:27.623+0000] {processor.py:156} INFO - Started process (PID=3304) to work on /opt/airflow/dags/8_mlops_pipeline.py
[2026-09-21T00:03:27.628+0000] {processor.py:799} INFO - Processing file /opt/airflow/dags/8_mlops_pipeline.py for tasks to queue
[2026-09-21T00:03:27.629+0000] {logging_mixin.py:149} INFO - [2026-09-21T00:03:27.629+0000] {dagbag.py:541} INFO - Filling up the DagBag from /opt/airflow/dags/8_mlops_pipeline.py
[2026-09-21T00:03:27.663+0000] {processor.py:809} INFO - DAG(s) dict_keys(['8-mlops_pipeline']) retrieved from /opt/airflow/dags/8_mlops_pipeline.py
[2026-09-21T00:03:27.731+0000] {logging_mixin.py:149} INFO - [2026-09-21T00:03:27.731+0000] {dag.py:2726} INFO - Sync 1 DAGs
[2026-09-21T00:03:27.783+0000] {logging_mixin.py:149} INFO - [2026-09-21T00:03:27.783+0000] {dag.py:3490} INFO - Setting next_dagrun for 8-mlops_pipeline to None, run_after=None
[2026-09-21T00:03:27.836+0000] {processor.py:178} INFO - Processing /opt/airflow/dags/8_mlops_pipeline.py took 0.230 seconds
[2026-09-21T00:03:57.925+0000] {processor.py:156} INFO - Started process (PID=3314) to work on /opt/airflow/dags/8_mlops_pipeline.py
[2026-09-21T00:03:57.928+0000] {processor.py:799} INFO - Processing file /opt/airflow/dags/8_mlops_pipeline.py for tasks to queue
[2026-09-21T00:03:57.930+0000] {logging_mixin.py:149} INFO - [2026-09-21T00:03:57.929+0000] {dagbag.py:541} INFO - Filling up the DagBag from /opt/airflow/dags/8_mlops_pipeline.py
[2026-09-21T00:03:57.948+0000] {processor.py:809} INFO - DAG(s) dict_keys(['8-mlops_pipeline']) retrieved from /opt/airflow/dags/8_mlops_pipeline.py
[2026-09-21T00:03:58.017+0000] {logging_mixin.py:149} INFO - [2026-09-21T00:03:58.017+0000] {dag.py:2726} INFO - Sync 1 DAGs
[2026-09-21T00:03:58.061+0000] {logging_mixin.py:149} INFO - [2026-09-21T00:03:58.059+0000] {dag.py:3490} INFO - Setting next_dagrun for 8-mlops_pipeline to None, run_after=None
[2026-09-21T00:03:58.114+0000] {processor.py:178} INFO - Processing /opt/airflow/dags/8_mlops_pipeline.py took 0.198 seconds
[2026-09-21T00:04:29.047+0000] {processor.py:156} INFO - Started process (PID=3324) to work on /opt/airflow/dags/8_mlops_pipeline.py
[2026-09-21T00:04:29.062+0000] {processor.py:799} INFO - Processing file /opt/airflow/dags/8_mlops_pipeline.py for tasks to queue
[2026-09-21T00:04:29.064+0000] {logging_mixin.py:149} INFO - [2026-09-21T00:04:29.064+0000] {dagbag.py:541} INFO - Filling up the DagBag from /opt/airflow/dags/8_mlops_pipeline.py
[2026-09-21T00:04:29.145+0000] {processor.py:809} INFO - DAG(s) dict_keys(['8-mlops_pipeline']) retrieved from /opt/airflow/dags/8_mlops_pipeline.py
[2026-09-21T00:04:29.272+0000] {logging_mixin.py:149} INFO - [2026-09-21T00:04:29.271+0000] {dag.py:2726} INFO - Sync 1 DAGs
[2026-09-21T00:04:29.405+0000] {logging_mixin.py:149} INFO - [2026-09-21T00:04:29.405+0000] {dag.py:3490} INFO - Setting next_dagrun for 8-mlops_pipeline to None, run_after=None
[2026-09-21T00:04:29.550+0000] {processor.py:178} INFO - Processing /opt/airflow/dags/8_mlops_pipeline.py took 0.512 seconds
[2026-09-21T00:04:59.679+0000] {processor.py:156} INFO - Started process (PID=3334) to work on /opt/airflow/dags/8_mlops_pipeline.py
[2026-09-21T00:04:59.683+0000] {processor.py:799} INFO - Processing file /opt/airflow/dags/8_mlops_pipeline.py for tasks to queue
[2026-09-21T00:04:59.684+0000] {logging_mixin.py:149} INFO - [2026-09-21T00:04:59.684+0000] {dagbag.py:541} INFO - Filling up the DagBag from /opt/airflow/dags/8_mlops_pipeline.py
[2026-09-21T00:04:59.705+0000] {processor.py:809} INFO - DAG(s) dict_keys(['8-mlops_pipeline']) retrieved from /opt/airflow/dags/8_mlops_pipeline.py
[2026-09-21T00:04:59.775+0000] {logging_mixin.py:149} INFO - [2026-09-21T00:04:59.775+0000] {dag.py:2726} INFO - Sync 1 DAGs
[2026-09-21T00:04:59.834+0000] {logging_mixin.py:149} INFO - [2026-09-21T00:04:59.834+0000] {dag.py:3490} INFO - Setting next_dagrun for 8-mlops_pipeline to None, run_after=None
[2026-09-21T00:04:59.886+0000] {processor.py:178} INFO - Processing /opt/airflow/dags/8_mlops_pipeline.py took 0.213 seconds
[2026-09-21T00:05:30.590+0000] {processor.py:156} INFO - Started process (PID=3346) to work on /opt/airflow/dags/8_mlops_pipeline.py
[2026-09-21T00:05:30.592+0000] {processor.py:799} INFO - Processing file /opt/airflow/dags/8_mlops_pipeline.py for tasks to queue
[2026-09-21T00:05:30.593+0000] {logging_mixin.py:149} INFO - [2026-09-21T00:05:30.593+0000] {dagbag.py:541} INFO - Filling up the DagBag from /opt/airflow/dags/8_mlops_pipeline.py
[2026-09-21T00:05:30.612+0000] {processor.py:809} INFO - DAG(s) dict_keys(['8-mlops_pipeline']) retrieved from /opt/airflow/dags/8_mlops_pipeline.py
[2026-09-21T00:05:30.679+0000] {logging_mixin.py:149} INFO - [2026-09-21T00:05:30.679+0000] {dag.py:2726} INFO - Sync 1 DAGs
[2026-09-21T00:05:30.757+0000] {logging_mixin.py:149} INFO - [2026-09-21T00:05:30.756+0000] {dag.py:3490} INFO - Setting next_dagrun for 8-mlops_pipeline to None, run_after=None
[2026-09-21T00:05:30.811+0000] {processor.py:178} INFO - Processing /opt/airflow/dags/8_mlops_pipeline.py took 0.228 seconds
[2026-09-21T00:06:00.922+0000] {processor.py:156} INFO - Started process (PID=3356) to work on /opt/airflow/dags/8_mlops_pipeline.py
[2026-09-21T00:06:00.925+0000] {processor.py:799} INFO - Processing file /opt/airflow/dags/8_mlops_pipeline.py for tasks to queue
[2026-09-21T00:06:00.926+0000] {logging_mixin.py:149} INFO - [2026-09-21T00:06:00.925+0000] {dagbag.py:541} INFO - Filling up the DagBag from /opt/airflow/dags/8_mlops_pipeline.py
[2026-09-21T00:06:00.946+0000] {processor.py:809} INFO - DAG(s) dict_keys(['8-mlops_pipeline']) retrieved from /opt/airflow/dags/8_mlops_pipeline.py
[2026-09-21T00:06:01.010+0000] {logging_mixin.py:149} INFO - [2026-09-21T00:06:01.010+0000] {dag.py:2726} INFO - Sync 1 DAGs
[2026-09-21T00:06:01.049+0000] {logging_mixin.py:149} INFO - [2026-09-21T00:06:01.049+0000] {dag.py:3490} INFO - Setting next_dagrun for 8-mlops_pipeline to None, run_after=None
[2026-09-21T00:06:01.078+0000] {processor.py:178} INFO - Processing /opt/airflow/dags/8_mlops_pipeline.py took 0.166 seconds
[2026-09-21T00:06:31.169+0000] {processor.py:156} INFO - Started process (PID=3366) to work on /opt/airflow/dags/8_mlops_pipeline.py
[2026-09-21T00:06:31.171+0000] {processor.py:799} INFO - Processing file /opt/airflow/dags/8_mlops_pipeline.py for tasks to queue
[2026-09-21T00:06:31.172+0000] {logging_mixin.py:149} INFO - [2026-09-21T00:06:31.172+0000] {dagbag.py:541} INFO - Filling up the DagBag from /opt/airflow/dags/8_mlops_pipeline.py
[2026-09-21T00:06:31.191+0000] {processor.py:809} INFO - DAG(s) dict_keys(['8-mlops_pipeline']) retrieved from /opt/airflow/dags/8_mlops_pipeline.py
[2026-09-21T00:06:31.259+0000] {logging_mixin.py:149} INFO - [2026-09-21T00:06:31.259+0000] {dag.py:2726} INFO - Sync 1 DAGs
[2026-09-21T00:06:31.303+0000] {logging_mixin.py:149} INFO - [2026-09-21T00:06:31.302+0000] {dag.py:3490} INFO - Setting next_dagrun for 8-mlops_pipeline to None, run_after=None
[2026-09-21T00:06:31.345+0000] {processor.py:178} INFO - Processing /opt/airflow/dags/8_mlops_pipeline.py took 0.182 seconds
[2026-09-21T00:07:01.536+0000] {processor.py:156} INFO - Started process (PID=3374) to work on /opt/airflow/dags/8_mlops_pipeline.py
[2026-09-21T00:07:01.549+0000] {processor.py:799} INFO - Processing file /opt/airflow/dags/8_mlops_pipeline.py for tasks to queue
[2026-09-21T00:07:01.551+0000] {logging_mixin.py:149} INFO - [2026-09-21T00:07:01.550+0000] {dagbag.py:541} INFO - Filling up the DagBag from /opt/airflow/dags/8_mlops_pipeline.py
[2026-09-21T00:07:01.607+0000] {processor.py:809} INFO - DAG(s) dict_keys(['8-mlops_pipeline']) retrieved from /opt/airflow/dags/8_mlops_pipeline.py
[2026-09-21T00:07:01.719+0000] {logging_mixin.py:149} INFO - [2026-09-21T00:07:01.715+0000] {dag.py:2726} INFO - Sync 1 DAGs
[2026-09-21T00:07:01.824+0000] {logging_mixin.py:149} INFO - [2026-09-21T00:07:01.820+0000] {dag.py:3490} INFO - Setting next_dagrun for 8-mlops_pipeline to None, run_after=None
[2026-09-21T00:07:01.890+0000] {processor.py:178} INFO - Processing /opt/airflow/dags/8_mlops_pipeline.py took 0.381 seconds
[2026-09-21T00:07:32.057+0000] {processor.py:156} INFO - Started process (PID=3386) to work on /opt/airflow/dags/8_mlops_pipeline.py
[2026-09-21T00:07:32.066+0000] {processor.py:799} INFO - Processing file /opt/airflow/dags/8_mlops_pipeline.py for tasks to queue
[2026-09-21T00:07:32.067+0000] {logging_mixin.py:149} INFO - [2026-09-21T00:07:32.067+0000] {dagbag.py:541} INFO - Filling up the DagBag from /opt/airflow/dags/8_mlops_pipeline.py
[2026-09-21T00:07:32.088+0000] {processor.py:809} INFO - DAG(s) dict_keys(['8-mlops_pipeline']) retrieved from /opt/airflow/dags/8_mlops_pipeline.py
[2026-09-21T00:07:32.164+0000] {logging_mixin.py:149} INFO - [2026-09-21T00:07:32.163+0000] {dag.py:2726} INFO - Sync 1 DAGs
[2026-09-21T00:07:32.202+0000] {logging_mixin.py:149} INFO - [2026-09-21T00:07:32.202+0000] {dag.py:3490} INFO - Setting next_dagrun for 8-mlops_pipeline to None, run_after=None
[2026-09-21T00:07:32.231+0000] {processor.py:178} INFO - Processing /opt/airflow/dags/8_mlops_pipeline.py took 0.183 seconds
[2026-09-21T00:08:02.376+0000] {processor.py:156} INFO - Started process (PID=3396) to work on /opt/airflow/dags/8_mlops_pipeline.py
[2026-09-21T00:08:02.387+0000] {processor.py:799} INFO - Processing file /opt/airflow/dags/8_mlops_pipeline.py for tasks to queue
[2026-09-21T00:08:02.388+0000] {logging_mixin.py:149} INFO - [2026-09-21T00:08:02.388+0000] {dagbag.py:541} INFO - Filling up the DagBag from /opt/airflow/dags/8_mlops_pipeline.py
[2026-09-21T00:08:02.439+0000] {processor.py:809} INFO - DAG(s) dict_keys(['8-mlops_pipeline']) retrieved from /opt/airflow/dags/8_mlops_pipeline.py
[2026-09-21T00:08:02.510+0000] {logging_mixin.py:149} INFO - [2026-09-21T00:08:02.510+0000] {dag.py:2726} INFO - Sync 1 DAGs
[2026-09-21T00:08:02.559+0000] {logging_mixin.py:149} INFO - [2026-09-21T00:08:02.559+0000] {dag.py:3490} INFO - Setting next_dagrun for 8-mlops_pipeline to None, run_after=None
[2026-09-21T00:08:02.633+0000] {processor.py:178} INFO - Processing /opt/airflow/dags/8_mlops_pipeline.py took 0.270 seconds
[2026-09-21T00:08:32.764+0000] {processor.py:156} INFO - Started process (PID=3406) to work on /opt/airflow/dags/8_mlops_pipeline.py
[2026-09-21T00:08:32.767+0000] {processor.py:799} INFO - Processing file /opt/airflow/dags/8_mlops_pipeline.py for tasks to queue
[2026-09-21T00:08:32.769+0000] {logging_mixin.py:149} INFO - [2026-09-21T00:08:32.768+0000] {dagbag.py:541} INFO - Filling up the DagBag from /opt/airflow/dags/8_mlops_pipeline.py
[2026-09-21T00:08:32.789+0000] {processor.py:809} INFO - DAG(s) dict_keys(['8-mlops_pipeline']) retrieved from /opt/airflow/dags/8_mlops_pipeline.py
[2026-09-21T00:08:32.860+0000] {logging_mixin.py:149} INFO - [2026-09-21T00:08:32.860+0000] {dag.py:2726} INFO - Sync 1 DAGs
[2026-09-21T00:08:32.913+0000] {logging_mixin.py:149} INFO - [2026-09-21T00:08:32.913+0000] {dag.py:3490} INFO - Setting next_dagrun for 8-mlops_pipeline to None, run_after=None
[2026-09-21T00:08:32.966+0000] {processor.py:178} INFO - Processing /opt/airflow/dags/8_mlops_pipeline.py took 0.211 seconds
[2026-09-21T00:09:03.040+0000] {processor.py:156} INFO - Started process (PID=3416) to work on /opt/airflow/dags/8_mlops_pipeline.py
[2026-09-21T00:09:03.042+0000] {processor.py:799} INFO - Processing file /opt/airflow/dags/8_mlops_pipeline.py for tasks to queue
[2026-09-21T00:09:03.043+0000] {logging_mixin.py:149} INFO - [2026-09-21T00:09:03.043+0000] {dagbag.py:541} INFO - Filling up the DagBag from /opt/airflow/dags/8_mlops_pipeline.py
[2026-09-21T00:09:03.062+0000] {processor.py:809} INFO - DAG(s) dict_keys(['8-mlops_pipeline']) retrieved from /opt/airflow/dags/8_mlops_pipeline.py
[2026-09-21T00:09:03.140+0000] {logging_mixin.py:149} INFO - [2026-09-21T00:09:03.139+0000] {dag.py:2726} INFO - Sync 1 DAGs
[2026-09-21T00:09:03.187+0000] {logging_mixin.py:149} INFO - [2026-09-21T00:09:03.187+0000] {dag.py:3490} INFO - Setting next_dagrun for 8-mlops_pipeline to None, run_after=None
[2026-09-21T00:09:03.228+0000] {processor.py:178} INFO - Processing /opt/airflow/dags/8_mlops_pipeline.py took 0.196 seconds
[2026-09-21T00:09:33.384+0000] {processor.py:156} INFO - Started process (PID=3424) to work on /opt/airflow/dags/8_mlops_pipeline.py
[2026-09-21T00:09:33.393+0000] {processor.py:799} INFO - Processing file /opt/airflow/dags/8_mlops_pipeline.py for tasks to queue
[2026-09-21T00:09:33.394+0000] {logging_mixin.py:149} INFO - [2026-09-21T00:09:33.394+0000] {dagbag.py:541} INFO - Filling up the DagBag from /opt/airflow/dags/8_mlops_pipeline.py
[2026-09-21T00:09:33.432+0000] {processor.py:809} INFO - DAG(s) dict_keys(['8-mlops_pipeline']) retrieved from /opt/airflow/dags/8_mlops_pipeline.py
[2026-09-21T00:09:33.521+0000] {logging_mixin.py:149} INFO - [2026-09-21T00:09:33.521+0000] {dag.py:2726} INFO - Sync 1 DAGs
[2026-09-21T00:09:33.564+0000] {logging_mixin.py:149} INFO - [2026-09-21T00:09:33.563+0000] {dag.py:3490} INFO - Setting next_dagrun for 8-mlops_pipeline to None, run_after=None
[2026-09-21T00:09:33.640+0000] {processor.py:178} INFO - Processing /opt/airflow/dags/8_mlops_pipeline.py took 0.271 seconds
[2026-09-21T00:10:03.731+0000] {processor.py:156} INFO - Started process (PID=3434) to work on /opt/airflow/dags/8_mlops_pipeline.py
[2026-09-21T00:10:03.734+0000] {processor.py:799} INFO - Processing file /opt/airflow/dags/8_mlops_pipeline.py for tasks to queue
[2026-09-21T00:10:03.736+0000] {logging_mixin.py:149} INFO - [2026-09-21T00:10:03.735+0000] {dagbag.py:541} INFO - Filling up the DagBag from /opt/airflow/dags/8_mlops_pipeline.py
[2026-09-21T00:10:03.762+0000] {processor.py:809} INFO - DAG(s) dict_keys(['8-mlops_pipeline']) retrieved from /opt/airflow/dags/8_mlops_pipeline.py
[2026-09-21T00:10:03.853+0000] {logging_mixin.py:149} INFO - [2026-09-21T00:10:03.853+0000] {dag.py:2726} INFO - Sync 1 DAGs
[2026-09-21T00:10:03.899+0000] {logging_mixin.py:149} INFO - [2026-09-21T00:10:03.899+0000] {dag.py:3490} INFO - Setting next_dagrun for 8-mlops_pipeline to None, run_after=None
[2026-09-21T00:10:03.933+0000] {processor.py:178} INFO - Processing /opt/airflow/dags/8_mlops_pipeline.py took 0.211 seconds
[2026-09-21T00:10:34.039+0000] {processor.py:156} INFO - Started process (PID=3445) to work on /opt/airflow/dags/8_mlops_pipeline.py
[2026-09-21T00:10:34.043+0000] {processor.py:799} INFO - Processing file /opt/airflow/dags/8_mlops_pipeline.py for tasks to queue
[2026-09-21T00:10:34.044+0000] {logging_mixin.py:149} INFO - [2026-09-21T00:10:34.044+0000] {dagbag.py:541} INFO - Filling up the DagBag from /opt/airflow/dags/8_mlops_pipeline.py
[2026-09-21T00:10:34.063+0000] {processor.py:809} INFO - DAG(s) dict_keys(['8-mlops_pipeline']) retrieved from /opt/airflow/dags/8_mlops_pipeline.py
[2026-09-21T00:10:34.116+0000] {logging_mixin.py:149} INFO - [2026-09-21T00:10:34.116+0000] {dag.py:2726} INFO - Sync 1 DAGs
[2026-09-21T00:10:34.156+0000] {logging_mixin.py:149} INFO - [2026-09-21T00:10:34.156+0000] {dag.py:3490} INFO - Setting next_dagrun for 8-mlops_pipeline to None, run_after=None
[2026-09-21T00:10:34.192+0000] {processor.py:178} INFO - Processing /opt/airflow/dags/8_mlops_pipeline.py took 0.162 seconds
[2026-09-21T00:11:04.459+0000] {processor.py:156} INFO - Started process (PID=3456) to work on /opt/airflow/dags/8_mlops_pipeline.py
[2026-09-21T00:11:04.461+0000] {processor.py:799} INFO - Processing file /opt/airflow/dags/8_mlops_pipeline.py for tasks to queue
[2026-09-21T00:11:04.462+0000] {logging_mixin.py:149} INFO - [2026-09-21T00:11:04.462+0000] {dagbag.py:541} INFO - Filling up the DagBag from /opt/airflow/dags/8_mlops_pipeline.py
[2026-09-21T00:11:04.487+0000] {processor.py:809} INFO - DAG(s) dict_keys(['8-mlops_pipeline']) retrieved from /opt/airflow/dags/8_mlops_pipeline.py
[2026-09-21T00:11:04.569+0000] {logging_mixin.py:149} INFO - [2026-09-21T00:11:04.569+0000] {dag.py:2726} INFO - Sync 1 DAGs
[2026-09-21T00:11:04.646+0000] {logging_mixin.py:149} INFO - [2026-09-21T00:11:04.645+0000] {dag.py:3490} INFO - Setting next_dagrun for 8-mlops_pipeline to None, run_after=None
[2026-09-21T00:11:04.686+0000] {processor.py:178} INFO - Processing /opt/airflow/dags/8_mlops_pipeline.py took 0.233 seconds
[2026-09-21T00:11:34.954+0000] {processor.py:156} INFO - Started process (PID=3467) to work on /opt/airflow/dags/8_mlops_pipeline.py
[2026-09-21T00:11:34.960+0000] {processor.py:799} INFO - Processing file /opt/airflow/dags/8_mlops_pipeline.py for tasks to queue
[2026-09-21T00:11:34.961+0000] {logging_mixin.py:149} INFO - [2026-09-21T00:11:34.961+0000] {dagbag.py:541} INFO - Filling up the DagBag from /opt/airflow/dags/8_mlops_pipeline.py
[2026-09-21T00:11:34.992+0000] {processor.py:809} INFO - DAG(s) dict_keys(['8-mlops_pipeline']) retrieved from /opt/airflow/dags/8_mlops_pipeline.py
[2026-09-21T00:11:35.072+0000] {logging_mixin.py:149} INFO - [2026-09-21T00:11:35.072+0000] {dag.py:2726} INFO - Sync 1 DAGs
[2026-09-21T00:11:35.157+0000] {logging_mixin.py:149} INFO - [2026-09-21T00:11:35.156+0000] {dag.py:3490} INFO - Setting next_dagrun for 8-mlops_pipeline to None, run_after=None
[2026-09-21T00:11:35.211+0000] {processor.py:178} INFO - Processing /opt/airflow/dags/8_mlops_pipeline.py took 0.275 seconds
[2026-09-21T00:12:05.875+0000] {processor.py:156} INFO - Started process (PID=3476) to work on /opt/airflow/dags/8_mlops_pipeline.py
[2026-09-21T00:12:05.877+0000] {processor.py:799} INFO - Processing file /opt/airflow/dags/8_mlops_pipeline.py for tasks to queue
[2026-09-21T00:12:05.878+0000] {logging_mixin.py:149} INFO - [2026-09-21T00:12:05.878+0000] {dagbag.py:541} INFO - Filling up the DagBag from /opt/airflow/dags/8_mlops_pipeline.py
[2026-09-21T00:12:05.893+0000] {processor.py:809} INFO - DAG(s) dict_keys(['8-mlops_pipeline']) retrieved from /opt/airflow/dags/8_mlops_pipeline.py
[2026-09-21T00:12:05.953+0000] {logging_mixin.py:149} INFO - [2026-09-21T00:12:05.953+0000] {dag.py:2726} INFO - Sync 1 DAGs
[2026-09-21T00:12:05.993+0000] {logging_mixin.py:149} INFO - [2026-09-21T00:12:05.993+0000] {dag.py:3490} INFO - Setting next_dagrun for 8-mlops_pipeline to None, run_after=None
[2026-09-21T00:12:06.022+0000] {processor.py:178} INFO - Processing /opt/airflow/dags/8_mlops_pipeline.py took 0.153 seconds
[2026-09-21T00:12:36.751+0000] {processor.py:156} INFO - Started process (PID=3486) to work on /opt/airflow/dags/8_mlops_pipeline.py
[2026-09-21T00:12:36.761+0000] {processor.py:799} INFO - Processing file /opt/airflow/dags/8_mlops_pipeline.py for tasks to queue
[2026-09-21T00:12:36.762+0000] {logging_mixin.py:149} INFO - [2026-09-21T00:12:36.762+0000] {dagbag.py:541} INFO - Filling up the DagBag from /opt/airflow/dags/8_mlops_pipeline.py
[2026-09-21T00:12:36.799+0000] {processor.py:809} INFO - DAG(s) dict_keys(['8-mlops_pipeline']) retrieved from /opt/airflow/dags/8_mlops_pipeline.py
[2026-09-21T00:12:36.905+0000] {logging_mixin.py:149} INFO - [2026-09-21T00:12:36.905+0000] {dag.py:2726} INFO - Sync 1 DAGs
[2026-09-21T00:12:36.983+0000] {logging_mixin.py:149} INFO - [2026-09-21T00:12:36.983+0000] {dag.py:3490} INFO - Setting next_dagrun for 8-mlops_pipeline to None, run_after=None
[2026-09-21T00:12:37.030+0000] {processor.py:178} INFO - Processing /opt/airflow/dags/8_mlops_pipeline.py took 0.285 seconds
[2026-09-21T00:13:07.815+0000] {processor.py:156} INFO - Started process (PID=3496) to work on /opt/airflow/dags/8_mlops_pipeline.py
[2026-09-21T00:13:07.817+0000] {processor.py:799} INFO - Processing file /opt/airflow/dags/8_mlops_pipeline.py for tasks to queue
[2026-09-21T00:13:07.818+0000] {logging_mixin.py:149} INFO - [2026-09-21T00:13:07.818+0000] {dagbag.py:541} INFO - Filling up the DagBag from /opt/airflow/dags/8_mlops_pipeline.py
[2026-09-21T00:13:07.835+0000] {processor.py:809} INFO - DAG(s) dict_keys(['8-mlops_pipeline']) retrieved from /opt/airflow/dags/8_mlops_pipeline.py
[2026-09-21T00:13:07.895+0000] {logging_mixin.py:149} INFO - [2026-09-21T00:13:07.895+0000] {dag.py:2726} INFO - Sync 1 DAGs
[2026-09-21T00:13:07.934+0000] {logging_mixin.py:149} INFO - [2026-09-21T00:13:07.934+0000] {dag.py:3490} INFO - Setting next_dagrun for 8-mlops_pipeline to None, run_after=None
[2026-09-21T00:13:07.979+0000] {processor.py:178} INFO - Processing /opt/airflow/dags/8_mlops_pipeline.py took 0.171 seconds
[2026-09-21T00:13:38.138+0000] {processor.py:156} INFO - Started process (PID=3506) to work on /opt/airflow/dags/8_mlops_pipeline.py
[2026-09-21T00:13:38.139+0000] {processor.py:799} INFO - Processing file /opt/airflow/dags/8_mlops_pipeline.py for tasks to queue
[2026-09-21T00:13:38.140+0000] {logging_mixin.py:149} INFO - [2026-09-21T00:13:38.140+0000] {dagbag.py:541} INFO - Filling up the DagBag from /opt/airflow/dags/8_mlops_pipeline.py
[2026-09-21T00:13:38.159+0000] {processor.py:809} INFO - DAG(s) dict_keys(['8-mlops_pipeline']) retrieved from /opt/airflow/dags/8_mlops_pipeline.py
[2026-09-21T00:13:38.241+0000] {logging_mixin.py:149} INFO - [2026-09-21T00:13:38.241+0000] {dag.py:2726} INFO - Sync 1 DAGs
[2026-09-21T00:13:38.337+0000] {logging_mixin.py:149} INFO - [2026-09-21T00:13:38.337+0000] {dag.py:3490} INFO - Setting next_dagrun for 8-mlops_pipeline to None, run_after=None
[2026-09-21T00:13:38.390+0000] {processor.py:178} INFO - Processing /opt/airflow/dags/8_mlops_pipeline.py took 0.257 seconds
[2026-09-21T00:14:08.488+0000] {processor.py:156} INFO - Started process (PID=3516) to work on /opt/airflow/dags/8_mlops_pipeline.py
[2026-09-21T00:14:08.496+0000] {processor.py:799} INFO - Processing file /opt/airflow/dags/8_mlops_pipeline.py for tasks to queue
[2026-09-21T00:14:08.497+0000] {logging_mixin.py:149} INFO - [2026-09-21T00:14:08.497+0000] {dagbag.py:541} INFO - Filling up the DagBag from /opt/airflow/dags/8_mlops_pipeline.py
[2026-09-21T00:14:08.519+0000] {processor.py:809} INFO - DAG(s) dict_keys(['8-mlops_pipeline']) retrieved from /opt/airflow/dags/8_mlops_pipeline.py
[2026-09-21T00:14:08.595+0000] {logging_mixin.py:149} INFO - [2026-09-21T00:14:08.594+0000] {dag.py:2726} INFO - Sync 1 DAGs
[2026-09-21T00:14:08.646+0000] {logging_mixin.py:149} INFO - [2026-09-21T00:14:08.646+0000] {dag.py:3490} INFO - Setting next_dagrun for 8-mlops_pipeline to None, run_after=None
[2026-09-21T00:14:08.708+0000] {processor.py:178} INFO - Processing /opt/airflow/dags/8_mlops_pipeline.py took 0.226 seconds
[2026-09-21T00:14:39.049+0000] {processor.py:156} INFO - Started process (PID=3527) to work on /opt/airflow/dags/8_mlops_pipeline.py
[2026-09-21T00:14:39.052+0000] {processor.py:799} INFO - Processing file /opt/airflow/dags/8_mlops_pipeline.py for tasks to queue
[2026-09-21T00:14:39.054+0000] {logging_mixin.py:149} INFO - [2026-09-21T00:14:39.054+0000] {dagbag.py:541} INFO - Filling up the DagBag from /opt/airflow/dags/8_mlops_pipeline.py
[2026-09-21T00:14:39.085+0000] {processor.py:809} INFO - DAG(s) dict_keys(['8-mlops_pipeline']) retrieved from /opt/airflow/dags/8_mlops_pipeline.py
[2026-09-21T00:14:39.214+0000] {logging_mixin.py:149} INFO - [2026-09-21T00:14:39.214+0000] {dag.py:2726} INFO - Sync 1 DAGs
[2026-09-21T00:14:39.268+0000] {logging_mixin.py:149} INFO - [2026-09-21T00:14:39.268+0000] {dag.py:3490} INFO - Setting next_dagrun for 8-mlops_pipeline to None, run_after=None
[2026-09-21T00:14:39.310+0000] {processor.py:178} INFO - Processing /opt/airflow/dags/8_mlops_pipeline.py took 0.271 seconds
[2026-09-21T00:15:09.374+0000] {processor.py:156} INFO - Started process (PID=3537) to work on /opt/airflow/dags/8_mlops_pipeline.py
[2026-09-21T00:15:09.380+0000] {processor.py:799} INFO - Processing file /opt/airflow/dags/8_mlops_pipeline.py for tasks to queue
[2026-09-21T00:15:09.382+0000] {logging_mixin.py:149} INFO - [2026-09-21T00:15:09.381+0000] {dagbag.py:541} INFO - Filling up the DagBag from /opt/airflow/dags/8_mlops_pipeline.py
[2026-09-21T00:15:09.402+0000] {processor.py:809} INFO - DAG(s) dict_keys(['8-mlops_pipeline']) retrieved from /opt/airflow/dags/8_mlops_pipeline.py
[2026-09-21T00:15:09.450+0000] {logging_mixin.py:149} INFO - [2026-09-21T00:15:09.450+0000] {dag.py:2726} INFO - Sync 1 DAGs
[2026-09-21T00:15:09.488+0000] {logging_mixin.py:149} INFO - [2026-09-21T00:15:09.488+0000] {dag.py:3490} INFO - Setting next_dagrun for 8-mlops_pipeline to None, run_after=None
[2026-09-21T00:15:09.533+0000] {processor.py:178} INFO - Processing /opt/airflow/dags/8_mlops_pipeline.py took 0.172 seconds
[2026-09-21T00:15:39.743+0000] {processor.py:156} INFO - Started process (PID=3547) to work on /opt/airflow/dags/8_mlops_pipeline.py
[2026-09-21T00:15:39.746+0000] {processor.py:799} INFO - Processing file /opt/airflow/dags/8_mlops_pipeline.py for tasks to queue
[2026-09-21T00:15:39.747+0000] {logging_mixin.py:149} INFO - [2026-09-21T00:15:39.747+0000] {dagbag.py:541} INFO - Filling up the DagBag from /opt/airflow/dags/8_mlops_pipeline.py
[2026-09-21T00:15:39.766+0000] {processor.py:809} INFO - DAG(s) dict_keys(['8-mlops_pipeline']) retrieved from /opt/airflow/dags/8_mlops_pipeline.py
[2026-09-21T00:15:39.828+0000] {logging_mixin.py:149} INFO - [2026-09-21T00:15:39.828+0000] {dag.py:2726} INFO - Sync 1 DAGs
[2026-09-21T00:15:39.869+0000] {logging_mixin.py:149} INFO - [2026-09-21T00:15:39.869+0000] {dag.py:3490} INFO - Setting next_dagrun for 8-mlops_pipeline to None, run_after=None
[2026-09-21T00:15:39.905+0000] {processor.py:178} INFO - Processing /opt/airflow/dags/8_mlops_pipeline.py took 0.170 seconds
[2026-09-21T00:16:10.138+0000] {processor.py:156} INFO - Started process (PID=3557) to work on /opt/airflow/dags/8_mlops_pipeline.py
[2026-09-21T00:16:10.145+0000] {processor.py:799} INFO - Processing file /opt/airflow/dags/8_mlops_pipeline.py for tasks to queue
[2026-09-21T00:16:10.147+0000] {logging_mixin.py:149} INFO - [2026-09-21T00:16:10.146+0000] {dagbag.py:541} INFO - Filling up the DagBag from /opt/airflow/dags/8_mlops_pipeline.py
[2026-09-21T00:16:10.185+0000] {processor.py:809} INFO - DAG(s) dict_keys(['8-mlops_pipeline']) retrieved from /opt/airflow/dags/8_mlops_pipeline.py
[2026-09-21T00:16:10.285+0000] {logging_mixin.py:149} INFO - [2026-09-21T00:16:10.284+0000] {dag.py:2726} INFO - Sync 1 DAGs
[2026-09-21T00:16:10.380+0000] {logging_mixin.py:149} INFO - [2026-09-21T00:16:10.380+0000] {dag.py:3490} INFO - Setting next_dagrun for 8-mlops_pipeline to None, run_after=None
[2026-09-21T00:16:10.441+0000] {processor.py:178} INFO - Processing /opt/airflow/dags/8_mlops_pipeline.py took 0.310 seconds
[2026-09-21T00:16:41.332+0000] {processor.py:156} INFO - Started process (PID=3567) to work on /opt/airflow/dags/8_mlops_pipeline.py
[2026-09-21T00:16:41.334+0000] {processor.py:799} INFO - Processing file /opt/airflow/dags/8_mlops_pipeline.py for tasks to queue
[2026-09-21T00:16:41.335+0000] {logging_mixin.py:149} INFO - [2026-09-21T00:16:41.335+0000] {dagbag.py:541} INFO - Filling up the DagBag from /opt/airflow/dags/8_mlops_pipeline.py
[2026-09-21T00:16:41.350+0000] {processor.py:809} INFO - DAG(s) dict_keys(['8-mlops_pipeline']) retrieved from /opt/airflow/dags/8_mlops_pipeline.py
[2026-09-21T00:16:41.393+0000] {logging_mixin.py:149} INFO - [2026-09-21T00:16:41.393+0000] {dag.py:2726} INFO - Sync 1 DAGs
[2026-09-21T00:16:41.426+0000] {logging_mixin.py:149} INFO - [2026-09-21T00:16:41.426+0000] {dag.py:3490} INFO - Setting next_dagrun for 8-mlops_pipeline to None, run_after=None
[2026-09-21T00:16:41.448+0000] {processor.py:178} INFO - Processing /opt/airflow/dags/8_mlops_pipeline.py took 0.125 seconds
[2026-09-21T00:17:11.501+0000] {processor.py:156} INFO - Started process (PID=3577) to work on /opt/airflow/dags/8_mlops_pipeline.py
[2026-09-21T00:17:11.506+0000] {processor.py:799} INFO - Processing file /opt/airflow/dags/8_mlops_pipeline.py for tasks to queue
[2026-09-21T00:17:11.507+0000] {logging_mixin.py:149} INFO - [2026-09-21T00:17:11.507+0000] {dagbag.py:541} INFO - Filling up the DagBag from /opt/airflow/dags/8_mlops_pipeline.py
[2026-09-21T00:17:11.535+0000] {processor.py:809} INFO - DAG(s) dict_keys(['8-mlops_pipeline']) retrieved from /opt/airflow/dags/8_mlops_pipeline.py
[2026-09-21T00:17:11.604+0000] {logging_mixin.py:149} INFO - [2026-09-21T00:17:11.603+0000] {dag.py:2726} INFO - Sync 1 DAGs
[2026-09-21T00:17:11.652+0000] {logging_mixin.py:149} INFO - [2026-09-21T00:17:11.652+0000] {dag.py:3490} INFO - Setting next_dagrun for 8-mlops_pipeline to None, run_after=None
[2026-09-21T00:17:11.695+0000] {processor.py:178} INFO - Processing /opt/airflow/dags/8_mlops_pipeline.py took 0.203 seconds
[2026-09-21T00:17:41.998+0000] {processor.py:156} INFO - Started process (PID=3586) to work on /opt/airflow/dags/8_mlops_pipeline.py
[2026-09-21T00:17:42.004+0000] {processor.py:799} INFO - Processing file /opt/airflow/dags/8_mlops_pipeline.py for tasks to queue
[2026-09-21T00:17:42.005+0000] {logging_mixin.py:149} INFO - [2026-09-21T00:17:42.005+0000] {dagbag.py:541} INFO - Filling up the DagBag from /opt/airflow/dags/8_mlops_pipeline.py
[2026-09-21T00:17:42.024+0000] {processor.py:809} INFO - DAG(s) dict_keys(['8-mlops_pipeline']) retrieved from /opt/airflow/dags/8_mlops_pipeline.py
[2026-09-21T00:17:42.095+0000] {logging_mixin.py:149} INFO - [2026-09-21T00:17:42.095+0000] {dag.py:2726} INFO - Sync 1 DAGs
[2026-09-21T00:17:42.133+0000] {logging_mixin.py:149} INFO - [2026-09-21T00:17:42.133+0000] {dag.py:3490} INFO - Setting next_dagrun for 8-mlops_pipeline to None, run_after=None
[2026-09-21T00:17:42.181+0000] {processor.py:178} INFO - Processing /opt/airflow/dags/8_mlops_pipeline.py took 0.189 seconds
[2026-09-21T00:18:13.195+0000] {processor.py:156} INFO - Started process (PID=3596) to work on /opt/airflow/dags/8_mlops_pipeline.py
[2026-09-21T00:18:13.199+0000] {processor.py:799} INFO - Processing file /opt/airflow/dags/8_mlops_pipeline.py for tasks to queue
[2026-09-21T00:18:13.200+0000] {logging_mixin.py:149} INFO - [2026-09-21T00:18:13.200+0000] {dagbag.py:541} INFO - Filling up the DagBag from /opt/airflow/dags/8_mlops_pipeline.py
[2026-09-21T00:18:13.223+0000] {processor.py:809} INFO - DAG(s) dict_keys(['8-mlops_pipeline']) retrieved from /opt/airflow/dags/8_mlops_pipeline.py
[2026-09-21T00:18:13.271+0000] {logging_mixin.py:149} INFO - [2026-09-21T00:18:13.270+0000] {dag.py:2726} INFO - Sync 1 DAGs
[2026-09-21T00:18:13.316+0000] {logging_mixin.py:149} INFO - [2026-09-21T00:18:13.316+0000] {dag.py:3490} INFO - Setting next_dagrun for 8-mlops_pipeline to None, run_after=None
[2026-09-21T00:18:13.364+0000] {processor.py:178} INFO - Processing /opt/airflow/dags/8_mlops_pipeline.py took 0.183 seconds
[2026-09-21T00:18:43.432+0000] {processor.py:156} INFO - Started process (PID=3606) to work on /opt/airflow/dags/8_mlops_pipeline.py
[2026-09-21T00:18:43.435+0000] {processor.py:799} INFO - Processing file /opt/airflow/dags/8_mlops_pipeline.py for tasks to queue
[2026-09-21T00:18:43.437+0000] {logging_mixin.py:149} INFO - [2026-09-21T00:18:43.436+0000] {dagbag.py:541} INFO - Filling up the DagBag from /opt/airflow/dags/8_mlops_pipeline.py
[2026-09-21T00:18:43.458+0000] {processor.py:809} INFO - DAG(s) dict_keys(['8-mlops_pipeline']) retrieved from /opt/airflow/dags/8_mlops_pipeline.py
[2026-09-21T00:18:43.552+0000] {logging_mixin.py:149} INFO - [2026-09-21T00:18:43.551+0000] {dag.py:2726} INFO - Sync 1 DAGs
[2026-09-21T00:18:43.618+0000] {logging_mixin.py:149} INFO - [2026-09-21T00:18:43.618+0000] {dag.py:3490} INFO - Setting next_dagrun for 8-mlops_pipeline to None, run_after=None
[2026-09-21T00:18:43.680+0000] {processor.py:178} INFO - Processing /opt/airflow/dags/8_mlops_pipeline.py took 0.253 seconds
[2026-09-21T00:19:13.977+0000] {processor.py:156} INFO - Started process (PID=3616) to work on /opt/airflow/dags/8_mlops_pipeline.py
[2026-09-21T00:19:13.980+0000] {processor.py:799} INFO - Processing file /opt/airflow/dags/8_mlops_pipeline.py for tasks to queue
[2026-09-21T00:19:13.981+0000] {logging_mixin.py:149} INFO - [2026-09-21T00:19:13.981+0000] {dagbag.py:541} INFO - Filling up the DagBag from /opt/airflow/dags/8_mlops_pipeline.py
[2026-09-21T00:19:14.012+0000] {processor.py:809} INFO - DAG(s) dict_keys(['8-mlops_pipeline']) retrieved from /opt/airflow/dags/8_mlops_pipeline.py
[2026-09-21T00:19:14.103+0000] {logging_mixin.py:149} INFO - [2026-09-21T00:19:14.102+0000] {dag.py:2726} INFO - Sync 1 DAGs
[2026-09-21T00:19:14.205+0000] {logging_mixin.py:149} INFO - [2026-09-21T00:19:14.205+0000] {dag.py:3490} INFO - Setting next_dagrun for 8-mlops_pipeline to None, run_after=None
[2026-09-21T00:19:14.272+0000] {processor.py:178} INFO - Processing /opt/airflow/dags/8_mlops_pipeline.py took 0.312 seconds
[2026-09-21T00:19:44.545+0000] {processor.py:156} INFO - Started process (PID=3627) to work on /opt/airflow/dags/8_mlops_pipeline.py
[2026-09-21T00:19:44.553+0000] {processor.py:799} INFO - Processing file /opt/airflow/dags/8_mlops_pipeline.py for tasks to queue
[2026-09-21T00:19:44.554+0000] {logging_mixin.py:149} INFO - [2026-09-21T00:19:44.554+0000] {dagbag.py:541} INFO - Filling up the DagBag from /opt/airflow/dags/8_mlops_pipeline.py
[2026-09-21T00:19:44.574+0000] {processor.py:809} INFO - DAG(s) dict_keys(['8-mlops_pipeline']) retrieved from /opt/airflow/dags/8_mlops_pipeline.py
[2026-09-21T00:19:44.632+0000] {logging_mixin.py:149} INFO - [2026-09-21T00:19:44.632+0000] {dag.py:2726} INFO - Sync 1 DAGs
[2026-09-21T00:19:44.675+0000] {logging_mixin.py:149} INFO - [2026-09-21T00:19:44.675+0000] {dag.py:3490} INFO - Setting next_dagrun for 8-mlops_pipeline to None, run_after=None
[2026-09-21T00:19:44.709+0000] {processor.py:178} INFO - Processing /opt/airflow/dags/8_mlops_pipeline.py took 0.170 seconds
[2026-09-21T00:20:14.778+0000] {processor.py:156} INFO - Started process (PID=3637) to work on /opt/airflow/dags/8_mlops_pipeline.py
[2026-09-21T00:20:14.783+0000] {processor.py:799} INFO - Processing file /opt/airflow/dags/8_mlops_pipeline.py for tasks to queue
[2026-09-21T00:20:14.785+0000] {logging_mixin.py:149} INFO - [2026-09-21T00:20:14.785+0000] {dagbag.py:541} INFO - Filling up the DagBag from /opt/airflow/dags/8_mlops_pipeline.py
[2026-09-21T00:20:14.821+0000] {processor.py:809} INFO - DAG(s) dict_keys(['8-mlops_pipeline']) retrieved from /opt/airflow/dags/8_mlops_pipeline.py
[2026-09-21T00:20:14.934+0000] {logging_mixin.py:149} INFO - [2026-09-21T00:20:14.933+0000] {dag.py:2726} INFO - Sync 1 DAGs
[2026-09-21T00:20:14.999+0000] {logging_mixin.py:149} INFO - [2026-09-21T00:20:14.999+0000] {dag.py:3490} INFO - Setting next_dagrun for 8-mlops_pipeline to None, run_after=None
[2026-09-21T00:20:15.036+0000] {processor.py:178} INFO - Processing /opt/airflow/dags/8_mlops_pipeline.py took 0.269 seconds
[2026-09-21T00:20:45.137+0000] {processor.py:156} INFO - Started process (PID=3646) to work on /opt/airflow/dags/8_mlops_pipeline.py
[2026-09-21T00:20:45.142+0000] {processor.py:799} INFO - Processing file /opt/airflow/dags/8_mlops_pipeline.py for tasks to queue
[2026-09-21T00:20:45.143+0000] {logging_mixin.py:149} INFO - [2026-09-21T00:20:45.143+0000] {dagbag.py:541} INFO - Filling up the DagBag from /opt/airflow/dags/8_mlops_pipeline.py
[2026-09-21T00:20:45.167+0000] {processor.py:809} INFO - DAG(s) dict_keys(['8-mlops_pipeline']) retrieved from /opt/airflow/dags/8_mlops_pipeline.py
[2026-09-21T00:20:45.230+0000] {logging_mixin.py:149} INFO - [2026-09-21T00:20:45.230+0000] {dag.py:2726} INFO - Sync 1 DAGs
[2026-09-21T00:20:45.269+0000] {logging_mixin.py:149} INFO - [2026-09-21T00:20:45.269+0000] {dag.py:3490} INFO - Setting next_dagrun for 8-mlops_pipeline to None, run_after=None
[2026-09-21T00:20:45.320+0000] {processor.py:178} INFO - Processing /opt/airflow/dags/8_mlops_pipeline.py took 0.189 seconds
[2026-09-21T00:21:15.406+0000] {processor.py:156} INFO - Started process (PID=3656) to work on /opt/airflow/dags/8_mlops_pipeline.py
[2026-09-21T00:21:15.410+0000] {processor.py:799} INFO - Processing file /opt/airflow/dags/8_mlops_pipeline.py for tasks to queue
[2026-09-21T00:21:15.411+0000] {logging_mixin.py:149} INFO - [2026-09-21T00:21:15.411+0000] {dagbag.py:541} INFO - Filling up the DagBag from /opt/airflow/dags/8_mlops_pipeline.py
[2026-09-21T00:21:15.432+0000] {processor.py:809} INFO - DAG(s) dict_keys(['8-mlops_pipeline']) retrieved from /opt/airflow/dags/8_mlops_pipeline.py
[2026-09-21T00:21:15.495+0000] {logging_mixin.py:149} INFO - [2026-09-21T00:21:15.494+0000] {dag.py:2726} INFO - Sync 1 DAGs
[2026-09-21T00:21:15.533+0000] {logging_mixin.py:149} INFO - [2026-09-21T00:21:15.533+0000] {dag.py:3490} INFO - Setting next_dagrun for 8-mlops_pipeline to None, run_after=None
[2026-09-21T00:21:15.565+0000] {processor.py:178} INFO - Processing /opt/airflow/dags/8_mlops_pipeline.py took 0.167 seconds
[2026-09-21T00:21:45.737+0000] {processor.py:156} INFO - Started process (PID=3666) to work on /opt/airflow/dags/8_mlops_pipeline.py
[2026-09-21T00:21:45.747+0000] {processor.py:799} INFO - Processing file /opt/airflow/dags/8_mlops_pipeline.py for tasks to queue
[2026-09-21T00:21:45.748+0000] {logging_mixin.py:149} INFO - [2026-09-21T00:21:45.747+0000] {dagbag.py:541} INFO - Filling up the DagBag from /opt/airflow/dags/8_mlops_pipeline.py
[2026-09-21T00:21:45.767+0000] {processor.py:809} INFO - DAG(s) dict_keys(['8-mlops_pipeline']) retrieved from /opt/airflow/dags/8_mlops_pipeline.py
[2026-09-21T00:21:45.822+0000] {logging_mixin.py:149} INFO - [2026-09-21T00:21:45.822+0000] {dag.py:2726} INFO - Sync 1 DAGs
[2026-09-21T00:21:45.867+0000] {logging_mixin.py:149} INFO - [2026-09-21T00:21:45.866+0000] {dag.py:3490} INFO - Setting next_dagrun for 8-mlops_pipeline to None, run_after=None
[2026-09-21T00:21:45.940+0000] {processor.py:178} INFO - Processing /opt/airflow/dags/8_mlops_pipeline.py took 0.210 seconds
[2026-09-21T00:22:16.306+0000] {processor.py:156} INFO - Started process (PID=3676) to work on /opt/airflow/dags/8_mlops_pipeline.py
[2026-09-21T00:22:16.312+0000] {processor.py:799} INFO - Processing file /opt/airflow/dags/8_mlops_pipeline.py for tasks to queue
[2026-09-21T00:22:16.313+0000] {logging_mixin.py:149} INFO - [2026-09-21T00:22:16.313+0000] {dagbag.py:541} INFO - Filling up the DagBag from /opt/airflow/dags/8_mlops_pipeline.py
[2026-09-21T00:22:16.379+0000] {processor.py:809} INFO - DAG(s) dict_keys(['8-mlops_pipeline']) retrieved from /opt/airflow/dags/8_mlops_pipeline.py
[2026-09-21T00:22:16.461+0000] {logging_mixin.py:149} INFO - [2026-09-21T00:22:16.461+0000] {dag.py:2726} INFO - Sync 1 DAGs
[2026-09-21T00:22:16.511+0000] {logging_mixin.py:149} INFO - [2026-09-21T00:22:16.511+0000] {dag.py:3490} INFO - Setting next_dagrun for 8-mlops_pipeline to None, run_after=None
[2026-09-21T00:22:16.560+0000] {processor.py:178} INFO - Processing /opt/airflow/dags/8_mlops_pipeline.py took 0.261 seconds
[2026-09-21T00:22:46.644+0000] {processor.py:156} INFO - Started process (PID=3686) to work on /opt/airflow/dags/8_mlops_pipeline.py
[2026-09-21T00:22:46.645+0000] {processor.py:799} INFO - Processing file /opt/airflow/dags/8_mlops_pipeline.py for tasks to queue
[2026-09-21T00:22:46.646+0000] {logging_mixin.py:149} INFO - [2026-09-21T00:22:46.646+0000] {dagbag.py:541} INFO - Filling up the DagBag from /opt/airflow/dags/8_mlops_pipeline.py
[2026-09-21T00:22:46.666+0000] {processor.py:809} INFO - DAG(s) dict_keys(['8-mlops_pipeline']) retrieved from /opt/airflow/dags/8_mlops_pipeline.py
[2026-09-21T00:22:46.732+0000] {logging_mixin.py:149} INFO - [2026-09-21T00:22:46.731+0000] {dag.py:2726} INFO - Sync 1 DAGs
[2026-09-21T00:22:46.798+0000] {logging_mixin.py:149} INFO - [2026-09-21T00:22:46.797+0000] {dag.py:3490} INFO - Setting next_dagrun for 8-mlops_pipeline to None, run_after=None
[2026-09-21T00:22:46.866+0000] {processor.py:178} INFO - Processing /opt/airflow/dags/8_mlops_pipeline.py took 0.229 seconds
[2026-09-21T00:23:16.937+0000] {processor.py:156} INFO - Started process (PID=3696) to work on /opt/airflow/dags/8_mlops_pipeline.py
[2026-09-21T00:23:16.940+0000] {processor.py:799} INFO - Processing file /opt/airflow/dags/8_mlops_pipeline.py for tasks to queue
[2026-09-21T00:23:16.942+0000] {logging_mixin.py:149} INFO - [2026-09-21T00:23:16.942+0000] {dagbag.py:541} INFO - Filling up the DagBag from /opt/airflow/dags/8_mlops_pipeline.py
[2026-09-21T00:23:16.963+0000] {processor.py:809} INFO - DAG(s) dict_keys(['8-mlops_pipeline']) retrieved from /opt/airflow/dags/8_mlops_pipeline.py
[2026-09-21T00:23:17.023+0000] {logging_mixin.py:149} INFO - [2026-09-21T00:23:17.022+0000] {dag.py:2726} INFO - Sync 1 DAGs
[2026-09-21T00:23:17.073+0000] {logging_mixin.py:149} INFO - [2026-09-21T00:23:17.073+0000] {dag.py:3490} INFO - Setting next_dagrun for 8-mlops_pipeline to None, run_after=None
[2026-09-21T00:23:17.120+0000] {processor.py:178} INFO - Processing /opt/airflow/dags/8_mlops_pipeline.py took 0.201 seconds
[2026-09-21T00:23:47.962+0000] {processor.py:156} INFO - Started process (PID=3706) to work on /opt/airflow/dags/8_mlops_pipeline.py
[2026-09-21T00:23:47.966+0000] {processor.py:799} INFO - Processing file /opt/airflow/dags/8_mlops_pipeline.py for tasks to queue
[2026-09-21T00:23:47.968+0000] {logging_mixin.py:149} INFO - [2026-09-21T00:23:47.967+0000] {dagbag.py:541} INFO - Filling up the DagBag from /opt/airflow/dags/8_mlops_pipeline.py
[2026-09-21T00:23:48.007+0000] {processor.py:809} INFO - DAG(s) dict_keys(['8-mlops_pipeline']) retrieved from /opt/airflow/dags/8_mlops_pipeline.py
[2026-09-21T00:23:48.147+0000] {logging_mixin.py:149} INFO - [2026-09-21T00:23:48.144+0000] {dag.py:2726} INFO - Sync 1 DAGs
[2026-09-21T00:23:48.269+0000] {logging_mixin.py:149} INFO - [2026-09-21T00:23:48.269+0000] {dag.py:3490} INFO - Setting next_dagrun for 8-mlops_pipeline to None, run_after=None
[2026-09-21T00:23:48.318+0000] {processor.py:178} INFO - Processing /opt/airflow/dags/8_mlops_pipeline.py took 0.381 seconds
[2026-09-21T00:24:18.381+0000] {processor.py:156} INFO - Started process (PID=3716) to work on /opt/airflow/dags/8_mlops_pipeline.py
[2026-09-21T00:24:18.383+0000] {processor.py:799} INFO - Processing file /opt/airflow/dags/8_mlops_pipeline.py for tasks to queue
[2026-09-21T00:24:18.385+0000] {logging_mixin.py:149} INFO - [2026-09-21T00:24:18.384+0000] {dagbag.py:541} INFO - Filling up the DagBag from /opt/airflow/dags/8_mlops_pipeline.py
[2026-09-21T00:24:18.405+0000] {processor.py:809} INFO - DAG(s) dict_keys(['8-mlops_pipeline']) retrieved from /opt/airflow/dags/8_mlops_pipeline.py
[2026-09-21T00:24:18.465+0000] {logging_mixin.py:149} INFO - [2026-09-21T00:24:18.465+0000] {dag.py:2726} INFO - Sync 1 DAGs
[2026-09-21T00:24:18.537+0000] {logging_mixin.py:149} INFO - [2026-09-21T00:24:18.537+0000] {dag.py:3490} INFO - Setting next_dagrun for 8-mlops_pipeline to None, run_after=None
[2026-09-21T00:24:18.573+0000] {processor.py:178} INFO - Processing /opt/airflow/dags/8_mlops_pipeline.py took 0.207 seconds
[2026-09-21T00:24:48.665+0000] {processor.py:156} INFO - Started process (PID=3726) to work on /opt/airflow/dags/8_mlops_pipeline.py
[2026-09-21T00:24:48.669+0000] {processor.py:799} INFO - Processing file /opt/airflow/dags/8_mlops_pipeline.py for tasks to queue
[2026-09-21T00:24:48.670+0000] {logging_mixin.py:149} INFO - [2026-09-21T00:24:48.670+0000] {dagbag.py:541} INFO - Filling up the DagBag from /opt/airflow/dags/8_mlops_pipeline.py
[2026-09-21T00:24:48.703+0000] {processor.py:809} INFO - DAG(s) dict_keys(['8-mlops_pipeline']) retrieved from /opt/airflow/dags/8_mlops_pipeline.py
[2026-09-21T00:24:48.888+0000] {logging_mixin.py:149} INFO - [2026-09-21T00:24:48.888+0000] {dag.py:2726} INFO - Sync 1 DAGs
[2026-09-21T00:24:49.052+0000] {logging_mixin.py:149} INFO - [2026-09-21T00:24:49.052+0000] {dag.py:3490} INFO - Setting next_dagrun for 8-mlops_pipeline to None, run_after=None
[2026-09-21T00:24:49.159+0000] {processor.py:178} INFO - Processing /opt/airflow/dags/8_mlops_pipeline.py took 0.501 seconds
[2026-09-21T00:25:19.244+0000] {processor.py:156} INFO - Started process (PID=3736) to work on /opt/airflow/dags/8_mlops_pipeline.py
[2026-09-21T00:25:19.246+0000] {processor.py:799} INFO - Processing file /opt/airflow/dags/8_mlops_pipeline.py for tasks to queue
[2026-09-21T00:25:19.247+0000] {logging_mixin.py:149} INFO - [2026-09-21T00:25:19.247+0000] {dagbag.py:541} INFO - Filling up the DagBag from /opt/airflow/dags/8_mlops_pipeline.py
[2026-09-21T00:25:19.267+0000] {processor.py:809} INFO - DAG(s) dict_keys(['8-mlops_pipeline']) retrieved from /opt/airflow/dags/8_mlops_pipeline.py
[2026-09-21T00:25:19.354+0000] {logging_mixin.py:149} INFO - [2026-09-21T00:25:19.354+0000] {dag.py:2726} INFO - Sync 1 DAGs
[2026-09-21T00:25:19.420+0000] {logging_mixin.py:149} INFO - [2026-09-21T00:25:19.420+0000] {dag.py:3490} INFO - Setting next_dagrun for 8-mlops_pipeline to None, run_after=None
[2026-09-21T00:25:19.493+0000] {processor.py:178} INFO - Processing /opt/airflow/dags/8_mlops_pipeline.py took 0.255 seconds
[2026-09-21T00:25:50.335+0000] {processor.py:156} INFO - Started process (PID=3746) to work on /opt/airflow/dags/8_mlops_pipeline.py
[2026-09-21T00:25:50.339+0000] {processor.py:799} INFO - Processing file /opt/airflow/dags/8_mlops_pipeline.py for tasks to queue
[2026-09-21T00:25:50.340+0000] {logging_mixin.py:149} INFO - [2026-09-21T00:25:50.340+0000] {dagbag.py:541} INFO - Filling up the DagBag from /opt/airflow/dags/8_mlops_pipeline.py
[2026-09-21T00:25:50.368+0000] {processor.py:809} INFO - DAG(s) dict_keys(['8-mlops_pipeline']) retrieved from /opt/airflow/dags/8_mlops_pipeline.py
[2026-09-21T00:25:50.430+0000] {logging_mixin.py:149} INFO - [2026-09-21T00:25:50.429+0000] {dag.py:2726} INFO - Sync 1 DAGs
[2026-09-21T00:25:50.470+0000] {logging_mixin.py:149} INFO - [2026-09-21T00:25:50.470+0000] {dag.py:3490} INFO - Setting next_dagrun for 8-mlops_pipeline to None, run_after=None
[2026-09-21T00:25:50.537+0000] {processor.py:178} INFO - Processing /opt/airflow/dags/8_mlops_pipeline.py took 0.209 seconds
[2026-09-21T00:26:21.547+0000] {processor.py:156} INFO - Started process (PID=3756) to work on /opt/airflow/dags/8_mlops_pipeline.py
[2026-09-21T00:26:21.548+0000] {processor.py:799} INFO - Processing file /opt/airflow/dags/8_mlops_pipeline.py for tasks to queue
[2026-09-21T00:26:21.550+0000] {logging_mixin.py:149} INFO - [2026-09-21T00:26:21.549+0000] {dagbag.py:541} INFO - Filling up the DagBag from /opt/airflow/dags/8_mlops_pipeline.py
[2026-09-21T00:26:21.572+0000] {processor.py:809} INFO - DAG(s) dict_keys(['8-mlops_pipeline']) retrieved from /opt/airflow/dags/8_mlops_pipeline.py
[2026-09-21T00:26:21.625+0000] {logging_mixin.py:149} INFO - [2026-09-21T00:26:21.625+0000] {dag.py:2726} INFO - Sync 1 DAGs
[2026-09-21T00:26:21.682+0000] {logging_mixin.py:149} INFO - [2026-09-21T00:26:21.682+0000] {dag.py:3490} INFO - Setting next_dagrun for 8-mlops_pipeline to None, run_after=None
[2026-09-21T00:26:21.764+0000] {processor.py:178} INFO - Processing /opt/airflow/dags/8_mlops_pipeline.py took 0.223 seconds
[2026-09-21T00:26:51.940+0000] {processor.py:156} INFO - Started process (PID=3766) to work on /opt/airflow/dags/8_mlops_pipeline.py
[2026-09-21T00:26:51.943+0000] {processor.py:799} INFO - Processing file /opt/airflow/dags/8_mlops_pipeline.py for tasks to queue
[2026-09-21T00:26:51.945+0000] {logging_mixin.py:149} INFO - [2026-09-21T00:26:51.945+0000] {dagbag.py:541} INFO - Filling up the DagBag from /opt/airflow/dags/8_mlops_pipeline.py
[2026-09-21T00:26:51.989+0000] {processor.py:809} INFO - DAG(s) dict_keys(['8-mlops_pipeline']) retrieved from /opt/airflow/dags/8_mlops_pipeline.py
[2026-09-21T00:26:52.084+0000] {logging_mixin.py:149} INFO - [2026-09-21T00:26:52.083+0000] {dag.py:2726} INFO - Sync 1 DAGs
[2026-09-21T00:26:52.185+0000] {logging_mixin.py:149} INFO - [2026-09-21T00:26:52.185+0000] {dag.py:3490} INFO - Setting next_dagrun for 8-mlops_pipeline to None, run_after=None
[2026-09-21T00:26:52.238+0000] {processor.py:178} INFO - Processing /opt/airflow/dags/8_mlops_pipeline.py took 0.310 seconds
[2026-09-21T00:27:22.342+0000] {processor.py:156} INFO - Started process (PID=3776) to work on /opt/airflow/dags/8_mlops_pipeline.py
[2026-09-21T00:27:22.352+0000] {processor.py:799} INFO - Processing file /opt/airflow/dags/8_mlops_pipeline.py for tasks to queue
[2026-09-21T00:27:22.353+0000] {logging_mixin.py:149} INFO - [2026-09-21T00:27:22.353+0000] {dagbag.py:541} INFO - Filling up the DagBag from /opt/airflow/dags/8_mlops_pipeline.py
[2026-09-21T00:27:22.385+0000] {processor.py:809} INFO - DAG(s) dict_keys(['8-mlops_pipeline']) retrieved from /opt/airflow/dags/8_mlops_pipeline.py
[2026-09-21T00:27:22.504+0000] {logging_mixin.py:149} INFO - [2026-09-21T00:27:22.503+0000] {dag.py:2726} INFO - Sync 1 DAGs
[2026-09-21T00:27:22.584+0000] {logging_mixin.py:149} INFO - [2026-09-21T00:27:22.584+0000] {dag.py:3490} INFO - Setting next_dagrun for 8-mlops_pipeline to None, run_after=None
[2026-09-21T00:27:22.638+0000] {processor.py:178} INFO - Processing /opt/airflow/dags/8_mlops_pipeline.py took 0.305 seconds
[2026-09-21T00:27:52.742+0000] {processor.py:156} INFO - Started process (PID=3786) to work on /opt/airflow/dags/8_mlops_pipeline.py
[2026-09-21T00:27:52.744+0000] {processor.py:799} INFO - Processing file /opt/airflow/dags/8_mlops_pipeline.py for tasks to queue
[2026-09-21T00:27:52.745+0000] {logging_mixin.py:149} INFO - [2026-09-21T00:27:52.745+0000] {dagbag.py:541} INFO - Filling up the DagBag from /opt/airflow/dags/8_mlops_pipeline.py
[2026-09-21T00:27:52.774+0000] {processor.py:809} INFO - DAG(s) dict_keys(['8-mlops_pipeline']) retrieved from /opt/airflow/dags/8_mlops_pipeline.py
[2026-09-21T00:27:52.833+0000] {logging_mixin.py:149} INFO - [2026-09-21T00:27:52.833+0000] {dag.py:2726} INFO - Sync 1 DAGs
[2026-09-21T00:27:52.865+0000] {logging_mixin.py:149} INFO - [2026-09-21T00:27:52.864+0000] {dag.py:3490} INFO - Setting next_dagrun for 8-mlops_pipeline to None, run_after=None
[2026-09-21T00:27:52.889+0000] {processor.py:178} INFO - Processing /opt/airflow/dags/8_mlops_pipeline.py took 0.155 seconds
[2026-09-21T00:28:22.986+0000] {processor.py:156} INFO - Started process (PID=3796) to work on /opt/airflow/dags/8_mlops_pipeline.py
[2026-09-21T00:28:22.996+0000] {processor.py:799} INFO - Processing file /opt/airflow/dags/8_mlops_pipeline.py for tasks to queue
[2026-09-21T00:28:22.998+0000] {logging_mixin.py:149} INFO - [2026-09-21T00:28:22.997+0000] {dagbag.py:541} INFO - Filling up the DagBag from /opt/airflow/dags/8_mlops_pipeline.py
[2026-09-21T00:28:23.019+0000] {processor.py:809} INFO - DAG(s) dict_keys(['8-mlops_pipeline']) retrieved from /opt/airflow/dags/8_mlops_pipeline.py
[2026-09-21T00:28:23.119+0000] {logging_mixin.py:149} INFO - [2026-09-21T00:28:23.119+0000] {dag.py:2726} INFO - Sync 1 DAGs
[2026-09-21T00:28:23.223+0000] {logging_mixin.py:149} INFO - [2026-09-21T00:28:23.223+0000] {dag.py:3490} INFO - Setting next_dagrun for 8-mlops_pipeline to None, run_after=None
[2026-09-21T00:28:23.257+0000] {processor.py:178} INFO - Processing /opt/airflow/dags/8_mlops_pipeline.py took 0.279 seconds
[2026-09-21T00:28:53.540+0000] {processor.py:156} INFO - Started process (PID=3807) to work on /opt/airflow/dags/8_mlops_pipeline.py
[2026-09-21T00:28:53.559+0000] {processor.py:799} INFO - Processing file /opt/airflow/dags/8_mlops_pipeline.py for tasks to queue
[2026-09-21T00:28:53.560+0000] {logging_mixin.py:149} INFO - [2026-09-21T00:28:53.560+0000] {dagbag.py:541} INFO - Filling up the DagBag from /opt/airflow/dags/8_mlops_pipeline.py
[2026-09-21T00:28:53.590+0000] {processor.py:809} INFO - DAG(s) dict_keys(['8-mlops_pipeline']) retrieved from /opt/airflow/dags/8_mlops_pipeline.py
[2026-09-21T00:28:53.673+0000] {logging_mixin.py:149} INFO - [2026-09-21T00:28:53.673+0000] {dag.py:2726} INFO - Sync 1 DAGs
[2026-09-21T00:28:53.711+0000] {logging_mixin.py:149} INFO - [2026-09-21T00:28:53.711+0000] {dag.py:3490} INFO - Setting next_dagrun for 8-mlops_pipeline to None, run_after=None
[2026-09-21T00:28:53.741+0000] {processor.py:178} INFO - Processing /opt/airflow/dags/8_mlops_pipeline.py took 0.217 seconds
[2026-09-21T00:29:23.899+0000] {processor.py:156} INFO - Started process (PID=3817) to work on /opt/airflow/dags/8_mlops_pipeline.py
[2026-09-21T00:29:23.900+0000] {processor.py:799} INFO - Processing file /opt/airflow/dags/8_mlops_pipeline.py for tasks to queue
[2026-09-21T00:29:23.901+0000] {logging_mixin.py:149} INFO - [2026-09-21T00:29:23.901+0000] {dagbag.py:541} INFO - Filling up the DagBag from /opt/airflow/dags/8_mlops_pipeline.py
[2026-09-21T00:29:23.916+0000] {processor.py:809} INFO - DAG(s) dict_keys(['8-mlops_pipeline']) retrieved from /opt/airflow/dags/8_mlops_pipeline.py
[2026-09-21T00:29:23.959+0000] {logging_mixin.py:149} INFO - [2026-09-21T00:29:23.959+0000] {dag.py:2726} INFO - Sync 1 DAGs
[2026-09-21T00:29:23.993+0000] {logging_mixin.py:149} INFO - [2026-09-21T00:29:23.993+0000] {dag.py:3490} INFO - Setting next_dagrun for 8-mlops_pipeline to None, run_after=None
[2026-09-21T00:29:24.023+0000] {processor.py:178} INFO - Processing /opt/airflow/dags/8_mlops_pipeline.py took 0.130 seconds
[2026-09-21T00:29:54.840+0000] {processor.py:156} INFO - Started process (PID=3826) to work on /opt/airflow/dags/8_mlops_pipeline.py
[2026-09-21T00:29:54.842+0000] {processor.py:799} INFO - Processing file /opt/airflow/dags/8_mlops_pipeline.py for tasks to queue
[2026-09-21T00:29:54.843+0000] {logging_mixin.py:149} INFO - [2026-09-21T00:29:54.843+0000] {dagbag.py:541} INFO - Filling up the DagBag from /opt/airflow/dags/8_mlops_pipeline.py
[2026-09-21T00:29:54.864+0000] {processor.py:809} INFO - DAG(s) dict_keys(['8-mlops_pipeline']) retrieved from /opt/airflow/dags/8_mlops_pipeline.py
[2026-09-21T00:29:54.988+0000] {logging_mixin.py:149} INFO - [2026-09-21T00:29:54.987+0000] {dag.py:2726} INFO - Sync 1 DAGs
[2026-09-21T00:29:55.055+0000] {logging_mixin.py:149} INFO - [2026-09-21T00:29:55.055+0000] {dag.py:3490} INFO - Setting next_dagrun for 8-mlops_pipeline to None, run_after=None
[2026-09-21T00:29:55.121+0000] {processor.py:178} INFO - Processing /opt/airflow/dags/8_mlops_pipeline.py took 0.291 seconds
[2026-09-21T00:30:25.306+0000] {processor.py:156} INFO - Started process (PID=3836) to work on /opt/airflow/dags/8_mlops_pipeline.py
[2026-09-21T00:30:25.313+0000] {processor.py:799} INFO - Processing file /opt/airflow/dags/8_mlops_pipeline.py for tasks to queue
[2026-09-21T00:30:25.314+0000] {logging_mixin.py:149} INFO - [2026-09-21T00:30:25.313+0000] {dagbag.py:541} INFO - Filling up the DagBag from /opt/airflow/dags/8_mlops_pipeline.py
[2026-09-21T00:30:25.332+0000] {processor.py:809} INFO - DAG(s) dict_keys(['8-mlops_pipeline']) retrieved from /opt/airflow/dags/8_mlops_pipeline.py
[2026-09-21T00:30:25.416+0000] {logging_mixin.py:149} INFO - [2026-09-21T00:30:25.416+0000] {dag.py:2726} INFO - Sync 1 DAGs
[2026-09-21T00:30:25.499+0000] {logging_mixin.py:149} INFO - [2026-09-21T00:30:25.499+0000] {dag.py:3490} INFO - Setting next_dagrun for 8-mlops_pipeline to None, run_after=None
[2026-09-21T00:30:25.569+0000] {processor.py:178} INFO - Processing /opt/airflow/dags/8_mlops_pipeline.py took 0.269 seconds
[2026-09-21T00:30:55.911+0000] {processor.py:156} INFO - Started process (PID=3846) to work on /opt/airflow/dags/8_mlops_pipeline.py
[2026-09-21T00:30:55.912+0000] {processor.py:799} INFO - Processing file /opt/airflow/dags/8_mlops_pipeline.py for tasks to queue
[2026-09-21T00:30:55.913+0000] {logging_mixin.py:149} INFO - [2026-09-21T00:30:55.913+0000] {dagbag.py:541} INFO - Filling up the DagBag from /opt/airflow/dags/8_mlops_pipeline.py
[2026-09-21T00:30:55.934+0000] {processor.py:809} INFO - DAG(s) dict_keys(['8-mlops_pipeline']) retrieved from /opt/airflow/dags/8_mlops_pipeline.py
[2026-09-21T00:30:55.988+0000] {logging_mixin.py:149} INFO - [2026-09-21T00:30:55.988+0000] {dag.py:2726} INFO - Sync 1 DAGs
[2026-09-21T00:30:56.030+0000] {logging_mixin.py:149} INFO - [2026-09-21T00:30:56.029+0000] {dag.py:3490} INFO - Setting next_dagrun for 8-mlops_pipeline to None, run_after=None
[2026-09-21T00:30:56.079+0000] {processor.py:178} INFO - Processing /opt/airflow/dags/8_mlops_pipeline.py took 0.174 seconds
[2026-09-21T00:31:26.209+0000] {processor.py:156} INFO - Started process (PID=3856) to work on /opt/airflow/dags/8_mlops_pipeline.py
[2026-09-21T00:31:26.221+0000] {processor.py:799} INFO - Processing file /opt/airflow/dags/8_mlops_pipeline.py for tasks to queue
[2026-09-21T00:31:26.232+0000] {logging_mixin.py:149} INFO - [2026-09-21T00:31:26.231+0000] {dagbag.py:541} INFO - Filling up the DagBag from /opt/airflow/dags/8_mlops_pipeline.py
[2026-09-21T00:31:26.251+0000] {processor.py:809} INFO - DAG(s) dict_keys(['8-mlops_pipeline']) retrieved from /opt/airflow/dags/8_mlops_pipeline.py
[2026-09-21T00:31:26.314+0000] {logging_mixin.py:149} INFO - [2026-09-21T00:31:26.314+0000] {dag.py:2726} INFO - Sync 1 DAGs
[2026-09-21T00:31:26.371+0000] {logging_mixin.py:149} INFO - [2026-09-21T00:31:26.370+0000] {dag.py:3490} INFO - Setting next_dagrun for 8-mlops_pipeline to None, run_after=None
[2026-09-21T00:31:26.438+0000] {processor.py:178} INFO - Processing /opt/airflow/dags/8_mlops_pipeline.py took 0.237 seconds
[2026-09-21T00:31:56.585+0000] {processor.py:156} INFO - Started process (PID=3866) to work on /opt/airflow/dags/8_mlops_pipeline.py
[2026-09-21T00:31:56.588+0000] {processor.py:799} INFO - Processing file /opt/airflow/dags/8_mlops_pipeline.py for tasks to queue
[2026-09-21T00:31:56.591+0000] {logging_mixin.py:149} INFO - [2026-09-21T00:31:56.591+0000] {dagbag.py:541} INFO - Filling up the DagBag from /opt/airflow/dags/8_mlops_pipeline.py
[2026-09-21T00:31:56.616+0000] {processor.py:809} INFO - DAG(s) dict_keys(['8-mlops_pipeline']) retrieved from /opt/airflow/dags/8_mlops_pipeline.py
[2026-09-21T00:31:56.691+0000] {logging_mixin.py:149} INFO - [2026-09-21T00:31:56.690+0000] {dag.py:2726} INFO - Sync 1 DAGs
[2026-09-21T00:31:56.756+0000] {logging_mixin.py:149} INFO - [2026-09-21T00:31:56.754+0000] {dag.py:3490} INFO - Setting next_dagrun for 8-mlops_pipeline to None, run_after=None
[2026-09-21T00:31:56.814+0000] {processor.py:178} INFO - Processing /opt/airflow/dags/8_mlops_pipeline.py took 0.238 seconds
[2026-09-21T00:32:27.004+0000] {processor.py:156} INFO - Started process (PID=3876) to work on /opt/airflow/dags/8_mlops_pipeline.py
[2026-09-21T00:32:27.009+0000] {processor.py:799} INFO - Processing file /opt/airflow/dags/8_mlops_pipeline.py for tasks to queue
[2026-09-21T00:32:27.010+0000] {logging_mixin.py:149} INFO - [2026-09-21T00:32:27.010+0000] {dagbag.py:541} INFO - Filling up the DagBag from /opt/airflow/dags/8_mlops_pipeline.py
[2026-09-21T00:32:27.030+0000] {processor.py:809} INFO - DAG(s) dict_keys(['8-mlops_pipeline']) retrieved from /opt/airflow/dags/8_mlops_pipeline.py
[2026-09-21T00:32:27.107+0000] {logging_mixin.py:149} INFO - [2026-09-21T00:32:27.107+0000] {dag.py:2726} INFO - Sync 1 DAGs
[2026-09-21T00:32:27.179+0000] {logging_mixin.py:149} INFO - [2026-09-21T00:32:27.179+0000] {dag.py:3490} INFO - Setting next_dagrun for 8-mlops_pipeline to None, run_after=None
[2026-09-21T00:32:27.223+0000] {processor.py:178} INFO - Processing /opt/airflow/dags/8_mlops_pipeline.py took 0.231 seconds
[2026-09-21T00:32:57.462+0000] {processor.py:156} INFO - Started process (PID=3886) to work on /opt/airflow/dags/8_mlops_pipeline.py
[2026-09-21T00:32:57.467+0000] {processor.py:799} INFO - Processing file /opt/airflow/dags/8_mlops_pipeline.py for tasks to queue
[2026-09-21T00:32:57.470+0000] {logging_mixin.py:149} INFO - [2026-09-21T00:32:57.470+0000] {dagbag.py:541} INFO - Filling up the DagBag from /opt/airflow/dags/8_mlops_pipeline.py
[2026-09-21T00:32:57.491+0000] {processor.py:809} INFO - DAG(s) dict_keys(['8-mlops_pipeline']) retrieved from /opt/airflow/dags/8_mlops_pipeline.py
[2026-09-21T00:32:57.586+0000] {logging_mixin.py:149} INFO - [2026-09-21T00:32:57.586+0000] {dag.py:2726} INFO - Sync 1 DAGs
[2026-09-21T00:32:57.668+0000] {logging_mixin.py:149} INFO - [2026-09-21T00:32:57.668+0000] {dag.py:3490} INFO - Setting next_dagrun for 8-mlops_pipeline to None, run_after=None
[2026-09-21T00:32:57.730+0000] {processor.py:178} INFO - Processing /opt/airflow/dags/8_mlops_pipeline.py took 0.273 seconds
[2026-09-21T00:33:27.792+0000] {processor.py:156} INFO - Started process (PID=3896) to work on /opt/airflow/dags/8_mlops_pipeline.py
[2026-09-21T00:33:27.795+0000] {processor.py:799} INFO - Processing file /opt/airflow/dags/8_mlops_pipeline.py for tasks to queue
[2026-09-21T00:33:27.797+0000] {logging_mixin.py:149} INFO - [2026-09-21T00:33:27.797+0000] {dagbag.py:541} INFO - Filling up the DagBag from /opt/airflow/dags/8_mlops_pipeline.py
[2026-09-21T00:33:27.829+0000] {processor.py:809} INFO - DAG(s) dict_keys(['8-mlops_pipeline']) retrieved from /opt/airflow/dags/8_mlops_pipeline.py
[2026-09-21T00:33:27.904+0000] {logging_mixin.py:149} INFO - [2026-09-21T00:33:27.904+0000] {dag.py:2726} INFO - Sync 1 DAGs
[2026-09-21T00:33:27.955+0000] {logging_mixin.py:149} INFO - [2026-09-21T00:33:27.954+0000] {dag.py:3490} INFO - Setting next_dagrun for 8-mlops_pipeline to None, run_after=None
[2026-09-21T00:33:28.006+0000] {processor.py:178} INFO - Processing /opt/airflow/dags/8_mlops_pipeline.py took 0.225 seconds
[2026-09-21T00:33:58.153+0000] {processor.py:156} INFO - Started process (PID=3906) to work on /opt/airflow/dags/8_mlops_pipeline.py
[2026-09-21T00:33:58.154+0000] {processor.py:799} INFO - Processing file /opt/airflow/dags/8_mlops_pipeline.py for tasks to queue
[2026-09-21T00:33:58.156+0000] {logging_mixin.py:149} INFO - [2026-09-21T00:33:58.155+0000] {dagbag.py:541} INFO - Filling up the DagBag from /opt/airflow/dags/8_mlops_pipeline.py
[2026-09-21T00:33:58.194+0000] {processor.py:809} INFO - DAG(s) dict_keys(['8-mlops_pipeline']) retrieved from /opt/airflow/dags/8_mlops_pipeline.py
[2026-09-21T00:33:58.304+0000] {logging_mixin.py:149} INFO - [2026-09-21T00:33:58.304+0000] {dag.py:2726} INFO - Sync 1 DAGs
[2026-09-21T00:33:58.433+0000] {logging_mixin.py:149} INFO - [2026-09-21T00:33:58.433+0000] {dag.py:3490} INFO - Setting next_dagrun for 8-mlops_pipeline to None, run_after=None
[2026-09-21T00:33:58.524+0000] {processor.py:178} INFO - Processing /opt/airflow/dags/8_mlops_pipeline.py took 0.381 seconds
[2026-09-21T00:34:28.627+0000] {processor.py:156} INFO - Started process (PID=3916) to work on /opt/airflow/dags/8_mlops_pipeline.py
[2026-09-21T00:34:28.631+0000] {processor.py:799} INFO - Processing file /opt/airflow/dags/8_mlops_pipeline.py for tasks to queue
[2026-09-21T00:34:28.633+0000] {logging_mixin.py:149} INFO - [2026-09-21T00:34:28.633+0000] {dagbag.py:541} INFO - Filling up the DagBag from /opt/airflow/dags/8_mlops_pipeline.py
[2026-09-21T00:34:28.654+0000] {processor.py:809} INFO - DAG(s) dict_keys(['8-mlops_pipeline']) retrieved from /opt/airflow/dags/8_mlops_pipeline.py
[2026-09-21T00:34:28.713+0000] {logging_mixin.py:149} INFO - [2026-09-21T00:34:28.713+0000] {dag.py:2726} INFO - Sync 1 DAGs
[2026-09-21T00:34:28.753+0000] {logging_mixin.py:149} INFO - [2026-09-21T00:34:28.752+0000] {dag.py:3490} INFO - Setting next_dagrun for 8-mlops_pipeline to None, run_after=None
[2026-09-21T00:34:28.806+0000] {processor.py:178} INFO - Processing /opt/airflow/dags/8_mlops_pipeline.py took 0.188 seconds
[2026-09-21T00:34:59.770+0000] {processor.py:156} INFO - Started process (PID=3926) to work on /opt/airflow/dags/8_mlops_pipeline.py
[2026-09-21T00:34:59.773+0000] {processor.py:799} INFO - Processing file /opt/airflow/dags/8_mlops_pipeline.py for tasks to queue
[2026-09-21T00:34:59.774+0000] {logging_mixin.py:149} INFO - [2026-09-21T00:34:59.774+0000] {dagbag.py:541} INFO - Filling up the DagBag from /opt/airflow/dags/8_mlops_pipeline.py
[2026-09-21T00:34:59.815+0000] {processor.py:809} INFO - DAG(s) dict_keys(['8-mlops_pipeline']) retrieved from /opt/airflow/dags/8_mlops_pipeline.py
[2026-09-21T00:34:59.909+0000] {logging_mixin.py:149} INFO - [2026-09-21T00:34:59.909+0000] {dag.py:2726} INFO - Sync 1 DAGs
[2026-09-21T00:35:00.029+0000] {logging_mixin.py:149} INFO - [2026-09-21T00:35:00.028+0000] {dag.py:3490} INFO - Setting next_dagrun for 8-mlops_pipeline to None, run_after=None
[2026-09-21T00:35:00.107+0000] {processor.py:178} INFO - Processing /opt/airflow/dags/8_mlops_pipeline.py took 0.360 seconds
[2026-09-21T00:35:31.122+0000] {processor.py:156} INFO - Started process (PID=3936) to work on /opt/airflow/dags/8_mlops_pipeline.py
[2026-09-21T00:35:31.123+0000] {processor.py:799} INFO - Processing file /opt/airflow/dags/8_mlops_pipeline.py for tasks to queue
[2026-09-21T00:35:31.137+0000] {logging_mixin.py:149} INFO - [2026-09-21T00:35:31.134+0000] {dagbag.py:541} INFO - Filling up the DagBag from /opt/airflow/dags/8_mlops_pipeline.py
[2026-09-21T00:35:31.187+0000] {processor.py:809} INFO - DAG(s) dict_keys(['8-mlops_pipeline']) retrieved from /opt/airflow/dags/8_mlops_pipeline.py
[2026-09-21T00:35:31.279+0000] {logging_mixin.py:149} INFO - [2026-09-21T00:35:31.279+0000] {dag.py:2726} INFO - Sync 1 DAGs
[2026-09-21T00:35:31.323+0000] {logging_mixin.py:149} INFO - [2026-09-21T00:35:31.323+0000] {dag.py:3490} INFO - Setting next_dagrun for 8-mlops_pipeline to None, run_after=None
[2026-09-21T00:35:31.370+0000] {processor.py:178} INFO - Processing /opt/airflow/dags/8_mlops_pipeline.py took 0.266 seconds
[2026-09-21T00:36:01.423+0000] {processor.py:156} INFO - Started process (PID=3946) to work on /opt/airflow/dags/8_mlops_pipeline.py
[2026-09-21T00:36:01.428+0000] {processor.py:799} INFO - Processing file /opt/airflow/dags/8_mlops_pipeline.py for tasks to queue
[2026-09-21T00:36:01.428+0000] {logging_mixin.py:149} INFO - [2026-09-21T00:36:01.428+0000] {dagbag.py:541} INFO - Filling up the DagBag from /opt/airflow/dags/8_mlops_pipeline.py
[2026-09-21T00:36:01.455+0000] {processor.py:809} INFO - DAG(s) dict_keys(['8-mlops_pipeline']) retrieved from /opt/airflow/dags/8_mlops_pipeline.py
[2026-09-21T00:36:01.513+0000] {logging_mixin.py:149} INFO - [2026-09-21T00:36:01.513+0000] {dag.py:2726} INFO - Sync 1 DAGs
[2026-09-21T00:36:01.575+0000] {logging_mixin.py:149} INFO - [2026-09-21T00:36:01.575+0000] {dag.py:3490} INFO - Setting next_dagrun for 8-mlops_pipeline to None, run_after=None
[2026-09-21T00:36:01.623+0000] {processor.py:178} INFO - Processing /opt/airflow/dags/8_mlops_pipeline.py took 0.209 seconds
[2026-09-21T00:36:31.718+0000] {processor.py:156} INFO - Started process (PID=3956) to work on /opt/airflow/dags/8_mlops_pipeline.py
[2026-09-21T00:36:31.719+0000] {processor.py:799} INFO - Processing file /opt/airflow/dags/8_mlops_pipeline.py for tasks to queue
[2026-09-21T00:36:31.720+0000] {logging_mixin.py:149} INFO - [2026-09-21T00:36:31.720+0000] {dagbag.py:541} INFO - Filling up the DagBag from /opt/airflow/dags/8_mlops_pipeline.py
[2026-09-21T00:36:31.743+0000] {processor.py:809} INFO - DAG(s) dict_keys(['8-mlops_pipeline']) retrieved from /opt/airflow/dags/8_mlops_pipeline.py
[2026-09-21T00:36:31.828+0000] {logging_mixin.py:149} INFO - [2026-09-21T00:36:31.828+0000] {dag.py:2726} INFO - Sync 1 DAGs
[2026-09-21T00:36:31.886+0000] {logging_mixin.py:149} INFO - [2026-09-21T00:36:31.886+0000] {dag.py:3490} INFO - Setting next_dagrun for 8-mlops_pipeline to None, run_after=None
[2026-09-21T00:36:31.950+0000] {processor.py:178} INFO - Processing /opt/airflow/dags/8_mlops_pipeline.py took 0.239 seconds
[2026-09-21T00:37:02.019+0000] {processor.py:156} INFO - Started process (PID=3966) to work on /opt/airflow/dags/8_mlops_pipeline.py
[2026-09-21T00:37:02.025+0000] {processor.py:799} INFO - Processing file /opt/airflow/dags/8_mlops_pipeline.py for tasks to queue
[2026-09-21T00:37:02.026+0000] {logging_mixin.py:149} INFO - [2026-09-21T00:37:02.026+0000] {dagbag.py:541} INFO - Filling up the DagBag from /opt/airflow/dags/8_mlops_pipeline.py
[2026-09-21T00:37:02.055+0000] {processor.py:809} INFO - DAG(s) dict_keys(['8-mlops_pipeline']) retrieved from /opt/airflow/dags/8_mlops_pipeline.py
[2026-09-21T00:37:02.158+0000] {logging_mixin.py:149} INFO - [2026-09-21T00:37:02.158+0000] {dag.py:2726} INFO - Sync 1 DAGs
[2026-09-21T00:37:02.217+0000] {logging_mixin.py:149} INFO - [2026-09-21T00:37:02.216+0000] {dag.py:3490} INFO - Setting next_dagrun for 8-mlops_pipeline to None, run_after=None
[2026-09-21T00:37:02.277+0000] {processor.py:178} INFO - Processing /opt/airflow/dags/8_mlops_pipeline.py took 0.264 seconds
[2026-09-21T00:37:32.422+0000] {processor.py:156} INFO - Started process (PID=3976) to work on /opt/airflow/dags/8_mlops_pipeline.py
[2026-09-21T00:37:32.429+0000] {processor.py:799} INFO - Processing file /opt/airflow/dags/8_mlops_pipeline.py for tasks to queue
[2026-09-21T00:37:32.440+0000] {logging_mixin.py:149} INFO - [2026-09-21T00:37:32.439+0000] {dagbag.py:541} INFO - Filling up the DagBag from /opt/airflow/dags/8_mlops_pipeline.py
[2026-09-21T00:37:32.486+0000] {processor.py:809} INFO - DAG(s) dict_keys(['8-mlops_pipeline']) retrieved from /opt/airflow/dags/8_mlops_pipeline.py
[2026-09-21T00:37:32.603+0000] {logging_mixin.py:149} INFO - [2026-09-21T00:37:32.603+0000] {dag.py:2726} INFO - Sync 1 DAGs
[2026-09-21T00:37:32.744+0000] {logging_mixin.py:149} INFO - [2026-09-21T00:37:32.744+0000] {dag.py:3490} INFO - Setting next_dagrun for 8-mlops_pipeline to None, run_after=None
[2026-09-21T00:37:32.807+0000] {processor.py:178} INFO - Processing /opt/airflow/dags/8_mlops_pipeline.py took 0.409 seconds
[2026-09-21T00:38:02.845+0000] {processor.py:156} INFO - Started process (PID=3986) to work on /opt/airflow/dags/8_mlops_pipeline.py
[2026-09-21T00:38:02.847+0000] {processor.py:799} INFO - Processing file /opt/airflow/dags/8_mlops_pipeline.py for tasks to queue
[2026-09-21T00:38:02.848+0000] {logging_mixin.py:149} INFO - [2026-09-21T00:38:02.847+0000] {dagbag.py:541} INFO - Filling up the DagBag from /opt/airflow/dags/8_mlops_pipeline.py
[2026-09-21T00:38:02.866+0000] {processor.py:809} INFO - DAG(s) dict_keys(['8-mlops_pipeline']) retrieved from /opt/airflow/dags/8_mlops_pipeline.py
[2026-09-21T00:38:02.915+0000] {logging_mixin.py:149} INFO - [2026-09-21T00:38:02.915+0000] {dag.py:2726} INFO - Sync 1 DAGs
[2026-09-21T00:38:02.964+0000] {logging_mixin.py:149} INFO - [2026-09-21T00:38:02.964+0000] {dag.py:3490} INFO - Setting next_dagrun for 8-mlops_pipeline to None, run_after=None
[2026-09-21T00:38:03.035+0000] {processor.py:178} INFO - Processing /opt/airflow/dags/8_mlops_pipeline.py took 0.196 seconds
[2026-09-21T00:38:33.258+0000] {processor.py:156} INFO - Started process (PID=3996) to work on /opt/airflow/dags/8_mlops_pipeline.py
[2026-09-21T00:38:33.260+0000] {processor.py:799} INFO - Processing file /opt/airflow/dags/8_mlops_pipeline.py for tasks to queue
[2026-09-21T00:38:33.262+0000] {logging_mixin.py:149} INFO - [2026-09-21T00:38:33.261+0000] {dagbag.py:541} INFO - Filling up the DagBag from /opt/airflow/dags/8_mlops_pipeline.py
[2026-09-21T00:38:33.282+0000] {processor.py:809} INFO - DAG(s) dict_keys(['8-mlops_pipeline']) retrieved from /opt/airflow/dags/8_mlops_pipeline.py
[2026-09-21T00:38:33.389+0000] {logging_mixin.py:149} INFO - [2026-09-21T00:38:33.388+0000] {dag.py:2726} INFO - Sync 1 DAGs
[2026-09-21T00:38:33.435+0000] {logging_mixin.py:149} INFO - [2026-09-21T00:38:33.434+0000] {dag.py:3490} INFO - Setting next_dagrun for 8-mlops_pipeline to None, run_after=None
[2026-09-21T00:38:33.491+0000] {processor.py:178} INFO - Processing /opt/airflow/dags/8_mlops_pipeline.py took 0.240 seconds
[2026-09-21T00:39:03.939+0000] {processor.py:156} INFO - Started process (PID=4006) to work on /opt/airflow/dags/8_mlops_pipeline.py
[2026-09-21T00:39:03.944+0000] {processor.py:799} INFO - Processing file /opt/airflow/dags/8_mlops_pipeline.py for tasks to queue
[2026-09-21T00:39:03.945+0000] {logging_mixin.py:149} INFO - [2026-09-21T00:39:03.944+0000] {dagbag.py:541} INFO - Filling up the DagBag from /opt/airflow/dags/8_mlops_pipeline.py
[2026-09-21T00:39:03.970+0000] {processor.py:809} INFO - DAG(s) dict_keys(['8-mlops_pipeline']) retrieved from /opt/airflow/dags/8_mlops_pipeline.py
[2026-09-21T00:39:04.039+0000] {logging_mixin.py:149} INFO - [2026-09-21T00:39:04.039+0000] {dag.py:2726} INFO - Sync 1 DAGs
[2026-09-21T00:39:04.082+0000] {logging_mixin.py:149} INFO - [2026-09-21T00:39:04.082+0000] {dag.py:3490} INFO - Setting next_dagrun for 8-mlops_pipeline to None, run_after=None
[2026-09-21T00:39:04.154+0000] {processor.py:178} INFO - Processing /opt/airflow/dags/8_mlops_pipeline.py took 0.222 seconds
[2026-09-21T00:39:34.205+0000] {processor.py:156} INFO - Started process (PID=4016) to work on /opt/airflow/dags/8_mlops_pipeline.py
[2026-09-21T00:39:34.207+0000] {processor.py:799} INFO - Processing file /opt/airflow/dags/8_mlops_pipeline.py for tasks to queue
[2026-09-21T00:39:34.208+0000] {logging_mixin.py:149} INFO - [2026-09-21T00:39:34.208+0000] {dagbag.py:541} INFO - Filling up the DagBag from /opt/airflow/dags/8_mlops_pipeline.py
[2026-09-21T00:39:34.227+0000] {processor.py:809} INFO - DAG(s) dict_keys(['8-mlops_pipeline']) retrieved from /opt/airflow/dags/8_mlops_pipeline.py
[2026-09-21T00:39:34.282+0000] {logging_mixin.py:149} INFO - [2026-09-21T00:39:34.282+0000] {dag.py:2726} INFO - Sync 1 DAGs
[2026-09-21T00:39:34.332+0000] {logging_mixin.py:149} INFO - [2026-09-21T00:39:34.332+0000] {dag.py:3490} INFO - Setting next_dagrun for 8-mlops_pipeline to None, run_after=None
[2026-09-21T00:39:34.371+0000] {processor.py:178} INFO - Processing /opt/airflow/dags/8_mlops_pipeline.py took 0.174 seconds
[2026-09-21T00:40:04.543+0000] {processor.py:156} INFO - Started process (PID=4026) to work on /opt/airflow/dags/8_mlops_pipeline.py
[2026-09-21T00:40:04.545+0000] {processor.py:799} INFO - Processing file /opt/airflow/dags/8_mlops_pipeline.py for tasks to queue
[2026-09-21T00:40:04.547+0000] {logging_mixin.py:149} INFO - [2026-09-21T00:40:04.547+0000] {dagbag.py:541} INFO - Filling up the DagBag from /opt/airflow/dags/8_mlops_pipeline.py
[2026-09-21T00:40:04.576+0000] {processor.py:809} INFO - DAG(s) dict_keys(['8-mlops_pipeline']) retrieved from /opt/airflow/dags/8_mlops_pipeline.py
[2026-09-21T00:40:04.659+0000] {logging_mixin.py:149} INFO - [2026-09-21T00:40:04.659+0000] {dag.py:2726} INFO - Sync 1 DAGs
[2026-09-21T00:40:04.718+0000] {logging_mixin.py:149} INFO - [2026-09-21T00:40:04.717+0000] {dag.py:3490} INFO - Setting next_dagrun for 8-mlops_pipeline to None, run_after=None
[2026-09-21T00:40:04.761+0000] {processor.py:178} INFO - Processing /opt/airflow/dags/8_mlops_pipeline.py took 0.238 seconds
[2026-09-21T00:40:34.810+0000] {processor.py:156} INFO - Started process (PID=4036) to work on /opt/airflow/dags/8_mlops_pipeline.py
[2026-09-21T00:40:34.812+0000] {processor.py:799} INFO - Processing file /opt/airflow/dags/8_mlops_pipeline.py for tasks to queue
[2026-09-21T00:40:34.814+0000] {logging_mixin.py:149} INFO - [2026-09-21T00:40:34.813+0000] {dagbag.py:541} INFO - Filling up the DagBag from /opt/airflow/dags/8_mlops_pipeline.py
[2026-09-21T00:40:34.834+0000] {processor.py:809} INFO - DAG(s) dict_keys(['8-mlops_pipeline']) retrieved from /opt/airflow/dags/8_mlops_pipeline.py
[2026-09-21T00:40:34.887+0000] {logging_mixin.py:149} INFO - [2026-09-21T00:40:34.886+0000] {dag.py:2726} INFO - Sync 1 DAGs
[2026-09-21T00:40:34.929+0000] {logging_mixin.py:149} INFO - [2026-09-21T00:40:34.928+0000] {dag.py:3490} INFO - Setting next_dagrun for 8-mlops_pipeline to None, run_after=None
[2026-09-21T00:40:34.963+0000] {processor.py:178} INFO - Processing /opt/airflow/dags/8_mlops_pipeline.py took 0.160 seconds
[2026-09-21T00:41:05.066+0000] {processor.py:156} INFO - Started process (PID=4046) to work on /opt/airflow/dags/8_mlops_pipeline.py
[2026-09-21T00:41:05.068+0000] {processor.py:799} INFO - Processing file /opt/airflow/dags/8_mlops_pipeline.py for tasks to queue
[2026-09-21T00:41:05.069+0000] {logging_mixin.py:149} INFO - [2026-09-21T00:41:05.068+0000] {dagbag.py:541} INFO - Filling up the DagBag from /opt/airflow/dags/8_mlops_pipeline.py
[2026-09-21T00:41:05.087+0000] {processor.py:809} INFO - DAG(s) dict_keys(['8-mlops_pipeline']) retrieved from /opt/airflow/dags/8_mlops_pipeline.py
[2026-09-21T00:41:05.154+0000] {logging_mixin.py:149} INFO - [2026-09-21T00:41:05.154+0000] {dag.py:2726} INFO - Sync 1 DAGs
[2026-09-21T00:41:05.200+0000] {logging_mixin.py:149} INFO - [2026-09-21T00:41:05.200+0000] {dag.py:3490} INFO - Setting next_dagrun for 8-mlops_pipeline to None, run_after=None
[2026-09-21T00:41:05.240+0000] {processor.py:178} INFO - Processing /opt/airflow/dags/8_mlops_pipeline.py took 0.187 seconds
[2026-09-21T00:41:35.376+0000] {processor.py:156} INFO - Started process (PID=4056) to work on /opt/airflow/dags/8_mlops_pipeline.py
[2026-09-21T00:41:35.382+0000] {processor.py:799} INFO - Processing file /opt/airflow/dags/8_mlops_pipeline.py for tasks to queue
[2026-09-21T00:41:35.383+0000] {logging_mixin.py:149} INFO - [2026-09-21T00:41:35.383+0000] {dagbag.py:541} INFO - Filling up the DagBag from /opt/airflow/dags/8_mlops_pipeline.py
[2026-09-21T00:41:35.402+0000] {processor.py:809} INFO - DAG(s) dict_keys(['8-mlops_pipeline']) retrieved from /opt/airflow/dags/8_mlops_pipeline.py
[2026-09-21T00:41:35.466+0000] {logging_mixin.py:149} INFO - [2026-09-21T00:41:35.466+0000] {dag.py:2726} INFO - Sync 1 DAGs
[2026-09-21T00:41:35.506+0000] {logging_mixin.py:149} INFO - [2026-09-21T00:41:35.506+0000] {dag.py:3490} INFO - Setting next_dagrun for 8-mlops_pipeline to None, run_after=None
[2026-09-21T00:41:35.540+0000] {processor.py:178} INFO - Processing /opt/airflow/dags/8_mlops_pipeline.py took 0.170 seconds
[2026-09-21T00:42:05.639+0000] {processor.py:156} INFO - Started process (PID=4066) to work on /opt/airflow/dags/8_mlops_pipeline.py
[2026-09-21T00:42:05.640+0000] {processor.py:799} INFO - Processing file /opt/airflow/dags/8_mlops_pipeline.py for tasks to queue
[2026-09-21T00:42:05.642+0000] {logging_mixin.py:149} INFO - [2026-09-21T00:42:05.641+0000] {dagbag.py:541} INFO - Filling up the DagBag from /opt/airflow/dags/8_mlops_pipeline.py
[2026-09-21T00:42:05.662+0000] {processor.py:809} INFO - DAG(s) dict_keys(['8-mlops_pipeline']) retrieved from /opt/airflow/dags/8_mlops_pipeline.py
[2026-09-21T00:42:05.718+0000] {logging_mixin.py:149} INFO - [2026-09-21T00:42:05.717+0000] {dag.py:2726} INFO - Sync 1 DAGs
[2026-09-21T00:42:05.765+0000] {logging_mixin.py:149} INFO - [2026-09-21T00:42:05.764+0000] {dag.py:3490} INFO - Setting next_dagrun for 8-mlops_pipeline to None, run_after=None
[2026-09-21T00:42:05.799+0000] {processor.py:178} INFO - Processing /opt/airflow/dags/8_mlops_pipeline.py took 0.166 seconds
[2026-09-21T00:42:36.097+0000] {processor.py:156} INFO - Started process (PID=4076) to work on /opt/airflow/dags/8_mlops_pipeline.py
[2026-09-21T00:42:36.100+0000] {processor.py:799} INFO - Processing file /opt/airflow/dags/8_mlops_pipeline.py for tasks to queue
[2026-09-21T00:42:36.103+0000] {logging_mixin.py:149} INFO - [2026-09-21T00:42:36.103+0000] {dagbag.py:541} INFO - Filling up the DagBag from /opt/airflow/dags/8_mlops_pipeline.py
[2026-09-21T00:42:36.139+0000] {processor.py:809} INFO - DAG(s) dict_keys(['8-mlops_pipeline']) retrieved from /opt/airflow/dags/8_mlops_pipeline.py
[2026-09-21T00:42:36.192+0000] {logging_mixin.py:149} INFO - [2026-09-21T00:42:36.191+0000] {dag.py:2726} INFO - Sync 1 DAGs
[2026-09-21T00:42:36.228+0000] {logging_mixin.py:149} INFO - [2026-09-21T00:42:36.228+0000] {dag.py:3490} INFO - Setting next_dagrun for 8-mlops_pipeline to None, run_after=None
[2026-09-21T00:42:36.266+0000] {processor.py:178} INFO - Processing /opt/airflow/dags/8_mlops_pipeline.py took 0.182 seconds
[2026-09-21T00:43:06.510+0000] {processor.py:156} INFO - Started process (PID=4086) to work on /opt/airflow/dags/8_mlops_pipeline.py
[2026-09-21T00:43:06.512+0000] {processor.py:799} INFO - Processing file /opt/airflow/dags/8_mlops_pipeline.py for tasks to queue
[2026-09-21T00:43:06.513+0000] {logging_mixin.py:149} INFO - [2026-09-21T00:43:06.513+0000] {dagbag.py:541} INFO - Filling up the DagBag from /opt/airflow/dags/8_mlops_pipeline.py
[2026-09-21T00:43:06.531+0000] {processor.py:809} INFO - DAG(s) dict_keys(['8-mlops_pipeline']) retrieved from /opt/airflow/dags/8_mlops_pipeline.py
[2026-09-21T00:43:06.598+0000] {logging_mixin.py:149} INFO - [2026-09-21T00:43:06.598+0000] {dag.py:2726} INFO - Sync 1 DAGs
[2026-09-21T00:43:06.641+0000] {logging_mixin.py:149} INFO - [2026-09-21T00:43:06.641+0000] {dag.py:3490} INFO - Setting next_dagrun for 8-mlops_pipeline to None, run_after=None
[2026-09-21T00:43:06.671+0000] {processor.py:178} INFO - Processing /opt/airflow/dags/8_mlops_pipeline.py took 0.167 seconds
[2026-09-21T00:43:36.847+0000] {processor.py:156} INFO - Started process (PID=4096) to work on /opt/airflow/dags/8_mlops_pipeline.py
[2026-09-21T00:43:36.852+0000] {processor.py:799} INFO - Processing file /opt/airflow/dags/8_mlops_pipeline.py for tasks to queue
[2026-09-21T00:43:36.853+0000] {logging_mixin.py:149} INFO - [2026-09-21T00:43:36.853+0000] {dagbag.py:541} INFO - Filling up the DagBag from /opt/airflow/dags/8_mlops_pipeline.py
[2026-09-21T00:43:36.874+0000] {processor.py:809} INFO - DAG(s) dict_keys(['8-mlops_pipeline']) retrieved from /opt/airflow/dags/8_mlops_pipeline.py
[2026-09-21T00:43:36.931+0000] {logging_mixin.py:149} INFO - [2026-09-21T00:43:36.930+0000] {dag.py:2726} INFO - Sync 1 DAGs
[2026-09-21T00:43:36.978+0000] {logging_mixin.py:149} INFO - [2026-09-21T00:43:36.978+0000] {dag.py:3490} INFO - Setting next_dagrun for 8-mlops_pipeline to None, run_after=None
[2026-09-21T00:43:37.011+0000] {processor.py:178} INFO - Processing /opt/airflow/dags/8_mlops_pipeline.py took 0.170 seconds
[2026-09-21T00:44:07.071+0000] {processor.py:156} INFO - Started process (PID=4106) to work on /opt/airflow/dags/8_mlops_pipeline.py
[2026-09-21T00:44:07.072+0000] {processor.py:799} INFO - Processing file /opt/airflow/dags/8_mlops_pipeline.py for tasks to queue
[2026-09-21T00:44:07.074+0000] {logging_mixin.py:149} INFO - [2026-09-21T00:44:07.074+0000] {dagbag.py:541} INFO - Filling up the DagBag from /opt/airflow/dags/8_mlops_pipeline.py
[2026-09-21T00:44:07.108+0000] {processor.py:809} INFO - DAG(s) dict_keys(['8-mlops_pipeline']) retrieved from /opt/airflow/dags/8_mlops_pipeline.py
[2026-09-21T00:44:07.220+0000] {logging_mixin.py:149} INFO - [2026-09-21T00:44:07.219+0000] {dag.py:2726} INFO - Sync 1 DAGs
[2026-09-21T00:44:07.295+0000] {logging_mixin.py:149} INFO - [2026-09-21T00:44:07.294+0000] {dag.py:3490} INFO - Setting next_dagrun for 8-mlops_pipeline to None, run_after=None
[2026-09-21T00:44:07.347+0000] {processor.py:178} INFO - Processing /opt/airflow/dags/8_mlops_pipeline.py took 0.283 seconds
[2026-09-21T00:44:37.547+0000] {processor.py:156} INFO - Started process (PID=4116) to work on /opt/airflow/dags/8_mlops_pipeline.py
[2026-09-21T00:44:37.550+0000] {processor.py:799} INFO - Processing file /opt/airflow/dags/8_mlops_pipeline.py for tasks to queue
[2026-09-21T00:44:37.551+0000] {logging_mixin.py:149} INFO - [2026-09-21T00:44:37.551+0000] {dagbag.py:541} INFO - Filling up the DagBag from /opt/airflow/dags/8_mlops_pipeline.py
[2026-09-21T00:44:37.574+0000] {processor.py:809} INFO - DAG(s) dict_keys(['8-mlops_pipeline']) retrieved from /opt/airflow/dags/8_mlops_pipeline.py
[2026-09-21T00:44:37.641+0000] {logging_mixin.py:149} INFO - [2026-09-21T00:44:37.641+0000] {dag.py:2726} INFO - Sync 1 DAGs
[2026-09-21T00:44:37.693+0000] {logging_mixin.py:149} INFO - [2026-09-21T00:44:37.692+0000] {dag.py:3490} INFO - Setting next_dagrun for 8-mlops_pipeline to None, run_after=None
[2026-09-21T00:44:37.726+0000] {processor.py:178} INFO - Processing /opt/airflow/dags/8_mlops_pipeline.py took 0.186 seconds
[2026-09-21T00:45:07.886+0000] {processor.py:156} INFO - Started process (PID=4126) to work on /opt/airflow/dags/8_mlops_pipeline.py
[2026-09-21T00:45:07.888+0000] {processor.py:799} INFO - Processing file /opt/airflow/dags/8_mlops_pipeline.py for tasks to queue
[2026-09-21T00:45:07.889+0000] {logging_mixin.py:149} INFO - [2026-09-21T00:45:07.889+0000] {dagbag.py:541} INFO - Filling up the DagBag from /opt/airflow/dags/8_mlops_pipeline.py
[2026-09-21T00:45:07.911+0000] {processor.py:809} INFO - DAG(s) dict_keys(['8-mlops_pipeline']) retrieved from /opt/airflow/dags/8_mlops_pipeline.py
[2026-09-21T00:45:07.964+0000] {logging_mixin.py:149} INFO - [2026-09-21T00:45:07.964+0000] {dag.py:2726} INFO - Sync 1 DAGs
[2026-09-21T00:45:08.006+0000] {logging_mixin.py:149} INFO - [2026-09-21T00:45:08.005+0000] {dag.py:3490} INFO - Setting next_dagrun for 8-mlops_pipeline to None, run_after=None
[2026-09-21T00:45:08.048+0000] {processor.py:178} INFO - Processing /opt/airflow/dags/8_mlops_pipeline.py took 0.169 seconds
[2026-09-21T00:45:38.867+0000] {processor.py:156} INFO - Started process (PID=4136) to work on /opt/airflow/dags/8_mlops_pipeline.py
[2026-09-21T00:45:38.870+0000] {processor.py:799} INFO - Processing file /opt/airflow/dags/8_mlops_pipeline.py for tasks to queue
[2026-09-21T00:45:38.871+0000] {logging_mixin.py:149} INFO - [2026-09-21T00:45:38.871+0000] {dagbag.py:541} INFO - Filling up the DagBag from /opt/airflow/dags/8_mlops_pipeline.py
[2026-09-21T00:45:38.910+0000] {processor.py:809} INFO - DAG(s) dict_keys(['8-mlops_pipeline']) retrieved from /opt/airflow/dags/8_mlops_pipeline.py
[2026-09-21T00:45:38.961+0000] {logging_mixin.py:149} INFO - [2026-09-21T00:45:38.961+0000] {dag.py:2726} INFO - Sync 1 DAGs
[2026-09-21T00:45:39.006+0000] {logging_mixin.py:149} INFO - [2026-09-21T00:45:39.005+0000] {dag.py:3490} INFO - Setting next_dagrun for 8-mlops_pipeline to None, run_after=None
[2026-09-21T00:45:39.038+0000] {processor.py:178} INFO - Processing /opt/airflow/dags/8_mlops_pipeline.py took 0.177 seconds
[2026-09-21T00:46:09.225+0000] {processor.py:156} INFO - Started process (PID=4146) to work on /opt/airflow/dags/8_mlops_pipeline.py
[2026-09-21T00:46:09.226+0000] {processor.py:799} INFO - Processing file /opt/airflow/dags/8_mlops_pipeline.py for tasks to queue
[2026-09-21T00:46:09.227+0000] {logging_mixin.py:149} INFO - [2026-09-21T00:46:09.227+0000] {dagbag.py:541} INFO - Filling up the DagBag from /opt/airflow/dags/8_mlops_pipeline.py
[2026-09-21T00:46:09.246+0000] {processor.py:809} INFO - DAG(s) dict_keys(['8-mlops_pipeline']) retrieved from /opt/airflow/dags/8_mlops_pipeline.py
[2026-09-21T00:46:09.311+0000] {logging_mixin.py:149} INFO - [2026-09-21T00:46:09.311+0000] {dag.py:2726} INFO - Sync 1 DAGs
[2026-09-21T00:46:09.354+0000] {logging_mixin.py:149} INFO - [2026-09-21T00:46:09.354+0000] {dag.py:3490} INFO - Setting next_dagrun for 8-mlops_pipeline to None, run_after=None
[2026-09-21T00:46:09.386+0000] {processor.py:178} INFO - Processing /opt/airflow/dags/8_mlops_pipeline.py took 0.168 seconds
[2026-09-21T00:46:39.428+0000] {processor.py:156} INFO - Started process (PID=4156) to work on /opt/airflow/dags/8_mlops_pipeline.py
[2026-09-21T00:46:39.430+0000] {processor.py:799} INFO - Processing file /opt/airflow/dags/8_mlops_pipeline.py for tasks to queue
[2026-09-21T00:46:39.432+0000] {logging_mixin.py:149} INFO - [2026-09-21T00:46:39.432+0000] {dagbag.py:541} INFO - Filling up the DagBag from /opt/airflow/dags/8_mlops_pipeline.py
[2026-09-21T00:46:39.455+0000] {processor.py:809} INFO - DAG(s) dict_keys(['8-mlops_pipeline']) retrieved from /opt/airflow/dags/8_mlops_pipeline.py
[2026-09-21T00:46:39.521+0000] {logging_mixin.py:149} INFO - [2026-09-21T00:46:39.520+0000] {dag.py:2726} INFO - Sync 1 DAGs
[2026-09-21T00:46:39.560+0000] {logging_mixin.py:149} INFO - [2026-09-21T00:46:39.559+0000] {dag.py:3490} INFO - Setting next_dagrun for 8-mlops_pipeline to None, run_after=None
[2026-09-21T00:46:39.595+0000] {processor.py:178} INFO - Processing /opt/airflow/dags/8_mlops_pipeline.py took 0.174 seconds
[2026-09-21T00:47:09.952+0000] {processor.py:156} INFO - Started process (PID=4166) to work on /opt/airflow/dags/8_mlops_pipeline.py
[2026-09-21T00:47:09.953+0000] {processor.py:799} INFO - Processing file /opt/airflow/dags/8_mlops_pipeline.py for tasks to queue
[2026-09-21T00:47:09.974+0000] {logging_mixin.py:149} INFO - [2026-09-21T00:47:09.973+0000] {dagbag.py:541} INFO - Filling up the DagBag from /opt/airflow/dags/8_mlops_pipeline.py
[2026-09-21T00:47:10.027+0000] {processor.py:809} INFO - DAG(s) dict_keys(['8-mlops_pipeline']) retrieved from /opt/airflow/dags/8_mlops_pipeline.py
[2026-09-21T00:47:10.093+0000] {logging_mixin.py:149} INFO - [2026-09-21T00:47:10.093+0000] {dag.py:2726} INFO - Sync 1 DAGs
[2026-09-21T00:47:10.145+0000] {logging_mixin.py:149} INFO - [2026-09-21T00:47:10.144+0000] {dag.py:3490} INFO - Setting next_dagrun for 8-mlops_pipeline to None, run_after=None
[2026-09-21T00:47:10.189+0000] {processor.py:178} INFO - Processing /opt/airflow/dags/8_mlops_pipeline.py took 0.244 seconds
[2026-09-21T00:47:40.469+0000] {processor.py:156} INFO - Started process (PID=4176) to work on /opt/airflow/dags/8_mlops_pipeline.py
[2026-09-21T00:47:40.473+0000] {processor.py:799} INFO - Processing file /opt/airflow/dags/8_mlops_pipeline.py for tasks to queue
[2026-09-21T00:47:40.474+0000] {logging_mixin.py:149} INFO - [2026-09-21T00:47:40.474+0000] {dagbag.py:541} INFO - Filling up the DagBag from /opt/airflow/dags/8_mlops_pipeline.py
[2026-09-21T00:47:40.507+0000] {processor.py:809} INFO - DAG(s) dict_keys(['8-mlops_pipeline']) retrieved from /opt/airflow/dags/8_mlops_pipeline.py
[2026-09-21T00:47:40.574+0000] {logging_mixin.py:149} INFO - [2026-09-21T00:47:40.574+0000] {dag.py:2726} INFO - Sync 1 DAGs
[2026-09-21T00:47:40.631+0000] {logging_mixin.py:149} INFO - [2026-09-21T00:47:40.631+0000] {dag.py:3490} INFO - Setting next_dagrun for 8-mlops_pipeline to None, run_after=None
[2026-09-21T00:47:40.665+0000] {processor.py:178} INFO - Processing /opt/airflow/dags/8_mlops_pipeline.py took 0.203 seconds
[2026-09-21T00:48:10.715+0000] {processor.py:156} INFO - Started process (PID=4186) to work on /opt/airflow/dags/8_mlops_pipeline.py
[2026-09-21T00:48:10.717+0000] {processor.py:799} INFO - Processing file /opt/airflow/dags/8_mlops_pipeline.py for tasks to queue
[2026-09-21T00:48:10.719+0000] {logging_mixin.py:149} INFO - [2026-09-21T00:48:10.719+0000] {dagbag.py:541} INFO - Filling up the DagBag from /opt/airflow/dags/8_mlops_pipeline.py
[2026-09-21T00:48:10.745+0000] {processor.py:809} INFO - DAG(s) dict_keys(['8-mlops_pipeline']) retrieved from /opt/airflow/dags/8_mlops_pipeline.py
[2026-09-21T00:48:10.803+0000] {logging_mixin.py:149} INFO - [2026-09-21T00:48:10.802+0000] {dag.py:2726} INFO - Sync 1 DAGs
[2026-09-21T00:48:10.846+0000] {logging_mixin.py:149} INFO - [2026-09-21T00:48:10.845+0000] {dag.py:3490} INFO - Setting next_dagrun for 8-mlops_pipeline to None, run_after=None
[2026-09-21T00:48:10.888+0000] {processor.py:178} INFO - Processing /opt/airflow/dags/8_mlops_pipeline.py took 0.183 seconds
[2026-09-21T00:48:41.315+0000] {processor.py:156} INFO - Started process (PID=4196) to work on /opt/airflow/dags/8_mlops_pipeline.py
[2026-09-21T00:48:41.321+0000] {processor.py:799} INFO - Processing file /opt/airflow/dags/8_mlops_pipeline.py for tasks to queue
[2026-09-21T00:48:41.322+0000] {logging_mixin.py:149} INFO - [2026-09-21T00:48:41.322+0000] {dagbag.py:541} INFO - Filling up the DagBag from /opt/airflow/dags/8_mlops_pipeline.py
[2026-09-21T00:48:41.349+0000] {processor.py:809} INFO - DAG(s) dict_keys(['8-mlops_pipeline']) retrieved from /opt/airflow/dags/8_mlops_pipeline.py
[2026-09-21T00:48:41.462+0000] {logging_mixin.py:149} INFO - [2026-09-21T00:48:41.462+0000] {dag.py:2726} INFO - Sync 1 DAGs
[2026-09-21T00:48:41.525+0000] {logging_mixin.py:149} INFO - [2026-09-21T00:48:41.520+0000] {dag.py:3490} INFO - Setting next_dagrun for 8-mlops_pipeline to None, run_after=None
[2026-09-21T00:48:41.576+0000] {processor.py:178} INFO - Processing /opt/airflow/dags/8_mlops_pipeline.py took 0.268 seconds
[2026-09-21T00:49:12.495+0000] {processor.py:156} INFO - Started process (PID=4206) to work on /opt/airflow/dags/8_mlops_pipeline.py
[2026-09-21T00:49:12.496+0000] {processor.py:799} INFO - Processing file /opt/airflow/dags/8_mlops_pipeline.py for tasks to queue
[2026-09-21T00:49:12.499+0000] {logging_mixin.py:149} INFO - [2026-09-21T00:49:12.499+0000] {dagbag.py:541} INFO - Filling up the DagBag from /opt/airflow/dags/8_mlops_pipeline.py
[2026-09-21T00:49:12.579+0000] {processor.py:809} INFO - DAG(s) dict_keys(['8-mlops_pipeline']) retrieved from /opt/airflow/dags/8_mlops_pipeline.py
[2026-09-21T00:49:12.641+0000] {logging_mixin.py:149} INFO - [2026-09-21T00:49:12.640+0000] {dag.py:2726} INFO - Sync 1 DAGs
[2026-09-21T00:49:12.690+0000] {logging_mixin.py:149} INFO - [2026-09-21T00:49:12.690+0000] {dag.py:3490} INFO - Setting next_dagrun for 8-mlops_pipeline to None, run_after=None
[2026-09-21T00:49:12.719+0000] {processor.py:178} INFO - Processing /opt/airflow/dags/8_mlops_pipeline.py took 0.261 seconds
[2026-09-21T00:49:42.789+0000] {processor.py:156} INFO - Started process (PID=4216) to work on /opt/airflow/dags/8_mlops_pipeline.py
[2026-09-21T00:49:42.792+0000] {processor.py:799} INFO - Processing file /opt/airflow/dags/8_mlops_pipeline.py for tasks to queue
[2026-09-21T00:49:42.793+0000] {logging_mixin.py:149} INFO - [2026-09-21T00:49:42.793+0000] {dagbag.py:541} INFO - Filling up the DagBag from /opt/airflow/dags/8_mlops_pipeline.py
[2026-09-21T00:49:42.812+0000] {processor.py:809} INFO - DAG(s) dict_keys(['8-mlops_pipeline']) retrieved from /opt/airflow/dags/8_mlops_pipeline.py
[2026-09-21T00:49:42.860+0000] {logging_mixin.py:149} INFO - [2026-09-21T00:49:42.860+0000] {dag.py:2726} INFO - Sync 1 DAGs
[2026-09-21T00:49:42.898+0000] {logging_mixin.py:149} INFO - [2026-09-21T00:49:42.898+0000] {dag.py:3490} INFO - Setting next_dagrun for 8-mlops_pipeline to None, run_after=None
[2026-09-21T00:49:42.949+0000] {processor.py:178} INFO - Processing /opt/airflow/dags/8_mlops_pipeline.py took 0.165 seconds
[2026-09-21T00:50:13.383+0000] {processor.py:156} INFO - Started process (PID=4226) to work on /opt/airflow/dags/8_mlops_pipeline.py
[2026-09-21T00:50:13.384+0000] {processor.py:799} INFO - Processing file /opt/airflow/dags/8_mlops_pipeline.py for tasks to queue
[2026-09-21T00:50:13.386+0000] {logging_mixin.py:149} INFO - [2026-09-21T00:50:13.386+0000] {dagbag.py:541} INFO - Filling up the DagBag from /opt/airflow/dags/8_mlops_pipeline.py
[2026-09-21T00:50:13.405+0000] {processor.py:809} INFO - DAG(s) dict_keys(['8-mlops_pipeline']) retrieved from /opt/airflow/dags/8_mlops_pipeline.py
[2026-09-21T00:50:13.463+0000] {logging_mixin.py:149} INFO - [2026-09-21T00:50:13.463+0000] {dag.py:2726} INFO - Sync 1 DAGs
[2026-09-21T00:50:13.509+0000] {logging_mixin.py:149} INFO - [2026-09-21T00:50:13.509+0000] {dag.py:3490} INFO - Setting next_dagrun for 8-mlops_pipeline to None, run_after=None
[2026-09-21T00:50:13.553+0000] {processor.py:178} INFO - Processing /opt/airflow/dags/8_mlops_pipeline.py took 0.177 seconds
[2026-09-21T00:50:44.329+0000] {processor.py:156} INFO - Started process (PID=4236) to work on /opt/airflow/dags/8_mlops_pipeline.py
[2026-09-21T00:50:44.334+0000] {processor.py:799} INFO - Processing file /opt/airflow/dags/8_mlops_pipeline.py for tasks to queue
[2026-09-21T00:50:44.336+0000] {logging_mixin.py:149} INFO - [2026-09-21T00:50:44.335+0000] {dagbag.py:541} INFO - Filling up the DagBag from /opt/airflow/dags/8_mlops_pipeline.py
[2026-09-21T00:50:44.355+0000] {processor.py:809} INFO - DAG(s) dict_keys(['8-mlops_pipeline']) retrieved from /opt/airflow/dags/8_mlops_pipeline.py
[2026-09-21T00:50:44.422+0000] {logging_mixin.py:149} INFO - [2026-09-21T00:50:44.422+0000] {dag.py:2726} INFO - Sync 1 DAGs
[2026-09-21T00:50:44.463+0000] {logging_mixin.py:149} INFO - [2026-09-21T00:50:44.463+0000] {dag.py:3490} INFO - Setting next_dagrun for 8-mlops_pipeline to None, run_after=None
[2026-09-21T00:50:44.495+0000] {processor.py:178} INFO - Processing /opt/airflow/dags/8_mlops_pipeline.py took 0.172 seconds
[2026-09-21T00:51:14.533+0000] {processor.py:156} INFO - Started process (PID=4246) to work on /opt/airflow/dags/8_mlops_pipeline.py
[2026-09-21T00:51:14.535+0000] {processor.py:799} INFO - Processing file /opt/airflow/dags/8_mlops_pipeline.py for tasks to queue
[2026-09-21T00:51:14.536+0000] {logging_mixin.py:149} INFO - [2026-09-21T00:51:14.536+0000] {dagbag.py:541} INFO - Filling up the DagBag from /opt/airflow/dags/8_mlops_pipeline.py
[2026-09-21T00:51:14.554+0000] {processor.py:809} INFO - DAG(s) dict_keys(['8-mlops_pipeline']) retrieved from /opt/airflow/dags/8_mlops_pipeline.py
[2026-09-21T00:51:14.610+0000] {logging_mixin.py:149} INFO - [2026-09-21T00:51:14.610+0000] {dag.py:2726} INFO - Sync 1 DAGs
[2026-09-21T00:51:14.649+0000] {logging_mixin.py:149} INFO - [2026-09-21T00:51:14.649+0000] {dag.py:3490} INFO - Setting next_dagrun for 8-mlops_pipeline to None, run_after=None
[2026-09-21T00:51:14.684+0000] {processor.py:178} INFO - Processing /opt/airflow/dags/8_mlops_pipeline.py took 0.157 seconds
[2026-09-21T00:51:44.941+0000] {processor.py:156} INFO - Started process (PID=4256) to work on /opt/airflow/dags/8_mlops_pipeline.py
[2026-09-21T00:51:44.944+0000] {processor.py:799} INFO - Processing file /opt/airflow/dags/8_mlops_pipeline.py for tasks to queue
[2026-09-21T00:51:44.946+0000] {logging_mixin.py:149} INFO - [2026-09-21T00:51:44.946+0000] {dagbag.py:541} INFO - Filling up the DagBag from /opt/airflow/dags/8_mlops_pipeline.py
[2026-09-21T00:51:44.989+0000] {processor.py:809} INFO - DAG(s) dict_keys(['8-mlops_pipeline']) retrieved from /opt/airflow/dags/8_mlops_pipeline.py
[2026-09-21T00:51:45.060+0000] {logging_mixin.py:149} INFO - [2026-09-21T00:51:45.059+0000] {dag.py:2726} INFO - Sync 1 DAGs
[2026-09-21T00:51:45.122+0000] {logging_mixin.py:149} INFO - [2026-09-21T00:51:45.122+0000] {dag.py:3490} INFO - Setting next_dagrun for 8-mlops_pipeline to None, run_after=None
[2026-09-21T00:51:45.154+0000] {processor.py:178} INFO - Processing /opt/airflow/dags/8_mlops_pipeline.py took 0.219 seconds
[2026-09-21T00:52:15.322+0000] {processor.py:156} INFO - Started process (PID=4266) to work on /opt/airflow/dags/8_mlops_pipeline.py
[2026-09-21T00:52:15.324+0000] {processor.py:799} INFO - Processing file /opt/airflow/dags/8_mlops_pipeline.py for tasks to queue
[2026-09-21T00:52:15.325+0000] {logging_mixin.py:149} INFO - [2026-09-21T00:52:15.325+0000] {dagbag.py:541} INFO - Filling up the DagBag from /opt/airflow/dags/8_mlops_pipeline.py
[2026-09-21T00:52:15.347+0000] {processor.py:809} INFO - DAG(s) dict_keys(['8-mlops_pipeline']) retrieved from /opt/airflow/dags/8_mlops_pipeline.py
[2026-09-21T00:52:15.423+0000] {logging_mixin.py:149} INFO - [2026-09-21T00:52:15.421+0000] {dag.py:2726} INFO - Sync 1 DAGs
[2026-09-21T00:52:15.478+0000] {logging_mixin.py:149} INFO - [2026-09-21T00:52:15.477+0000] {dag.py:3490} INFO - Setting next_dagrun for 8-mlops_pipeline to None, run_after=None
[2026-09-21T00:52:15.542+0000] {processor.py:178} INFO - Processing /opt/airflow/dags/8_mlops_pipeline.py took 0.228 seconds
[2026-09-21T00:52:46.446+0000] {processor.py:156} INFO - Started process (PID=4276) to work on /opt/airflow/dags/8_mlops_pipeline.py
[2026-09-21T00:52:46.449+0000] {processor.py:799} INFO - Processing file /opt/airflow/dags/8_mlops_pipeline.py for tasks to queue
[2026-09-21T00:52:46.451+0000] {logging_mixin.py:149} INFO - [2026-09-21T00:52:46.450+0000] {dagbag.py:541} INFO - Filling up the DagBag from /opt/airflow/dags/8_mlops_pipeline.py
[2026-09-21T00:52:46.471+0000] {processor.py:809} INFO - DAG(s) dict_keys(['8-mlops_pipeline']) retrieved from /opt/airflow/dags/8_mlops_pipeline.py
[2026-09-21T00:52:46.536+0000] {logging_mixin.py:149} INFO - [2026-09-21T00:52:46.535+0000] {dag.py:2726} INFO - Sync 1 DAGs
[2026-09-21T00:52:46.588+0000] {logging_mixin.py:149} INFO - [2026-09-21T00:52:46.587+0000] {dag.py:3490} INFO - Setting next_dagrun for 8-mlops_pipeline to None, run_after=None
[2026-09-21T00:52:46.634+0000] {processor.py:178} INFO - Processing /opt/airflow/dags/8_mlops_pipeline.py took 0.195 seconds
[2026-09-21T00:53:16.909+0000] {processor.py:156} INFO - Started process (PID=4286) to work on /opt/airflow/dags/8_mlops_pipeline.py
[2026-09-21T00:53:16.911+0000] {processor.py:799} INFO - Processing file /opt/airflow/dags/8_mlops_pipeline.py for tasks to queue
[2026-09-21T00:53:16.912+0000] {logging_mixin.py:149} INFO - [2026-09-21T00:53:16.912+0000] {dagbag.py:541} INFO - Filling up the DagBag from /opt/airflow/dags/8_mlops_pipeline.py
[2026-09-21T00:53:16.929+0000] {processor.py:809} INFO - DAG(s) dict_keys(['8-mlops_pipeline']) retrieved from /opt/airflow/dags/8_mlops_pipeline.py
[2026-09-21T00:53:16.998+0000] {logging_mixin.py:149} INFO - [2026-09-21T00:53:16.998+0000] {dag.py:2726} INFO - Sync 1 DAGs
[2026-09-21T00:53:17.054+0000] {logging_mixin.py:149} INFO - [2026-09-21T00:53:17.054+0000] {dag.py:3490} INFO - Setting next_dagrun for 8-mlops_pipeline to None, run_after=None
[2026-09-21T00:53:17.094+0000] {processor.py:178} INFO - Processing /opt/airflow/dags/8_mlops_pipeline.py took 0.191 seconds
[2026-09-21T00:53:47.215+0000] {processor.py:156} INFO - Started process (PID=4296) to work on /opt/airflow/dags/8_mlops_pipeline.py
[2026-09-21T00:53:47.218+0000] {processor.py:799} INFO - Processing file /opt/airflow/dags/8_mlops_pipeline.py for tasks to queue
[2026-09-21T00:53:47.219+0000] {logging_mixin.py:149} INFO - [2026-09-21T00:53:47.219+0000] {dagbag.py:541} INFO - Filling up the DagBag from /opt/airflow/dags/8_mlops_pipeline.py
[2026-09-21T00:53:47.256+0000] {processor.py:809} INFO - DAG(s) dict_keys(['8-mlops_pipeline']) retrieved from /opt/airflow/dags/8_mlops_pipeline.py
[2026-09-21T00:53:47.329+0000] {logging_mixin.py:149} INFO - [2026-09-21T00:53:47.329+0000] {dag.py:2726} INFO - Sync 1 DAGs
[2026-09-21T00:53:47.372+0000] {logging_mixin.py:149} INFO - [2026-09-21T00:53:47.372+0000] {dag.py:3490} INFO - Setting next_dagrun for 8-mlops_pipeline to None, run_after=None
[2026-09-21T00:53:47.423+0000] {processor.py:178} INFO - Processing /opt/airflow/dags/8_mlops_pipeline.py took 0.216 seconds
[2026-09-21T00:54:17.674+0000] {processor.py:156} INFO - Started process (PID=4306) to work on /opt/airflow/dags/8_mlops_pipeline.py
[2026-09-21T00:54:17.676+0000] {processor.py:799} INFO - Processing file /opt/airflow/dags/8_mlops_pipeline.py for tasks to queue
[2026-09-21T00:54:17.677+0000] {logging_mixin.py:149} INFO - [2026-09-21T00:54:17.677+0000] {dagbag.py:541} INFO - Filling up the DagBag from /opt/airflow/dags/8_mlops_pipeline.py
[2026-09-21T00:54:17.702+0000] {processor.py:809} INFO - DAG(s) dict_keys(['8-mlops_pipeline']) retrieved from /opt/airflow/dags/8_mlops_pipeline.py
[2026-09-21T00:54:17.806+0000] {logging_mixin.py:149} INFO - [2026-09-21T00:54:17.806+0000] {dag.py:2726} INFO - Sync 1 DAGs
[2026-09-21T00:54:17.911+0000] {logging_mixin.py:149} INFO - [2026-09-21T00:54:17.910+0000] {dag.py:3490} INFO - Setting next_dagrun for 8-mlops_pipeline to None, run_after=None
[2026-09-21T00:54:17.979+0000] {processor.py:178} INFO - Processing /opt/airflow/dags/8_mlops_pipeline.py took 0.310 seconds
[2026-09-21T00:54:48.113+0000] {processor.py:156} INFO - Started process (PID=4316) to work on /opt/airflow/dags/8_mlops_pipeline.py
[2026-09-21T00:54:48.116+0000] {processor.py:799} INFO - Processing file /opt/airflow/dags/8_mlops_pipeline.py for tasks to queue
[2026-09-21T00:54:48.117+0000] {logging_mixin.py:149} INFO - [2026-09-21T00:54:48.117+0000] {dagbag.py:541} INFO - Filling up the DagBag from /opt/airflow/dags/8_mlops_pipeline.py
[2026-09-21T00:54:48.150+0000] {processor.py:809} INFO - DAG(s) dict_keys(['8-mlops_pipeline']) retrieved from /opt/airflow/dags/8_mlops_pipeline.py
[2026-09-21T00:54:48.220+0000] {logging_mixin.py:149} INFO - [2026-09-21T00:54:48.220+0000] {dag.py:2726} INFO - Sync 1 DAGs
[2026-09-21T00:54:48.307+0000] {logging_mixin.py:149} INFO - [2026-09-21T00:54:48.306+0000] {dag.py:3490} INFO - Setting next_dagrun for 8-mlops_pipeline to None, run_after=None
[2026-09-21T00:54:48.358+0000] {processor.py:178} INFO - Processing /opt/airflow/dags/8_mlops_pipeline.py took 0.253 seconds
[2026-09-21T00:55:18.653+0000] {processor.py:156} INFO - Started process (PID=4326) to work on /opt/airflow/dags/8_mlops_pipeline.py
[2026-09-21T00:55:18.662+0000] {processor.py:799} INFO - Processing file /opt/airflow/dags/8_mlops_pipeline.py for tasks to queue
[2026-09-21T00:55:18.665+0000] {logging_mixin.py:149} INFO - [2026-09-21T00:55:18.664+0000] {dagbag.py:541} INFO - Filling up the DagBag from /opt/airflow/dags/8_mlops_pipeline.py
[2026-09-21T00:55:18.714+0000] {processor.py:809} INFO - DAG(s) dict_keys(['8-mlops_pipeline']) retrieved from /opt/airflow/dags/8_mlops_pipeline.py
[2026-09-21T00:55:18.796+0000] {logging_mixin.py:149} INFO - [2026-09-21T00:55:18.796+0000] {dag.py:2726} INFO - Sync 1 DAGs
[2026-09-21T00:55:18.840+0000] {logging_mixin.py:149} INFO - [2026-09-21T00:55:18.840+0000] {dag.py:3490} INFO - Setting next_dagrun for 8-mlops_pipeline to None, run_after=None
[2026-09-21T00:55:18.886+0000] {processor.py:178} INFO - Processing /opt/airflow/dags/8_mlops_pipeline.py took 0.238 seconds
[2026-09-21T00:55:49.714+0000] {processor.py:156} INFO - Started process (PID=4336) to work on /opt/airflow/dags/8_mlops_pipeline.py
[2026-09-21T00:55:49.716+0000] {processor.py:799} INFO - Processing file /opt/airflow/dags/8_mlops_pipeline.py for tasks to queue
[2026-09-21T00:55:49.717+0000] {logging_mixin.py:149} INFO - [2026-09-21T00:55:49.717+0000] {dagbag.py:541} INFO - Filling up the DagBag from /opt/airflow/dags/8_mlops_pipeline.py
[2026-09-21T00:55:49.731+0000] {processor.py:809} INFO - DAG(s) dict_keys(['8-mlops_pipeline']) retrieved from /opt/airflow/dags/8_mlops_pipeline.py
[2026-09-21T00:55:49.806+0000] {logging_mixin.py:149} INFO - [2026-09-21T00:55:49.805+0000] {dag.py:2726} INFO - Sync 1 DAGs
[2026-09-21T00:55:49.872+0000] {logging_mixin.py:149} INFO - [2026-09-21T00:55:49.872+0000] {dag.py:3490} INFO - Setting next_dagrun for 8-mlops_pipeline to None, run_after=None
[2026-09-21T00:55:49.913+0000] {processor.py:178} INFO - Processing /opt/airflow/dags/8_mlops_pipeline.py took 0.205 seconds
[2026-09-21T00:56:20.893+0000] {processor.py:156} INFO - Started process (PID=4346) to work on /opt/airflow/dags/8_mlops_pipeline.py
[2026-09-21T00:56:20.895+0000] {processor.py:799} INFO - Processing file /opt/airflow/dags/8_mlops_pipeline.py for tasks to queue
[2026-09-21T00:56:20.896+0000] {logging_mixin.py:149} INFO - [2026-09-21T00:56:20.896+0000] {dagbag.py:541} INFO - Filling up the DagBag from /opt/airflow/dags/8_mlops_pipeline.py
[2026-09-21T00:56:20.924+0000] {processor.py:809} INFO - DAG(s) dict_keys(['8-mlops_pipeline']) retrieved from /opt/airflow/dags/8_mlops_pipeline.py
[2026-09-21T00:56:20.973+0000] {logging_mixin.py:149} INFO - [2026-09-21T00:56:20.973+0000] {dag.py:2726} INFO - Sync 1 DAGs
[2026-09-21T00:56:21.012+0000] {logging_mixin.py:149} INFO - [2026-09-21T00:56:21.012+0000] {dag.py:3490} INFO - Setting next_dagrun for 8-mlops_pipeline to None, run_after=None
[2026-09-21T00:56:21.040+0000] {processor.py:178} INFO - Processing /opt/airflow/dags/8_mlops_pipeline.py took 0.153 seconds
[2026-09-21T00:56:51.144+0000] {processor.py:156} INFO - Started process (PID=4356) to work on /opt/airflow/dags/8_mlops_pipeline.py
[2026-09-21T00:56:51.146+0000] {processor.py:799} INFO - Processing file /opt/airflow/dags/8_mlops_pipeline.py for tasks to queue
[2026-09-21T00:56:51.148+0000] {logging_mixin.py:149} INFO - [2026-09-21T00:56:51.147+0000] {dagbag.py:541} INFO - Filling up the DagBag from /opt/airflow/dags/8_mlops_pipeline.py
[2026-09-21T00:56:51.173+0000] {processor.py:809} INFO - DAG(s) dict_keys(['8-mlops_pipeline']) retrieved from /opt/airflow/dags/8_mlops_pipeline.py
[2026-09-21T00:56:51.261+0000] {logging_mixin.py:149} INFO - [2026-09-21T00:56:51.261+0000] {dag.py:2726} INFO - Sync 1 DAGs
[2026-09-21T00:56:51.347+0000] {logging_mixin.py:149} INFO - [2026-09-21T00:56:51.346+0000] {dag.py:3490} INFO - Setting next_dagrun for 8-mlops_pipeline to None, run_after=None
[2026-09-21T00:56:51.396+0000] {processor.py:178} INFO - Processing /opt/airflow/dags/8_mlops_pipeline.py took 0.274 seconds
[2026-09-21T00:57:21.831+0000] {processor.py:156} INFO - Started process (PID=4366) to work on /opt/airflow/dags/8_mlops_pipeline.py
[2026-09-21T00:57:21.832+0000] {processor.py:799} INFO - Processing file /opt/airflow/dags/8_mlops_pipeline.py for tasks to queue
[2026-09-21T00:57:21.833+0000] {logging_mixin.py:149} INFO - [2026-09-21T00:57:21.833+0000] {dagbag.py:541} INFO - Filling up the DagBag from /opt/airflow/dags/8_mlops_pipeline.py
[2026-09-21T00:57:21.852+0000] {processor.py:809} INFO - DAG(s) dict_keys(['8-mlops_pipeline']) retrieved from /opt/airflow/dags/8_mlops_pipeline.py
[2026-09-21T00:57:21.916+0000] {logging_mixin.py:149} INFO - [2026-09-21T00:57:21.916+0000] {dag.py:2726} INFO - Sync 1 DAGs
[2026-09-21T00:57:21.966+0000] {logging_mixin.py:149} INFO - [2026-09-21T00:57:21.966+0000] {dag.py:3490} INFO - Setting next_dagrun for 8-mlops_pipeline to None, run_after=None
[2026-09-21T00:57:21.998+0000] {processor.py:178} INFO - Processing /opt/airflow/dags/8_mlops_pipeline.py took 0.174 seconds
[2026-09-21T00:57:52.112+0000] {processor.py:156} INFO - Started process (PID=4376) to work on /opt/airflow/dags/8_mlops_pipeline.py
[2026-09-21T00:57:52.115+0000] {processor.py:799} INFO - Processing file /opt/airflow/dags/8_mlops_pipeline.py for tasks to queue
[2026-09-21T00:57:52.116+0000] {logging_mixin.py:149} INFO - [2026-09-21T00:57:52.116+0000] {dagbag.py:541} INFO - Filling up the DagBag from /opt/airflow/dags/8_mlops_pipeline.py
[2026-09-21T00:57:52.136+0000] {processor.py:809} INFO - DAG(s) dict_keys(['8-mlops_pipeline']) retrieved from /opt/airflow/dags/8_mlops_pipeline.py
[2026-09-21T00:57:52.181+0000] {logging_mixin.py:149} INFO - [2026-09-21T00:57:52.180+0000] {dag.py:2726} INFO - Sync 1 DAGs
[2026-09-21T00:57:52.227+0000] {logging_mixin.py:149} INFO - [2026-09-21T00:57:52.227+0000] {dag.py:3490} INFO - Setting next_dagrun for 8-mlops_pipeline to None, run_after=None
[2026-09-21T00:57:52.272+0000] {processor.py:178} INFO - Processing /opt/airflow/dags/8_mlops_pipeline.py took 0.167 seconds
[2026-09-21T00:58:22.467+0000] {processor.py:156} INFO - Started process (PID=4386) to work on /opt/airflow/dags/8_mlops_pipeline.py
[2026-09-21T00:58:22.469+0000] {processor.py:799} INFO - Processing file /opt/airflow/dags/8_mlops_pipeline.py for tasks to queue
[2026-09-21T00:58:22.470+0000] {logging_mixin.py:149} INFO - [2026-09-21T00:58:22.470+0000] {dagbag.py:541} INFO - Filling up the DagBag from /opt/airflow/dags/8_mlops_pipeline.py
[2026-09-21T00:58:22.495+0000] {processor.py:809} INFO - DAG(s) dict_keys(['8-mlops_pipeline']) retrieved from /opt/airflow/dags/8_mlops_pipeline.py
[2026-09-21T00:58:22.622+0000] {logging_mixin.py:149} INFO - [2026-09-21T00:58:22.622+0000] {dag.py:2726} INFO - Sync 1 DAGs
[2026-09-21T00:58:22.683+0000] {logging_mixin.py:149} INFO - [2026-09-21T00:58:22.682+0000] {dag.py:3490} INFO - Setting next_dagrun for 8-mlops_pipeline to None, run_after=None
[2026-09-21T00:58:22.715+0000] {processor.py:178} INFO - Processing /opt/airflow/dags/8_mlops_pipeline.py took 0.254 seconds
[2026-09-21T00:58:53.574+0000] {processor.py:156} INFO - Started process (PID=4396) to work on /opt/airflow/dags/8_mlops_pipeline.py
[2026-09-21T00:58:53.578+0000] {processor.py:799} INFO - Processing file /opt/airflow/dags/8_mlops_pipeline.py for tasks to queue
[2026-09-21T00:58:53.580+0000] {logging_mixin.py:149} INFO - [2026-09-21T00:58:53.579+0000] {dagbag.py:541} INFO - Filling up the DagBag from /opt/airflow/dags/8_mlops_pipeline.py
[2026-09-21T00:58:53.598+0000] {processor.py:809} INFO - DAG(s) dict_keys(['8-mlops_pipeline']) retrieved from /opt/airflow/dags/8_mlops_pipeline.py
[2026-09-21T00:58:53.642+0000] {logging_mixin.py:149} INFO - [2026-09-21T00:58:53.642+0000] {dag.py:2726} INFO - Sync 1 DAGs
[2026-09-21T00:58:53.685+0000] {logging_mixin.py:149} INFO - [2026-09-21T00:58:53.684+0000] {dag.py:3490} INFO - Setting next_dagrun for 8-mlops_pipeline to None, run_after=None
[2026-09-21T00:58:53.733+0000] {processor.py:178} INFO - Processing /opt/airflow/dags/8_mlops_pipeline.py took 0.165 seconds
[2026-09-21T00:59:23.903+0000] {processor.py:156} INFO - Started process (PID=4406) to work on /opt/airflow/dags/8_mlops_pipeline.py
[2026-09-21T00:59:23.904+0000] {processor.py:799} INFO - Processing file /opt/airflow/dags/8_mlops_pipeline.py for tasks to queue
[2026-09-21T00:59:23.905+0000] {logging_mixin.py:149} INFO - [2026-09-21T00:59:23.905+0000] {dagbag.py:541} INFO - Filling up the DagBag from /opt/airflow/dags/8_mlops_pipeline.py
[2026-09-21T00:59:23.952+0000] {processor.py:809} INFO - DAG(s) dict_keys(['8-mlops_pipeline']) retrieved from /opt/airflow/dags/8_mlops_pipeline.py
[2026-09-21T00:59:24.067+0000] {logging_mixin.py:149} INFO - [2026-09-21T00:59:24.067+0000] {dag.py:2726} INFO - Sync 1 DAGs
[2026-09-21T00:59:24.162+0000] {logging_mixin.py:149} INFO - [2026-09-21T00:59:24.162+0000] {dag.py:3490} INFO - Setting next_dagrun for 8-mlops_pipeline to None, run_after=None
[2026-09-21T00:59:24.245+0000] {processor.py:178} INFO - Processing /opt/airflow/dags/8_mlops_pipeline.py took 0.356 seconds
[2026-09-21T00:59:54.383+0000] {processor.py:156} INFO - Started process (PID=4416) to work on /opt/airflow/dags/8_mlops_pipeline.py
[2026-09-21T00:59:54.420+0000] {processor.py:799} INFO - Processing file /opt/airflow/dags/8_mlops_pipeline.py for tasks to queue
[2026-09-21T00:59:54.422+0000] {logging_mixin.py:149} INFO - [2026-09-21T00:59:54.422+0000] {dagbag.py:541} INFO - Filling up the DagBag from /opt/airflow/dags/8_mlops_pipeline.py
[2026-09-21T00:59:54.461+0000] {processor.py:809} INFO - DAG(s) dict_keys(['8-mlops_pipeline']) retrieved from /opt/airflow/dags/8_mlops_pipeline.py
[2026-09-21T00:59:54.535+0000] {logging_mixin.py:149} INFO - [2026-09-21T00:59:54.528+0000] {dag.py:2726} INFO - Sync 1 DAGs
[2026-09-21T00:59:54.622+0000] {logging_mixin.py:149} INFO - [2026-09-21T00:59:54.621+0000] {dag.py:3490} INFO - Setting next_dagrun for 8-mlops_pipeline to None, run_after=None
[2026-09-21T00:59:54.710+0000] {processor.py:178} INFO - Processing /opt/airflow/dags/8_mlops_pipeline.py took 0.346 seconds
[2026-09-21T01:00:25.056+0000] {processor.py:156} INFO - Started process (PID=4426) to work on /opt/airflow/dags/8_mlops_pipeline.py
[2026-09-21T01:00:25.065+0000] {processor.py:799} INFO - Processing file /opt/airflow/dags/8_mlops_pipeline.py for tasks to queue
[2026-09-21T01:00:25.066+0000] {logging_mixin.py:149} INFO - [2026-09-21T01:00:25.066+0000] {dagbag.py:541} INFO - Filling up the DagBag from /opt/airflow/dags/8_mlops_pipeline.py
[2026-09-21T01:00:25.089+0000] {processor.py:809} INFO - DAG(s) dict_keys(['8-mlops_pipeline']) retrieved from /opt/airflow/dags/8_mlops_pipeline.py
[2026-09-21T01:00:25.191+0000] {logging_mixin.py:149} INFO - [2026-09-21T01:00:25.191+0000] {dag.py:2726} INFO - Sync 1 DAGs
[2026-09-21T01:00:25.249+0000] {logging_mixin.py:149} INFO - [2026-09-21T01:00:25.248+0000] {dag.py:3490} INFO - Setting next_dagrun for 8-mlops_pipeline to None, run_after=None
[2026-09-21T01:00:25.299+0000] {processor.py:178} INFO - Processing /opt/airflow/dags/8_mlops_pipeline.py took 0.249 seconds
[2026-09-21T01:00:56.252+0000] {processor.py:156} INFO - Started process (PID=4436) to work on /opt/airflow/dags/8_mlops_pipeline.py
[2026-09-21T01:00:56.260+0000] {processor.py:799} INFO - Processing file /opt/airflow/dags/8_mlops_pipeline.py for tasks to queue
[2026-09-21T01:00:56.261+0000] {logging_mixin.py:149} INFO - [2026-09-21T01:00:56.261+0000] {dagbag.py:541} INFO - Filling up the DagBag from /opt/airflow/dags/8_mlops_pipeline.py
[2026-09-21T01:00:56.298+0000] {processor.py:809} INFO - DAG(s) dict_keys(['8-mlops_pipeline']) retrieved from /opt/airflow/dags/8_mlops_pipeline.py
[2026-09-21T01:00:56.352+0000] {logging_mixin.py:149} INFO - [2026-09-21T01:00:56.352+0000] {dag.py:2726} INFO - Sync 1 DAGs
[2026-09-21T01:00:56.393+0000] {logging_mixin.py:149} INFO - [2026-09-21T01:00:56.393+0000] {dag.py:3490} INFO - Setting next_dagrun for 8-mlops_pipeline to None, run_after=None
[2026-09-21T01:00:56.432+0000] {processor.py:178} INFO - Processing /opt/airflow/dags/8_mlops_pipeline.py took 0.194 seconds
[2026-09-21T01:01:26.699+0000] {processor.py:156} INFO - Started process (PID=4446) to work on /opt/airflow/dags/8_mlops_pipeline.py
[2026-09-21T01:01:26.700+0000] {processor.py:799} INFO - Processing file /opt/airflow/dags/8_mlops_pipeline.py for tasks to queue
[2026-09-21T01:01:26.702+0000] {logging_mixin.py:149} INFO - [2026-09-21T01:01:26.702+0000] {dagbag.py:541} INFO - Filling up the DagBag from /opt/airflow/dags/8_mlops_pipeline.py
[2026-09-21T01:01:26.725+0000] {processor.py:809} INFO - DAG(s) dict_keys(['8-mlops_pipeline']) retrieved from /opt/airflow/dags/8_mlops_pipeline.py
[2026-09-21T01:01:26.795+0000] {logging_mixin.py:149} INFO - [2026-09-21T01:01:26.795+0000] {dag.py:2726} INFO - Sync 1 DAGs
[2026-09-21T01:01:26.884+0000] {logging_mixin.py:149} INFO - [2026-09-21T01:01:26.883+0000] {dag.py:3490} INFO - Setting next_dagrun for 8-mlops_pipeline to None, run_after=None
[2026-09-21T01:01:26.948+0000] {processor.py:178} INFO - Processing /opt/airflow/dags/8_mlops_pipeline.py took 0.256 seconds
[2026-09-21T01:01:57.155+0000] {processor.py:156} INFO - Started process (PID=4456) to work on /opt/airflow/dags/8_mlops_pipeline.py
[2026-09-21T01:01:57.159+0000] {processor.py:799} INFO - Processing file /opt/airflow/dags/8_mlops_pipeline.py for tasks to queue
[2026-09-21T01:01:57.164+0000] {logging_mixin.py:149} INFO - [2026-09-21T01:01:57.163+0000] {dagbag.py:541} INFO - Filling up the DagBag from /opt/airflow/dags/8_mlops_pipeline.py
[2026-09-21T01:01:57.197+0000] {processor.py:809} INFO - DAG(s) dict_keys(['8-mlops_pipeline']) retrieved from /opt/airflow/dags/8_mlops_pipeline.py
[2026-09-21T01:01:57.304+0000] {logging_mixin.py:149} INFO - [2026-09-21T01:01:57.303+0000] {dag.py:2726} INFO - Sync 1 DAGs
[2026-09-21T01:01:57.384+0000] {logging_mixin.py:149} INFO - [2026-09-21T01:01:57.384+0000] {dag.py:3490} INFO - Setting next_dagrun for 8-mlops_pipeline to None, run_after=None
[2026-09-21T01:01:57.424+0000] {processor.py:178} INFO - Processing /opt/airflow/dags/8_mlops_pipeline.py took 0.280 seconds
[2026-09-21T01:02:27.642+0000] {processor.py:156} INFO - Started process (PID=4466) to work on /opt/airflow/dags/8_mlops_pipeline.py
[2026-09-21T01:02:27.644+0000] {processor.py:799} INFO - Processing file /opt/airflow/dags/8_mlops_pipeline.py for tasks to queue
[2026-09-21T01:02:27.646+0000] {logging_mixin.py:149} INFO - [2026-09-21T01:02:27.646+0000] {dagbag.py:541} INFO - Filling up the DagBag from /opt/airflow/dags/8_mlops_pipeline.py
[2026-09-21T01:02:27.671+0000] {processor.py:809} INFO - DAG(s) dict_keys(['8-mlops_pipeline']) retrieved from /opt/airflow/dags/8_mlops_pipeline.py
[2026-09-21T01:02:27.733+0000] {logging_mixin.py:149} INFO - [2026-09-21T01:02:27.733+0000] {dag.py:2726} INFO - Sync 1 DAGs
[2026-09-21T01:02:27.832+0000] {logging_mixin.py:149} INFO - [2026-09-21T01:02:27.832+0000] {dag.py:3490} INFO - Setting next_dagrun for 8-mlops_pipeline to None, run_after=None
[2026-09-21T01:02:27.884+0000] {processor.py:178} INFO - Processing /opt/airflow/dags/8_mlops_pipeline.py took 0.264 seconds
[2026-09-21T01:02:58.077+0000] {processor.py:156} INFO - Started process (PID=4476) to work on /opt/airflow/dags/8_mlops_pipeline.py
[2026-09-21T01:02:58.078+0000] {processor.py:799} INFO - Processing file /opt/airflow/dags/8_mlops_pipeline.py for tasks to queue
[2026-09-21T01:02:58.080+0000] {logging_mixin.py:149} INFO - [2026-09-21T01:02:58.079+0000] {dagbag.py:541} INFO - Filling up the DagBag from /opt/airflow/dags/8_mlops_pipeline.py
[2026-09-21T01:02:58.099+0000] {processor.py:809} INFO - DAG(s) dict_keys(['8-mlops_pipeline']) retrieved from /opt/airflow/dags/8_mlops_pipeline.py
[2026-09-21T01:02:58.155+0000] {logging_mixin.py:149} INFO - [2026-09-21T01:02:58.155+0000] {dag.py:2726} INFO - Sync 1 DAGs
[2026-09-21T01:02:58.242+0000] {logging_mixin.py:149} INFO - [2026-09-21T01:02:58.241+0000] {dag.py:3490} INFO - Setting next_dagrun for 8-mlops_pipeline to None, run_after=None
[2026-09-21T01:02:58.293+0000] {processor.py:178} INFO - Processing /opt/airflow/dags/8_mlops_pipeline.py took 0.224 seconds
[2026-09-21T01:03:28.905+0000] {processor.py:156} INFO - Started process (PID=4486) to work on /opt/airflow/dags/8_mlops_pipeline.py
[2026-09-21T01:03:28.907+0000] {processor.py:799} INFO - Processing file /opt/airflow/dags/8_mlops_pipeline.py for tasks to queue
[2026-09-21T01:03:28.908+0000] {logging_mixin.py:149} INFO - [2026-09-21T01:03:28.908+0000] {dagbag.py:541} INFO - Filling up the DagBag from /opt/airflow/dags/8_mlops_pipeline.py
[2026-09-21T01:03:28.923+0000] {processor.py:809} INFO - DAG(s) dict_keys(['8-mlops_pipeline']) retrieved from /opt/airflow/dags/8_mlops_pipeline.py
[2026-09-21T01:03:28.992+0000] {logging_mixin.py:149} INFO - [2026-09-21T01:03:28.992+0000] {dag.py:2726} INFO - Sync 1 DAGs
[2026-09-21T01:03:29.039+0000] {logging_mixin.py:149} INFO - [2026-09-21T01:03:29.038+0000] {dag.py:3490} INFO - Setting next_dagrun for 8-mlops_pipeline to None, run_after=None
[2026-09-21T01:03:29.078+0000] {processor.py:178} INFO - Processing /opt/airflow/dags/8_mlops_pipeline.py took 0.178 seconds
[2026-09-21T01:03:59.702+0000] {processor.py:156} INFO - Started process (PID=4496) to work on /opt/airflow/dags/8_mlops_pipeline.py
[2026-09-21T01:03:59.708+0000] {processor.py:799} INFO - Processing file /opt/airflow/dags/8_mlops_pipeline.py for tasks to queue
[2026-09-21T01:03:59.711+0000] {logging_mixin.py:149} INFO - [2026-09-21T01:03:59.709+0000] {dagbag.py:541} INFO - Filling up the DagBag from /opt/airflow/dags/8_mlops_pipeline.py
[2026-09-21T01:03:59.752+0000] {processor.py:809} INFO - DAG(s) dict_keys(['8-mlops_pipeline']) retrieved from /opt/airflow/dags/8_mlops_pipeline.py
[2026-09-21T01:03:59.850+0000] {logging_mixin.py:149} INFO - [2026-09-21T01:03:59.849+0000] {dag.py:2726} INFO - Sync 1 DAGs
[2026-09-21T01:03:59.911+0000] {logging_mixin.py:149} INFO - [2026-09-21T01:03:59.911+0000] {dag.py:3490} INFO - Setting next_dagrun for 8-mlops_pipeline to None, run_after=None
[2026-09-21T01:03:59.945+0000] {processor.py:178} INFO - Processing /opt/airflow/dags/8_mlops_pipeline.py took 0.249 seconds
[2026-09-21T01:04:30.261+0000] {processor.py:156} INFO - Started process (PID=4506) to work on /opt/airflow/dags/8_mlops_pipeline.py
[2026-09-21T01:04:30.263+0000] {processor.py:799} INFO - Processing file /opt/airflow/dags/8_mlops_pipeline.py for tasks to queue
[2026-09-21T01:04:30.273+0000] {logging_mixin.py:149} INFO - [2026-09-21T01:04:30.270+0000] {dagbag.py:541} INFO - Filling up the DagBag from /opt/airflow/dags/8_mlops_pipeline.py
[2026-09-21T01:04:30.371+0000] {processor.py:809} INFO - DAG(s) dict_keys(['8-mlops_pipeline']) retrieved from /opt/airflow/dags/8_mlops_pipeline.py
[2026-09-21T01:04:30.423+0000] {logging_mixin.py:149} INFO - [2026-09-21T01:04:30.423+0000] {dag.py:2726} INFO - Sync 1 DAGs
[2026-09-21T01:04:30.465+0000] {logging_mixin.py:149} INFO - [2026-09-21T01:04:30.465+0000] {dag.py:3490} INFO - Setting next_dagrun for 8-mlops_pipeline to None, run_after=None
[2026-09-21T01:04:30.502+0000] {processor.py:178} INFO - Processing /opt/airflow/dags/8_mlops_pipeline.py took 0.277 seconds
[2026-09-21T01:05:00.623+0000] {processor.py:156} INFO - Started process (PID=4516) to work on /opt/airflow/dags/8_mlops_pipeline.py
[2026-09-21T01:05:00.625+0000] {processor.py:799} INFO - Processing file /opt/airflow/dags/8_mlops_pipeline.py for tasks to queue
[2026-09-21T01:05:00.626+0000] {logging_mixin.py:149} INFO - [2026-09-21T01:05:00.626+0000] {dagbag.py:541} INFO - Filling up the DagBag from /opt/airflow/dags/8_mlops_pipeline.py
[2026-09-21T01:05:00.709+0000] {processor.py:809} INFO - DAG(s) dict_keys(['8-mlops_pipeline']) retrieved from /opt/airflow/dags/8_mlops_pipeline.py
[2026-09-21T01:05:00.862+0000] {logging_mixin.py:149} INFO - [2026-09-21T01:05:00.861+0000] {dag.py:2726} INFO - Sync 1 DAGs
[2026-09-21T01:05:00.973+0000] {logging_mixin.py:149} INFO - [2026-09-21T01:05:00.973+0000] {dag.py:3490} INFO - Setting next_dagrun for 8-mlops_pipeline to None, run_after=None
[2026-09-21T01:05:01.036+0000] {processor.py:178} INFO - Processing /opt/airflow/dags/8_mlops_pipeline.py took 0.430 seconds
[2026-09-21T01:05:31.980+0000] {processor.py:156} INFO - Started process (PID=4526) to work on /opt/airflow/dags/8_mlops_pipeline.py
[2026-09-21T01:05:31.986+0000] {processor.py:799} INFO - Processing file /opt/airflow/dags/8_mlops_pipeline.py for tasks to queue
[2026-09-21T01:05:31.987+0000] {logging_mixin.py:149} INFO - [2026-09-21T01:05:31.987+0000] {dagbag.py:541} INFO - Filling up the DagBag from /opt/airflow/dags/8_mlops_pipeline.py
[2026-09-21T01:05:32.009+0000] {processor.py:809} INFO - DAG(s) dict_keys(['8-mlops_pipeline']) retrieved from /opt/airflow/dags/8_mlops_pipeline.py
[2026-09-21T01:05:32.070+0000] {logging_mixin.py:149} INFO - [2026-09-21T01:05:32.069+0000] {dag.py:2726} INFO - Sync 1 DAGs
[2026-09-21T01:05:32.121+0000] {logging_mixin.py:149} INFO - [2026-09-21T01:05:32.121+0000] {dag.py:3490} INFO - Setting next_dagrun for 8-mlops_pipeline to None, run_after=None
[2026-09-21T01:05:32.168+0000] {processor.py:178} INFO - Processing /opt/airflow/dags/8_mlops_pipeline.py took 0.193 seconds
[2026-09-21T01:06:02.261+0000] {processor.py:156} INFO - Started process (PID=4536) to work on /opt/airflow/dags/8_mlops_pipeline.py
[2026-09-21T01:06:02.262+0000] {processor.py:799} INFO - Processing file /opt/airflow/dags/8_mlops_pipeline.py for tasks to queue
[2026-09-21T01:06:02.263+0000] {logging_mixin.py:149} INFO - [2026-09-21T01:06:02.263+0000] {dagbag.py:541} INFO - Filling up the DagBag from /opt/airflow/dags/8_mlops_pipeline.py
[2026-09-21T01:06:02.282+0000] {processor.py:809} INFO - DAG(s) dict_keys(['8-mlops_pipeline']) retrieved from /opt/airflow/dags/8_mlops_pipeline.py
[2026-09-21T01:06:02.364+0000] {logging_mixin.py:149} INFO - [2026-09-21T01:06:02.362+0000] {dag.py:2726} INFO - Sync 1 DAGs
[2026-09-21T01:06:02.417+0000] {logging_mixin.py:149} INFO - [2026-09-21T01:06:02.417+0000] {dag.py:3490} INFO - Setting next_dagrun for 8-mlops_pipeline to None, run_after=None
[2026-09-21T01:06:02.531+0000] {processor.py:178} INFO - Processing /opt/airflow/dags/8_mlops_pipeline.py took 0.276 seconds
[2026-09-21T01:06:32.709+0000] {processor.py:156} INFO - Started process (PID=4546) to work on /opt/airflow/dags/8_mlops_pipeline.py
[2026-09-21T01:06:32.715+0000] {processor.py:799} INFO - Processing file /opt/airflow/dags/8_mlops_pipeline.py for tasks to queue
[2026-09-21T01:06:32.716+0000] {logging_mixin.py:149} INFO - [2026-09-21T01:06:32.716+0000] {dagbag.py:541} INFO - Filling up the DagBag from /opt/airflow/dags/8_mlops_pipeline.py
[2026-09-21T01:06:32.747+0000] {processor.py:809} INFO - DAG(s) dict_keys(['8-mlops_pipeline']) retrieved from /opt/airflow/dags/8_mlops_pipeline.py
[2026-09-21T01:06:32.805+0000] {logging_mixin.py:149} INFO - [2026-09-21T01:06:32.805+0000] {dag.py:2726} INFO - Sync 1 DAGs
[2026-09-21T01:06:32.848+0000] {logging_mixin.py:149} INFO - [2026-09-21T01:06:32.847+0000] {dag.py:3490} INFO - Setting next_dagrun for 8-mlops_pipeline to None, run_after=None
[2026-09-21T01:06:32.908+0000] {processor.py:178} INFO - Processing /opt/airflow/dags/8_mlops_pipeline.py took 0.224 seconds
[2026-09-21T01:07:03.118+0000] {processor.py:156} INFO - Started process (PID=4556) to work on /opt/airflow/dags/8_mlops_pipeline.py
[2026-09-21T01:07:03.123+0000] {processor.py:799} INFO - Processing file /opt/airflow/dags/8_mlops_pipeline.py for tasks to queue
[2026-09-21T01:07:03.124+0000] {logging_mixin.py:149} INFO - [2026-09-21T01:07:03.124+0000] {dagbag.py:541} INFO - Filling up the DagBag from /opt/airflow/dags/8_mlops_pipeline.py
[2026-09-21T01:07:03.139+0000] {processor.py:809} INFO - DAG(s) dict_keys(['8-mlops_pipeline']) retrieved from /opt/airflow/dags/8_mlops_pipeline.py
[2026-09-21T01:07:03.177+0000] {logging_mixin.py:149} INFO - [2026-09-21T01:07:03.177+0000] {dag.py:2726} INFO - Sync 1 DAGs
[2026-09-21T01:07:03.212+0000] {logging_mixin.py:149} INFO - [2026-09-21T01:07:03.212+0000] {dag.py:3490} INFO - Setting next_dagrun for 8-mlops_pipeline to None, run_after=None
[2026-09-21T01:07:03.240+0000] {processor.py:178} INFO - Processing /opt/airflow/dags/8_mlops_pipeline.py took 0.128 seconds
[2026-09-21T01:07:34.081+0000] {processor.py:156} INFO - Started process (PID=4566) to work on /opt/airflow/dags/8_mlops_pipeline.py
[2026-09-21T01:07:34.083+0000] {processor.py:799} INFO - Processing file /opt/airflow/dags/8_mlops_pipeline.py for tasks to queue
[2026-09-21T01:07:34.086+0000] {logging_mixin.py:149} INFO - [2026-09-21T01:07:34.085+0000] {dagbag.py:541} INFO - Filling up the DagBag from /opt/airflow/dags/8_mlops_pipeline.py
[2026-09-21T01:07:34.120+0000] {processor.py:809} INFO - DAG(s) dict_keys(['8-mlops_pipeline']) retrieved from /opt/airflow/dags/8_mlops_pipeline.py
[2026-09-21T01:07:34.198+0000] {logging_mixin.py:149} INFO - [2026-09-21T01:07:34.198+0000] {dag.py:2726} INFO - Sync 1 DAGs
[2026-09-21T01:07:34.269+0000] {logging_mixin.py:149} INFO - [2026-09-21T01:07:34.269+0000] {dag.py:3490} INFO - Setting next_dagrun for 8-mlops_pipeline to None, run_after=None
[2026-09-21T01:07:34.318+0000] {processor.py:178} INFO - Processing /opt/airflow/dags/8_mlops_pipeline.py took 0.244 seconds
[2026-09-21T01:08:05.148+0000] {processor.py:156} INFO - Started process (PID=4576) to work on /opt/airflow/dags/8_mlops_pipeline.py
[2026-09-21T01:08:05.150+0000] {processor.py:799} INFO - Processing file /opt/airflow/dags/8_mlops_pipeline.py for tasks to queue
[2026-09-21T01:08:05.151+0000] {logging_mixin.py:149} INFO - [2026-09-21T01:08:05.151+0000] {dagbag.py:541} INFO - Filling up the DagBag from /opt/airflow/dags/8_mlops_pipeline.py
[2026-09-21T01:08:05.168+0000] {processor.py:809} INFO - DAG(s) dict_keys(['8-mlops_pipeline']) retrieved from /opt/airflow/dags/8_mlops_pipeline.py
[2026-09-21T01:08:05.218+0000] {logging_mixin.py:149} INFO - [2026-09-21T01:08:05.218+0000] {dag.py:2726} INFO - Sync 1 DAGs
[2026-09-21T01:08:05.253+0000] {logging_mixin.py:149} INFO - [2026-09-21T01:08:05.252+0000] {dag.py:3490} INFO - Setting next_dagrun for 8-mlops_pipeline to None, run_after=None
[2026-09-21T01:08:05.294+0000] {processor.py:178} INFO - Processing /opt/airflow/dags/8_mlops_pipeline.py took 0.151 seconds
[2026-09-21T01:08:35.610+0000] {processor.py:156} INFO - Started process (PID=4586) to work on /opt/airflow/dags/8_mlops_pipeline.py
[2026-09-21T01:08:35.616+0000] {processor.py:799} INFO - Processing file /opt/airflow/dags/8_mlops_pipeline.py for tasks to queue
[2026-09-21T01:08:35.621+0000] {logging_mixin.py:149} INFO - [2026-09-21T01:08:35.620+0000] {dagbag.py:541} INFO - Filling up the DagBag from /opt/airflow/dags/8_mlops_pipeline.py
[2026-09-21T01:08:35.663+0000] {processor.py:809} INFO - DAG(s) dict_keys(['8-mlops_pipeline']) retrieved from /opt/airflow/dags/8_mlops_pipeline.py
[2026-09-21T01:08:35.751+0000] {logging_mixin.py:149} INFO - [2026-09-21T01:08:35.751+0000] {dag.py:2726} INFO - Sync 1 DAGs
[2026-09-21T01:08:35.795+0000] {logging_mixin.py:149} INFO - [2026-09-21T01:08:35.795+0000] {dag.py:3490} INFO - Setting next_dagrun for 8-mlops_pipeline to None, run_after=None
[2026-09-21T01:08:35.856+0000] {processor.py:178} INFO - Processing /opt/airflow/dags/8_mlops_pipeline.py took 0.268 seconds
[2026-09-21T01:09:06.101+0000] {processor.py:156} INFO - Started process (PID=4597) to work on /opt/airflow/dags/8_mlops_pipeline.py
[2026-09-21T01:09:06.104+0000] {processor.py:799} INFO - Processing file /opt/airflow/dags/8_mlops_pipeline.py for tasks to queue
[2026-09-21T01:09:06.105+0000] {logging_mixin.py:149} INFO - [2026-09-21T01:09:06.105+0000] {dagbag.py:541} INFO - Filling up the DagBag from /opt/airflow/dags/8_mlops_pipeline.py
[2026-09-21T01:09:06.126+0000] {processor.py:809} INFO - DAG(s) dict_keys(['8-mlops_pipeline']) retrieved from /opt/airflow/dags/8_mlops_pipeline.py
[2026-09-21T01:09:06.180+0000] {logging_mixin.py:149} INFO - [2026-09-21T01:09:06.179+0000] {dag.py:2726} INFO - Sync 1 DAGs
[2026-09-21T01:09:06.222+0000] {logging_mixin.py:149} INFO - [2026-09-21T01:09:06.222+0000] {dag.py:3490} INFO - Setting next_dagrun for 8-mlops_pipeline to None, run_after=None
[2026-09-21T01:09:06.255+0000] {processor.py:178} INFO - Processing /opt/airflow/dags/8_mlops_pipeline.py took 0.160 seconds
[2026-09-21T01:09:36.321+0000] {processor.py:156} INFO - Started process (PID=4606) to work on /opt/airflow/dags/8_mlops_pipeline.py
[2026-09-21T01:09:36.323+0000] {processor.py:799} INFO - Processing file /opt/airflow/dags/8_mlops_pipeline.py for tasks to queue
[2026-09-21T01:09:36.324+0000] {logging_mixin.py:149} INFO - [2026-09-21T01:09:36.323+0000] {dagbag.py:541} INFO - Filling up the DagBag from /opt/airflow/dags/8_mlops_pipeline.py
[2026-09-21T01:09:36.343+0000] {processor.py:809} INFO - DAG(s) dict_keys(['8-mlops_pipeline']) retrieved from /opt/airflow/dags/8_mlops_pipeline.py
[2026-09-21T01:09:36.395+0000] {logging_mixin.py:149} INFO - [2026-09-21T01:09:36.395+0000] {dag.py:2726} INFO - Sync 1 DAGs
[2026-09-21T01:09:36.436+0000] {logging_mixin.py:149} INFO - [2026-09-21T01:09:36.436+0000] {dag.py:3490} INFO - Setting next_dagrun for 8-mlops_pipeline to None, run_after=None
[2026-09-21T01:09:36.464+0000] {processor.py:178} INFO - Processing /opt/airflow/dags/8_mlops_pipeline.py took 0.150 seconds
[2026-09-21T01:10:06.589+0000] {processor.py:156} INFO - Started process (PID=4616) to work on /opt/airflow/dags/8_mlops_pipeline.py
[2026-09-21T01:10:06.595+0000] {processor.py:799} INFO - Processing file /opt/airflow/dags/8_mlops_pipeline.py for tasks to queue
[2026-09-21T01:10:06.596+0000] {logging_mixin.py:149} INFO - [2026-09-21T01:10:06.596+0000] {dagbag.py:541} INFO - Filling up the DagBag from /opt/airflow/dags/8_mlops_pipeline.py
[2026-09-21T01:10:06.646+0000] {processor.py:809} INFO - DAG(s) dict_keys(['8-mlops_pipeline']) retrieved from /opt/airflow/dags/8_mlops_pipeline.py
[2026-09-21T01:10:06.773+0000] {logging_mixin.py:149} INFO - [2026-09-21T01:10:06.772+0000] {dag.py:2726} INFO - Sync 1 DAGs
[2026-09-21T01:10:06.864+0000] {logging_mixin.py:149} INFO - [2026-09-21T01:10:06.864+0000] {dag.py:3490} INFO - Setting next_dagrun for 8-mlops_pipeline to None, run_after=None
[2026-09-21T01:10:06.971+0000] {processor.py:178} INFO - Processing /opt/airflow/dags/8_mlops_pipeline.py took 0.399 seconds
[2026-09-21T01:10:37.141+0000] {processor.py:156} INFO - Started process (PID=4627) to work on /opt/airflow/dags/8_mlops_pipeline.py
[2026-09-21T01:10:37.143+0000] {processor.py:799} INFO - Processing file /opt/airflow/dags/8_mlops_pipeline.py for tasks to queue
[2026-09-21T01:10:37.144+0000] {logging_mixin.py:149} INFO - [2026-09-21T01:10:37.144+0000] {dagbag.py:541} INFO - Filling up the DagBag from /opt/airflow/dags/8_mlops_pipeline.py
[2026-09-21T01:10:37.168+0000] {processor.py:809} INFO - DAG(s) dict_keys(['8-mlops_pipeline']) retrieved from /opt/airflow/dags/8_mlops_pipeline.py
[2026-09-21T01:10:37.220+0000] {logging_mixin.py:149} INFO - [2026-09-21T01:10:37.220+0000] {dag.py:2726} INFO - Sync 1 DAGs
[2026-09-21T01:10:37.259+0000] {logging_mixin.py:149} INFO - [2026-09-21T01:10:37.259+0000] {dag.py:3490} INFO - Setting next_dagrun for 8-mlops_pipeline to None, run_after=None
[2026-09-21T01:10:37.288+0000] {processor.py:178} INFO - Processing /opt/airflow/dags/8_mlops_pipeline.py took 0.153 seconds
[2026-09-21T01:11:07.331+0000] {processor.py:156} INFO - Started process (PID=4637) to work on /opt/airflow/dags/8_mlops_pipeline.py
[2026-09-21T01:11:07.333+0000] {processor.py:799} INFO - Processing file /opt/airflow/dags/8_mlops_pipeline.py for tasks to queue
[2026-09-21T01:11:07.334+0000] {logging_mixin.py:149} INFO - [2026-09-21T01:11:07.334+0000] {dagbag.py:541} INFO - Filling up the DagBag from /opt/airflow/dags/8_mlops_pipeline.py
[2026-09-21T01:11:07.348+0000] {processor.py:809} INFO - DAG(s) dict_keys(['8-mlops_pipeline']) retrieved from /opt/airflow/dags/8_mlops_pipeline.py
[2026-09-21T01:11:07.390+0000] {logging_mixin.py:149} INFO - [2026-09-21T01:11:07.389+0000] {dag.py:2726} INFO - Sync 1 DAGs
[2026-09-21T01:11:07.423+0000] {logging_mixin.py:149} INFO - [2026-09-21T01:11:07.423+0000] {dag.py:3490} INFO - Setting next_dagrun for 8-mlops_pipeline to None, run_after=None
[2026-09-21T01:11:07.451+0000] {processor.py:178} INFO - Processing /opt/airflow/dags/8_mlops_pipeline.py took 0.125 seconds
[2026-09-21T01:11:38.165+0000] {processor.py:156} INFO - Started process (PID=4646) to work on /opt/airflow/dags/8_mlops_pipeline.py
[2026-09-21T01:11:38.166+0000] {processor.py:799} INFO - Processing file /opt/airflow/dags/8_mlops_pipeline.py for tasks to queue
[2026-09-21T01:11:38.167+0000] {logging_mixin.py:149} INFO - [2026-09-21T01:11:38.167+0000] {dagbag.py:541} INFO - Filling up the DagBag from /opt/airflow/dags/8_mlops_pipeline.py
[2026-09-21T01:11:38.191+0000] {processor.py:809} INFO - DAG(s) dict_keys(['8-mlops_pipeline']) retrieved from /opt/airflow/dags/8_mlops_pipeline.py
[2026-09-21T01:11:38.263+0000] {logging_mixin.py:149} INFO - [2026-09-21T01:11:38.263+0000] {dag.py:2726} INFO - Sync 1 DAGs
[2026-09-21T01:11:38.311+0000] {logging_mixin.py:149} INFO - [2026-09-21T01:11:38.310+0000] {dag.py:3490} INFO - Setting next_dagrun for 8-mlops_pipeline to None, run_after=None
[2026-09-21T01:11:38.394+0000] {processor.py:178} INFO - Processing /opt/airflow/dags/8_mlops_pipeline.py took 0.237 seconds
[2026-09-21T01:12:08.460+0000] {processor.py:156} INFO - Started process (PID=4656) to work on /opt/airflow/dags/8_mlops_pipeline.py
[2026-09-21T01:12:08.469+0000] {processor.py:799} INFO - Processing file /opt/airflow/dags/8_mlops_pipeline.py for tasks to queue
[2026-09-21T01:12:08.470+0000] {logging_mixin.py:149} INFO - [2026-09-21T01:12:08.470+0000] {dagbag.py:541} INFO - Filling up the DagBag from /opt/airflow/dags/8_mlops_pipeline.py
[2026-09-21T01:12:08.489+0000] {processor.py:809} INFO - DAG(s) dict_keys(['8-mlops_pipeline']) retrieved from /opt/airflow/dags/8_mlops_pipeline.py
[2026-09-21T01:12:08.546+0000] {logging_mixin.py:149} INFO - [2026-09-21T01:12:08.546+0000] {dag.py:2726} INFO - Sync 1 DAGs
[2026-09-21T01:12:08.583+0000] {logging_mixin.py:149} INFO - [2026-09-21T01:12:08.583+0000] {dag.py:3490} INFO - Setting next_dagrun for 8-mlops_pipeline to None, run_after=None
[2026-09-21T01:12:08.618+0000] {processor.py:178} INFO - Processing /opt/airflow/dags/8_mlops_pipeline.py took 0.163 seconds
[2026-09-21T01:12:38.795+0000] {processor.py:156} INFO - Started process (PID=4666) to work on /opt/airflow/dags/8_mlops_pipeline.py
[2026-09-21T01:12:38.796+0000] {processor.py:799} INFO - Processing file /opt/airflow/dags/8_mlops_pipeline.py for tasks to queue
[2026-09-21T01:12:38.798+0000] {logging_mixin.py:149} INFO - [2026-09-21T01:12:38.797+0000] {dagbag.py:541} INFO - Filling up the DagBag from /opt/airflow/dags/8_mlops_pipeline.py
[2026-09-21T01:12:38.820+0000] {processor.py:809} INFO - DAG(s) dict_keys(['8-mlops_pipeline']) retrieved from /opt/airflow/dags/8_mlops_pipeline.py
[2026-09-21T01:12:38.891+0000] {logging_mixin.py:149} INFO - [2026-09-21T01:12:38.891+0000] {dag.py:2726} INFO - Sync 1 DAGs
[2026-09-21T01:12:38.950+0000] {logging_mixin.py:149} INFO - [2026-09-21T01:12:38.950+0000] {dag.py:3490} INFO - Setting next_dagrun for 8-mlops_pipeline to None, run_after=None
[2026-09-21T01:12:38.985+0000] {processor.py:178} INFO - Processing /opt/airflow/dags/8_mlops_pipeline.py took 0.196 seconds
[2026-09-21T01:13:09.030+0000] {processor.py:156} INFO - Started process (PID=4676) to work on /opt/airflow/dags/8_mlops_pipeline.py
[2026-09-21T01:13:09.032+0000] {processor.py:799} INFO - Processing file /opt/airflow/dags/8_mlops_pipeline.py for tasks to queue
[2026-09-21T01:13:09.033+0000] {logging_mixin.py:149} INFO - [2026-09-21T01:13:09.033+0000] {dagbag.py:541} INFO - Filling up the DagBag from /opt/airflow/dags/8_mlops_pipeline.py
[2026-09-21T01:13:09.059+0000] {processor.py:809} INFO - DAG(s) dict_keys(['8-mlops_pipeline']) retrieved from /opt/airflow/dags/8_mlops_pipeline.py
[2026-09-21T01:13:09.112+0000] {logging_mixin.py:149} INFO - [2026-09-21T01:13:09.112+0000] {dag.py:2726} INFO - Sync 1 DAGs
[2026-09-21T01:13:09.160+0000] {logging_mixin.py:149} INFO - [2026-09-21T01:13:09.160+0000] {dag.py:3490} INFO - Setting next_dagrun for 8-mlops_pipeline to None, run_after=None
[2026-09-21T01:13:09.217+0000] {processor.py:178} INFO - Processing /opt/airflow/dags/8_mlops_pipeline.py took 0.193 seconds
[2026-09-21T01:13:39.299+0000] {processor.py:156} INFO - Started process (PID=4686) to work on /opt/airflow/dags/8_mlops_pipeline.py
[2026-09-21T01:13:39.303+0000] {processor.py:799} INFO - Processing file /opt/airflow/dags/8_mlops_pipeline.py for tasks to queue
[2026-09-21T01:13:39.305+0000] {logging_mixin.py:149} INFO - [2026-09-21T01:13:39.304+0000] {dagbag.py:541} INFO - Filling up the DagBag from /opt/airflow/dags/8_mlops_pipeline.py
[2026-09-21T01:13:39.325+0000] {processor.py:809} INFO - DAG(s) dict_keys(['8-mlops_pipeline']) retrieved from /opt/airflow/dags/8_mlops_pipeline.py
[2026-09-21T01:13:39.401+0000] {logging_mixin.py:149} INFO - [2026-09-21T01:13:39.400+0000] {dag.py:2726} INFO - Sync 1 DAGs
[2026-09-21T01:13:39.461+0000] {logging_mixin.py:149} INFO - [2026-09-21T01:13:39.460+0000] {dag.py:3490} INFO - Setting next_dagrun for 8-mlops_pipeline to None, run_after=None
[2026-09-21T01:13:39.505+0000] {processor.py:178} INFO - Processing /opt/airflow/dags/8_mlops_pipeline.py took 0.213 seconds
[2026-09-21T01:14:09.568+0000] {processor.py:156} INFO - Started process (PID=4696) to work on /opt/airflow/dags/8_mlops_pipeline.py
[2026-09-21T01:14:09.571+0000] {processor.py:799} INFO - Processing file /opt/airflow/dags/8_mlops_pipeline.py for tasks to queue
[2026-09-21T01:14:09.572+0000] {logging_mixin.py:149} INFO - [2026-09-21T01:14:09.572+0000] {dagbag.py:541} INFO - Filling up the DagBag from /opt/airflow/dags/8_mlops_pipeline.py
[2026-09-21T01:14:09.591+0000] {processor.py:809} INFO - DAG(s) dict_keys(['8-mlops_pipeline']) retrieved from /opt/airflow/dags/8_mlops_pipeline.py
[2026-09-21T01:14:09.640+0000] {logging_mixin.py:149} INFO - [2026-09-21T01:14:09.639+0000] {dag.py:2726} INFO - Sync 1 DAGs
[2026-09-21T01:14:09.680+0000] {logging_mixin.py:149} INFO - [2026-09-21T01:14:09.680+0000] {dag.py:3490} INFO - Setting next_dagrun for 8-mlops_pipeline to None, run_after=None
[2026-09-21T01:14:09.714+0000] {processor.py:178} INFO - Processing /opt/airflow/dags/8_mlops_pipeline.py took 0.152 seconds
[2026-09-21T01:14:40.611+0000] {processor.py:156} INFO - Started process (PID=4706) to work on /opt/airflow/dags/8_mlops_pipeline.py
[2026-09-21T01:14:40.612+0000] {processor.py:799} INFO - Processing file /opt/airflow/dags/8_mlops_pipeline.py for tasks to queue
[2026-09-21T01:14:40.613+0000] {logging_mixin.py:149} INFO - [2026-09-21T01:14:40.613+0000] {dagbag.py:541} INFO - Filling up the DagBag from /opt/airflow/dags/8_mlops_pipeline.py
[2026-09-21T01:14:40.630+0000] {processor.py:809} INFO - DAG(s) dict_keys(['8-mlops_pipeline']) retrieved from /opt/airflow/dags/8_mlops_pipeline.py
[2026-09-21T01:14:40.673+0000] {logging_mixin.py:149} INFO - [2026-09-21T01:14:40.673+0000] {dag.py:2726} INFO - Sync 1 DAGs
[2026-09-21T01:14:40.717+0000] {logging_mixin.py:149} INFO - [2026-09-21T01:14:40.715+0000] {dag.py:3490} INFO - Setting next_dagrun for 8-mlops_pipeline to None, run_after=None
[2026-09-21T01:14:40.745+0000] {processor.py:178} INFO - Processing /opt/airflow/dags/8_mlops_pipeline.py took 0.139 seconds
[2026-09-21T01:15:11.711+0000] {processor.py:156} INFO - Started process (PID=4716) to work on /opt/airflow/dags/8_mlops_pipeline.py
[2026-09-21T01:15:11.714+0000] {processor.py:799} INFO - Processing file /opt/airflow/dags/8_mlops_pipeline.py for tasks to queue
[2026-09-21T01:15:11.715+0000] {logging_mixin.py:149} INFO - [2026-09-21T01:15:11.714+0000] {dagbag.py:541} INFO - Filling up the DagBag from /opt/airflow/dags/8_mlops_pipeline.py
[2026-09-21T01:15:11.772+0000] {processor.py:809} INFO - DAG(s) dict_keys(['8-mlops_pipeline']) retrieved from /opt/airflow/dags/8_mlops_pipeline.py
[2026-09-21T01:15:11.877+0000] {logging_mixin.py:149} INFO - [2026-09-21T01:15:11.876+0000] {dag.py:2726} INFO - Sync 1 DAGs
[2026-09-21T01:15:11.950+0000] {logging_mixin.py:149} INFO - [2026-09-21T01:15:11.950+0000] {dag.py:3490} INFO - Setting next_dagrun for 8-mlops_pipeline to None, run_after=None
[2026-09-21T01:15:11.986+0000] {processor.py:178} INFO - Processing /opt/airflow/dags/8_mlops_pipeline.py took 0.285 seconds
[2026-09-21T01:15:42.143+0000] {processor.py:156} INFO - Started process (PID=4726) to work on /opt/airflow/dags/8_mlops_pipeline.py
[2026-09-21T01:15:42.145+0000] {processor.py:799} INFO - Processing file /opt/airflow/dags/8_mlops_pipeline.py for tasks to queue
[2026-09-21T01:15:42.146+0000] {logging_mixin.py:149} INFO - [2026-09-21T01:15:42.146+0000] {dagbag.py:541} INFO - Filling up the DagBag from /opt/airflow/dags/8_mlops_pipeline.py
[2026-09-21T01:15:42.172+0000] {processor.py:809} INFO - DAG(s) dict_keys(['8-mlops_pipeline']) retrieved from /opt/airflow/dags/8_mlops_pipeline.py
[2026-09-21T01:15:42.277+0000] {logging_mixin.py:149} INFO - [2026-09-21T01:15:42.263+0000] {dag.py:2726} INFO - Sync 1 DAGs
[2026-09-21T01:15:42.352+0000] {logging_mixin.py:149} INFO - [2026-09-21T01:15:42.352+0000] {dag.py:3490} INFO - Setting next_dagrun for 8-mlops_pipeline to None, run_after=None
[2026-09-21T01:15:42.394+0000] {processor.py:178} INFO - Processing /opt/airflow/dags/8_mlops_pipeline.py took 0.257 seconds
[2026-09-21T01:16:12.448+0000] {processor.py:156} INFO - Started process (PID=4736) to work on /opt/airflow/dags/8_mlops_pipeline.py
[2026-09-21T01:16:12.452+0000] {processor.py:799} INFO - Processing file /opt/airflow/dags/8_mlops_pipeline.py for tasks to queue
[2026-09-21T01:16:12.453+0000] {logging_mixin.py:149} INFO - [2026-09-21T01:16:12.453+0000] {dagbag.py:541} INFO - Filling up the DagBag from /opt/airflow/dags/8_mlops_pipeline.py
[2026-09-21T01:16:12.471+0000] {processor.py:809} INFO - DAG(s) dict_keys(['8-mlops_pipeline']) retrieved from /opt/airflow/dags/8_mlops_pipeline.py
[2026-09-21T01:16:12.545+0000] {logging_mixin.py:149} INFO - [2026-09-21T01:16:12.545+0000] {dag.py:2726} INFO - Sync 1 DAGs
[2026-09-21T01:16:12.582+0000] {logging_mixin.py:149} INFO - [2026-09-21T01:16:12.582+0000] {dag.py:3490} INFO - Setting next_dagrun for 8-mlops_pipeline to None, run_after=None
[2026-09-21T01:16:12.622+0000] {processor.py:178} INFO - Processing /opt/airflow/dags/8_mlops_pipeline.py took 0.179 seconds
[2026-09-21T01:16:42.870+0000] {processor.py:156} INFO - Started process (PID=4746) to work on /opt/airflow/dags/8_mlops_pipeline.py
[2026-09-21T01:16:42.872+0000] {processor.py:799} INFO - Processing file /opt/airflow/dags/8_mlops_pipeline.py for tasks to queue
[2026-09-21T01:16:42.874+0000] {logging_mixin.py:149} INFO - [2026-09-21T01:16:42.873+0000] {dagbag.py:541} INFO - Filling up the DagBag from /opt/airflow/dags/8_mlops_pipeline.py
[2026-09-21T01:16:42.895+0000] {processor.py:809} INFO - DAG(s) dict_keys(['8-mlops_pipeline']) retrieved from /opt/airflow/dags/8_mlops_pipeline.py
[2026-09-21T01:16:42.945+0000] {logging_mixin.py:149} INFO - [2026-09-21T01:16:42.945+0000] {dag.py:2726} INFO - Sync 1 DAGs
[2026-09-21T01:16:43.014+0000] {logging_mixin.py:149} INFO - [2026-09-21T01:16:43.013+0000] {dag.py:3490} INFO - Setting next_dagrun for 8-mlops_pipeline to None, run_after=None
[2026-09-21T01:16:43.061+0000] {processor.py:178} INFO - Processing /opt/airflow/dags/8_mlops_pipeline.py took 0.201 seconds
[2026-09-21T01:17:13.292+0000] {processor.py:156} INFO - Started process (PID=4756) to work on /opt/airflow/dags/8_mlops_pipeline.py
[2026-09-21T01:17:13.294+0000] {processor.py:799} INFO - Processing file /opt/airflow/dags/8_mlops_pipeline.py for tasks to queue
[2026-09-21T01:17:13.295+0000] {logging_mixin.py:149} INFO - [2026-09-21T01:17:13.295+0000] {dagbag.py:541} INFO - Filling up the DagBag from /opt/airflow/dags/8_mlops_pipeline.py
[2026-09-21T01:17:13.315+0000] {processor.py:809} INFO - DAG(s) dict_keys(['8-mlops_pipeline']) retrieved from /opt/airflow/dags/8_mlops_pipeline.py
[2026-09-21T01:17:13.378+0000] {logging_mixin.py:149} INFO - [2026-09-21T01:17:13.378+0000] {dag.py:2726} INFO - Sync 1 DAGs
[2026-09-21T01:17:13.421+0000] {logging_mixin.py:149} INFO - [2026-09-21T01:17:13.420+0000] {dag.py:3490} INFO - Setting next_dagrun for 8-mlops_pipeline to None, run_after=None
[2026-09-21T01:17:13.460+0000] {processor.py:178} INFO - Processing /opt/airflow/dags/8_mlops_pipeline.py took 0.174 seconds
[2026-09-21T01:17:43.574+0000] {processor.py:156} INFO - Started process (PID=4766) to work on /opt/airflow/dags/8_mlops_pipeline.py
[2026-09-21T01:17:43.578+0000] {processor.py:799} INFO - Processing file /opt/airflow/dags/8_mlops_pipeline.py for tasks to queue
[2026-09-21T01:17:43.583+0000] {logging_mixin.py:149} INFO - [2026-09-21T01:17:43.581+0000] {dagbag.py:541} INFO - Filling up the DagBag from /opt/airflow/dags/8_mlops_pipeline.py
[2026-09-21T01:17:43.639+0000] {processor.py:809} INFO - DAG(s) dict_keys(['8-mlops_pipeline']) retrieved from /opt/airflow/dags/8_mlops_pipeline.py
[2026-09-21T01:17:43.759+0000] {logging_mixin.py:149} INFO - [2026-09-21T01:17:43.758+0000] {dag.py:2726} INFO - Sync 1 DAGs
[2026-09-21T01:17:43.882+0000] {logging_mixin.py:149} INFO - [2026-09-21T01:17:43.882+0000] {dag.py:3490} INFO - Setting next_dagrun for 8-mlops_pipeline to None, run_after=None
[2026-09-21T01:17:43.935+0000] {processor.py:178} INFO - Processing /opt/airflow/dags/8_mlops_pipeline.py took 0.377 seconds
[2026-09-21T01:18:14.011+0000] {processor.py:156} INFO - Started process (PID=4777) to work on /opt/airflow/dags/8_mlops_pipeline.py
[2026-09-21T01:18:14.012+0000] {processor.py:799} INFO - Processing file /opt/airflow/dags/8_mlops_pipeline.py for tasks to queue
[2026-09-21T01:18:14.013+0000] {logging_mixin.py:149} INFO - [2026-09-21T01:18:14.013+0000] {dagbag.py:541} INFO - Filling up the DagBag from /opt/airflow/dags/8_mlops_pipeline.py
[2026-09-21T01:18:14.033+0000] {processor.py:809} INFO - DAG(s) dict_keys(['8-mlops_pipeline']) retrieved from /opt/airflow/dags/8_mlops_pipeline.py
[2026-09-21T01:18:14.088+0000] {logging_mixin.py:149} INFO - [2026-09-21T01:18:14.088+0000] {dag.py:2726} INFO - Sync 1 DAGs
[2026-09-21T01:18:14.126+0000] {logging_mixin.py:149} INFO - [2026-09-21T01:18:14.125+0000] {dag.py:3490} INFO - Setting next_dagrun for 8-mlops_pipeline to None, run_after=None
[2026-09-21T01:18:14.185+0000] {processor.py:178} INFO - Processing /opt/airflow/dags/8_mlops_pipeline.py took 0.183 seconds
[2026-09-21T01:18:44.323+0000] {processor.py:156} INFO - Started process (PID=4787) to work on /opt/airflow/dags/8_mlops_pipeline.py
[2026-09-21T01:18:44.325+0000] {processor.py:799} INFO - Processing file /opt/airflow/dags/8_mlops_pipeline.py for tasks to queue
[2026-09-21T01:18:44.326+0000] {logging_mixin.py:149} INFO - [2026-09-21T01:18:44.326+0000] {dagbag.py:541} INFO - Filling up the DagBag from /opt/airflow/dags/8_mlops_pipeline.py
[2026-09-21T01:18:44.344+0000] {processor.py:809} INFO - DAG(s) dict_keys(['8-mlops_pipeline']) retrieved from /opt/airflow/dags/8_mlops_pipeline.py
[2026-09-21T01:18:44.405+0000] {logging_mixin.py:149} INFO - [2026-09-21T01:18:44.404+0000] {dag.py:2726} INFO - Sync 1 DAGs
[2026-09-21T01:18:44.451+0000] {logging_mixin.py:149} INFO - [2026-09-21T01:18:44.451+0000] {dag.py:3490} INFO - Setting next_dagrun for 8-mlops_pipeline to None, run_after=None
[2026-09-21T01:18:44.488+0000] {processor.py:178} INFO - Processing /opt/airflow/dags/8_mlops_pipeline.py took 0.171 seconds
[2026-09-21T01:19:14.619+0000] {processor.py:156} INFO - Started process (PID=4797) to work on /opt/airflow/dags/8_mlops_pipeline.py
[2026-09-21T01:19:14.621+0000] {processor.py:799} INFO - Processing file /opt/airflow/dags/8_mlops_pipeline.py for tasks to queue
[2026-09-21T01:19:14.622+0000] {logging_mixin.py:149} INFO - [2026-09-21T01:19:14.621+0000] {dagbag.py:541} INFO - Filling up the DagBag from /opt/airflow/dags/8_mlops_pipeline.py
[2026-09-21T01:19:14.640+0000] {processor.py:809} INFO - DAG(s) dict_keys(['8-mlops_pipeline']) retrieved from /opt/airflow/dags/8_mlops_pipeline.py
[2026-09-21T01:19:14.689+0000] {logging_mixin.py:149} INFO - [2026-09-21T01:19:14.689+0000] {dag.py:2726} INFO - Sync 1 DAGs
[2026-09-21T01:19:14.735+0000] {logging_mixin.py:149} INFO - [2026-09-21T01:19:14.735+0000] {dag.py:3490} INFO - Setting next_dagrun for 8-mlops_pipeline to None, run_after=None
[2026-09-21T01:19:14.764+0000] {processor.py:178} INFO - Processing /opt/airflow/dags/8_mlops_pipeline.py took 0.149 seconds
[2026-09-21T01:19:44.860+0000] {processor.py:156} INFO - Started process (PID=4806) to work on /opt/airflow/dags/8_mlops_pipeline.py
[2026-09-21T01:19:44.868+0000] {processor.py:799} INFO - Processing file /opt/airflow/dags/8_mlops_pipeline.py for tasks to queue
[2026-09-21T01:19:44.873+0000] {logging_mixin.py:149} INFO - [2026-09-21T01:19:44.873+0000] {dagbag.py:541} INFO - Filling up the DagBag from /opt/airflow/dags/8_mlops_pipeline.py
[2026-09-21T01:19:44.923+0000] {processor.py:809} INFO - DAG(s) dict_keys(['8-mlops_pipeline']) retrieved from /opt/airflow/dags/8_mlops_pipeline.py
[2026-09-21T01:19:45.041+0000] {logging_mixin.py:149} INFO - [2026-09-21T01:19:45.041+0000] {dag.py:2726} INFO - Sync 1 DAGs
[2026-09-21T01:19:45.111+0000] {logging_mixin.py:149} INFO - [2026-09-21T01:19:45.111+0000] {dag.py:3490} INFO - Setting next_dagrun for 8-mlops_pipeline to None, run_after=None
[2026-09-21T01:19:45.160+0000] {processor.py:178} INFO - Processing /opt/airflow/dags/8_mlops_pipeline.py took 0.316 seconds
[2026-09-21T01:20:15.219+0000] {processor.py:156} INFO - Started process (PID=4816) to work on /opt/airflow/dags/8_mlops_pipeline.py
[2026-09-21T01:20:15.220+0000] {processor.py:799} INFO - Processing file /opt/airflow/dags/8_mlops_pipeline.py for tasks to queue
[2026-09-21T01:20:15.221+0000] {logging_mixin.py:149} INFO - [2026-09-21T01:20:15.220+0000] {dagbag.py:541} INFO - Filling up the DagBag from /opt/airflow/dags/8_mlops_pipeline.py
[2026-09-21T01:20:15.236+0000] {processor.py:809} INFO - DAG(s) dict_keys(['8-mlops_pipeline']) retrieved from /opt/airflow/dags/8_mlops_pipeline.py
[2026-09-21T01:20:15.285+0000] {logging_mixin.py:149} INFO - [2026-09-21T01:20:15.285+0000] {dag.py:2726} INFO - Sync 1 DAGs
[2026-09-21T01:20:15.322+0000] {logging_mixin.py:149} INFO - [2026-09-21T01:20:15.322+0000] {dag.py:3490} INFO - Setting next_dagrun for 8-mlops_pipeline to None, run_after=None
[2026-09-21T01:20:15.352+0000] {processor.py:178} INFO - Processing /opt/airflow/dags/8_mlops_pipeline.py took 0.138 seconds
[2026-09-21T01:20:45.552+0000] {processor.py:156} INFO - Started process (PID=4826) to work on /opt/airflow/dags/8_mlops_pipeline.py
[2026-09-21T01:20:45.555+0000] {processor.py:799} INFO - Processing file /opt/airflow/dags/8_mlops_pipeline.py for tasks to queue
[2026-09-21T01:20:45.556+0000] {logging_mixin.py:149} INFO - [2026-09-21T01:20:45.556+0000] {dagbag.py:541} INFO - Filling up the DagBag from /opt/airflow/dags/8_mlops_pipeline.py
[2026-09-21T01:20:45.574+0000] {processor.py:809} INFO - DAG(s) dict_keys(['8-mlops_pipeline']) retrieved from /opt/airflow/dags/8_mlops_pipeline.py
[2026-09-21T01:20:45.671+0000] {logging_mixin.py:149} INFO - [2026-09-21T01:20:45.670+0000] {dag.py:2726} INFO - Sync 1 DAGs
[2026-09-21T01:20:45.730+0000] {logging_mixin.py:149} INFO - [2026-09-21T01:20:45.729+0000] {dag.py:3490} INFO - Setting next_dagrun for 8-mlops_pipeline to None, run_after=None
[2026-09-21T01:20:45.806+0000] {processor.py:178} INFO - Processing /opt/airflow/dags/8_mlops_pipeline.py took 0.259 seconds
[2026-09-21T01:21:15.895+0000] {processor.py:156} INFO - Started process (PID=4836) to work on /opt/airflow/dags/8_mlops_pipeline.py
[2026-09-21T01:21:15.898+0000] {processor.py:799} INFO - Processing file /opt/airflow/dags/8_mlops_pipeline.py for tasks to queue
[2026-09-21T01:21:15.899+0000] {logging_mixin.py:149} INFO - [2026-09-21T01:21:15.899+0000] {dagbag.py:541} INFO - Filling up the DagBag from /opt/airflow/dags/8_mlops_pipeline.py
[2026-09-21T01:21:15.916+0000] {processor.py:809} INFO - DAG(s) dict_keys(['8-mlops_pipeline']) retrieved from /opt/airflow/dags/8_mlops_pipeline.py
[2026-09-21T01:21:15.982+0000] {logging_mixin.py:149} INFO - [2026-09-21T01:21:15.982+0000] {dag.py:2726} INFO - Sync 1 DAGs
[2026-09-21T01:21:16.021+0000] {logging_mixin.py:149} INFO - [2026-09-21T01:21:16.021+0000] {dag.py:3490} INFO - Setting next_dagrun for 8-mlops_pipeline to None, run_after=None
[2026-09-21T01:21:16.054+0000] {processor.py:178} INFO - Processing /opt/airflow/dags/8_mlops_pipeline.py took 0.165 seconds
[2026-09-21T01:21:46.854+0000] {processor.py:156} INFO - Started process (PID=4846) to work on /opt/airflow/dags/8_mlops_pipeline.py
[2026-09-21T01:21:46.859+0000] {processor.py:799} INFO - Processing file /opt/airflow/dags/8_mlops_pipeline.py for tasks to queue
[2026-09-21T01:21:46.860+0000] {logging_mixin.py:149} INFO - [2026-09-21T01:21:46.860+0000] {dagbag.py:541} INFO - Filling up the DagBag from /opt/airflow/dags/8_mlops_pipeline.py
[2026-09-21T01:21:46.900+0000] {processor.py:809} INFO - DAG(s) dict_keys(['8-mlops_pipeline']) retrieved from /opt/airflow/dags/8_mlops_pipeline.py
[2026-09-21T01:21:47.021+0000] {logging_mixin.py:149} INFO - [2026-09-21T01:21:47.021+0000] {dag.py:2726} INFO - Sync 1 DAGs
[2026-09-21T01:21:47.105+0000] {logging_mixin.py:149} INFO - [2026-09-21T01:21:47.104+0000] {dag.py:3490} INFO - Setting next_dagrun for 8-mlops_pipeline to None, run_after=None
[2026-09-21T01:21:47.147+0000] {processor.py:178} INFO - Processing /opt/airflow/dags/8_mlops_pipeline.py took 0.299 seconds
[2026-09-21T01:22:17.215+0000] {processor.py:156} INFO - Started process (PID=4856) to work on /opt/airflow/dags/8_mlops_pipeline.py
[2026-09-21T01:22:17.216+0000] {processor.py:799} INFO - Processing file /opt/airflow/dags/8_mlops_pipeline.py for tasks to queue
[2026-09-21T01:22:17.217+0000] {logging_mixin.py:149} INFO - [2026-09-21T01:22:17.217+0000] {dagbag.py:541} INFO - Filling up the DagBag from /opt/airflow/dags/8_mlops_pipeline.py
[2026-09-21T01:22:17.233+0000] {processor.py:809} INFO - DAG(s) dict_keys(['8-mlops_pipeline']) retrieved from /opt/airflow/dags/8_mlops_pipeline.py
[2026-09-21T01:22:17.270+0000] {logging_mixin.py:149} INFO - [2026-09-21T01:22:17.270+0000] {dag.py:2726} INFO - Sync 1 DAGs
[2026-09-21T01:22:17.308+0000] {logging_mixin.py:149} INFO - [2026-09-21T01:22:17.307+0000] {dag.py:3490} INFO - Setting next_dagrun for 8-mlops_pipeline to None, run_after=None
[2026-09-21T01:22:17.330+0000] {processor.py:178} INFO - Processing /opt/airflow/dags/8_mlops_pipeline.py took 0.120 seconds
[2026-09-21T01:22:48.130+0000] {processor.py:156} INFO - Started process (PID=4866) to work on /opt/airflow/dags/8_mlops_pipeline.py
[2026-09-21T01:22:48.138+0000] {processor.py:799} INFO - Processing file /opt/airflow/dags/8_mlops_pipeline.py for tasks to queue
[2026-09-21T01:22:48.140+0000] {logging_mixin.py:149} INFO - [2026-09-21T01:22:48.139+0000] {dagbag.py:541} INFO - Filling up the DagBag from /opt/airflow/dags/8_mlops_pipeline.py
[2026-09-21T01:22:48.170+0000] {processor.py:809} INFO - DAG(s) dict_keys(['8-mlops_pipeline']) retrieved from /opt/airflow/dags/8_mlops_pipeline.py
[2026-09-21T01:22:48.272+0000] {logging_mixin.py:149} INFO - [2026-09-21T01:22:48.272+0000] {dag.py:2726} INFO - Sync 1 DAGs
[2026-09-21T01:22:48.342+0000] {logging_mixin.py:149} INFO - [2026-09-21T01:22:48.342+0000] {dag.py:3490} INFO - Setting next_dagrun for 8-mlops_pipeline to None, run_after=None
[2026-09-21T01:22:48.382+0000] {processor.py:178} INFO - Processing /opt/airflow/dags/8_mlops_pipeline.py took 0.261 seconds
[2026-09-21T01:23:18.513+0000] {processor.py:156} INFO - Started process (PID=4876) to work on /opt/airflow/dags/8_mlops_pipeline.py
[2026-09-21T01:23:18.514+0000] {processor.py:799} INFO - Processing file /opt/airflow/dags/8_mlops_pipeline.py for tasks to queue
[2026-09-21T01:23:18.515+0000] {logging_mixin.py:149} INFO - [2026-09-21T01:23:18.515+0000] {dagbag.py:541} INFO - Filling up the DagBag from /opt/airflow/dags/8_mlops_pipeline.py
[2026-09-21T01:23:18.536+0000] {processor.py:809} INFO - DAG(s) dict_keys(['8-mlops_pipeline']) retrieved from /opt/airflow/dags/8_mlops_pipeline.py
[2026-09-21T01:23:18.597+0000] {logging_mixin.py:149} INFO - [2026-09-21T01:23:18.597+0000] {dag.py:2726} INFO - Sync 1 DAGs
[2026-09-21T01:23:18.659+0000] {logging_mixin.py:149} INFO - [2026-09-21T01:23:18.659+0000] {dag.py:3490} INFO - Setting next_dagrun for 8-mlops_pipeline to None, run_after=None
[2026-09-21T01:23:18.723+0000] {processor.py:178} INFO - Processing /opt/airflow/dags/8_mlops_pipeline.py took 0.220 seconds
[2026-09-21T01:23:48.855+0000] {processor.py:156} INFO - Started process (PID=4886) to work on /opt/airflow/dags/8_mlops_pipeline.py
[2026-09-21T01:23:48.859+0000] {processor.py:799} INFO - Processing file /opt/airflow/dags/8_mlops_pipeline.py for tasks to queue
[2026-09-21T01:23:48.860+0000] {logging_mixin.py:149} INFO - [2026-09-21T01:23:48.859+0000] {dagbag.py:541} INFO - Filling up the DagBag from /opt/airflow/dags/8_mlops_pipeline.py
[2026-09-21T01:23:48.878+0000] {processor.py:809} INFO - DAG(s) dict_keys(['8-mlops_pipeline']) retrieved from /opt/airflow/dags/8_mlops_pipeline.py
[2026-09-21T01:23:48.954+0000] {logging_mixin.py:149} INFO - [2026-09-21T01:23:48.954+0000] {dag.py:2726} INFO - Sync 1 DAGs
[2026-09-21T01:23:49.031+0000] {logging_mixin.py:149} INFO - [2026-09-21T01:23:49.030+0000] {dag.py:3490} INFO - Setting next_dagrun for 8-mlops_pipeline to None, run_after=None
[2026-09-21T01:23:49.078+0000] {processor.py:178} INFO - Processing /opt/airflow/dags/8_mlops_pipeline.py took 0.230 seconds
[2026-09-21T01:24:19.246+0000] {processor.py:156} INFO - Started process (PID=4896) to work on /opt/airflow/dags/8_mlops_pipeline.py
[2026-09-21T01:24:19.251+0000] {processor.py:799} INFO - Processing file /opt/airflow/dags/8_mlops_pipeline.py for tasks to queue
[2026-09-21T01:24:19.252+0000] {logging_mixin.py:149} INFO - [2026-09-21T01:24:19.252+0000] {dagbag.py:541} INFO - Filling up the DagBag from /opt/airflow/dags/8_mlops_pipeline.py
[2026-09-21T01:24:19.284+0000] {processor.py:809} INFO - DAG(s) dict_keys(['8-mlops_pipeline']) retrieved from /opt/airflow/dags/8_mlops_pipeline.py
[2026-09-21T01:24:19.367+0000] {logging_mixin.py:149} INFO - [2026-09-21T01:24:19.367+0000] {dag.py:2726} INFO - Sync 1 DAGs
[2026-09-21T01:24:19.422+0000] {logging_mixin.py:149} INFO - [2026-09-21T01:24:19.422+0000] {dag.py:3490} INFO - Setting next_dagrun for 8-mlops_pipeline to None, run_after=None
[2026-09-21T01:24:19.478+0000] {processor.py:178} INFO - Processing /opt/airflow/dags/8_mlops_pipeline.py took 0.240 seconds
[2026-09-21T01:24:50.157+0000] {processor.py:156} INFO - Started process (PID=4906) to work on /opt/airflow/dags/8_mlops_pipeline.py
[2026-09-21T01:24:50.163+0000] {processor.py:799} INFO - Processing file /opt/airflow/dags/8_mlops_pipeline.py for tasks to queue
[2026-09-21T01:24:50.168+0000] {logging_mixin.py:149} INFO - [2026-09-21T01:24:50.167+0000] {dagbag.py:541} INFO - Filling up the DagBag from /opt/airflow/dags/8_mlops_pipeline.py
[2026-09-21T01:24:50.222+0000] {processor.py:809} INFO - DAG(s) dict_keys(['8-mlops_pipeline']) retrieved from /opt/airflow/dags/8_mlops_pipeline.py
[2026-09-21T01:24:50.309+0000] {logging_mixin.py:149} INFO - [2026-09-21T01:24:50.309+0000] {dag.py:2726} INFO - Sync 1 DAGs
[2026-09-21T01:24:50.355+0000] {logging_mixin.py:149} INFO - [2026-09-21T01:24:50.355+0000] {dag.py:3490} INFO - Setting next_dagrun for 8-mlops_pipeline to None, run_after=None
[2026-09-21T01:24:50.390+0000] {processor.py:178} INFO - Processing /opt/airflow/dags/8_mlops_pipeline.py took 0.245 seconds
[2026-09-21T01:25:21.074+0000] {processor.py:156} INFO - Started process (PID=4916) to work on /opt/airflow/dags/8_mlops_pipeline.py
[2026-09-21T01:25:21.075+0000] {processor.py:799} INFO - Processing file /opt/airflow/dags/8_mlops_pipeline.py for tasks to queue
[2026-09-21T01:25:21.077+0000] {logging_mixin.py:149} INFO - [2026-09-21T01:25:21.076+0000] {dagbag.py:541} INFO - Filling up the DagBag from /opt/airflow/dags/8_mlops_pipeline.py
[2026-09-21T01:25:21.142+0000] {processor.py:809} INFO - DAG(s) dict_keys(['8-mlops_pipeline']) retrieved from /opt/airflow/dags/8_mlops_pipeline.py
[2026-09-21T01:25:21.290+0000] {logging_mixin.py:149} INFO - [2026-09-21T01:25:21.289+0000] {dag.py:2726} INFO - Sync 1 DAGs
[2026-09-21T01:25:21.396+0000] {logging_mixin.py:149} INFO - [2026-09-21T01:25:21.396+0000] {dag.py:3490} INFO - Setting next_dagrun for 8-mlops_pipeline to None, run_after=None
[2026-09-21T01:25:21.492+0000] {processor.py:178} INFO - Processing /opt/airflow/dags/8_mlops_pipeline.py took 0.430 seconds
[2026-09-21T01:25:51.678+0000] {processor.py:156} INFO - Started process (PID=4927) to work on /opt/airflow/dags/8_mlops_pipeline.py
[2026-09-21T01:25:51.680+0000] {processor.py:799} INFO - Processing file /opt/airflow/dags/8_mlops_pipeline.py for tasks to queue
[2026-09-21T01:25:51.681+0000] {logging_mixin.py:149} INFO - [2026-09-21T01:25:51.680+0000] {dagbag.py:541} INFO - Filling up the DagBag from /opt/airflow/dags/8_mlops_pipeline.py
[2026-09-21T01:25:51.698+0000] {processor.py:809} INFO - DAG(s) dict_keys(['8-mlops_pipeline']) retrieved from /opt/airflow/dags/8_mlops_pipeline.py
[2026-09-21T01:25:51.774+0000] {logging_mixin.py:149} INFO - [2026-09-21T01:25:51.774+0000] {dag.py:2726} INFO - Sync 1 DAGs
[2026-09-21T01:25:51.832+0000] {logging_mixin.py:149} INFO - [2026-09-21T01:25:51.831+0000] {dag.py:3490} INFO - Setting next_dagrun for 8-mlops_pipeline to None, run_after=None
[2026-09-21T01:25:51.889+0000] {processor.py:178} INFO - Processing /opt/airflow/dags/8_mlops_pipeline.py took 0.217 seconds
[2026-09-21T01:26:22.026+0000] {processor.py:156} INFO - Started process (PID=4937) to work on /opt/airflow/dags/8_mlops_pipeline.py
[2026-09-21T01:26:22.028+0000] {processor.py:799} INFO - Processing file /opt/airflow/dags/8_mlops_pipeline.py for tasks to queue
[2026-09-21T01:26:22.031+0000] {logging_mixin.py:149} INFO - [2026-09-21T01:26:22.031+0000] {dagbag.py:541} INFO - Filling up the DagBag from /opt/airflow/dags/8_mlops_pipeline.py
[2026-09-21T01:26:22.053+0000] {processor.py:809} INFO - DAG(s) dict_keys(['8-mlops_pipeline']) retrieved from /opt/airflow/dags/8_mlops_pipeline.py
[2026-09-21T01:26:22.112+0000] {logging_mixin.py:149} INFO - [2026-09-21T01:26:22.112+0000] {dag.py:2726} INFO - Sync 1 DAGs
[2026-09-21T01:26:22.180+0000] {logging_mixin.py:149} INFO - [2026-09-21T01:26:22.180+0000] {dag.py:3490} INFO - Setting next_dagrun for 8-mlops_pipeline to None, run_after=None
[2026-09-21T01:26:22.211+0000] {processor.py:178} INFO - Processing /opt/airflow/dags/8_mlops_pipeline.py took 0.194 seconds
[2026-09-21T01:26:52.358+0000] {processor.py:156} INFO - Started process (PID=4947) to work on /opt/airflow/dags/8_mlops_pipeline.py
[2026-09-21T01:26:52.360+0000] {processor.py:799} INFO - Processing file /opt/airflow/dags/8_mlops_pipeline.py for tasks to queue
[2026-09-21T01:26:52.361+0000] {logging_mixin.py:149} INFO - [2026-09-21T01:26:52.360+0000] {dagbag.py:541} INFO - Filling up the DagBag from /opt/airflow/dags/8_mlops_pipeline.py
[2026-09-21T01:26:52.382+0000] {processor.py:809} INFO - DAG(s) dict_keys(['8-mlops_pipeline']) retrieved from /opt/airflow/dags/8_mlops_pipeline.py
[2026-09-21T01:26:52.431+0000] {logging_mixin.py:149} INFO - [2026-09-21T01:26:52.430+0000] {dag.py:2726} INFO - Sync 1 DAGs
[2026-09-21T01:26:52.475+0000] {logging_mixin.py:149} INFO - [2026-09-21T01:26:52.475+0000] {dag.py:3490} INFO - Setting next_dagrun for 8-mlops_pipeline to None, run_after=None
[2026-09-21T01:26:52.515+0000] {processor.py:178} INFO - Processing /opt/airflow/dags/8_mlops_pipeline.py took 0.166 seconds
[2026-09-21T01:27:22.707+0000] {processor.py:156} INFO - Started process (PID=4956) to work on /opt/airflow/dags/8_mlops_pipeline.py
[2026-09-21T01:27:22.715+0000] {processor.py:799} INFO - Processing file /opt/airflow/dags/8_mlops_pipeline.py for tasks to queue
[2026-09-21T01:27:22.717+0000] {logging_mixin.py:149} INFO - [2026-09-21T01:27:22.716+0000] {dagbag.py:541} INFO - Filling up the DagBag from /opt/airflow/dags/8_mlops_pipeline.py
[2026-09-21T01:27:22.764+0000] {processor.py:809} INFO - DAG(s) dict_keys(['8-mlops_pipeline']) retrieved from /opt/airflow/dags/8_mlops_pipeline.py
[2026-09-21T01:27:22.896+0000] {logging_mixin.py:149} INFO - [2026-09-21T01:27:22.896+0000] {dag.py:2726} INFO - Sync 1 DAGs
[2026-09-21T01:27:23.014+0000] {logging_mixin.py:149} INFO - [2026-09-21T01:27:23.013+0000] {dag.py:3490} INFO - Setting next_dagrun for 8-mlops_pipeline to None, run_after=None
[2026-09-21T01:27:23.110+0000] {processor.py:178} INFO - Processing /opt/airflow/dags/8_mlops_pipeline.py took 0.411 seconds
[2026-09-21T01:27:53.843+0000] {processor.py:156} INFO - Started process (PID=4968) to work on /opt/airflow/dags/8_mlops_pipeline.py
[2026-09-21T01:27:53.846+0000] {processor.py:799} INFO - Processing file /opt/airflow/dags/8_mlops_pipeline.py for tasks to queue
[2026-09-21T01:27:53.849+0000] {logging_mixin.py:149} INFO - [2026-09-21T01:27:53.847+0000] {dagbag.py:541} INFO - Filling up the DagBag from /opt/airflow/dags/8_mlops_pipeline.py
[2026-09-21T01:27:53.869+0000] {processor.py:809} INFO - DAG(s) dict_keys(['8-mlops_pipeline']) retrieved from /opt/airflow/dags/8_mlops_pipeline.py
[2026-09-21T01:27:53.921+0000] {logging_mixin.py:149} INFO - [2026-09-21T01:27:53.920+0000] {dag.py:2726} INFO - Sync 1 DAGs
[2026-09-21T01:27:53.963+0000] {logging_mixin.py:149} INFO - [2026-09-21T01:27:53.963+0000] {dag.py:3490} INFO - Setting next_dagrun for 8-mlops_pipeline to None, run_after=None
[2026-09-21T01:27:54.010+0000] {processor.py:178} INFO - Processing /opt/airflow/dags/8_mlops_pipeline.py took 0.173 seconds
[2026-09-21T01:28:24.980+0000] {processor.py:156} INFO - Started process (PID=4978) to work on /opt/airflow/dags/8_mlops_pipeline.py
[2026-09-21T01:28:24.985+0000] {processor.py:799} INFO - Processing file /opt/airflow/dags/8_mlops_pipeline.py for tasks to queue
[2026-09-21T01:28:24.986+0000] {logging_mixin.py:149} INFO - [2026-09-21T01:28:24.986+0000] {dagbag.py:541} INFO - Filling up the DagBag from /opt/airflow/dags/8_mlops_pipeline.py
[2026-09-21T01:28:25.011+0000] {processor.py:809} INFO - DAG(s) dict_keys(['8-mlops_pipeline']) retrieved from /opt/airflow/dags/8_mlops_pipeline.py
[2026-09-21T01:28:25.122+0000] {logging_mixin.py:149} INFO - [2026-09-21T01:28:25.122+0000] {dag.py:2726} INFO - Sync 1 DAGs
[2026-09-21T01:28:25.203+0000] {logging_mixin.py:149} INFO - [2026-09-21T01:28:25.203+0000] {dag.py:3490} INFO - Setting next_dagrun for 8-mlops_pipeline to None, run_after=None
[2026-09-21T01:28:25.259+0000] {processor.py:178} INFO - Processing /opt/airflow/dags/8_mlops_pipeline.py took 0.287 seconds
[2026-09-21T01:28:55.349+0000] {processor.py:156} INFO - Started process (PID=4988) to work on /opt/airflow/dags/8_mlops_pipeline.py
[2026-09-21T01:28:55.350+0000] {processor.py:799} INFO - Processing file /opt/airflow/dags/8_mlops_pipeline.py for tasks to queue
[2026-09-21T01:28:55.351+0000] {logging_mixin.py:149} INFO - [2026-09-21T01:28:55.351+0000] {dagbag.py:541} INFO - Filling up the DagBag from /opt/airflow/dags/8_mlops_pipeline.py
[2026-09-21T01:28:55.372+0000] {processor.py:809} INFO - DAG(s) dict_keys(['8-mlops_pipeline']) retrieved from /opt/airflow/dags/8_mlops_pipeline.py
[2026-09-21T01:28:55.422+0000] {logging_mixin.py:149} INFO - [2026-09-21T01:28:55.422+0000] {dag.py:2726} INFO - Sync 1 DAGs
[2026-09-21T01:28:55.459+0000] {logging_mixin.py:149} INFO - [2026-09-21T01:28:55.459+0000] {dag.py:3490} INFO - Setting next_dagrun for 8-mlops_pipeline to None, run_after=None
[2026-09-21T01:28:55.494+0000] {processor.py:178} INFO - Processing /opt/airflow/dags/8_mlops_pipeline.py took 0.154 seconds
[2026-09-21T01:29:25.643+0000] {processor.py:156} INFO - Started process (PID=4998) to work on /opt/airflow/dags/8_mlops_pipeline.py
[2026-09-21T01:29:25.647+0000] {processor.py:799} INFO - Processing file /opt/airflow/dags/8_mlops_pipeline.py for tasks to queue
[2026-09-21T01:29:25.650+0000] {logging_mixin.py:149} INFO - [2026-09-21T01:29:25.649+0000] {dagbag.py:541} INFO - Filling up the DagBag from /opt/airflow/dags/8_mlops_pipeline.py
[2026-09-21T01:29:25.690+0000] {processor.py:809} INFO - DAG(s) dict_keys(['8-mlops_pipeline']) retrieved from /opt/airflow/dags/8_mlops_pipeline.py
[2026-09-21T01:29:25.812+0000] {logging_mixin.py:149} INFO - [2026-09-21T01:29:25.811+0000] {dag.py:2726} INFO - Sync 1 DAGs
[2026-09-21T01:29:25.897+0000] {logging_mixin.py:149} INFO - [2026-09-21T01:29:25.896+0000] {dag.py:3490} INFO - Setting next_dagrun for 8-mlops_pipeline to None, run_after=None
[2026-09-21T01:29:25.956+0000] {processor.py:178} INFO - Processing /opt/airflow/dags/8_mlops_pipeline.py took 0.331 seconds
[2026-09-21T01:29:56.134+0000] {processor.py:156} INFO - Started process (PID=5008) to work on /opt/airflow/dags/8_mlops_pipeline.py
[2026-09-21T01:29:56.138+0000] {processor.py:799} INFO - Processing file /opt/airflow/dags/8_mlops_pipeline.py for tasks to queue
[2026-09-21T01:29:56.139+0000] {logging_mixin.py:149} INFO - [2026-09-21T01:29:56.139+0000] {dagbag.py:541} INFO - Filling up the DagBag from /opt/airflow/dags/8_mlops_pipeline.py
[2026-09-21T01:29:56.164+0000] {processor.py:809} INFO - DAG(s) dict_keys(['8-mlops_pipeline']) retrieved from /opt/airflow/dags/8_mlops_pipeline.py
[2026-09-21T01:29:56.264+0000] {logging_mixin.py:149} INFO - [2026-09-21T01:29:56.263+0000] {dag.py:2726} INFO - Sync 1 DAGs
[2026-09-21T01:29:56.341+0000] {logging_mixin.py:149} INFO - [2026-09-21T01:29:56.340+0000] {dag.py:3490} INFO - Setting next_dagrun for 8-mlops_pipeline to None, run_after=None
[2026-09-21T01:29:56.400+0000] {processor.py:178} INFO - Processing /opt/airflow/dags/8_mlops_pipeline.py took 0.272 seconds
[2026-09-21T01:30:27.224+0000] {processor.py:156} INFO - Started process (PID=5018) to work on /opt/airflow/dags/8_mlops_pipeline.py
[2026-09-21T01:30:27.233+0000] {processor.py:799} INFO - Processing file /opt/airflow/dags/8_mlops_pipeline.py for tasks to queue
[2026-09-21T01:30:27.234+0000] {logging_mixin.py:149} INFO - [2026-09-21T01:30:27.234+0000] {dagbag.py:541} INFO - Filling up the DagBag from /opt/airflow/dags/8_mlops_pipeline.py
[2026-09-21T01:30:27.258+0000] {processor.py:809} INFO - DAG(s) dict_keys(['8-mlops_pipeline']) retrieved from /opt/airflow/dags/8_mlops_pipeline.py
[2026-09-21T01:30:27.356+0000] {logging_mixin.py:149} INFO - [2026-09-21T01:30:27.356+0000] {dag.py:2726} INFO - Sync 1 DAGs
[2026-09-21T01:30:27.410+0000] {logging_mixin.py:149} INFO - [2026-09-21T01:30:27.410+0000] {dag.py:3490} INFO - Setting next_dagrun for 8-mlops_pipeline to None, run_after=None
[2026-09-21T01:30:27.442+0000] {processor.py:178} INFO - Processing /opt/airflow/dags/8_mlops_pipeline.py took 0.223 seconds
[2026-09-21T01:30:57.650+0000] {processor.py:156} INFO - Started process (PID=5028) to work on /opt/airflow/dags/8_mlops_pipeline.py
[2026-09-21T01:30:57.654+0000] {processor.py:799} INFO - Processing file /opt/airflow/dags/8_mlops_pipeline.py for tasks to queue
[2026-09-21T01:30:57.655+0000] {logging_mixin.py:149} INFO - [2026-09-21T01:30:57.655+0000] {dagbag.py:541} INFO - Filling up the DagBag from /opt/airflow/dags/8_mlops_pipeline.py
[2026-09-21T01:30:57.676+0000] {processor.py:809} INFO - DAG(s) dict_keys(['8-mlops_pipeline']) retrieved from /opt/airflow/dags/8_mlops_pipeline.py
[2026-09-21T01:30:57.785+0000] {logging_mixin.py:149} INFO - [2026-09-21T01:30:57.784+0000] {dag.py:2726} INFO - Sync 1 DAGs
[2026-09-21T01:30:57.871+0000] {logging_mixin.py:149} INFO - [2026-09-21T01:30:57.871+0000] {dag.py:3490} INFO - Setting next_dagrun for 8-mlops_pipeline to None, run_after=None
[2026-09-21T01:30:57.927+0000] {processor.py:178} INFO - Processing /opt/airflow/dags/8_mlops_pipeline.py took 0.285 seconds
[2026-09-21T01:31:28.787+0000] {processor.py:156} INFO - Started process (PID=5038) to work on /opt/airflow/dags/8_mlops_pipeline.py
[2026-09-21T01:31:28.795+0000] {processor.py:799} INFO - Processing file /opt/airflow/dags/8_mlops_pipeline.py for tasks to queue
[2026-09-21T01:31:28.796+0000] {logging_mixin.py:149} INFO - [2026-09-21T01:31:28.796+0000] {dagbag.py:541} INFO - Filling up the DagBag from /opt/airflow/dags/8_mlops_pipeline.py
[2026-09-21T01:31:28.826+0000] {processor.py:809} INFO - DAG(s) dict_keys(['8-mlops_pipeline']) retrieved from /opt/airflow/dags/8_mlops_pipeline.py
[2026-09-21T01:31:28.909+0000] {logging_mixin.py:149} INFO - [2026-09-21T01:31:28.908+0000] {dag.py:2726} INFO - Sync 1 DAGs
[2026-09-21T01:31:28.957+0000] {logging_mixin.py:149} INFO - [2026-09-21T01:31:28.956+0000] {dag.py:3490} INFO - Setting next_dagrun for 8-mlops_pipeline to None, run_after=None
[2026-09-21T01:31:28.985+0000] {processor.py:178} INFO - Processing /opt/airflow/dags/8_mlops_pipeline.py took 0.204 seconds
[2026-09-21T01:31:59.392+0000] {processor.py:156} INFO - Started process (PID=5048) to work on /opt/airflow/dags/8_mlops_pipeline.py
[2026-09-21T01:31:59.399+0000] {processor.py:799} INFO - Processing file /opt/airflow/dags/8_mlops_pipeline.py for tasks to queue
[2026-09-21T01:31:59.402+0000] {logging_mixin.py:149} INFO - [2026-09-21T01:31:59.399+0000] {dagbag.py:541} INFO - Filling up the DagBag from /opt/airflow/dags/8_mlops_pipeline.py
[2026-09-21T01:31:59.430+0000] {processor.py:809} INFO - DAG(s) dict_keys(['8-mlops_pipeline']) retrieved from /opt/airflow/dags/8_mlops_pipeline.py
[2026-09-21T01:31:59.488+0000] {logging_mixin.py:149} INFO - [2026-09-21T01:31:59.487+0000] {dag.py:2726} INFO - Sync 1 DAGs
[2026-09-21T01:31:59.580+0000] {logging_mixin.py:149} INFO - [2026-09-21T01:31:59.579+0000] {dag.py:3490} INFO - Setting next_dagrun for 8-mlops_pipeline to None, run_after=None
[2026-09-21T01:31:59.635+0000] {processor.py:178} INFO - Processing /opt/airflow/dags/8_mlops_pipeline.py took 0.249 seconds
[2026-09-21T01:32:29.898+0000] {processor.py:156} INFO - Started process (PID=5059) to work on /opt/airflow/dags/8_mlops_pipeline.py
[2026-09-21T01:32:29.909+0000] {processor.py:799} INFO - Processing file /opt/airflow/dags/8_mlops_pipeline.py for tasks to queue
[2026-09-21T01:32:29.910+0000] {logging_mixin.py:149} INFO - [2026-09-21T01:32:29.910+0000] {dagbag.py:541} INFO - Filling up the DagBag from /opt/airflow/dags/8_mlops_pipeline.py
[2026-09-21T01:32:29.970+0000] {processor.py:809} INFO - DAG(s) dict_keys(['8-mlops_pipeline']) retrieved from /opt/airflow/dags/8_mlops_pipeline.py
[2026-09-21T01:32:30.061+0000] {logging_mixin.py:149} INFO - [2026-09-21T01:32:30.061+0000] {dag.py:2726} INFO - Sync 1 DAGs
[2026-09-21T01:32:30.108+0000] {logging_mixin.py:149} INFO - [2026-09-21T01:32:30.108+0000] {dag.py:3490} INFO - Setting next_dagrun for 8-mlops_pipeline to None, run_after=None
[2026-09-21T01:32:30.151+0000] {processor.py:178} INFO - Processing /opt/airflow/dags/8_mlops_pipeline.py took 0.261 seconds
[2026-09-21T01:33:00.979+0000] {processor.py:156} INFO - Started process (PID=5069) to work on /opt/airflow/dags/8_mlops_pipeline.py
[2026-09-21T01:33:00.988+0000] {processor.py:799} INFO - Processing file /opt/airflow/dags/8_mlops_pipeline.py for tasks to queue
[2026-09-21T01:33:00.989+0000] {logging_mixin.py:149} INFO - [2026-09-21T01:33:00.989+0000] {dagbag.py:541} INFO - Filling up the DagBag from /opt/airflow/dags/8_mlops_pipeline.py
[2026-09-21T01:33:01.028+0000] {processor.py:809} INFO - DAG(s) dict_keys(['8-mlops_pipeline']) retrieved from /opt/airflow/dags/8_mlops_pipeline.py
[2026-09-21T01:33:01.118+0000] {logging_mixin.py:149} INFO - [2026-09-21T01:33:01.117+0000] {dag.py:2726} INFO - Sync 1 DAGs
[2026-09-21T01:33:01.182+0000] {logging_mixin.py:149} INFO - [2026-09-21T01:33:01.181+0000] {dag.py:3490} INFO - Setting next_dagrun for 8-mlops_pipeline to None, run_after=None
[2026-09-21T01:33:01.212+0000] {processor.py:178} INFO - Processing /opt/airflow/dags/8_mlops_pipeline.py took 0.239 seconds
[2026-09-21T01:33:31.264+0000] {processor.py:156} INFO - Started process (PID=5079) to work on /opt/airflow/dags/8_mlops_pipeline.py
[2026-09-21T01:33:31.266+0000] {processor.py:799} INFO - Processing file /opt/airflow/dags/8_mlops_pipeline.py for tasks to queue
[2026-09-21T01:33:31.268+0000] {logging_mixin.py:149} INFO - [2026-09-21T01:33:31.268+0000] {dagbag.py:541} INFO - Filling up the DagBag from /opt/airflow/dags/8_mlops_pipeline.py
[2026-09-21T01:33:31.292+0000] {processor.py:809} INFO - DAG(s) dict_keys(['8-mlops_pipeline']) retrieved from /opt/airflow/dags/8_mlops_pipeline.py
[2026-09-21T01:33:31.378+0000] {logging_mixin.py:149} INFO - [2026-09-21T01:33:31.377+0000] {dag.py:2726} INFO - Sync 1 DAGs
[2026-09-21T01:33:31.438+0000] {logging_mixin.py:149} INFO - [2026-09-21T01:33:31.438+0000] {dag.py:3490} INFO - Setting next_dagrun for 8-mlops_pipeline to None, run_after=None
[2026-09-21T01:33:31.465+0000] {processor.py:178} INFO - Processing /opt/airflow/dags/8_mlops_pipeline.py took 0.210 seconds
[2026-09-21T01:34:01.727+0000] {processor.py:156} INFO - Started process (PID=5090) to work on /opt/airflow/dags/8_mlops_pipeline.py
[2026-09-21T01:34:01.730+0000] {processor.py:799} INFO - Processing file /opt/airflow/dags/8_mlops_pipeline.py for tasks to queue
[2026-09-21T01:34:01.731+0000] {logging_mixin.py:149} INFO - [2026-09-21T01:34:01.731+0000] {dagbag.py:541} INFO - Filling up the DagBag from /opt/airflow/dags/8_mlops_pipeline.py
[2026-09-21T01:34:01.761+0000] {processor.py:809} INFO - DAG(s) dict_keys(['8-mlops_pipeline']) retrieved from /opt/airflow/dags/8_mlops_pipeline.py
[2026-09-21T01:34:01.850+0000] {logging_mixin.py:149} INFO - [2026-09-21T01:34:01.850+0000] {dag.py:2726} INFO - Sync 1 DAGs
[2026-09-21T01:34:01.897+0000] {logging_mixin.py:149} INFO - [2026-09-21T01:34:01.897+0000] {dag.py:3490} INFO - Setting next_dagrun for 8-mlops_pipeline to None, run_after=None
[2026-09-21T01:34:01.946+0000] {processor.py:178} INFO - Processing /opt/airflow/dags/8_mlops_pipeline.py took 0.227 seconds
[2026-09-21T01:34:32.078+0000] {processor.py:156} INFO - Started process (PID=5100) to work on /opt/airflow/dags/8_mlops_pipeline.py
[2026-09-21T01:34:32.080+0000] {processor.py:799} INFO - Processing file /opt/airflow/dags/8_mlops_pipeline.py for tasks to queue
[2026-09-21T01:34:32.081+0000] {logging_mixin.py:149} INFO - [2026-09-21T01:34:32.081+0000] {dagbag.py:541} INFO - Filling up the DagBag from /opt/airflow/dags/8_mlops_pipeline.py
[2026-09-21T01:34:32.110+0000] {processor.py:809} INFO - DAG(s) dict_keys(['8-mlops_pipeline']) retrieved from /opt/airflow/dags/8_mlops_pipeline.py
[2026-09-21T01:34:32.210+0000] {logging_mixin.py:149} INFO - [2026-09-21T01:34:32.209+0000] {dag.py:2726} INFO - Sync 1 DAGs
[2026-09-21T01:34:32.277+0000] {logging_mixin.py:149} INFO - [2026-09-21T01:34:32.277+0000] {dag.py:3490} INFO - Setting next_dagrun for 8-mlops_pipeline to None, run_after=None
[2026-09-21T01:34:32.334+0000] {processor.py:178} INFO - Processing /opt/airflow/dags/8_mlops_pipeline.py took 0.266 seconds
[2026-09-21T01:35:02.487+0000] {processor.py:156} INFO - Started process (PID=5110) to work on /opt/airflow/dags/8_mlops_pipeline.py
[2026-09-21T01:35:02.489+0000] {processor.py:799} INFO - Processing file /opt/airflow/dags/8_mlops_pipeline.py for tasks to queue
[2026-09-21T01:35:02.491+0000] {logging_mixin.py:149} INFO - [2026-09-21T01:35:02.490+0000] {dagbag.py:541} INFO - Filling up the DagBag from /opt/airflow/dags/8_mlops_pipeline.py
[2026-09-21T01:35:02.518+0000] {processor.py:809} INFO - DAG(s) dict_keys(['8-mlops_pipeline']) retrieved from /opt/airflow/dags/8_mlops_pipeline.py
[2026-09-21T01:35:02.584+0000] {logging_mixin.py:149} INFO - [2026-09-21T01:35:02.583+0000] {dag.py:2726} INFO - Sync 1 DAGs
[2026-09-21T01:35:02.619+0000] {logging_mixin.py:149} INFO - [2026-09-21T01:35:02.619+0000] {dag.py:3490} INFO - Setting next_dagrun for 8-mlops_pipeline to None, run_after=None
[2026-09-21T01:35:02.647+0000] {processor.py:178} INFO - Processing /opt/airflow/dags/8_mlops_pipeline.py took 0.169 seconds
[2026-09-21T01:35:32.701+0000] {processor.py:156} INFO - Started process (PID=5119) to work on /opt/airflow/dags/8_mlops_pipeline.py
[2026-09-21T01:35:32.702+0000] {processor.py:799} INFO - Processing file /opt/airflow/dags/8_mlops_pipeline.py for tasks to queue
[2026-09-21T01:35:32.703+0000] {logging_mixin.py:149} INFO - [2026-09-21T01:35:32.703+0000] {dagbag.py:541} INFO - Filling up the DagBag from /opt/airflow/dags/8_mlops_pipeline.py
[2026-09-21T01:35:32.754+0000] {processor.py:809} INFO - DAG(s) dict_keys(['8-mlops_pipeline']) retrieved from /opt/airflow/dags/8_mlops_pipeline.py
[2026-09-21T01:35:32.828+0000] {logging_mixin.py:149} INFO - [2026-09-21T01:35:32.828+0000] {dag.py:2726} INFO - Sync 1 DAGs
[2026-09-21T01:35:32.879+0000] {logging_mixin.py:149} INFO - [2026-09-21T01:35:32.878+0000] {dag.py:3490} INFO - Setting next_dagrun for 8-mlops_pipeline to None, run_after=None
[2026-09-21T01:35:32.918+0000] {processor.py:178} INFO - Processing /opt/airflow/dags/8_mlops_pipeline.py took 0.225 seconds
[2026-09-21T01:36:03.821+0000] {processor.py:156} INFO - Started process (PID=5129) to work on /opt/airflow/dags/8_mlops_pipeline.py
[2026-09-21T01:36:03.824+0000] {processor.py:799} INFO - Processing file /opt/airflow/dags/8_mlops_pipeline.py for tasks to queue
[2026-09-21T01:36:03.826+0000] {logging_mixin.py:149} INFO - [2026-09-21T01:36:03.826+0000] {dagbag.py:541} INFO - Filling up the DagBag from /opt/airflow/dags/8_mlops_pipeline.py
[2026-09-21T01:36:03.857+0000] {processor.py:809} INFO - DAG(s) dict_keys(['8-mlops_pipeline']) retrieved from /opt/airflow/dags/8_mlops_pipeline.py
[2026-09-21T01:36:03.969+0000] {logging_mixin.py:149} INFO - [2026-09-21T01:36:03.968+0000] {dag.py:2726} INFO - Sync 1 DAGs
[2026-09-21T01:36:04.022+0000] {logging_mixin.py:149} INFO - [2026-09-21T01:36:04.022+0000] {dag.py:3490} INFO - Setting next_dagrun for 8-mlops_pipeline to None, run_after=None
[2026-09-21T01:36:04.054+0000] {processor.py:178} INFO - Processing /opt/airflow/dags/8_mlops_pipeline.py took 0.247 seconds
[2026-09-21T01:36:34.379+0000] {processor.py:156} INFO - Started process (PID=5139) to work on /opt/airflow/dags/8_mlops_pipeline.py
[2026-09-21T01:36:34.381+0000] {processor.py:799} INFO - Processing file /opt/airflow/dags/8_mlops_pipeline.py for tasks to queue
[2026-09-21T01:36:34.382+0000] {logging_mixin.py:149} INFO - [2026-09-21T01:36:34.382+0000] {dagbag.py:541} INFO - Filling up the DagBag from /opt/airflow/dags/8_mlops_pipeline.py
[2026-09-21T01:36:34.438+0000] {processor.py:809} INFO - DAG(s) dict_keys(['8-mlops_pipeline']) retrieved from /opt/airflow/dags/8_mlops_pipeline.py
[2026-09-21T01:36:34.548+0000] {logging_mixin.py:149} INFO - [2026-09-21T01:36:34.547+0000] {dag.py:2726} INFO - Sync 1 DAGs
[2026-09-21T01:36:34.624+0000] {logging_mixin.py:149} INFO - [2026-09-21T01:36:34.624+0000] {dag.py:3490} INFO - Setting next_dagrun for 8-mlops_pipeline to None, run_after=None
[2026-09-21T01:36:34.669+0000] {processor.py:178} INFO - Processing /opt/airflow/dags/8_mlops_pipeline.py took 0.297 seconds
[2026-09-21T01:37:04.725+0000] {processor.py:156} INFO - Started process (PID=5149) to work on /opt/airflow/dags/8_mlops_pipeline.py
[2026-09-21T01:37:04.727+0000] {processor.py:799} INFO - Processing file /opt/airflow/dags/8_mlops_pipeline.py for tasks to queue
[2026-09-21T01:37:04.729+0000] {logging_mixin.py:149} INFO - [2026-09-21T01:37:04.728+0000] {dagbag.py:541} INFO - Filling up the DagBag from /opt/airflow/dags/8_mlops_pipeline.py
[2026-09-21T01:37:04.766+0000] {processor.py:809} INFO - DAG(s) dict_keys(['8-mlops_pipeline']) retrieved from /opt/airflow/dags/8_mlops_pipeline.py
[2026-09-21T01:37:04.866+0000] {logging_mixin.py:149} INFO - [2026-09-21T01:37:04.866+0000] {dag.py:2726} INFO - Sync 1 DAGs
[2026-09-21T01:37:04.936+0000] {logging_mixin.py:149} INFO - [2026-09-21T01:37:04.936+0000] {dag.py:3490} INFO - Setting next_dagrun for 8-mlops_pipeline to None, run_after=None
[2026-09-21T01:37:04.997+0000] {processor.py:178} INFO - Processing /opt/airflow/dags/8_mlops_pipeline.py took 0.283 seconds
[2026-09-21T01:37:35.053+0000] {processor.py:156} INFO - Started process (PID=5159) to work on /opt/airflow/dags/8_mlops_pipeline.py
[2026-09-21T01:37:35.054+0000] {processor.py:799} INFO - Processing file /opt/airflow/dags/8_mlops_pipeline.py for tasks to queue
[2026-09-21T01:37:35.055+0000] {logging_mixin.py:149} INFO - [2026-09-21T01:37:35.055+0000] {dagbag.py:541} INFO - Filling up the DagBag from /opt/airflow/dags/8_mlops_pipeline.py
[2026-09-21T01:37:35.082+0000] {processor.py:809} INFO - DAG(s) dict_keys(['8-mlops_pipeline']) retrieved from /opt/airflow/dags/8_mlops_pipeline.py
[2026-09-21T01:37:35.161+0000] {logging_mixin.py:149} INFO - [2026-09-21T01:37:35.160+0000] {dag.py:2726} INFO - Sync 1 DAGs
[2026-09-21T01:37:35.202+0000] {logging_mixin.py:149} INFO - [2026-09-21T01:37:35.201+0000] {dag.py:3490} INFO - Setting next_dagrun for 8-mlops_pipeline to None, run_after=None
[2026-09-21T01:37:35.258+0000] {processor.py:178} INFO - Processing /opt/airflow/dags/8_mlops_pipeline.py took 0.213 seconds
[2026-09-21T01:38:05.330+0000] {processor.py:156} INFO - Started process (PID=5169) to work on /opt/airflow/dags/8_mlops_pipeline.py
[2026-09-21T01:38:05.332+0000] {processor.py:799} INFO - Processing file /opt/airflow/dags/8_mlops_pipeline.py for tasks to queue
[2026-09-21T01:38:05.334+0000] {logging_mixin.py:149} INFO - [2026-09-21T01:38:05.333+0000] {dagbag.py:541} INFO - Filling up the DagBag from /opt/airflow/dags/8_mlops_pipeline.py
[2026-09-21T01:38:05.357+0000] {processor.py:809} INFO - DAG(s) dict_keys(['8-mlops_pipeline']) retrieved from /opt/airflow/dags/8_mlops_pipeline.py
[2026-09-21T01:38:05.426+0000] {logging_mixin.py:149} INFO - [2026-09-21T01:38:05.426+0000] {dag.py:2726} INFO - Sync 1 DAGs
[2026-09-21T01:38:05.479+0000] {logging_mixin.py:149} INFO - [2026-09-21T01:38:05.479+0000] {dag.py:3490} INFO - Setting next_dagrun for 8-mlops_pipeline to None, run_after=None
[2026-09-21T01:38:05.565+0000] {processor.py:178} INFO - Processing /opt/airflow/dags/8_mlops_pipeline.py took 0.244 seconds
[2026-09-21T01:38:35.745+0000] {processor.py:156} INFO - Started process (PID=5179) to work on /opt/airflow/dags/8_mlops_pipeline.py
[2026-09-21T01:38:35.748+0000] {processor.py:799} INFO - Processing file /opt/airflow/dags/8_mlops_pipeline.py for tasks to queue
[2026-09-21T01:38:35.749+0000] {logging_mixin.py:149} INFO - [2026-09-21T01:38:35.749+0000] {dagbag.py:541} INFO - Filling up the DagBag from /opt/airflow/dags/8_mlops_pipeline.py
[2026-09-21T01:38:35.768+0000] {processor.py:809} INFO - DAG(s) dict_keys(['8-mlops_pipeline']) retrieved from /opt/airflow/dags/8_mlops_pipeline.py
[2026-09-21T01:38:35.825+0000] {logging_mixin.py:149} INFO - [2026-09-21T01:38:35.824+0000] {dag.py:2726} INFO - Sync 1 DAGs
[2026-09-21T01:38:35.863+0000] {logging_mixin.py:149} INFO - [2026-09-21T01:38:35.863+0000] {dag.py:3490} INFO - Setting next_dagrun for 8-mlops_pipeline to None, run_after=None
[2026-09-21T01:38:35.902+0000] {processor.py:178} INFO - Processing /opt/airflow/dags/8_mlops_pipeline.py took 0.163 seconds
[2026-09-21T01:39:06.019+0000] {processor.py:156} INFO - Started process (PID=5189) to work on /opt/airflow/dags/8_mlops_pipeline.py
[2026-09-21T01:39:06.028+0000] {processor.py:799} INFO - Processing file /opt/airflow/dags/8_mlops_pipeline.py for tasks to queue
[2026-09-21T01:39:06.029+0000] {logging_mixin.py:149} INFO - [2026-09-21T01:39:06.029+0000] {dagbag.py:541} INFO - Filling up the DagBag from /opt/airflow/dags/8_mlops_pipeline.py
[2026-09-21T01:39:06.054+0000] {processor.py:809} INFO - DAG(s) dict_keys(['8-mlops_pipeline']) retrieved from /opt/airflow/dags/8_mlops_pipeline.py
[2026-09-21T01:39:06.104+0000] {logging_mixin.py:149} INFO - [2026-09-21T01:39:06.104+0000] {dag.py:2726} INFO - Sync 1 DAGs
[2026-09-21T01:39:06.144+0000] {logging_mixin.py:149} INFO - [2026-09-21T01:39:06.144+0000] {dag.py:3490} INFO - Setting next_dagrun for 8-mlops_pipeline to None, run_after=None
[2026-09-21T01:39:06.174+0000] {processor.py:178} INFO - Processing /opt/airflow/dags/8_mlops_pipeline.py took 0.162 seconds
[2026-09-21T01:39:36.448+0000] {processor.py:156} INFO - Started process (PID=5199) to work on /opt/airflow/dags/8_mlops_pipeline.py
[2026-09-21T01:39:36.452+0000] {processor.py:799} INFO - Processing file /opt/airflow/dags/8_mlops_pipeline.py for tasks to queue
[2026-09-21T01:39:36.453+0000] {logging_mixin.py:149} INFO - [2026-09-21T01:39:36.453+0000] {dagbag.py:541} INFO - Filling up the DagBag from /opt/airflow/dags/8_mlops_pipeline.py
[2026-09-21T01:39:36.489+0000] {processor.py:809} INFO - DAG(s) dict_keys(['8-mlops_pipeline']) retrieved from /opt/airflow/dags/8_mlops_pipeline.py
[2026-09-21T01:39:36.588+0000] {logging_mixin.py:149} INFO - [2026-09-21T01:39:36.588+0000] {dag.py:2726} INFO - Sync 1 DAGs
[2026-09-21T01:39:36.652+0000] {logging_mixin.py:149} INFO - [2026-09-21T01:39:36.652+0000] {dag.py:3490} INFO - Setting next_dagrun for 8-mlops_pipeline to None, run_after=None
[2026-09-21T01:39:36.705+0000] {processor.py:178} INFO - Processing /opt/airflow/dags/8_mlops_pipeline.py took 0.269 seconds
[2026-09-21T01:40:07.363+0000] {processor.py:156} INFO - Started process (PID=5209) to work on /opt/airflow/dags/8_mlops_pipeline.py
[2026-09-21T01:40:07.365+0000] {processor.py:799} INFO - Processing file /opt/airflow/dags/8_mlops_pipeline.py for tasks to queue
[2026-09-21T01:40:07.365+0000] {logging_mixin.py:149} INFO - [2026-09-21T01:40:07.365+0000] {dagbag.py:541} INFO - Filling up the DagBag from /opt/airflow/dags/8_mlops_pipeline.py
[2026-09-21T01:40:07.383+0000] {processor.py:809} INFO - DAG(s) dict_keys(['8-mlops_pipeline']) retrieved from /opt/airflow/dags/8_mlops_pipeline.py
[2026-09-21T01:40:07.435+0000] {logging_mixin.py:149} INFO - [2026-09-21T01:40:07.435+0000] {dag.py:2726} INFO - Sync 1 DAGs
[2026-09-21T01:40:07.467+0000] {logging_mixin.py:149} INFO - [2026-09-21T01:40:07.466+0000] {dag.py:3490} INFO - Setting next_dagrun for 8-mlops_pipeline to None, run_after=None
[2026-09-21T01:40:07.501+0000] {processor.py:178} INFO - Processing /opt/airflow/dags/8_mlops_pipeline.py took 0.144 seconds
[2026-09-21T01:40:37.974+0000] {processor.py:156} INFO - Started process (PID=5219) to work on /opt/airflow/dags/8_mlops_pipeline.py
[2026-09-21T01:40:37.975+0000] {processor.py:799} INFO - Processing file /opt/airflow/dags/8_mlops_pipeline.py for tasks to queue
[2026-09-21T01:40:37.976+0000] {logging_mixin.py:149} INFO - [2026-09-21T01:40:37.976+0000] {dagbag.py:541} INFO - Filling up the DagBag from /opt/airflow/dags/8_mlops_pipeline.py
[2026-09-21T01:40:38.003+0000] {processor.py:809} INFO - DAG(s) dict_keys(['8-mlops_pipeline']) retrieved from /opt/airflow/dags/8_mlops_pipeline.py
[2026-09-21T01:40:38.062+0000] {logging_mixin.py:149} INFO - [2026-09-21T01:40:38.062+0000] {dag.py:2726} INFO - Sync 1 DAGs
[2026-09-21T01:40:38.100+0000] {logging_mixin.py:149} INFO - [2026-09-21T01:40:38.100+0000] {dag.py:3490} INFO - Setting next_dagrun for 8-mlops_pipeline to None, run_after=None
[2026-09-21T01:40:38.130+0000] {processor.py:178} INFO - Processing /opt/airflow/dags/8_mlops_pipeline.py took 0.160 seconds
[2026-09-21T01:42:31.209+0000] {processor.py:156} INFO - Started process (PID=28) to work on /opt/airflow/dags/8_mlops_pipeline.py
[2026-09-21T01:42:31.217+0000] {processor.py:799} INFO - Processing file /opt/airflow/dags/8_mlops_pipeline.py for tasks to queue
[2026-09-21T01:42:31.218+0000] {logging_mixin.py:149} INFO - [2026-09-21T01:42:31.218+0000] {dagbag.py:541} INFO - Filling up the DagBag from /opt/airflow/dags/8_mlops_pipeline.py
[2026-09-21T01:42:31.388+0000] {processor.py:809} INFO - DAG(s) dict_keys(['8-mlops_pipeline']) retrieved from /opt/airflow/dags/8_mlops_pipeline.py
[2026-09-21T01:42:32.849+0000] {logging_mixin.py:149} INFO - [2026-09-21T01:42:32.849+0000] {dag.py:2726} INFO - Sync 1 DAGs
[2026-09-21T01:42:32.960+0000] {logging_mixin.py:149} INFO - [2026-09-21T01:42:32.959+0000] {dag.py:3490} INFO - Setting next_dagrun for 8-mlops_pipeline to None, run_after=None
[2026-09-21T01:42:33.046+0000] {processor.py:178} INFO - Processing /opt/airflow/dags/8_mlops_pipeline.py took 1.887 seconds
[2026-09-21T01:57:35.656+0000] {processor.py:156} INFO - Started process (PID=29) to work on /opt/airflow/dags/8_mlops_pipeline.py
[2026-09-21T01:57:35.670+0000] {processor.py:799} INFO - Processing file /opt/airflow/dags/8_mlops_pipeline.py for tasks to queue
[2026-09-21T01:57:35.671+0000] {logging_mixin.py:149} INFO - [2026-09-21T01:57:35.671+0000] {dagbag.py:541} INFO - Filling up the DagBag from /opt/airflow/dags/8_mlops_pipeline.py
[2026-09-21T01:57:35.847+0000] {processor.py:809} INFO - DAG(s) dict_keys(['8-mlops_pipeline']) retrieved from /opt/airflow/dags/8_mlops_pipeline.py
[2026-09-21T01:57:37.617+0000] {logging_mixin.py:149} INFO - [2026-09-21T01:57:37.617+0000] {dag.py:2726} INFO - Sync 1 DAGs
[2026-09-21T01:57:37.733+0000] {logging_mixin.py:149} INFO - [2026-09-21T01:57:37.731+0000] {dag.py:3490} INFO - Setting next_dagrun for 8-mlops_pipeline to None, run_after=None
[2026-09-21T01:57:37.839+0000] {processor.py:178} INFO - Processing /opt/airflow/dags/8_mlops_pipeline.py took 2.199 seconds
[2026-09-21T01:58:08.799+0000] {processor.py:156} INFO - Started process (PID=40) to work on /opt/airflow/dags/8_mlops_pipeline.py
[2026-09-21T01:58:08.802+0000] {processor.py:799} INFO - Processing file /opt/airflow/dags/8_mlops_pipeline.py for tasks to queue
[2026-09-21T01:58:08.803+0000] {logging_mixin.py:149} INFO - [2026-09-21T01:58:08.803+0000] {dagbag.py:541} INFO - Filling up the DagBag from /opt/airflow/dags/8_mlops_pipeline.py
[2026-09-21T01:58:08.836+0000] {processor.py:809} INFO - DAG(s) dict_keys(['8-mlops_pipeline']) retrieved from /opt/airflow/dags/8_mlops_pipeline.py
[2026-09-21T01:58:09.038+0000] {logging_mixin.py:149} INFO - [2026-09-21T01:58:09.036+0000] {dag.py:2726} INFO - Sync 1 DAGs
[2026-09-21T01:58:09.136+0000] {logging_mixin.py:149} INFO - [2026-09-21T01:58:09.135+0000] {dag.py:3490} INFO - Setting next_dagrun for 8-mlops_pipeline to None, run_after=None
[2026-09-21T01:58:09.199+0000] {processor.py:178} INFO - Processing /opt/airflow/dags/8_mlops_pipeline.py took 0.405 seconds
[2026-09-21T01:58:36.460+0000] {processor.py:156} INFO - Started process (PID=53) to work on /opt/airflow/dags/8_mlops_pipeline.py
[2026-09-21T01:58:36.461+0000] {processor.py:799} INFO - Processing file /opt/airflow/dags/8_mlops_pipeline.py for tasks to queue
[2026-09-21T01:58:36.464+0000] {logging_mixin.py:149} INFO - [2026-09-21T01:58:36.463+0000] {dagbag.py:541} INFO - Filling up the DagBag from /opt/airflow/dags/8_mlops_pipeline.py
[2026-09-21T01:58:36.475+0000] {processor.py:809} INFO - DAG(s) dict_keys(['8-mlops_pipeline']) retrieved from /opt/airflow/dags/8_mlops_pipeline.py
[2026-09-21T01:58:36.519+0000] {logging_mixin.py:149} INFO - [2026-09-21T01:58:36.518+0000] {dag.py:2726} INFO - Sync 1 DAGs
[2026-09-21T01:58:36.594+0000] {logging_mixin.py:149} INFO - [2026-09-21T01:58:36.593+0000] {dag.py:3490} INFO - Setting next_dagrun for 8-mlops_pipeline to None, run_after=None
[2026-09-21T01:58:36.641+0000] {processor.py:178} INFO - Processing /opt/airflow/dags/8_mlops_pipeline.py took 0.190 seconds
[2026-09-21T01:59:07.580+0000] {processor.py:156} INFO - Started process (PID=71) to work on /opt/airflow/dags/8_mlops_pipeline.py
[2026-09-21T01:59:07.593+0000] {processor.py:799} INFO - Processing file /opt/airflow/dags/8_mlops_pipeline.py for tasks to queue
[2026-09-21T01:59:07.594+0000] {logging_mixin.py:149} INFO - [2026-09-21T01:59:07.593+0000] {dagbag.py:541} INFO - Filling up the DagBag from /opt/airflow/dags/8_mlops_pipeline.py
[2026-09-21T01:59:07.603+0000] {processor.py:809} INFO - DAG(s) dict_keys(['8-mlops_pipeline']) retrieved from /opt/airflow/dags/8_mlops_pipeline.py
[2026-09-21T01:59:07.661+0000] {logging_mixin.py:149} INFO - [2026-09-21T01:59:07.660+0000] {dag.py:2726} INFO - Sync 1 DAGs
[2026-09-21T01:59:07.702+0000] {logging_mixin.py:149} INFO - [2026-09-21T01:59:07.702+0000] {dag.py:3490} INFO - Setting next_dagrun for 8-mlops_pipeline to None, run_after=None
[2026-09-21T01:59:07.743+0000] {processor.py:178} INFO - Processing /opt/airflow/dags/8_mlops_pipeline.py took 0.172 seconds
[2026-09-21T01:59:38.773+0000] {processor.py:156} INFO - Started process (PID=82) to work on /opt/airflow/dags/8_mlops_pipeline.py
[2026-09-21T01:59:38.789+0000] {processor.py:799} INFO - Processing file /opt/airflow/dags/8_mlops_pipeline.py for tasks to queue
[2026-09-21T01:59:38.790+0000] {logging_mixin.py:149} INFO - [2026-09-21T01:59:38.790+0000] {dagbag.py:541} INFO - Filling up the DagBag from /opt/airflow/dags/8_mlops_pipeline.py
[2026-09-21T01:59:38.827+0000] {processor.py:809} INFO - DAG(s) dict_keys(['8-mlops_pipeline']) retrieved from /opt/airflow/dags/8_mlops_pipeline.py
[2026-09-21T01:59:38.995+0000] {logging_mixin.py:149} INFO - [2026-09-21T01:59:38.994+0000] {dag.py:2726} INFO - Sync 1 DAGs
[2026-09-21T01:59:39.071+0000] {logging_mixin.py:149} INFO - [2026-09-21T01:59:39.070+0000] {dag.py:3490} INFO - Setting next_dagrun for 8-mlops_pipeline to None, run_after=None
[2026-09-21T01:59:39.128+0000] {processor.py:178} INFO - Processing /opt/airflow/dags/8_mlops_pipeline.py took 0.381 seconds
[2026-09-21T02:00:07.704+0000] {processor.py:156} INFO - Started process (PID=102) to work on /opt/airflow/dags/8_mlops_pipeline.py
[2026-09-21T02:00:07.718+0000] {processor.py:799} INFO - Processing file /opt/airflow/dags/8_mlops_pipeline.py for tasks to queue
[2026-09-21T02:00:07.721+0000] {logging_mixin.py:149} INFO - [2026-09-21T02:00:07.720+0000] {dagbag.py:541} INFO - Filling up the DagBag from /opt/airflow/dags/8_mlops_pipeline.py
[2026-09-21T02:00:07.738+0000] {processor.py:809} INFO - DAG(s) dict_keys(['8-mlops_pipeline']) retrieved from /opt/airflow/dags/8_mlops_pipeline.py
[2026-09-21T02:00:07.794+0000] {logging_mixin.py:149} INFO - [2026-09-21T02:00:07.794+0000] {dag.py:2726} INFO - Sync 1 DAGs
[2026-09-21T02:00:07.827+0000] {logging_mixin.py:149} INFO - [2026-09-21T02:00:07.826+0000] {dag.py:3490} INFO - Setting next_dagrun for 8-mlops_pipeline to None, run_after=None
[2026-09-21T02:00:07.854+0000] {processor.py:178} INFO - Processing /opt/airflow/dags/8_mlops_pipeline.py took 0.156 seconds
[2026-09-21T02:00:38.021+0000] {processor.py:156} INFO - Started process (PID=122) to work on /opt/airflow/dags/8_mlops_pipeline.py
[2026-09-21T02:00:38.023+0000] {processor.py:799} INFO - Processing file /opt/airflow/dags/8_mlops_pipeline.py for tasks to queue
[2026-09-21T02:00:38.024+0000] {logging_mixin.py:149} INFO - [2026-09-21T02:00:38.024+0000] {dagbag.py:541} INFO - Filling up the DagBag from /opt/airflow/dags/8_mlops_pipeline.py
[2026-09-21T02:00:38.034+0000] {processor.py:809} INFO - DAG(s) dict_keys(['8-mlops_pipeline']) retrieved from /opt/airflow/dags/8_mlops_pipeline.py
[2026-09-21T02:00:38.101+0000] {logging_mixin.py:149} INFO - [2026-09-21T02:00:38.100+0000] {dag.py:2726} INFO - Sync 1 DAGs
[2026-09-21T02:00:38.140+0000] {logging_mixin.py:149} INFO - [2026-09-21T02:00:38.140+0000] {dag.py:3490} INFO - Setting next_dagrun for 8-mlops_pipeline to None, run_after=None
[2026-09-21T02:00:38.167+0000] {processor.py:178} INFO - Processing /opt/airflow/dags/8_mlops_pipeline.py took 0.152 seconds
[2026-09-21T02:01:08.353+0000] {processor.py:156} INFO - Started process (PID=133) to work on /opt/airflow/dags/8_mlops_pipeline.py
[2026-09-21T02:01:08.354+0000] {processor.py:799} INFO - Processing file /opt/airflow/dags/8_mlops_pipeline.py for tasks to queue
[2026-09-21T02:01:08.355+0000] {logging_mixin.py:149} INFO - [2026-09-21T02:01:08.355+0000] {dagbag.py:541} INFO - Filling up the DagBag from /opt/airflow/dags/8_mlops_pipeline.py
[2026-09-21T02:01:08.375+0000] {processor.py:809} INFO - DAG(s) dict_keys(['8-mlops_pipeline']) retrieved from /opt/airflow/dags/8_mlops_pipeline.py
[2026-09-21T02:01:08.448+0000] {logging_mixin.py:149} INFO - [2026-09-21T02:01:08.448+0000] {dag.py:2726} INFO - Sync 1 DAGs
[2026-09-21T02:01:08.521+0000] {logging_mixin.py:149} INFO - [2026-09-21T02:01:08.521+0000] {dag.py:3490} INFO - Setting next_dagrun for 8-mlops_pipeline to None, run_after=None
[2026-09-21T02:01:08.582+0000] {processor.py:178} INFO - Processing /opt/airflow/dags/8_mlops_pipeline.py took 0.238 seconds
[2026-09-21T02:01:38.800+0000] {processor.py:156} INFO - Started process (PID=144) to work on /opt/airflow/dags/8_mlops_pipeline.py
[2026-09-21T02:01:38.806+0000] {processor.py:799} INFO - Processing file /opt/airflow/dags/8_mlops_pipeline.py for tasks to queue
[2026-09-21T02:01:38.807+0000] {logging_mixin.py:149} INFO - [2026-09-21T02:01:38.807+0000] {dagbag.py:541} INFO - Filling up the DagBag from /opt/airflow/dags/8_mlops_pipeline.py
[2026-09-21T02:01:38.816+0000] {processor.py:809} INFO - DAG(s) dict_keys(['8-mlops_pipeline']) retrieved from /opt/airflow/dags/8_mlops_pipeline.py
[2026-09-21T02:01:38.888+0000] {logging_mixin.py:149} INFO - [2026-09-21T02:01:38.888+0000] {dag.py:2726} INFO - Sync 1 DAGs
[2026-09-21T02:01:38.928+0000] {logging_mixin.py:149} INFO - [2026-09-21T02:01:38.927+0000] {dag.py:3490} INFO - Setting next_dagrun for 8-mlops_pipeline to None, run_after=None
[2026-09-21T02:01:38.968+0000] {processor.py:178} INFO - Processing /opt/airflow/dags/8_mlops_pipeline.py took 0.184 seconds
[2026-09-21T02:01:39.647+0000] {processor.py:156} INFO - Started process (PID=147) to work on /opt/airflow/dags/8_mlops_pipeline.py
[2026-09-21T02:01:39.649+0000] {processor.py:799} INFO - Processing file /opt/airflow/dags/8_mlops_pipeline.py for tasks to queue
[2026-09-21T02:01:39.649+0000] {logging_mixin.py:149} INFO - [2026-09-21T02:01:39.649+0000] {dagbag.py:541} INFO - Filling up the DagBag from /opt/airflow/dags/8_mlops_pipeline.py
[2026-09-21T02:01:39.659+0000] {processor.py:809} INFO - DAG(s) dict_keys(['8-mlops_pipeline']) retrieved from /opt/airflow/dags/8_mlops_pipeline.py
[2026-09-21T02:01:39.712+0000] {logging_mixin.py:149} INFO - [2026-09-21T02:01:39.712+0000] {dag.py:2726} INFO - Sync 1 DAGs
[2026-09-21T02:01:39.759+0000] {logging_mixin.py:149} INFO - [2026-09-21T02:01:39.759+0000] {dag.py:3490} INFO - Setting next_dagrun for 8-mlops_pipeline to None, run_after=None
[2026-09-21T02:01:39.796+0000] {processor.py:178} INFO - Processing /opt/airflow/dags/8_mlops_pipeline.py took 0.156 seconds
[2026-09-21T02:02:09.979+0000] {processor.py:156} INFO - Started process (PID=165) to work on /opt/airflow/dags/8_mlops_pipeline.py
[2026-09-21T02:02:09.983+0000] {processor.py:799} INFO - Processing file /opt/airflow/dags/8_mlops_pipeline.py for tasks to queue
[2026-09-21T02:02:09.984+0000] {logging_mixin.py:149} INFO - [2026-09-21T02:02:09.984+0000] {dagbag.py:541} INFO - Filling up the DagBag from /opt/airflow/dags/8_mlops_pipeline.py
[2026-09-21T02:02:09.992+0000] {processor.py:809} INFO - DAG(s) dict_keys(['8-mlops_pipeline']) retrieved from /opt/airflow/dags/8_mlops_pipeline.py
[2026-09-21T02:02:10.057+0000] {logging_mixin.py:149} INFO - [2026-09-21T02:02:10.056+0000] {dag.py:2726} INFO - Sync 1 DAGs
[2026-09-21T02:02:10.093+0000] {logging_mixin.py:149} INFO - [2026-09-21T02:02:10.093+0000] {dag.py:3490} INFO - Setting next_dagrun for 8-mlops_pipeline to None, run_after=None
[2026-09-21T02:02:10.128+0000] {processor.py:178} INFO - Processing /opt/airflow/dags/8_mlops_pipeline.py took 0.158 seconds
[2026-09-21T02:02:40.283+0000] {processor.py:156} INFO - Started process (PID=176) to work on /opt/airflow/dags/8_mlops_pipeline.py
[2026-09-21T02:02:40.284+0000] {processor.py:799} INFO - Processing file /opt/airflow/dags/8_mlops_pipeline.py for tasks to queue
[2026-09-21T02:02:40.285+0000] {logging_mixin.py:149} INFO - [2026-09-21T02:02:40.285+0000] {dagbag.py:541} INFO - Filling up the DagBag from /opt/airflow/dags/8_mlops_pipeline.py
[2026-09-21T02:02:40.296+0000] {processor.py:809} INFO - DAG(s) dict_keys(['8-mlops_pipeline']) retrieved from /opt/airflow/dags/8_mlops_pipeline.py
[2026-09-21T02:02:40.365+0000] {logging_mixin.py:149} INFO - [2026-09-21T02:02:40.364+0000] {dag.py:2726} INFO - Sync 1 DAGs
[2026-09-21T02:02:40.411+0000] {logging_mixin.py:149} INFO - [2026-09-21T02:02:40.410+0000] {dag.py:3490} INFO - Setting next_dagrun for 8-mlops_pipeline to None, run_after=None
[2026-09-21T02:02:40.450+0000] {processor.py:178} INFO - Processing /opt/airflow/dags/8_mlops_pipeline.py took 0.174 seconds
[2026-09-21T02:02:41.432+0000] {processor.py:156} INFO - Started process (PID=179) to work on /opt/airflow/dags/8_mlops_pipeline.py
[2026-09-21T02:02:41.435+0000] {processor.py:799} INFO - Processing file /opt/airflow/dags/8_mlops_pipeline.py for tasks to queue
[2026-09-21T02:02:41.437+0000] {logging_mixin.py:149} INFO - [2026-09-21T02:02:41.437+0000] {dagbag.py:541} INFO - Filling up the DagBag from /opt/airflow/dags/8_mlops_pipeline.py
[2026-09-21T02:02:41.453+0000] {processor.py:809} INFO - DAG(s) dict_keys(['8-mlops_pipeline']) retrieved from /opt/airflow/dags/8_mlops_pipeline.py
[2026-09-21T02:02:41.519+0000] {logging_mixin.py:149} INFO - [2026-09-21T02:02:41.516+0000] {dag.py:2726} INFO - Sync 1 DAGs
[2026-09-21T02:02:41.561+0000] {logging_mixin.py:149} INFO - [2026-09-21T02:02:41.560+0000] {dag.py:3490} INFO - Setting next_dagrun for 8-mlops_pipeline to None, run_after=None
[2026-09-21T02:02:41.600+0000] {processor.py:178} INFO - Processing /opt/airflow/dags/8_mlops_pipeline.py took 0.174 seconds
[2026-09-21T02:03:11.676+0000] {processor.py:156} INFO - Started process (PID=190) to work on /opt/airflow/dags/8_mlops_pipeline.py
[2026-09-21T02:03:11.678+0000] {processor.py:799} INFO - Processing file /opt/airflow/dags/8_mlops_pipeline.py for tasks to queue
[2026-09-21T02:03:11.679+0000] {logging_mixin.py:149} INFO - [2026-09-21T02:03:11.679+0000] {dagbag.py:541} INFO - Filling up the DagBag from /opt/airflow/dags/8_mlops_pipeline.py
[2026-09-21T02:03:11.689+0000] {processor.py:809} INFO - DAG(s) dict_keys(['8-mlops_pipeline']) retrieved from /opt/airflow/dags/8_mlops_pipeline.py
[2026-09-21T02:03:11.766+0000] {logging_mixin.py:149} INFO - [2026-09-21T02:03:11.765+0000] {dag.py:2726} INFO - Sync 1 DAGs
[2026-09-21T02:03:11.811+0000] {logging_mixin.py:149} INFO - [2026-09-21T02:03:11.810+0000] {dag.py:3490} INFO - Setting next_dagrun for 8-mlops_pipeline to None, run_after=None
[2026-09-21T02:03:11.854+0000] {processor.py:178} INFO - Processing /opt/airflow/dags/8_mlops_pipeline.py took 0.184 seconds
[2026-09-21T02:03:42.436+0000] {processor.py:156} INFO - Started process (PID=201) to work on /opt/airflow/dags/8_mlops_pipeline.py
[2026-09-21T02:03:42.440+0000] {processor.py:799} INFO - Processing file /opt/airflow/dags/8_mlops_pipeline.py for tasks to queue
[2026-09-21T02:03:42.443+0000] {logging_mixin.py:149} INFO - [2026-09-21T02:03:42.443+0000] {dagbag.py:541} INFO - Filling up the DagBag from /opt/airflow/dags/8_mlops_pipeline.py
[2026-09-21T02:03:42.454+0000] {processor.py:809} INFO - DAG(s) dict_keys(['8-mlops_pipeline']) retrieved from /opt/airflow/dags/8_mlops_pipeline.py
[2026-09-21T02:03:42.532+0000] {logging_mixin.py:149} INFO - [2026-09-21T02:03:42.532+0000] {dag.py:2726} INFO - Sync 1 DAGs
[2026-09-21T02:03:42.585+0000] {logging_mixin.py:149} INFO - [2026-09-21T02:03:42.584+0000] {dag.py:3490} INFO - Setting next_dagrun for 8-mlops_pipeline to None, run_after=None
[2026-09-21T02:03:42.631+0000] {processor.py:178} INFO - Processing /opt/airflow/dags/8_mlops_pipeline.py took 0.204 seconds
[2026-09-21T02:04:13.620+0000] {processor.py:156} INFO - Started process (PID=212) to work on /opt/airflow/dags/8_mlops_pipeline.py
[2026-09-21T02:04:13.622+0000] {processor.py:799} INFO - Processing file /opt/airflow/dags/8_mlops_pipeline.py for tasks to queue
[2026-09-21T02:04:13.623+0000] {logging_mixin.py:149} INFO - [2026-09-21T02:04:13.623+0000] {dagbag.py:541} INFO - Filling up the DagBag from /opt/airflow/dags/8_mlops_pipeline.py
[2026-09-21T02:04:13.634+0000] {processor.py:809} INFO - DAG(s) dict_keys(['8-mlops_pipeline']) retrieved from /opt/airflow/dags/8_mlops_pipeline.py
[2026-09-21T02:04:13.715+0000] {logging_mixin.py:149} INFO - [2026-09-21T02:04:13.714+0000] {dag.py:2726} INFO - Sync 1 DAGs
[2026-09-21T02:04:13.758+0000] {logging_mixin.py:149} INFO - [2026-09-21T02:04:13.757+0000] {dag.py:3490} INFO - Setting next_dagrun for 8-mlops_pipeline to None, run_after=None
[2026-09-21T02:04:13.795+0000] {processor.py:178} INFO - Processing /opt/airflow/dags/8_mlops_pipeline.py took 0.187 seconds
[2026-09-21T02:04:44.073+0000] {processor.py:156} INFO - Started process (PID=223) to work on /opt/airflow/dags/8_mlops_pipeline.py
[2026-09-21T02:04:44.075+0000] {processor.py:799} INFO - Processing file /opt/airflow/dags/8_mlops_pipeline.py for tasks to queue
[2026-09-21T02:04:44.087+0000] {logging_mixin.py:149} INFO - [2026-09-21T02:04:44.087+0000] {dagbag.py:541} INFO - Filling up the DagBag from /opt/airflow/dags/8_mlops_pipeline.py
[2026-09-21T02:04:44.098+0000] {processor.py:809} INFO - DAG(s) dict_keys(['8-mlops_pipeline']) retrieved from /opt/airflow/dags/8_mlops_pipeline.py
[2026-09-21T02:04:44.211+0000] {logging_mixin.py:149} INFO - [2026-09-21T02:04:44.210+0000] {dag.py:2726} INFO - Sync 1 DAGs
[2026-09-21T02:04:44.286+0000] {logging_mixin.py:149} INFO - [2026-09-21T02:04:44.286+0000] {dag.py:3490} INFO - Setting next_dagrun for 8-mlops_pipeline to None, run_after=None
[2026-09-21T02:04:44.377+0000] {processor.py:178} INFO - Processing /opt/airflow/dags/8_mlops_pipeline.py took 0.313 seconds
[2026-09-21T02:05:14.642+0000] {processor.py:156} INFO - Started process (PID=234) to work on /opt/airflow/dags/8_mlops_pipeline.py
[2026-09-21T02:05:14.644+0000] {processor.py:799} INFO - Processing file /opt/airflow/dags/8_mlops_pipeline.py for tasks to queue
[2026-09-21T02:05:14.646+0000] {logging_mixin.py:149} INFO - [2026-09-21T02:05:14.645+0000] {dagbag.py:541} INFO - Filling up the DagBag from /opt/airflow/dags/8_mlops_pipeline.py
[2026-09-21T02:05:14.658+0000] {processor.py:809} INFO - DAG(s) dict_keys(['8-mlops_pipeline']) retrieved from /opt/airflow/dags/8_mlops_pipeline.py
[2026-09-21T02:05:14.749+0000] {logging_mixin.py:149} INFO - [2026-09-21T02:05:14.748+0000] {dag.py:2726} INFO - Sync 1 DAGs
[2026-09-21T02:05:14.809+0000] {logging_mixin.py:149} INFO - [2026-09-21T02:05:14.809+0000] {dag.py:3490} INFO - Setting next_dagrun for 8-mlops_pipeline to None, run_after=None
[2026-09-21T02:05:14.858+0000] {processor.py:178} INFO - Processing /opt/airflow/dags/8_mlops_pipeline.py took 0.228 seconds
[2026-09-21T02:05:45.024+0000] {processor.py:156} INFO - Started process (PID=245) to work on /opt/airflow/dags/8_mlops_pipeline.py
[2026-09-21T02:05:45.026+0000] {processor.py:799} INFO - Processing file /opt/airflow/dags/8_mlops_pipeline.py for tasks to queue
[2026-09-21T02:05:45.028+0000] {logging_mixin.py:149} INFO - [2026-09-21T02:05:45.027+0000] {dagbag.py:541} INFO - Filling up the DagBag from /opt/airflow/dags/8_mlops_pipeline.py
[2026-09-21T02:05:45.041+0000] {processor.py:809} INFO - DAG(s) dict_keys(['8-mlops_pipeline']) retrieved from /opt/airflow/dags/8_mlops_pipeline.py
[2026-09-21T02:05:45.126+0000] {logging_mixin.py:149} INFO - [2026-09-21T02:05:45.126+0000] {dag.py:2726} INFO - Sync 1 DAGs
[2026-09-21T02:05:45.175+0000] {logging_mixin.py:149} INFO - [2026-09-21T02:05:45.175+0000] {dag.py:3490} INFO - Setting next_dagrun for 8-mlops_pipeline to None, run_after=None
[2026-09-21T02:05:45.211+0000] {processor.py:178} INFO - Processing /opt/airflow/dags/8_mlops_pipeline.py took 0.196 seconds
[2026-09-21T02:06:15.382+0000] {processor.py:156} INFO - Started process (PID=256) to work on /opt/airflow/dags/8_mlops_pipeline.py
[2026-09-21T02:06:15.390+0000] {processor.py:799} INFO - Processing file /opt/airflow/dags/8_mlops_pipeline.py for tasks to queue
[2026-09-21T02:06:15.392+0000] {logging_mixin.py:149} INFO - [2026-09-21T02:06:15.391+0000] {dagbag.py:541} INFO - Filling up the DagBag from /opt/airflow/dags/8_mlops_pipeline.py
[2026-09-21T02:06:15.400+0000] {processor.py:809} INFO - DAG(s) dict_keys(['8-mlops_pipeline']) retrieved from /opt/airflow/dags/8_mlops_pipeline.py
[2026-09-21T02:06:15.455+0000] {logging_mixin.py:149} INFO - [2026-09-21T02:06:15.454+0000] {dag.py:2726} INFO - Sync 1 DAGs
[2026-09-21T02:06:15.483+0000] {logging_mixin.py:149} INFO - [2026-09-21T02:06:15.483+0000] {dag.py:3490} INFO - Setting next_dagrun for 8-mlops_pipeline to None, run_after=None
[2026-09-21T02:06:15.508+0000] {processor.py:178} INFO - Processing /opt/airflow/dags/8_mlops_pipeline.py took 0.132 seconds
[2026-09-21T02:06:46.237+0000] {processor.py:156} INFO - Started process (PID=267) to work on /opt/airflow/dags/8_mlops_pipeline.py
[2026-09-21T02:06:46.239+0000] {processor.py:799} INFO - Processing file /opt/airflow/dags/8_mlops_pipeline.py for tasks to queue
[2026-09-21T02:06:46.241+0000] {logging_mixin.py:149} INFO - [2026-09-21T02:06:46.240+0000] {dagbag.py:541} INFO - Filling up the DagBag from /opt/airflow/dags/8_mlops_pipeline.py
[2026-09-21T02:06:46.254+0000] {processor.py:809} INFO - DAG(s) dict_keys(['8-mlops_pipeline']) retrieved from /opt/airflow/dags/8_mlops_pipeline.py
[2026-09-21T02:06:46.314+0000] {logging_mixin.py:149} INFO - [2026-09-21T02:06:46.313+0000] {dag.py:2726} INFO - Sync 1 DAGs
[2026-09-21T02:06:46.353+0000] {logging_mixin.py:149} INFO - [2026-09-21T02:06:46.352+0000] {dag.py:3490} INFO - Setting next_dagrun for 8-mlops_pipeline to None, run_after=None
[2026-09-21T02:06:46.398+0000] {processor.py:178} INFO - Processing /opt/airflow/dags/8_mlops_pipeline.py took 0.169 seconds
[2026-09-21T02:07:16.650+0000] {processor.py:156} INFO - Started process (PID=278) to work on /opt/airflow/dags/8_mlops_pipeline.py
[2026-09-21T02:07:16.652+0000] {processor.py:799} INFO - Processing file /opt/airflow/dags/8_mlops_pipeline.py for tasks to queue
[2026-09-21T02:07:16.653+0000] {logging_mixin.py:149} INFO - [2026-09-21T02:07:16.653+0000] {dagbag.py:541} INFO - Filling up the DagBag from /opt/airflow/dags/8_mlops_pipeline.py
[2026-09-21T02:07:16.672+0000] {processor.py:809} INFO - DAG(s) dict_keys(['8-mlops_pipeline']) retrieved from /opt/airflow/dags/8_mlops_pipeline.py
[2026-09-21T02:07:16.752+0000] {logging_mixin.py:149} INFO - [2026-09-21T02:07:16.751+0000] {dag.py:2726} INFO - Sync 1 DAGs
[2026-09-21T02:07:16.797+0000] {logging_mixin.py:149} INFO - [2026-09-21T02:07:16.797+0000] {dag.py:3490} INFO - Setting next_dagrun for 8-mlops_pipeline to None, run_after=None
[2026-09-21T02:07:16.850+0000] {processor.py:178} INFO - Processing /opt/airflow/dags/8_mlops_pipeline.py took 0.209 seconds
[2026-09-21T02:07:46.407+0000] {processor.py:156} INFO - Started process (PID=291) to work on /opt/airflow/dags/8_mlops_pipeline.py
[2026-09-21T02:07:46.414+0000] {processor.py:799} INFO - Processing file /opt/airflow/dags/8_mlops_pipeline.py for tasks to queue
[2026-09-21T02:07:46.416+0000] {logging_mixin.py:149} INFO - [2026-09-21T02:07:46.416+0000] {dagbag.py:541} INFO - Filling up the DagBag from /opt/airflow/dags/8_mlops_pipeline.py
[2026-09-21T02:07:46.441+0000] {processor.py:809} INFO - DAG(s) dict_keys(['8-mlops_pipeline']) retrieved from /opt/airflow/dags/8_mlops_pipeline.py
[2026-09-21T02:07:46.506+0000] {logging_mixin.py:149} INFO - [2026-09-21T02:07:46.506+0000] {dag.py:2726} INFO - Sync 1 DAGs
[2026-09-21T02:07:46.561+0000] {logging_mixin.py:149} INFO - [2026-09-21T02:07:46.560+0000] {dag.py:3490} INFO - Setting next_dagrun for 8-mlops_pipeline to None, run_after=None
[2026-09-21T02:07:46.601+0000] {processor.py:178} INFO - Processing /opt/airflow/dags/8_mlops_pipeline.py took 0.204 seconds
[2026-09-21T02:08:17.225+0000] {processor.py:156} INFO - Started process (PID=302) to work on /opt/airflow/dags/8_mlops_pipeline.py
[2026-09-21T02:08:17.231+0000] {processor.py:799} INFO - Processing file /opt/airflow/dags/8_mlops_pipeline.py for tasks to queue
[2026-09-21T02:08:17.233+0000] {logging_mixin.py:149} INFO - [2026-09-21T02:08:17.233+0000] {dagbag.py:541} INFO - Filling up the DagBag from /opt/airflow/dags/8_mlops_pipeline.py
[2026-09-21T02:08:17.251+0000] {processor.py:809} INFO - DAG(s) dict_keys(['8-mlops_pipeline']) retrieved from /opt/airflow/dags/8_mlops_pipeline.py
[2026-09-21T02:08:17.330+0000] {logging_mixin.py:149} INFO - [2026-09-21T02:08:17.330+0000] {dag.py:2726} INFO - Sync 1 DAGs
[2026-09-21T02:08:17.382+0000] {logging_mixin.py:149} INFO - [2026-09-21T02:08:17.382+0000] {dag.py:3490} INFO - Setting next_dagrun for 8-mlops_pipeline to None, run_after=None
[2026-09-21T02:08:17.438+0000] {processor.py:178} INFO - Processing /opt/airflow/dags/8_mlops_pipeline.py took 0.225 seconds
[2026-09-21T02:08:47.698+0000] {processor.py:156} INFO - Started process (PID=313) to work on /opt/airflow/dags/8_mlops_pipeline.py
[2026-09-21T02:08:47.699+0000] {processor.py:799} INFO - Processing file /opt/airflow/dags/8_mlops_pipeline.py for tasks to queue
[2026-09-21T02:08:47.700+0000] {logging_mixin.py:149} INFO - [2026-09-21T02:08:47.700+0000] {dagbag.py:541} INFO - Filling up the DagBag from /opt/airflow/dags/8_mlops_pipeline.py
[2026-09-21T02:08:47.710+0000] {processor.py:809} INFO - DAG(s) dict_keys(['8-mlops_pipeline']) retrieved from /opt/airflow/dags/8_mlops_pipeline.py
[2026-09-21T02:08:47.780+0000] {logging_mixin.py:149} INFO - [2026-09-21T02:08:47.779+0000] {dag.py:2726} INFO - Sync 1 DAGs
[2026-09-21T02:08:47.835+0000] {logging_mixin.py:149} INFO - [2026-09-21T02:08:47.834+0000] {dag.py:3490} INFO - Setting next_dagrun for 8-mlops_pipeline to None, run_after=None
[2026-09-21T02:08:47.874+0000] {processor.py:178} INFO - Processing /opt/airflow/dags/8_mlops_pipeline.py took 0.193 seconds
[2026-09-21T02:09:18.294+0000] {processor.py:156} INFO - Started process (PID=324) to work on /opt/airflow/dags/8_mlops_pipeline.py
[2026-09-21T02:09:18.301+0000] {processor.py:799} INFO - Processing file /opt/airflow/dags/8_mlops_pipeline.py for tasks to queue
[2026-09-21T02:09:18.302+0000] {logging_mixin.py:149} INFO - [2026-09-21T02:09:18.302+0000] {dagbag.py:541} INFO - Filling up the DagBag from /opt/airflow/dags/8_mlops_pipeline.py
[2026-09-21T02:09:18.319+0000] {processor.py:809} INFO - DAG(s) dict_keys(['8-mlops_pipeline']) retrieved from /opt/airflow/dags/8_mlops_pipeline.py
[2026-09-21T02:09:18.433+0000] {logging_mixin.py:149} INFO - [2026-09-21T02:09:18.433+0000] {dag.py:2726} INFO - Sync 1 DAGs
[2026-09-21T02:09:18.507+0000] {logging_mixin.py:149} INFO - [2026-09-21T02:09:18.507+0000] {dag.py:3490} INFO - Setting next_dagrun for 8-mlops_pipeline to None, run_after=None
[2026-09-21T02:09:18.548+0000] {processor.py:178} INFO - Processing /opt/airflow/dags/8_mlops_pipeline.py took 0.259 seconds
[2026-09-21T02:09:48.872+0000] {processor.py:156} INFO - Started process (PID=335) to work on /opt/airflow/dags/8_mlops_pipeline.py
[2026-09-21T02:09:48.873+0000] {processor.py:799} INFO - Processing file /opt/airflow/dags/8_mlops_pipeline.py for tasks to queue
[2026-09-21T02:09:48.874+0000] {logging_mixin.py:149} INFO - [2026-09-21T02:09:48.874+0000] {dagbag.py:541} INFO - Filling up the DagBag from /opt/airflow/dags/8_mlops_pipeline.py
[2026-09-21T02:09:48.885+0000] {processor.py:809} INFO - DAG(s) dict_keys(['8-mlops_pipeline']) retrieved from /opt/airflow/dags/8_mlops_pipeline.py
[2026-09-21T02:09:48.988+0000] {logging_mixin.py:149} INFO - [2026-09-21T02:09:48.988+0000] {dag.py:2726} INFO - Sync 1 DAGs
[2026-09-21T02:09:49.038+0000] {logging_mixin.py:149} INFO - [2026-09-21T02:09:49.038+0000] {dag.py:3490} INFO - Setting next_dagrun for 8-mlops_pipeline to None, run_after=None
[2026-09-21T02:09:49.075+0000] {processor.py:178} INFO - Processing /opt/airflow/dags/8_mlops_pipeline.py took 0.209 seconds
[2026-09-21T02:10:19.187+0000] {processor.py:156} INFO - Started process (PID=346) to work on /opt/airflow/dags/8_mlops_pipeline.py
[2026-09-21T02:10:19.189+0000] {processor.py:799} INFO - Processing file /opt/airflow/dags/8_mlops_pipeline.py for tasks to queue
[2026-09-21T02:10:19.190+0000] {logging_mixin.py:149} INFO - [2026-09-21T02:10:19.189+0000] {dagbag.py:541} INFO - Filling up the DagBag from /opt/airflow/dags/8_mlops_pipeline.py
[2026-09-21T02:10:19.203+0000] {processor.py:809} INFO - DAG(s) dict_keys(['8-mlops_pipeline']) retrieved from /opt/airflow/dags/8_mlops_pipeline.py
[2026-09-21T02:10:19.288+0000] {logging_mixin.py:149} INFO - [2026-09-21T02:10:19.287+0000] {dag.py:2726} INFO - Sync 1 DAGs
[2026-09-21T02:10:19.357+0000] {logging_mixin.py:149} INFO - [2026-09-21T02:10:19.357+0000] {dag.py:3490} INFO - Setting next_dagrun for 8-mlops_pipeline to None, run_after=None
[2026-09-21T02:10:19.415+0000] {processor.py:178} INFO - Processing /opt/airflow/dags/8_mlops_pipeline.py took 0.238 seconds
[2026-09-21T02:10:49.501+0000] {processor.py:156} INFO - Started process (PID=357) to work on /opt/airflow/dags/8_mlops_pipeline.py
[2026-09-21T02:10:49.502+0000] {processor.py:799} INFO - Processing file /opt/airflow/dags/8_mlops_pipeline.py for tasks to queue
[2026-09-21T02:10:49.504+0000] {logging_mixin.py:149} INFO - [2026-09-21T02:10:49.503+0000] {dagbag.py:541} INFO - Filling up the DagBag from /opt/airflow/dags/8_mlops_pipeline.py
[2026-09-21T02:10:49.513+0000] {processor.py:809} INFO - DAG(s) dict_keys(['8-mlops_pipeline']) retrieved from /opt/airflow/dags/8_mlops_pipeline.py
[2026-09-21T02:10:49.586+0000] {logging_mixin.py:149} INFO - [2026-09-21T02:10:49.586+0000] {dag.py:2726} INFO - Sync 1 DAGs
[2026-09-21T02:10:49.626+0000] {logging_mixin.py:149} INFO - [2026-09-21T02:10:49.625+0000] {dag.py:3490} INFO - Setting next_dagrun for 8-mlops_pipeline to None, run_after=None
[2026-09-21T02:10:49.664+0000] {processor.py:178} INFO - Processing /opt/airflow/dags/8_mlops_pipeline.py took 0.170 seconds
[2026-09-21T02:11:20.012+0000] {processor.py:156} INFO - Started process (PID=368) to work on /opt/airflow/dags/8_mlops_pipeline.py
[2026-09-21T02:11:20.017+0000] {processor.py:799} INFO - Processing file /opt/airflow/dags/8_mlops_pipeline.py for tasks to queue
[2026-09-21T02:11:20.018+0000] {logging_mixin.py:149} INFO - [2026-09-21T02:11:20.018+0000] {dagbag.py:541} INFO - Filling up the DagBag from /opt/airflow/dags/8_mlops_pipeline.py
[2026-09-21T02:11:20.029+0000] {processor.py:809} INFO - DAG(s) dict_keys(['8-mlops_pipeline']) retrieved from /opt/airflow/dags/8_mlops_pipeline.py
[2026-09-21T02:11:20.122+0000] {logging_mixin.py:149} INFO - [2026-09-21T02:11:20.122+0000] {dag.py:2726} INFO - Sync 1 DAGs
[2026-09-21T02:11:20.174+0000] {logging_mixin.py:149} INFO - [2026-09-21T02:11:20.173+0000] {dag.py:3490} INFO - Setting next_dagrun for 8-mlops_pipeline to None, run_after=None
[2026-09-21T02:11:20.213+0000] {processor.py:178} INFO - Processing /opt/airflow/dags/8_mlops_pipeline.py took 0.216 seconds
[2026-09-21T02:11:50.462+0000] {processor.py:156} INFO - Started process (PID=379) to work on /opt/airflow/dags/8_mlops_pipeline.py
[2026-09-21T02:11:50.463+0000] {processor.py:799} INFO - Processing file /opt/airflow/dags/8_mlops_pipeline.py for tasks to queue
[2026-09-21T02:11:50.465+0000] {logging_mixin.py:149} INFO - [2026-09-21T02:11:50.464+0000] {dagbag.py:541} INFO - Filling up the DagBag from /opt/airflow/dags/8_mlops_pipeline.py
[2026-09-21T02:11:50.474+0000] {processor.py:809} INFO - DAG(s) dict_keys(['8-mlops_pipeline']) retrieved from /opt/airflow/dags/8_mlops_pipeline.py
[2026-09-21T02:11:50.537+0000] {logging_mixin.py:149} INFO - [2026-09-21T02:11:50.537+0000] {dag.py:2726} INFO - Sync 1 DAGs
[2026-09-21T02:11:50.579+0000] {logging_mixin.py:149} INFO - [2026-09-21T02:11:50.579+0000] {dag.py:3490} INFO - Setting next_dagrun for 8-mlops_pipeline to None, run_after=None
[2026-09-21T02:11:50.611+0000] {processor.py:178} INFO - Processing /opt/airflow/dags/8_mlops_pipeline.py took 0.158 seconds
[2026-09-21T02:12:20.965+0000] {processor.py:156} INFO - Started process (PID=390) to work on /opt/airflow/dags/8_mlops_pipeline.py
[2026-09-21T02:12:20.968+0000] {processor.py:799} INFO - Processing file /opt/airflow/dags/8_mlops_pipeline.py for tasks to queue
[2026-09-21T02:12:20.970+0000] {logging_mixin.py:149} INFO - [2026-09-21T02:12:20.970+0000] {dagbag.py:541} INFO - Filling up the DagBag from /opt/airflow/dags/8_mlops_pipeline.py
[2026-09-21T02:12:20.986+0000] {processor.py:809} INFO - DAG(s) dict_keys(['8-mlops_pipeline']) retrieved from /opt/airflow/dags/8_mlops_pipeline.py
[2026-09-21T02:12:21.060+0000] {logging_mixin.py:149} INFO - [2026-09-21T02:12:21.060+0000] {dag.py:2726} INFO - Sync 1 DAGs
[2026-09-21T02:12:21.103+0000] {logging_mixin.py:149} INFO - [2026-09-21T02:12:21.102+0000] {dag.py:3490} INFO - Setting next_dagrun for 8-mlops_pipeline to None, run_after=None
[2026-09-21T02:12:21.140+0000] {processor.py:178} INFO - Processing /opt/airflow/dags/8_mlops_pipeline.py took 0.195 seconds
[2026-09-21T02:12:51.244+0000] {processor.py:156} INFO - Started process (PID=401) to work on /opt/airflow/dags/8_mlops_pipeline.py
[2026-09-21T02:12:51.246+0000] {processor.py:799} INFO - Processing file /opt/airflow/dags/8_mlops_pipeline.py for tasks to queue
[2026-09-21T02:12:51.247+0000] {logging_mixin.py:149} INFO - [2026-09-21T02:12:51.247+0000] {dagbag.py:541} INFO - Filling up the DagBag from /opt/airflow/dags/8_mlops_pipeline.py
[2026-09-21T02:12:51.256+0000] {processor.py:809} INFO - DAG(s) dict_keys(['8-mlops_pipeline']) retrieved from /opt/airflow/dags/8_mlops_pipeline.py
[2026-09-21T02:12:51.310+0000] {logging_mixin.py:149} INFO - [2026-09-21T02:12:51.310+0000] {dag.py:2726} INFO - Sync 1 DAGs
[2026-09-21T02:12:51.346+0000] {logging_mixin.py:149} INFO - [2026-09-21T02:12:51.346+0000] {dag.py:3490} INFO - Setting next_dagrun for 8-mlops_pipeline to None, run_after=None
[2026-09-21T02:12:51.380+0000] {processor.py:178} INFO - Processing /opt/airflow/dags/8_mlops_pipeline.py took 0.141 seconds
[2026-09-21T02:13:21.463+0000] {processor.py:156} INFO - Started process (PID=412) to work on /opt/airflow/dags/8_mlops_pipeline.py
[2026-09-21T02:13:21.466+0000] {processor.py:799} INFO - Processing file /opt/airflow/dags/8_mlops_pipeline.py for tasks to queue
[2026-09-21T02:13:21.469+0000] {logging_mixin.py:149} INFO - [2026-09-21T02:13:21.468+0000] {dagbag.py:541} INFO - Filling up the DagBag from /opt/airflow/dags/8_mlops_pipeline.py
[2026-09-21T02:13:21.480+0000] {processor.py:809} INFO - DAG(s) dict_keys(['8-mlops_pipeline']) retrieved from /opt/airflow/dags/8_mlops_pipeline.py
[2026-09-21T02:13:21.541+0000] {logging_mixin.py:149} INFO - [2026-09-21T02:13:21.541+0000] {dag.py:2726} INFO - Sync 1 DAGs
[2026-09-21T02:13:21.583+0000] {logging_mixin.py:149} INFO - [2026-09-21T02:13:21.582+0000] {dag.py:3490} INFO - Setting next_dagrun for 8-mlops_pipeline to None, run_after=None
[2026-09-21T02:13:21.626+0000] {processor.py:178} INFO - Processing /opt/airflow/dags/8_mlops_pipeline.py took 0.174 seconds
[2026-09-21T02:13:51.877+0000] {processor.py:156} INFO - Started process (PID=423) to work on /opt/airflow/dags/8_mlops_pipeline.py
[2026-09-21T02:13:51.878+0000] {processor.py:799} INFO - Processing file /opt/airflow/dags/8_mlops_pipeline.py for tasks to queue
[2026-09-21T02:13:51.879+0000] {logging_mixin.py:149} INFO - [2026-09-21T02:13:51.879+0000] {dagbag.py:541} INFO - Filling up the DagBag from /opt/airflow/dags/8_mlops_pipeline.py
[2026-09-21T02:13:51.888+0000] {processor.py:809} INFO - DAG(s) dict_keys(['8-mlops_pipeline']) retrieved from /opt/airflow/dags/8_mlops_pipeline.py
[2026-09-21T02:13:51.937+0000] {logging_mixin.py:149} INFO - [2026-09-21T02:13:51.936+0000] {dag.py:2726} INFO - Sync 1 DAGs
[2026-09-21T02:13:51.970+0000] {logging_mixin.py:149} INFO - [2026-09-21T02:13:51.970+0000] {dag.py:3490} INFO - Setting next_dagrun for 8-mlops_pipeline to None, run_after=None
[2026-09-21T02:13:52.004+0000] {processor.py:178} INFO - Processing /opt/airflow/dags/8_mlops_pipeline.py took 0.133 seconds
[2026-09-21T02:14:22.834+0000] {processor.py:156} INFO - Started process (PID=434) to work on /opt/airflow/dags/8_mlops_pipeline.py
[2026-09-21T02:14:22.838+0000] {processor.py:799} INFO - Processing file /opt/airflow/dags/8_mlops_pipeline.py for tasks to queue
[2026-09-21T02:14:22.839+0000] {logging_mixin.py:149} INFO - [2026-09-21T02:14:22.839+0000] {dagbag.py:541} INFO - Filling up the DagBag from /opt/airflow/dags/8_mlops_pipeline.py
[2026-09-21T02:14:22.865+0000] {processor.py:809} INFO - DAG(s) dict_keys(['8-mlops_pipeline']) retrieved from /opt/airflow/dags/8_mlops_pipeline.py
[2026-09-21T02:14:23.090+0000] {logging_mixin.py:149} INFO - [2026-09-21T02:14:23.089+0000] {dag.py:2726} INFO - Sync 1 DAGs
[2026-09-21T02:14:23.253+0000] {logging_mixin.py:149} INFO - [2026-09-21T02:14:23.253+0000] {dag.py:3490} INFO - Setting next_dagrun for 8-mlops_pipeline to None, run_after=None
[2026-09-21T02:14:23.372+0000] {processor.py:178} INFO - Processing /opt/airflow/dags/8_mlops_pipeline.py took 0.559 seconds
[2026-09-21T02:14:53.623+0000] {processor.py:156} INFO - Started process (PID=445) to work on /opt/airflow/dags/8_mlops_pipeline.py
[2026-09-21T02:14:53.624+0000] {processor.py:799} INFO - Processing file /opt/airflow/dags/8_mlops_pipeline.py for tasks to queue
[2026-09-21T02:14:53.625+0000] {logging_mixin.py:149} INFO - [2026-09-21T02:14:53.625+0000] {dagbag.py:541} INFO - Filling up the DagBag from /opt/airflow/dags/8_mlops_pipeline.py
[2026-09-21T02:14:53.639+0000] {processor.py:809} INFO - DAG(s) dict_keys(['8-mlops_pipeline']) retrieved from /opt/airflow/dags/8_mlops_pipeline.py
[2026-09-21T02:14:53.715+0000] {logging_mixin.py:149} INFO - [2026-09-21T02:14:53.714+0000] {dag.py:2726} INFO - Sync 1 DAGs
[2026-09-21T02:14:53.754+0000] {logging_mixin.py:149} INFO - [2026-09-21T02:14:53.754+0000] {dag.py:3490} INFO - Setting next_dagrun for 8-mlops_pipeline to None, run_after=None
[2026-09-21T02:14:53.795+0000] {processor.py:178} INFO - Processing /opt/airflow/dags/8_mlops_pipeline.py took 0.182 seconds
[2026-09-21T02:15:23.978+0000] {processor.py:156} INFO - Started process (PID=456) to work on /opt/airflow/dags/8_mlops_pipeline.py
[2026-09-21T02:15:23.980+0000] {processor.py:799} INFO - Processing file /opt/airflow/dags/8_mlops_pipeline.py for tasks to queue
[2026-09-21T02:15:23.981+0000] {logging_mixin.py:149} INFO - [2026-09-21T02:15:23.981+0000] {dagbag.py:541} INFO - Filling up the DagBag from /opt/airflow/dags/8_mlops_pipeline.py
[2026-09-21T02:15:23.992+0000] {processor.py:809} INFO - DAG(s) dict_keys(['8-mlops_pipeline']) retrieved from /opt/airflow/dags/8_mlops_pipeline.py
[2026-09-21T02:15:24.072+0000] {logging_mixin.py:149} INFO - [2026-09-21T02:15:24.071+0000] {dag.py:2726} INFO - Sync 1 DAGs
[2026-09-21T02:15:24.116+0000] {logging_mixin.py:149} INFO - [2026-09-21T02:15:24.116+0000] {dag.py:3490} INFO - Setting next_dagrun for 8-mlops_pipeline to None, run_after=None
[2026-09-21T02:15:24.146+0000] {processor.py:178} INFO - Processing /opt/airflow/dags/8_mlops_pipeline.py took 0.181 seconds
[2026-09-21T02:15:54.331+0000] {processor.py:156} INFO - Started process (PID=467) to work on /opt/airflow/dags/8_mlops_pipeline.py
[2026-09-21T02:15:54.333+0000] {processor.py:799} INFO - Processing file /opt/airflow/dags/8_mlops_pipeline.py for tasks to queue
[2026-09-21T02:15:54.334+0000] {logging_mixin.py:149} INFO - [2026-09-21T02:15:54.334+0000] {dagbag.py:541} INFO - Filling up the DagBag from /opt/airflow/dags/8_mlops_pipeline.py
[2026-09-21T02:15:54.344+0000] {processor.py:809} INFO - DAG(s) dict_keys(['8-mlops_pipeline']) retrieved from /opt/airflow/dags/8_mlops_pipeline.py
[2026-09-21T02:15:54.420+0000] {logging_mixin.py:149} INFO - [2026-09-21T02:15:54.420+0000] {dag.py:2726} INFO - Sync 1 DAGs
[2026-09-21T02:15:54.468+0000] {logging_mixin.py:149} INFO - [2026-09-21T02:15:54.468+0000] {dag.py:3490} INFO - Setting next_dagrun for 8-mlops_pipeline to None, run_after=None
[2026-09-21T02:15:54.524+0000] {processor.py:178} INFO - Processing /opt/airflow/dags/8_mlops_pipeline.py took 0.199 seconds
[2026-09-21T02:16:24.778+0000] {processor.py:156} INFO - Started process (PID=478) to work on /opt/airflow/dags/8_mlops_pipeline.py
[2026-09-21T02:16:24.780+0000] {processor.py:799} INFO - Processing file /opt/airflow/dags/8_mlops_pipeline.py for tasks to queue
[2026-09-21T02:16:24.781+0000] {logging_mixin.py:149} INFO - [2026-09-21T02:16:24.780+0000] {dagbag.py:541} INFO - Filling up the DagBag from /opt/airflow/dags/8_mlops_pipeline.py
[2026-09-21T02:16:24.791+0000] {processor.py:809} INFO - DAG(s) dict_keys(['8-mlops_pipeline']) retrieved from /opt/airflow/dags/8_mlops_pipeline.py
[2026-09-21T02:16:24.873+0000] {logging_mixin.py:149} INFO - [2026-09-21T02:16:24.872+0000] {dag.py:2726} INFO - Sync 1 DAGs
[2026-09-21T02:16:24.946+0000] {logging_mixin.py:149} INFO - [2026-09-21T02:16:24.945+0000] {dag.py:3490} INFO - Setting next_dagrun for 8-mlops_pipeline to None, run_after=None
[2026-09-21T02:16:24.988+0000] {processor.py:178} INFO - Processing /opt/airflow/dags/8_mlops_pipeline.py took 0.217 seconds
[2026-09-21T02:16:55.084+0000] {processor.py:156} INFO - Started process (PID=489) to work on /opt/airflow/dags/8_mlops_pipeline.py
[2026-09-21T02:16:55.099+0000] {processor.py:799} INFO - Processing file /opt/airflow/dags/8_mlops_pipeline.py for tasks to queue
[2026-09-21T02:16:55.100+0000] {logging_mixin.py:149} INFO - [2026-09-21T02:16:55.100+0000] {dagbag.py:541} INFO - Filling up the DagBag from /opt/airflow/dags/8_mlops_pipeline.py
[2026-09-21T02:16:55.114+0000] {processor.py:809} INFO - DAG(s) dict_keys(['8-mlops_pipeline']) retrieved from /opt/airflow/dags/8_mlops_pipeline.py
[2026-09-21T02:16:55.178+0000] {logging_mixin.py:149} INFO - [2026-09-21T02:16:55.178+0000] {dag.py:2726} INFO - Sync 1 DAGs
[2026-09-21T02:16:55.274+0000] {logging_mixin.py:149} INFO - [2026-09-21T02:16:55.274+0000] {dag.py:3490} INFO - Setting next_dagrun for 8-mlops_pipeline to None, run_after=None
[2026-09-21T02:16:55.315+0000] {processor.py:178} INFO - Processing /opt/airflow/dags/8_mlops_pipeline.py took 0.235 seconds
[2026-09-21T02:17:25.418+0000] {processor.py:156} INFO - Started process (PID=500) to work on /opt/airflow/dags/8_mlops_pipeline.py
[2026-09-21T02:17:25.420+0000] {processor.py:799} INFO - Processing file /opt/airflow/dags/8_mlops_pipeline.py for tasks to queue
[2026-09-21T02:17:25.421+0000] {logging_mixin.py:149} INFO - [2026-09-21T02:17:25.420+0000] {dagbag.py:541} INFO - Filling up the DagBag from /opt/airflow/dags/8_mlops_pipeline.py
[2026-09-21T02:17:25.430+0000] {processor.py:809} INFO - DAG(s) dict_keys(['8-mlops_pipeline']) retrieved from /opt/airflow/dags/8_mlops_pipeline.py
[2026-09-21T02:17:25.486+0000] {logging_mixin.py:149} INFO - [2026-09-21T02:17:25.485+0000] {dag.py:2726} INFO - Sync 1 DAGs
[2026-09-21T02:17:25.524+0000] {logging_mixin.py:149} INFO - [2026-09-21T02:17:25.524+0000] {dag.py:3490} INFO - Setting next_dagrun for 8-mlops_pipeline to None, run_after=None
[2026-09-21T02:17:25.559+0000] {processor.py:178} INFO - Processing /opt/airflow/dags/8_mlops_pipeline.py took 0.147 seconds
[2026-09-21T02:17:26.097+0000] {processor.py:156} INFO - Started process (PID=503) to work on /opt/airflow/dags/8_mlops_pipeline.py
[2026-09-21T02:17:26.099+0000] {processor.py:799} INFO - Processing file /opt/airflow/dags/8_mlops_pipeline.py for tasks to queue
[2026-09-21T02:17:26.100+0000] {logging_mixin.py:149} INFO - [2026-09-21T02:17:26.100+0000] {dagbag.py:541} INFO - Filling up the DagBag from /opt/airflow/dags/8_mlops_pipeline.py
[2026-09-21T02:17:26.121+0000] {processor.py:809} INFO - DAG(s) dict_keys(['8-mlops_pipeline']) retrieved from /opt/airflow/dags/8_mlops_pipeline.py
[2026-09-21T02:17:26.187+0000] {logging_mixin.py:149} INFO - [2026-09-21T02:17:26.186+0000] {dag.py:2726} INFO - Sync 1 DAGs
[2026-09-21T02:17:26.227+0000] {logging_mixin.py:149} INFO - [2026-09-21T02:17:26.226+0000] {dag.py:3490} INFO - Setting next_dagrun for 8-mlops_pipeline to None, run_after=None
[2026-09-21T02:17:26.273+0000] {processor.py:178} INFO - Processing /opt/airflow/dags/8_mlops_pipeline.py took 0.187 seconds
[2026-09-21T02:17:56.879+0000] {processor.py:156} INFO - Started process (PID=516) to work on /opt/airflow/dags/8_mlops_pipeline.py
[2026-09-21T02:17:56.886+0000] {processor.py:799} INFO - Processing file /opt/airflow/dags/8_mlops_pipeline.py for tasks to queue
[2026-09-21T02:17:56.888+0000] {logging_mixin.py:149} INFO - [2026-09-21T02:17:56.887+0000] {dagbag.py:541} INFO - Filling up the DagBag from /opt/airflow/dags/8_mlops_pipeline.py
[2026-09-21T02:17:56.906+0000] {processor.py:809} INFO - DAG(s) dict_keys(['8-mlops_pipeline']) retrieved from /opt/airflow/dags/8_mlops_pipeline.py
[2026-09-21T02:17:56.992+0000] {logging_mixin.py:149} INFO - [2026-09-21T02:17:56.992+0000] {dag.py:2726} INFO - Sync 1 DAGs
[2026-09-21T02:17:57.063+0000] {logging_mixin.py:149} INFO - [2026-09-21T02:17:57.062+0000] {dag.py:3490} INFO - Setting next_dagrun for 8-mlops_pipeline to None, run_after=None
[2026-09-21T02:17:57.119+0000] {processor.py:178} INFO - Processing /opt/airflow/dags/8_mlops_pipeline.py took 0.247 seconds
[2026-09-21T02:18:27.382+0000] {processor.py:156} INFO - Started process (PID=527) to work on /opt/airflow/dags/8_mlops_pipeline.py
[2026-09-21T02:18:27.383+0000] {processor.py:799} INFO - Processing file /opt/airflow/dags/8_mlops_pipeline.py for tasks to queue
[2026-09-21T02:18:27.384+0000] {logging_mixin.py:149} INFO - [2026-09-21T02:18:27.383+0000] {dagbag.py:541} INFO - Filling up the DagBag from /opt/airflow/dags/8_mlops_pipeline.py
[2026-09-21T02:18:27.396+0000] {processor.py:809} INFO - DAG(s) dict_keys(['8-mlops_pipeline']) retrieved from /opt/airflow/dags/8_mlops_pipeline.py
[2026-09-21T02:18:27.461+0000] {logging_mixin.py:149} INFO - [2026-09-21T02:18:27.461+0000] {dag.py:2726} INFO - Sync 1 DAGs
[2026-09-21T02:18:27.505+0000] {logging_mixin.py:149} INFO - [2026-09-21T02:18:27.504+0000] {dag.py:3490} INFO - Setting next_dagrun for 8-mlops_pipeline to None, run_after=None
[2026-09-21T02:18:27.562+0000] {processor.py:178} INFO - Processing /opt/airflow/dags/8_mlops_pipeline.py took 0.187 seconds
[2026-09-21T02:18:58.219+0000] {processor.py:156} INFO - Started process (PID=538) to work on /opt/airflow/dags/8_mlops_pipeline.py
[2026-09-21T02:18:58.227+0000] {processor.py:799} INFO - Processing file /opt/airflow/dags/8_mlops_pipeline.py for tasks to queue
[2026-09-21T02:18:58.228+0000] {logging_mixin.py:149} INFO - [2026-09-21T02:18:58.228+0000] {dagbag.py:541} INFO - Filling up the DagBag from /opt/airflow/dags/8_mlops_pipeline.py
[2026-09-21T02:18:58.241+0000] {processor.py:809} INFO - DAG(s) dict_keys(['8-mlops_pipeline']) retrieved from /opt/airflow/dags/8_mlops_pipeline.py
[2026-09-21T02:18:58.324+0000] {logging_mixin.py:149} INFO - [2026-09-21T02:18:58.323+0000] {dag.py:2726} INFO - Sync 1 DAGs
[2026-09-21T02:18:58.373+0000] {logging_mixin.py:149} INFO - [2026-09-21T02:18:58.372+0000] {dag.py:3490} INFO - Setting next_dagrun for 8-mlops_pipeline to None, run_after=None
[2026-09-21T02:18:58.417+0000] {processor.py:178} INFO - Processing /opt/airflow/dags/8_mlops_pipeline.py took 0.212 seconds
[2026-09-21T02:19:28.716+0000] {processor.py:156} INFO - Started process (PID=549) to work on /opt/airflow/dags/8_mlops_pipeline.py
[2026-09-21T02:19:28.717+0000] {processor.py:799} INFO - Processing file /opt/airflow/dags/8_mlops_pipeline.py for tasks to queue
[2026-09-21T02:19:28.719+0000] {logging_mixin.py:149} INFO - [2026-09-21T02:19:28.719+0000] {dagbag.py:541} INFO - Filling up the DagBag from /opt/airflow/dags/8_mlops_pipeline.py
[2026-09-21T02:19:28.776+0000] {processor.py:809} INFO - DAG(s) dict_keys(['8-mlops_pipeline']) retrieved from /opt/airflow/dags/8_mlops_pipeline.py
[2026-09-21T02:19:28.912+0000] {logging_mixin.py:149} INFO - [2026-09-21T02:19:28.906+0000] {dag.py:2726} INFO - Sync 1 DAGs
[2026-09-21T02:19:29.028+0000] {logging_mixin.py:149} INFO - [2026-09-21T02:19:29.028+0000] {dag.py:3490} INFO - Setting next_dagrun for 8-mlops_pipeline to None, run_after=None
[2026-09-21T02:19:29.075+0000] {processor.py:178} INFO - Processing /opt/airflow/dags/8_mlops_pipeline.py took 0.382 seconds
[2026-09-21T02:19:59.566+0000] {processor.py:156} INFO - Started process (PID=560) to work on /opt/airflow/dags/8_mlops_pipeline.py
[2026-09-21T02:19:59.579+0000] {processor.py:799} INFO - Processing file /opt/airflow/dags/8_mlops_pipeline.py for tasks to queue
[2026-09-21T02:19:59.580+0000] {logging_mixin.py:149} INFO - [2026-09-21T02:19:59.580+0000] {dagbag.py:541} INFO - Filling up the DagBag from /opt/airflow/dags/8_mlops_pipeline.py
[2026-09-21T02:19:59.601+0000] {processor.py:809} INFO - DAG(s) dict_keys(['8-mlops_pipeline']) retrieved from /opt/airflow/dags/8_mlops_pipeline.py
[2026-09-21T02:19:59.683+0000] {logging_mixin.py:149} INFO - [2026-09-21T02:19:59.683+0000] {dag.py:2726} INFO - Sync 1 DAGs
[2026-09-21T02:19:59.731+0000] {logging_mixin.py:149} INFO - [2026-09-21T02:19:59.731+0000] {dag.py:3490} INFO - Setting next_dagrun for 8-mlops_pipeline to None, run_after=None
[2026-09-21T02:19:59.766+0000] {processor.py:178} INFO - Processing /opt/airflow/dags/8_mlops_pipeline.py took 0.206 seconds
[2026-09-21T02:20:30.111+0000] {processor.py:156} INFO - Started process (PID=571) to work on /opt/airflow/dags/8_mlops_pipeline.py
[2026-09-21T02:20:30.112+0000] {processor.py:799} INFO - Processing file /opt/airflow/dags/8_mlops_pipeline.py for tasks to queue
[2026-09-21T02:20:30.113+0000] {logging_mixin.py:149} INFO - [2026-09-21T02:20:30.113+0000] {dagbag.py:541} INFO - Filling up the DagBag from /opt/airflow/dags/8_mlops_pipeline.py
[2026-09-21T02:20:30.121+0000] {processor.py:809} INFO - DAG(s) dict_keys(['8-mlops_pipeline']) retrieved from /opt/airflow/dags/8_mlops_pipeline.py
[2026-09-21T02:20:30.197+0000] {logging_mixin.py:149} INFO - [2026-09-21T02:20:30.196+0000] {dag.py:2726} INFO - Sync 1 DAGs
[2026-09-21T02:20:30.270+0000] {logging_mixin.py:149} INFO - [2026-09-21T02:20:30.270+0000] {dag.py:3490} INFO - Setting next_dagrun for 8-mlops_pipeline to None, run_after=None
[2026-09-21T02:20:30.338+0000] {processor.py:178} INFO - Processing /opt/airflow/dags/8_mlops_pipeline.py took 0.236 seconds
[2026-09-21T02:21:01.465+0000] {processor.py:156} INFO - Started process (PID=584) to work on /opt/airflow/dags/8_mlops_pipeline.py
[2026-09-21T02:21:01.468+0000] {processor.py:799} INFO - Processing file /opt/airflow/dags/8_mlops_pipeline.py for tasks to queue
[2026-09-21T02:21:01.469+0000] {logging_mixin.py:149} INFO - [2026-09-21T02:21:01.469+0000] {dagbag.py:541} INFO - Filling up the DagBag from /opt/airflow/dags/8_mlops_pipeline.py
[2026-09-21T02:21:01.483+0000] {processor.py:809} INFO - DAG(s) dict_keys(['8-mlops_pipeline']) retrieved from /opt/airflow/dags/8_mlops_pipeline.py
[2026-09-21T02:21:01.550+0000] {logging_mixin.py:149} INFO - [2026-09-21T02:21:01.549+0000] {dag.py:2726} INFO - Sync 1 DAGs
[2026-09-21T02:21:01.591+0000] {logging_mixin.py:149} INFO - [2026-09-21T02:21:01.591+0000] {dag.py:3490} INFO - Setting next_dagrun for 8-mlops_pipeline to None, run_after=None
[2026-09-21T02:21:01.622+0000] {processor.py:178} INFO - Processing /opt/airflow/dags/8_mlops_pipeline.py took 0.178 seconds
[2026-09-21T02:21:31.828+0000] {processor.py:156} INFO - Started process (PID=595) to work on /opt/airflow/dags/8_mlops_pipeline.py
[2026-09-21T02:21:31.829+0000] {processor.py:799} INFO - Processing file /opt/airflow/dags/8_mlops_pipeline.py for tasks to queue
[2026-09-21T02:21:31.832+0000] {logging_mixin.py:149} INFO - [2026-09-21T02:21:31.832+0000] {dagbag.py:541} INFO - Filling up the DagBag from /opt/airflow/dags/8_mlops_pipeline.py
[2026-09-21T02:21:31.847+0000] {processor.py:809} INFO - DAG(s) dict_keys(['8-mlops_pipeline']) retrieved from /opt/airflow/dags/8_mlops_pipeline.py
[2026-09-21T02:21:31.931+0000] {logging_mixin.py:149} INFO - [2026-09-21T02:21:31.931+0000] {dag.py:2726} INFO - Sync 1 DAGs
[2026-09-21T02:21:31.986+0000] {logging_mixin.py:149} INFO - [2026-09-21T02:21:31.985+0000] {dag.py:3490} INFO - Setting next_dagrun for 8-mlops_pipeline to None, run_after=None
[2026-09-21T02:21:32.078+0000] {processor.py:178} INFO - Processing /opt/airflow/dags/8_mlops_pipeline.py took 0.259 seconds
[2026-09-21T02:22:02.304+0000] {processor.py:156} INFO - Started process (PID=606) to work on /opt/airflow/dags/8_mlops_pipeline.py
[2026-09-21T02:22:02.317+0000] {processor.py:799} INFO - Processing file /opt/airflow/dags/8_mlops_pipeline.py for tasks to queue
[2026-09-21T02:22:02.318+0000] {logging_mixin.py:149} INFO - [2026-09-21T02:22:02.318+0000] {dagbag.py:541} INFO - Filling up the DagBag from /opt/airflow/dags/8_mlops_pipeline.py
[2026-09-21T02:22:02.333+0000] {processor.py:809} INFO - DAG(s) dict_keys(['8-mlops_pipeline']) retrieved from /opt/airflow/dags/8_mlops_pipeline.py
[2026-09-21T02:22:02.416+0000] {logging_mixin.py:149} INFO - [2026-09-21T02:22:02.416+0000] {dag.py:2726} INFO - Sync 1 DAGs
[2026-09-21T02:22:02.475+0000] {logging_mixin.py:149} INFO - [2026-09-21T02:22:02.474+0000] {dag.py:3490} INFO - Setting next_dagrun for 8-mlops_pipeline to None, run_after=None
[2026-09-21T02:22:02.516+0000] {processor.py:178} INFO - Processing /opt/airflow/dags/8_mlops_pipeline.py took 0.219 seconds
[2026-09-21T02:22:32.771+0000] {processor.py:156} INFO - Started process (PID=618) to work on /opt/airflow/dags/8_mlops_pipeline.py
[2026-09-21T02:22:32.773+0000] {processor.py:799} INFO - Processing file /opt/airflow/dags/8_mlops_pipeline.py for tasks to queue
[2026-09-21T02:22:32.774+0000] {logging_mixin.py:149} INFO - [2026-09-21T02:22:32.774+0000] {dagbag.py:541} INFO - Filling up the DagBag from /opt/airflow/dags/8_mlops_pipeline.py
[2026-09-21T02:22:32.785+0000] {processor.py:809} INFO - DAG(s) dict_keys(['8-mlops_pipeline']) retrieved from /opt/airflow/dags/8_mlops_pipeline.py
[2026-09-21T02:22:32.896+0000] {logging_mixin.py:149} INFO - [2026-09-21T02:22:32.896+0000] {dag.py:2726} INFO - Sync 1 DAGs
[2026-09-21T02:22:33.007+0000] {logging_mixin.py:149} INFO - [2026-09-21T02:22:33.006+0000] {dag.py:3490} INFO - Setting next_dagrun for 8-mlops_pipeline to None, run_after=None
[2026-09-21T02:22:33.070+0000] {processor.py:178} INFO - Processing /opt/airflow/dags/8_mlops_pipeline.py took 0.306 seconds
[2026-09-21T02:23:03.152+0000] {processor.py:156} INFO - Started process (PID=630) to work on /opt/airflow/dags/8_mlops_pipeline.py
[2026-09-21T02:23:03.154+0000] {processor.py:799} INFO - Processing file /opt/airflow/dags/8_mlops_pipeline.py for tasks to queue
[2026-09-21T02:23:03.155+0000] {logging_mixin.py:149} INFO - [2026-09-21T02:23:03.155+0000] {dagbag.py:541} INFO - Filling up the DagBag from /opt/airflow/dags/8_mlops_pipeline.py
[2026-09-21T02:23:03.164+0000] {processor.py:809} INFO - DAG(s) dict_keys(['8-mlops_pipeline']) retrieved from /opt/airflow/dags/8_mlops_pipeline.py
[2026-09-21T02:23:03.220+0000] {logging_mixin.py:149} INFO - [2026-09-21T02:23:03.219+0000] {dag.py:2726} INFO - Sync 1 DAGs
[2026-09-21T02:23:03.262+0000] {logging_mixin.py:149} INFO - [2026-09-21T02:23:03.262+0000] {dag.py:3490} INFO - Setting next_dagrun for 8-mlops_pipeline to None, run_after=None
[2026-09-21T02:23:03.292+0000] {processor.py:178} INFO - Processing /opt/airflow/dags/8_mlops_pipeline.py took 0.145 seconds
[2026-09-21T02:23:33.642+0000] {processor.py:156} INFO - Started process (PID=641) to work on /opt/airflow/dags/8_mlops_pipeline.py
[2026-09-21T02:23:33.650+0000] {processor.py:799} INFO - Processing file /opt/airflow/dags/8_mlops_pipeline.py for tasks to queue
[2026-09-21T02:23:33.652+0000] {logging_mixin.py:149} INFO - [2026-09-21T02:23:33.652+0000] {dagbag.py:541} INFO - Filling up the DagBag from /opt/airflow/dags/8_mlops_pipeline.py
[2026-09-21T02:23:33.685+0000] {processor.py:809} INFO - DAG(s) dict_keys(['8-mlops_pipeline']) retrieved from /opt/airflow/dags/8_mlops_pipeline.py
[2026-09-21T02:23:33.774+0000] {logging_mixin.py:149} INFO - [2026-09-21T02:23:33.773+0000] {dag.py:2726} INFO - Sync 1 DAGs
[2026-09-21T02:23:33.838+0000] {logging_mixin.py:149} INFO - [2026-09-21T02:23:33.837+0000] {dag.py:3490} INFO - Setting next_dagrun for 8-mlops_pipeline to None, run_after=None
[2026-09-21T02:23:33.895+0000] {processor.py:178} INFO - Processing /opt/airflow/dags/8_mlops_pipeline.py took 0.266 seconds
[2026-09-21T02:24:04.015+0000] {processor.py:156} INFO - Started process (PID=652) to work on /opt/airflow/dags/8_mlops_pipeline.py
[2026-09-21T02:24:04.018+0000] {processor.py:799} INFO - Processing file /opt/airflow/dags/8_mlops_pipeline.py for tasks to queue
[2026-09-21T02:24:04.020+0000] {logging_mixin.py:149} INFO - [2026-09-21T02:24:04.019+0000] {dagbag.py:541} INFO - Filling up the DagBag from /opt/airflow/dags/8_mlops_pipeline.py
[2026-09-21T02:24:04.034+0000] {processor.py:809} INFO - DAG(s) dict_keys(['8-mlops_pipeline']) retrieved from /opt/airflow/dags/8_mlops_pipeline.py
[2026-09-21T02:24:04.158+0000] {logging_mixin.py:149} INFO - [2026-09-21T02:24:04.158+0000] {dag.py:2726} INFO - Sync 1 DAGs
[2026-09-21T02:24:04.209+0000] {logging_mixin.py:149} INFO - [2026-09-21T02:24:04.209+0000] {dag.py:3490} INFO - Setting next_dagrun for 8-mlops_pipeline to None, run_after=None
[2026-09-21T02:24:04.252+0000] {processor.py:178} INFO - Processing /opt/airflow/dags/8_mlops_pipeline.py took 0.245 seconds
[2026-09-21T02:24:34.317+0000] {processor.py:156} INFO - Started process (PID=663) to work on /opt/airflow/dags/8_mlops_pipeline.py
[2026-09-21T02:24:34.320+0000] {processor.py:799} INFO - Processing file /opt/airflow/dags/8_mlops_pipeline.py for tasks to queue
[2026-09-21T02:24:34.322+0000] {logging_mixin.py:149} INFO - [2026-09-21T02:24:34.322+0000] {dagbag.py:541} INFO - Filling up the DagBag from /opt/airflow/dags/8_mlops_pipeline.py
[2026-09-21T02:24:34.332+0000] {processor.py:809} INFO - DAG(s) dict_keys(['8-mlops_pipeline']) retrieved from /opt/airflow/dags/8_mlops_pipeline.py
[2026-09-21T02:24:34.408+0000] {logging_mixin.py:149} INFO - [2026-09-21T02:24:34.407+0000] {dag.py:2726} INFO - Sync 1 DAGs
[2026-09-21T02:24:34.467+0000] {logging_mixin.py:149} INFO - [2026-09-21T02:24:34.466+0000] {dag.py:3490} INFO - Setting next_dagrun for 8-mlops_pipeline to None, run_after=None
[2026-09-21T02:24:34.509+0000] {processor.py:178} INFO - Processing /opt/airflow/dags/8_mlops_pipeline.py took 0.200 seconds
[2026-09-21T02:25:04.756+0000] {processor.py:156} INFO - Started process (PID=674) to work on /opt/airflow/dags/8_mlops_pipeline.py
[2026-09-21T02:25:04.758+0000] {processor.py:799} INFO - Processing file /opt/airflow/dags/8_mlops_pipeline.py for tasks to queue
[2026-09-21T02:25:04.759+0000] {logging_mixin.py:149} INFO - [2026-09-21T02:25:04.759+0000] {dagbag.py:541} INFO - Filling up the DagBag from /opt/airflow/dags/8_mlops_pipeline.py
[2026-09-21T02:25:04.768+0000] {processor.py:809} INFO - DAG(s) dict_keys(['8-mlops_pipeline']) retrieved from /opt/airflow/dags/8_mlops_pipeline.py
[2026-09-21T02:25:04.842+0000] {logging_mixin.py:149} INFO - [2026-09-21T02:25:04.841+0000] {dag.py:2726} INFO - Sync 1 DAGs
[2026-09-21T02:25:04.889+0000] {logging_mixin.py:149} INFO - [2026-09-21T02:25:04.889+0000] {dag.py:3490} INFO - Setting next_dagrun for 8-mlops_pipeline to None, run_after=None
[2026-09-21T02:25:04.937+0000] {processor.py:178} INFO - Processing /opt/airflow/dags/8_mlops_pipeline.py took 0.188 seconds
[2026-09-21T02:25:35.046+0000] {processor.py:156} INFO - Started process (PID=685) to work on /opt/airflow/dags/8_mlops_pipeline.py
[2026-09-21T02:25:35.048+0000] {processor.py:799} INFO - Processing file /opt/airflow/dags/8_mlops_pipeline.py for tasks to queue
[2026-09-21T02:25:35.050+0000] {logging_mixin.py:149} INFO - [2026-09-21T02:25:35.049+0000] {dagbag.py:541} INFO - Filling up the DagBag from /opt/airflow/dags/8_mlops_pipeline.py
[2026-09-21T02:25:35.064+0000] {processor.py:809} INFO - DAG(s) dict_keys(['8-mlops_pipeline']) retrieved from /opt/airflow/dags/8_mlops_pipeline.py
[2026-09-21T02:25:35.132+0000] {logging_mixin.py:149} INFO - [2026-09-21T02:25:35.132+0000] {dag.py:2726} INFO - Sync 1 DAGs
[2026-09-21T02:25:35.182+0000] {logging_mixin.py:149} INFO - [2026-09-21T02:25:35.181+0000] {dag.py:3490} INFO - Setting next_dagrun for 8-mlops_pipeline to None, run_after=None
[2026-09-21T02:25:35.243+0000] {processor.py:178} INFO - Processing /opt/airflow/dags/8_mlops_pipeline.py took 0.205 seconds
[2026-09-21T02:26:05.367+0000] {processor.py:156} INFO - Started process (PID=696) to work on /opt/airflow/dags/8_mlops_pipeline.py
[2026-09-21T02:26:05.369+0000] {processor.py:799} INFO - Processing file /opt/airflow/dags/8_mlops_pipeline.py for tasks to queue
[2026-09-21T02:26:05.370+0000] {logging_mixin.py:149} INFO - [2026-09-21T02:26:05.370+0000] {dagbag.py:541} INFO - Filling up the DagBag from /opt/airflow/dags/8_mlops_pipeline.py
[2026-09-21T02:26:05.380+0000] {processor.py:809} INFO - DAG(s) dict_keys(['8-mlops_pipeline']) retrieved from /opt/airflow/dags/8_mlops_pipeline.py
[2026-09-21T02:26:05.437+0000] {logging_mixin.py:149} INFO - [2026-09-21T02:26:05.436+0000] {dag.py:2726} INFO - Sync 1 DAGs
[2026-09-21T02:26:05.475+0000] {logging_mixin.py:149} INFO - [2026-09-21T02:26:05.474+0000] {dag.py:3490} INFO - Setting next_dagrun for 8-mlops_pipeline to None, run_after=None
[2026-09-21T02:26:05.524+0000] {processor.py:178} INFO - Processing /opt/airflow/dags/8_mlops_pipeline.py took 0.163 seconds
[2026-09-21T02:26:35.718+0000] {processor.py:156} INFO - Started process (PID=707) to work on /opt/airflow/dags/8_mlops_pipeline.py
[2026-09-21T02:26:35.721+0000] {processor.py:799} INFO - Processing file /opt/airflow/dags/8_mlops_pipeline.py for tasks to queue
[2026-09-21T02:26:35.722+0000] {logging_mixin.py:149} INFO - [2026-09-21T02:26:35.721+0000] {dagbag.py:541} INFO - Filling up the DagBag from /opt/airflow/dags/8_mlops_pipeline.py
[2026-09-21T02:26:35.733+0000] {processor.py:809} INFO - DAG(s) dict_keys(['8-mlops_pipeline']) retrieved from /opt/airflow/dags/8_mlops_pipeline.py
[2026-09-21T02:26:35.809+0000] {logging_mixin.py:149} INFO - [2026-09-21T02:26:35.808+0000] {dag.py:2726} INFO - Sync 1 DAGs
[2026-09-21T02:26:35.852+0000] {logging_mixin.py:149} INFO - [2026-09-21T02:26:35.852+0000] {dag.py:3490} INFO - Setting next_dagrun for 8-mlops_pipeline to None, run_after=None
[2026-09-21T02:26:35.898+0000] {processor.py:178} INFO - Processing /opt/airflow/dags/8_mlops_pipeline.py took 0.193 seconds
[2026-09-21T02:27:06.191+0000] {processor.py:156} INFO - Started process (PID=718) to work on /opt/airflow/dags/8_mlops_pipeline.py
[2026-09-21T02:27:06.195+0000] {processor.py:799} INFO - Processing file /opt/airflow/dags/8_mlops_pipeline.py for tasks to queue
[2026-09-21T02:27:06.196+0000] {logging_mixin.py:149} INFO - [2026-09-21T02:27:06.196+0000] {dagbag.py:541} INFO - Filling up the DagBag from /opt/airflow/dags/8_mlops_pipeline.py
[2026-09-21T02:27:06.210+0000] {processor.py:809} INFO - DAG(s) dict_keys(['8-mlops_pipeline']) retrieved from /opt/airflow/dags/8_mlops_pipeline.py
[2026-09-21T02:27:06.287+0000] {logging_mixin.py:149} INFO - [2026-09-21T02:27:06.287+0000] {dag.py:2726} INFO - Sync 1 DAGs
[2026-09-21T02:27:06.323+0000] {logging_mixin.py:149} INFO - [2026-09-21T02:27:06.323+0000] {dag.py:3490} INFO - Setting next_dagrun for 8-mlops_pipeline to None, run_after=None
[2026-09-21T02:27:06.355+0000] {processor.py:178} INFO - Processing /opt/airflow/dags/8_mlops_pipeline.py took 0.175 seconds
[2026-09-21T02:27:36.547+0000] {processor.py:156} INFO - Started process (PID=729) to work on /opt/airflow/dags/8_mlops_pipeline.py
[2026-09-21T02:27:36.549+0000] {processor.py:799} INFO - Processing file /opt/airflow/dags/8_mlops_pipeline.py for tasks to queue
[2026-09-21T02:27:36.550+0000] {logging_mixin.py:149} INFO - [2026-09-21T02:27:36.550+0000] {dagbag.py:541} INFO - Filling up the DagBag from /opt/airflow/dags/8_mlops_pipeline.py
[2026-09-21T02:27:36.561+0000] {processor.py:809} INFO - DAG(s) dict_keys(['8-mlops_pipeline']) retrieved from /opt/airflow/dags/8_mlops_pipeline.py
[2026-09-21T02:27:36.636+0000] {logging_mixin.py:149} INFO - [2026-09-21T02:27:36.635+0000] {dag.py:2726} INFO - Sync 1 DAGs
[2026-09-21T02:27:36.676+0000] {logging_mixin.py:149} INFO - [2026-09-21T02:27:36.676+0000] {dag.py:3490} INFO - Setting next_dagrun for 8-mlops_pipeline to None, run_after=None
[2026-09-21T02:27:36.716+0000] {processor.py:178} INFO - Processing /opt/airflow/dags/8_mlops_pipeline.py took 0.176 seconds
[2026-09-21T02:28:07.033+0000] {processor.py:156} INFO - Started process (PID=740) to work on /opt/airflow/dags/8_mlops_pipeline.py
[2026-09-21T02:28:07.036+0000] {processor.py:799} INFO - Processing file /opt/airflow/dags/8_mlops_pipeline.py for tasks to queue
[2026-09-21T02:28:07.037+0000] {logging_mixin.py:149} INFO - [2026-09-21T02:28:07.036+0000] {dagbag.py:541} INFO - Filling up the DagBag from /opt/airflow/dags/8_mlops_pipeline.py
[2026-09-21T02:28:07.046+0000] {processor.py:809} INFO - DAG(s) dict_keys(['8-mlops_pipeline']) retrieved from /opt/airflow/dags/8_mlops_pipeline.py
[2026-09-21T02:28:07.103+0000] {logging_mixin.py:149} INFO - [2026-09-21T02:28:07.102+0000] {dag.py:2726} INFO - Sync 1 DAGs
[2026-09-21T02:28:07.141+0000] {logging_mixin.py:149} INFO - [2026-09-21T02:28:07.141+0000] {dag.py:3490} INFO - Setting next_dagrun for 8-mlops_pipeline to None, run_after=None
[2026-09-21T02:28:07.191+0000] {processor.py:178} INFO - Processing /opt/airflow/dags/8_mlops_pipeline.py took 0.164 seconds
[2026-09-21T02:28:37.402+0000] {processor.py:156} INFO - Started process (PID=751) to work on /opt/airflow/dags/8_mlops_pipeline.py
[2026-09-21T02:28:37.412+0000] {processor.py:799} INFO - Processing file /opt/airflow/dags/8_mlops_pipeline.py for tasks to queue
[2026-09-21T02:28:37.413+0000] {logging_mixin.py:149} INFO - [2026-09-21T02:28:37.413+0000] {dagbag.py:541} INFO - Filling up the DagBag from /opt/airflow/dags/8_mlops_pipeline.py
[2026-09-21T02:28:37.424+0000] {processor.py:809} INFO - DAG(s) dict_keys(['8-mlops_pipeline']) retrieved from /opt/airflow/dags/8_mlops_pipeline.py
[2026-09-21T02:28:37.511+0000] {logging_mixin.py:149} INFO - [2026-09-21T02:28:37.510+0000] {dag.py:2726} INFO - Sync 1 DAGs
[2026-09-21T02:28:37.577+0000] {logging_mixin.py:149} INFO - [2026-09-21T02:28:37.575+0000] {dag.py:3490} INFO - Setting next_dagrun for 8-mlops_pipeline to None, run_after=None
[2026-09-21T02:28:37.633+0000] {processor.py:178} INFO - Processing /opt/airflow/dags/8_mlops_pipeline.py took 0.237 seconds
[2026-09-21T02:29:07.798+0000] {processor.py:156} INFO - Started process (PID=762) to work on /opt/airflow/dags/8_mlops_pipeline.py
[2026-09-21T02:29:07.800+0000] {processor.py:799} INFO - Processing file /opt/airflow/dags/8_mlops_pipeline.py for tasks to queue
[2026-09-21T02:29:07.802+0000] {logging_mixin.py:149} INFO - [2026-09-21T02:29:07.801+0000] {dagbag.py:541} INFO - Filling up the DagBag from /opt/airflow/dags/8_mlops_pipeline.py
[2026-09-21T02:29:07.814+0000] {processor.py:809} INFO - DAG(s) dict_keys(['8-mlops_pipeline']) retrieved from /opt/airflow/dags/8_mlops_pipeline.py
[2026-09-21T02:29:07.938+0000] {logging_mixin.py:149} INFO - [2026-09-21T02:29:07.938+0000] {dag.py:2726} INFO - Sync 1 DAGs
[2026-09-21T02:29:08.047+0000] {logging_mixin.py:149} INFO - [2026-09-21T02:29:08.047+0000] {dag.py:3490} INFO - Setting next_dagrun for 8-mlops_pipeline to None, run_after=None
[2026-09-21T02:29:08.119+0000] {processor.py:178} INFO - Processing /opt/airflow/dags/8_mlops_pipeline.py took 0.330 seconds
[2026-09-21T02:29:38.362+0000] {processor.py:156} INFO - Started process (PID=773) to work on /opt/airflow/dags/8_mlops_pipeline.py
[2026-09-21T02:29:38.366+0000] {processor.py:799} INFO - Processing file /opt/airflow/dags/8_mlops_pipeline.py for tasks to queue
[2026-09-21T02:29:38.367+0000] {logging_mixin.py:149} INFO - [2026-09-21T02:29:38.367+0000] {dagbag.py:541} INFO - Filling up the DagBag from /opt/airflow/dags/8_mlops_pipeline.py
[2026-09-21T02:29:38.377+0000] {processor.py:809} INFO - DAG(s) dict_keys(['8-mlops_pipeline']) retrieved from /opt/airflow/dags/8_mlops_pipeline.py
[2026-09-21T02:29:38.446+0000] {logging_mixin.py:149} INFO - [2026-09-21T02:29:38.446+0000] {dag.py:2726} INFO - Sync 1 DAGs
[2026-09-21T02:29:38.483+0000] {logging_mixin.py:149} INFO - [2026-09-21T02:29:38.482+0000] {dag.py:3490} INFO - Setting next_dagrun for 8-mlops_pipeline to None, run_after=None
[2026-09-21T02:29:38.525+0000] {processor.py:178} INFO - Processing /opt/airflow/dags/8_mlops_pipeline.py took 0.169 seconds
[2026-09-21T02:30:08.714+0000] {processor.py:156} INFO - Started process (PID=784) to work on /opt/airflow/dags/8_mlops_pipeline.py
[2026-09-21T02:30:08.715+0000] {processor.py:799} INFO - Processing file /opt/airflow/dags/8_mlops_pipeline.py for tasks to queue
[2026-09-21T02:30:08.716+0000] {logging_mixin.py:149} INFO - [2026-09-21T02:30:08.716+0000] {dagbag.py:541} INFO - Filling up the DagBag from /opt/airflow/dags/8_mlops_pipeline.py
[2026-09-21T02:30:08.723+0000] {processor.py:809} INFO - DAG(s) dict_keys(['8-mlops_pipeline']) retrieved from /opt/airflow/dags/8_mlops_pipeline.py
[2026-09-21T02:30:08.778+0000] {logging_mixin.py:149} INFO - [2026-09-21T02:30:08.777+0000] {dag.py:2726} INFO - Sync 1 DAGs
[2026-09-21T02:30:08.812+0000] {logging_mixin.py:149} INFO - [2026-09-21T02:30:08.812+0000] {dag.py:3490} INFO - Setting next_dagrun for 8-mlops_pipeline to None, run_after=None
[2026-09-21T02:30:08.838+0000] {processor.py:178} INFO - Processing /opt/airflow/dags/8_mlops_pipeline.py took 0.129 seconds
[2026-09-21T02:30:39.173+0000] {processor.py:156} INFO - Started process (PID=795) to work on /opt/airflow/dags/8_mlops_pipeline.py
[2026-09-21T02:30:39.176+0000] {processor.py:799} INFO - Processing file /opt/airflow/dags/8_mlops_pipeline.py for tasks to queue
[2026-09-21T02:30:39.178+0000] {logging_mixin.py:149} INFO - [2026-09-21T02:30:39.177+0000] {dagbag.py:541} INFO - Filling up the DagBag from /opt/airflow/dags/8_mlops_pipeline.py
[2026-09-21T02:30:39.197+0000] {processor.py:809} INFO - DAG(s) dict_keys(['8-mlops_pipeline']) retrieved from /opt/airflow/dags/8_mlops_pipeline.py
[2026-09-21T02:30:39.276+0000] {logging_mixin.py:149} INFO - [2026-09-21T02:30:39.275+0000] {dag.py:2726} INFO - Sync 1 DAGs
[2026-09-21T02:30:39.369+0000] {logging_mixin.py:149} INFO - [2026-09-21T02:30:39.369+0000] {dag.py:3490} INFO - Setting next_dagrun for 8-mlops_pipeline to None, run_after=None
[2026-09-21T02:30:39.415+0000] {processor.py:178} INFO - Processing /opt/airflow/dags/8_mlops_pipeline.py took 0.250 seconds
[2026-09-21T02:31:09.622+0000] {processor.py:156} INFO - Started process (PID=806) to work on /opt/airflow/dags/8_mlops_pipeline.py
[2026-09-21T02:31:09.626+0000] {processor.py:799} INFO - Processing file /opt/airflow/dags/8_mlops_pipeline.py for tasks to queue
[2026-09-21T02:31:09.628+0000] {logging_mixin.py:149} INFO - [2026-09-21T02:31:09.628+0000] {dagbag.py:541} INFO - Filling up the DagBag from /opt/airflow/dags/8_mlops_pipeline.py
[2026-09-21T02:31:09.645+0000] {processor.py:809} INFO - DAG(s) dict_keys(['8-mlops_pipeline']) retrieved from /opt/airflow/dags/8_mlops_pipeline.py
[2026-09-21T02:31:09.735+0000] {logging_mixin.py:149} INFO - [2026-09-21T02:31:09.735+0000] {dag.py:2726} INFO - Sync 1 DAGs
[2026-09-21T02:31:09.781+0000] {logging_mixin.py:149} INFO - [2026-09-21T02:31:09.780+0000] {dag.py:3490} INFO - Setting next_dagrun for 8-mlops_pipeline to None, run_after=None
[2026-09-21T02:31:09.839+0000] {processor.py:178} INFO - Processing /opt/airflow/dags/8_mlops_pipeline.py took 0.223 seconds
[2026-09-21T02:31:40.041+0000] {processor.py:156} INFO - Started process (PID=817) to work on /opt/airflow/dags/8_mlops_pipeline.py
[2026-09-21T02:31:40.047+0000] {processor.py:799} INFO - Processing file /opt/airflow/dags/8_mlops_pipeline.py for tasks to queue
[2026-09-21T02:31:40.051+0000] {logging_mixin.py:149} INFO - [2026-09-21T02:31:40.050+0000] {dagbag.py:541} INFO - Filling up the DagBag from /opt/airflow/dags/8_mlops_pipeline.py
[2026-09-21T02:31:40.060+0000] {processor.py:809} INFO - DAG(s) dict_keys(['8-mlops_pipeline']) retrieved from /opt/airflow/dags/8_mlops_pipeline.py
[2026-09-21T02:31:40.188+0000] {logging_mixin.py:149} INFO - [2026-09-21T02:31:40.188+0000] {dag.py:2726} INFO - Sync 1 DAGs
[2026-09-21T02:31:40.256+0000] {logging_mixin.py:149} INFO - [2026-09-21T02:31:40.255+0000] {dag.py:3490} INFO - Setting next_dagrun for 8-mlops_pipeline to None, run_after=None
[2026-09-21T02:31:40.316+0000] {processor.py:178} INFO - Processing /opt/airflow/dags/8_mlops_pipeline.py took 0.288 seconds
[2026-09-21T02:32:10.462+0000] {processor.py:156} INFO - Started process (PID=828) to work on /opt/airflow/dags/8_mlops_pipeline.py
[2026-09-21T02:32:10.465+0000] {processor.py:799} INFO - Processing file /opt/airflow/dags/8_mlops_pipeline.py for tasks to queue
[2026-09-21T02:32:10.467+0000] {logging_mixin.py:149} INFO - [2026-09-21T02:32:10.466+0000] {dagbag.py:541} INFO - Filling up the DagBag from /opt/airflow/dags/8_mlops_pipeline.py
[2026-09-21T02:32:10.479+0000] {processor.py:809} INFO - DAG(s) dict_keys(['8-mlops_pipeline']) retrieved from /opt/airflow/dags/8_mlops_pipeline.py
[2026-09-21T02:32:10.568+0000] {logging_mixin.py:149} INFO - [2026-09-21T02:32:10.567+0000] {dag.py:2726} INFO - Sync 1 DAGs
[2026-09-21T02:32:10.620+0000] {logging_mixin.py:149} INFO - [2026-09-21T02:32:10.620+0000] {dag.py:3490} INFO - Setting next_dagrun for 8-mlops_pipeline to None, run_after=None
[2026-09-21T02:32:10.663+0000] {processor.py:178} INFO - Processing /opt/airflow/dags/8_mlops_pipeline.py took 0.213 seconds
[2026-09-21T02:32:40.820+0000] {processor.py:156} INFO - Started process (PID=839) to work on /opt/airflow/dags/8_mlops_pipeline.py
[2026-09-21T02:32:40.823+0000] {processor.py:799} INFO - Processing file /opt/airflow/dags/8_mlops_pipeline.py for tasks to queue
[2026-09-21T02:32:40.824+0000] {logging_mixin.py:149} INFO - [2026-09-21T02:32:40.824+0000] {dagbag.py:541} INFO - Filling up the DagBag from /opt/airflow/dags/8_mlops_pipeline.py
[2026-09-21T02:32:40.836+0000] {processor.py:809} INFO - DAG(s) dict_keys(['8-mlops_pipeline']) retrieved from /opt/airflow/dags/8_mlops_pipeline.py
[2026-09-21T02:32:40.912+0000] {logging_mixin.py:149} INFO - [2026-09-21T02:32:40.912+0000] {dag.py:2726} INFO - Sync 1 DAGs
[2026-09-21T02:32:40.966+0000] {logging_mixin.py:149} INFO - [2026-09-21T02:32:40.966+0000] {dag.py:3490} INFO - Setting next_dagrun for 8-mlops_pipeline to None, run_after=None
[2026-09-21T02:32:41.014+0000] {processor.py:178} INFO - Processing /opt/airflow/dags/8_mlops_pipeline.py took 0.200 seconds
[2026-09-21T02:33:12.043+0000] {processor.py:156} INFO - Started process (PID=850) to work on /opt/airflow/dags/8_mlops_pipeline.py
[2026-09-21T02:33:12.047+0000] {processor.py:799} INFO - Processing file /opt/airflow/dags/8_mlops_pipeline.py for tasks to queue
[2026-09-21T02:33:12.049+0000] {logging_mixin.py:149} INFO - [2026-09-21T02:33:12.048+0000] {dagbag.py:541} INFO - Filling up the DagBag from /opt/airflow/dags/8_mlops_pipeline.py
[2026-09-21T02:33:12.063+0000] {processor.py:809} INFO - DAG(s) dict_keys(['8-mlops_pipeline']) retrieved from /opt/airflow/dags/8_mlops_pipeline.py
[2026-09-21T02:33:12.142+0000] {logging_mixin.py:149} INFO - [2026-09-21T02:33:12.142+0000] {dag.py:2726} INFO - Sync 1 DAGs
[2026-09-21T02:33:12.177+0000] {logging_mixin.py:149} INFO - [2026-09-21T02:33:12.177+0000] {dag.py:3490} INFO - Setting next_dagrun for 8-mlops_pipeline to None, run_after=None
[2026-09-21T02:33:12.216+0000] {processor.py:178} INFO - Processing /opt/airflow/dags/8_mlops_pipeline.py took 0.182 seconds
[2026-09-21T02:33:43.217+0000] {processor.py:156} INFO - Started process (PID=861) to work on /opt/airflow/dags/8_mlops_pipeline.py
[2026-09-21T02:33:43.219+0000] {processor.py:799} INFO - Processing file /opt/airflow/dags/8_mlops_pipeline.py for tasks to queue
[2026-09-21T02:33:43.220+0000] {logging_mixin.py:149} INFO - [2026-09-21T02:33:43.220+0000] {dagbag.py:541} INFO - Filling up the DagBag from /opt/airflow/dags/8_mlops_pipeline.py
[2026-09-21T02:33:43.228+0000] {processor.py:809} INFO - DAG(s) dict_keys(['8-mlops_pipeline']) retrieved from /opt/airflow/dags/8_mlops_pipeline.py
[2026-09-21T02:33:43.286+0000] {logging_mixin.py:149} INFO - [2026-09-21T02:33:43.286+0000] {dag.py:2726} INFO - Sync 1 DAGs
[2026-09-21T02:33:43.322+0000] {logging_mixin.py:149} INFO - [2026-09-21T02:33:43.321+0000] {dag.py:3490} INFO - Setting next_dagrun for 8-mlops_pipeline to None, run_after=None
[2026-09-21T02:33:43.363+0000] {processor.py:178} INFO - Processing /opt/airflow/dags/8_mlops_pipeline.py took 0.151 seconds
[2026-09-21T02:34:14.338+0000] {processor.py:156} INFO - Started process (PID=872) to work on /opt/airflow/dags/8_mlops_pipeline.py
[2026-09-21T02:34:14.344+0000] {processor.py:799} INFO - Processing file /opt/airflow/dags/8_mlops_pipeline.py for tasks to queue
[2026-09-21T02:34:14.345+0000] {logging_mixin.py:149} INFO - [2026-09-21T02:34:14.345+0000] {dagbag.py:541} INFO - Filling up the DagBag from /opt/airflow/dags/8_mlops_pipeline.py
[2026-09-21T02:34:14.355+0000] {processor.py:809} INFO - DAG(s) dict_keys(['8-mlops_pipeline']) retrieved from /opt/airflow/dags/8_mlops_pipeline.py
[2026-09-21T02:34:14.436+0000] {logging_mixin.py:149} INFO - [2026-09-21T02:34:14.435+0000] {dag.py:2726} INFO - Sync 1 DAGs
[2026-09-21T02:34:14.489+0000] {logging_mixin.py:149} INFO - [2026-09-21T02:34:14.489+0000] {dag.py:3490} INFO - Setting next_dagrun for 8-mlops_pipeline to None, run_after=None
[2026-09-21T02:34:14.551+0000] {processor.py:178} INFO - Processing /opt/airflow/dags/8_mlops_pipeline.py took 0.228 seconds
[2026-09-21T02:34:45.030+0000] {processor.py:156} INFO - Started process (PID=883) to work on /opt/airflow/dags/8_mlops_pipeline.py
[2026-09-21T02:34:45.034+0000] {processor.py:799} INFO - Processing file /opt/airflow/dags/8_mlops_pipeline.py for tasks to queue
[2026-09-21T02:34:45.035+0000] {logging_mixin.py:149} INFO - [2026-09-21T02:34:45.035+0000] {dagbag.py:541} INFO - Filling up the DagBag from /opt/airflow/dags/8_mlops_pipeline.py
[2026-09-21T02:34:45.051+0000] {processor.py:809} INFO - DAG(s) dict_keys(['8-mlops_pipeline']) retrieved from /opt/airflow/dags/8_mlops_pipeline.py
[2026-09-21T02:34:45.146+0000] {logging_mixin.py:149} INFO - [2026-09-21T02:34:45.144+0000] {dag.py:2726} INFO - Sync 1 DAGs
[2026-09-21T02:34:45.224+0000] {logging_mixin.py:149} INFO - [2026-09-21T02:34:45.224+0000] {dag.py:3490} INFO - Setting next_dagrun for 8-mlops_pipeline to None, run_after=None
[2026-09-21T02:34:45.265+0000] {processor.py:178} INFO - Processing /opt/airflow/dags/8_mlops_pipeline.py took 0.248 seconds
[2026-09-21T02:35:16.192+0000] {processor.py:156} INFO - Started process (PID=894) to work on /opt/airflow/dags/8_mlops_pipeline.py
[2026-09-21T02:35:16.195+0000] {processor.py:799} INFO - Processing file /opt/airflow/dags/8_mlops_pipeline.py for tasks to queue
[2026-09-21T02:35:16.196+0000] {logging_mixin.py:149} INFO - [2026-09-21T02:35:16.196+0000] {dagbag.py:541} INFO - Filling up the DagBag from /opt/airflow/dags/8_mlops_pipeline.py
[2026-09-21T02:35:16.205+0000] {processor.py:809} INFO - DAG(s) dict_keys(['8-mlops_pipeline']) retrieved from /opt/airflow/dags/8_mlops_pipeline.py
[2026-09-21T02:35:16.305+0000] {logging_mixin.py:149} INFO - [2026-09-21T02:35:16.305+0000] {dag.py:2726} INFO - Sync 1 DAGs
[2026-09-21T02:35:16.358+0000] {logging_mixin.py:149} INFO - [2026-09-21T02:35:16.358+0000] {dag.py:3490} INFO - Setting next_dagrun for 8-mlops_pipeline to None, run_after=None
[2026-09-21T02:35:16.389+0000] {processor.py:178} INFO - Processing /opt/airflow/dags/8_mlops_pipeline.py took 0.207 seconds
[2026-09-21T02:35:43.292+0000] {processor.py:156} INFO - Started process (PID=907) to work on /opt/airflow/dags/8_mlops_pipeline.py
[2026-09-21T02:35:43.294+0000] {processor.py:799} INFO - Processing file /opt/airflow/dags/8_mlops_pipeline.py for tasks to queue
[2026-09-21T02:35:43.296+0000] {logging_mixin.py:149} INFO - [2026-09-21T02:35:43.295+0000] {dagbag.py:541} INFO - Filling up the DagBag from /opt/airflow/dags/8_mlops_pipeline.py
[2026-09-21T02:35:43.309+0000] {processor.py:809} INFO - DAG(s) dict_keys(['8-mlops_pipeline']) retrieved from /opt/airflow/dags/8_mlops_pipeline.py
[2026-09-21T02:35:43.379+0000] {logging_mixin.py:149} INFO - [2026-09-21T02:35:43.378+0000] {dag.py:2726} INFO - Sync 1 DAGs
[2026-09-21T02:35:43.449+0000] {logging_mixin.py:149} INFO - [2026-09-21T02:35:43.449+0000] {dag.py:3490} INFO - Setting next_dagrun for 8-mlops_pipeline to None, run_after=None
[2026-09-21T02:35:43.519+0000] {processor.py:178} INFO - Processing /opt/airflow/dags/8_mlops_pipeline.py took 0.237 seconds
[2026-09-21T02:36:13.723+0000] {processor.py:156} INFO - Started process (PID=918) to work on /opt/airflow/dags/8_mlops_pipeline.py
[2026-09-21T02:36:13.725+0000] {processor.py:799} INFO - Processing file /opt/airflow/dags/8_mlops_pipeline.py for tasks to queue
[2026-09-21T02:36:13.726+0000] {logging_mixin.py:149} INFO - [2026-09-21T02:36:13.726+0000] {dagbag.py:541} INFO - Filling up the DagBag from /opt/airflow/dags/8_mlops_pipeline.py
[2026-09-21T02:36:13.736+0000] {processor.py:809} INFO - DAG(s) dict_keys(['8-mlops_pipeline']) retrieved from /opt/airflow/dags/8_mlops_pipeline.py
[2026-09-21T02:36:13.795+0000] {logging_mixin.py:149} INFO - [2026-09-21T02:36:13.793+0000] {dag.py:2726} INFO - Sync 1 DAGs
[2026-09-21T02:36:13.838+0000] {logging_mixin.py:149} INFO - [2026-09-21T02:36:13.838+0000] {dag.py:3490} INFO - Setting next_dagrun for 8-mlops_pipeline to None, run_after=None
[2026-09-21T02:36:13.882+0000] {processor.py:178} INFO - Processing /opt/airflow/dags/8_mlops_pipeline.py took 0.166 seconds
[2026-09-21T02:36:44.008+0000] {processor.py:156} INFO - Started process (PID=929) to work on /opt/airflow/dags/8_mlops_pipeline.py
[2026-09-21T02:36:44.014+0000] {processor.py:799} INFO - Processing file /opt/airflow/dags/8_mlops_pipeline.py for tasks to queue
[2026-09-21T02:36:44.016+0000] {logging_mixin.py:149} INFO - [2026-09-21T02:36:44.016+0000] {dagbag.py:541} INFO - Filling up the DagBag from /opt/airflow/dags/8_mlops_pipeline.py
[2026-09-21T02:36:44.026+0000] {processor.py:809} INFO - DAG(s) dict_keys(['8-mlops_pipeline']) retrieved from /opt/airflow/dags/8_mlops_pipeline.py
[2026-09-21T02:36:44.085+0000] {logging_mixin.py:149} INFO - [2026-09-21T02:36:44.085+0000] {dag.py:2726} INFO - Sync 1 DAGs
[2026-09-21T02:36:44.125+0000] {logging_mixin.py:149} INFO - [2026-09-21T02:36:44.125+0000] {dag.py:3490} INFO - Setting next_dagrun for 8-mlops_pipeline to None, run_after=None
[2026-09-21T02:36:44.183+0000] {processor.py:178} INFO - Processing /opt/airflow/dags/8_mlops_pipeline.py took 0.196 seconds
[2026-09-21T02:37:14.377+0000] {processor.py:156} INFO - Started process (PID=940) to work on /opt/airflow/dags/8_mlops_pipeline.py
[2026-09-21T02:37:14.379+0000] {processor.py:799} INFO - Processing file /opt/airflow/dags/8_mlops_pipeline.py for tasks to queue
[2026-09-21T02:37:14.381+0000] {logging_mixin.py:149} INFO - [2026-09-21T02:37:14.381+0000] {dagbag.py:541} INFO - Filling up the DagBag from /opt/airflow/dags/8_mlops_pipeline.py
[2026-09-21T02:37:14.390+0000] {processor.py:809} INFO - DAG(s) dict_keys(['8-mlops_pipeline']) retrieved from /opt/airflow/dags/8_mlops_pipeline.py
[2026-09-21T02:37:14.454+0000] {logging_mixin.py:149} INFO - [2026-09-21T02:37:14.454+0000] {dag.py:2726} INFO - Sync 1 DAGs
[2026-09-21T02:37:14.502+0000] {logging_mixin.py:149} INFO - [2026-09-21T02:37:14.501+0000] {dag.py:3490} INFO - Setting next_dagrun for 8-mlops_pipeline to None, run_after=None
[2026-09-21T02:37:14.544+0000] {processor.py:178} INFO - Processing /opt/airflow/dags/8_mlops_pipeline.py took 0.173 seconds
[2026-09-21T02:37:44.777+0000] {processor.py:156} INFO - Started process (PID=951) to work on /opt/airflow/dags/8_mlops_pipeline.py
[2026-09-21T02:37:44.779+0000] {processor.py:799} INFO - Processing file /opt/airflow/dags/8_mlops_pipeline.py for tasks to queue
[2026-09-21T02:37:44.780+0000] {logging_mixin.py:149} INFO - [2026-09-21T02:37:44.780+0000] {dagbag.py:541} INFO - Filling up the DagBag from /opt/airflow/dags/8_mlops_pipeline.py
[2026-09-21T02:37:44.789+0000] {processor.py:809} INFO - DAG(s) dict_keys(['8-mlops_pipeline']) retrieved from /opt/airflow/dags/8_mlops_pipeline.py
[2026-09-21T02:37:44.844+0000] {logging_mixin.py:149} INFO - [2026-09-21T02:37:44.844+0000] {dag.py:2726} INFO - Sync 1 DAGs
[2026-09-21T02:37:44.896+0000] {logging_mixin.py:149} INFO - [2026-09-21T02:37:44.896+0000] {dag.py:3490} INFO - Setting next_dagrun for 8-mlops_pipeline to None, run_after=None
[2026-09-21T02:37:44.926+0000] {processor.py:178} INFO - Processing /opt/airflow/dags/8_mlops_pipeline.py took 0.155 seconds
[2026-09-21T02:38:15.142+0000] {processor.py:156} INFO - Started process (PID=962) to work on /opt/airflow/dags/8_mlops_pipeline.py
[2026-09-21T02:38:15.149+0000] {processor.py:799} INFO - Processing file /opt/airflow/dags/8_mlops_pipeline.py for tasks to queue
[2026-09-21T02:38:15.150+0000] {logging_mixin.py:149} INFO - [2026-09-21T02:38:15.150+0000] {dagbag.py:541} INFO - Filling up the DagBag from /opt/airflow/dags/8_mlops_pipeline.py
[2026-09-21T02:38:15.160+0000] {processor.py:809} INFO - DAG(s) dict_keys(['8-mlops_pipeline']) retrieved from /opt/airflow/dags/8_mlops_pipeline.py
[2026-09-21T02:38:15.244+0000] {logging_mixin.py:149} INFO - [2026-09-21T02:38:15.243+0000] {dag.py:2726} INFO - Sync 1 DAGs
[2026-09-21T02:38:15.301+0000] {logging_mixin.py:149} INFO - [2026-09-21T02:38:15.301+0000] {dag.py:3490} INFO - Setting next_dagrun for 8-mlops_pipeline to None, run_after=None
[2026-09-21T02:38:15.347+0000] {processor.py:178} INFO - Processing /opt/airflow/dags/8_mlops_pipeline.py took 0.210 seconds
[2026-09-21T02:38:45.483+0000] {processor.py:156} INFO - Started process (PID=973) to work on /opt/airflow/dags/8_mlops_pipeline.py
[2026-09-21T02:38:45.487+0000] {processor.py:799} INFO - Processing file /opt/airflow/dags/8_mlops_pipeline.py for tasks to queue
[2026-09-21T02:38:45.488+0000] {logging_mixin.py:149} INFO - [2026-09-21T02:38:45.487+0000] {dagbag.py:541} INFO - Filling up the DagBag from /opt/airflow/dags/8_mlops_pipeline.py
[2026-09-21T02:38:45.496+0000] {processor.py:809} INFO - DAG(s) dict_keys(['8-mlops_pipeline']) retrieved from /opt/airflow/dags/8_mlops_pipeline.py
[2026-09-21T02:38:45.603+0000] {logging_mixin.py:149} INFO - [2026-09-21T02:38:45.603+0000] {dag.py:2726} INFO - Sync 1 DAGs
[2026-09-21T02:38:45.673+0000] {logging_mixin.py:149} INFO - [2026-09-21T02:38:45.673+0000] {dag.py:3490} INFO - Setting next_dagrun for 8-mlops_pipeline to None, run_after=None
[2026-09-21T02:38:45.747+0000] {processor.py:178} INFO - Processing /opt/airflow/dags/8_mlops_pipeline.py took 0.272 seconds
[2026-09-21T02:39:16.018+0000] {processor.py:156} INFO - Started process (PID=984) to work on /opt/airflow/dags/8_mlops_pipeline.py
[2026-09-21T02:39:16.020+0000] {processor.py:799} INFO - Processing file /opt/airflow/dags/8_mlops_pipeline.py for tasks to queue
[2026-09-21T02:39:16.022+0000] {logging_mixin.py:149} INFO - [2026-09-21T02:39:16.022+0000] {dagbag.py:541} INFO - Filling up the DagBag from /opt/airflow/dags/8_mlops_pipeline.py
[2026-09-21T02:39:16.035+0000] {processor.py:809} INFO - DAG(s) dict_keys(['8-mlops_pipeline']) retrieved from /opt/airflow/dags/8_mlops_pipeline.py
[2026-09-21T02:39:16.108+0000] {logging_mixin.py:149} INFO - [2026-09-21T02:39:16.106+0000] {dag.py:2726} INFO - Sync 1 DAGs
[2026-09-21T02:39:16.149+0000] {logging_mixin.py:149} INFO - [2026-09-21T02:39:16.148+0000] {dag.py:3490} INFO - Setting next_dagrun for 8-mlops_pipeline to None, run_after=None
[2026-09-21T02:39:16.188+0000] {processor.py:178} INFO - Processing /opt/airflow/dags/8_mlops_pipeline.py took 0.177 seconds
[2026-09-21T02:39:46.291+0000] {processor.py:156} INFO - Started process (PID=995) to work on /opt/airflow/dags/8_mlops_pipeline.py
[2026-09-21T02:39:46.293+0000] {processor.py:799} INFO - Processing file /opt/airflow/dags/8_mlops_pipeline.py for tasks to queue
[2026-09-21T02:39:46.294+0000] {logging_mixin.py:149} INFO - [2026-09-21T02:39:46.293+0000] {dagbag.py:541} INFO - Filling up the DagBag from /opt/airflow/dags/8_mlops_pipeline.py
[2026-09-21T02:39:46.302+0000] {processor.py:809} INFO - DAG(s) dict_keys(['8-mlops_pipeline']) retrieved from /opt/airflow/dags/8_mlops_pipeline.py
[2026-09-21T02:39:46.371+0000] {logging_mixin.py:149} INFO - [2026-09-21T02:39:46.371+0000] {dag.py:2726} INFO - Sync 1 DAGs
[2026-09-21T02:39:46.427+0000] {logging_mixin.py:149} INFO - [2026-09-21T02:39:46.426+0000] {dag.py:3490} INFO - Setting next_dagrun for 8-mlops_pipeline to None, run_after=None
[2026-09-21T02:39:46.473+0000] {processor.py:178} INFO - Processing /opt/airflow/dags/8_mlops_pipeline.py took 0.189 seconds
[2026-09-21T02:40:17.500+0000] {processor.py:156} INFO - Started process (PID=1006) to work on /opt/airflow/dags/8_mlops_pipeline.py
[2026-09-21T02:40:17.504+0000] {processor.py:799} INFO - Processing file /opt/airflow/dags/8_mlops_pipeline.py for tasks to queue
[2026-09-21T02:40:17.505+0000] {logging_mixin.py:149} INFO - [2026-09-21T02:40:17.505+0000] {dagbag.py:541} INFO - Filling up the DagBag from /opt/airflow/dags/8_mlops_pipeline.py
[2026-09-21T02:40:17.515+0000] {processor.py:809} INFO - DAG(s) dict_keys(['8-mlops_pipeline']) retrieved from /opt/airflow/dags/8_mlops_pipeline.py
[2026-09-21T02:40:17.609+0000] {logging_mixin.py:149} INFO - [2026-09-21T02:40:17.609+0000] {dag.py:2726} INFO - Sync 1 DAGs
[2026-09-21T02:40:17.652+0000] {logging_mixin.py:149} INFO - [2026-09-21T02:40:17.652+0000] {dag.py:3490} INFO - Setting next_dagrun for 8-mlops_pipeline to None, run_after=None
[2026-09-21T02:40:17.686+0000] {processor.py:178} INFO - Processing /opt/airflow/dags/8_mlops_pipeline.py took 0.192 seconds
[2026-09-21T02:40:47.828+0000] {processor.py:156} INFO - Started process (PID=1017) to work on /opt/airflow/dags/8_mlops_pipeline.py
[2026-09-21T02:40:47.835+0000] {processor.py:799} INFO - Processing file /opt/airflow/dags/8_mlops_pipeline.py for tasks to queue
[2026-09-21T02:40:47.836+0000] {logging_mixin.py:149} INFO - [2026-09-21T02:40:47.836+0000] {dagbag.py:541} INFO - Filling up the DagBag from /opt/airflow/dags/8_mlops_pipeline.py
[2026-09-21T02:40:47.853+0000] {processor.py:809} INFO - DAG(s) dict_keys(['8-mlops_pipeline']) retrieved from /opt/airflow/dags/8_mlops_pipeline.py
[2026-09-21T02:40:47.945+0000] {logging_mixin.py:149} INFO - [2026-09-21T02:40:47.944+0000] {dag.py:2726} INFO - Sync 1 DAGs
[2026-09-21T02:40:47.997+0000] {logging_mixin.py:149} INFO - [2026-09-21T02:40:47.997+0000] {dag.py:3490} INFO - Setting next_dagrun for 8-mlops_pipeline to None, run_after=None
[2026-09-21T02:40:48.038+0000] {processor.py:178} INFO - Processing /opt/airflow/dags/8_mlops_pipeline.py took 0.218 seconds
[2026-09-21T02:41:18.246+0000] {processor.py:156} INFO - Started process (PID=1028) to work on /opt/airflow/dags/8_mlops_pipeline.py
[2026-09-21T02:41:18.251+0000] {processor.py:799} INFO - Processing file /opt/airflow/dags/8_mlops_pipeline.py for tasks to queue
[2026-09-21T02:41:18.252+0000] {logging_mixin.py:149} INFO - [2026-09-21T02:41:18.252+0000] {dagbag.py:541} INFO - Filling up the DagBag from /opt/airflow/dags/8_mlops_pipeline.py
[2026-09-21T02:41:18.265+0000] {processor.py:809} INFO - DAG(s) dict_keys(['8-mlops_pipeline']) retrieved from /opt/airflow/dags/8_mlops_pipeline.py
[2026-09-21T02:41:18.397+0000] {logging_mixin.py:149} INFO - [2026-09-21T02:41:18.397+0000] {dag.py:2726} INFO - Sync 1 DAGs
[2026-09-21T02:41:18.478+0000] {logging_mixin.py:149} INFO - [2026-09-21T02:41:18.478+0000] {dag.py:3490} INFO - Setting next_dagrun for 8-mlops_pipeline to None, run_after=None
[2026-09-21T02:41:18.530+0000] {processor.py:178} INFO - Processing /opt/airflow/dags/8_mlops_pipeline.py took 0.291 seconds
[2026-09-21T02:41:48.196+0000] {processor.py:156} INFO - Started process (PID=1041) to work on /opt/airflow/dags/8_mlops_pipeline.py
[2026-09-21T02:41:48.199+0000] {processor.py:799} INFO - Processing file /opt/airflow/dags/8_mlops_pipeline.py for tasks to queue
[2026-09-21T02:41:48.200+0000] {logging_mixin.py:149} INFO - [2026-09-21T02:41:48.200+0000] {dagbag.py:541} INFO - Filling up the DagBag from /opt/airflow/dags/8_mlops_pipeline.py
[2026-09-21T02:41:48.216+0000] {processor.py:809} INFO - DAG(s) dict_keys(['8-mlops_pipeline']) retrieved from /opt/airflow/dags/8_mlops_pipeline.py
[2026-09-21T02:41:48.266+0000] {logging_mixin.py:149} INFO - [2026-09-21T02:41:48.266+0000] {dag.py:2726} INFO - Sync 1 DAGs
[2026-09-21T02:41:48.302+0000] {logging_mixin.py:149} INFO - [2026-09-21T02:41:48.302+0000] {dag.py:3490} INFO - Setting next_dagrun for 8-mlops_pipeline to None, run_after=None
[2026-09-21T02:41:48.339+0000] {processor.py:178} INFO - Processing /opt/airflow/dags/8_mlops_pipeline.py took 0.151 seconds
[2026-09-21T02:42:18.693+0000] {processor.py:156} INFO - Started process (PID=1052) to work on /opt/airflow/dags/8_mlops_pipeline.py
[2026-09-21T02:42:18.694+0000] {processor.py:799} INFO - Processing file /opt/airflow/dags/8_mlops_pipeline.py for tasks to queue
[2026-09-21T02:42:18.695+0000] {logging_mixin.py:149} INFO - [2026-09-21T02:42:18.695+0000] {dagbag.py:541} INFO - Filling up the DagBag from /opt/airflow/dags/8_mlops_pipeline.py
[2026-09-21T02:42:18.704+0000] {processor.py:809} INFO - DAG(s) dict_keys(['8-mlops_pipeline']) retrieved from /opt/airflow/dags/8_mlops_pipeline.py
[2026-09-21T02:42:18.786+0000] {logging_mixin.py:149} INFO - [2026-09-21T02:42:18.786+0000] {dag.py:2726} INFO - Sync 1 DAGs
[2026-09-21T02:42:18.826+0000] {logging_mixin.py:149} INFO - [2026-09-21T02:42:18.825+0000] {dag.py:3490} INFO - Setting next_dagrun for 8-mlops_pipeline to None, run_after=None
[2026-09-21T02:42:18.873+0000] {processor.py:178} INFO - Processing /opt/airflow/dags/8_mlops_pipeline.py took 0.189 seconds
[2026-09-21T02:42:48.953+0000] {processor.py:156} INFO - Started process (PID=1063) to work on /opt/airflow/dags/8_mlops_pipeline.py
[2026-09-21T02:42:48.956+0000] {processor.py:799} INFO - Processing file /opt/airflow/dags/8_mlops_pipeline.py for tasks to queue
[2026-09-21T02:42:48.957+0000] {logging_mixin.py:149} INFO - [2026-09-21T02:42:48.957+0000] {dagbag.py:541} INFO - Filling up the DagBag from /opt/airflow/dags/8_mlops_pipeline.py
[2026-09-21T02:42:48.966+0000] {processor.py:809} INFO - DAG(s) dict_keys(['8-mlops_pipeline']) retrieved from /opt/airflow/dags/8_mlops_pipeline.py
[2026-09-21T02:42:49.048+0000] {logging_mixin.py:149} INFO - [2026-09-21T02:42:49.047+0000] {dag.py:2726} INFO - Sync 1 DAGs
[2026-09-21T02:42:49.095+0000] {logging_mixin.py:149} INFO - [2026-09-21T02:42:49.095+0000] {dag.py:3490} INFO - Setting next_dagrun for 8-mlops_pipeline to None, run_after=None
[2026-09-21T02:42:49.139+0000] {processor.py:178} INFO - Processing /opt/airflow/dags/8_mlops_pipeline.py took 0.193 seconds
[2026-09-21T02:43:19.221+0000] {processor.py:156} INFO - Started process (PID=1074) to work on /opt/airflow/dags/8_mlops_pipeline.py
[2026-09-21T02:43:19.225+0000] {processor.py:799} INFO - Processing file /opt/airflow/dags/8_mlops_pipeline.py for tasks to queue
[2026-09-21T02:43:19.226+0000] {logging_mixin.py:149} INFO - [2026-09-21T02:43:19.226+0000] {dagbag.py:541} INFO - Filling up the DagBag from /opt/airflow/dags/8_mlops_pipeline.py
[2026-09-21T02:43:19.235+0000] {processor.py:809} INFO - DAG(s) dict_keys(['8-mlops_pipeline']) retrieved from /opt/airflow/dags/8_mlops_pipeline.py
[2026-09-21T02:43:19.297+0000] {logging_mixin.py:149} INFO - [2026-09-21T02:43:19.297+0000] {dag.py:2726} INFO - Sync 1 DAGs
[2026-09-21T02:43:19.342+0000] {logging_mixin.py:149} INFO - [2026-09-21T02:43:19.341+0000] {dag.py:3490} INFO - Setting next_dagrun for 8-mlops_pipeline to None, run_after=None
[2026-09-21T02:43:19.379+0000] {processor.py:178} INFO - Processing /opt/airflow/dags/8_mlops_pipeline.py took 0.163 seconds
[2026-09-21T02:43:49.881+0000] {processor.py:156} INFO - Started process (PID=1085) to work on /opt/airflow/dags/8_mlops_pipeline.py
[2026-09-21T02:43:49.883+0000] {processor.py:799} INFO - Processing file /opt/airflow/dags/8_mlops_pipeline.py for tasks to queue
[2026-09-21T02:43:49.885+0000] {logging_mixin.py:149} INFO - [2026-09-21T02:43:49.885+0000] {dagbag.py:541} INFO - Filling up the DagBag from /opt/airflow/dags/8_mlops_pipeline.py
[2026-09-21T02:43:49.894+0000] {processor.py:809} INFO - DAG(s) dict_keys(['8-mlops_pipeline']) retrieved from /opt/airflow/dags/8_mlops_pipeline.py
[2026-09-21T02:43:49.960+0000] {logging_mixin.py:149} INFO - [2026-09-21T02:43:49.960+0000] {dag.py:2726} INFO - Sync 1 DAGs
[2026-09-21T02:43:50.001+0000] {logging_mixin.py:149} INFO - [2026-09-21T02:43:50.000+0000] {dag.py:3490} INFO - Setting next_dagrun for 8-mlops_pipeline to None, run_after=None
[2026-09-21T02:43:50.039+0000] {processor.py:178} INFO - Processing /opt/airflow/dags/8_mlops_pipeline.py took 0.164 seconds
[2026-09-21T02:44:20.381+0000] {processor.py:156} INFO - Started process (PID=1096) to work on /opt/airflow/dags/8_mlops_pipeline.py
[2026-09-21T02:44:20.384+0000] {processor.py:799} INFO - Processing file /opt/airflow/dags/8_mlops_pipeline.py for tasks to queue
[2026-09-21T02:44:20.385+0000] {logging_mixin.py:149} INFO - [2026-09-21T02:44:20.384+0000] {dagbag.py:541} INFO - Filling up the DagBag from /opt/airflow/dags/8_mlops_pipeline.py
[2026-09-21T02:44:20.395+0000] {processor.py:809} INFO - DAG(s) dict_keys(['8-mlops_pipeline']) retrieved from /opt/airflow/dags/8_mlops_pipeline.py
[2026-09-21T02:44:20.496+0000] {logging_mixin.py:149} INFO - [2026-09-21T02:44:20.495+0000] {dag.py:2726} INFO - Sync 1 DAGs
[2026-09-21T02:44:20.558+0000] {logging_mixin.py:149} INFO - [2026-09-21T02:44:20.558+0000] {dag.py:3490} INFO - Setting next_dagrun for 8-mlops_pipeline to None, run_after=None
[2026-09-21T02:44:20.615+0000] {processor.py:178} INFO - Processing /opt/airflow/dags/8_mlops_pipeline.py took 0.239 seconds
[2026-09-21T02:44:50.852+0000] {processor.py:156} INFO - Started process (PID=1107) to work on /opt/airflow/dags/8_mlops_pipeline.py
[2026-09-21T02:44:50.853+0000] {processor.py:799} INFO - Processing file /opt/airflow/dags/8_mlops_pipeline.py for tasks to queue
[2026-09-21T02:44:50.854+0000] {logging_mixin.py:149} INFO - [2026-09-21T02:44:50.854+0000] {dagbag.py:541} INFO - Filling up the DagBag from /opt/airflow/dags/8_mlops_pipeline.py
[2026-09-21T02:44:50.864+0000] {processor.py:809} INFO - DAG(s) dict_keys(['8-mlops_pipeline']) retrieved from /opt/airflow/dags/8_mlops_pipeline.py
[2026-09-21T02:44:50.934+0000] {logging_mixin.py:149} INFO - [2026-09-21T02:44:50.933+0000] {dag.py:2726} INFO - Sync 1 DAGs
[2026-09-21T02:44:50.966+0000] {logging_mixin.py:149} INFO - [2026-09-21T02:44:50.966+0000] {dag.py:3490} INFO - Setting next_dagrun for 8-mlops_pipeline to None, run_after=None
[2026-09-21T02:44:50.999+0000] {processor.py:178} INFO - Processing /opt/airflow/dags/8_mlops_pipeline.py took 0.153 seconds
[2026-09-21T02:45:21.702+0000] {processor.py:156} INFO - Started process (PID=1118) to work on /opt/airflow/dags/8_mlops_pipeline.py
[2026-09-21T02:45:21.704+0000] {processor.py:799} INFO - Processing file /opt/airflow/dags/8_mlops_pipeline.py for tasks to queue
[2026-09-21T02:45:21.705+0000] {logging_mixin.py:149} INFO - [2026-09-21T02:45:21.705+0000] {dagbag.py:541} INFO - Filling up the DagBag from /opt/airflow/dags/8_mlops_pipeline.py
[2026-09-21T02:45:21.720+0000] {processor.py:809} INFO - DAG(s) dict_keys(['8-mlops_pipeline']) retrieved from /opt/airflow/dags/8_mlops_pipeline.py
[2026-09-21T02:45:21.778+0000] {logging_mixin.py:149} INFO - [2026-09-21T02:45:21.778+0000] {dag.py:2726} INFO - Sync 1 DAGs
[2026-09-21T02:45:21.822+0000] {logging_mixin.py:149} INFO - [2026-09-21T02:45:21.822+0000] {dag.py:3490} INFO - Setting next_dagrun for 8-mlops_pipeline to None, run_after=None
[2026-09-21T02:45:21.859+0000] {processor.py:178} INFO - Processing /opt/airflow/dags/8_mlops_pipeline.py took 0.163 seconds
[2026-09-21T02:45:52.808+0000] {processor.py:156} INFO - Started process (PID=1129) to work on /opt/airflow/dags/8_mlops_pipeline.py
[2026-09-21T02:45:52.811+0000] {processor.py:799} INFO - Processing file /opt/airflow/dags/8_mlops_pipeline.py for tasks to queue
[2026-09-21T02:45:52.812+0000] {logging_mixin.py:149} INFO - [2026-09-21T02:45:52.812+0000] {dagbag.py:541} INFO - Filling up the DagBag from /opt/airflow/dags/8_mlops_pipeline.py
[2026-09-21T02:45:52.826+0000] {processor.py:809} INFO - DAG(s) dict_keys(['8-mlops_pipeline']) retrieved from /opt/airflow/dags/8_mlops_pipeline.py
[2026-09-21T02:45:52.918+0000] {logging_mixin.py:149} INFO - [2026-09-21T02:45:52.917+0000] {dag.py:2726} INFO - Sync 1 DAGs
[2026-09-21T02:45:52.964+0000] {logging_mixin.py:149} INFO - [2026-09-21T02:45:52.964+0000] {dag.py:3490} INFO - Setting next_dagrun for 8-mlops_pipeline to None, run_after=None
[2026-09-21T02:45:53.005+0000] {processor.py:178} INFO - Processing /opt/airflow/dags/8_mlops_pipeline.py took 0.205 seconds
[2026-09-21T02:46:23.573+0000] {processor.py:156} INFO - Started process (PID=1140) to work on /opt/airflow/dags/8_mlops_pipeline.py
[2026-09-21T02:46:23.576+0000] {processor.py:799} INFO - Processing file /opt/airflow/dags/8_mlops_pipeline.py for tasks to queue
[2026-09-21T02:46:23.577+0000] {logging_mixin.py:149} INFO - [2026-09-21T02:46:23.577+0000] {dagbag.py:541} INFO - Filling up the DagBag from /opt/airflow/dags/8_mlops_pipeline.py
[2026-09-21T02:46:23.587+0000] {processor.py:809} INFO - DAG(s) dict_keys(['8-mlops_pipeline']) retrieved from /opt/airflow/dags/8_mlops_pipeline.py
[2026-09-21T02:46:23.664+0000] {logging_mixin.py:149} INFO - [2026-09-21T02:46:23.664+0000] {dag.py:2726} INFO - Sync 1 DAGs
[2026-09-21T02:46:23.711+0000] {logging_mixin.py:149} INFO - [2026-09-21T02:46:23.710+0000] {dag.py:3490} INFO - Setting next_dagrun for 8-mlops_pipeline to None, run_after=None
[2026-09-21T02:46:23.752+0000] {processor.py:178} INFO - Processing /opt/airflow/dags/8_mlops_pipeline.py took 0.185 seconds
[2026-09-21T02:46:53.794+0000] {processor.py:156} INFO - Started process (PID=1151) to work on /opt/airflow/dags/8_mlops_pipeline.py
[2026-09-21T02:46:53.796+0000] {processor.py:799} INFO - Processing file /opt/airflow/dags/8_mlops_pipeline.py for tasks to queue
[2026-09-21T02:46:53.797+0000] {logging_mixin.py:149} INFO - [2026-09-21T02:46:53.797+0000] {dagbag.py:541} INFO - Filling up the DagBag from /opt/airflow/dags/8_mlops_pipeline.py
[2026-09-21T02:46:53.806+0000] {processor.py:809} INFO - DAG(s) dict_keys(['8-mlops_pipeline']) retrieved from /opt/airflow/dags/8_mlops_pipeline.py
[2026-09-21T02:46:53.882+0000] {logging_mixin.py:149} INFO - [2026-09-21T02:46:53.882+0000] {dag.py:2726} INFO - Sync 1 DAGs
[2026-09-21T02:46:53.925+0000] {logging_mixin.py:149} INFO - [2026-09-21T02:46:53.925+0000] {dag.py:3490} INFO - Setting next_dagrun for 8-mlops_pipeline to None, run_after=None
[2026-09-21T02:46:53.970+0000] {processor.py:178} INFO - Processing /opt/airflow/dags/8_mlops_pipeline.py took 0.182 seconds
[2026-09-21T02:47:24.973+0000] {processor.py:156} INFO - Started process (PID=1162) to work on /opt/airflow/dags/8_mlops_pipeline.py
[2026-09-21T02:47:24.976+0000] {processor.py:799} INFO - Processing file /opt/airflow/dags/8_mlops_pipeline.py for tasks to queue
[2026-09-21T02:47:24.977+0000] {logging_mixin.py:149} INFO - [2026-09-21T02:47:24.977+0000] {dagbag.py:541} INFO - Filling up the DagBag from /opt/airflow/dags/8_mlops_pipeline.py
[2026-09-21T02:47:24.987+0000] {processor.py:809} INFO - DAG(s) dict_keys(['8-mlops_pipeline']) retrieved from /opt/airflow/dags/8_mlops_pipeline.py
[2026-09-21T02:47:25.087+0000] {logging_mixin.py:149} INFO - [2026-09-21T02:47:25.085+0000] {dag.py:2726} INFO - Sync 1 DAGs
[2026-09-21T02:47:25.180+0000] {logging_mixin.py:149} INFO - [2026-09-21T02:47:25.179+0000] {dag.py:3490} INFO - Setting next_dagrun for 8-mlops_pipeline to None, run_after=None
[2026-09-21T02:47:25.227+0000] {processor.py:178} INFO - Processing /opt/airflow/dags/8_mlops_pipeline.py took 0.263 seconds
[2026-09-21T02:47:56.013+0000] {processor.py:156} INFO - Started process (PID=1173) to work on /opt/airflow/dags/8_mlops_pipeline.py
[2026-09-21T02:47:56.016+0000] {processor.py:799} INFO - Processing file /opt/airflow/dags/8_mlops_pipeline.py for tasks to queue
[2026-09-21T02:47:56.018+0000] {logging_mixin.py:149} INFO - [2026-09-21T02:47:56.018+0000] {dagbag.py:541} INFO - Filling up the DagBag from /opt/airflow/dags/8_mlops_pipeline.py
[2026-09-21T02:47:56.030+0000] {processor.py:809} INFO - DAG(s) dict_keys(['8-mlops_pipeline']) retrieved from /opt/airflow/dags/8_mlops_pipeline.py
[2026-09-21T02:47:56.096+0000] {logging_mixin.py:149} INFO - [2026-09-21T02:47:56.095+0000] {dag.py:2726} INFO - Sync 1 DAGs
[2026-09-21T02:47:56.131+0000] {logging_mixin.py:149} INFO - [2026-09-21T02:47:56.131+0000] {dag.py:3490} INFO - Setting next_dagrun for 8-mlops_pipeline to None, run_after=None
[2026-09-21T02:47:56.162+0000] {processor.py:178} INFO - Processing /opt/airflow/dags/8_mlops_pipeline.py took 0.158 seconds
[2026-09-21T02:48:27.083+0000] {processor.py:156} INFO - Started process (PID=1184) to work on /opt/airflow/dags/8_mlops_pipeline.py
[2026-09-21T02:48:27.092+0000] {processor.py:799} INFO - Processing file /opt/airflow/dags/8_mlops_pipeline.py for tasks to queue
[2026-09-21T02:48:27.093+0000] {logging_mixin.py:149} INFO - [2026-09-21T02:48:27.093+0000] {dagbag.py:541} INFO - Filling up the DagBag from /opt/airflow/dags/8_mlops_pipeline.py
[2026-09-21T02:48:27.106+0000] {processor.py:809} INFO - DAG(s) dict_keys(['8-mlops_pipeline']) retrieved from /opt/airflow/dags/8_mlops_pipeline.py
[2026-09-21T02:48:27.184+0000] {logging_mixin.py:149} INFO - [2026-09-21T02:48:27.184+0000] {dag.py:2726} INFO - Sync 1 DAGs
[2026-09-21T02:48:27.239+0000] {logging_mixin.py:149} INFO - [2026-09-21T02:48:27.239+0000] {dag.py:3490} INFO - Setting next_dagrun for 8-mlops_pipeline to None, run_after=None
[2026-09-21T02:48:27.298+0000] {processor.py:178} INFO - Processing /opt/airflow/dags/8_mlops_pipeline.py took 0.229 seconds
[2026-09-21T02:48:58.266+0000] {processor.py:156} INFO - Started process (PID=1195) to work on /opt/airflow/dags/8_mlops_pipeline.py
[2026-09-21T02:48:58.268+0000] {processor.py:799} INFO - Processing file /opt/airflow/dags/8_mlops_pipeline.py for tasks to queue
[2026-09-21T02:48:58.269+0000] {logging_mixin.py:149} INFO - [2026-09-21T02:48:58.269+0000] {dagbag.py:541} INFO - Filling up the DagBag from /opt/airflow/dags/8_mlops_pipeline.py
[2026-09-21T02:48:58.282+0000] {processor.py:809} INFO - DAG(s) dict_keys(['8-mlops_pipeline']) retrieved from /opt/airflow/dags/8_mlops_pipeline.py
[2026-09-21T02:48:58.373+0000] {logging_mixin.py:149} INFO - [2026-09-21T02:48:58.373+0000] {dag.py:2726} INFO - Sync 1 DAGs
[2026-09-21T02:48:58.426+0000] {logging_mixin.py:149} INFO - [2026-09-21T02:48:58.426+0000] {dag.py:3490} INFO - Setting next_dagrun for 8-mlops_pipeline to None, run_after=None
[2026-09-21T02:48:58.473+0000] {processor.py:178} INFO - Processing /opt/airflow/dags/8_mlops_pipeline.py took 0.214 seconds
[2026-09-21T02:49:29.495+0000] {processor.py:156} INFO - Started process (PID=1206) to work on /opt/airflow/dags/8_mlops_pipeline.py
[2026-09-21T02:49:29.529+0000] {processor.py:799} INFO - Processing file /opt/airflow/dags/8_mlops_pipeline.py for tasks to queue
[2026-09-21T02:49:29.532+0000] {logging_mixin.py:149} INFO - [2026-09-21T02:49:29.531+0000] {dagbag.py:541} INFO - Filling up the DagBag from /opt/airflow/dags/8_mlops_pipeline.py
[2026-09-21T02:49:29.596+0000] {processor.py:809} INFO - DAG(s) dict_keys(['8-mlops_pipeline']) retrieved from /opt/airflow/dags/8_mlops_pipeline.py
[2026-09-21T02:49:29.774+0000] {logging_mixin.py:149} INFO - [2026-09-21T02:49:29.774+0000] {dag.py:2726} INFO - Sync 1 DAGs
[2026-09-21T02:49:29.812+0000] {logging_mixin.py:149} INFO - [2026-09-21T02:49:29.812+0000] {dag.py:3490} INFO - Setting next_dagrun for 8-mlops_pipeline to None, run_after=None
[2026-09-21T02:49:29.849+0000] {processor.py:178} INFO - Processing /opt/airflow/dags/8_mlops_pipeline.py took 0.396 seconds
[2026-09-21T02:49:59.990+0000] {processor.py:156} INFO - Started process (PID=1217) to work on /opt/airflow/dags/8_mlops_pipeline.py
[2026-09-21T02:49:59.995+0000] {processor.py:799} INFO - Processing file /opt/airflow/dags/8_mlops_pipeline.py for tasks to queue
[2026-09-21T02:49:59.998+0000] {logging_mixin.py:149} INFO - [2026-09-21T02:49:59.997+0000] {dagbag.py:541} INFO - Filling up the DagBag from /opt/airflow/dags/8_mlops_pipeline.py
[2026-09-21T02:50:00.009+0000] {processor.py:809} INFO - DAG(s) dict_keys(['8-mlops_pipeline']) retrieved from /opt/airflow/dags/8_mlops_pipeline.py
[2026-09-21T02:50:00.094+0000] {logging_mixin.py:149} INFO - [2026-09-21T02:50:00.094+0000] {dag.py:2726} INFO - Sync 1 DAGs
[2026-09-21T02:50:00.144+0000] {logging_mixin.py:149} INFO - [2026-09-21T02:50:00.144+0000] {dag.py:3490} INFO - Setting next_dagrun for 8-mlops_pipeline to None, run_after=None
[2026-09-21T02:50:00.188+0000] {processor.py:178} INFO - Processing /opt/airflow/dags/8_mlops_pipeline.py took 0.206 seconds
[2026-09-21T02:50:30.301+0000] {processor.py:156} INFO - Started process (PID=1228) to work on /opt/airflow/dags/8_mlops_pipeline.py
[2026-09-21T02:50:30.306+0000] {processor.py:799} INFO - Processing file /opt/airflow/dags/8_mlops_pipeline.py for tasks to queue
[2026-09-21T02:50:30.307+0000] {logging_mixin.py:149} INFO - [2026-09-21T02:50:30.306+0000] {dagbag.py:541} INFO - Filling up the DagBag from /opt/airflow/dags/8_mlops_pipeline.py
[2026-09-21T02:50:30.319+0000] {processor.py:809} INFO - DAG(s) dict_keys(['8-mlops_pipeline']) retrieved from /opt/airflow/dags/8_mlops_pipeline.py
[2026-09-21T02:50:30.420+0000] {logging_mixin.py:149} INFO - [2026-09-21T02:50:30.420+0000] {dag.py:2726} INFO - Sync 1 DAGs
[2026-09-21T02:50:30.483+0000] {logging_mixin.py:149} INFO - [2026-09-21T02:50:30.483+0000] {dag.py:3490} INFO - Setting next_dagrun for 8-mlops_pipeline to None, run_after=None
[2026-09-21T02:50:30.535+0000] {processor.py:178} INFO - Processing /opt/airflow/dags/8_mlops_pipeline.py took 0.240 seconds
[2026-09-21T02:51:00.805+0000] {processor.py:156} INFO - Started process (PID=1239) to work on /opt/airflow/dags/8_mlops_pipeline.py
[2026-09-21T02:51:00.807+0000] {processor.py:799} INFO - Processing file /opt/airflow/dags/8_mlops_pipeline.py for tasks to queue
[2026-09-21T02:51:00.808+0000] {logging_mixin.py:149} INFO - [2026-09-21T02:51:00.808+0000] {dagbag.py:541} INFO - Filling up the DagBag from /opt/airflow/dags/8_mlops_pipeline.py
[2026-09-21T02:51:00.818+0000] {processor.py:809} INFO - DAG(s) dict_keys(['8-mlops_pipeline']) retrieved from /opt/airflow/dags/8_mlops_pipeline.py
[2026-09-21T02:51:00.889+0000] {logging_mixin.py:149} INFO - [2026-09-21T02:51:00.888+0000] {dag.py:2726} INFO - Sync 1 DAGs
[2026-09-21T02:51:00.926+0000] {logging_mixin.py:149} INFO - [2026-09-21T02:51:00.926+0000] {dag.py:3490} INFO - Setting next_dagrun for 8-mlops_pipeline to None, run_after=None
[2026-09-21T02:51:00.956+0000] {processor.py:178} INFO - Processing /opt/airflow/dags/8_mlops_pipeline.py took 0.158 seconds
[2026-09-21T02:51:31.857+0000] {processor.py:156} INFO - Started process (PID=1250) to work on /opt/airflow/dags/8_mlops_pipeline.py
[2026-09-21T02:51:31.860+0000] {processor.py:799} INFO - Processing file /opt/airflow/dags/8_mlops_pipeline.py for tasks to queue
[2026-09-21T02:51:31.861+0000] {logging_mixin.py:149} INFO - [2026-09-21T02:51:31.860+0000] {dagbag.py:541} INFO - Filling up the DagBag from /opt/airflow/dags/8_mlops_pipeline.py
[2026-09-21T02:51:31.871+0000] {processor.py:809} INFO - DAG(s) dict_keys(['8-mlops_pipeline']) retrieved from /opt/airflow/dags/8_mlops_pipeline.py
[2026-09-21T02:51:31.937+0000] {logging_mixin.py:149} INFO - [2026-09-21T02:51:31.937+0000] {dag.py:2726} INFO - Sync 1 DAGs
[2026-09-21T02:51:31.991+0000] {logging_mixin.py:149} INFO - [2026-09-21T02:51:31.991+0000] {dag.py:3490} INFO - Setting next_dagrun for 8-mlops_pipeline to None, run_after=None
[2026-09-21T02:51:32.027+0000] {processor.py:178} INFO - Processing /opt/airflow/dags/8_mlops_pipeline.py took 0.177 seconds
[2026-09-21T02:52:02.811+0000] {processor.py:156} INFO - Started process (PID=1261) to work on /opt/airflow/dags/8_mlops_pipeline.py
[2026-09-21T02:52:02.816+0000] {processor.py:799} INFO - Processing file /opt/airflow/dags/8_mlops_pipeline.py for tasks to queue
[2026-09-21T02:52:02.819+0000] {logging_mixin.py:149} INFO - [2026-09-21T02:52:02.818+0000] {dagbag.py:541} INFO - Filling up the DagBag from /opt/airflow/dags/8_mlops_pipeline.py
[2026-09-21T02:52:02.832+0000] {processor.py:809} INFO - DAG(s) dict_keys(['8-mlops_pipeline']) retrieved from /opt/airflow/dags/8_mlops_pipeline.py
[2026-09-21T02:52:02.888+0000] {logging_mixin.py:149} INFO - [2026-09-21T02:52:02.888+0000] {dag.py:2726} INFO - Sync 1 DAGs
[2026-09-21T02:52:02.925+0000] {logging_mixin.py:149} INFO - [2026-09-21T02:52:02.925+0000] {dag.py:3490} INFO - Setting next_dagrun for 8-mlops_pipeline to None, run_after=None
[2026-09-21T02:52:02.954+0000] {processor.py:178} INFO - Processing /opt/airflow/dags/8_mlops_pipeline.py took 0.160 seconds
[2026-09-21T02:52:33.691+0000] {processor.py:156} INFO - Started process (PID=1272) to work on /opt/airflow/dags/8_mlops_pipeline.py
[2026-09-21T02:52:33.693+0000] {processor.py:799} INFO - Processing file /opt/airflow/dags/8_mlops_pipeline.py for tasks to queue
[2026-09-21T02:52:33.694+0000] {logging_mixin.py:149} INFO - [2026-09-21T02:52:33.694+0000] {dagbag.py:541} INFO - Filling up the DagBag from /opt/airflow/dags/8_mlops_pipeline.py
[2026-09-21T02:52:33.702+0000] {processor.py:809} INFO - DAG(s) dict_keys(['8-mlops_pipeline']) retrieved from /opt/airflow/dags/8_mlops_pipeline.py
[2026-09-21T02:52:33.756+0000] {logging_mixin.py:149} INFO - [2026-09-21T02:52:33.756+0000] {dag.py:2726} INFO - Sync 1 DAGs
[2026-09-21T02:52:33.799+0000] {logging_mixin.py:149} INFO - [2026-09-21T02:52:33.799+0000] {dag.py:3490} INFO - Setting next_dagrun for 8-mlops_pipeline to None, run_after=None
[2026-09-21T02:52:33.825+0000] {processor.py:178} INFO - Processing /opt/airflow/dags/8_mlops_pipeline.py took 0.140 seconds
[2026-09-21T02:53:04.645+0000] {processor.py:156} INFO - Started process (PID=1283) to work on /opt/airflow/dags/8_mlops_pipeline.py
[2026-09-21T02:53:04.647+0000] {processor.py:799} INFO - Processing file /opt/airflow/dags/8_mlops_pipeline.py for tasks to queue
[2026-09-21T02:53:04.649+0000] {logging_mixin.py:149} INFO - [2026-09-21T02:53:04.649+0000] {dagbag.py:541} INFO - Filling up the DagBag from /opt/airflow/dags/8_mlops_pipeline.py
[2026-09-21T02:53:04.660+0000] {processor.py:809} INFO - DAG(s) dict_keys(['8-mlops_pipeline']) retrieved from /opt/airflow/dags/8_mlops_pipeline.py
[2026-09-21T02:53:04.714+0000] {logging_mixin.py:149} INFO - [2026-09-21T02:53:04.714+0000] {dag.py:2726} INFO - Sync 1 DAGs
[2026-09-21T02:53:04.757+0000] {logging_mixin.py:149} INFO - [2026-09-21T02:53:04.757+0000] {dag.py:3490} INFO - Setting next_dagrun for 8-mlops_pipeline to None, run_after=None
[2026-09-21T02:53:04.796+0000] {processor.py:178} INFO - Processing /opt/airflow/dags/8_mlops_pipeline.py took 0.162 seconds
[2026-09-21T02:53:35.514+0000] {processor.py:156} INFO - Started process (PID=1294) to work on /opt/airflow/dags/8_mlops_pipeline.py
[2026-09-21T02:53:35.517+0000] {processor.py:799} INFO - Processing file /opt/airflow/dags/8_mlops_pipeline.py for tasks to queue
[2026-09-21T02:53:35.518+0000] {logging_mixin.py:149} INFO - [2026-09-21T02:53:35.518+0000] {dagbag.py:541} INFO - Filling up the DagBag from /opt/airflow/dags/8_mlops_pipeline.py
[2026-09-21T02:53:35.537+0000] {processor.py:809} INFO - DAG(s) dict_keys(['8-mlops_pipeline']) retrieved from /opt/airflow/dags/8_mlops_pipeline.py
[2026-09-21T02:53:35.641+0000] {logging_mixin.py:149} INFO - [2026-09-21T02:53:35.640+0000] {dag.py:2726} INFO - Sync 1 DAGs
[2026-09-21T02:53:35.685+0000] {logging_mixin.py:149} INFO - [2026-09-21T02:53:35.685+0000] {dag.py:3490} INFO - Setting next_dagrun for 8-mlops_pipeline to None, run_after=None
[2026-09-21T02:53:35.717+0000] {processor.py:178} INFO - Processing /opt/airflow/dags/8_mlops_pipeline.py took 0.212 seconds
[2026-09-21T02:54:06.594+0000] {processor.py:156} INFO - Started process (PID=1305) to work on /opt/airflow/dags/8_mlops_pipeline.py
[2026-09-21T02:54:06.597+0000] {processor.py:799} INFO - Processing file /opt/airflow/dags/8_mlops_pipeline.py for tasks to queue
[2026-09-21T02:54:06.598+0000] {logging_mixin.py:149} INFO - [2026-09-21T02:54:06.598+0000] {dagbag.py:541} INFO - Filling up the DagBag from /opt/airflow/dags/8_mlops_pipeline.py
[2026-09-21T02:54:06.608+0000] {processor.py:809} INFO - DAG(s) dict_keys(['8-mlops_pipeline']) retrieved from /opt/airflow/dags/8_mlops_pipeline.py
[2026-09-21T02:54:06.669+0000] {logging_mixin.py:149} INFO - [2026-09-21T02:54:06.669+0000] {dag.py:2726} INFO - Sync 1 DAGs
[2026-09-21T02:54:06.706+0000] {logging_mixin.py:149} INFO - [2026-09-21T02:54:06.705+0000] {dag.py:3490} INFO - Setting next_dagrun for 8-mlops_pipeline to None, run_after=None
[2026-09-21T02:54:06.736+0000] {processor.py:178} INFO - Processing /opt/airflow/dags/8_mlops_pipeline.py took 0.148 seconds
[2026-09-21T02:54:37.658+0000] {processor.py:156} INFO - Started process (PID=1316) to work on /opt/airflow/dags/8_mlops_pipeline.py
[2026-09-21T02:54:37.664+0000] {processor.py:799} INFO - Processing file /opt/airflow/dags/8_mlops_pipeline.py for tasks to queue
[2026-09-21T02:54:37.666+0000] {logging_mixin.py:149} INFO - [2026-09-21T02:54:37.666+0000] {dagbag.py:541} INFO - Filling up the DagBag from /opt/airflow/dags/8_mlops_pipeline.py
[2026-09-21T02:54:37.686+0000] {processor.py:809} INFO - DAG(s) dict_keys(['8-mlops_pipeline']) retrieved from /opt/airflow/dags/8_mlops_pipeline.py
[2026-09-21T02:54:37.741+0000] {logging_mixin.py:149} INFO - [2026-09-21T02:54:37.740+0000] {dag.py:2726} INFO - Sync 1 DAGs
[2026-09-21T02:54:37.778+0000] {logging_mixin.py:149} INFO - [2026-09-21T02:54:37.778+0000] {dag.py:3490} INFO - Setting next_dagrun for 8-mlops_pipeline to None, run_after=None
[2026-09-21T02:54:37.815+0000] {processor.py:178} INFO - Processing /opt/airflow/dags/8_mlops_pipeline.py took 0.165 seconds
[2026-09-21T02:55:08.635+0000] {processor.py:156} INFO - Started process (PID=1327) to work on /opt/airflow/dags/8_mlops_pipeline.py
[2026-09-21T02:55:08.637+0000] {processor.py:799} INFO - Processing file /opt/airflow/dags/8_mlops_pipeline.py for tasks to queue
[2026-09-21T02:55:08.638+0000] {logging_mixin.py:149} INFO - [2026-09-21T02:55:08.638+0000] {dagbag.py:541} INFO - Filling up the DagBag from /opt/airflow/dags/8_mlops_pipeline.py
[2026-09-21T02:55:08.647+0000] {processor.py:809} INFO - DAG(s) dict_keys(['8-mlops_pipeline']) retrieved from /opt/airflow/dags/8_mlops_pipeline.py
[2026-09-21T02:55:08.704+0000] {logging_mixin.py:149} INFO - [2026-09-21T02:55:08.703+0000] {dag.py:2726} INFO - Sync 1 DAGs
[2026-09-21T02:55:08.737+0000] {logging_mixin.py:149} INFO - [2026-09-21T02:55:08.737+0000] {dag.py:3490} INFO - Setting next_dagrun for 8-mlops_pipeline to None, run_after=None
[2026-09-21T02:55:08.775+0000] {processor.py:178} INFO - Processing /opt/airflow/dags/8_mlops_pipeline.py took 0.144 seconds
[2026-09-21T02:55:39.652+0000] {processor.py:156} INFO - Started process (PID=1338) to work on /opt/airflow/dags/8_mlops_pipeline.py
[2026-09-21T02:55:39.655+0000] {processor.py:799} INFO - Processing file /opt/airflow/dags/8_mlops_pipeline.py for tasks to queue
[2026-09-21T02:55:39.656+0000] {logging_mixin.py:149} INFO - [2026-09-21T02:55:39.656+0000] {dagbag.py:541} INFO - Filling up the DagBag from /opt/airflow/dags/8_mlops_pipeline.py
[2026-09-21T02:55:39.665+0000] {processor.py:809} INFO - DAG(s) dict_keys(['8-mlops_pipeline']) retrieved from /opt/airflow/dags/8_mlops_pipeline.py
[2026-09-21T02:55:39.735+0000] {logging_mixin.py:149} INFO - [2026-09-21T02:55:39.734+0000] {dag.py:2726} INFO - Sync 1 DAGs
[2026-09-21T02:55:39.778+0000] {logging_mixin.py:149} INFO - [2026-09-21T02:55:39.778+0000] {dag.py:3490} INFO - Setting next_dagrun for 8-mlops_pipeline to None, run_after=None
[2026-09-21T02:55:39.805+0000] {processor.py:178} INFO - Processing /opt/airflow/dags/8_mlops_pipeline.py took 0.161 seconds
[2026-09-21T02:56:10.601+0000] {processor.py:156} INFO - Started process (PID=1349) to work on /opt/airflow/dags/8_mlops_pipeline.py
[2026-09-21T02:56:10.606+0000] {processor.py:799} INFO - Processing file /opt/airflow/dags/8_mlops_pipeline.py for tasks to queue
[2026-09-21T02:56:10.608+0000] {logging_mixin.py:149} INFO - [2026-09-21T02:56:10.608+0000] {dagbag.py:541} INFO - Filling up the DagBag from /opt/airflow/dags/8_mlops_pipeline.py
[2026-09-21T02:56:10.625+0000] {processor.py:809} INFO - DAG(s) dict_keys(['8-mlops_pipeline']) retrieved from /opt/airflow/dags/8_mlops_pipeline.py
[2026-09-21T02:56:10.683+0000] {logging_mixin.py:149} INFO - [2026-09-21T02:56:10.683+0000] {dag.py:2726} INFO - Sync 1 DAGs
[2026-09-21T02:56:10.721+0000] {logging_mixin.py:149} INFO - [2026-09-21T02:56:10.721+0000] {dag.py:3490} INFO - Setting next_dagrun for 8-mlops_pipeline to None, run_after=None
[2026-09-21T02:56:10.764+0000] {processor.py:178} INFO - Processing /opt/airflow/dags/8_mlops_pipeline.py took 0.187 seconds
[2026-09-21T02:56:40.939+0000] {processor.py:156} INFO - Started process (PID=1360) to work on /opt/airflow/dags/8_mlops_pipeline.py
[2026-09-21T02:56:40.946+0000] {processor.py:799} INFO - Processing file /opt/airflow/dags/8_mlops_pipeline.py for tasks to queue
[2026-09-21T02:56:40.947+0000] {logging_mixin.py:149} INFO - [2026-09-21T02:56:40.947+0000] {dagbag.py:541} INFO - Filling up the DagBag from /opt/airflow/dags/8_mlops_pipeline.py
[2026-09-21T02:56:40.968+0000] {processor.py:809} INFO - DAG(s) dict_keys(['8-mlops_pipeline']) retrieved from /opt/airflow/dags/8_mlops_pipeline.py
[2026-09-21T02:56:41.028+0000] {logging_mixin.py:149} INFO - [2026-09-21T02:56:41.028+0000] {dag.py:2726} INFO - Sync 1 DAGs
[2026-09-21T02:56:41.067+0000] {logging_mixin.py:149} INFO - [2026-09-21T02:56:41.067+0000] {dag.py:3490} INFO - Setting next_dagrun for 8-mlops_pipeline to None, run_after=None
[2026-09-21T02:56:41.135+0000] {processor.py:178} INFO - Processing /opt/airflow/dags/8_mlops_pipeline.py took 0.202 seconds
[2026-09-21T02:57:11.308+0000] {processor.py:156} INFO - Started process (PID=1371) to work on /opt/airflow/dags/8_mlops_pipeline.py
[2026-09-21T02:57:11.314+0000] {processor.py:799} INFO - Processing file /opt/airflow/dags/8_mlops_pipeline.py for tasks to queue
[2026-09-21T02:57:11.315+0000] {logging_mixin.py:149} INFO - [2026-09-21T02:57:11.315+0000] {dagbag.py:541} INFO - Filling up the DagBag from /opt/airflow/dags/8_mlops_pipeline.py
[2026-09-21T02:57:11.326+0000] {processor.py:809} INFO - DAG(s) dict_keys(['8-mlops_pipeline']) retrieved from /opt/airflow/dags/8_mlops_pipeline.py
[2026-09-21T02:57:11.401+0000] {logging_mixin.py:149} INFO - [2026-09-21T02:57:11.401+0000] {dag.py:2726} INFO - Sync 1 DAGs
[2026-09-21T02:57:11.437+0000] {logging_mixin.py:149} INFO - [2026-09-21T02:57:11.436+0000] {dag.py:3490} INFO - Setting next_dagrun for 8-mlops_pipeline to None, run_after=None
[2026-09-21T02:57:11.465+0000] {processor.py:178} INFO - Processing /opt/airflow/dags/8_mlops_pipeline.py took 0.172 seconds
[2026-09-21T02:57:42.489+0000] {processor.py:156} INFO - Started process (PID=1382) to work on /opt/airflow/dags/8_mlops_pipeline.py
[2026-09-21T02:57:42.499+0000] {processor.py:799} INFO - Processing file /opt/airflow/dags/8_mlops_pipeline.py for tasks to queue
[2026-09-21T02:57:42.502+0000] {logging_mixin.py:149} INFO - [2026-09-21T02:57:42.501+0000] {dagbag.py:541} INFO - Filling up the DagBag from /opt/airflow/dags/8_mlops_pipeline.py
[2026-09-21T02:57:42.514+0000] {processor.py:809} INFO - DAG(s) dict_keys(['8-mlops_pipeline']) retrieved from /opt/airflow/dags/8_mlops_pipeline.py
[2026-09-21T02:57:42.580+0000] {logging_mixin.py:149} INFO - [2026-09-21T02:57:42.580+0000] {dag.py:2726} INFO - Sync 1 DAGs
[2026-09-21T02:57:42.628+0000] {logging_mixin.py:149} INFO - [2026-09-21T02:57:42.628+0000] {dag.py:3490} INFO - Setting next_dagrun for 8-mlops_pipeline to None, run_after=None
[2026-09-21T02:57:42.674+0000] {processor.py:178} INFO - Processing /opt/airflow/dags/8_mlops_pipeline.py took 0.197 seconds
[2026-09-21T02:58:12.762+0000] {processor.py:156} INFO - Started process (PID=1393) to work on /opt/airflow/dags/8_mlops_pipeline.py
[2026-09-21T02:58:12.766+0000] {processor.py:799} INFO - Processing file /opt/airflow/dags/8_mlops_pipeline.py for tasks to queue
[2026-09-21T02:58:12.767+0000] {logging_mixin.py:149} INFO - [2026-09-21T02:58:12.767+0000] {dagbag.py:541} INFO - Filling up the DagBag from /opt/airflow/dags/8_mlops_pipeline.py
[2026-09-21T02:58:12.779+0000] {processor.py:809} INFO - DAG(s) dict_keys(['8-mlops_pipeline']) retrieved from /opt/airflow/dags/8_mlops_pipeline.py
[2026-09-21T02:58:12.858+0000] {logging_mixin.py:149} INFO - [2026-09-21T02:58:12.858+0000] {dag.py:2726} INFO - Sync 1 DAGs
[2026-09-21T02:58:12.896+0000] {logging_mixin.py:149} INFO - [2026-09-21T02:58:12.895+0000] {dag.py:3490} INFO - Setting next_dagrun for 8-mlops_pipeline to None, run_after=None
[2026-09-21T02:58:12.927+0000] {processor.py:178} INFO - Processing /opt/airflow/dags/8_mlops_pipeline.py took 0.172 seconds
[2026-09-21T02:58:43.956+0000] {processor.py:156} INFO - Started process (PID=1404) to work on /opt/airflow/dags/8_mlops_pipeline.py
[2026-09-21T02:58:43.958+0000] {processor.py:799} INFO - Processing file /opt/airflow/dags/8_mlops_pipeline.py for tasks to queue
[2026-09-21T02:58:43.960+0000] {logging_mixin.py:149} INFO - [2026-09-21T02:58:43.959+0000] {dagbag.py:541} INFO - Filling up the DagBag from /opt/airflow/dags/8_mlops_pipeline.py
[2026-09-21T02:58:43.968+0000] {processor.py:809} INFO - DAG(s) dict_keys(['8-mlops_pipeline']) retrieved from /opt/airflow/dags/8_mlops_pipeline.py
[2026-09-21T02:58:44.027+0000] {logging_mixin.py:149} INFO - [2026-09-21T02:58:44.027+0000] {dag.py:2726} INFO - Sync 1 DAGs
[2026-09-21T02:58:44.061+0000] {logging_mixin.py:149} INFO - [2026-09-21T02:58:44.061+0000] {dag.py:3490} INFO - Setting next_dagrun for 8-mlops_pipeline to None, run_after=None
[2026-09-21T02:58:44.087+0000] {processor.py:178} INFO - Processing /opt/airflow/dags/8_mlops_pipeline.py took 0.138 seconds
[2026-09-21T02:59:14.884+0000] {processor.py:156} INFO - Started process (PID=1415) to work on /opt/airflow/dags/8_mlops_pipeline.py
[2026-09-21T02:59:14.888+0000] {processor.py:799} INFO - Processing file /opt/airflow/dags/8_mlops_pipeline.py for tasks to queue
[2026-09-21T02:59:14.889+0000] {logging_mixin.py:149} INFO - [2026-09-21T02:59:14.889+0000] {dagbag.py:541} INFO - Filling up the DagBag from /opt/airflow/dags/8_mlops_pipeline.py
[2026-09-21T02:59:14.900+0000] {processor.py:809} INFO - DAG(s) dict_keys(['8-mlops_pipeline']) retrieved from /opt/airflow/dags/8_mlops_pipeline.py
[2026-09-21T02:59:14.956+0000] {logging_mixin.py:149} INFO - [2026-09-21T02:59:14.956+0000] {dag.py:2726} INFO - Sync 1 DAGs
[2026-09-21T02:59:14.992+0000] {logging_mixin.py:149} INFO - [2026-09-21T02:59:14.992+0000] {dag.py:3490} INFO - Setting next_dagrun for 8-mlops_pipeline to None, run_after=None
[2026-09-21T02:59:15.021+0000] {processor.py:178} INFO - Processing /opt/airflow/dags/8_mlops_pipeline.py took 0.147 seconds
[2026-09-21T02:59:45.081+0000] {processor.py:156} INFO - Started process (PID=1426) to work on /opt/airflow/dags/8_mlops_pipeline.py
[2026-09-21T02:59:45.084+0000] {processor.py:799} INFO - Processing file /opt/airflow/dags/8_mlops_pipeline.py for tasks to queue
[2026-09-21T02:59:45.085+0000] {logging_mixin.py:149} INFO - [2026-09-21T02:59:45.085+0000] {dagbag.py:541} INFO - Filling up the DagBag from /opt/airflow/dags/8_mlops_pipeline.py
[2026-09-21T02:59:45.095+0000] {processor.py:809} INFO - DAG(s) dict_keys(['8-mlops_pipeline']) retrieved from /opt/airflow/dags/8_mlops_pipeline.py
[2026-09-21T02:59:45.157+0000] {logging_mixin.py:149} INFO - [2026-09-21T02:59:45.157+0000] {dag.py:2726} INFO - Sync 1 DAGs
[2026-09-21T02:59:45.191+0000] {logging_mixin.py:149} INFO - [2026-09-21T02:59:45.191+0000] {dag.py:3490} INFO - Setting next_dagrun for 8-mlops_pipeline to None, run_after=None
[2026-09-21T02:59:45.219+0000] {processor.py:178} INFO - Processing /opt/airflow/dags/8_mlops_pipeline.py took 0.145 seconds
[2026-09-21T03:00:16.127+0000] {processor.py:156} INFO - Started process (PID=1437) to work on /opt/airflow/dags/8_mlops_pipeline.py
[2026-09-21T03:00:16.129+0000] {processor.py:799} INFO - Processing file /opt/airflow/dags/8_mlops_pipeline.py for tasks to queue
[2026-09-21T03:00:16.130+0000] {logging_mixin.py:149} INFO - [2026-09-21T03:00:16.129+0000] {dagbag.py:541} INFO - Filling up the DagBag from /opt/airflow/dags/8_mlops_pipeline.py
[2026-09-21T03:00:16.139+0000] {processor.py:809} INFO - DAG(s) dict_keys(['8-mlops_pipeline']) retrieved from /opt/airflow/dags/8_mlops_pipeline.py
[2026-09-21T03:00:16.196+0000] {logging_mixin.py:149} INFO - [2026-09-21T03:00:16.196+0000] {dag.py:2726} INFO - Sync 1 DAGs
[2026-09-21T03:00:16.224+0000] {logging_mixin.py:149} INFO - [2026-09-21T03:00:16.224+0000] {dag.py:3490} INFO - Setting next_dagrun for 8-mlops_pipeline to None, run_after=None
[2026-09-21T03:00:16.248+0000] {processor.py:178} INFO - Processing /opt/airflow/dags/8_mlops_pipeline.py took 0.128 seconds
[2026-09-21T03:00:47.037+0000] {processor.py:156} INFO - Started process (PID=1448) to work on /opt/airflow/dags/8_mlops_pipeline.py
[2026-09-21T03:00:47.043+0000] {processor.py:799} INFO - Processing file /opt/airflow/dags/8_mlops_pipeline.py for tasks to queue
[2026-09-21T03:00:47.047+0000] {logging_mixin.py:149} INFO - [2026-09-21T03:00:47.047+0000] {dagbag.py:541} INFO - Filling up the DagBag from /opt/airflow/dags/8_mlops_pipeline.py
[2026-09-21T03:00:47.061+0000] {processor.py:809} INFO - DAG(s) dict_keys(['8-mlops_pipeline']) retrieved from /opt/airflow/dags/8_mlops_pipeline.py
[2026-09-21T03:00:47.133+0000] {logging_mixin.py:149} INFO - [2026-09-21T03:00:47.133+0000] {dag.py:2726} INFO - Sync 1 DAGs
[2026-09-21T03:00:47.166+0000] {logging_mixin.py:149} INFO - [2026-09-21T03:00:47.166+0000] {dag.py:3490} INFO - Setting next_dagrun for 8-mlops_pipeline to None, run_after=None
[2026-09-21T03:00:47.186+0000] {processor.py:178} INFO - Processing /opt/airflow/dags/8_mlops_pipeline.py took 0.154 seconds
[2026-09-21T03:01:17.839+0000] {processor.py:156} INFO - Started process (PID=1459) to work on /opt/airflow/dags/8_mlops_pipeline.py
[2026-09-21T03:01:17.841+0000] {processor.py:799} INFO - Processing file /opt/airflow/dags/8_mlops_pipeline.py for tasks to queue
[2026-09-21T03:01:17.843+0000] {logging_mixin.py:149} INFO - [2026-09-21T03:01:17.842+0000] {dagbag.py:541} INFO - Filling up the DagBag from /opt/airflow/dags/8_mlops_pipeline.py
[2026-09-21T03:01:17.853+0000] {processor.py:809} INFO - DAG(s) dict_keys(['8-mlops_pipeline']) retrieved from /opt/airflow/dags/8_mlops_pipeline.py
[2026-09-21T03:01:17.909+0000] {logging_mixin.py:149} INFO - [2026-09-21T03:01:17.908+0000] {dag.py:2726} INFO - Sync 1 DAGs
[2026-09-21T03:01:17.957+0000] {logging_mixin.py:149} INFO - [2026-09-21T03:01:17.957+0000] {dag.py:3490} INFO - Setting next_dagrun for 8-mlops_pipeline to None, run_after=None
[2026-09-21T03:01:17.996+0000] {processor.py:178} INFO - Processing /opt/airflow/dags/8_mlops_pipeline.py took 0.171 seconds
[2026-09-21T03:01:48.923+0000] {processor.py:156} INFO - Started process (PID=1470) to work on /opt/airflow/dags/8_mlops_pipeline.py
[2026-09-21T03:01:48.927+0000] {processor.py:799} INFO - Processing file /opt/airflow/dags/8_mlops_pipeline.py for tasks to queue
[2026-09-21T03:01:48.928+0000] {logging_mixin.py:149} INFO - [2026-09-21T03:01:48.928+0000] {dagbag.py:541} INFO - Filling up the DagBag from /opt/airflow/dags/8_mlops_pipeline.py
[2026-09-21T03:01:48.940+0000] {processor.py:809} INFO - DAG(s) dict_keys(['8-mlops_pipeline']) retrieved from /opt/airflow/dags/8_mlops_pipeline.py
[2026-09-21T03:01:49.041+0000] {logging_mixin.py:149} INFO - [2026-09-21T03:01:49.040+0000] {dag.py:2726} INFO - Sync 1 DAGs
[2026-09-21T03:01:49.101+0000] {logging_mixin.py:149} INFO - [2026-09-21T03:01:49.100+0000] {dag.py:3490} INFO - Setting next_dagrun for 8-mlops_pipeline to None, run_after=None
[2026-09-21T03:01:49.147+0000] {processor.py:178} INFO - Processing /opt/airflow/dags/8_mlops_pipeline.py took 0.232 seconds
[2026-09-21T03:02:19.286+0000] {processor.py:156} INFO - Started process (PID=1481) to work on /opt/airflow/dags/8_mlops_pipeline.py
[2026-09-21T03:02:19.289+0000] {processor.py:799} INFO - Processing file /opt/airflow/dags/8_mlops_pipeline.py for tasks to queue
[2026-09-21T03:02:19.290+0000] {logging_mixin.py:149} INFO - [2026-09-21T03:02:19.290+0000] {dagbag.py:541} INFO - Filling up the DagBag from /opt/airflow/dags/8_mlops_pipeline.py
[2026-09-21T03:02:19.299+0000] {processor.py:809} INFO - DAG(s) dict_keys(['8-mlops_pipeline']) retrieved from /opt/airflow/dags/8_mlops_pipeline.py
[2026-09-21T03:02:19.373+0000] {logging_mixin.py:149} INFO - [2026-09-21T03:02:19.373+0000] {dag.py:2726} INFO - Sync 1 DAGs
[2026-09-21T03:02:19.412+0000] {logging_mixin.py:149} INFO - [2026-09-21T03:02:19.411+0000] {dag.py:3490} INFO - Setting next_dagrun for 8-mlops_pipeline to None, run_after=None
[2026-09-21T03:02:19.444+0000] {processor.py:178} INFO - Processing /opt/airflow/dags/8_mlops_pipeline.py took 0.166 seconds
[2026-09-21T03:02:49.488+0000] {processor.py:156} INFO - Started process (PID=1492) to work on /opt/airflow/dags/8_mlops_pipeline.py
[2026-09-21T03:02:49.490+0000] {processor.py:799} INFO - Processing file /opt/airflow/dags/8_mlops_pipeline.py for tasks to queue
[2026-09-21T03:02:49.492+0000] {logging_mixin.py:149} INFO - [2026-09-21T03:02:49.491+0000] {dagbag.py:541} INFO - Filling up the DagBag from /opt/airflow/dags/8_mlops_pipeline.py
[2026-09-21T03:02:49.500+0000] {processor.py:809} INFO - DAG(s) dict_keys(['8-mlops_pipeline']) retrieved from /opt/airflow/dags/8_mlops_pipeline.py
[2026-09-21T03:02:49.574+0000] {logging_mixin.py:149} INFO - [2026-09-21T03:02:49.574+0000] {dag.py:2726} INFO - Sync 1 DAGs
[2026-09-21T03:02:49.614+0000] {logging_mixin.py:149} INFO - [2026-09-21T03:02:49.613+0000] {dag.py:3490} INFO - Setting next_dagrun for 8-mlops_pipeline to None, run_after=None
[2026-09-21T03:02:49.651+0000] {processor.py:178} INFO - Processing /opt/airflow/dags/8_mlops_pipeline.py took 0.168 seconds
[2026-09-21T03:03:20.524+0000] {processor.py:156} INFO - Started process (PID=1503) to work on /opt/airflow/dags/8_mlops_pipeline.py
[2026-09-21T03:03:20.527+0000] {processor.py:799} INFO - Processing file /opt/airflow/dags/8_mlops_pipeline.py for tasks to queue
[2026-09-21T03:03:20.528+0000] {logging_mixin.py:149} INFO - [2026-09-21T03:03:20.528+0000] {dagbag.py:541} INFO - Filling up the DagBag from /opt/airflow/dags/8_mlops_pipeline.py
[2026-09-21T03:03:20.543+0000] {processor.py:809} INFO - DAG(s) dict_keys(['8-mlops_pipeline']) retrieved from /opt/airflow/dags/8_mlops_pipeline.py
[2026-09-21T03:03:20.636+0000] {logging_mixin.py:149} INFO - [2026-09-21T03:03:20.636+0000] {dag.py:2726} INFO - Sync 1 DAGs
[2026-09-21T03:03:20.674+0000] {logging_mixin.py:149} INFO - [2026-09-21T03:03:20.673+0000] {dag.py:3490} INFO - Setting next_dagrun for 8-mlops_pipeline to None, run_after=None
[2026-09-21T03:03:20.701+0000] {processor.py:178} INFO - Processing /opt/airflow/dags/8_mlops_pipeline.py took 0.184 seconds
[2026-09-21T03:03:51.687+0000] {processor.py:156} INFO - Started process (PID=1514) to work on /opt/airflow/dags/8_mlops_pipeline.py
[2026-09-21T03:03:51.691+0000] {processor.py:799} INFO - Processing file /opt/airflow/dags/8_mlops_pipeline.py for tasks to queue
[2026-09-21T03:03:51.692+0000] {logging_mixin.py:149} INFO - [2026-09-21T03:03:51.692+0000] {dagbag.py:541} INFO - Filling up the DagBag from /opt/airflow/dags/8_mlops_pipeline.py
[2026-09-21T03:03:51.700+0000] {processor.py:809} INFO - DAG(s) dict_keys(['8-mlops_pipeline']) retrieved from /opt/airflow/dags/8_mlops_pipeline.py
[2026-09-21T03:03:51.752+0000] {logging_mixin.py:149} INFO - [2026-09-21T03:03:51.752+0000] {dag.py:2726} INFO - Sync 1 DAGs
[2026-09-21T03:03:51.790+0000] {logging_mixin.py:149} INFO - [2026-09-21T03:03:51.790+0000] {dag.py:3490} INFO - Setting next_dagrun for 8-mlops_pipeline to None, run_after=None
[2026-09-21T03:03:51.815+0000] {processor.py:178} INFO - Processing /opt/airflow/dags/8_mlops_pipeline.py took 0.133 seconds
[2026-09-21T03:04:22.644+0000] {processor.py:156} INFO - Started process (PID=1525) to work on /opt/airflow/dags/8_mlops_pipeline.py
[2026-09-21T03:04:22.651+0000] {processor.py:799} INFO - Processing file /opt/airflow/dags/8_mlops_pipeline.py for tasks to queue
[2026-09-21T03:04:22.655+0000] {logging_mixin.py:149} INFO - [2026-09-21T03:04:22.654+0000] {dagbag.py:541} INFO - Filling up the DagBag from /opt/airflow/dags/8_mlops_pipeline.py
[2026-09-21T03:04:22.666+0000] {processor.py:809} INFO - DAG(s) dict_keys(['8-mlops_pipeline']) retrieved from /opt/airflow/dags/8_mlops_pipeline.py
[2026-09-21T03:04:22.743+0000] {logging_mixin.py:149} INFO - [2026-09-21T03:04:22.742+0000] {dag.py:2726} INFO - Sync 1 DAGs
[2026-09-21T03:04:22.789+0000] {logging_mixin.py:149} INFO - [2026-09-21T03:04:22.788+0000] {dag.py:3490} INFO - Setting next_dagrun for 8-mlops_pipeline to None, run_after=None
[2026-09-21T03:04:22.832+0000] {processor.py:178} INFO - Processing /opt/airflow/dags/8_mlops_pipeline.py took 0.200 seconds
[2026-09-21T03:04:52.904+0000] {processor.py:156} INFO - Started process (PID=1536) to work on /opt/airflow/dags/8_mlops_pipeline.py
[2026-09-21T03:04:52.906+0000] {processor.py:799} INFO - Processing file /opt/airflow/dags/8_mlops_pipeline.py for tasks to queue
[2026-09-21T03:04:52.908+0000] {logging_mixin.py:149} INFO - [2026-09-21T03:04:52.907+0000] {dagbag.py:541} INFO - Filling up the DagBag from /opt/airflow/dags/8_mlops_pipeline.py
[2026-09-21T03:04:52.917+0000] {processor.py:809} INFO - DAG(s) dict_keys(['8-mlops_pipeline']) retrieved from /opt/airflow/dags/8_mlops_pipeline.py
[2026-09-21T03:04:52.986+0000] {logging_mixin.py:149} INFO - [2026-09-21T03:04:52.986+0000] {dag.py:2726} INFO - Sync 1 DAGs
[2026-09-21T03:04:53.025+0000] {logging_mixin.py:149} INFO - [2026-09-21T03:04:53.025+0000] {dag.py:3490} INFO - Setting next_dagrun for 8-mlops_pipeline to None, run_after=None
[2026-09-21T03:04:53.060+0000] {processor.py:178} INFO - Processing /opt/airflow/dags/8_mlops_pipeline.py took 0.163 seconds
[2026-09-21T03:05:23.212+0000] {processor.py:156} INFO - Started process (PID=1547) to work on /opt/airflow/dags/8_mlops_pipeline.py
[2026-09-21T03:05:23.214+0000] {processor.py:799} INFO - Processing file /opt/airflow/dags/8_mlops_pipeline.py for tasks to queue
[2026-09-21T03:05:23.215+0000] {logging_mixin.py:149} INFO - [2026-09-21T03:05:23.215+0000] {dagbag.py:541} INFO - Filling up the DagBag from /opt/airflow/dags/8_mlops_pipeline.py
[2026-09-21T03:05:23.223+0000] {processor.py:809} INFO - DAG(s) dict_keys(['8-mlops_pipeline']) retrieved from /opt/airflow/dags/8_mlops_pipeline.py
[2026-09-21T03:05:23.292+0000] {logging_mixin.py:149} INFO - [2026-09-21T03:05:23.291+0000] {dag.py:2726} INFO - Sync 1 DAGs
[2026-09-21T03:05:23.335+0000] {logging_mixin.py:149} INFO - [2026-09-21T03:05:23.335+0000] {dag.py:3490} INFO - Setting next_dagrun for 8-mlops_pipeline to None, run_after=None
[2026-09-21T03:05:23.447+0000] {processor.py:178} INFO - Processing /opt/airflow/dags/8_mlops_pipeline.py took 0.242 seconds
[2026-09-21T03:05:54.466+0000] {processor.py:156} INFO - Started process (PID=1558) to work on /opt/airflow/dags/8_mlops_pipeline.py
[2026-09-21T03:05:54.467+0000] {processor.py:799} INFO - Processing file /opt/airflow/dags/8_mlops_pipeline.py for tasks to queue
[2026-09-21T03:05:54.468+0000] {logging_mixin.py:149} INFO - [2026-09-21T03:05:54.468+0000] {dagbag.py:541} INFO - Filling up the DagBag from /opt/airflow/dags/8_mlops_pipeline.py
[2026-09-21T03:05:54.475+0000] {processor.py:809} INFO - DAG(s) dict_keys(['8-mlops_pipeline']) retrieved from /opt/airflow/dags/8_mlops_pipeline.py
[2026-09-21T03:05:54.518+0000] {logging_mixin.py:149} INFO - [2026-09-21T03:05:54.518+0000] {dag.py:2726} INFO - Sync 1 DAGs
[2026-09-21T03:05:54.547+0000] {logging_mixin.py:149} INFO - [2026-09-21T03:05:54.547+0000] {dag.py:3490} INFO - Setting next_dagrun for 8-mlops_pipeline to None, run_after=None
[2026-09-21T03:05:54.571+0000] {processor.py:178} INFO - Processing /opt/airflow/dags/8_mlops_pipeline.py took 0.110 seconds
[2026-09-21T03:06:25.314+0000] {processor.py:156} INFO - Started process (PID=1569) to work on /opt/airflow/dags/8_mlops_pipeline.py
[2026-09-21T03:06:25.318+0000] {processor.py:799} INFO - Processing file /opt/airflow/dags/8_mlops_pipeline.py for tasks to queue
[2026-09-21T03:06:25.320+0000] {logging_mixin.py:149} INFO - [2026-09-21T03:06:25.319+0000] {dagbag.py:541} INFO - Filling up the DagBag from /opt/airflow/dags/8_mlops_pipeline.py
[2026-09-21T03:06:25.328+0000] {processor.py:809} INFO - DAG(s) dict_keys(['8-mlops_pipeline']) retrieved from /opt/airflow/dags/8_mlops_pipeline.py
[2026-09-21T03:06:25.391+0000] {logging_mixin.py:149} INFO - [2026-09-21T03:06:25.391+0000] {dag.py:2726} INFO - Sync 1 DAGs
[2026-09-21T03:06:25.429+0000] {logging_mixin.py:149} INFO - [2026-09-21T03:06:25.429+0000] {dag.py:3490} INFO - Setting next_dagrun for 8-mlops_pipeline to None, run_after=None
[2026-09-21T03:06:25.460+0000] {processor.py:178} INFO - Processing /opt/airflow/dags/8_mlops_pipeline.py took 0.157 seconds
[2026-09-21T03:06:55.569+0000] {processor.py:156} INFO - Started process (PID=1580) to work on /opt/airflow/dags/8_mlops_pipeline.py
[2026-09-21T03:06:55.570+0000] {processor.py:799} INFO - Processing file /opt/airflow/dags/8_mlops_pipeline.py for tasks to queue
[2026-09-21T03:06:55.571+0000] {logging_mixin.py:149} INFO - [2026-09-21T03:06:55.571+0000] {dagbag.py:541} INFO - Filling up the DagBag from /opt/airflow/dags/8_mlops_pipeline.py
[2026-09-21T03:06:55.579+0000] {processor.py:809} INFO - DAG(s) dict_keys(['8-mlops_pipeline']) retrieved from /opt/airflow/dags/8_mlops_pipeline.py
[2026-09-21T03:06:55.636+0000] {logging_mixin.py:149} INFO - [2026-09-21T03:06:55.636+0000] {dag.py:2726} INFO - Sync 1 DAGs
[2026-09-21T03:06:55.672+0000] {logging_mixin.py:149} INFO - [2026-09-21T03:06:55.672+0000] {dag.py:3490} INFO - Setting next_dagrun for 8-mlops_pipeline to None, run_after=None
[2026-09-21T03:06:55.699+0000] {processor.py:178} INFO - Processing /opt/airflow/dags/8_mlops_pipeline.py took 0.136 seconds
[2026-09-21T03:07:11.041+0000] {processor.py:156} INFO - Started process (PID=1591) to work on /opt/airflow/dags/8_mlops_pipeline.py
[2026-09-21T03:07:11.048+0000] {processor.py:799} INFO - Processing file /opt/airflow/dags/8_mlops_pipeline.py for tasks to queue
[2026-09-21T03:07:11.050+0000] {logging_mixin.py:149} INFO - [2026-09-21T03:07:11.049+0000] {dagbag.py:541} INFO - Filling up the DagBag from /opt/airflow/dags/8_mlops_pipeline.py
[2026-09-21T03:07:11.066+0000] {processor.py:809} INFO - DAG(s) dict_keys(['8-mlops_pipeline']) retrieved from /opt/airflow/dags/8_mlops_pipeline.py
[2026-09-21T03:07:11.138+0000] {logging_mixin.py:149} INFO - [2026-09-21T03:07:11.137+0000] {dag.py:2726} INFO - Sync 1 DAGs
[2026-09-21T03:07:11.200+0000] {logging_mixin.py:149} INFO - [2026-09-21T03:07:11.199+0000] {dag.py:3490} INFO - Setting next_dagrun for 8-mlops_pipeline to None, run_after=None
[2026-09-21T03:07:11.246+0000] {processor.py:178} INFO - Processing /opt/airflow/dags/8_mlops_pipeline.py took 0.211 seconds
[2026-09-21T03:07:42.218+0000] {processor.py:156} INFO - Started process (PID=1602) to work on /opt/airflow/dags/8_mlops_pipeline.py
[2026-09-21T03:07:42.221+0000] {processor.py:799} INFO - Processing file /opt/airflow/dags/8_mlops_pipeline.py for tasks to queue
[2026-09-21T03:07:42.223+0000] {logging_mixin.py:149} INFO - [2026-09-21T03:07:42.222+0000] {dagbag.py:541} INFO - Filling up the DagBag from /opt/airflow/dags/8_mlops_pipeline.py
[2026-09-21T03:07:42.234+0000] {processor.py:809} INFO - DAG(s) dict_keys(['8-mlops_pipeline']) retrieved from /opt/airflow/dags/8_mlops_pipeline.py
[2026-09-21T03:07:42.298+0000] {logging_mixin.py:149} INFO - [2026-09-21T03:07:42.298+0000] {dag.py:2726} INFO - Sync 1 DAGs
[2026-09-21T03:07:42.334+0000] {logging_mixin.py:149} INFO - [2026-09-21T03:07:42.334+0000] {dag.py:3490} INFO - Setting next_dagrun for 8-mlops_pipeline to None, run_after=None
[2026-09-21T03:07:42.368+0000] {processor.py:178} INFO - Processing /opt/airflow/dags/8_mlops_pipeline.py took 0.157 seconds
[2026-09-21T03:08:13.289+0000] {processor.py:156} INFO - Started process (PID=1613) to work on /opt/airflow/dags/8_mlops_pipeline.py
[2026-09-21T03:08:13.292+0000] {processor.py:799} INFO - Processing file /opt/airflow/dags/8_mlops_pipeline.py for tasks to queue
[2026-09-21T03:08:13.293+0000] {logging_mixin.py:149} INFO - [2026-09-21T03:08:13.293+0000] {dagbag.py:541} INFO - Filling up the DagBag from /opt/airflow/dags/8_mlops_pipeline.py
[2026-09-21T03:08:13.303+0000] {processor.py:809} INFO - DAG(s) dict_keys(['8-mlops_pipeline']) retrieved from /opt/airflow/dags/8_mlops_pipeline.py
[2026-09-21T03:08:13.362+0000] {logging_mixin.py:149} INFO - [2026-09-21T03:08:13.362+0000] {dag.py:2726} INFO - Sync 1 DAGs
[2026-09-21T03:08:13.395+0000] {logging_mixin.py:149} INFO - [2026-09-21T03:08:13.395+0000] {dag.py:3490} INFO - Setting next_dagrun for 8-mlops_pipeline to None, run_after=None
[2026-09-21T03:08:13.432+0000] {processor.py:178} INFO - Processing /opt/airflow/dags/8_mlops_pipeline.py took 0.151 seconds
[2026-09-21T03:08:43.555+0000] {processor.py:156} INFO - Started process (PID=1624) to work on /opt/airflow/dags/8_mlops_pipeline.py
[2026-09-21T03:08:43.557+0000] {processor.py:799} INFO - Processing file /opt/airflow/dags/8_mlops_pipeline.py for tasks to queue
[2026-09-21T03:08:43.558+0000] {logging_mixin.py:149} INFO - [2026-09-21T03:08:43.558+0000] {dagbag.py:541} INFO - Filling up the DagBag from /opt/airflow/dags/8_mlops_pipeline.py
[2026-09-21T03:08:43.567+0000] {processor.py:809} INFO - DAG(s) dict_keys(['8-mlops_pipeline']) retrieved from /opt/airflow/dags/8_mlops_pipeline.py
[2026-09-21T03:08:43.622+0000] {logging_mixin.py:149} INFO - [2026-09-21T03:08:43.622+0000] {dag.py:2726} INFO - Sync 1 DAGs
[2026-09-21T03:08:43.660+0000] {logging_mixin.py:149} INFO - [2026-09-21T03:08:43.660+0000] {dag.py:3490} INFO - Setting next_dagrun for 8-mlops_pipeline to None, run_after=None
[2026-09-21T03:08:43.702+0000] {processor.py:178} INFO - Processing /opt/airflow/dags/8_mlops_pipeline.py took 0.153 seconds
[2026-09-21T03:09:12.986+0000] {processor.py:156} INFO - Started process (PID=1637) to work on /opt/airflow/dags/8_mlops_pipeline.py
[2026-09-21T03:09:12.987+0000] {processor.py:799} INFO - Processing file /opt/airflow/dags/8_mlops_pipeline.py for tasks to queue
[2026-09-21T03:09:12.988+0000] {logging_mixin.py:149} INFO - [2026-09-21T03:09:12.988+0000] {dagbag.py:541} INFO - Filling up the DagBag from /opt/airflow/dags/8_mlops_pipeline.py
[2026-09-21T03:09:12.998+0000] {processor.py:809} INFO - DAG(s) dict_keys(['8-mlops_pipeline']) retrieved from /opt/airflow/dags/8_mlops_pipeline.py
[2026-09-21T03:09:13.048+0000] {logging_mixin.py:149} INFO - [2026-09-21T03:09:13.048+0000] {dag.py:2726} INFO - Sync 1 DAGs
[2026-09-21T03:09:13.088+0000] {logging_mixin.py:149} INFO - [2026-09-21T03:09:13.088+0000] {dag.py:3490} INFO - Setting next_dagrun for 8-mlops_pipeline to None, run_after=None
[2026-09-21T03:09:13.139+0000] {processor.py:178} INFO - Processing /opt/airflow/dags/8_mlops_pipeline.py took 0.163 seconds
[2026-09-21T03:09:43.282+0000] {processor.py:156} INFO - Started process (PID=1648) to work on /opt/airflow/dags/8_mlops_pipeline.py
[2026-09-21T03:09:43.285+0000] {processor.py:799} INFO - Processing file /opt/airflow/dags/8_mlops_pipeline.py for tasks to queue
[2026-09-21T03:09:43.286+0000] {logging_mixin.py:149} INFO - [2026-09-21T03:09:43.285+0000] {dagbag.py:541} INFO - Filling up the DagBag from /opt/airflow/dags/8_mlops_pipeline.py
[2026-09-21T03:09:43.294+0000] {processor.py:809} INFO - DAG(s) dict_keys(['8-mlops_pipeline']) retrieved from /opt/airflow/dags/8_mlops_pipeline.py
[2026-09-21T03:09:43.364+0000] {logging_mixin.py:149} INFO - [2026-09-21T03:09:43.364+0000] {dag.py:2726} INFO - Sync 1 DAGs
[2026-09-21T03:09:43.405+0000] {logging_mixin.py:149} INFO - [2026-09-21T03:09:43.404+0000] {dag.py:3490} INFO - Setting next_dagrun for 8-mlops_pipeline to None, run_after=None
[2026-09-21T03:09:43.445+0000] {processor.py:178} INFO - Processing /opt/airflow/dags/8_mlops_pipeline.py took 0.169 seconds
[2026-09-21T03:10:13.537+0000] {processor.py:156} INFO - Started process (PID=1659) to work on /opt/airflow/dags/8_mlops_pipeline.py
[2026-09-21T03:10:13.538+0000] {processor.py:799} INFO - Processing file /opt/airflow/dags/8_mlops_pipeline.py for tasks to queue
[2026-09-21T03:10:13.539+0000] {logging_mixin.py:149} INFO - [2026-09-21T03:10:13.539+0000] {dagbag.py:541} INFO - Filling up the DagBag from /opt/airflow/dags/8_mlops_pipeline.py
[2026-09-21T03:10:13.549+0000] {processor.py:809} INFO - DAG(s) dict_keys(['8-mlops_pipeline']) retrieved from /opt/airflow/dags/8_mlops_pipeline.py
[2026-09-21T03:10:13.614+0000] {logging_mixin.py:149} INFO - [2026-09-21T03:10:13.614+0000] {dag.py:2726} INFO - Sync 1 DAGs
[2026-09-21T03:10:13.655+0000] {logging_mixin.py:149} INFO - [2026-09-21T03:10:13.654+0000] {dag.py:3490} INFO - Setting next_dagrun for 8-mlops_pipeline to None, run_after=None
[2026-09-21T03:10:13.690+0000] {processor.py:178} INFO - Processing /opt/airflow/dags/8_mlops_pipeline.py took 0.158 seconds
[2026-09-21T03:10:43.777+0000] {processor.py:156} INFO - Started process (PID=1670) to work on /opt/airflow/dags/8_mlops_pipeline.py
[2026-09-21T03:10:43.779+0000] {processor.py:799} INFO - Processing file /opt/airflow/dags/8_mlops_pipeline.py for tasks to queue
[2026-09-21T03:10:43.780+0000] {logging_mixin.py:149} INFO - [2026-09-21T03:10:43.780+0000] {dagbag.py:541} INFO - Filling up the DagBag from /opt/airflow/dags/8_mlops_pipeline.py
[2026-09-21T03:10:43.789+0000] {processor.py:809} INFO - DAG(s) dict_keys(['8-mlops_pipeline']) retrieved from /opt/airflow/dags/8_mlops_pipeline.py
[2026-09-21T03:10:43.849+0000] {logging_mixin.py:149} INFO - [2026-09-21T03:10:43.848+0000] {dag.py:2726} INFO - Sync 1 DAGs
[2026-09-21T03:10:43.895+0000] {logging_mixin.py:149} INFO - [2026-09-21T03:10:43.895+0000] {dag.py:3490} INFO - Setting next_dagrun for 8-mlops_pipeline to None, run_after=None
[2026-09-21T03:10:43.940+0000] {processor.py:178} INFO - Processing /opt/airflow/dags/8_mlops_pipeline.py took 0.176 seconds
[2026-09-21T03:11:14.055+0000] {processor.py:156} INFO - Started process (PID=1681) to work on /opt/airflow/dags/8_mlops_pipeline.py
[2026-09-21T03:11:14.056+0000] {processor.py:799} INFO - Processing file /opt/airflow/dags/8_mlops_pipeline.py for tasks to queue
[2026-09-21T03:11:14.056+0000] {logging_mixin.py:149} INFO - [2026-09-21T03:11:14.056+0000] {dagbag.py:541} INFO - Filling up the DagBag from /opt/airflow/dags/8_mlops_pipeline.py
[2026-09-21T03:11:14.065+0000] {processor.py:809} INFO - DAG(s) dict_keys(['8-mlops_pipeline']) retrieved from /opt/airflow/dags/8_mlops_pipeline.py
[2026-09-21T03:11:14.125+0000] {logging_mixin.py:149} INFO - [2026-09-21T03:11:14.125+0000] {dag.py:2726} INFO - Sync 1 DAGs
[2026-09-21T03:11:14.169+0000] {logging_mixin.py:149} INFO - [2026-09-21T03:11:14.168+0000] {dag.py:3490} INFO - Setting next_dagrun for 8-mlops_pipeline to None, run_after=None
[2026-09-21T03:11:14.197+0000] {processor.py:178} INFO - Processing /opt/airflow/dags/8_mlops_pipeline.py took 0.152 seconds
[2026-09-21T03:11:44.260+0000] {processor.py:156} INFO - Started process (PID=1692) to work on /opt/airflow/dags/8_mlops_pipeline.py
[2026-09-21T03:11:44.262+0000] {processor.py:799} INFO - Processing file /opt/airflow/dags/8_mlops_pipeline.py for tasks to queue
[2026-09-21T03:11:44.263+0000] {logging_mixin.py:149} INFO - [2026-09-21T03:11:44.263+0000] {dagbag.py:541} INFO - Filling up the DagBag from /opt/airflow/dags/8_mlops_pipeline.py
[2026-09-21T03:11:44.273+0000] {processor.py:809} INFO - DAG(s) dict_keys(['8-mlops_pipeline']) retrieved from /opt/airflow/dags/8_mlops_pipeline.py
[2026-09-21T03:11:44.327+0000] {logging_mixin.py:149} INFO - [2026-09-21T03:11:44.327+0000] {dag.py:2726} INFO - Sync 1 DAGs
[2026-09-21T03:11:44.367+0000] {logging_mixin.py:149} INFO - [2026-09-21T03:11:44.367+0000] {dag.py:3490} INFO - Setting next_dagrun for 8-mlops_pipeline to None, run_after=None
[2026-09-21T03:11:44.400+0000] {processor.py:178} INFO - Processing /opt/airflow/dags/8_mlops_pipeline.py took 0.146 seconds
[2026-09-21T03:12:14.656+0000] {processor.py:156} INFO - Started process (PID=1703) to work on /opt/airflow/dags/8_mlops_pipeline.py
[2026-09-21T03:12:14.657+0000] {processor.py:799} INFO - Processing file /opt/airflow/dags/8_mlops_pipeline.py for tasks to queue
[2026-09-21T03:12:14.658+0000] {logging_mixin.py:149} INFO - [2026-09-21T03:12:14.658+0000] {dagbag.py:541} INFO - Filling up the DagBag from /opt/airflow/dags/8_mlops_pipeline.py
[2026-09-21T03:12:14.667+0000] {processor.py:809} INFO - DAG(s) dict_keys(['8-mlops_pipeline']) retrieved from /opt/airflow/dags/8_mlops_pipeline.py
[2026-09-21T03:12:14.733+0000] {logging_mixin.py:149} INFO - [2026-09-21T03:12:14.732+0000] {dag.py:2726} INFO - Sync 1 DAGs
[2026-09-21T03:12:14.767+0000] {logging_mixin.py:149} INFO - [2026-09-21T03:12:14.767+0000] {dag.py:3490} INFO - Setting next_dagrun for 8-mlops_pipeline to None, run_after=None
[2026-09-21T03:12:14.806+0000] {processor.py:178} INFO - Processing /opt/airflow/dags/8_mlops_pipeline.py took 0.155 seconds
[2026-09-21T03:12:44.862+0000] {processor.py:156} INFO - Started process (PID=1714) to work on /opt/airflow/dags/8_mlops_pipeline.py
[2026-09-21T03:12:44.886+0000] {processor.py:799} INFO - Processing file /opt/airflow/dags/8_mlops_pipeline.py for tasks to queue
[2026-09-21T03:12:44.890+0000] {logging_mixin.py:149} INFO - [2026-09-21T03:12:44.889+0000] {dagbag.py:541} INFO - Filling up the DagBag from /opt/airflow/dags/8_mlops_pipeline.py
[2026-09-21T03:12:44.901+0000] {processor.py:809} INFO - DAG(s) dict_keys(['8-mlops_pipeline']) retrieved from /opt/airflow/dags/8_mlops_pipeline.py
[2026-09-21T03:12:44.965+0000] {logging_mixin.py:149} INFO - [2026-09-21T03:12:44.965+0000] {dag.py:2726} INFO - Sync 1 DAGs
[2026-09-21T03:12:45.001+0000] {logging_mixin.py:149} INFO - [2026-09-21T03:12:45.001+0000] {dag.py:3490} INFO - Setting next_dagrun for 8-mlops_pipeline to None, run_after=None
[2026-09-21T03:12:45.033+0000] {processor.py:178} INFO - Processing /opt/airflow/dags/8_mlops_pipeline.py took 0.177 seconds
[2026-09-21T03:13:15.358+0000] {processor.py:156} INFO - Started process (PID=1725) to work on /opt/airflow/dags/8_mlops_pipeline.py
[2026-09-21T03:13:15.360+0000] {processor.py:799} INFO - Processing file /opt/airflow/dags/8_mlops_pipeline.py for tasks to queue
[2026-09-21T03:13:15.361+0000] {logging_mixin.py:149} INFO - [2026-09-21T03:13:15.361+0000] {dagbag.py:541} INFO - Filling up the DagBag from /opt/airflow/dags/8_mlops_pipeline.py
[2026-09-21T03:13:15.373+0000] {processor.py:809} INFO - DAG(s) dict_keys(['8-mlops_pipeline']) retrieved from /opt/airflow/dags/8_mlops_pipeline.py
[2026-09-21T03:13:15.450+0000] {logging_mixin.py:149} INFO - [2026-09-21T03:13:15.450+0000] {dag.py:2726} INFO - Sync 1 DAGs
[2026-09-21T03:13:15.486+0000] {logging_mixin.py:149} INFO - [2026-09-21T03:13:15.485+0000] {dag.py:3490} INFO - Setting next_dagrun for 8-mlops_pipeline to None, run_after=None
[2026-09-21T03:13:15.515+0000] {processor.py:178} INFO - Processing /opt/airflow/dags/8_mlops_pipeline.py took 0.163 seconds
[2026-09-21T03:13:45.611+0000] {processor.py:156} INFO - Started process (PID=1736) to work on /opt/airflow/dags/8_mlops_pipeline.py
[2026-09-21T03:13:45.615+0000] {processor.py:799} INFO - Processing file /opt/airflow/dags/8_mlops_pipeline.py for tasks to queue
[2026-09-21T03:13:45.616+0000] {logging_mixin.py:149} INFO - [2026-09-21T03:13:45.616+0000] {dagbag.py:541} INFO - Filling up the DagBag from /opt/airflow/dags/8_mlops_pipeline.py
[2026-09-21T03:13:45.625+0000] {processor.py:809} INFO - DAG(s) dict_keys(['8-mlops_pipeline']) retrieved from /opt/airflow/dags/8_mlops_pipeline.py
[2026-09-21T03:13:45.687+0000] {logging_mixin.py:149} INFO - [2026-09-21T03:13:45.687+0000] {dag.py:2726} INFO - Sync 1 DAGs
[2026-09-21T03:13:45.777+0000] {logging_mixin.py:149} INFO - [2026-09-21T03:13:45.775+0000] {dag.py:3490} INFO - Setting next_dagrun for 8-mlops_pipeline to None, run_after=None
[2026-09-21T03:13:45.847+0000] {processor.py:178} INFO - Processing /opt/airflow/dags/8_mlops_pipeline.py took 0.242 seconds
[2026-09-21T03:14:15.967+0000] {processor.py:156} INFO - Started process (PID=1747) to work on /opt/airflow/dags/8_mlops_pipeline.py
[2026-09-21T03:14:15.968+0000] {processor.py:799} INFO - Processing file /opt/airflow/dags/8_mlops_pipeline.py for tasks to queue
[2026-09-21T03:14:15.970+0000] {logging_mixin.py:149} INFO - [2026-09-21T03:14:15.969+0000] {dagbag.py:541} INFO - Filling up the DagBag from /opt/airflow/dags/8_mlops_pipeline.py
[2026-09-21T03:14:15.979+0000] {processor.py:809} INFO - DAG(s) dict_keys(['8-mlops_pipeline']) retrieved from /opt/airflow/dags/8_mlops_pipeline.py
[2026-09-21T03:14:16.032+0000] {logging_mixin.py:149} INFO - [2026-09-21T03:14:16.031+0000] {dag.py:2726} INFO - Sync 1 DAGs
[2026-09-21T03:14:16.067+0000] {logging_mixin.py:149} INFO - [2026-09-21T03:14:16.067+0000] {dag.py:3490} INFO - Setting next_dagrun for 8-mlops_pipeline to None, run_after=None
[2026-09-21T03:14:16.094+0000] {processor.py:178} INFO - Processing /opt/airflow/dags/8_mlops_pipeline.py took 0.132 seconds
[2026-09-21T03:14:41.059+0000] {processor.py:156} INFO - Started process (PID=1757) to work on /opt/airflow/dags/8_mlops_pipeline.py
[2026-09-21T03:14:41.062+0000] {processor.py:799} INFO - Processing file /opt/airflow/dags/8_mlops_pipeline.py for tasks to queue
[2026-09-21T03:14:41.063+0000] {logging_mixin.py:149} INFO - [2026-09-21T03:14:41.063+0000] {dagbag.py:541} INFO - Filling up the DagBag from /opt/airflow/dags/8_mlops_pipeline.py
[2026-09-21T03:14:42.048+0000] {processor.py:809} INFO - DAG(s) dict_keys(['8-mlops_pipeline']) retrieved from /opt/airflow/dags/8_mlops_pipeline.py
[2026-09-21T03:14:42.101+0000] {logging_mixin.py:149} INFO - [2026-09-21T03:14:42.101+0000] {dag.py:2726} INFO - Sync 1 DAGs
[2026-09-21T03:14:42.138+0000] {logging_mixin.py:149} INFO - [2026-09-21T03:14:42.138+0000] {dag.py:3490} INFO - Setting next_dagrun for 8-mlops_pipeline to None, run_after=None
[2026-09-21T03:14:42.178+0000] {processor.py:178} INFO - Processing /opt/airflow/dags/8_mlops_pipeline.py took 1.125 seconds
[2026-09-21T03:15:12.271+0000] {processor.py:156} INFO - Started process (PID=1771) to work on /opt/airflow/dags/8_mlops_pipeline.py
[2026-09-21T03:15:12.272+0000] {processor.py:799} INFO - Processing file /opt/airflow/dags/8_mlops_pipeline.py for tasks to queue
[2026-09-21T03:15:12.273+0000] {logging_mixin.py:149} INFO - [2026-09-21T03:15:12.273+0000] {dagbag.py:541} INFO - Filling up the DagBag from /opt/airflow/dags/8_mlops_pipeline.py
[2026-09-21T03:15:13.135+0000] {processor.py:809} INFO - DAG(s) dict_keys(['8-mlops_pipeline']) retrieved from /opt/airflow/dags/8_mlops_pipeline.py
[2026-09-21T03:15:13.189+0000] {logging_mixin.py:149} INFO - [2026-09-21T03:15:13.188+0000] {dag.py:2726} INFO - Sync 1 DAGs
[2026-09-21T03:15:13.229+0000] {logging_mixin.py:149} INFO - [2026-09-21T03:15:13.229+0000] {dag.py:3490} INFO - Setting next_dagrun for 8-mlops_pipeline to None, run_after=None
[2026-09-21T03:15:13.263+0000] {processor.py:178} INFO - Processing /opt/airflow/dags/8_mlops_pipeline.py took 0.997 seconds
[2026-09-21T03:15:44.255+0000] {processor.py:156} INFO - Started process (PID=1785) to work on /opt/airflow/dags/8_mlops_pipeline.py
[2026-09-21T03:15:44.257+0000] {processor.py:799} INFO - Processing file /opt/airflow/dags/8_mlops_pipeline.py for tasks to queue
[2026-09-21T03:15:44.258+0000] {logging_mixin.py:149} INFO - [2026-09-21T03:15:44.257+0000] {dagbag.py:541} INFO - Filling up the DagBag from /opt/airflow/dags/8_mlops_pipeline.py
[2026-09-21T03:15:45.141+0000] {processor.py:809} INFO - DAG(s) dict_keys(['8-mlops_pipeline']) retrieved from /opt/airflow/dags/8_mlops_pipeline.py
[2026-09-21T03:15:45.185+0000] {logging_mixin.py:149} INFO - [2026-09-21T03:15:45.184+0000] {dag.py:2726} INFO - Sync 1 DAGs
[2026-09-21T03:15:45.214+0000] {logging_mixin.py:149} INFO - [2026-09-21T03:15:45.213+0000] {dag.py:3490} INFO - Setting next_dagrun for 8-mlops_pipeline to None, run_after=None
[2026-09-21T03:15:45.243+0000] {processor.py:178} INFO - Processing /opt/airflow/dags/8_mlops_pipeline.py took 0.993 seconds
[2026-09-21T03:16:16.122+0000] {processor.py:156} INFO - Started process (PID=1799) to work on /opt/airflow/dags/8_mlops_pipeline.py
[2026-09-21T03:16:16.123+0000] {processor.py:799} INFO - Processing file /opt/airflow/dags/8_mlops_pipeline.py for tasks to queue
[2026-09-21T03:16:16.124+0000] {logging_mixin.py:149} INFO - [2026-09-21T03:16:16.124+0000] {dagbag.py:541} INFO - Filling up the DagBag from /opt/airflow/dags/8_mlops_pipeline.py
[2026-09-21T03:16:17.070+0000] {processor.py:809} INFO - DAG(s) dict_keys(['8-mlops_pipeline']) retrieved from /opt/airflow/dags/8_mlops_pipeline.py
[2026-09-21T03:16:17.147+0000] {logging_mixin.py:149} INFO - [2026-09-21T03:16:17.147+0000] {dag.py:2726} INFO - Sync 1 DAGs
[2026-09-21T03:16:17.197+0000] {logging_mixin.py:149} INFO - [2026-09-21T03:16:17.197+0000] {dag.py:3490} INFO - Setting next_dagrun for 8-mlops_pipeline to None, run_after=None
[2026-09-21T03:16:17.249+0000] {processor.py:178} INFO - Processing /opt/airflow/dags/8_mlops_pipeline.py took 1.133 seconds
[2026-09-21T03:16:48.141+0000] {processor.py:156} INFO - Started process (PID=1813) to work on /opt/airflow/dags/8_mlops_pipeline.py
[2026-09-21T03:16:48.143+0000] {processor.py:799} INFO - Processing file /opt/airflow/dags/8_mlops_pipeline.py for tasks to queue
[2026-09-21T03:16:48.144+0000] {logging_mixin.py:149} INFO - [2026-09-21T03:16:48.144+0000] {dagbag.py:541} INFO - Filling up the DagBag from /opt/airflow/dags/8_mlops_pipeline.py
[2026-09-21T03:16:49.115+0000] {processor.py:809} INFO - DAG(s) dict_keys(['8-mlops_pipeline']) retrieved from /opt/airflow/dags/8_mlops_pipeline.py
[2026-09-21T03:16:49.158+0000] {logging_mixin.py:149} INFO - [2026-09-21T03:16:49.157+0000] {dag.py:2726} INFO - Sync 1 DAGs
[2026-09-21T03:16:49.192+0000] {logging_mixin.py:149} INFO - [2026-09-21T03:16:49.192+0000] {dag.py:3490} INFO - Setting next_dagrun for 8-mlops_pipeline to None, run_after=None
[2026-09-21T03:16:49.225+0000] {processor.py:178} INFO - Processing /opt/airflow/dags/8_mlops_pipeline.py took 1.090 seconds
[2026-09-21T03:17:19.378+0000] {processor.py:156} INFO - Started process (PID=1828) to work on /opt/airflow/dags/8_mlops_pipeline.py
[2026-09-21T03:17:19.380+0000] {processor.py:799} INFO - Processing file /opt/airflow/dags/8_mlops_pipeline.py for tasks to queue
[2026-09-21T03:17:19.380+0000] {logging_mixin.py:149} INFO - [2026-09-21T03:17:19.380+0000] {dagbag.py:541} INFO - Filling up the DagBag from /opt/airflow/dags/8_mlops_pipeline.py
[2026-09-21T03:17:20.353+0000] {processor.py:809} INFO - DAG(s) dict_keys(['8-mlops_pipeline']) retrieved from /opt/airflow/dags/8_mlops_pipeline.py
[2026-09-21T03:17:20.402+0000] {logging_mixin.py:149} INFO - [2026-09-21T03:17:20.401+0000] {dag.py:2726} INFO - Sync 1 DAGs
[2026-09-21T03:17:20.434+0000] {logging_mixin.py:149} INFO - [2026-09-21T03:17:20.434+0000] {dag.py:3490} INFO - Setting next_dagrun for 8-mlops_pipeline to None, run_after=None
[2026-09-21T03:17:20.467+0000] {processor.py:178} INFO - Processing /opt/airflow/dags/8_mlops_pipeline.py took 1.094 seconds
[2026-09-21T03:17:50.731+0000] {processor.py:156} INFO - Started process (PID=1842) to work on /opt/airflow/dags/8_mlops_pipeline.py
[2026-09-21T03:17:50.737+0000] {processor.py:799} INFO - Processing file /opt/airflow/dags/8_mlops_pipeline.py for tasks to queue
[2026-09-21T03:17:50.739+0000] {logging_mixin.py:149} INFO - [2026-09-21T03:17:50.738+0000] {dagbag.py:541} INFO - Filling up the DagBag from /opt/airflow/dags/8_mlops_pipeline.py
[2026-09-21T03:17:51.752+0000] {processor.py:809} INFO - DAG(s) dict_keys(['8-mlops_pipeline']) retrieved from /opt/airflow/dags/8_mlops_pipeline.py
[2026-09-21T03:17:51.797+0000] {logging_mixin.py:149} INFO - [2026-09-21T03:17:51.797+0000] {dag.py:2726} INFO - Sync 1 DAGs
[2026-09-21T03:17:51.827+0000] {logging_mixin.py:149} INFO - [2026-09-21T03:17:51.827+0000] {dag.py:3490} INFO - Setting next_dagrun for 8-mlops_pipeline to None, run_after=None
[2026-09-21T03:17:51.853+0000] {processor.py:178} INFO - Processing /opt/airflow/dags/8_mlops_pipeline.py took 1.130 seconds
[2026-09-21T03:18:22.562+0000] {processor.py:156} INFO - Started process (PID=1859) to work on /opt/airflow/dags/8_mlops_pipeline.py
[2026-09-21T03:18:22.564+0000] {processor.py:799} INFO - Processing file /opt/airflow/dags/8_mlops_pipeline.py for tasks to queue
[2026-09-21T03:18:22.565+0000] {logging_mixin.py:149} INFO - [2026-09-21T03:18:22.565+0000] {dagbag.py:541} INFO - Filling up the DagBag from /opt/airflow/dags/8_mlops_pipeline.py
[2026-09-21T03:18:23.501+0000] {processor.py:809} INFO - DAG(s) dict_keys(['8-mlops_pipeline']) retrieved from /opt/airflow/dags/8_mlops_pipeline.py
[2026-09-21T03:18:23.540+0000] {logging_mixin.py:149} INFO - [2026-09-21T03:18:23.540+0000] {dag.py:2726} INFO - Sync 1 DAGs
[2026-09-21T03:18:23.577+0000] {logging_mixin.py:149} INFO - [2026-09-21T03:18:23.576+0000] {dag.py:3490} INFO - Setting next_dagrun for 8-mlops_pipeline to None, run_after=None
[2026-09-21T03:18:23.613+0000] {processor.py:178} INFO - Processing /opt/airflow/dags/8_mlops_pipeline.py took 1.064 seconds
[2026-09-21T03:18:50.022+0000] {processor.py:156} INFO - Started process (PID=1871) to work on /opt/airflow/dags/8_mlops_pipeline.py
[2026-09-21T03:18:50.026+0000] {processor.py:799} INFO - Processing file /opt/airflow/dags/8_mlops_pipeline.py for tasks to queue
[2026-09-21T03:18:50.035+0000] {logging_mixin.py:149} INFO - [2026-09-21T03:18:50.034+0000] {dagbag.py:541} INFO - Filling up the DagBag from /opt/airflow/dags/8_mlops_pipeline.py
[2026-09-21T03:18:50.776+0000] {processor.py:809} INFO - DAG(s) dict_keys(['8-mlops_pipeline']) retrieved from /opt/airflow/dags/8_mlops_pipeline.py
[2026-09-21T03:18:50.837+0000] {logging_mixin.py:149} INFO - [2026-09-21T03:18:50.836+0000] {dag.py:2726} INFO - Sync 1 DAGs
[2026-09-21T03:18:50.877+0000] {logging_mixin.py:149} INFO - [2026-09-21T03:18:50.877+0000] {dag.py:3490} INFO - Setting next_dagrun for 8-mlops_pipeline to None, run_after=None
[2026-09-21T03:18:50.924+0000] {processor.py:178} INFO - Processing /opt/airflow/dags/8_mlops_pipeline.py took 0.932 seconds
[2026-09-21T03:19:20.997+0000] {processor.py:156} INFO - Started process (PID=1885) to work on /opt/airflow/dags/8_mlops_pipeline.py
[2026-09-21T03:19:21.001+0000] {processor.py:799} INFO - Processing file /opt/airflow/dags/8_mlops_pipeline.py for tasks to queue
[2026-09-21T03:19:21.002+0000] {logging_mixin.py:149} INFO - [2026-09-21T03:19:21.002+0000] {dagbag.py:541} INFO - Filling up the DagBag from /opt/airflow/dags/8_mlops_pipeline.py
[2026-09-21T03:19:21.709+0000] {processor.py:809} INFO - DAG(s) dict_keys(['8-mlops_pipeline']) retrieved from /opt/airflow/dags/8_mlops_pipeline.py
[2026-09-21T03:19:21.753+0000] {logging_mixin.py:149} INFO - [2026-09-21T03:19:21.753+0000] {dag.py:2726} INFO - Sync 1 DAGs
[2026-09-21T03:19:21.788+0000] {logging_mixin.py:149} INFO - [2026-09-21T03:19:21.788+0000] {dag.py:3490} INFO - Setting next_dagrun for 8-mlops_pipeline to None, run_after=None
[2026-09-21T03:19:21.817+0000] {processor.py:178} INFO - Processing /opt/airflow/dags/8_mlops_pipeline.py took 0.829 seconds
[2026-09-21T03:19:51.953+0000] {processor.py:156} INFO - Started process (PID=1899) to work on /opt/airflow/dags/8_mlops_pipeline.py
[2026-09-21T03:19:51.954+0000] {processor.py:799} INFO - Processing file /opt/airflow/dags/8_mlops_pipeline.py for tasks to queue
[2026-09-21T03:19:51.955+0000] {logging_mixin.py:149} INFO - [2026-09-21T03:19:51.955+0000] {dagbag.py:541} INFO - Filling up the DagBag from /opt/airflow/dags/8_mlops_pipeline.py
[2026-09-21T03:19:52.594+0000] {processor.py:809} INFO - DAG(s) dict_keys(['8-mlops_pipeline']) retrieved from /opt/airflow/dags/8_mlops_pipeline.py
[2026-09-21T03:19:52.660+0000] {logging_mixin.py:149} INFO - [2026-09-21T03:19:52.659+0000] {dag.py:2726} INFO - Sync 1 DAGs
[2026-09-21T03:19:52.696+0000] {logging_mixin.py:149} INFO - [2026-09-21T03:19:52.695+0000] {dag.py:3490} INFO - Setting next_dagrun for 8-mlops_pipeline to None, run_after=None
[2026-09-21T03:19:52.723+0000] {processor.py:178} INFO - Processing /opt/airflow/dags/8_mlops_pipeline.py took 0.776 seconds
[2026-09-21T03:20:22.833+0000] {processor.py:156} INFO - Started process (PID=1913) to work on /opt/airflow/dags/8_mlops_pipeline.py
[2026-09-21T03:20:22.837+0000] {processor.py:799} INFO - Processing file /opt/airflow/dags/8_mlops_pipeline.py for tasks to queue
[2026-09-21T03:20:22.838+0000] {logging_mixin.py:149} INFO - [2026-09-21T03:20:22.838+0000] {dagbag.py:541} INFO - Filling up the DagBag from /opt/airflow/dags/8_mlops_pipeline.py
[2026-09-21T03:20:23.481+0000] {processor.py:809} INFO - DAG(s) dict_keys(['8-mlops_pipeline']) retrieved from /opt/airflow/dags/8_mlops_pipeline.py
[2026-09-21T03:20:23.532+0000] {logging_mixin.py:149} INFO - [2026-09-21T03:20:23.531+0000] {dag.py:2726} INFO - Sync 1 DAGs
[2026-09-21T03:20:23.577+0000] {logging_mixin.py:149} INFO - [2026-09-21T03:20:23.577+0000] {dag.py:3490} INFO - Setting next_dagrun for 8-mlops_pipeline to None, run_after=None
[2026-09-21T03:20:23.621+0000] {processor.py:178} INFO - Processing /opt/airflow/dags/8_mlops_pipeline.py took 0.794 seconds
[2026-09-21T03:20:53.701+0000] {processor.py:156} INFO - Started process (PID=1927) to work on /opt/airflow/dags/8_mlops_pipeline.py
[2026-09-21T03:20:53.702+0000] {processor.py:799} INFO - Processing file /opt/airflow/dags/8_mlops_pipeline.py for tasks to queue
[2026-09-21T03:20:53.705+0000] {logging_mixin.py:149} INFO - [2026-09-21T03:20:53.704+0000] {dagbag.py:541} INFO - Filling up the DagBag from /opt/airflow/dags/8_mlops_pipeline.py
[2026-09-21T03:20:54.332+0000] {processor.py:809} INFO - DAG(s) dict_keys(['8-mlops_pipeline']) retrieved from /opt/airflow/dags/8_mlops_pipeline.py
[2026-09-21T03:20:54.377+0000] {logging_mixin.py:149} INFO - [2026-09-21T03:20:54.377+0000] {dag.py:2726} INFO - Sync 1 DAGs
[2026-09-21T03:20:54.410+0000] {logging_mixin.py:149} INFO - [2026-09-21T03:20:54.410+0000] {dag.py:3490} INFO - Setting next_dagrun for 8-mlops_pipeline to None, run_after=None
[2026-09-21T03:20:54.437+0000] {processor.py:178} INFO - Processing /opt/airflow/dags/8_mlops_pipeline.py took 0.747 seconds
[2026-09-21T03:21:24.527+0000] {processor.py:156} INFO - Started process (PID=1941) to work on /opt/airflow/dags/8_mlops_pipeline.py
[2026-09-21T03:21:24.534+0000] {processor.py:799} INFO - Processing file /opt/airflow/dags/8_mlops_pipeline.py for tasks to queue
[2026-09-21T03:21:24.535+0000] {logging_mixin.py:149} INFO - [2026-09-21T03:21:24.534+0000] {dagbag.py:541} INFO - Filling up the DagBag from /opt/airflow/dags/8_mlops_pipeline.py
[2026-09-21T03:21:25.173+0000] {processor.py:809} INFO - DAG(s) dict_keys(['8-mlops_pipeline']) retrieved from /opt/airflow/dags/8_mlops_pipeline.py
[2026-09-21T03:21:25.226+0000] {logging_mixin.py:149} INFO - [2026-09-21T03:21:25.226+0000] {dag.py:2726} INFO - Sync 1 DAGs
[2026-09-21T03:21:25.262+0000] {logging_mixin.py:149} INFO - [2026-09-21T03:21:25.262+0000] {dag.py:3490} INFO - Setting next_dagrun for 8-mlops_pipeline to None, run_after=None
[2026-09-21T03:21:25.294+0000] {processor.py:178} INFO - Processing /opt/airflow/dags/8_mlops_pipeline.py took 0.774 seconds
[2026-09-21T03:21:56.300+0000] {processor.py:156} INFO - Started process (PID=1956) to work on /opt/airflow/dags/8_mlops_pipeline.py
[2026-09-21T03:21:56.302+0000] {processor.py:799} INFO - Processing file /opt/airflow/dags/8_mlops_pipeline.py for tasks to queue
[2026-09-21T03:21:56.302+0000] {logging_mixin.py:149} INFO - [2026-09-21T03:21:56.302+0000] {dagbag.py:541} INFO - Filling up the DagBag from /opt/airflow/dags/8_mlops_pipeline.py
[2026-09-21T03:21:57.017+0000] {processor.py:809} INFO - DAG(s) dict_keys(['8-mlops_pipeline']) retrieved from /opt/airflow/dags/8_mlops_pipeline.py
[2026-09-21T03:21:57.061+0000] {logging_mixin.py:149} INFO - [2026-09-21T03:21:57.061+0000] {dag.py:2726} INFO - Sync 1 DAGs
[2026-09-21T03:21:57.094+0000] {logging_mixin.py:149} INFO - [2026-09-21T03:21:57.094+0000] {dag.py:3490} INFO - Setting next_dagrun for 8-mlops_pipeline to None, run_after=None
[2026-09-21T03:21:57.123+0000] {processor.py:178} INFO - Processing /opt/airflow/dags/8_mlops_pipeline.py took 0.829 seconds
[2026-09-21T03:22:27.915+0000] {processor.py:156} INFO - Started process (PID=1972) to work on /opt/airflow/dags/8_mlops_pipeline.py
[2026-09-21T03:22:27.917+0000] {processor.py:799} INFO - Processing file /opt/airflow/dags/8_mlops_pipeline.py for tasks to queue
[2026-09-21T03:22:27.918+0000] {logging_mixin.py:149} INFO - [2026-09-21T03:22:27.918+0000] {dagbag.py:541} INFO - Filling up the DagBag from /opt/airflow/dags/8_mlops_pipeline.py
[2026-09-21T03:22:28.634+0000] {processor.py:809} INFO - DAG(s) dict_keys(['8-mlops_pipeline']) retrieved from /opt/airflow/dags/8_mlops_pipeline.py
[2026-09-21T03:22:28.677+0000] {logging_mixin.py:149} INFO - [2026-09-21T03:22:28.677+0000] {dag.py:2726} INFO - Sync 1 DAGs
[2026-09-21T03:22:28.712+0000] {logging_mixin.py:149} INFO - [2026-09-21T03:22:28.712+0000] {dag.py:3490} INFO - Setting next_dagrun for 8-mlops_pipeline to None, run_after=None
[2026-09-21T03:22:28.740+0000] {processor.py:178} INFO - Processing /opt/airflow/dags/8_mlops_pipeline.py took 0.833 seconds
[2026-09-21T03:22:58.831+0000] {processor.py:156} INFO - Started process (PID=1989) to work on /opt/airflow/dags/8_mlops_pipeline.py
[2026-09-21T03:22:58.837+0000] {processor.py:799} INFO - Processing file /opt/airflow/dags/8_mlops_pipeline.py for tasks to queue
[2026-09-21T03:22:58.838+0000] {logging_mixin.py:149} INFO - [2026-09-21T03:22:58.837+0000] {dagbag.py:541} INFO - Filling up the DagBag from /opt/airflow/dags/8_mlops_pipeline.py
[2026-09-21T03:22:59.565+0000] {processor.py:809} INFO - DAG(s) dict_keys(['8-mlops_pipeline']) retrieved from /opt/airflow/dags/8_mlops_pipeline.py
[2026-09-21T03:22:59.631+0000] {logging_mixin.py:149} INFO - [2026-09-21T03:22:59.631+0000] {dag.py:2726} INFO - Sync 1 DAGs
[2026-09-21T03:22:59.671+0000] {logging_mixin.py:149} INFO - [2026-09-21T03:22:59.671+0000] {dag.py:3490} INFO - Setting next_dagrun for 8-mlops_pipeline to None, run_after=None
[2026-09-21T03:22:59.706+0000] {processor.py:178} INFO - Processing /opt/airflow/dags/8_mlops_pipeline.py took 0.881 seconds
[2026-09-21T03:23:30.106+0000] {processor.py:156} INFO - Started process (PID=2004) to work on /opt/airflow/dags/8_mlops_pipeline.py
[2026-09-21T03:23:30.109+0000] {processor.py:799} INFO - Processing file /opt/airflow/dags/8_mlops_pipeline.py for tasks to queue
[2026-09-21T03:23:30.110+0000] {logging_mixin.py:149} INFO - [2026-09-21T03:23:30.109+0000] {dagbag.py:541} INFO - Filling up the DagBag from /opt/airflow/dags/8_mlops_pipeline.py
[2026-09-21T03:23:30.813+0000] {processor.py:809} INFO - DAG(s) dict_keys(['8-mlops_pipeline']) retrieved from /opt/airflow/dags/8_mlops_pipeline.py
[2026-09-21T03:23:30.881+0000] {logging_mixin.py:149} INFO - [2026-09-21T03:23:30.880+0000] {dag.py:2726} INFO - Sync 1 DAGs
[2026-09-21T03:23:30.925+0000] {logging_mixin.py:149} INFO - [2026-09-21T03:23:30.925+0000] {dag.py:3490} INFO - Setting next_dagrun for 8-mlops_pipeline to None, run_after=None
[2026-09-21T03:23:30.979+0000] {processor.py:178} INFO - Processing /opt/airflow/dags/8_mlops_pipeline.py took 0.883 seconds
[2026-09-21T03:24:01.168+0000] {processor.py:156} INFO - Started process (PID=2019) to work on /opt/airflow/dags/8_mlops_pipeline.py
[2026-09-21T03:24:01.169+0000] {processor.py:799} INFO - Processing file /opt/airflow/dags/8_mlops_pipeline.py for tasks to queue
[2026-09-21T03:24:01.170+0000] {logging_mixin.py:149} INFO - [2026-09-21T03:24:01.170+0000] {dagbag.py:541} INFO - Filling up the DagBag from /opt/airflow/dags/8_mlops_pipeline.py
[2026-09-21T03:24:01.809+0000] {processor.py:809} INFO - DAG(s) dict_keys(['8-mlops_pipeline']) retrieved from /opt/airflow/dags/8_mlops_pipeline.py
[2026-09-21T03:24:01.863+0000] {logging_mixin.py:149} INFO - [2026-09-21T03:24:01.863+0000] {dag.py:2726} INFO - Sync 1 DAGs
[2026-09-21T03:24:01.900+0000] {logging_mixin.py:149} INFO - [2026-09-21T03:24:01.900+0000] {dag.py:3490} INFO - Setting next_dagrun for 8-mlops_pipeline to None, run_after=None
[2026-09-21T03:24:01.952+0000] {processor.py:178} INFO - Processing /opt/airflow/dags/8_mlops_pipeline.py took 0.790 seconds
[2026-09-21T03:24:32.641+0000] {processor.py:156} INFO - Started process (PID=2033) to work on /opt/airflow/dags/8_mlops_pipeline.py
[2026-09-21T03:24:32.644+0000] {processor.py:799} INFO - Processing file /opt/airflow/dags/8_mlops_pipeline.py for tasks to queue
[2026-09-21T03:24:32.646+0000] {logging_mixin.py:149} INFO - [2026-09-21T03:24:32.645+0000] {dagbag.py:541} INFO - Filling up the DagBag from /opt/airflow/dags/8_mlops_pipeline.py
[2026-09-21T03:24:33.274+0000] {processor.py:809} INFO - DAG(s) dict_keys(['8-mlops_pipeline']) retrieved from /opt/airflow/dags/8_mlops_pipeline.py
[2026-09-21T03:24:33.350+0000] {logging_mixin.py:149} INFO - [2026-09-21T03:24:33.349+0000] {dag.py:2726} INFO - Sync 1 DAGs
[2026-09-21T03:24:33.394+0000] {logging_mixin.py:149} INFO - [2026-09-21T03:24:33.393+0000] {dag.py:3490} INFO - Setting next_dagrun for 8-mlops_pipeline to None, run_after=None
[2026-09-21T03:24:33.425+0000] {processor.py:178} INFO - Processing /opt/airflow/dags/8_mlops_pipeline.py took 0.791 seconds
[2026-09-21T03:25:03.549+0000] {processor.py:156} INFO - Started process (PID=2047) to work on /opt/airflow/dags/8_mlops_pipeline.py
[2026-09-21T03:25:03.550+0000] {processor.py:799} INFO - Processing file /opt/airflow/dags/8_mlops_pipeline.py for tasks to queue
[2026-09-21T03:25:03.551+0000] {logging_mixin.py:149} INFO - [2026-09-21T03:25:03.551+0000] {dagbag.py:541} INFO - Filling up the DagBag from /opt/airflow/dags/8_mlops_pipeline.py
[2026-09-21T03:25:04.262+0000] {processor.py:809} INFO - DAG(s) dict_keys(['8-mlops_pipeline']) retrieved from /opt/airflow/dags/8_mlops_pipeline.py
[2026-09-21T03:25:04.329+0000] {logging_mixin.py:149} INFO - [2026-09-21T03:25:04.329+0000] {dag.py:2726} INFO - Sync 1 DAGs
[2026-09-21T03:25:04.369+0000] {logging_mixin.py:149} INFO - [2026-09-21T03:25:04.369+0000] {dag.py:3490} INFO - Setting next_dagrun for 8-mlops_pipeline to None, run_after=None
[2026-09-21T03:25:04.404+0000] {processor.py:178} INFO - Processing /opt/airflow/dags/8_mlops_pipeline.py took 0.865 seconds
[2026-09-21T03:25:34.520+0000] {processor.py:156} INFO - Started process (PID=2061) to work on /opt/airflow/dags/8_mlops_pipeline.py
[2026-09-21T03:25:34.524+0000] {processor.py:799} INFO - Processing file /opt/airflow/dags/8_mlops_pipeline.py for tasks to queue
[2026-09-21T03:25:34.525+0000] {logging_mixin.py:149} INFO - [2026-09-21T03:25:34.525+0000] {dagbag.py:541} INFO - Filling up the DagBag from /opt/airflow/dags/8_mlops_pipeline.py
[2026-09-21T03:25:35.170+0000] {processor.py:809} INFO - DAG(s) dict_keys(['8-mlops_pipeline']) retrieved from /opt/airflow/dags/8_mlops_pipeline.py
[2026-09-21T03:25:35.223+0000] {logging_mixin.py:149} INFO - [2026-09-21T03:25:35.223+0000] {dag.py:2726} INFO - Sync 1 DAGs
[2026-09-21T03:25:35.262+0000] {logging_mixin.py:149} INFO - [2026-09-21T03:25:35.261+0000] {dag.py:3490} INFO - Setting next_dagrun for 8-mlops_pipeline to None, run_after=None
[2026-09-21T03:25:35.289+0000] {processor.py:178} INFO - Processing /opt/airflow/dags/8_mlops_pipeline.py took 0.775 seconds
[2026-09-21T03:26:06.211+0000] {processor.py:156} INFO - Started process (PID=2075) to work on /opt/airflow/dags/8_mlops_pipeline.py
[2026-09-21T03:26:06.212+0000] {processor.py:799} INFO - Processing file /opt/airflow/dags/8_mlops_pipeline.py for tasks to queue
[2026-09-21T03:26:06.214+0000] {logging_mixin.py:149} INFO - [2026-09-21T03:26:06.214+0000] {dagbag.py:541} INFO - Filling up the DagBag from /opt/airflow/dags/8_mlops_pipeline.py
[2026-09-21T03:26:06.872+0000] {processor.py:809} INFO - DAG(s) dict_keys(['8-mlops_pipeline']) retrieved from /opt/airflow/dags/8_mlops_pipeline.py
[2026-09-21T03:26:06.944+0000] {logging_mixin.py:149} INFO - [2026-09-21T03:26:06.943+0000] {dag.py:2726} INFO - Sync 1 DAGs
[2026-09-21T03:26:06.980+0000] {logging_mixin.py:149} INFO - [2026-09-21T03:26:06.979+0000] {dag.py:3490} INFO - Setting next_dagrun for 8-mlops_pipeline to None, run_after=None
[2026-09-21T03:26:07.016+0000] {processor.py:178} INFO - Processing /opt/airflow/dags/8_mlops_pipeline.py took 0.812 seconds
[2026-09-21T03:26:37.110+0000] {processor.py:156} INFO - Started process (PID=2089) to work on /opt/airflow/dags/8_mlops_pipeline.py
[2026-09-21T03:26:37.112+0000] {processor.py:799} INFO - Processing file /opt/airflow/dags/8_mlops_pipeline.py for tasks to queue
[2026-09-21T03:26:37.113+0000] {logging_mixin.py:149} INFO - [2026-09-21T03:26:37.113+0000] {dagbag.py:541} INFO - Filling up the DagBag from /opt/airflow/dags/8_mlops_pipeline.py
[2026-09-21T03:26:37.735+0000] {processor.py:809} INFO - DAG(s) dict_keys(['8-mlops_pipeline']) retrieved from /opt/airflow/dags/8_mlops_pipeline.py
[2026-09-21T03:26:37.795+0000] {logging_mixin.py:149} INFO - [2026-09-21T03:26:37.795+0000] {dag.py:2726} INFO - Sync 1 DAGs
[2026-09-21T03:26:37.834+0000] {logging_mixin.py:149} INFO - [2026-09-21T03:26:37.834+0000] {dag.py:3490} INFO - Setting next_dagrun for 8-mlops_pipeline to None, run_after=None
[2026-09-21T03:26:37.863+0000] {processor.py:178} INFO - Processing /opt/airflow/dags/8_mlops_pipeline.py took 0.760 seconds
[2026-09-21T03:26:48.203+0000] {processor.py:156} INFO - Started process (PID=2093) to work on /opt/airflow/dags/8_mlops_pipeline.py
[2026-09-21T03:26:48.204+0000] {processor.py:799} INFO - Processing file /opt/airflow/dags/8_mlops_pipeline.py for tasks to queue
[2026-09-21T03:26:48.205+0000] {logging_mixin.py:149} INFO - [2026-09-21T03:26:48.205+0000] {dagbag.py:541} INFO - Filling up the DagBag from /opt/airflow/dags/8_mlops_pipeline.py
[2026-09-21T03:26:48.210+0000] {logging_mixin.py:149} INFO - [2026-09-21T03:26:48.208+0000] {dagbag.py:350} ERROR - Failed to import: /opt/airflow/dags/8_mlops_pipeline.py
Traceback (most recent call last):
  File "/home/airflow/.local/lib/python3.7/site-packages/airflow/models/dagbag.py", line 346, in parse
    loader.exec_module(new_module)
  File "<frozen importlib._bootstrap_external>", line 724, in exec_module
  File "<frozen importlib._bootstrap_external>", line 860, in get_code
  File "<frozen importlib._bootstrap_external>", line 791, in source_to_code
  File "<frozen importlib._bootstrap>", line 219, in _call_with_frames_removed
  File "/opt/airflow/dags/8_mlops_pipeline.py", line 25
    "status": "trained"
           ^
SyntaxError: invalid syntax
[2026-09-21T03:26:48.211+0000] {processor.py:811} WARNING - No viable dags retrieved from /opt/airflow/dags/8_mlops_pipeline.py
[2026-09-21T03:26:48.252+0000] {processor.py:178} INFO - Processing /opt/airflow/dags/8_mlops_pipeline.py took 0.055 seconds
[2026-09-21T03:27:18.379+0000] {processor.py:156} INFO - Started process (PID=2104) to work on /opt/airflow/dags/8_mlops_pipeline.py
[2026-09-21T03:27:18.382+0000] {processor.py:799} INFO - Processing file /opt/airflow/dags/8_mlops_pipeline.py for tasks to queue
[2026-09-21T03:27:18.384+0000] {logging_mixin.py:149} INFO - [2026-09-21T03:27:18.383+0000] {dagbag.py:541} INFO - Filling up the DagBag from /opt/airflow/dags/8_mlops_pipeline.py
[2026-09-21T03:27:18.390+0000] {logging_mixin.py:149} INFO - [2026-09-21T03:27:18.387+0000] {dagbag.py:350} ERROR - Failed to import: /opt/airflow/dags/8_mlops_pipeline.py
Traceback (most recent call last):
  File "/home/airflow/.local/lib/python3.7/site-packages/airflow/models/dagbag.py", line 346, in parse
    loader.exec_module(new_module)
  File "<frozen importlib._bootstrap_external>", line 724, in exec_module
  File "<frozen importlib._bootstrap_external>", line 860, in get_code
  File "<frozen importlib._bootstrap_external>", line 791, in source_to_code
  File "<frozen importlib._bootstrap>", line 219, in _call_with_frames_removed
  File "/opt/airflow/dags/8_mlops_pipeline.py", line 25
    "status": "trained"
           ^
SyntaxError: invalid syntax
[2026-09-21T03:27:18.391+0000] {processor.py:811} WARNING - No viable dags retrieved from /opt/airflow/dags/8_mlops_pipeline.py
[2026-09-21T03:27:18.442+0000] {processor.py:178} INFO - Processing /opt/airflow/dags/8_mlops_pipeline.py took 0.071 seconds
[2026-09-21T03:27:48.627+0000] {processor.py:156} INFO - Started process (PID=2115) to work on /opt/airflow/dags/8_mlops_pipeline.py
[2026-09-21T03:27:48.629+0000] {processor.py:799} INFO - Processing file /opt/airflow/dags/8_mlops_pipeline.py for tasks to queue
[2026-09-21T03:27:48.630+0000] {logging_mixin.py:149} INFO - [2026-09-21T03:27:48.630+0000] {dagbag.py:541} INFO - Filling up the DagBag from /opt/airflow/dags/8_mlops_pipeline.py
[2026-09-21T03:27:48.635+0000] {logging_mixin.py:149} INFO - [2026-09-21T03:27:48.633+0000] {dagbag.py:350} ERROR - Failed to import: /opt/airflow/dags/8_mlops_pipeline.py
Traceback (most recent call last):
  File "/home/airflow/.local/lib/python3.7/site-packages/airflow/models/dagbag.py", line 346, in parse
    loader.exec_module(new_module)
  File "<frozen importlib._bootstrap_external>", line 724, in exec_module
  File "<frozen importlib._bootstrap_external>", line 860, in get_code
  File "<frozen importlib._bootstrap_external>", line 791, in source_to_code
  File "<frozen importlib._bootstrap>", line 219, in _call_with_frames_removed
  File "/opt/airflow/dags/8_mlops_pipeline.py", line 25
    "status": "trained"
           ^
SyntaxError: invalid syntax
[2026-09-21T03:27:48.635+0000] {processor.py:811} WARNING - No viable dags retrieved from /opt/airflow/dags/8_mlops_pipeline.py
[2026-09-21T03:27:48.674+0000] {processor.py:178} INFO - Processing /opt/airflow/dags/8_mlops_pipeline.py took 0.054 seconds
[2026-09-21T03:28:19.534+0000] {processor.py:156} INFO - Started process (PID=2126) to work on /opt/airflow/dags/8_mlops_pipeline.py
[2026-09-21T03:28:19.536+0000] {processor.py:799} INFO - Processing file /opt/airflow/dags/8_mlops_pipeline.py for tasks to queue
[2026-09-21T03:28:19.537+0000] {logging_mixin.py:149} INFO - [2026-09-21T03:28:19.536+0000] {dagbag.py:541} INFO - Filling up the DagBag from /opt/airflow/dags/8_mlops_pipeline.py
[2026-09-21T03:28:19.540+0000] {logging_mixin.py:149} INFO - [2026-09-21T03:28:19.539+0000] {dagbag.py:350} ERROR - Failed to import: /opt/airflow/dags/8_mlops_pipeline.py
Traceback (most recent call last):
  File "/home/airflow/.local/lib/python3.7/site-packages/airflow/models/dagbag.py", line 346, in parse
    loader.exec_module(new_module)
  File "<frozen importlib._bootstrap_external>", line 724, in exec_module
  File "<frozen importlib._bootstrap_external>", line 860, in get_code
  File "<frozen importlib._bootstrap_external>", line 791, in source_to_code
  File "<frozen importlib._bootstrap>", line 219, in _call_with_frames_removed
  File "/opt/airflow/dags/8_mlops_pipeline.py", line 25
    "status": "trained"
           ^
SyntaxError: invalid syntax
[2026-09-21T03:28:19.540+0000] {processor.py:811} WARNING - No viable dags retrieved from /opt/airflow/dags/8_mlops_pipeline.py
[2026-09-21T03:28:19.576+0000] {processor.py:178} INFO - Processing /opt/airflow/dags/8_mlops_pipeline.py took 0.047 seconds
[2026-09-21T03:28:49.641+0000] {processor.py:156} INFO - Started process (PID=2137) to work on /opt/airflow/dags/8_mlops_pipeline.py
[2026-09-21T03:28:49.642+0000] {processor.py:799} INFO - Processing file /opt/airflow/dags/8_mlops_pipeline.py for tasks to queue
[2026-09-21T03:28:49.643+0000] {logging_mixin.py:149} INFO - [2026-09-21T03:28:49.643+0000] {dagbag.py:541} INFO - Filling up the DagBag from /opt/airflow/dags/8_mlops_pipeline.py
[2026-09-21T03:28:49.646+0000] {logging_mixin.py:149} INFO - [2026-09-21T03:28:49.645+0000] {dagbag.py:350} ERROR - Failed to import: /opt/airflow/dags/8_mlops_pipeline.py
Traceback (most recent call last):
  File "/home/airflow/.local/lib/python3.7/site-packages/airflow/models/dagbag.py", line 346, in parse
    loader.exec_module(new_module)
  File "<frozen importlib._bootstrap_external>", line 724, in exec_module
  File "<frozen importlib._bootstrap_external>", line 860, in get_code
  File "<frozen importlib._bootstrap_external>", line 791, in source_to_code
  File "<frozen importlib._bootstrap>", line 219, in _call_with_frames_removed
  File "/opt/airflow/dags/8_mlops_pipeline.py", line 25
    "status": "trained"
           ^
SyntaxError: invalid syntax
[2026-09-21T03:28:49.647+0000] {processor.py:811} WARNING - No viable dags retrieved from /opt/airflow/dags/8_mlops_pipeline.py
[2026-09-21T03:28:49.683+0000] {processor.py:178} INFO - Processing /opt/airflow/dags/8_mlops_pipeline.py took 0.048 seconds
[2026-09-21T03:29:20.674+0000] {processor.py:156} INFO - Started process (PID=2148) to work on /opt/airflow/dags/8_mlops_pipeline.py
[2026-09-21T03:29:20.677+0000] {processor.py:799} INFO - Processing file /opt/airflow/dags/8_mlops_pipeline.py for tasks to queue
[2026-09-21T03:29:20.678+0000] {logging_mixin.py:149} INFO - [2026-09-21T03:29:20.678+0000] {dagbag.py:541} INFO - Filling up the DagBag from /opt/airflow/dags/8_mlops_pipeline.py
[2026-09-21T03:29:20.683+0000] {logging_mixin.py:149} INFO - [2026-09-21T03:29:20.681+0000] {dagbag.py:350} ERROR - Failed to import: /opt/airflow/dags/8_mlops_pipeline.py
Traceback (most recent call last):
  File "/home/airflow/.local/lib/python3.7/site-packages/airflow/models/dagbag.py", line 346, in parse
    loader.exec_module(new_module)
  File "<frozen importlib._bootstrap_external>", line 724, in exec_module
  File "<frozen importlib._bootstrap_external>", line 860, in get_code
  File "<frozen importlib._bootstrap_external>", line 791, in source_to_code
  File "<frozen importlib._bootstrap>", line 219, in _call_with_frames_removed
  File "/opt/airflow/dags/8_mlops_pipeline.py", line 25
    "status": "trained"
           ^
SyntaxError: invalid syntax
[2026-09-21T03:29:20.683+0000] {processor.py:811} WARNING - No viable dags retrieved from /opt/airflow/dags/8_mlops_pipeline.py
[2026-09-21T03:29:20.720+0000] {processor.py:178} INFO - Processing /opt/airflow/dags/8_mlops_pipeline.py took 0.051 seconds
[2026-09-21T03:29:51.025+0000] {processor.py:156} INFO - Started process (PID=2159) to work on /opt/airflow/dags/8_mlops_pipeline.py
[2026-09-21T03:29:51.028+0000] {processor.py:799} INFO - Processing file /opt/airflow/dags/8_mlops_pipeline.py for tasks to queue
[2026-09-21T03:29:51.030+0000] {logging_mixin.py:149} INFO - [2026-09-21T03:29:51.030+0000] {dagbag.py:541} INFO - Filling up the DagBag from /opt/airflow/dags/8_mlops_pipeline.py
[2026-09-21T03:29:51.034+0000] {logging_mixin.py:149} INFO - [2026-09-21T03:29:51.033+0000] {dagbag.py:350} ERROR - Failed to import: /opt/airflow/dags/8_mlops_pipeline.py
Traceback (most recent call last):
  File "/home/airflow/.local/lib/python3.7/site-packages/airflow/models/dagbag.py", line 346, in parse
    loader.exec_module(new_module)
  File "<frozen importlib._bootstrap_external>", line 724, in exec_module
  File "<frozen importlib._bootstrap_external>", line 860, in get_code
  File "<frozen importlib._bootstrap_external>", line 791, in source_to_code
  File "<frozen importlib._bootstrap>", line 219, in _call_with_frames_removed
  File "/opt/airflow/dags/8_mlops_pipeline.py", line 25
    "status": "trained"
           ^
SyntaxError: invalid syntax
[2026-09-21T03:29:51.035+0000] {processor.py:811} WARNING - No viable dags retrieved from /opt/airflow/dags/8_mlops_pipeline.py
[2026-09-21T03:29:51.085+0000] {processor.py:178} INFO - Processing /opt/airflow/dags/8_mlops_pipeline.py took 0.071 seconds
[2026-09-21T03:30:21.919+0000] {processor.py:156} INFO - Started process (PID=2170) to work on /opt/airflow/dags/8_mlops_pipeline.py
[2026-09-21T03:30:21.923+0000] {processor.py:799} INFO - Processing file /opt/airflow/dags/8_mlops_pipeline.py for tasks to queue
[2026-09-21T03:30:21.925+0000] {logging_mixin.py:149} INFO - [2026-09-21T03:30:21.925+0000] {dagbag.py:541} INFO - Filling up the DagBag from /opt/airflow/dags/8_mlops_pipeline.py
[2026-09-21T03:30:21.932+0000] {logging_mixin.py:149} INFO - [2026-09-21T03:30:21.929+0000] {dagbag.py:350} ERROR - Failed to import: /opt/airflow/dags/8_mlops_pipeline.py
Traceback (most recent call last):
  File "/home/airflow/.local/lib/python3.7/site-packages/airflow/models/dagbag.py", line 346, in parse
    loader.exec_module(new_module)
  File "<frozen importlib._bootstrap_external>", line 724, in exec_module
  File "<frozen importlib._bootstrap_external>", line 860, in get_code
  File "<frozen importlib._bootstrap_external>", line 791, in source_to_code
  File "<frozen importlib._bootstrap>", line 219, in _call_with_frames_removed
  File "/opt/airflow/dags/8_mlops_pipeline.py", line 25
    "status": "trained"
           ^
SyntaxError: invalid syntax
[2026-09-21T03:30:21.932+0000] {processor.py:811} WARNING - No viable dags retrieved from /opt/airflow/dags/8_mlops_pipeline.py
[2026-09-21T03:30:21.973+0000] {processor.py:178} INFO - Processing /opt/airflow/dags/8_mlops_pipeline.py took 0.065 seconds
[2026-09-21T03:30:52.036+0000] {processor.py:156} INFO - Started process (PID=2181) to work on /opt/airflow/dags/8_mlops_pipeline.py
[2026-09-21T03:30:52.037+0000] {processor.py:799} INFO - Processing file /opt/airflow/dags/8_mlops_pipeline.py for tasks to queue
[2026-09-21T03:30:52.039+0000] {logging_mixin.py:149} INFO - [2026-09-21T03:30:52.039+0000] {dagbag.py:541} INFO - Filling up the DagBag from /opt/airflow/dags/8_mlops_pipeline.py
[2026-09-21T03:30:52.044+0000] {logging_mixin.py:149} INFO - [2026-09-21T03:30:52.042+0000] {dagbag.py:350} ERROR - Failed to import: /opt/airflow/dags/8_mlops_pipeline.py
Traceback (most recent call last):
  File "/home/airflow/.local/lib/python3.7/site-packages/airflow/models/dagbag.py", line 346, in parse
    loader.exec_module(new_module)
  File "<frozen importlib._bootstrap_external>", line 724, in exec_module
  File "<frozen importlib._bootstrap_external>", line 860, in get_code
  File "<frozen importlib._bootstrap_external>", line 791, in source_to_code
  File "<frozen importlib._bootstrap>", line 219, in _call_with_frames_removed
  File "/opt/airflow/dags/8_mlops_pipeline.py", line 25
    "status": "trained"
           ^
SyntaxError: invalid syntax
[2026-09-21T03:30:52.044+0000] {processor.py:811} WARNING - No viable dags retrieved from /opt/airflow/dags/8_mlops_pipeline.py
[2026-09-21T03:30:52.112+0000] {processor.py:178} INFO - Processing /opt/airflow/dags/8_mlops_pipeline.py took 0.087 seconds
[2026-09-21T03:31:22.186+0000] {processor.py:156} INFO - Started process (PID=2192) to work on /opt/airflow/dags/8_mlops_pipeline.py
[2026-09-21T03:31:22.190+0000] {processor.py:799} INFO - Processing file /opt/airflow/dags/8_mlops_pipeline.py for tasks to queue
[2026-09-21T03:31:22.191+0000] {logging_mixin.py:149} INFO - [2026-09-21T03:31:22.191+0000] {dagbag.py:541} INFO - Filling up the DagBag from /opt/airflow/dags/8_mlops_pipeline.py
[2026-09-21T03:31:22.197+0000] {logging_mixin.py:149} INFO - [2026-09-21T03:31:22.194+0000] {dagbag.py:350} ERROR - Failed to import: /opt/airflow/dags/8_mlops_pipeline.py
Traceback (most recent call last):
  File "/home/airflow/.local/lib/python3.7/site-packages/airflow/models/dagbag.py", line 346, in parse
    loader.exec_module(new_module)
  File "<frozen importlib._bootstrap_external>", line 724, in exec_module
  File "<frozen importlib._bootstrap_external>", line 860, in get_code
  File "<frozen importlib._bootstrap_external>", line 791, in source_to_code
  File "<frozen importlib._bootstrap>", line 219, in _call_with_frames_removed
  File "/opt/airflow/dags/8_mlops_pipeline.py", line 25
    "status": "trained"
           ^
SyntaxError: invalid syntax
[2026-09-21T03:31:22.198+0000] {processor.py:811} WARNING - No viable dags retrieved from /opt/airflow/dags/8_mlops_pipeline.py
[2026-09-21T03:31:22.238+0000] {processor.py:178} INFO - Processing /opt/airflow/dags/8_mlops_pipeline.py took 0.062 seconds
[2026-09-21T03:31:52.324+0000] {processor.py:156} INFO - Started process (PID=2203) to work on /opt/airflow/dags/8_mlops_pipeline.py
[2026-09-21T03:31:52.326+0000] {processor.py:799} INFO - Processing file /opt/airflow/dags/8_mlops_pipeline.py for tasks to queue
[2026-09-21T03:31:52.327+0000] {logging_mixin.py:149} INFO - [2026-09-21T03:31:52.327+0000] {dagbag.py:541} INFO - Filling up the DagBag from /opt/airflow/dags/8_mlops_pipeline.py
[2026-09-21T03:31:52.331+0000] {logging_mixin.py:149} INFO - [2026-09-21T03:31:52.330+0000] {dagbag.py:350} ERROR - Failed to import: /opt/airflow/dags/8_mlops_pipeline.py
Traceback (most recent call last):
  File "/home/airflow/.local/lib/python3.7/site-packages/airflow/models/dagbag.py", line 346, in parse
    loader.exec_module(new_module)
  File "<frozen importlib._bootstrap_external>", line 724, in exec_module
  File "<frozen importlib._bootstrap_external>", line 860, in get_code
  File "<frozen importlib._bootstrap_external>", line 791, in source_to_code
  File "<frozen importlib._bootstrap>", line 219, in _call_with_frames_removed
  File "/opt/airflow/dags/8_mlops_pipeline.py", line 25
    "status": "trained"
           ^
SyntaxError: invalid syntax
[2026-09-21T03:31:52.332+0000] {processor.py:811} WARNING - No viable dags retrieved from /opt/airflow/dags/8_mlops_pipeline.py
[2026-09-21T03:31:52.382+0000] {processor.py:178} INFO - Processing /opt/airflow/dags/8_mlops_pipeline.py took 0.064 seconds
[2026-09-21T03:32:23.311+0000] {processor.py:156} INFO - Started process (PID=2214) to work on /opt/airflow/dags/8_mlops_pipeline.py
[2026-09-21T03:32:23.315+0000] {processor.py:799} INFO - Processing file /opt/airflow/dags/8_mlops_pipeline.py for tasks to queue
[2026-09-21T03:32:23.316+0000] {logging_mixin.py:149} INFO - [2026-09-21T03:32:23.316+0000] {dagbag.py:541} INFO - Filling up the DagBag from /opt/airflow/dags/8_mlops_pipeline.py
[2026-09-21T03:32:23.321+0000] {logging_mixin.py:149} INFO - [2026-09-21T03:32:23.319+0000] {dagbag.py:350} ERROR - Failed to import: /opt/airflow/dags/8_mlops_pipeline.py
Traceback (most recent call last):
  File "/home/airflow/.local/lib/python3.7/site-packages/airflow/models/dagbag.py", line 346, in parse
    loader.exec_module(new_module)
  File "<frozen importlib._bootstrap_external>", line 724, in exec_module
  File "<frozen importlib._bootstrap_external>", line 860, in get_code
  File "<frozen importlib._bootstrap_external>", line 791, in source_to_code
  File "<frozen importlib._bootstrap>", line 219, in _call_with_frames_removed
  File "/opt/airflow/dags/8_mlops_pipeline.py", line 25
    "status": "trained"
           ^
SyntaxError: invalid syntax
[2026-09-21T03:32:23.321+0000] {processor.py:811} WARNING - No viable dags retrieved from /opt/airflow/dags/8_mlops_pipeline.py
[2026-09-21T03:32:23.364+0000] {processor.py:178} INFO - Processing /opt/airflow/dags/8_mlops_pipeline.py took 0.061 seconds
[2026-09-21T03:32:53.467+0000] {processor.py:156} INFO - Started process (PID=2232) to work on /opt/airflow/dags/8_mlops_pipeline.py
[2026-09-21T03:32:53.470+0000] {processor.py:799} INFO - Processing file /opt/airflow/dags/8_mlops_pipeline.py for tasks to queue
[2026-09-21T03:32:53.471+0000] {logging_mixin.py:149} INFO - [2026-09-21T03:32:53.471+0000] {dagbag.py:541} INFO - Filling up the DagBag from /opt/airflow/dags/8_mlops_pipeline.py
[2026-09-21T03:32:53.475+0000] {logging_mixin.py:149} INFO - [2026-09-21T03:32:53.473+0000] {dagbag.py:350} ERROR - Failed to import: /opt/airflow/dags/8_mlops_pipeline.py
Traceback (most recent call last):
  File "/home/airflow/.local/lib/python3.7/site-packages/airflow/models/dagbag.py", line 346, in parse
    loader.exec_module(new_module)
  File "<frozen importlib._bootstrap_external>", line 724, in exec_module
  File "<frozen importlib._bootstrap_external>", line 860, in get_code
  File "<frozen importlib._bootstrap_external>", line 791, in source_to_code
  File "<frozen importlib._bootstrap>", line 219, in _call_with_frames_removed
  File "/opt/airflow/dags/8_mlops_pipeline.py", line 25
    "status": "trained"
           ^
SyntaxError: invalid syntax
[2026-09-21T03:32:53.476+0000] {processor.py:811} WARNING - No viable dags retrieved from /opt/airflow/dags/8_mlops_pipeline.py
[2026-09-21T03:32:53.534+0000] {processor.py:178} INFO - Processing /opt/airflow/dags/8_mlops_pipeline.py took 0.072 seconds
[2026-09-21T03:33:23.597+0000] {processor.py:156} INFO - Started process (PID=2243) to work on /opt/airflow/dags/8_mlops_pipeline.py
[2026-09-21T03:33:23.601+0000] {processor.py:799} INFO - Processing file /opt/airflow/dags/8_mlops_pipeline.py for tasks to queue
[2026-09-21T03:33:23.602+0000] {logging_mixin.py:149} INFO - [2026-09-21T03:33:23.601+0000] {dagbag.py:541} INFO - Filling up the DagBag from /opt/airflow/dags/8_mlops_pipeline.py
[2026-09-21T03:33:23.605+0000] {logging_mixin.py:149} INFO - [2026-09-21T03:33:23.604+0000] {dagbag.py:350} ERROR - Failed to import: /opt/airflow/dags/8_mlops_pipeline.py
Traceback (most recent call last):
  File "/home/airflow/.local/lib/python3.7/site-packages/airflow/models/dagbag.py", line 346, in parse
    loader.exec_module(new_module)
  File "<frozen importlib._bootstrap_external>", line 724, in exec_module
  File "<frozen importlib._bootstrap_external>", line 860, in get_code
  File "<frozen importlib._bootstrap_external>", line 791, in source_to_code
  File "<frozen importlib._bootstrap>", line 219, in _call_with_frames_removed
  File "/opt/airflow/dags/8_mlops_pipeline.py", line 25
    "status": "trained"
           ^
SyntaxError: invalid syntax
[2026-09-21T03:33:23.605+0000] {processor.py:811} WARNING - No viable dags retrieved from /opt/airflow/dags/8_mlops_pipeline.py
[2026-09-21T03:33:23.653+0000] {processor.py:178} INFO - Processing /opt/airflow/dags/8_mlops_pipeline.py took 0.060 seconds
[2026-09-21T03:33:54.632+0000] {processor.py:156} INFO - Started process (PID=2254) to work on /opt/airflow/dags/8_mlops_pipeline.py
[2026-09-21T03:33:54.637+0000] {processor.py:799} INFO - Processing file /opt/airflow/dags/8_mlops_pipeline.py for tasks to queue
[2026-09-21T03:33:54.639+0000] {logging_mixin.py:149} INFO - [2026-09-21T03:33:54.639+0000] {dagbag.py:541} INFO - Filling up the DagBag from /opt/airflow/dags/8_mlops_pipeline.py
[2026-09-21T03:33:54.643+0000] {logging_mixin.py:149} INFO - [2026-09-21T03:33:54.642+0000] {dagbag.py:350} ERROR - Failed to import: /opt/airflow/dags/8_mlops_pipeline.py
Traceback (most recent call last):
  File "/home/airflow/.local/lib/python3.7/site-packages/airflow/models/dagbag.py", line 346, in parse
    loader.exec_module(new_module)
  File "<frozen importlib._bootstrap_external>", line 724, in exec_module
  File "<frozen importlib._bootstrap_external>", line 860, in get_code
  File "<frozen importlib._bootstrap_external>", line 791, in source_to_code
  File "<frozen importlib._bootstrap>", line 219, in _call_with_frames_removed
  File "/opt/airflow/dags/8_mlops_pipeline.py", line 25
    "status": "trained"
           ^
SyntaxError: invalid syntax
[2026-09-21T03:33:54.644+0000] {processor.py:811} WARNING - No viable dags retrieved from /opt/airflow/dags/8_mlops_pipeline.py
[2026-09-21T03:33:54.678+0000] {processor.py:178} INFO - Processing /opt/airflow/dags/8_mlops_pipeline.py took 0.056 seconds
[2026-09-21T03:34:25.554+0000] {processor.py:156} INFO - Started process (PID=2265) to work on /opt/airflow/dags/8_mlops_pipeline.py
[2026-09-21T03:34:25.555+0000] {processor.py:799} INFO - Processing file /opt/airflow/dags/8_mlops_pipeline.py for tasks to queue
[2026-09-21T03:34:25.556+0000] {logging_mixin.py:149} INFO - [2026-09-21T03:34:25.556+0000] {dagbag.py:541} INFO - Filling up the DagBag from /opt/airflow/dags/8_mlops_pipeline.py
[2026-09-21T03:34:25.561+0000] {logging_mixin.py:149} INFO - [2026-09-21T03:34:25.559+0000] {dagbag.py:350} ERROR - Failed to import: /opt/airflow/dags/8_mlops_pipeline.py
Traceback (most recent call last):
  File "/home/airflow/.local/lib/python3.7/site-packages/airflow/models/dagbag.py", line 346, in parse
    loader.exec_module(new_module)
  File "<frozen importlib._bootstrap_external>", line 724, in exec_module
  File "<frozen importlib._bootstrap_external>", line 860, in get_code
  File "<frozen importlib._bootstrap_external>", line 791, in source_to_code
  File "<frozen importlib._bootstrap>", line 219, in _call_with_frames_removed
  File "/opt/airflow/dags/8_mlops_pipeline.py", line 25
    "status": "trained"
           ^
SyntaxError: invalid syntax
[2026-09-21T03:34:25.561+0000] {processor.py:811} WARNING - No viable dags retrieved from /opt/airflow/dags/8_mlops_pipeline.py
[2026-09-21T03:34:25.604+0000] {processor.py:178} INFO - Processing /opt/airflow/dags/8_mlops_pipeline.py took 0.059 seconds
[2026-09-21T03:34:55.644+0000] {processor.py:156} INFO - Started process (PID=2276) to work on /opt/airflow/dags/8_mlops_pipeline.py
[2026-09-21T03:34:55.646+0000] {processor.py:799} INFO - Processing file /opt/airflow/dags/8_mlops_pipeline.py for tasks to queue
[2026-09-21T03:34:55.647+0000] {logging_mixin.py:149} INFO - [2026-09-21T03:34:55.647+0000] {dagbag.py:541} INFO - Filling up the DagBag from /opt/airflow/dags/8_mlops_pipeline.py
[2026-09-21T03:34:55.652+0000] {logging_mixin.py:149} INFO - [2026-09-21T03:34:55.650+0000] {dagbag.py:350} ERROR - Failed to import: /opt/airflow/dags/8_mlops_pipeline.py
Traceback (most recent call last):
  File "/home/airflow/.local/lib/python3.7/site-packages/airflow/models/dagbag.py", line 346, in parse
    loader.exec_module(new_module)
  File "<frozen importlib._bootstrap_external>", line 724, in exec_module
  File "<frozen importlib._bootstrap_external>", line 860, in get_code
  File "<frozen importlib._bootstrap_external>", line 791, in source_to_code
  File "<frozen importlib._bootstrap>", line 219, in _call_with_frames_removed
  File "/opt/airflow/dags/8_mlops_pipeline.py", line 25
    "status": "trained"
           ^
SyntaxError: invalid syntax
[2026-09-21T03:34:55.653+0000] {processor.py:811} WARNING - No viable dags retrieved from /opt/airflow/dags/8_mlops_pipeline.py
[2026-09-21T03:34:55.694+0000] {processor.py:178} INFO - Processing /opt/airflow/dags/8_mlops_pipeline.py took 0.056 seconds
[2026-09-21T03:35:25.807+0000] {processor.py:156} INFO - Started process (PID=2287) to work on /opt/airflow/dags/8_mlops_pipeline.py
[2026-09-21T03:35:25.809+0000] {processor.py:799} INFO - Processing file /opt/airflow/dags/8_mlops_pipeline.py for tasks to queue
[2026-09-21T03:35:25.810+0000] {logging_mixin.py:149} INFO - [2026-09-21T03:35:25.809+0000] {dagbag.py:541} INFO - Filling up the DagBag from /opt/airflow/dags/8_mlops_pipeline.py
[2026-09-21T03:35:25.814+0000] {logging_mixin.py:149} INFO - [2026-09-21T03:35:25.812+0000] {dagbag.py:350} ERROR - Failed to import: /opt/airflow/dags/8_mlops_pipeline.py
Traceback (most recent call last):
  File "/home/airflow/.local/lib/python3.7/site-packages/airflow/models/dagbag.py", line 346, in parse
    loader.exec_module(new_module)
  File "<frozen importlib._bootstrap_external>", line 724, in exec_module
  File "<frozen importlib._bootstrap_external>", line 860, in get_code
  File "<frozen importlib._bootstrap_external>", line 791, in source_to_code
  File "<frozen importlib._bootstrap>", line 219, in _call_with_frames_removed
  File "/opt/airflow/dags/8_mlops_pipeline.py", line 25
    "status": "trained"
           ^
SyntaxError: invalid syntax
[2026-09-21T03:35:25.815+0000] {processor.py:811} WARNING - No viable dags retrieved from /opt/airflow/dags/8_mlops_pipeline.py
[2026-09-21T03:35:25.864+0000] {processor.py:178} INFO - Processing /opt/airflow/dags/8_mlops_pipeline.py took 0.063 seconds
[2026-09-21T03:35:56.258+0000] {processor.py:156} INFO - Started process (PID=2298) to work on /opt/airflow/dags/8_mlops_pipeline.py
[2026-09-21T03:35:56.261+0000] {processor.py:799} INFO - Processing file /opt/airflow/dags/8_mlops_pipeline.py for tasks to queue
[2026-09-21T03:35:56.262+0000] {logging_mixin.py:149} INFO - [2026-09-21T03:35:56.262+0000] {dagbag.py:541} INFO - Filling up the DagBag from /opt/airflow/dags/8_mlops_pipeline.py
[2026-09-21T03:35:56.267+0000] {logging_mixin.py:149} INFO - [2026-09-21T03:35:56.265+0000] {dagbag.py:350} ERROR - Failed to import: /opt/airflow/dags/8_mlops_pipeline.py
Traceback (most recent call last):
  File "/home/airflow/.local/lib/python3.7/site-packages/airflow/models/dagbag.py", line 346, in parse
    loader.exec_module(new_module)
  File "<frozen importlib._bootstrap_external>", line 724, in exec_module
  File "<frozen importlib._bootstrap_external>", line 860, in get_code
  File "<frozen importlib._bootstrap_external>", line 791, in source_to_code
  File "<frozen importlib._bootstrap>", line 219, in _call_with_frames_removed
  File "/opt/airflow/dags/8_mlops_pipeline.py", line 25
    "status": "trained"
           ^
SyntaxError: invalid syntax
[2026-09-21T03:35:56.268+0000] {processor.py:811} WARNING - No viable dags retrieved from /opt/airflow/dags/8_mlops_pipeline.py
[2026-09-21T03:35:56.302+0000] {processor.py:178} INFO - Processing /opt/airflow/dags/8_mlops_pipeline.py took 0.048 seconds
[2026-09-21T03:36:14.463+0000] {processor.py:156} INFO - Started process (PID=2302) to work on /opt/airflow/dags/8_mlops_pipeline.py
[2026-09-21T03:36:14.465+0000] {processor.py:799} INFO - Processing file /opt/airflow/dags/8_mlops_pipeline.py for tasks to queue
[2026-09-21T03:36:14.466+0000] {logging_mixin.py:149} INFO - [2026-09-21T03:36:14.466+0000] {dagbag.py:541} INFO - Filling up the DagBag from /opt/airflow/dags/8_mlops_pipeline.py
[2026-09-21T03:36:15.138+0000] {processor.py:809} INFO - DAG(s) dict_keys(['8-mlops_pipeline']) retrieved from /opt/airflow/dags/8_mlops_pipeline.py
[2026-09-21T03:36:15.248+0000] {logging_mixin.py:149} INFO - [2026-09-21T03:36:15.248+0000] {dag.py:2726} INFO - Sync 1 DAGs
[2026-09-21T03:36:15.286+0000] {logging_mixin.py:149} INFO - [2026-09-21T03:36:15.286+0000] {dag.py:3490} INFO - Setting next_dagrun for 8-mlops_pipeline to None, run_after=None
[2026-09-21T03:36:15.338+0000] {processor.py:178} INFO - Processing /opt/airflow/dags/8_mlops_pipeline.py took 0.881 seconds
[2026-09-21T03:36:45.467+0000] {processor.py:156} INFO - Started process (PID=2323) to work on /opt/airflow/dags/8_mlops_pipeline.py
[2026-09-21T03:36:45.468+0000] {processor.py:799} INFO - Processing file /opt/airflow/dags/8_mlops_pipeline.py for tasks to queue
[2026-09-21T03:36:45.469+0000] {logging_mixin.py:149} INFO - [2026-09-21T03:36:45.469+0000] {dagbag.py:541} INFO - Filling up the DagBag from /opt/airflow/dags/8_mlops_pipeline.py
[2026-09-21T03:36:45.983+0000] {processor.py:809} INFO - DAG(s) dict_keys(['8-mlops_pipeline']) retrieved from /opt/airflow/dags/8_mlops_pipeline.py
[2026-09-21T03:36:46.026+0000] {logging_mixin.py:149} INFO - [2026-09-21T03:36:46.026+0000] {dag.py:2726} INFO - Sync 1 DAGs
[2026-09-21T03:36:46.061+0000] {logging_mixin.py:149} INFO - [2026-09-21T03:36:46.061+0000] {dag.py:3490} INFO - Setting next_dagrun for 8-mlops_pipeline to None, run_after=None
[2026-09-21T03:36:46.087+0000] {processor.py:178} INFO - Processing /opt/airflow/dags/8_mlops_pipeline.py took 0.625 seconds
[2026-09-21T03:37:17.113+0000] {processor.py:156} INFO - Started process (PID=2337) to work on /opt/airflow/dags/8_mlops_pipeline.py
[2026-09-21T03:37:17.114+0000] {processor.py:799} INFO - Processing file /opt/airflow/dags/8_mlops_pipeline.py for tasks to queue
[2026-09-21T03:37:17.115+0000] {logging_mixin.py:149} INFO - [2026-09-21T03:37:17.115+0000] {dagbag.py:541} INFO - Filling up the DagBag from /opt/airflow/dags/8_mlops_pipeline.py
[2026-09-21T03:37:17.788+0000] {processor.py:809} INFO - DAG(s) dict_keys(['8-mlops_pipeline']) retrieved from /opt/airflow/dags/8_mlops_pipeline.py
[2026-09-21T03:37:17.847+0000] {logging_mixin.py:149} INFO - [2026-09-21T03:37:17.847+0000] {dag.py:2726} INFO - Sync 1 DAGs
[2026-09-21T03:37:17.888+0000] {logging_mixin.py:149} INFO - [2026-09-21T03:37:17.887+0000] {dag.py:3490} INFO - Setting next_dagrun for 8-mlops_pipeline to None, run_after=None
[2026-09-21T03:37:17.919+0000] {processor.py:178} INFO - Processing /opt/airflow/dags/8_mlops_pipeline.py took 0.812 seconds
[2026-09-21T03:37:48.946+0000] {processor.py:156} INFO - Started process (PID=2351) to work on /opt/airflow/dags/8_mlops_pipeline.py
[2026-09-21T03:37:48.950+0000] {processor.py:799} INFO - Processing file /opt/airflow/dags/8_mlops_pipeline.py for tasks to queue
[2026-09-21T03:37:48.951+0000] {logging_mixin.py:149} INFO - [2026-09-21T03:37:48.951+0000] {dagbag.py:541} INFO - Filling up the DagBag from /opt/airflow/dags/8_mlops_pipeline.py
[2026-09-21T03:37:49.688+0000] {processor.py:809} INFO - DAG(s) dict_keys(['8-mlops_pipeline']) retrieved from /opt/airflow/dags/8_mlops_pipeline.py
[2026-09-21T03:37:49.730+0000] {logging_mixin.py:149} INFO - [2026-09-21T03:37:49.729+0000] {dag.py:2726} INFO - Sync 1 DAGs
[2026-09-21T03:37:49.766+0000] {logging_mixin.py:149} INFO - [2026-09-21T03:37:49.766+0000] {dag.py:3490} INFO - Setting next_dagrun for 8-mlops_pipeline to None, run_after=None
[2026-09-21T03:37:49.796+0000] {processor.py:178} INFO - Processing /opt/airflow/dags/8_mlops_pipeline.py took 0.864 seconds
[2026-09-21T03:38:19.953+0000] {processor.py:156} INFO - Started process (PID=2365) to work on /opt/airflow/dags/8_mlops_pipeline.py
[2026-09-21T03:38:19.954+0000] {processor.py:799} INFO - Processing file /opt/airflow/dags/8_mlops_pipeline.py for tasks to queue
[2026-09-21T03:38:19.957+0000] {logging_mixin.py:149} INFO - [2026-09-21T03:38:19.956+0000] {dagbag.py:541} INFO - Filling up the DagBag from /opt/airflow/dags/8_mlops_pipeline.py
[2026-09-21T03:38:20.589+0000] {processor.py:809} INFO - DAG(s) dict_keys(['8-mlops_pipeline']) retrieved from /opt/airflow/dags/8_mlops_pipeline.py
[2026-09-21T03:38:20.646+0000] {logging_mixin.py:149} INFO - [2026-09-21T03:38:20.646+0000] {dag.py:2726} INFO - Sync 1 DAGs
[2026-09-21T03:38:20.689+0000] {logging_mixin.py:149} INFO - [2026-09-21T03:38:20.689+0000] {dag.py:3490} INFO - Setting next_dagrun for 8-mlops_pipeline to None, run_after=None
[2026-09-21T03:38:20.718+0000] {processor.py:178} INFO - Processing /opt/airflow/dags/8_mlops_pipeline.py took 0.770 seconds
[2026-09-21T03:38:39.433+0000] {processor.py:156} INFO - Started process (PID=2378) to work on /opt/airflow/dags/8_mlops_pipeline.py
[2026-09-21T03:38:39.447+0000] {processor.py:799} INFO - Processing file /opt/airflow/dags/8_mlops_pipeline.py for tasks to queue
[2026-09-21T03:38:39.448+0000] {logging_mixin.py:149} INFO - [2026-09-21T03:38:39.448+0000] {dagbag.py:541} INFO - Filling up the DagBag from /opt/airflow/dags/8_mlops_pipeline.py
[2026-09-21T03:38:41.586+0000] {processor.py:809} INFO - DAG(s) dict_keys(['8-mlops_pipeline']) retrieved from /opt/airflow/dags/8_mlops_pipeline.py
[2026-09-21T03:38:41.648+0000] {logging_mixin.py:149} INFO - [2026-09-21T03:38:41.647+0000] {dag.py:2726} INFO - Sync 1 DAGs
[2026-09-21T03:38:41.705+0000] {logging_mixin.py:149} INFO - [2026-09-21T03:38:41.705+0000] {dag.py:3490} INFO - Setting next_dagrun for 8-mlops_pipeline to None, run_after=None
[2026-09-21T03:38:41.810+0000] {processor.py:178} INFO - Processing /opt/airflow/dags/8_mlops_pipeline.py took 2.392 seconds
[2026-09-21T03:39:12.434+0000] {processor.py:156} INFO - Started process (PID=2400) to work on /opt/airflow/dags/8_mlops_pipeline.py
[2026-09-21T03:39:12.443+0000] {processor.py:799} INFO - Processing file /opt/airflow/dags/8_mlops_pipeline.py for tasks to queue
[2026-09-21T03:39:12.444+0000] {logging_mixin.py:149} INFO - [2026-09-21T03:39:12.444+0000] {dagbag.py:541} INFO - Filling up the DagBag from /opt/airflow/dags/8_mlops_pipeline.py
[2026-09-21T03:39:13.815+0000] {processor.py:809} INFO - DAG(s) dict_keys(['8-mlops_pipeline']) retrieved from /opt/airflow/dags/8_mlops_pipeline.py
[2026-09-21T03:39:13.887+0000] {logging_mixin.py:149} INFO - [2026-09-21T03:39:13.887+0000] {dag.py:2726} INFO - Sync 1 DAGs
[2026-09-21T03:39:13.928+0000] {logging_mixin.py:149} INFO - [2026-09-21T03:39:13.927+0000] {dag.py:3490} INFO - Setting next_dagrun for 8-mlops_pipeline to None, run_after=None
[2026-09-21T03:39:13.987+0000] {processor.py:178} INFO - Processing /opt/airflow/dags/8_mlops_pipeline.py took 1.569 seconds
[2026-09-21T03:39:44.851+0000] {processor.py:156} INFO - Started process (PID=2416) to work on /opt/airflow/dags/8_mlops_pipeline.py
[2026-09-21T03:39:44.853+0000] {processor.py:799} INFO - Processing file /opt/airflow/dags/8_mlops_pipeline.py for tasks to queue
[2026-09-21T03:39:44.853+0000] {logging_mixin.py:149} INFO - [2026-09-21T03:39:44.853+0000] {dagbag.py:541} INFO - Filling up the DagBag from /opt/airflow/dags/8_mlops_pipeline.py
[2026-09-21T03:39:45.562+0000] {processor.py:809} INFO - DAG(s) dict_keys(['8-mlops_pipeline']) retrieved from /opt/airflow/dags/8_mlops_pipeline.py
[2026-09-21T03:39:45.606+0000] {logging_mixin.py:149} INFO - [2026-09-21T03:39:45.606+0000] {dag.py:2726} INFO - Sync 1 DAGs
[2026-09-21T03:39:45.643+0000] {logging_mixin.py:149} INFO - [2026-09-21T03:39:45.643+0000] {dag.py:3490} INFO - Setting next_dagrun for 8-mlops_pipeline to None, run_after=None
[2026-09-21T03:39:45.663+0000] {processor.py:178} INFO - Processing /opt/airflow/dags/8_mlops_pipeline.py took 0.818 seconds
[2026-09-21T03:40:16.658+0000] {processor.py:156} INFO - Started process (PID=2430) to work on /opt/airflow/dags/8_mlops_pipeline.py
[2026-09-21T03:40:16.660+0000] {processor.py:799} INFO - Processing file /opt/airflow/dags/8_mlops_pipeline.py for tasks to queue
[2026-09-21T03:40:16.661+0000] {logging_mixin.py:149} INFO - [2026-09-21T03:40:16.661+0000] {dagbag.py:541} INFO - Filling up the DagBag from /opt/airflow/dags/8_mlops_pipeline.py
[2026-09-21T03:40:17.571+0000] {processor.py:809} INFO - DAG(s) dict_keys(['8-mlops_pipeline']) retrieved from /opt/airflow/dags/8_mlops_pipeline.py
[2026-09-21T03:40:17.618+0000] {logging_mixin.py:149} INFO - [2026-09-21T03:40:17.618+0000] {dag.py:2726} INFO - Sync 1 DAGs
[2026-09-21T03:40:17.650+0000] {logging_mixin.py:149} INFO - [2026-09-21T03:40:17.650+0000] {dag.py:3490} INFO - Setting next_dagrun for 8-mlops_pipeline to None, run_after=None
[2026-09-21T03:40:17.674+0000] {processor.py:178} INFO - Processing /opt/airflow/dags/8_mlops_pipeline.py took 1.022 seconds
[2026-09-21T03:40:47.766+0000] {processor.py:156} INFO - Started process (PID=2444) to work on /opt/airflow/dags/8_mlops_pipeline.py
[2026-09-21T03:40:47.768+0000] {processor.py:799} INFO - Processing file /opt/airflow/dags/8_mlops_pipeline.py for tasks to queue
[2026-09-21T03:40:47.770+0000] {logging_mixin.py:149} INFO - [2026-09-21T03:40:47.769+0000] {dagbag.py:541} INFO - Filling up the DagBag from /opt/airflow/dags/8_mlops_pipeline.py
[2026-09-21T03:40:48.663+0000] {processor.py:809} INFO - DAG(s) dict_keys(['8-mlops_pipeline']) retrieved from /opt/airflow/dags/8_mlops_pipeline.py
[2026-09-21T03:40:48.712+0000] {logging_mixin.py:149} INFO - [2026-09-21T03:40:48.712+0000] {dag.py:2726} INFO - Sync 1 DAGs
[2026-09-21T03:40:48.741+0000] {logging_mixin.py:149} INFO - [2026-09-21T03:40:48.741+0000] {dag.py:3490} INFO - Setting next_dagrun for 8-mlops_pipeline to None, run_after=None
[2026-09-21T03:40:48.768+0000] {processor.py:178} INFO - Processing /opt/airflow/dags/8_mlops_pipeline.py took 1.009 seconds
[2026-09-21T03:41:18.968+0000] {processor.py:156} INFO - Started process (PID=2458) to work on /opt/airflow/dags/8_mlops_pipeline.py
[2026-09-21T03:41:18.973+0000] {processor.py:799} INFO - Processing file /opt/airflow/dags/8_mlops_pipeline.py for tasks to queue
[2026-09-21T03:41:18.974+0000] {logging_mixin.py:149} INFO - [2026-09-21T03:41:18.974+0000] {dagbag.py:541} INFO - Filling up the DagBag from /opt/airflow/dags/8_mlops_pipeline.py
[2026-09-21T03:41:19.917+0000] {processor.py:809} INFO - DAG(s) dict_keys(['8-mlops_pipeline']) retrieved from /opt/airflow/dags/8_mlops_pipeline.py
[2026-09-21T03:41:19.957+0000] {logging_mixin.py:149} INFO - [2026-09-21T03:41:19.956+0000] {dag.py:2726} INFO - Sync 1 DAGs
[2026-09-21T03:41:19.990+0000] {logging_mixin.py:149} INFO - [2026-09-21T03:41:19.989+0000] {dag.py:3490} INFO - Setting next_dagrun for 8-mlops_pipeline to None, run_after=None
[2026-09-21T03:41:20.024+0000] {processor.py:178} INFO - Processing /opt/airflow/dags/8_mlops_pipeline.py took 1.063 seconds
[2026-09-21T03:41:50.278+0000] {processor.py:156} INFO - Started process (PID=2472) to work on /opt/airflow/dags/8_mlops_pipeline.py
[2026-09-21T03:41:50.283+0000] {processor.py:799} INFO - Processing file /opt/airflow/dags/8_mlops_pipeline.py for tasks to queue
[2026-09-21T03:41:50.286+0000] {logging_mixin.py:149} INFO - [2026-09-21T03:41:50.285+0000] {dagbag.py:541} INFO - Filling up the DagBag from /opt/airflow/dags/8_mlops_pipeline.py
[2026-09-21T03:41:51.204+0000] {processor.py:809} INFO - DAG(s) dict_keys(['8-mlops_pipeline']) retrieved from /opt/airflow/dags/8_mlops_pipeline.py
[2026-09-21T03:41:51.251+0000] {logging_mixin.py:149} INFO - [2026-09-21T03:41:51.251+0000] {dag.py:2726} INFO - Sync 1 DAGs
[2026-09-21T03:41:51.280+0000] {logging_mixin.py:149} INFO - [2026-09-21T03:41:51.280+0000] {dag.py:3490} INFO - Setting next_dagrun for 8-mlops_pipeline to None, run_after=None
[2026-09-21T03:41:51.315+0000] {processor.py:178} INFO - Processing /opt/airflow/dags/8_mlops_pipeline.py took 1.044 seconds
[2026-09-21T03:42:22.131+0000] {processor.py:156} INFO - Started process (PID=2486) to work on /opt/airflow/dags/8_mlops_pipeline.py
[2026-09-21T03:42:22.132+0000] {processor.py:799} INFO - Processing file /opt/airflow/dags/8_mlops_pipeline.py for tasks to queue
[2026-09-21T03:42:22.133+0000] {logging_mixin.py:149} INFO - [2026-09-21T03:42:22.133+0000] {dagbag.py:541} INFO - Filling up the DagBag from /opt/airflow/dags/8_mlops_pipeline.py
[2026-09-21T03:42:22.849+0000] {processor.py:809} INFO - DAG(s) dict_keys(['8-mlops_pipeline']) retrieved from /opt/airflow/dags/8_mlops_pipeline.py
[2026-09-21T03:42:22.886+0000] {logging_mixin.py:149} INFO - [2026-09-21T03:42:22.886+0000] {dag.py:2726} INFO - Sync 1 DAGs
[2026-09-21T03:42:22.912+0000] {logging_mixin.py:149} INFO - [2026-09-21T03:42:22.912+0000] {dag.py:3490} INFO - Setting next_dagrun for 8-mlops_pipeline to None, run_after=None
[2026-09-21T03:42:22.934+0000] {processor.py:178} INFO - Processing /opt/airflow/dags/8_mlops_pipeline.py took 0.807 seconds
[2026-09-21T03:42:53.929+0000] {processor.py:156} INFO - Started process (PID=2500) to work on /opt/airflow/dags/8_mlops_pipeline.py
[2026-09-21T03:42:53.932+0000] {processor.py:799} INFO - Processing file /opt/airflow/dags/8_mlops_pipeline.py for tasks to queue
[2026-09-21T03:42:53.934+0000] {logging_mixin.py:149} INFO - [2026-09-21T03:42:53.934+0000] {dagbag.py:541} INFO - Filling up the DagBag from /opt/airflow/dags/8_mlops_pipeline.py
[2026-09-21T03:42:54.903+0000] {processor.py:809} INFO - DAG(s) dict_keys(['8-mlops_pipeline']) retrieved from /opt/airflow/dags/8_mlops_pipeline.py
[2026-09-21T03:42:54.966+0000] {logging_mixin.py:149} INFO - [2026-09-21T03:42:54.965+0000] {dag.py:2726} INFO - Sync 1 DAGs
[2026-09-21T03:42:54.997+0000] {logging_mixin.py:149} INFO - [2026-09-21T03:42:54.996+0000] {dag.py:3490} INFO - Setting next_dagrun for 8-mlops_pipeline to None, run_after=None
[2026-09-21T03:42:55.050+0000] {processor.py:178} INFO - Processing /opt/airflow/dags/8_mlops_pipeline.py took 1.128 seconds
[2026-09-21T03:43:25.184+0000] {processor.py:156} INFO - Started process (PID=2514) to work on /opt/airflow/dags/8_mlops_pipeline.py
[2026-09-21T03:43:25.186+0000] {processor.py:799} INFO - Processing file /opt/airflow/dags/8_mlops_pipeline.py for tasks to queue
[2026-09-21T03:43:25.187+0000] {logging_mixin.py:149} INFO - [2026-09-21T03:43:25.186+0000] {dagbag.py:541} INFO - Filling up the DagBag from /opt/airflow/dags/8_mlops_pipeline.py
[2026-09-21T03:43:26.105+0000] {processor.py:809} INFO - DAG(s) dict_keys(['8-mlops_pipeline']) retrieved from /opt/airflow/dags/8_mlops_pipeline.py
[2026-09-21T03:43:26.143+0000] {logging_mixin.py:149} INFO - [2026-09-21T03:43:26.143+0000] {dag.py:2726} INFO - Sync 1 DAGs
[2026-09-21T03:43:26.175+0000] {logging_mixin.py:149} INFO - [2026-09-21T03:43:26.174+0000] {dag.py:3490} INFO - Setting next_dagrun for 8-mlops_pipeline to None, run_after=None
[2026-09-21T03:43:26.200+0000] {processor.py:178} INFO - Processing /opt/airflow/dags/8_mlops_pipeline.py took 1.023 seconds
[2026-09-21T03:43:44.245+0000] {processor.py:156} INFO - Started process (PID=2520) to work on /opt/airflow/dags/8_mlops_pipeline.py
[2026-09-21T03:43:44.247+0000] {processor.py:799} INFO - Processing file /opt/airflow/dags/8_mlops_pipeline.py for tasks to queue
[2026-09-21T03:43:44.248+0000] {logging_mixin.py:149} INFO - [2026-09-21T03:43:44.248+0000] {dagbag.py:541} INFO - Filling up the DagBag from /opt/airflow/dags/8_mlops_pipeline.py
[2026-09-21T03:43:46.256+0000] {processor.py:809} INFO - DAG(s) dict_keys(['8-mlops_pipeline']) retrieved from /opt/airflow/dags/8_mlops_pipeline.py
[2026-09-21T03:43:46.379+0000] {logging_mixin.py:149} INFO - [2026-09-21T03:43:46.378+0000] {dag.py:2726} INFO - Sync 1 DAGs
[2026-09-21T03:43:46.451+0000] {logging_mixin.py:149} INFO - [2026-09-21T03:43:46.451+0000] {dag.py:3490} INFO - Setting next_dagrun for 8-mlops_pipeline to None, run_after=None
[2026-09-21T03:43:46.491+0000] {processor.py:178} INFO - Processing /opt/airflow/dags/8_mlops_pipeline.py took 2.252 seconds
[2026-09-21T03:44:16.632+0000] {processor.py:156} INFO - Started process (PID=2540) to work on /opt/airflow/dags/8_mlops_pipeline.py
[2026-09-21T03:44:16.637+0000] {processor.py:799} INFO - Processing file /opt/airflow/dags/8_mlops_pipeline.py for tasks to queue
[2026-09-21T03:44:16.640+0000] {logging_mixin.py:149} INFO - [2026-09-21T03:44:16.639+0000] {dagbag.py:541} INFO - Filling up the DagBag from /opt/airflow/dags/8_mlops_pipeline.py
[2026-09-21T03:44:17.747+0000] {processor.py:809} INFO - DAG(s) dict_keys(['8-mlops_pipeline']) retrieved from /opt/airflow/dags/8_mlops_pipeline.py
[2026-09-21T03:44:17.793+0000] {logging_mixin.py:149} INFO - [2026-09-21T03:44:17.793+0000] {dag.py:2726} INFO - Sync 1 DAGs
[2026-09-21T03:44:17.821+0000] {logging_mixin.py:149} INFO - [2026-09-21T03:44:17.821+0000] {dag.py:3490} INFO - Setting next_dagrun for 8-mlops_pipeline to None, run_after=None
[2026-09-21T03:44:17.846+0000] {processor.py:178} INFO - Processing /opt/airflow/dags/8_mlops_pipeline.py took 1.228 seconds
[2026-09-21T03:44:47.923+0000] {processor.py:156} INFO - Started process (PID=2561) to work on /opt/airflow/dags/8_mlops_pipeline.py
[2026-09-21T03:44:47.925+0000] {processor.py:799} INFO - Processing file /opt/airflow/dags/8_mlops_pipeline.py for tasks to queue
[2026-09-21T03:44:47.926+0000] {logging_mixin.py:149} INFO - [2026-09-21T03:44:47.926+0000] {dagbag.py:541} INFO - Filling up the DagBag from /opt/airflow/dags/8_mlops_pipeline.py
[2026-09-21T03:44:49.212+0000] {processor.py:809} INFO - DAG(s) dict_keys(['8-mlops_pipeline']) retrieved from /opt/airflow/dags/8_mlops_pipeline.py
[2026-09-21T03:44:49.255+0000] {logging_mixin.py:149} INFO - [2026-09-21T03:44:49.254+0000] {dag.py:2726} INFO - Sync 1 DAGs
[2026-09-21T03:44:49.298+0000] {logging_mixin.py:149} INFO - [2026-09-21T03:44:49.297+0000] {dag.py:3490} INFO - Setting next_dagrun for 8-mlops_pipeline to None, run_after=None
[2026-09-21T03:44:49.332+0000] {processor.py:178} INFO - Processing /opt/airflow/dags/8_mlops_pipeline.py took 1.417 seconds
[2026-09-21T03:45:19.433+0000] {processor.py:156} INFO - Started process (PID=2575) to work on /opt/airflow/dags/8_mlops_pipeline.py
[2026-09-21T03:45:19.436+0000] {processor.py:799} INFO - Processing file /opt/airflow/dags/8_mlops_pipeline.py for tasks to queue
[2026-09-21T03:45:19.438+0000] {logging_mixin.py:149} INFO - [2026-09-21T03:45:19.438+0000] {dagbag.py:541} INFO - Filling up the DagBag from /opt/airflow/dags/8_mlops_pipeline.py
[2026-09-21T03:45:20.373+0000] {processor.py:809} INFO - DAG(s) dict_keys(['8-mlops_pipeline']) retrieved from /opt/airflow/dags/8_mlops_pipeline.py
[2026-09-21T03:45:20.420+0000] {logging_mixin.py:149} INFO - [2026-09-21T03:45:20.420+0000] {dag.py:2726} INFO - Sync 1 DAGs
[2026-09-21T03:45:20.455+0000] {logging_mixin.py:149} INFO - [2026-09-21T03:45:20.454+0000] {dag.py:3490} INFO - Setting next_dagrun for 8-mlops_pipeline to None, run_after=None
[2026-09-21T03:45:20.480+0000] {processor.py:178} INFO - Processing /opt/airflow/dags/8_mlops_pipeline.py took 1.053 seconds
[2026-09-21T03:45:49.560+0000] {processor.py:156} INFO - Started process (PID=2589) to work on /opt/airflow/dags/8_mlops_pipeline.py
[2026-09-21T03:45:49.565+0000] {processor.py:799} INFO - Processing file /opt/airflow/dags/8_mlops_pipeline.py for tasks to queue
[2026-09-21T03:45:49.567+0000] {logging_mixin.py:149} INFO - [2026-09-21T03:45:49.567+0000] {dagbag.py:541} INFO - Filling up the DagBag from /opt/airflow/dags/8_mlops_pipeline.py
[2026-09-21T03:45:50.469+0000] {processor.py:809} INFO - DAG(s) dict_keys(['8-mlops_pipeline']) retrieved from /opt/airflow/dags/8_mlops_pipeline.py
[2026-09-21T03:45:50.530+0000] {logging_mixin.py:149} INFO - [2026-09-21T03:45:50.530+0000] {dag.py:2726} INFO - Sync 1 DAGs
[2026-09-21T03:45:50.569+0000] {logging_mixin.py:149} INFO - [2026-09-21T03:45:50.569+0000] {dag.py:3490} INFO - Setting next_dagrun for 8-mlops_pipeline to None, run_after=None
[2026-09-21T03:45:50.603+0000] {processor.py:178} INFO - Processing /opt/airflow/dags/8_mlops_pipeline.py took 1.054 seconds
[2026-09-21T03:46:21.639+0000] {processor.py:156} INFO - Started process (PID=2610) to work on /opt/airflow/dags/8_mlops_pipeline.py
[2026-09-21T03:46:21.642+0000] {processor.py:799} INFO - Processing file /opt/airflow/dags/8_mlops_pipeline.py for tasks to queue
[2026-09-21T03:46:21.644+0000] {logging_mixin.py:149} INFO - [2026-09-21T03:46:21.643+0000] {dagbag.py:541} INFO - Filling up the DagBag from /opt/airflow/dags/8_mlops_pipeline.py
[2026-09-21T03:46:22.548+0000] {processor.py:809} INFO - DAG(s) dict_keys(['8-mlops_pipeline']) retrieved from /opt/airflow/dags/8_mlops_pipeline.py
[2026-09-21T03:46:22.619+0000] {logging_mixin.py:149} INFO - [2026-09-21T03:46:22.618+0000] {dag.py:2726} INFO - Sync 1 DAGs
[2026-09-21T03:46:22.660+0000] {logging_mixin.py:149} INFO - [2026-09-21T03:46:22.659+0000] {dag.py:3490} INFO - Setting next_dagrun for 8-mlops_pipeline to None, run_after=None
[2026-09-21T03:46:22.705+0000] {processor.py:178} INFO - Processing /opt/airflow/dags/8_mlops_pipeline.py took 1.073 seconds
[2026-09-21T03:46:53.697+0000] {processor.py:156} INFO - Started process (PID=2624) to work on /opt/airflow/dags/8_mlops_pipeline.py
[2026-09-21T03:46:53.698+0000] {processor.py:799} INFO - Processing file /opt/airflow/dags/8_mlops_pipeline.py for tasks to queue
[2026-09-21T03:46:53.699+0000] {logging_mixin.py:149} INFO - [2026-09-21T03:46:53.699+0000] {dagbag.py:541} INFO - Filling up the DagBag from /opt/airflow/dags/8_mlops_pipeline.py
[2026-09-21T03:46:54.610+0000] {processor.py:809} INFO - DAG(s) dict_keys(['8-mlops_pipeline']) retrieved from /opt/airflow/dags/8_mlops_pipeline.py
[2026-09-21T03:46:54.672+0000] {logging_mixin.py:149} INFO - [2026-09-21T03:46:54.672+0000] {dag.py:2726} INFO - Sync 1 DAGs
[2026-09-21T03:46:54.711+0000] {logging_mixin.py:149} INFO - [2026-09-21T03:46:54.711+0000] {dag.py:3490} INFO - Setting next_dagrun for 8-mlops_pipeline to None, run_after=None
[2026-09-21T03:46:54.757+0000] {processor.py:178} INFO - Processing /opt/airflow/dags/8_mlops_pipeline.py took 1.066 seconds
[2026-09-21T03:47:24.926+0000] {processor.py:156} INFO - Started process (PID=2638) to work on /opt/airflow/dags/8_mlops_pipeline.py
[2026-09-21T03:47:24.930+0000] {processor.py:799} INFO - Processing file /opt/airflow/dags/8_mlops_pipeline.py for tasks to queue
[2026-09-21T03:47:24.931+0000] {logging_mixin.py:149} INFO - [2026-09-21T03:47:24.931+0000] {dagbag.py:541} INFO - Filling up the DagBag from /opt/airflow/dags/8_mlops_pipeline.py
[2026-09-21T03:47:25.825+0000] {processor.py:809} INFO - DAG(s) dict_keys(['8-mlops_pipeline']) retrieved from /opt/airflow/dags/8_mlops_pipeline.py
[2026-09-21T03:47:25.867+0000] {logging_mixin.py:149} INFO - [2026-09-21T03:47:25.866+0000] {dag.py:2726} INFO - Sync 1 DAGs
[2026-09-21T03:47:25.897+0000] {logging_mixin.py:149} INFO - [2026-09-21T03:47:25.896+0000] {dag.py:3490} INFO - Setting next_dagrun for 8-mlops_pipeline to None, run_after=None
[2026-09-21T03:47:25.925+0000] {processor.py:178} INFO - Processing /opt/airflow/dags/8_mlops_pipeline.py took 1.005 seconds
[2026-09-21T03:47:56.053+0000] {processor.py:156} INFO - Started process (PID=2652) to work on /opt/airflow/dags/8_mlops_pipeline.py
[2026-09-21T03:47:56.055+0000] {processor.py:799} INFO - Processing file /opt/airflow/dags/8_mlops_pipeline.py for tasks to queue
[2026-09-21T03:47:56.057+0000] {logging_mixin.py:149} INFO - [2026-09-21T03:47:56.057+0000] {dagbag.py:541} INFO - Filling up the DagBag from /opt/airflow/dags/8_mlops_pipeline.py
[2026-09-21T03:47:57.050+0000] {processor.py:809} INFO - DAG(s) dict_keys(['8-mlops_pipeline']) retrieved from /opt/airflow/dags/8_mlops_pipeline.py
[2026-09-21T03:47:57.094+0000] {logging_mixin.py:149} INFO - [2026-09-21T03:47:57.094+0000] {dag.py:2726} INFO - Sync 1 DAGs
[2026-09-21T03:47:57.126+0000] {logging_mixin.py:149} INFO - [2026-09-21T03:47:57.126+0000] {dag.py:3490} INFO - Setting next_dagrun for 8-mlops_pipeline to None, run_after=None
[2026-09-21T03:47:57.156+0000] {processor.py:178} INFO - Processing /opt/airflow/dags/8_mlops_pipeline.py took 1.114 seconds
[2026-09-21T03:48:16.704+0000] {processor.py:156} INFO - Started process (PID=2660) to work on /opt/airflow/dags/8_mlops_pipeline.py
[2026-09-21T03:48:16.708+0000] {processor.py:799} INFO - Processing file /opt/airflow/dags/8_mlops_pipeline.py for tasks to queue
[2026-09-21T03:48:16.710+0000] {logging_mixin.py:149} INFO - [2026-09-21T03:48:16.710+0000] {dagbag.py:541} INFO - Filling up the DagBag from /opt/airflow/dags/8_mlops_pipeline.py
[2026-09-21T03:48:17.444+0000] {processor.py:809} INFO - DAG(s) dict_keys(['8-mlops_pipeline']) retrieved from /opt/airflow/dags/8_mlops_pipeline.py
[2026-09-21T03:48:17.495+0000] {logging_mixin.py:149} INFO - [2026-09-21T03:48:17.495+0000] {dag.py:2726} INFO - Sync 1 DAGs
[2026-09-21T03:48:17.532+0000] {logging_mixin.py:149} INFO - [2026-09-21T03:48:17.531+0000] {dag.py:3490} INFO - Setting next_dagrun for 8-mlops_pipeline to None, run_after=None
[2026-09-21T03:48:17.565+0000] {processor.py:178} INFO - Processing /opt/airflow/dags/8_mlops_pipeline.py took 0.871 seconds
[2026-09-21T03:48:47.911+0000] {processor.py:156} INFO - Started process (PID=2675) to work on /opt/airflow/dags/8_mlops_pipeline.py
[2026-09-21T03:48:47.912+0000] {processor.py:799} INFO - Processing file /opt/airflow/dags/8_mlops_pipeline.py for tasks to queue
[2026-09-21T03:48:47.913+0000] {logging_mixin.py:149} INFO - [2026-09-21T03:48:47.913+0000] {dagbag.py:541} INFO - Filling up the DagBag from /opt/airflow/dags/8_mlops_pipeline.py
[2026-09-21T03:48:48.642+0000] {processor.py:809} INFO - DAG(s) dict_keys(['8-mlops_pipeline']) retrieved from /opt/airflow/dags/8_mlops_pipeline.py
[2026-09-21T03:48:48.691+0000] {logging_mixin.py:149} INFO - [2026-09-21T03:48:48.690+0000] {dag.py:2726} INFO - Sync 1 DAGs
[2026-09-21T03:48:48.732+0000] {logging_mixin.py:149} INFO - [2026-09-21T03:48:48.732+0000] {dag.py:3490} INFO - Setting next_dagrun for 8-mlops_pipeline to None, run_after=None
[2026-09-21T03:48:48.778+0000] {processor.py:178} INFO - Processing /opt/airflow/dags/8_mlops_pipeline.py took 0.874 seconds
[2026-09-21T03:49:18.946+0000] {processor.py:156} INFO - Started process (PID=2692) to work on /opt/airflow/dags/8_mlops_pipeline.py
[2026-09-21T03:49:18.950+0000] {processor.py:799} INFO - Processing file /opt/airflow/dags/8_mlops_pipeline.py for tasks to queue
[2026-09-21T03:49:18.951+0000] {logging_mixin.py:149} INFO - [2026-09-21T03:49:18.951+0000] {dagbag.py:541} INFO - Filling up the DagBag from /opt/airflow/dags/8_mlops_pipeline.py
[2026-09-21T03:49:19.788+0000] {processor.py:809} INFO - DAG(s) dict_keys(['8-mlops_pipeline']) retrieved from /opt/airflow/dags/8_mlops_pipeline.py
[2026-09-21T03:49:19.835+0000] {logging_mixin.py:149} INFO - [2026-09-21T03:49:19.835+0000] {dag.py:2726} INFO - Sync 1 DAGs
[2026-09-21T03:49:19.871+0000] {logging_mixin.py:149} INFO - [2026-09-21T03:49:19.871+0000] {dag.py:3490} INFO - Setting next_dagrun for 8-mlops_pipeline to None, run_after=None
[2026-09-21T03:49:19.906+0000] {processor.py:178} INFO - Processing /opt/airflow/dags/8_mlops_pipeline.py took 0.968 seconds
[2026-09-21T03:49:50.023+0000] {processor.py:156} INFO - Started process (PID=2709) to work on /opt/airflow/dags/8_mlops_pipeline.py
[2026-09-21T03:49:50.024+0000] {processor.py:799} INFO - Processing file /opt/airflow/dags/8_mlops_pipeline.py for tasks to queue
[2026-09-21T03:49:50.025+0000] {logging_mixin.py:149} INFO - [2026-09-21T03:49:50.025+0000] {dagbag.py:541} INFO - Filling up the DagBag from /opt/airflow/dags/8_mlops_pipeline.py
[2026-09-21T03:49:50.798+0000] {processor.py:809} INFO - DAG(s) dict_keys(['8-mlops_pipeline']) retrieved from /opt/airflow/dags/8_mlops_pipeline.py
[2026-09-21T03:49:50.843+0000] {logging_mixin.py:149} INFO - [2026-09-21T03:49:50.843+0000] {dag.py:2726} INFO - Sync 1 DAGs
[2026-09-21T03:49:50.882+0000] {logging_mixin.py:149} INFO - [2026-09-21T03:49:50.882+0000] {dag.py:3490} INFO - Setting next_dagrun for 8-mlops_pipeline to None, run_after=None
[2026-09-21T03:49:50.910+0000] {processor.py:178} INFO - Processing /opt/airflow/dags/8_mlops_pipeline.py took 0.901 seconds
[2026-09-21T03:50:21.102+0000] {processor.py:156} INFO - Started process (PID=2724) to work on /opt/airflow/dags/8_mlops_pipeline.py
[2026-09-21T03:50:21.107+0000] {processor.py:799} INFO - Processing file /opt/airflow/dags/8_mlops_pipeline.py for tasks to queue
[2026-09-21T03:50:21.109+0000] {logging_mixin.py:149} INFO - [2026-09-21T03:50:21.109+0000] {dagbag.py:541} INFO - Filling up the DagBag from /opt/airflow/dags/8_mlops_pipeline.py
[2026-09-21T03:50:21.752+0000] {processor.py:809} INFO - DAG(s) dict_keys(['8-mlops_pipeline']) retrieved from /opt/airflow/dags/8_mlops_pipeline.py
[2026-09-21T03:50:21.818+0000] {logging_mixin.py:149} INFO - [2026-09-21T03:50:21.818+0000] {dag.py:2726} INFO - Sync 1 DAGs
[2026-09-21T03:50:21.854+0000] {logging_mixin.py:149} INFO - [2026-09-21T03:50:21.853+0000] {dag.py:3490} INFO - Setting next_dagrun for 8-mlops_pipeline to None, run_after=None
[2026-09-21T03:50:21.882+0000] {processor.py:178} INFO - Processing /opt/airflow/dags/8_mlops_pipeline.py took 0.786 seconds
[2026-09-21T03:50:52.062+0000] {processor.py:156} INFO - Started process (PID=2738) to work on /opt/airflow/dags/8_mlops_pipeline.py
[2026-09-21T03:50:52.069+0000] {processor.py:799} INFO - Processing file /opt/airflow/dags/8_mlops_pipeline.py for tasks to queue
[2026-09-21T03:50:52.070+0000] {logging_mixin.py:149} INFO - [2026-09-21T03:50:52.070+0000] {dagbag.py:541} INFO - Filling up the DagBag from /opt/airflow/dags/8_mlops_pipeline.py
[2026-09-21T03:50:52.760+0000] {processor.py:809} INFO - DAG(s) dict_keys(['8-mlops_pipeline']) retrieved from /opt/airflow/dags/8_mlops_pipeline.py
[2026-09-21T03:50:52.830+0000] {logging_mixin.py:149} INFO - [2026-09-21T03:50:52.830+0000] {dag.py:2726} INFO - Sync 1 DAGs
[2026-09-21T03:50:52.864+0000] {logging_mixin.py:149} INFO - [2026-09-21T03:50:52.864+0000] {dag.py:3490} INFO - Setting next_dagrun for 8-mlops_pipeline to None, run_after=None
[2026-09-21T03:50:52.901+0000] {processor.py:178} INFO - Processing /opt/airflow/dags/8_mlops_pipeline.py took 0.861 seconds
[2026-09-21T03:51:23.383+0000] {processor.py:156} INFO - Started process (PID=2752) to work on /opt/airflow/dags/8_mlops_pipeline.py
[2026-09-21T03:51:23.390+0000] {processor.py:799} INFO - Processing file /opt/airflow/dags/8_mlops_pipeline.py for tasks to queue
[2026-09-21T03:51:23.391+0000] {logging_mixin.py:149} INFO - [2026-09-21T03:51:23.391+0000] {dagbag.py:541} INFO - Filling up the DagBag from /opt/airflow/dags/8_mlops_pipeline.py
[2026-09-21T03:51:24.075+0000] {processor.py:809} INFO - DAG(s) dict_keys(['8-mlops_pipeline']) retrieved from /opt/airflow/dags/8_mlops_pipeline.py
[2026-09-21T03:51:24.121+0000] {logging_mixin.py:149} INFO - [2026-09-21T03:51:24.121+0000] {dag.py:2726} INFO - Sync 1 DAGs
[2026-09-21T03:51:24.165+0000] {logging_mixin.py:149} INFO - [2026-09-21T03:51:24.165+0000] {dag.py:3490} INFO - Setting next_dagrun for 8-mlops_pipeline to None, run_after=None
[2026-09-21T03:51:24.207+0000] {processor.py:178} INFO - Processing /opt/airflow/dags/8_mlops_pipeline.py took 0.830 seconds
[2026-09-21T03:51:54.491+0000] {processor.py:156} INFO - Started process (PID=2766) to work on /opt/airflow/dags/8_mlops_pipeline.py
[2026-09-21T03:51:54.493+0000] {processor.py:799} INFO - Processing file /opt/airflow/dags/8_mlops_pipeline.py for tasks to queue
[2026-09-21T03:51:54.494+0000] {logging_mixin.py:149} INFO - [2026-09-21T03:51:54.494+0000] {dagbag.py:541} INFO - Filling up the DagBag from /opt/airflow/dags/8_mlops_pipeline.py
[2026-09-21T03:51:55.210+0000] {processor.py:809} INFO - DAG(s) dict_keys(['8-mlops_pipeline']) retrieved from /opt/airflow/dags/8_mlops_pipeline.py
[2026-09-21T03:51:55.260+0000] {logging_mixin.py:149} INFO - [2026-09-21T03:51:55.260+0000] {dag.py:2726} INFO - Sync 1 DAGs
[2026-09-21T03:51:55.301+0000] {logging_mixin.py:149} INFO - [2026-09-21T03:51:55.301+0000] {dag.py:3490} INFO - Setting next_dagrun for 8-mlops_pipeline to None, run_after=None
[2026-09-21T03:51:55.340+0000] {processor.py:178} INFO - Processing /opt/airflow/dags/8_mlops_pipeline.py took 0.857 seconds
[2026-09-21T03:52:25.560+0000] {processor.py:156} INFO - Started process (PID=2780) to work on /opt/airflow/dags/8_mlops_pipeline.py
[2026-09-21T03:52:25.562+0000] {processor.py:799} INFO - Processing file /opt/airflow/dags/8_mlops_pipeline.py for tasks to queue
[2026-09-21T03:52:25.563+0000] {logging_mixin.py:149} INFO - [2026-09-21T03:52:25.563+0000] {dagbag.py:541} INFO - Filling up the DagBag from /opt/airflow/dags/8_mlops_pipeline.py
[2026-09-21T03:52:26.208+0000] {processor.py:809} INFO - DAG(s) dict_keys(['8-mlops_pipeline']) retrieved from /opt/airflow/dags/8_mlops_pipeline.py
[2026-09-21T03:52:26.280+0000] {logging_mixin.py:149} INFO - [2026-09-21T03:52:26.279+0000] {dag.py:2726} INFO - Sync 1 DAGs
[2026-09-21T03:52:26.329+0000] {logging_mixin.py:149} INFO - [2026-09-21T03:52:26.327+0000] {dag.py:3490} INFO - Setting next_dagrun for 8-mlops_pipeline to None, run_after=None
[2026-09-21T03:52:26.380+0000] {processor.py:178} INFO - Processing /opt/airflow/dags/8_mlops_pipeline.py took 0.827 seconds
[2026-09-21T03:52:56.679+0000] {processor.py:156} INFO - Started process (PID=2794) to work on /opt/airflow/dags/8_mlops_pipeline.py
[2026-09-21T03:52:56.680+0000] {processor.py:799} INFO - Processing file /opt/airflow/dags/8_mlops_pipeline.py for tasks to queue
[2026-09-21T03:52:56.681+0000] {logging_mixin.py:149} INFO - [2026-09-21T03:52:56.681+0000] {dagbag.py:541} INFO - Filling up the DagBag from /opt/airflow/dags/8_mlops_pipeline.py
[2026-09-21T03:52:57.374+0000] {processor.py:809} INFO - DAG(s) dict_keys(['8-mlops_pipeline']) retrieved from /opt/airflow/dags/8_mlops_pipeline.py
[2026-09-21T03:52:57.429+0000] {logging_mixin.py:149} INFO - [2026-09-21T03:52:57.428+0000] {dag.py:2726} INFO - Sync 1 DAGs
[2026-09-21T03:52:57.467+0000] {logging_mixin.py:149} INFO - [2026-09-21T03:52:57.467+0000] {dag.py:3490} INFO - Setting next_dagrun for 8-mlops_pipeline to None, run_after=None
[2026-09-21T03:52:57.508+0000] {processor.py:178} INFO - Processing /opt/airflow/dags/8_mlops_pipeline.py took 0.835 seconds
[2026-09-21T03:53:27.658+0000] {processor.py:156} INFO - Started process (PID=2808) to work on /opt/airflow/dags/8_mlops_pipeline.py
[2026-09-21T03:53:27.663+0000] {processor.py:799} INFO - Processing file /opt/airflow/dags/8_mlops_pipeline.py for tasks to queue
[2026-09-21T03:53:27.664+0000] {logging_mixin.py:149} INFO - [2026-09-21T03:53:27.664+0000] {dagbag.py:541} INFO - Filling up the DagBag from /opt/airflow/dags/8_mlops_pipeline.py
[2026-09-21T03:53:28.318+0000] {processor.py:809} INFO - DAG(s) dict_keys(['8-mlops_pipeline']) retrieved from /opt/airflow/dags/8_mlops_pipeline.py
[2026-09-21T03:53:28.371+0000] {logging_mixin.py:149} INFO - [2026-09-21T03:53:28.371+0000] {dag.py:2726} INFO - Sync 1 DAGs
[2026-09-21T03:53:28.411+0000] {logging_mixin.py:149} INFO - [2026-09-21T03:53:28.411+0000] {dag.py:3490} INFO - Setting next_dagrun for 8-mlops_pipeline to None, run_after=None
[2026-09-21T03:53:28.443+0000] {processor.py:178} INFO - Processing /opt/airflow/dags/8_mlops_pipeline.py took 0.792 seconds
[2026-09-21T03:53:58.740+0000] {processor.py:156} INFO - Started process (PID=2822) to work on /opt/airflow/dags/8_mlops_pipeline.py
[2026-09-21T03:53:58.741+0000] {processor.py:799} INFO - Processing file /opt/airflow/dags/8_mlops_pipeline.py for tasks to queue
[2026-09-21T03:53:58.742+0000] {logging_mixin.py:149} INFO - [2026-09-21T03:53:58.742+0000] {dagbag.py:541} INFO - Filling up the DagBag from /opt/airflow/dags/8_mlops_pipeline.py
[2026-09-21T03:53:59.443+0000] {processor.py:809} INFO - DAG(s) dict_keys(['8-mlops_pipeline']) retrieved from /opt/airflow/dags/8_mlops_pipeline.py
[2026-09-21T03:53:59.516+0000] {logging_mixin.py:149} INFO - [2026-09-21T03:53:59.516+0000] {dag.py:2726} INFO - Sync 1 DAGs
[2026-09-21T03:53:59.552+0000] {logging_mixin.py:149} INFO - [2026-09-21T03:53:59.551+0000] {dag.py:3490} INFO - Setting next_dagrun for 8-mlops_pipeline to None, run_after=None
[2026-09-21T03:53:59.601+0000] {processor.py:178} INFO - Processing /opt/airflow/dags/8_mlops_pipeline.py took 0.868 seconds
[2026-09-21T03:54:30.160+0000] {processor.py:156} INFO - Started process (PID=2836) to work on /opt/airflow/dags/8_mlops_pipeline.py
[2026-09-21T03:54:30.173+0000] {processor.py:799} INFO - Processing file /opt/airflow/dags/8_mlops_pipeline.py for tasks to queue
[2026-09-21T03:54:30.174+0000] {logging_mixin.py:149} INFO - [2026-09-21T03:54:30.174+0000] {dagbag.py:541} INFO - Filling up the DagBag from /opt/airflow/dags/8_mlops_pipeline.py
[2026-09-21T03:54:31.011+0000] {processor.py:809} INFO - DAG(s) dict_keys(['8-mlops_pipeline']) retrieved from /opt/airflow/dags/8_mlops_pipeline.py
[2026-09-21T03:54:31.056+0000] {logging_mixin.py:149} INFO - [2026-09-21T03:54:31.056+0000] {dag.py:2726} INFO - Sync 1 DAGs
[2026-09-21T03:54:31.098+0000] {logging_mixin.py:149} INFO - [2026-09-21T03:54:31.097+0000] {dag.py:3490} INFO - Setting next_dagrun for 8-mlops_pipeline to None, run_after=None
[2026-09-21T03:54:31.126+0000] {processor.py:178} INFO - Processing /opt/airflow/dags/8_mlops_pipeline.py took 0.995 seconds
[2026-09-21T03:55:01.206+0000] {processor.py:156} INFO - Started process (PID=2850) to work on /opt/airflow/dags/8_mlops_pipeline.py
[2026-09-21T03:55:01.208+0000] {processor.py:799} INFO - Processing file /opt/airflow/dags/8_mlops_pipeline.py for tasks to queue
[2026-09-21T03:55:01.209+0000] {logging_mixin.py:149} INFO - [2026-09-21T03:55:01.208+0000] {dagbag.py:541} INFO - Filling up the DagBag from /opt/airflow/dags/8_mlops_pipeline.py
[2026-09-21T03:55:01.868+0000] {processor.py:809} INFO - DAG(s) dict_keys(['8-mlops_pipeline']) retrieved from /opt/airflow/dags/8_mlops_pipeline.py
[2026-09-21T03:55:01.931+0000] {logging_mixin.py:149} INFO - [2026-09-21T03:55:01.931+0000] {dag.py:2726} INFO - Sync 1 DAGs
[2026-09-21T03:55:01.971+0000] {logging_mixin.py:149} INFO - [2026-09-21T03:55:01.971+0000] {dag.py:3490} INFO - Setting next_dagrun for 8-mlops_pipeline to None, run_after=None
[2026-09-21T03:55:02.001+0000] {processor.py:178} INFO - Processing /opt/airflow/dags/8_mlops_pipeline.py took 0.808 seconds
[2026-09-21T03:55:32.468+0000] {processor.py:156} INFO - Started process (PID=2864) to work on /opt/airflow/dags/8_mlops_pipeline.py
[2026-09-21T03:55:32.472+0000] {processor.py:799} INFO - Processing file /opt/airflow/dags/8_mlops_pipeline.py for tasks to queue
[2026-09-21T03:55:32.474+0000] {logging_mixin.py:149} INFO - [2026-09-21T03:55:32.473+0000] {dagbag.py:541} INFO - Filling up the DagBag from /opt/airflow/dags/8_mlops_pipeline.py
[2026-09-21T03:55:33.215+0000] {processor.py:809} INFO - DAG(s) dict_keys(['8-mlops_pipeline']) retrieved from /opt/airflow/dags/8_mlops_pipeline.py
[2026-09-21T03:55:33.272+0000] {logging_mixin.py:149} INFO - [2026-09-21T03:55:33.272+0000] {dag.py:2726} INFO - Sync 1 DAGs
[2026-09-21T03:55:33.313+0000] {logging_mixin.py:149} INFO - [2026-09-21T03:55:33.312+0000] {dag.py:3490} INFO - Setting next_dagrun for 8-mlops_pipeline to None, run_after=None
[2026-09-21T03:55:33.342+0000] {processor.py:178} INFO - Processing /opt/airflow/dags/8_mlops_pipeline.py took 0.896 seconds
[2026-09-21T03:56:04.256+0000] {processor.py:156} INFO - Started process (PID=2878) to work on /opt/airflow/dags/8_mlops_pipeline.py
[2026-09-21T03:56:04.261+0000] {processor.py:799} INFO - Processing file /opt/airflow/dags/8_mlops_pipeline.py for tasks to queue
[2026-09-21T03:56:04.262+0000] {logging_mixin.py:149} INFO - [2026-09-21T03:56:04.262+0000] {dagbag.py:541} INFO - Filling up the DagBag from /opt/airflow/dags/8_mlops_pipeline.py
[2026-09-21T03:56:04.920+0000] {processor.py:809} INFO - DAG(s) dict_keys(['8-mlops_pipeline']) retrieved from /opt/airflow/dags/8_mlops_pipeline.py
[2026-09-21T03:56:04.980+0000] {logging_mixin.py:149} INFO - [2026-09-21T03:56:04.979+0000] {dag.py:2726} INFO - Sync 1 DAGs
[2026-09-21T03:56:05.027+0000] {logging_mixin.py:149} INFO - [2026-09-21T03:56:05.026+0000] {dag.py:3490} INFO - Setting next_dagrun for 8-mlops_pipeline to None, run_after=None
[2026-09-21T03:56:05.063+0000] {processor.py:178} INFO - Processing /opt/airflow/dags/8_mlops_pipeline.py took 0.817 seconds
[2026-09-21T03:56:35.299+0000] {processor.py:156} INFO - Started process (PID=2892) to work on /opt/airflow/dags/8_mlops_pipeline.py
[2026-09-21T03:56:35.301+0000] {processor.py:799} INFO - Processing file /opt/airflow/dags/8_mlops_pipeline.py for tasks to queue
[2026-09-21T03:56:35.302+0000] {logging_mixin.py:149} INFO - [2026-09-21T03:56:35.302+0000] {dagbag.py:541} INFO - Filling up the DagBag from /opt/airflow/dags/8_mlops_pipeline.py
[2026-09-21T03:56:35.964+0000] {processor.py:809} INFO - DAG(s) dict_keys(['8-mlops_pipeline']) retrieved from /opt/airflow/dags/8_mlops_pipeline.py
[2026-09-21T03:56:36.016+0000] {logging_mixin.py:149} INFO - [2026-09-21T03:56:36.015+0000] {dag.py:2726} INFO - Sync 1 DAGs
[2026-09-21T03:56:36.064+0000] {logging_mixin.py:149} INFO - [2026-09-21T03:56:36.063+0000] {dag.py:3490} INFO - Setting next_dagrun for 8-mlops_pipeline to None, run_after=None
[2026-09-21T03:56:36.104+0000] {processor.py:178} INFO - Processing /opt/airflow/dags/8_mlops_pipeline.py took 0.814 seconds
[2026-09-21T03:57:06.524+0000] {processor.py:156} INFO - Started process (PID=2906) to work on /opt/airflow/dags/8_mlops_pipeline.py
[2026-09-21T03:57:06.527+0000] {processor.py:799} INFO - Processing file /opt/airflow/dags/8_mlops_pipeline.py for tasks to queue
[2026-09-21T03:57:06.528+0000] {logging_mixin.py:149} INFO - [2026-09-21T03:57:06.528+0000] {dagbag.py:541} INFO - Filling up the DagBag from /opt/airflow/dags/8_mlops_pipeline.py
[2026-09-21T03:57:07.194+0000] {processor.py:809} INFO - DAG(s) dict_keys(['8-mlops_pipeline']) retrieved from /opt/airflow/dags/8_mlops_pipeline.py
[2026-09-21T03:57:07.249+0000] {logging_mixin.py:149} INFO - [2026-09-21T03:57:07.249+0000] {dag.py:2726} INFO - Sync 1 DAGs
[2026-09-21T03:57:07.284+0000] {logging_mixin.py:149} INFO - [2026-09-21T03:57:07.284+0000] {dag.py:3490} INFO - Setting next_dagrun for 8-mlops_pipeline to None, run_after=None
[2026-09-21T03:57:07.318+0000] {processor.py:178} INFO - Processing /opt/airflow/dags/8_mlops_pipeline.py took 0.802 seconds
[2026-09-21T03:57:21.102+0000] {processor.py:156} INFO - Started process (PID=2914) to work on /opt/airflow/dags/8_mlops_pipeline.py
[2026-09-21T03:57:21.109+0000] {processor.py:799} INFO - Processing file /opt/airflow/dags/8_mlops_pipeline.py for tasks to queue
[2026-09-21T03:57:21.111+0000] {logging_mixin.py:149} INFO - [2026-09-21T03:57:21.110+0000] {dagbag.py:541} INFO - Filling up the DagBag from /opt/airflow/dags/8_mlops_pipeline.py
[2026-09-21T03:57:22.703+0000] {processor.py:809} INFO - DAG(s) dict_keys(['8-mlops_pipeline']) retrieved from /opt/airflow/dags/8_mlops_pipeline.py
[2026-09-21T03:57:22.737+0000] {logging_mixin.py:149} INFO - [2026-09-21T03:57:22.736+0000] {dag.py:2726} INFO - Sync 1 DAGs
[2026-09-21T03:57:22.763+0000] {logging_mixin.py:149} INFO - [2026-09-21T03:57:22.762+0000] {dag.py:3490} INFO - Setting next_dagrun for 8-mlops_pipeline to None, run_after=None
[2026-09-21T03:57:22.801+0000] {processor.py:178} INFO - Processing /opt/airflow/dags/8_mlops_pipeline.py took 1.707 seconds
[2026-09-21T03:57:52.962+0000] {processor.py:156} INFO - Started process (PID=2933) to work on /opt/airflow/dags/8_mlops_pipeline.py
[2026-09-21T03:57:52.965+0000] {processor.py:799} INFO - Processing file /opt/airflow/dags/8_mlops_pipeline.py for tasks to queue
[2026-09-21T03:57:52.967+0000] {logging_mixin.py:149} INFO - [2026-09-21T03:57:52.967+0000] {dagbag.py:541} INFO - Filling up the DagBag from /opt/airflow/dags/8_mlops_pipeline.py
[2026-09-21T03:57:54.545+0000] {processor.py:809} INFO - DAG(s) dict_keys(['8-mlops_pipeline']) retrieved from /opt/airflow/dags/8_mlops_pipeline.py
[2026-09-21T03:57:54.621+0000] {logging_mixin.py:149} INFO - [2026-09-21T03:57:54.621+0000] {dag.py:2726} INFO - Sync 1 DAGs
[2026-09-21T03:57:54.656+0000] {logging_mixin.py:149} INFO - [2026-09-21T03:57:54.656+0000] {dag.py:3490} INFO - Setting next_dagrun for 8-mlops_pipeline to None, run_after=None
[2026-09-21T03:57:54.696+0000] {processor.py:178} INFO - Processing /opt/airflow/dags/8_mlops_pipeline.py took 1.748 seconds
[2026-09-21T03:58:25.361+0000] {processor.py:156} INFO - Started process (PID=2950) to work on /opt/airflow/dags/8_mlops_pipeline.py
[2026-09-21T03:58:25.363+0000] {processor.py:799} INFO - Processing file /opt/airflow/dags/8_mlops_pipeline.py for tasks to queue
[2026-09-21T03:58:25.367+0000] {logging_mixin.py:149} INFO - [2026-09-21T03:58:25.367+0000] {dagbag.py:541} INFO - Filling up the DagBag from /opt/airflow/dags/8_mlops_pipeline.py
[2026-09-21T03:58:26.326+0000] {processor.py:809} INFO - DAG(s) dict_keys(['8-mlops_pipeline']) retrieved from /opt/airflow/dags/8_mlops_pipeline.py
[2026-09-21T03:58:26.373+0000] {logging_mixin.py:149} INFO - [2026-09-21T03:58:26.373+0000] {dag.py:2726} INFO - Sync 1 DAGs
[2026-09-21T03:58:26.403+0000] {logging_mixin.py:149} INFO - [2026-09-21T03:58:26.403+0000] {dag.py:3490} INFO - Setting next_dagrun for 8-mlops_pipeline to None, run_after=None
[2026-09-21T03:58:26.439+0000] {processor.py:178} INFO - Processing /opt/airflow/dags/8_mlops_pipeline.py took 1.084 seconds
[2026-09-21T03:58:52.039+0000] {processor.py:156} INFO - Started process (PID=2958) to work on /opt/airflow/dags/8_mlops_pipeline.py
[2026-09-21T03:58:52.041+0000] {processor.py:799} INFO - Processing file /opt/airflow/dags/8_mlops_pipeline.py for tasks to queue
[2026-09-21T03:58:52.042+0000] {logging_mixin.py:149} INFO - [2026-09-21T03:58:52.042+0000] {dagbag.py:541} INFO - Filling up the DagBag from /opt/airflow/dags/8_mlops_pipeline.py
[2026-09-21T03:58:53.049+0000] {processor.py:809} INFO - DAG(s) dict_keys(['8-mlops_pipeline']) retrieved from /opt/airflow/dags/8_mlops_pipeline.py
[2026-09-21T03:58:53.093+0000] {logging_mixin.py:149} INFO - [2026-09-21T03:58:53.093+0000] {dag.py:2726} INFO - Sync 1 DAGs
[2026-09-21T03:58:53.125+0000] {logging_mixin.py:149} INFO - [2026-09-21T03:58:53.124+0000] {dag.py:3490} INFO - Setting next_dagrun for 8-mlops_pipeline to None, run_after=None
[2026-09-21T03:58:53.149+0000] {processor.py:178} INFO - Processing /opt/airflow/dags/8_mlops_pipeline.py took 1.116 seconds
[2026-09-21T03:59:23.325+0000] {processor.py:156} INFO - Started process (PID=2978) to work on /opt/airflow/dags/8_mlops_pipeline.py
[2026-09-21T03:59:23.326+0000] {processor.py:799} INFO - Processing file /opt/airflow/dags/8_mlops_pipeline.py for tasks to queue
[2026-09-21T03:59:23.327+0000] {logging_mixin.py:149} INFO - [2026-09-21T03:59:23.327+0000] {dagbag.py:541} INFO - Filling up the DagBag from /opt/airflow/dags/8_mlops_pipeline.py
[2026-09-21T03:59:24.358+0000] {processor.py:809} INFO - DAG(s) dict_keys(['8-mlops_pipeline']) retrieved from /opt/airflow/dags/8_mlops_pipeline.py
[2026-09-21T03:59:24.403+0000] {logging_mixin.py:149} INFO - [2026-09-21T03:59:24.402+0000] {dag.py:2726} INFO - Sync 1 DAGs
[2026-09-21T03:59:24.436+0000] {logging_mixin.py:149} INFO - [2026-09-21T03:59:24.435+0000] {dag.py:3490} INFO - Setting next_dagrun for 8-mlops_pipeline to None, run_after=None
[2026-09-21T03:59:24.463+0000] {processor.py:178} INFO - Processing /opt/airflow/dags/8_mlops_pipeline.py took 1.144 seconds
[2026-09-21T03:59:54.551+0000] {processor.py:156} INFO - Started process (PID=2994) to work on /opt/airflow/dags/8_mlops_pipeline.py
[2026-09-21T03:59:54.553+0000] {processor.py:799} INFO - Processing file /opt/airflow/dags/8_mlops_pipeline.py for tasks to queue
[2026-09-21T03:59:54.554+0000] {logging_mixin.py:149} INFO - [2026-09-21T03:59:54.553+0000] {dagbag.py:541} INFO - Filling up the DagBag from /opt/airflow/dags/8_mlops_pipeline.py
[2026-09-21T03:59:55.457+0000] {processor.py:809} INFO - DAG(s) dict_keys(['8-mlops_pipeline']) retrieved from /opt/airflow/dags/8_mlops_pipeline.py
[2026-09-21T03:59:55.502+0000] {logging_mixin.py:149} INFO - [2026-09-21T03:59:55.502+0000] {dag.py:2726} INFO - Sync 1 DAGs
[2026-09-21T03:59:55.535+0000] {logging_mixin.py:149} INFO - [2026-09-21T03:59:55.535+0000] {dag.py:3490} INFO - Setting next_dagrun for 8-mlops_pipeline to None, run_after=None
[2026-09-21T03:59:55.562+0000] {processor.py:178} INFO - Processing /opt/airflow/dags/8_mlops_pipeline.py took 1.017 seconds
[2026-09-21T04:00:26.462+0000] {processor.py:156} INFO - Started process (PID=3008) to work on /opt/airflow/dags/8_mlops_pipeline.py
[2026-09-21T04:00:26.464+0000] {processor.py:799} INFO - Processing file /opt/airflow/dags/8_mlops_pipeline.py for tasks to queue
[2026-09-21T04:00:26.465+0000] {logging_mixin.py:149} INFO - [2026-09-21T04:00:26.465+0000] {dagbag.py:541} INFO - Filling up the DagBag from /opt/airflow/dags/8_mlops_pipeline.py
[2026-09-21T04:00:27.183+0000] {processor.py:809} INFO - DAG(s) dict_keys(['8-mlops_pipeline']) retrieved from /opt/airflow/dags/8_mlops_pipeline.py
[2026-09-21T04:00:27.222+0000] {logging_mixin.py:149} INFO - [2026-09-21T04:00:27.222+0000] {dag.py:2726} INFO - Sync 1 DAGs
[2026-09-21T04:00:27.249+0000] {logging_mixin.py:149} INFO - [2026-09-21T04:00:27.249+0000] {dag.py:3490} INFO - Setting next_dagrun for 8-mlops_pipeline to None, run_after=None
[2026-09-21T04:00:27.269+0000] {processor.py:178} INFO - Processing /opt/airflow/dags/8_mlops_pipeline.py took 0.817 seconds
[2026-09-21T04:00:54.378+0000] {processor.py:156} INFO - Started process (PID=3016) to work on /opt/airflow/dags/8_mlops_pipeline.py
[2026-09-21T04:00:54.380+0000] {processor.py:799} INFO - Processing file /opt/airflow/dags/8_mlops_pipeline.py for tasks to queue
[2026-09-21T04:00:54.381+0000] {logging_mixin.py:149} INFO - [2026-09-21T04:00:54.381+0000] {dagbag.py:541} INFO - Filling up the DagBag from /opt/airflow/dags/8_mlops_pipeline.py
[2026-09-21T04:00:55.312+0000] {processor.py:809} INFO - DAG(s) dict_keys(['8-mlops_pipeline']) retrieved from /opt/airflow/dags/8_mlops_pipeline.py
[2026-09-21T04:00:55.359+0000] {logging_mixin.py:149} INFO - [2026-09-21T04:00:55.358+0000] {dag.py:2726} INFO - Sync 1 DAGs
[2026-09-21T04:00:55.393+0000] {logging_mixin.py:149} INFO - [2026-09-21T04:00:55.393+0000] {dag.py:3490} INFO - Setting next_dagrun for 8-mlops_pipeline to None, run_after=None
[2026-09-21T04:00:55.417+0000] {processor.py:178} INFO - Processing /opt/airflow/dags/8_mlops_pipeline.py took 1.044 seconds
[2026-09-21T04:01:25.474+0000] {processor.py:156} INFO - Started process (PID=3031) to work on /opt/airflow/dags/8_mlops_pipeline.py
[2026-09-21T04:01:25.476+0000] {processor.py:799} INFO - Processing file /opt/airflow/dags/8_mlops_pipeline.py for tasks to queue
[2026-09-21T04:01:25.477+0000] {logging_mixin.py:149} INFO - [2026-09-21T04:01:25.477+0000] {dagbag.py:541} INFO - Filling up the DagBag from /opt/airflow/dags/8_mlops_pipeline.py
[2026-09-21T04:01:26.346+0000] {processor.py:809} INFO - DAG(s) dict_keys(['8-mlops_pipeline']) retrieved from /opt/airflow/dags/8_mlops_pipeline.py
[2026-09-21T04:01:26.385+0000] {logging_mixin.py:149} INFO - [2026-09-21T04:01:26.384+0000] {dag.py:2726} INFO - Sync 1 DAGs
[2026-09-21T04:01:26.420+0000] {logging_mixin.py:149} INFO - [2026-09-21T04:01:26.420+0000] {dag.py:3490} INFO - Setting next_dagrun for 8-mlops_pipeline to None, run_after=None
[2026-09-21T04:01:26.451+0000] {processor.py:178} INFO - Processing /opt/airflow/dags/8_mlops_pipeline.py took 0.984 seconds
[2026-09-21T04:01:57.043+0000] {processor.py:156} INFO - Started process (PID=3045) to work on /opt/airflow/dags/8_mlops_pipeline.py
[2026-09-21T04:01:57.047+0000] {processor.py:799} INFO - Processing file /opt/airflow/dags/8_mlops_pipeline.py for tasks to queue
[2026-09-21T04:01:57.049+0000] {logging_mixin.py:149} INFO - [2026-09-21T04:01:57.049+0000] {dagbag.py:541} INFO - Filling up the DagBag from /opt/airflow/dags/8_mlops_pipeline.py
[2026-09-21T04:01:57.773+0000] {processor.py:809} INFO - DAG(s) dict_keys(['8-mlops_pipeline']) retrieved from /opt/airflow/dags/8_mlops_pipeline.py
[2026-09-21T04:01:57.827+0000] {logging_mixin.py:149} INFO - [2026-09-21T04:01:57.827+0000] {dag.py:2726} INFO - Sync 1 DAGs
[2026-09-21T04:01:57.889+0000] {logging_mixin.py:149} INFO - [2026-09-21T04:01:57.888+0000] {dag.py:3490} INFO - Setting next_dagrun for 8-mlops_pipeline to None, run_after=None
[2026-09-21T04:01:57.949+0000] {processor.py:178} INFO - Processing /opt/airflow/dags/8_mlops_pipeline.py took 0.913 seconds
[2026-09-21T04:02:26.174+0000] {processor.py:156} INFO - Started process (PID=3060) to work on /opt/airflow/dags/8_mlops_pipeline.py
[2026-09-21T04:02:26.179+0000] {processor.py:799} INFO - Processing file /opt/airflow/dags/8_mlops_pipeline.py for tasks to queue
[2026-09-21T04:02:26.180+0000] {logging_mixin.py:149} INFO - [2026-09-21T04:02:26.180+0000] {dagbag.py:541} INFO - Filling up the DagBag from /opt/airflow/dags/8_mlops_pipeline.py
[2026-09-21T04:02:26.959+0000] {processor.py:809} INFO - DAG(s) dict_keys(['8-mlops_pipeline']) retrieved from /opt/airflow/dags/8_mlops_pipeline.py
[2026-09-21T04:02:27.049+0000] {logging_mixin.py:149} INFO - [2026-09-21T04:02:27.049+0000] {dag.py:2726} INFO - Sync 1 DAGs
[2026-09-21T04:02:27.114+0000] {logging_mixin.py:149} INFO - [2026-09-21T04:02:27.113+0000] {dag.py:3490} INFO - Setting next_dagrun for 8-mlops_pipeline to None, run_after=None
[2026-09-21T04:02:27.154+0000] {processor.py:178} INFO - Processing /opt/airflow/dags/8_mlops_pipeline.py took 1.005 seconds
[2026-09-21T04:02:57.428+0000] {processor.py:156} INFO - Started process (PID=3075) to work on /opt/airflow/dags/8_mlops_pipeline.py
[2026-09-21T04:02:57.432+0000] {processor.py:799} INFO - Processing file /opt/airflow/dags/8_mlops_pipeline.py for tasks to queue
[2026-09-21T04:02:57.433+0000] {logging_mixin.py:149} INFO - [2026-09-21T04:02:57.433+0000] {dagbag.py:541} INFO - Filling up the DagBag from /opt/airflow/dags/8_mlops_pipeline.py
[2026-09-21T04:02:58.124+0000] {processor.py:809} INFO - DAG(s) dict_keys(['8-mlops_pipeline']) retrieved from /opt/airflow/dags/8_mlops_pipeline.py
[2026-09-21T04:02:58.179+0000] {logging_mixin.py:149} INFO - [2026-09-21T04:02:58.179+0000] {dag.py:2726} INFO - Sync 1 DAGs
[2026-09-21T04:02:58.224+0000] {logging_mixin.py:149} INFO - [2026-09-21T04:02:58.223+0000] {dag.py:3490} INFO - Setting next_dagrun for 8-mlops_pipeline to None, run_after=None
[2026-09-21T04:02:58.260+0000] {processor.py:178} INFO - Processing /opt/airflow/dags/8_mlops_pipeline.py took 0.838 seconds
[2026-09-21T04:03:28.403+0000] {processor.py:156} INFO - Started process (PID=3092) to work on /opt/airflow/dags/8_mlops_pipeline.py
[2026-09-21T04:03:28.404+0000] {processor.py:799} INFO - Processing file /opt/airflow/dags/8_mlops_pipeline.py for tasks to queue
[2026-09-21T04:03:28.406+0000] {logging_mixin.py:149} INFO - [2026-09-21T04:03:28.406+0000] {dagbag.py:541} INFO - Filling up the DagBag from /opt/airflow/dags/8_mlops_pipeline.py
[2026-09-21T04:03:29.046+0000] {processor.py:809} INFO - DAG(s) dict_keys(['8-mlops_pipeline']) retrieved from /opt/airflow/dags/8_mlops_pipeline.py
[2026-09-21T04:03:29.086+0000] {logging_mixin.py:149} INFO - [2026-09-21T04:03:29.085+0000] {dag.py:2726} INFO - Sync 1 DAGs
[2026-09-21T04:03:29.115+0000] {logging_mixin.py:149} INFO - [2026-09-21T04:03:29.114+0000] {dag.py:3490} INFO - Setting next_dagrun for 8-mlops_pipeline to None, run_after=None
[2026-09-21T04:03:29.138+0000] {processor.py:178} INFO - Processing /opt/airflow/dags/8_mlops_pipeline.py took 0.741 seconds
[2026-09-21T04:03:59.233+0000] {processor.py:156} INFO - Started process (PID=3108) to work on /opt/airflow/dags/8_mlops_pipeline.py
[2026-09-21T04:03:59.242+0000] {processor.py:799} INFO - Processing file /opt/airflow/dags/8_mlops_pipeline.py for tasks to queue
[2026-09-21T04:03:59.244+0000] {logging_mixin.py:149} INFO - [2026-09-21T04:03:59.243+0000] {dagbag.py:541} INFO - Filling up the DagBag from /opt/airflow/dags/8_mlops_pipeline.py
[2026-09-21T04:04:00.315+0000] {processor.py:809} INFO - DAG(s) dict_keys(['8-mlops_pipeline']) retrieved from /opt/airflow/dags/8_mlops_pipeline.py
[2026-09-21T04:04:00.361+0000] {logging_mixin.py:149} INFO - [2026-09-21T04:04:00.361+0000] {dag.py:2726} INFO - Sync 1 DAGs
[2026-09-21T04:04:00.401+0000] {logging_mixin.py:149} INFO - [2026-09-21T04:04:00.401+0000] {dag.py:3490} INFO - Setting next_dagrun for 8-mlops_pipeline to None, run_after=None
[2026-09-21T04:04:00.433+0000] {processor.py:178} INFO - Processing /opt/airflow/dags/8_mlops_pipeline.py took 1.209 seconds
[2026-09-21T04:04:30.492+0000] {processor.py:156} INFO - Started process (PID=3124) to work on /opt/airflow/dags/8_mlops_pipeline.py
[2026-09-21T04:04:30.494+0000] {processor.py:799} INFO - Processing file /opt/airflow/dags/8_mlops_pipeline.py for tasks to queue
[2026-09-21T04:04:30.495+0000] {logging_mixin.py:149} INFO - [2026-09-21T04:04:30.494+0000] {dagbag.py:541} INFO - Filling up the DagBag from /opt/airflow/dags/8_mlops_pipeline.py
[2026-09-21T04:04:31.123+0000] {processor.py:809} INFO - DAG(s) dict_keys(['8-mlops_pipeline']) retrieved from /opt/airflow/dags/8_mlops_pipeline.py
[2026-09-21T04:04:31.181+0000] {logging_mixin.py:149} INFO - [2026-09-21T04:04:31.181+0000] {dag.py:2726} INFO - Sync 1 DAGs
[2026-09-21T04:04:31.227+0000] {logging_mixin.py:149} INFO - [2026-09-21T04:04:31.227+0000] {dag.py:3490} INFO - Setting next_dagrun for 8-mlops_pipeline to None, run_after=None
[2026-09-21T04:04:31.259+0000] {processor.py:178} INFO - Processing /opt/airflow/dags/8_mlops_pipeline.py took 0.773 seconds
[2026-09-21T04:05:02.015+0000] {processor.py:156} INFO - Started process (PID=3138) to work on /opt/airflow/dags/8_mlops_pipeline.py
[2026-09-21T04:05:02.018+0000] {processor.py:799} INFO - Processing file /opt/airflow/dags/8_mlops_pipeline.py for tasks to queue
[2026-09-21T04:05:02.019+0000] {logging_mixin.py:149} INFO - [2026-09-21T04:05:02.018+0000] {dagbag.py:541} INFO - Filling up the DagBag from /opt/airflow/dags/8_mlops_pipeline.py
[2026-09-21T04:05:02.640+0000] {processor.py:809} INFO - DAG(s) dict_keys(['8-mlops_pipeline']) retrieved from /opt/airflow/dags/8_mlops_pipeline.py
[2026-09-21T04:05:02.692+0000] {logging_mixin.py:149} INFO - [2026-09-21T04:05:02.692+0000] {dag.py:2726} INFO - Sync 1 DAGs
[2026-09-21T04:05:02.735+0000] {logging_mixin.py:149} INFO - [2026-09-21T04:05:02.735+0000] {dag.py:3490} INFO - Setting next_dagrun for 8-mlops_pipeline to None, run_after=None
[2026-09-21T04:05:02.774+0000] {processor.py:178} INFO - Processing /opt/airflow/dags/8_mlops_pipeline.py took 0.765 seconds
[2026-09-21T04:05:32.896+0000] {processor.py:156} INFO - Started process (PID=3152) to work on /opt/airflow/dags/8_mlops_pipeline.py
[2026-09-21T04:05:32.903+0000] {processor.py:799} INFO - Processing file /opt/airflow/dags/8_mlops_pipeline.py for tasks to queue
[2026-09-21T04:05:32.904+0000] {logging_mixin.py:149} INFO - [2026-09-21T04:05:32.904+0000] {dagbag.py:541} INFO - Filling up the DagBag from /opt/airflow/dags/8_mlops_pipeline.py
[2026-09-21T04:05:33.626+0000] {processor.py:809} INFO - DAG(s) dict_keys(['8-mlops_pipeline']) retrieved from /opt/airflow/dags/8_mlops_pipeline.py
[2026-09-21T04:05:33.682+0000] {logging_mixin.py:149} INFO - [2026-09-21T04:05:33.682+0000] {dag.py:2726} INFO - Sync 1 DAGs
[2026-09-21T04:05:33.716+0000] {logging_mixin.py:149} INFO - [2026-09-21T04:05:33.715+0000] {dag.py:3490} INFO - Setting next_dagrun for 8-mlops_pipeline to None, run_after=None
[2026-09-21T04:05:33.750+0000] {processor.py:178} INFO - Processing /opt/airflow/dags/8_mlops_pipeline.py took 0.861 seconds
[2026-09-21T04:06:03.909+0000] {processor.py:156} INFO - Started process (PID=3166) to work on /opt/airflow/dags/8_mlops_pipeline.py
[2026-09-21T04:06:03.913+0000] {processor.py:799} INFO - Processing file /opt/airflow/dags/8_mlops_pipeline.py for tasks to queue
[2026-09-21T04:06:03.915+0000] {logging_mixin.py:149} INFO - [2026-09-21T04:06:03.914+0000] {dagbag.py:541} INFO - Filling up the DagBag from /opt/airflow/dags/8_mlops_pipeline.py
[2026-09-21T04:06:04.543+0000] {processor.py:809} INFO - DAG(s) dict_keys(['8-mlops_pipeline']) retrieved from /opt/airflow/dags/8_mlops_pipeline.py
[2026-09-21T04:06:04.601+0000] {logging_mixin.py:149} INFO - [2026-09-21T04:06:04.601+0000] {dag.py:2726} INFO - Sync 1 DAGs
[2026-09-21T04:06:04.641+0000] {logging_mixin.py:149} INFO - [2026-09-21T04:06:04.640+0000] {dag.py:3490} INFO - Setting next_dagrun for 8-mlops_pipeline to None, run_after=None
[2026-09-21T04:06:04.670+0000] {processor.py:178} INFO - Processing /opt/airflow/dags/8_mlops_pipeline.py took 0.767 seconds
[2026-09-21T04:06:34.832+0000] {processor.py:156} INFO - Started process (PID=3180) to work on /opt/airflow/dags/8_mlops_pipeline.py
[2026-09-21T04:06:34.833+0000] {processor.py:799} INFO - Processing file /opt/airflow/dags/8_mlops_pipeline.py for tasks to queue
[2026-09-21T04:06:34.834+0000] {logging_mixin.py:149} INFO - [2026-09-21T04:06:34.834+0000] {dagbag.py:541} INFO - Filling up the DagBag from /opt/airflow/dags/8_mlops_pipeline.py
[2026-09-21T04:06:35.444+0000] {processor.py:809} INFO - DAG(s) dict_keys(['8-mlops_pipeline']) retrieved from /opt/airflow/dags/8_mlops_pipeline.py
[2026-09-21T04:06:35.502+0000] {logging_mixin.py:149} INFO - [2026-09-21T04:06:35.501+0000] {dag.py:2726} INFO - Sync 1 DAGs
[2026-09-21T04:06:35.543+0000] {logging_mixin.py:149} INFO - [2026-09-21T04:06:35.543+0000] {dag.py:3490} INFO - Setting next_dagrun for 8-mlops_pipeline to None, run_after=None
[2026-09-21T04:06:35.577+0000] {processor.py:178} INFO - Processing /opt/airflow/dags/8_mlops_pipeline.py took 0.751 seconds
[2026-09-21T04:07:05.650+0000] {processor.py:156} INFO - Started process (PID=3194) to work on /opt/airflow/dags/8_mlops_pipeline.py
[2026-09-21T04:07:05.654+0000] {processor.py:799} INFO - Processing file /opt/airflow/dags/8_mlops_pipeline.py for tasks to queue
[2026-09-21T04:07:05.655+0000] {logging_mixin.py:149} INFO - [2026-09-21T04:07:05.654+0000] {dagbag.py:541} INFO - Filling up the DagBag from /opt/airflow/dags/8_mlops_pipeline.py
[2026-09-21T04:07:06.288+0000] {processor.py:809} INFO - DAG(s) dict_keys(['8-mlops_pipeline']) retrieved from /opt/airflow/dags/8_mlops_pipeline.py
[2026-09-21T04:07:06.338+0000] {logging_mixin.py:149} INFO - [2026-09-21T04:07:06.337+0000] {dag.py:2726} INFO - Sync 1 DAGs
[2026-09-21T04:07:06.378+0000] {logging_mixin.py:149} INFO - [2026-09-21T04:07:06.377+0000] {dag.py:3490} INFO - Setting next_dagrun for 8-mlops_pipeline to None, run_after=None
[2026-09-21T04:07:06.405+0000] {processor.py:178} INFO - Processing /opt/airflow/dags/8_mlops_pipeline.py took 0.762 seconds
[2026-09-21T04:07:31.095+0000] {processor.py:156} INFO - Started process (PID=3202) to work on /opt/airflow/dags/8_mlops_pipeline.py
[2026-09-21T04:07:31.096+0000] {processor.py:799} INFO - Processing file /opt/airflow/dags/8_mlops_pipeline.py for tasks to queue
[2026-09-21T04:07:31.097+0000] {logging_mixin.py:149} INFO - [2026-09-21T04:07:31.097+0000] {dagbag.py:541} INFO - Filling up the DagBag from /opt/airflow/dags/8_mlops_pipeline.py
[2026-09-21T04:07:32.722+0000] {processor.py:809} INFO - DAG(s) dict_keys(['8-mlops_pipeline']) retrieved from /opt/airflow/dags/8_mlops_pipeline.py
[2026-09-21T04:07:32.783+0000] {logging_mixin.py:149} INFO - [2026-09-21T04:07:32.782+0000] {dag.py:2726} INFO - Sync 1 DAGs
[2026-09-21T04:07:32.892+0000] {logging_mixin.py:149} INFO - [2026-09-21T04:07:32.891+0000] {dag.py:3490} INFO - Setting next_dagrun for 8-mlops_pipeline to None, run_after=None
[2026-09-21T04:07:32.964+0000] {processor.py:178} INFO - Processing /opt/airflow/dags/8_mlops_pipeline.py took 1.875 seconds
[2026-09-21T04:08:03.073+0000] {processor.py:156} INFO - Started process (PID=3221) to work on /opt/airflow/dags/8_mlops_pipeline.py
[2026-09-21T04:08:03.077+0000] {processor.py:799} INFO - Processing file /opt/airflow/dags/8_mlops_pipeline.py for tasks to queue
[2026-09-21T04:08:03.080+0000] {logging_mixin.py:149} INFO - [2026-09-21T04:08:03.080+0000] {dagbag.py:541} INFO - Filling up the DagBag from /opt/airflow/dags/8_mlops_pipeline.py
[2026-09-21T04:08:04.110+0000] {processor.py:809} INFO - DAG(s) dict_keys(['8-mlops_pipeline']) retrieved from /opt/airflow/dags/8_mlops_pipeline.py
[2026-09-21T04:08:04.175+0000] {logging_mixin.py:149} INFO - [2026-09-21T04:08:04.174+0000] {dag.py:2726} INFO - Sync 1 DAGs
[2026-09-21T04:08:04.212+0000] {logging_mixin.py:149} INFO - [2026-09-21T04:08:04.211+0000] {dag.py:3490} INFO - Setting next_dagrun for 8-mlops_pipeline to None, run_after=None
[2026-09-21T04:08:04.286+0000] {processor.py:178} INFO - Processing /opt/airflow/dags/8_mlops_pipeline.py took 1.225 seconds
[2026-09-21T04:08:34.412+0000] {processor.py:156} INFO - Started process (PID=3238) to work on /opt/airflow/dags/8_mlops_pipeline.py
[2026-09-21T04:08:34.414+0000] {processor.py:799} INFO - Processing file /opt/airflow/dags/8_mlops_pipeline.py for tasks to queue
[2026-09-21T04:08:34.415+0000] {logging_mixin.py:149} INFO - [2026-09-21T04:08:34.415+0000] {dagbag.py:541} INFO - Filling up the DagBag from /opt/airflow/dags/8_mlops_pipeline.py
[2026-09-21T04:08:35.352+0000] {processor.py:809} INFO - DAG(s) dict_keys(['8-mlops_pipeline']) retrieved from /opt/airflow/dags/8_mlops_pipeline.py
[2026-09-21T04:08:35.402+0000] {logging_mixin.py:149} INFO - [2026-09-21T04:08:35.401+0000] {dag.py:2726} INFO - Sync 1 DAGs
[2026-09-21T04:08:35.438+0000] {logging_mixin.py:149} INFO - [2026-09-21T04:08:35.438+0000] {dag.py:3490} INFO - Setting next_dagrun for 8-mlops_pipeline to None, run_after=None
[2026-09-21T04:08:35.464+0000] {processor.py:178} INFO - Processing /opt/airflow/dags/8_mlops_pipeline.py took 1.062 seconds
[2026-09-21T04:09:05.592+0000] {processor.py:156} INFO - Started process (PID=3252) to work on /opt/airflow/dags/8_mlops_pipeline.py
[2026-09-21T04:09:05.594+0000] {processor.py:799} INFO - Processing file /opt/airflow/dags/8_mlops_pipeline.py for tasks to queue
[2026-09-21T04:09:05.596+0000] {logging_mixin.py:149} INFO - [2026-09-21T04:09:05.595+0000] {dagbag.py:541} INFO - Filling up the DagBag from /opt/airflow/dags/8_mlops_pipeline.py
[2026-09-21T04:09:06.572+0000] {processor.py:809} INFO - DAG(s) dict_keys(['8-mlops_pipeline']) retrieved from /opt/airflow/dags/8_mlops_pipeline.py
[2026-09-21T04:09:06.622+0000] {logging_mixin.py:149} INFO - [2026-09-21T04:09:06.622+0000] {dag.py:2726} INFO - Sync 1 DAGs
[2026-09-21T04:09:06.652+0000] {logging_mixin.py:149} INFO - [2026-09-21T04:09:06.652+0000] {dag.py:3490} INFO - Setting next_dagrun for 8-mlops_pipeline to None, run_after=None
[2026-09-21T04:09:06.679+0000] {processor.py:178} INFO - Processing /opt/airflow/dags/8_mlops_pipeline.py took 1.095 seconds
[2026-09-21T04:09:37.513+0000] {processor.py:156} INFO - Started process (PID=3266) to work on /opt/airflow/dags/8_mlops_pipeline.py
[2026-09-21T04:09:37.516+0000] {processor.py:799} INFO - Processing file /opt/airflow/dags/8_mlops_pipeline.py for tasks to queue
[2026-09-21T04:09:37.516+0000] {logging_mixin.py:149} INFO - [2026-09-21T04:09:37.516+0000] {dagbag.py:541} INFO - Filling up the DagBag from /opt/airflow/dags/8_mlops_pipeline.py
[2026-09-21T04:09:38.218+0000] {processor.py:809} INFO - DAG(s) dict_keys(['8-mlops_pipeline']) retrieved from /opt/airflow/dags/8_mlops_pipeline.py
[2026-09-21T04:09:38.262+0000] {logging_mixin.py:149} INFO - [2026-09-21T04:09:38.262+0000] {dag.py:2726} INFO - Sync 1 DAGs
[2026-09-21T04:09:38.293+0000] {logging_mixin.py:149} INFO - [2026-09-21T04:09:38.293+0000] {dag.py:3490} INFO - Setting next_dagrun for 8-mlops_pipeline to None, run_after=None
[2026-09-21T04:09:38.315+0000] {processor.py:178} INFO - Processing /opt/airflow/dags/8_mlops_pipeline.py took 0.808 seconds
[2026-09-21T04:10:08.421+0000] {processor.py:156} INFO - Started process (PID=3280) to work on /opt/airflow/dags/8_mlops_pipeline.py
[2026-09-21T04:10:08.423+0000] {processor.py:799} INFO - Processing file /opt/airflow/dags/8_mlops_pipeline.py for tasks to queue
[2026-09-21T04:10:08.425+0000] {logging_mixin.py:149} INFO - [2026-09-21T04:10:08.424+0000] {dagbag.py:541} INFO - Filling up the DagBag from /opt/airflow/dags/8_mlops_pipeline.py
[2026-09-21T04:10:09.316+0000] {processor.py:809} INFO - DAG(s) dict_keys(['8-mlops_pipeline']) retrieved from /opt/airflow/dags/8_mlops_pipeline.py
[2026-09-21T04:10:09.385+0000] {logging_mixin.py:149} INFO - [2026-09-21T04:10:09.384+0000] {dag.py:2726} INFO - Sync 1 DAGs
[2026-09-21T04:10:09.422+0000] {logging_mixin.py:149} INFO - [2026-09-21T04:10:09.421+0000] {dag.py:3490} INFO - Setting next_dagrun for 8-mlops_pipeline to None, run_after=None
[2026-09-21T04:10:09.469+0000] {processor.py:178} INFO - Processing /opt/airflow/dags/8_mlops_pipeline.py took 1.055 seconds
[2026-09-21T04:10:33.047+0000] {processor.py:156} INFO - Started process (PID=3286) to work on /opt/airflow/dags/8_mlops_pipeline.py
[2026-09-21T04:10:33.051+0000] {processor.py:799} INFO - Processing file /opt/airflow/dags/8_mlops_pipeline.py for tasks to queue
[2026-09-21T04:10:33.054+0000] {logging_mixin.py:149} INFO - [2026-09-21T04:10:33.053+0000] {dagbag.py:541} INFO - Filling up the DagBag from /opt/airflow/dags/8_mlops_pipeline.py
[2026-09-21T04:10:34.034+0000] {processor.py:809} INFO - DAG(s) dict_keys(['8-mlops_pipeline']) retrieved from /opt/airflow/dags/8_mlops_pipeline.py
[2026-09-21T04:10:34.074+0000] {logging_mixin.py:149} INFO - [2026-09-21T04:10:34.073+0000] {dag.py:2726} INFO - Sync 1 DAGs
[2026-09-21T04:10:34.104+0000] {logging_mixin.py:149} INFO - [2026-09-21T04:10:34.104+0000] {dag.py:3490} INFO - Setting next_dagrun for 8-mlops_pipeline to None, run_after=None
[2026-09-21T04:10:34.151+0000] {processor.py:178} INFO - Processing /opt/airflow/dags/8_mlops_pipeline.py took 1.114 seconds
[2026-09-21T04:11:04.272+0000] {processor.py:156} INFO - Started process (PID=3305) to work on /opt/airflow/dags/8_mlops_pipeline.py
[2026-09-21T04:11:04.289+0000] {processor.py:799} INFO - Processing file /opt/airflow/dags/8_mlops_pipeline.py for tasks to queue
[2026-09-21T04:11:04.291+0000] {logging_mixin.py:149} INFO - [2026-09-21T04:11:04.291+0000] {dagbag.py:541} INFO - Filling up the DagBag from /opt/airflow/dags/8_mlops_pipeline.py
[2026-09-21T04:11:05.280+0000] {processor.py:809} INFO - DAG(s) dict_keys(['8-mlops_pipeline']) retrieved from /opt/airflow/dags/8_mlops_pipeline.py
[2026-09-21T04:11:05.323+0000] {logging_mixin.py:149} INFO - [2026-09-21T04:11:05.322+0000] {dag.py:2726} INFO - Sync 1 DAGs
[2026-09-21T04:11:05.353+0000] {logging_mixin.py:149} INFO - [2026-09-21T04:11:05.353+0000] {dag.py:3490} INFO - Setting next_dagrun for 8-mlops_pipeline to None, run_after=None
[2026-09-21T04:11:05.388+0000] {processor.py:178} INFO - Processing /opt/airflow/dags/8_mlops_pipeline.py took 1.123 seconds
[2026-09-21T04:11:36.088+0000] {processor.py:156} INFO - Started process (PID=3322) to work on /opt/airflow/dags/8_mlops_pipeline.py
[2026-09-21T04:11:36.090+0000] {processor.py:799} INFO - Processing file /opt/airflow/dags/8_mlops_pipeline.py for tasks to queue
[2026-09-21T04:11:36.091+0000] {logging_mixin.py:149} INFO - [2026-09-21T04:11:36.091+0000] {dagbag.py:541} INFO - Filling up the DagBag from /opt/airflow/dags/8_mlops_pipeline.py
[2026-09-21T04:11:37.035+0000] {processor.py:809} INFO - DAG(s) dict_keys(['8-mlops_pipeline']) retrieved from /opt/airflow/dags/8_mlops_pipeline.py
[2026-09-21T04:11:37.085+0000] {logging_mixin.py:149} INFO - [2026-09-21T04:11:37.084+0000] {dag.py:2726} INFO - Sync 1 DAGs
[2026-09-21T04:11:37.119+0000] {logging_mixin.py:149} INFO - [2026-09-21T04:11:37.119+0000] {dag.py:3490} INFO - Setting next_dagrun for 8-mlops_pipeline to None, run_after=None
[2026-09-21T04:11:37.149+0000] {processor.py:178} INFO - Processing /opt/airflow/dags/8_mlops_pipeline.py took 1.067 seconds
[2026-09-21T04:12:08.122+0000] {processor.py:156} INFO - Started process (PID=3338) to work on /opt/airflow/dags/8_mlops_pipeline.py
[2026-09-21T04:12:08.125+0000] {processor.py:799} INFO - Processing file /opt/airflow/dags/8_mlops_pipeline.py for tasks to queue
[2026-09-21T04:12:08.126+0000] {logging_mixin.py:149} INFO - [2026-09-21T04:12:08.126+0000] {dagbag.py:541} INFO - Filling up the DagBag from /opt/airflow/dags/8_mlops_pipeline.py
[2026-09-21T04:12:08.913+0000] {processor.py:809} INFO - DAG(s) dict_keys(['8-mlops_pipeline']) retrieved from /opt/airflow/dags/8_mlops_pipeline.py
[2026-09-21T04:12:08.956+0000] {logging_mixin.py:149} INFO - [2026-09-21T04:12:08.956+0000] {dag.py:2726} INFO - Sync 1 DAGs
[2026-09-21T04:12:08.987+0000] {logging_mixin.py:149} INFO - [2026-09-21T04:12:08.987+0000] {dag.py:3490} INFO - Setting next_dagrun for 8-mlops_pipeline to None, run_after=None
[2026-09-21T04:12:09.024+0000] {processor.py:178} INFO - Processing /opt/airflow/dags/8_mlops_pipeline.py took 0.907 seconds
[2026-09-21T04:12:39.463+0000] {processor.py:156} INFO - Started process (PID=3352) to work on /opt/airflow/dags/8_mlops_pipeline.py
[2026-09-21T04:12:39.466+0000] {processor.py:799} INFO - Processing file /opt/airflow/dags/8_mlops_pipeline.py for tasks to queue
[2026-09-21T04:12:39.469+0000] {logging_mixin.py:149} INFO - [2026-09-21T04:12:39.469+0000] {dagbag.py:541} INFO - Filling up the DagBag from /opt/airflow/dags/8_mlops_pipeline.py
[2026-09-21T04:12:40.427+0000] {processor.py:809} INFO - DAG(s) dict_keys(['8-mlops_pipeline']) retrieved from /opt/airflow/dags/8_mlops_pipeline.py
[2026-09-21T04:12:40.464+0000] {logging_mixin.py:149} INFO - [2026-09-21T04:12:40.464+0000] {dag.py:2726} INFO - Sync 1 DAGs
[2026-09-21T04:12:40.493+0000] {logging_mixin.py:149} INFO - [2026-09-21T04:12:40.493+0000] {dag.py:3490} INFO - Setting next_dagrun for 8-mlops_pipeline to None, run_after=None
[2026-09-21T04:12:40.519+0000] {processor.py:178} INFO - Processing /opt/airflow/dags/8_mlops_pipeline.py took 1.062 seconds
