[2026-09-20T21:48:08.700+0000] {processor.py:156} INFO - Started process (PID=30) to work on /opt/airflow/dags/1_first_dag.py
[2026-09-20T21:48:08.704+0000] {processor.py:799} INFO - Processing file /opt/airflow/dags/1_first_dag.py for tasks to queue
[2026-09-20T21:48:08.705+0000] {logging_mixin.py:149} INFO - [2026-09-20T21:48:08.705+0000] {dagbag.py:541} INFO - Filling up the DagBag from /opt/airflow/dags/1_first_dag.py
[2026-09-20T21:48:09.027+0000] {processor.py:809} INFO - DAG(s) dict_keys(['1-miprimerdag']) retrieved from /opt/airflow/dags/1_first_dag.py
[2026-09-20T21:48:09.223+0000] {logging_mixin.py:149} INFO - [2026-09-20T21:48:09.223+0000] {manager.py:504} INFO - Created Permission View: can delete on DAG:1-miprimerdag
[2026-09-20T21:48:09.234+0000] {logging_mixin.py:149} INFO - [2026-09-20T21:48:09.234+0000] {manager.py:504} INFO - Created Permission View: can edit on DAG:1-miprimerdag
[2026-09-20T21:48:09.243+0000] {logging_mixin.py:149} INFO - [2026-09-20T21:48:09.243+0000] {manager.py:504} INFO - Created Permission View: can read on DAG:1-miprimerdag
[2026-09-20T21:48:09.243+0000] {logging_mixin.py:149} INFO - [2026-09-20T21:48:09.243+0000] {dag.py:2726} INFO - Sync 1 DAGs
[2026-09-20T21:48:09.260+0000] {logging_mixin.py:149} INFO - [2026-09-20T21:48:09.259+0000] {dag.py:2747} INFO - Creating ORM DAG for 1-miprimerdag
[2026-09-20T21:48:09.274+0000] {logging_mixin.py:149} INFO - [2026-09-20T21:48:09.274+0000] {dag.py:3490} INFO - Setting next_dagrun for 1-miprimerdag to 2023-05-01T00:00:00+00:00, run_after=2023-05-01T00:00:00+00:00
[2026-09-20T21:48:09.301+0000] {processor.py:178} INFO - Processing /opt/airflow/dags/1_first_dag.py took 0.608 seconds
[2026-09-20T21:48:39.560+0000] {processor.py:156} INFO - Started process (PID=39) to work on /opt/airflow/dags/1_first_dag.py
[2026-09-20T21:48:39.565+0000] {processor.py:799} INFO - Processing file /opt/airflow/dags/1_first_dag.py for tasks to queue
[2026-09-20T21:48:39.566+0000] {logging_mixin.py:149} INFO - [2026-09-20T21:48:39.566+0000] {dagbag.py:541} INFO - Filling up the DagBag from /opt/airflow/dags/1_first_dag.py
[2026-09-20T21:48:39.581+0000] {processor.py:809} INFO - DAG(s) dict_keys(['1-miprimerdag']) retrieved from /opt/airflow/dags/1_first_dag.py
[2026-09-20T21:48:39.690+0000] {logging_mixin.py:149} INFO - [2026-09-20T21:48:39.689+0000] {dag.py:2726} INFO - Sync 1 DAGs
[2026-09-20T21:48:39.735+0000] {logging_mixin.py:149} INFO - [2026-09-20T21:48:39.734+0000] {dag.py:3490} INFO - Setting next_dagrun for 1-miprimerdag to 2023-05-01T00:00:00+00:00, run_after=2023-05-01T00:00:00+00:00
[2026-09-20T21:48:39.775+0000] {processor.py:178} INFO - Processing /opt/airflow/dags/1_first_dag.py took 0.221 seconds
[2026-09-20T21:49:09.892+0000] {processor.py:156} INFO - Started process (PID=48) to work on /opt/airflow/dags/1_first_dag.py
[2026-09-20T21:49:09.898+0000] {processor.py:799} INFO - Processing file /opt/airflow/dags/1_first_dag.py for tasks to queue
[2026-09-20T21:49:09.900+0000] {logging_mixin.py:149} INFO - [2026-09-20T21:49:09.899+0000] {dagbag.py:541} INFO - Filling up the DagBag from /opt/airflow/dags/1_first_dag.py
[2026-09-20T21:49:09.924+0000] {processor.py:809} INFO - DAG(s) dict_keys(['1-miprimerdag']) retrieved from /opt/airflow/dags/1_first_dag.py
[2026-09-20T21:49:09.988+0000] {logging_mixin.py:149} INFO - [2026-09-20T21:49:09.988+0000] {dag.py:2726} INFO - Sync 1 DAGs
[2026-09-20T21:49:10.030+0000] {logging_mixin.py:149} INFO - [2026-09-20T21:49:10.029+0000] {dag.py:3490} INFO - Setting next_dagrun for 1-miprimerdag to 2023-05-01T00:00:00+00:00, run_after=2023-05-01T00:00:00+00:00
[2026-09-20T21:49:10.064+0000] {processor.py:178} INFO - Processing /opt/airflow/dags/1_first_dag.py took 0.178 seconds
[2026-09-20T21:49:40.954+0000] {processor.py:156} INFO - Started process (PID=57) to work on /opt/airflow/dags/1_first_dag.py
[2026-09-20T21:49:40.957+0000] {processor.py:799} INFO - Processing file /opt/airflow/dags/1_first_dag.py for tasks to queue
[2026-09-20T21:49:40.959+0000] {logging_mixin.py:149} INFO - [2026-09-20T21:49:40.959+0000] {dagbag.py:541} INFO - Filling up the DagBag from /opt/airflow/dags/1_first_dag.py
[2026-09-20T21:49:40.979+0000] {processor.py:809} INFO - DAG(s) dict_keys(['1-miprimerdag']) retrieved from /opt/airflow/dags/1_first_dag.py
[2026-09-20T21:49:41.034+0000] {logging_mixin.py:149} INFO - [2026-09-20T21:49:41.033+0000] {dag.py:2726} INFO - Sync 1 DAGs
[2026-09-20T21:49:41.081+0000] {logging_mixin.py:149} INFO - [2026-09-20T21:49:41.080+0000] {dag.py:3490} INFO - Setting next_dagrun for 1-miprimerdag to 2023-05-01T00:00:00+00:00, run_after=2023-05-01T00:00:00+00:00
[2026-09-20T21:49:41.116+0000] {processor.py:178} INFO - Processing /opt/airflow/dags/1_first_dag.py took 0.172 seconds
[2026-09-20T21:50:11.880+0000] {processor.py:156} INFO - Started process (PID=66) to work on /opt/airflow/dags/1_first_dag.py
[2026-09-20T21:50:11.881+0000] {processor.py:799} INFO - Processing file /opt/airflow/dags/1_first_dag.py for tasks to queue
[2026-09-20T21:50:11.882+0000] {logging_mixin.py:149} INFO - [2026-09-20T21:50:11.882+0000] {dagbag.py:541} INFO - Filling up the DagBag from /opt/airflow/dags/1_first_dag.py
[2026-09-20T21:50:11.901+0000] {processor.py:809} INFO - DAG(s) dict_keys(['1-miprimerdag']) retrieved from /opt/airflow/dags/1_first_dag.py
[2026-09-20T21:50:11.969+0000] {logging_mixin.py:149} INFO - [2026-09-20T21:50:11.969+0000] {dag.py:2726} INFO - Sync 1 DAGs
[2026-09-20T21:50:12.026+0000] {logging_mixin.py:149} INFO - [2026-09-20T21:50:12.026+0000] {dag.py:3490} INFO - Setting next_dagrun for 1-miprimerdag to 2023-05-01T00:00:00+00:00, run_after=2023-05-01T00:00:00+00:00
[2026-09-20T21:50:12.063+0000] {processor.py:178} INFO - Processing /opt/airflow/dags/1_first_dag.py took 0.187 seconds
[2026-09-20T21:50:42.779+0000] {processor.py:156} INFO - Started process (PID=75) to work on /opt/airflow/dags/1_first_dag.py
[2026-09-20T21:50:42.783+0000] {processor.py:799} INFO - Processing file /opt/airflow/dags/1_first_dag.py for tasks to queue
[2026-09-20T21:50:42.784+0000] {logging_mixin.py:149} INFO - [2026-09-20T21:50:42.784+0000] {dagbag.py:541} INFO - Filling up the DagBag from /opt/airflow/dags/1_first_dag.py
[2026-09-20T21:50:42.804+0000] {processor.py:809} INFO - DAG(s) dict_keys(['1-miprimerdag']) retrieved from /opt/airflow/dags/1_first_dag.py
[2026-09-20T21:50:42.860+0000] {logging_mixin.py:149} INFO - [2026-09-20T21:50:42.859+0000] {dag.py:2726} INFO - Sync 1 DAGs
[2026-09-20T21:50:42.903+0000] {logging_mixin.py:149} INFO - [2026-09-20T21:50:42.902+0000] {dag.py:3490} INFO - Setting next_dagrun for 1-miprimerdag to 2023-05-01T00:00:00+00:00, run_after=2023-05-01T00:00:00+00:00
[2026-09-20T21:50:42.947+0000] {processor.py:178} INFO - Processing /opt/airflow/dags/1_first_dag.py took 0.174 seconds
[2026-09-20T21:51:13.757+0000] {processor.py:156} INFO - Started process (PID=84) to work on /opt/airflow/dags/1_first_dag.py
[2026-09-20T21:51:13.759+0000] {processor.py:799} INFO - Processing file /opt/airflow/dags/1_first_dag.py for tasks to queue
[2026-09-20T21:51:13.761+0000] {logging_mixin.py:149} INFO - [2026-09-20T21:51:13.760+0000] {dagbag.py:541} INFO - Filling up the DagBag from /opt/airflow/dags/1_first_dag.py
[2026-09-20T21:51:13.781+0000] {processor.py:809} INFO - DAG(s) dict_keys(['1-miprimerdag']) retrieved from /opt/airflow/dags/1_first_dag.py
[2026-09-20T21:51:13.841+0000] {logging_mixin.py:149} INFO - [2026-09-20T21:51:13.840+0000] {dag.py:2726} INFO - Sync 1 DAGs
[2026-09-20T21:51:13.884+0000] {logging_mixin.py:149} INFO - [2026-09-20T21:51:13.883+0000] {dag.py:3490} INFO - Setting next_dagrun for 1-miprimerdag to 2023-05-01T00:00:00+00:00, run_after=2023-05-01T00:00:00+00:00
[2026-09-20T21:51:13.934+0000] {processor.py:178} INFO - Processing /opt/airflow/dags/1_first_dag.py took 0.184 seconds
[2026-09-20T21:51:44.774+0000] {processor.py:156} INFO - Started process (PID=93) to work on /opt/airflow/dags/1_first_dag.py
[2026-09-20T21:51:44.777+0000] {processor.py:799} INFO - Processing file /opt/airflow/dags/1_first_dag.py for tasks to queue
[2026-09-20T21:51:44.778+0000] {logging_mixin.py:149} INFO - [2026-09-20T21:51:44.778+0000] {dagbag.py:541} INFO - Filling up the DagBag from /opt/airflow/dags/1_first_dag.py
[2026-09-20T21:51:44.801+0000] {processor.py:809} INFO - DAG(s) dict_keys(['1-miprimerdag']) retrieved from /opt/airflow/dags/1_first_dag.py
[2026-09-20T21:51:44.845+0000] {logging_mixin.py:149} INFO - [2026-09-20T21:51:44.845+0000] {dag.py:2726} INFO - Sync 1 DAGs
[2026-09-20T21:51:44.881+0000] {logging_mixin.py:149} INFO - [2026-09-20T21:51:44.880+0000] {dag.py:3490} INFO - Setting next_dagrun for 1-miprimerdag to 2023-05-01T00:00:00+00:00, run_after=2023-05-01T00:00:00+00:00
[2026-09-20T21:51:44.909+0000] {processor.py:178} INFO - Processing /opt/airflow/dags/1_first_dag.py took 0.142 seconds
[2026-09-20T21:52:15.712+0000] {processor.py:156} INFO - Started process (PID=102) to work on /opt/airflow/dags/1_first_dag.py
[2026-09-20T21:52:15.715+0000] {processor.py:799} INFO - Processing file /opt/airflow/dags/1_first_dag.py for tasks to queue
[2026-09-20T21:52:15.716+0000] {logging_mixin.py:149} INFO - [2026-09-20T21:52:15.716+0000] {dagbag.py:541} INFO - Filling up the DagBag from /opt/airflow/dags/1_first_dag.py
[2026-09-20T21:52:15.759+0000] {processor.py:809} INFO - DAG(s) dict_keys(['1-miprimerdag']) retrieved from /opt/airflow/dags/1_first_dag.py
[2026-09-20T21:52:15.822+0000] {logging_mixin.py:149} INFO - [2026-09-20T21:52:15.822+0000] {dag.py:2726} INFO - Sync 1 DAGs
[2026-09-20T21:52:15.865+0000] {logging_mixin.py:149} INFO - [2026-09-20T21:52:15.864+0000] {dag.py:3490} INFO - Setting next_dagrun for 1-miprimerdag to 2023-05-01T00:00:00+00:00, run_after=2023-05-01T00:00:00+00:00
[2026-09-20T21:52:15.899+0000] {processor.py:178} INFO - Processing /opt/airflow/dags/1_first_dag.py took 0.194 seconds
[2026-09-20T21:52:46.068+0000] {processor.py:156} INFO - Started process (PID=111) to work on /opt/airflow/dags/1_first_dag.py
[2026-09-20T21:52:46.074+0000] {processor.py:799} INFO - Processing file /opt/airflow/dags/1_first_dag.py for tasks to queue
[2026-09-20T21:52:46.076+0000] {logging_mixin.py:149} INFO - [2026-09-20T21:52:46.075+0000] {dagbag.py:541} INFO - Filling up the DagBag from /opt/airflow/dags/1_first_dag.py
[2026-09-20T21:52:46.100+0000] {processor.py:809} INFO - DAG(s) dict_keys(['1-miprimerdag']) retrieved from /opt/airflow/dags/1_first_dag.py
[2026-09-20T21:52:46.151+0000] {logging_mixin.py:149} INFO - [2026-09-20T21:52:46.151+0000] {dag.py:2726} INFO - Sync 1 DAGs
[2026-09-20T21:52:46.190+0000] {logging_mixin.py:149} INFO - [2026-09-20T21:52:46.190+0000] {dag.py:3490} INFO - Setting next_dagrun for 1-miprimerdag to 2023-05-01T00:00:00+00:00, run_after=2023-05-01T00:00:00+00:00
[2026-09-20T21:52:46.220+0000] {processor.py:178} INFO - Processing /opt/airflow/dags/1_first_dag.py took 0.158 seconds
[2026-09-20T21:53:17.052+0000] {processor.py:156} INFO - Started process (PID=120) to work on /opt/airflow/dags/1_first_dag.py
[2026-09-20T21:53:17.056+0000] {processor.py:799} INFO - Processing file /opt/airflow/dags/1_first_dag.py for tasks to queue
[2026-09-20T21:53:17.058+0000] {logging_mixin.py:149} INFO - [2026-09-20T21:53:17.057+0000] {dagbag.py:541} INFO - Filling up the DagBag from /opt/airflow/dags/1_first_dag.py
[2026-09-20T21:53:17.076+0000] {processor.py:809} INFO - DAG(s) dict_keys(['1-miprimerdag']) retrieved from /opt/airflow/dags/1_first_dag.py
[2026-09-20T21:53:17.123+0000] {logging_mixin.py:149} INFO - [2026-09-20T21:53:17.123+0000] {dag.py:2726} INFO - Sync 1 DAGs
[2026-09-20T21:53:17.162+0000] {logging_mixin.py:149} INFO - [2026-09-20T21:53:17.161+0000] {dag.py:3490} INFO - Setting next_dagrun for 1-miprimerdag to 2023-05-01T00:00:00+00:00, run_after=2023-05-01T00:00:00+00:00
[2026-09-20T21:53:17.189+0000] {processor.py:178} INFO - Processing /opt/airflow/dags/1_first_dag.py took 0.143 seconds
[2026-09-20T21:53:47.976+0000] {processor.py:156} INFO - Started process (PID=129) to work on /opt/airflow/dags/1_first_dag.py
[2026-09-20T21:53:47.984+0000] {processor.py:799} INFO - Processing file /opt/airflow/dags/1_first_dag.py for tasks to queue
[2026-09-20T21:53:47.986+0000] {logging_mixin.py:149} INFO - [2026-09-20T21:53:47.986+0000] {dagbag.py:541} INFO - Filling up the DagBag from /opt/airflow/dags/1_first_dag.py
[2026-09-20T21:53:48.008+0000] {processor.py:809} INFO - DAG(s) dict_keys(['1-miprimerdag']) retrieved from /opt/airflow/dags/1_first_dag.py
[2026-09-20T21:53:48.071+0000] {logging_mixin.py:149} INFO - [2026-09-20T21:53:48.070+0000] {dag.py:2726} INFO - Sync 1 DAGs
[2026-09-20T21:53:48.114+0000] {logging_mixin.py:149} INFO - [2026-09-20T21:53:48.113+0000] {dag.py:3490} INFO - Setting next_dagrun for 1-miprimerdag to 2023-05-01T00:00:00+00:00, run_after=2023-05-01T00:00:00+00:00
[2026-09-20T21:53:48.147+0000] {processor.py:178} INFO - Processing /opt/airflow/dags/1_first_dag.py took 0.177 seconds
[2026-09-20T21:54:19.015+0000] {processor.py:156} INFO - Started process (PID=138) to work on /opt/airflow/dags/1_first_dag.py
[2026-09-20T21:54:19.018+0000] {processor.py:799} INFO - Processing file /opt/airflow/dags/1_first_dag.py for tasks to queue
[2026-09-20T21:54:19.020+0000] {logging_mixin.py:149} INFO - [2026-09-20T21:54:19.019+0000] {dagbag.py:541} INFO - Filling up the DagBag from /opt/airflow/dags/1_first_dag.py
[2026-09-20T21:54:19.044+0000] {processor.py:809} INFO - DAG(s) dict_keys(['1-miprimerdag']) retrieved from /opt/airflow/dags/1_first_dag.py
[2026-09-20T21:54:19.100+0000] {logging_mixin.py:149} INFO - [2026-09-20T21:54:19.100+0000] {dag.py:2726} INFO - Sync 1 DAGs
[2026-09-20T21:54:19.147+0000] {logging_mixin.py:149} INFO - [2026-09-20T21:54:19.146+0000] {dag.py:3490} INFO - Setting next_dagrun for 1-miprimerdag to 2023-05-01T00:00:00+00:00, run_after=2023-05-01T00:00:00+00:00
[2026-09-20T21:54:19.182+0000] {processor.py:178} INFO - Processing /opt/airflow/dags/1_first_dag.py took 0.174 seconds
[2026-09-20T21:54:50.089+0000] {processor.py:156} INFO - Started process (PID=147) to work on /opt/airflow/dags/1_first_dag.py
[2026-09-20T21:54:50.093+0000] {processor.py:799} INFO - Processing file /opt/airflow/dags/1_first_dag.py for tasks to queue
[2026-09-20T21:54:50.095+0000] {logging_mixin.py:149} INFO - [2026-09-20T21:54:50.095+0000] {dagbag.py:541} INFO - Filling up the DagBag from /opt/airflow/dags/1_first_dag.py
[2026-09-20T21:54:50.119+0000] {processor.py:809} INFO - DAG(s) dict_keys(['1-miprimerdag']) retrieved from /opt/airflow/dags/1_first_dag.py
[2026-09-20T21:54:50.172+0000] {logging_mixin.py:149} INFO - [2026-09-20T21:54:50.172+0000] {dag.py:2726} INFO - Sync 1 DAGs
[2026-09-20T21:54:50.237+0000] {logging_mixin.py:149} INFO - [2026-09-20T21:54:50.237+0000] {dag.py:3490} INFO - Setting next_dagrun for 1-miprimerdag to 2023-05-01T00:00:00+00:00, run_after=2023-05-01T00:00:00+00:00
[2026-09-20T21:54:50.274+0000] {processor.py:178} INFO - Processing /opt/airflow/dags/1_first_dag.py took 0.192 seconds
[2026-09-20T21:55:20.443+0000] {processor.py:156} INFO - Started process (PID=156) to work on /opt/airflow/dags/1_first_dag.py
[2026-09-20T21:55:20.447+0000] {processor.py:799} INFO - Processing file /opt/airflow/dags/1_first_dag.py for tasks to queue
[2026-09-20T21:55:20.449+0000] {logging_mixin.py:149} INFO - [2026-09-20T21:55:20.449+0000] {dagbag.py:541} INFO - Filling up the DagBag from /opt/airflow/dags/1_first_dag.py
[2026-09-20T21:55:20.481+0000] {processor.py:809} INFO - DAG(s) dict_keys(['1-miprimerdag']) retrieved from /opt/airflow/dags/1_first_dag.py
[2026-09-20T21:55:20.564+0000] {logging_mixin.py:149} INFO - [2026-09-20T21:55:20.564+0000] {dag.py:2726} INFO - Sync 1 DAGs
[2026-09-20T21:55:20.635+0000] {logging_mixin.py:149} INFO - [2026-09-20T21:55:20.635+0000] {dag.py:3490} INFO - Setting next_dagrun for 1-miprimerdag to 2023-05-01T00:00:00+00:00, run_after=2023-05-01T00:00:00+00:00
[2026-09-20T21:55:20.683+0000] {processor.py:178} INFO - Processing /opt/airflow/dags/1_first_dag.py took 0.252 seconds
[2026-09-20T21:55:50.885+0000] {processor.py:156} INFO - Started process (PID=165) to work on /opt/airflow/dags/1_first_dag.py
[2026-09-20T21:55:50.889+0000] {processor.py:799} INFO - Processing file /opt/airflow/dags/1_first_dag.py for tasks to queue
[2026-09-20T21:55:50.892+0000] {logging_mixin.py:149} INFO - [2026-09-20T21:55:50.891+0000] {dagbag.py:541} INFO - Filling up the DagBag from /opt/airflow/dags/1_first_dag.py
[2026-09-20T21:55:50.913+0000] {processor.py:809} INFO - DAG(s) dict_keys(['1-miprimerdag']) retrieved from /opt/airflow/dags/1_first_dag.py
[2026-09-20T21:55:50.962+0000] {logging_mixin.py:149} INFO - [2026-09-20T21:55:50.962+0000] {dag.py:2726} INFO - Sync 1 DAGs
[2026-09-20T21:55:51.002+0000] {logging_mixin.py:149} INFO - [2026-09-20T21:55:51.002+0000] {dag.py:3490} INFO - Setting next_dagrun for 1-miprimerdag to 2023-05-01T00:00:00+00:00, run_after=2023-05-01T00:00:00+00:00
[2026-09-20T21:55:51.034+0000] {processor.py:178} INFO - Processing /opt/airflow/dags/1_first_dag.py took 0.155 seconds
[2026-09-20T21:56:21.194+0000] {processor.py:156} INFO - Started process (PID=174) to work on /opt/airflow/dags/1_first_dag.py
[2026-09-20T21:56:21.196+0000] {processor.py:799} INFO - Processing file /opt/airflow/dags/1_first_dag.py for tasks to queue
[2026-09-20T21:56:21.199+0000] {logging_mixin.py:149} INFO - [2026-09-20T21:56:21.199+0000] {dagbag.py:541} INFO - Filling up the DagBag from /opt/airflow/dags/1_first_dag.py
[2026-09-20T21:56:21.214+0000] {processor.py:809} INFO - DAG(s) dict_keys(['1-miprimerdag']) retrieved from /opt/airflow/dags/1_first_dag.py
[2026-09-20T21:56:21.265+0000] {logging_mixin.py:149} INFO - [2026-09-20T21:56:21.264+0000] {dag.py:2726} INFO - Sync 1 DAGs
[2026-09-20T21:56:21.305+0000] {logging_mixin.py:149} INFO - [2026-09-20T21:56:21.305+0000] {dag.py:3490} INFO - Setting next_dagrun for 1-miprimerdag to 2023-05-01T00:00:00+00:00, run_after=2023-05-01T00:00:00+00:00
[2026-09-20T21:56:21.336+0000] {processor.py:178} INFO - Processing /opt/airflow/dags/1_first_dag.py took 0.148 seconds
[2026-09-20T21:56:51.599+0000] {processor.py:156} INFO - Started process (PID=183) to work on /opt/airflow/dags/1_first_dag.py
[2026-09-20T21:56:51.601+0000] {processor.py:799} INFO - Processing file /opt/airflow/dags/1_first_dag.py for tasks to queue
[2026-09-20T21:56:51.602+0000] {logging_mixin.py:149} INFO - [2026-09-20T21:56:51.602+0000] {dagbag.py:541} INFO - Filling up the DagBag from /opt/airflow/dags/1_first_dag.py
[2026-09-20T21:56:51.618+0000] {processor.py:809} INFO - DAG(s) dict_keys(['1-miprimerdag']) retrieved from /opt/airflow/dags/1_first_dag.py
[2026-09-20T21:56:51.670+0000] {logging_mixin.py:149} INFO - [2026-09-20T21:56:51.669+0000] {dag.py:2726} INFO - Sync 1 DAGs
[2026-09-20T21:56:51.708+0000] {logging_mixin.py:149} INFO - [2026-09-20T21:56:51.708+0000] {dag.py:3490} INFO - Setting next_dagrun for 1-miprimerdag to 2023-05-01T00:00:00+00:00, run_after=2023-05-01T00:00:00+00:00
[2026-09-20T21:56:51.749+0000] {processor.py:178} INFO - Processing /opt/airflow/dags/1_first_dag.py took 0.156 seconds
[2026-09-20T21:57:21.805+0000] {processor.py:156} INFO - Started process (PID=192) to work on /opt/airflow/dags/1_first_dag.py
[2026-09-20T21:57:21.807+0000] {processor.py:799} INFO - Processing file /opt/airflow/dags/1_first_dag.py for tasks to queue
[2026-09-20T21:57:21.808+0000] {logging_mixin.py:149} INFO - [2026-09-20T21:57:21.808+0000] {dagbag.py:541} INFO - Filling up the DagBag from /opt/airflow/dags/1_first_dag.py
[2026-09-20T21:57:21.829+0000] {processor.py:809} INFO - DAG(s) dict_keys(['1-miprimerdag']) retrieved from /opt/airflow/dags/1_first_dag.py
[2026-09-20T21:57:21.880+0000] {logging_mixin.py:149} INFO - [2026-09-20T21:57:21.880+0000] {dag.py:2726} INFO - Sync 1 DAGs
[2026-09-20T21:57:21.923+0000] {logging_mixin.py:149} INFO - [2026-09-20T21:57:21.922+0000] {dag.py:3490} INFO - Setting next_dagrun for 1-miprimerdag to 2023-05-01T00:00:00+00:00, run_after=2023-05-01T00:00:00+00:00
[2026-09-20T21:57:22.000+0000] {processor.py:178} INFO - Processing /opt/airflow/dags/1_first_dag.py took 0.201 seconds
[2026-09-20T21:57:52.178+0000] {processor.py:156} INFO - Started process (PID=201) to work on /opt/airflow/dags/1_first_dag.py
[2026-09-20T21:57:52.186+0000] {processor.py:799} INFO - Processing file /opt/airflow/dags/1_first_dag.py for tasks to queue
[2026-09-20T21:57:52.189+0000] {logging_mixin.py:149} INFO - [2026-09-20T21:57:52.189+0000] {dagbag.py:541} INFO - Filling up the DagBag from /opt/airflow/dags/1_first_dag.py
[2026-09-20T21:57:52.206+0000] {processor.py:809} INFO - DAG(s) dict_keys(['1-miprimerdag']) retrieved from /opt/airflow/dags/1_first_dag.py
[2026-09-20T21:57:52.245+0000] {logging_mixin.py:149} INFO - [2026-09-20T21:57:52.244+0000] {dag.py:2726} INFO - Sync 1 DAGs
[2026-09-20T21:57:52.276+0000] {logging_mixin.py:149} INFO - [2026-09-20T21:57:52.276+0000] {dag.py:3490} INFO - Setting next_dagrun for 1-miprimerdag to 2023-05-01T00:00:00+00:00, run_after=2023-05-01T00:00:00+00:00
[2026-09-20T21:57:52.297+0000] {processor.py:178} INFO - Processing /opt/airflow/dags/1_first_dag.py took 0.124 seconds
[2026-09-20T21:58:22.997+0000] {processor.py:156} INFO - Started process (PID=239) to work on /opt/airflow/dags/1_first_dag.py
[2026-09-20T21:58:23.003+0000] {processor.py:799} INFO - Processing file /opt/airflow/dags/1_first_dag.py for tasks to queue
[2026-09-20T21:58:23.005+0000] {logging_mixin.py:149} INFO - [2026-09-20T21:58:23.005+0000] {dagbag.py:541} INFO - Filling up the DagBag from /opt/airflow/dags/1_first_dag.py
[2026-09-20T21:58:23.058+0000] {processor.py:809} INFO - DAG(s) dict_keys(['1-miprimerdag']) retrieved from /opt/airflow/dags/1_first_dag.py
[2026-09-20T21:58:23.199+0000] {logging_mixin.py:149} INFO - [2026-09-20T21:58:23.199+0000] {dag.py:2726} INFO - Sync 1 DAGs
[2026-09-20T21:58:23.374+0000] {logging_mixin.py:149} INFO - [2026-09-20T21:58:23.374+0000] {dag.py:3490} INFO - Setting next_dagrun for 1-miprimerdag to None, run_after=None
[2026-09-20T21:58:23.448+0000] {processor.py:178} INFO - Processing /opt/airflow/dags/1_first_dag.py took 0.466 seconds
[2026-09-20T21:58:53.633+0000] {processor.py:156} INFO - Started process (PID=353) to work on /opt/airflow/dags/1_first_dag.py
[2026-09-20T21:58:53.643+0000] {processor.py:799} INFO - Processing file /opt/airflow/dags/1_first_dag.py for tasks to queue
[2026-09-20T21:58:53.644+0000] {logging_mixin.py:149} INFO - [2026-09-20T21:58:53.644+0000] {dagbag.py:541} INFO - Filling up the DagBag from /opt/airflow/dags/1_first_dag.py
[2026-09-20T21:58:53.665+0000] {processor.py:809} INFO - DAG(s) dict_keys(['1-miprimerdag']) retrieved from /opt/airflow/dags/1_first_dag.py
[2026-09-20T21:58:53.739+0000] {logging_mixin.py:149} INFO - [2026-09-20T21:58:53.738+0000] {dag.py:2726} INFO - Sync 1 DAGs
[2026-09-20T21:58:53.785+0000] {logging_mixin.py:149} INFO - [2026-09-20T21:58:53.784+0000] {dag.py:3490} INFO - Setting next_dagrun for 1-miprimerdag to None, run_after=None
[2026-09-20T21:58:53.815+0000] {processor.py:178} INFO - Processing /opt/airflow/dags/1_first_dag.py took 0.182 seconds
[2026-09-20T21:59:23.970+0000] {processor.py:156} INFO - Started process (PID=447) to work on /opt/airflow/dags/1_first_dag.py
[2026-09-20T21:59:23.983+0000] {processor.py:799} INFO - Processing file /opt/airflow/dags/1_first_dag.py for tasks to queue
[2026-09-20T21:59:23.984+0000] {logging_mixin.py:149} INFO - [2026-09-20T21:59:23.984+0000] {dagbag.py:541} INFO - Filling up the DagBag from /opt/airflow/dags/1_first_dag.py
[2026-09-20T21:59:24.046+0000] {processor.py:809} INFO - DAG(s) dict_keys(['1-miprimerdag']) retrieved from /opt/airflow/dags/1_first_dag.py
[2026-09-20T21:59:24.162+0000] {logging_mixin.py:149} INFO - [2026-09-20T21:59:24.162+0000] {dag.py:2726} INFO - Sync 1 DAGs
[2026-09-20T21:59:24.241+0000] {logging_mixin.py:149} INFO - [2026-09-20T21:59:24.241+0000] {dag.py:3490} INFO - Setting next_dagrun for 1-miprimerdag to None, run_after=None
[2026-09-20T21:59:24.304+0000] {processor.py:178} INFO - Processing /opt/airflow/dags/1_first_dag.py took 0.339 seconds
[2026-09-20T21:59:54.395+0000] {processor.py:156} INFO - Started process (PID=487) to work on /opt/airflow/dags/1_first_dag.py
[2026-09-20T21:59:54.399+0000] {processor.py:799} INFO - Processing file /opt/airflow/dags/1_first_dag.py for tasks to queue
[2026-09-20T21:59:54.401+0000] {logging_mixin.py:149} INFO - [2026-09-20T21:59:54.400+0000] {dagbag.py:541} INFO - Filling up the DagBag from /opt/airflow/dags/1_first_dag.py
[2026-09-20T21:59:54.437+0000] {processor.py:809} INFO - DAG(s) dict_keys(['1-miprimerdag']) retrieved from /opt/airflow/dags/1_first_dag.py
[2026-09-20T21:59:54.523+0000] {logging_mixin.py:149} INFO - [2026-09-20T21:59:54.522+0000] {dag.py:2726} INFO - Sync 1 DAGs
[2026-09-20T21:59:54.618+0000] {logging_mixin.py:149} INFO - [2026-09-20T21:59:54.618+0000] {dag.py:3490} INFO - Setting next_dagrun for 1-miprimerdag to None, run_after=None
[2026-09-20T21:59:54.727+0000] {processor.py:178} INFO - Processing /opt/airflow/dags/1_first_dag.py took 0.341 seconds
[2026-09-20T22:00:24.768+0000] {processor.py:156} INFO - Started process (PID=521) to work on /opt/airflow/dags/1_first_dag.py
[2026-09-20T22:00:24.770+0000] {processor.py:799} INFO - Processing file /opt/airflow/dags/1_first_dag.py for tasks to queue
[2026-09-20T22:00:24.771+0000] {logging_mixin.py:149} INFO - [2026-09-20T22:00:24.771+0000] {dagbag.py:541} INFO - Filling up the DagBag from /opt/airflow/dags/1_first_dag.py
[2026-09-20T22:00:24.796+0000] {processor.py:809} INFO - DAG(s) dict_keys(['1-miprimerdag']) retrieved from /opt/airflow/dags/1_first_dag.py
[2026-09-20T22:00:24.878+0000] {logging_mixin.py:149} INFO - [2026-09-20T22:00:24.877+0000] {dag.py:2726} INFO - Sync 1 DAGs
[2026-09-20T22:00:24.949+0000] {logging_mixin.py:149} INFO - [2026-09-20T22:00:24.949+0000] {dag.py:3490} INFO - Setting next_dagrun for 1-miprimerdag to None, run_after=None
[2026-09-20T22:00:25.003+0000] {processor.py:178} INFO - Processing /opt/airflow/dags/1_first_dag.py took 0.241 seconds
[2026-09-20T22:00:55.321+0000] {processor.py:156} INFO - Started process (PID=554) to work on /opt/airflow/dags/1_first_dag.py
[2026-09-20T22:00:55.324+0000] {processor.py:799} INFO - Processing file /opt/airflow/dags/1_first_dag.py for tasks to queue
[2026-09-20T22:00:55.326+0000] {logging_mixin.py:149} INFO - [2026-09-20T22:00:55.326+0000] {dagbag.py:541} INFO - Filling up the DagBag from /opt/airflow/dags/1_first_dag.py
[2026-09-20T22:00:55.343+0000] {processor.py:809} INFO - DAG(s) dict_keys(['1-miprimerdag']) retrieved from /opt/airflow/dags/1_first_dag.py
[2026-09-20T22:00:55.447+0000] {logging_mixin.py:149} INFO - [2026-09-20T22:00:55.447+0000] {dag.py:2726} INFO - Sync 1 DAGs
[2026-09-20T22:00:55.569+0000] {logging_mixin.py:149} INFO - [2026-09-20T22:00:55.569+0000] {dag.py:3490} INFO - Setting next_dagrun for 1-miprimerdag to None, run_after=None
[2026-09-20T22:00:55.645+0000] {processor.py:178} INFO - Processing /opt/airflow/dags/1_first_dag.py took 0.342 seconds
[2026-09-20T22:01:25.921+0000] {processor.py:156} INFO - Started process (PID=588) to work on /opt/airflow/dags/1_first_dag.py
[2026-09-20T22:01:25.928+0000] {processor.py:799} INFO - Processing file /opt/airflow/dags/1_first_dag.py for tasks to queue
[2026-09-20T22:01:25.934+0000] {logging_mixin.py:149} INFO - [2026-09-20T22:01:25.934+0000] {dagbag.py:541} INFO - Filling up the DagBag from /opt/airflow/dags/1_first_dag.py
[2026-09-20T22:01:25.988+0000] {processor.py:809} INFO - DAG(s) dict_keys(['1-miprimerdag']) retrieved from /opt/airflow/dags/1_first_dag.py
[2026-09-20T22:01:26.091+0000] {logging_mixin.py:149} INFO - [2026-09-20T22:01:26.090+0000] {dag.py:2726} INFO - Sync 1 DAGs
[2026-09-20T22:01:26.189+0000] {logging_mixin.py:149} INFO - [2026-09-20T22:01:26.189+0000] {dag.py:3490} INFO - Setting next_dagrun for 1-miprimerdag to None, run_after=None
[2026-09-20T22:01:26.261+0000] {processor.py:178} INFO - Processing /opt/airflow/dags/1_first_dag.py took 0.360 seconds
[2026-09-20T22:01:56.422+0000] {processor.py:156} INFO - Started process (PID=625) to work on /opt/airflow/dags/1_first_dag.py
[2026-09-20T22:01:56.426+0000] {processor.py:799} INFO - Processing file /opt/airflow/dags/1_first_dag.py for tasks to queue
[2026-09-20T22:01:56.427+0000] {logging_mixin.py:149} INFO - [2026-09-20T22:01:56.427+0000] {dagbag.py:541} INFO - Filling up the DagBag from /opt/airflow/dags/1_first_dag.py
[2026-09-20T22:01:56.485+0000] {processor.py:809} INFO - DAG(s) dict_keys(['1-miprimerdag']) retrieved from /opt/airflow/dags/1_first_dag.py
[2026-09-20T22:01:56.660+0000] {logging_mixin.py:149} INFO - [2026-09-20T22:01:56.659+0000] {dag.py:2726} INFO - Sync 1 DAGs
[2026-09-20T22:01:56.785+0000] {logging_mixin.py:149} INFO - [2026-09-20T22:01:56.784+0000] {dag.py:3490} INFO - Setting next_dagrun for 1-miprimerdag to None, run_after=None
[2026-09-20T22:01:56.822+0000] {processor.py:178} INFO - Processing /opt/airflow/dags/1_first_dag.py took 0.413 seconds
[2026-09-20T22:02:27.151+0000] {processor.py:156} INFO - Started process (PID=663) to work on /opt/airflow/dags/1_first_dag.py
[2026-09-20T22:02:27.156+0000] {processor.py:799} INFO - Processing file /opt/airflow/dags/1_first_dag.py for tasks to queue
[2026-09-20T22:02:27.157+0000] {logging_mixin.py:149} INFO - [2026-09-20T22:02:27.157+0000] {dagbag.py:541} INFO - Filling up the DagBag from /opt/airflow/dags/1_first_dag.py
[2026-09-20T22:02:27.185+0000] {processor.py:809} INFO - DAG(s) dict_keys(['1-miprimerdag']) retrieved from /opt/airflow/dags/1_first_dag.py
[2026-09-20T22:02:27.269+0000] {logging_mixin.py:149} INFO - [2026-09-20T22:02:27.269+0000] {dag.py:2726} INFO - Sync 1 DAGs
[2026-09-20T22:02:27.343+0000] {logging_mixin.py:149} INFO - [2026-09-20T22:02:27.343+0000] {dag.py:3490} INFO - Setting next_dagrun for 1-miprimerdag to None, run_after=None
[2026-09-20T22:02:27.431+0000] {processor.py:178} INFO - Processing /opt/airflow/dags/1_first_dag.py took 0.285 seconds
[2026-09-20T22:02:58.495+0000] {processor.py:156} INFO - Started process (PID=696) to work on /opt/airflow/dags/1_first_dag.py
[2026-09-20T22:02:58.520+0000] {processor.py:799} INFO - Processing file /opt/airflow/dags/1_first_dag.py for tasks to queue
[2026-09-20T22:02:58.522+0000] {logging_mixin.py:149} INFO - [2026-09-20T22:02:58.521+0000] {dagbag.py:541} INFO - Filling up the DagBag from /opt/airflow/dags/1_first_dag.py
[2026-09-20T22:02:58.644+0000] {processor.py:809} INFO - DAG(s) dict_keys(['1-miprimerdag']) retrieved from /opt/airflow/dags/1_first_dag.py
[2026-09-20T22:02:58.798+0000] {logging_mixin.py:149} INFO - [2026-09-20T22:02:58.797+0000] {dag.py:2726} INFO - Sync 1 DAGs
[2026-09-20T22:02:58.967+0000] {logging_mixin.py:149} INFO - [2026-09-20T22:02:58.966+0000] {dag.py:3490} INFO - Setting next_dagrun for 1-miprimerdag to None, run_after=None
[2026-09-20T22:02:59.108+0000] {processor.py:178} INFO - Processing /opt/airflow/dags/1_first_dag.py took 0.629 seconds
[2026-09-20T22:03:29.771+0000] {processor.py:156} INFO - Started process (PID=738) to work on /opt/airflow/dags/1_first_dag.py
[2026-09-20T22:03:29.778+0000] {processor.py:799} INFO - Processing file /opt/airflow/dags/1_first_dag.py for tasks to queue
[2026-09-20T22:03:29.779+0000] {logging_mixin.py:149} INFO - [2026-09-20T22:03:29.779+0000] {dagbag.py:541} INFO - Filling up the DagBag from /opt/airflow/dags/1_first_dag.py
[2026-09-20T22:03:29.845+0000] {processor.py:809} INFO - DAG(s) dict_keys(['1-miprimerdag']) retrieved from /opt/airflow/dags/1_first_dag.py
[2026-09-20T22:03:30.013+0000] {logging_mixin.py:149} INFO - [2026-09-20T22:03:30.010+0000] {dag.py:2726} INFO - Sync 1 DAGs
[2026-09-20T22:03:30.158+0000] {logging_mixin.py:149} INFO - [2026-09-20T22:03:30.158+0000] {dag.py:3490} INFO - Setting next_dagrun for 1-miprimerdag to None, run_after=None
[2026-09-20T22:03:30.283+0000] {processor.py:178} INFO - Processing /opt/airflow/dags/1_first_dag.py took 0.534 seconds
[2026-09-20T22:04:00.518+0000] {processor.py:156} INFO - Started process (PID=751) to work on /opt/airflow/dags/1_first_dag.py
[2026-09-20T22:04:00.520+0000] {processor.py:799} INFO - Processing file /opt/airflow/dags/1_first_dag.py for tasks to queue
[2026-09-20T22:04:00.521+0000] {logging_mixin.py:149} INFO - [2026-09-20T22:04:00.521+0000] {dagbag.py:541} INFO - Filling up the DagBag from /opt/airflow/dags/1_first_dag.py
[2026-09-20T22:04:00.552+0000] {processor.py:809} INFO - DAG(s) dict_keys(['1-miprimerdag']) retrieved from /opt/airflow/dags/1_first_dag.py
[2026-09-20T22:04:00.625+0000] {logging_mixin.py:149} INFO - [2026-09-20T22:04:00.619+0000] {dag.py:2726} INFO - Sync 1 DAGs
[2026-09-20T22:04:00.709+0000] {logging_mixin.py:149} INFO - [2026-09-20T22:04:00.709+0000] {dag.py:3490} INFO - Setting next_dagrun for 1-miprimerdag to None, run_after=None
[2026-09-20T22:04:00.775+0000] {processor.py:178} INFO - Processing /opt/airflow/dags/1_first_dag.py took 0.266 seconds
[2026-09-20T22:04:30.904+0000] {processor.py:156} INFO - Started process (PID=789) to work on /opt/airflow/dags/1_first_dag.py
[2026-09-20T22:04:30.910+0000] {processor.py:799} INFO - Processing file /opt/airflow/dags/1_first_dag.py for tasks to queue
[2026-09-20T22:04:30.911+0000] {logging_mixin.py:149} INFO - [2026-09-20T22:04:30.911+0000] {dagbag.py:541} INFO - Filling up the DagBag from /opt/airflow/dags/1_first_dag.py
[2026-09-20T22:04:30.937+0000] {processor.py:809} INFO - DAG(s) dict_keys(['1-miprimerdag']) retrieved from /opt/airflow/dags/1_first_dag.py
[2026-09-20T22:04:31.074+0000] {logging_mixin.py:149} INFO - [2026-09-20T22:04:31.074+0000] {dag.py:2726} INFO - Sync 1 DAGs
[2026-09-20T22:04:31.174+0000] {logging_mixin.py:149} INFO - [2026-09-20T22:04:31.174+0000] {dag.py:3490} INFO - Setting next_dagrun for 1-miprimerdag to None, run_after=None
[2026-09-20T22:04:31.231+0000] {processor.py:178} INFO - Processing /opt/airflow/dags/1_first_dag.py took 0.333 seconds
[2026-09-20T22:05:01.446+0000] {processor.py:156} INFO - Started process (PID=822) to work on /opt/airflow/dags/1_first_dag.py
[2026-09-20T22:05:01.452+0000] {processor.py:799} INFO - Processing file /opt/airflow/dags/1_first_dag.py for tasks to queue
[2026-09-20T22:05:01.454+0000] {logging_mixin.py:149} INFO - [2026-09-20T22:05:01.454+0000] {dagbag.py:541} INFO - Filling up the DagBag from /opt/airflow/dags/1_first_dag.py
[2026-09-20T22:05:01.490+0000] {processor.py:809} INFO - DAG(s) dict_keys(['1-miprimerdag']) retrieved from /opt/airflow/dags/1_first_dag.py
[2026-09-20T22:05:01.586+0000] {logging_mixin.py:149} INFO - [2026-09-20T22:05:01.585+0000] {dag.py:2726} INFO - Sync 1 DAGs
[2026-09-20T22:05:01.643+0000] {logging_mixin.py:149} INFO - [2026-09-20T22:05:01.643+0000] {dag.py:3490} INFO - Setting next_dagrun for 1-miprimerdag to None, run_after=None
[2026-09-20T22:05:01.701+0000] {processor.py:178} INFO - Processing /opt/airflow/dags/1_first_dag.py took 0.266 seconds
[2026-09-20T22:05:31.980+0000] {processor.py:156} INFO - Started process (PID=839) to work on /opt/airflow/dags/1_first_dag.py
[2026-09-20T22:05:31.982+0000] {processor.py:799} INFO - Processing file /opt/airflow/dags/1_first_dag.py for tasks to queue
[2026-09-20T22:05:31.983+0000] {logging_mixin.py:149} INFO - [2026-09-20T22:05:31.983+0000] {dagbag.py:541} INFO - Filling up the DagBag from /opt/airflow/dags/1_first_dag.py
[2026-09-20T22:05:31.998+0000] {processor.py:809} INFO - DAG(s) dict_keys(['1-miprimerdag']) retrieved from /opt/airflow/dags/1_first_dag.py
[2026-09-20T22:05:32.043+0000] {logging_mixin.py:149} INFO - [2026-09-20T22:05:32.043+0000] {dag.py:2726} INFO - Sync 1 DAGs
[2026-09-20T22:05:32.091+0000] {logging_mixin.py:149} INFO - [2026-09-20T22:05:32.091+0000] {dag.py:3490} INFO - Setting next_dagrun for 1-miprimerdag to None, run_after=None
[2026-09-20T22:05:32.122+0000] {processor.py:178} INFO - Processing /opt/airflow/dags/1_first_dag.py took 0.148 seconds
[2026-09-20T22:06:03.024+0000] {processor.py:156} INFO - Started process (PID=860) to work on /opt/airflow/dags/1_first_dag.py
[2026-09-20T22:06:03.031+0000] {processor.py:799} INFO - Processing file /opt/airflow/dags/1_first_dag.py for tasks to queue
[2026-09-20T22:06:03.034+0000] {logging_mixin.py:149} INFO - [2026-09-20T22:06:03.033+0000] {dagbag.py:541} INFO - Filling up the DagBag from /opt/airflow/dags/1_first_dag.py
[2026-09-20T22:06:03.068+0000] {processor.py:809} INFO - DAG(s) dict_keys(['1-miprimerdag']) retrieved from /opt/airflow/dags/1_first_dag.py
[2026-09-20T22:06:03.133+0000] {logging_mixin.py:149} INFO - [2026-09-20T22:06:03.133+0000] {dag.py:2726} INFO - Sync 1 DAGs
[2026-09-20T22:06:03.177+0000] {logging_mixin.py:149} INFO - [2026-09-20T22:06:03.177+0000] {dag.py:3490} INFO - Setting next_dagrun for 1-miprimerdag to None, run_after=None
[2026-09-20T22:06:03.212+0000] {processor.py:178} INFO - Processing /opt/airflow/dags/1_first_dag.py took 0.199 seconds
[2026-09-20T22:06:33.895+0000] {processor.py:156} INFO - Started process (PID=877) to work on /opt/airflow/dags/1_first_dag.py
[2026-09-20T22:06:33.898+0000] {processor.py:799} INFO - Processing file /opt/airflow/dags/1_first_dag.py for tasks to queue
[2026-09-20T22:06:33.899+0000] {logging_mixin.py:149} INFO - [2026-09-20T22:06:33.899+0000] {dagbag.py:541} INFO - Filling up the DagBag from /opt/airflow/dags/1_first_dag.py
[2026-09-20T22:06:33.916+0000] {processor.py:809} INFO - DAG(s) dict_keys(['1-miprimerdag']) retrieved from /opt/airflow/dags/1_first_dag.py
[2026-09-20T22:06:33.970+0000] {logging_mixin.py:149} INFO - [2026-09-20T22:06:33.970+0000] {dag.py:2726} INFO - Sync 1 DAGs
[2026-09-20T22:06:34.011+0000] {logging_mixin.py:149} INFO - [2026-09-20T22:06:34.011+0000] {dag.py:3490} INFO - Setting next_dagrun for 1-miprimerdag to None, run_after=None
[2026-09-20T22:06:34.040+0000] {processor.py:178} INFO - Processing /opt/airflow/dags/1_first_dag.py took 0.153 seconds
[2026-09-20T22:07:04.583+0000] {processor.py:156} INFO - Started process (PID=894) to work on /opt/airflow/dags/1_first_dag.py
[2026-09-20T22:07:04.600+0000] {processor.py:799} INFO - Processing file /opt/airflow/dags/1_first_dag.py for tasks to queue
[2026-09-20T22:07:04.606+0000] {logging_mixin.py:149} INFO - [2026-09-20T22:07:04.605+0000] {dagbag.py:541} INFO - Filling up the DagBag from /opt/airflow/dags/1_first_dag.py
[2026-09-20T22:07:04.673+0000] {processor.py:809} INFO - DAG(s) dict_keys(['1-miprimerdag']) retrieved from /opt/airflow/dags/1_first_dag.py
[2026-09-20T22:07:04.877+0000] {logging_mixin.py:149} INFO - [2026-09-20T22:07:04.877+0000] {dag.py:2726} INFO - Sync 1 DAGs
[2026-09-20T22:07:04.968+0000] {logging_mixin.py:149} INFO - [2026-09-20T22:07:04.968+0000] {dag.py:3490} INFO - Setting next_dagrun for 1-miprimerdag to None, run_after=None
[2026-09-20T22:07:05.049+0000] {processor.py:178} INFO - Processing /opt/airflow/dags/1_first_dag.py took 0.491 seconds
[2026-09-20T22:07:35.846+0000] {processor.py:156} INFO - Started process (PID=915) to work on /opt/airflow/dags/1_first_dag.py
[2026-09-20T22:07:35.849+0000] {processor.py:799} INFO - Processing file /opt/airflow/dags/1_first_dag.py for tasks to queue
[2026-09-20T22:07:35.850+0000] {logging_mixin.py:149} INFO - [2026-09-20T22:07:35.850+0000] {dagbag.py:541} INFO - Filling up the DagBag from /opt/airflow/dags/1_first_dag.py
[2026-09-20T22:07:35.894+0000] {processor.py:809} INFO - DAG(s) dict_keys(['1-miprimerdag']) retrieved from /opt/airflow/dags/1_first_dag.py
[2026-09-20T22:07:36.030+0000] {logging_mixin.py:149} INFO - [2026-09-20T22:07:36.026+0000] {dag.py:2726} INFO - Sync 1 DAGs
[2026-09-20T22:07:36.150+0000] {logging_mixin.py:149} INFO - [2026-09-20T22:07:36.150+0000] {dag.py:3490} INFO - Setting next_dagrun for 1-miprimerdag to None, run_after=None
[2026-09-20T22:07:36.211+0000] {processor.py:178} INFO - Processing /opt/airflow/dags/1_first_dag.py took 0.373 seconds
[2026-09-20T22:08:06.393+0000] {processor.py:156} INFO - Started process (PID=936) to work on /opt/airflow/dags/1_first_dag.py
[2026-09-20T22:08:06.396+0000] {processor.py:799} INFO - Processing file /opt/airflow/dags/1_first_dag.py for tasks to queue
[2026-09-20T22:08:06.398+0000] {logging_mixin.py:149} INFO - [2026-09-20T22:08:06.398+0000] {dagbag.py:541} INFO - Filling up the DagBag from /opt/airflow/dags/1_first_dag.py
[2026-09-20T22:08:06.421+0000] {processor.py:809} INFO - DAG(s) dict_keys(['1-miprimerdag']) retrieved from /opt/airflow/dags/1_first_dag.py
[2026-09-20T22:08:06.469+0000] {logging_mixin.py:149} INFO - [2026-09-20T22:08:06.469+0000] {dag.py:2726} INFO - Sync 1 DAGs
[2026-09-20T22:08:06.510+0000] {logging_mixin.py:149} INFO - [2026-09-20T22:08:06.510+0000] {dag.py:3490} INFO - Setting next_dagrun for 1-miprimerdag to None, run_after=None
[2026-09-20T22:08:06.543+0000] {processor.py:178} INFO - Processing /opt/airflow/dags/1_first_dag.py took 0.161 seconds
[2026-09-20T22:08:37.007+0000] {processor.py:156} INFO - Started process (PID=957) to work on /opt/airflow/dags/1_first_dag.py
[2026-09-20T22:08:37.015+0000] {processor.py:799} INFO - Processing file /opt/airflow/dags/1_first_dag.py for tasks to queue
[2026-09-20T22:08:37.016+0000] {logging_mixin.py:149} INFO - [2026-09-20T22:08:37.016+0000] {dagbag.py:541} INFO - Filling up the DagBag from /opt/airflow/dags/1_first_dag.py
[2026-09-20T22:08:37.084+0000] {processor.py:809} INFO - DAG(s) dict_keys(['1-miprimerdag']) retrieved from /opt/airflow/dags/1_first_dag.py
[2026-09-20T22:08:37.186+0000] {logging_mixin.py:149} INFO - [2026-09-20T22:08:37.184+0000] {dag.py:2726} INFO - Sync 1 DAGs
[2026-09-20T22:08:37.276+0000] {logging_mixin.py:149} INFO - [2026-09-20T22:08:37.275+0000] {dag.py:3490} INFO - Setting next_dagrun for 1-miprimerdag to None, run_after=None
[2026-09-20T22:08:37.331+0000] {processor.py:178} INFO - Processing /opt/airflow/dags/1_first_dag.py took 0.348 seconds
[2026-09-20T22:09:07.615+0000] {processor.py:156} INFO - Started process (PID=974) to work on /opt/airflow/dags/1_first_dag.py
[2026-09-20T22:09:07.618+0000] {processor.py:799} INFO - Processing file /opt/airflow/dags/1_first_dag.py for tasks to queue
[2026-09-20T22:09:07.619+0000] {logging_mixin.py:149} INFO - [2026-09-20T22:09:07.619+0000] {dagbag.py:541} INFO - Filling up the DagBag from /opt/airflow/dags/1_first_dag.py
[2026-09-20T22:09:07.642+0000] {processor.py:809} INFO - DAG(s) dict_keys(['1-miprimerdag']) retrieved from /opt/airflow/dags/1_first_dag.py
[2026-09-20T22:09:07.716+0000] {logging_mixin.py:149} INFO - [2026-09-20T22:09:07.715+0000] {dag.py:2726} INFO - Sync 1 DAGs
[2026-09-20T22:09:07.790+0000] {logging_mixin.py:149} INFO - [2026-09-20T22:09:07.789+0000] {dag.py:3490} INFO - Setting next_dagrun for 1-miprimerdag to None, run_after=None
[2026-09-20T22:09:07.839+0000] {processor.py:178} INFO - Processing /opt/airflow/dags/1_first_dag.py took 0.230 seconds
[2026-09-20T22:09:38.242+0000] {processor.py:156} INFO - Started process (PID=999) to work on /opt/airflow/dags/1_first_dag.py
[2026-09-20T22:09:38.247+0000] {processor.py:799} INFO - Processing file /opt/airflow/dags/1_first_dag.py for tasks to queue
[2026-09-20T22:09:38.249+0000] {logging_mixin.py:149} INFO - [2026-09-20T22:09:38.249+0000] {dagbag.py:541} INFO - Filling up the DagBag from /opt/airflow/dags/1_first_dag.py
[2026-09-20T22:09:38.275+0000] {processor.py:809} INFO - DAG(s) dict_keys(['1-miprimerdag']) retrieved from /opt/airflow/dags/1_first_dag.py
[2026-09-20T22:09:38.354+0000] {logging_mixin.py:149} INFO - [2026-09-20T22:09:38.354+0000] {dag.py:2726} INFO - Sync 1 DAGs
[2026-09-20T22:09:38.425+0000] {logging_mixin.py:149} INFO - [2026-09-20T22:09:38.425+0000] {dag.py:3490} INFO - Setting next_dagrun for 1-miprimerdag to None, run_after=None
[2026-09-20T22:09:38.474+0000] {processor.py:178} INFO - Processing /opt/airflow/dags/1_first_dag.py took 0.242 seconds
[2026-09-20T22:10:08.643+0000] {processor.py:156} INFO - Started process (PID=1020) to work on /opt/airflow/dags/1_first_dag.py
[2026-09-20T22:10:08.649+0000] {processor.py:799} INFO - Processing file /opt/airflow/dags/1_first_dag.py for tasks to queue
[2026-09-20T22:10:08.651+0000] {logging_mixin.py:149} INFO - [2026-09-20T22:10:08.650+0000] {dagbag.py:541} INFO - Filling up the DagBag from /opt/airflow/dags/1_first_dag.py
[2026-09-20T22:10:08.680+0000] {processor.py:809} INFO - DAG(s) dict_keys(['1-miprimerdag']) retrieved from /opt/airflow/dags/1_first_dag.py
[2026-09-20T22:10:08.782+0000] {logging_mixin.py:149} INFO - [2026-09-20T22:10:08.781+0000] {dag.py:2726} INFO - Sync 1 DAGs
[2026-09-20T22:10:08.843+0000] {logging_mixin.py:149} INFO - [2026-09-20T22:10:08.843+0000] {dag.py:3490} INFO - Setting next_dagrun for 1-miprimerdag to None, run_after=None
[2026-09-20T22:10:08.898+0000] {processor.py:178} INFO - Processing /opt/airflow/dags/1_first_dag.py took 0.261 seconds
[2026-09-20T22:10:39.860+0000] {processor.py:156} INFO - Started process (PID=1041) to work on /opt/airflow/dags/1_first_dag.py
[2026-09-20T22:10:39.863+0000] {processor.py:799} INFO - Processing file /opt/airflow/dags/1_first_dag.py for tasks to queue
[2026-09-20T22:10:39.864+0000] {logging_mixin.py:149} INFO - [2026-09-20T22:10:39.864+0000] {dagbag.py:541} INFO - Filling up the DagBag from /opt/airflow/dags/1_first_dag.py
[2026-09-20T22:10:39.887+0000] {processor.py:809} INFO - DAG(s) dict_keys(['1-miprimerdag']) retrieved from /opt/airflow/dags/1_first_dag.py
[2026-09-20T22:10:39.987+0000] {logging_mixin.py:149} INFO - [2026-09-20T22:10:39.986+0000] {dag.py:2726} INFO - Sync 1 DAGs
[2026-09-20T22:10:40.073+0000] {logging_mixin.py:149} INFO - [2026-09-20T22:10:40.073+0000] {dag.py:3490} INFO - Setting next_dagrun for 1-miprimerdag to None, run_after=None
[2026-09-20T22:10:40.141+0000] {processor.py:178} INFO - Processing /opt/airflow/dags/1_first_dag.py took 0.307 seconds
[2026-09-20T22:11:10.341+0000] {processor.py:156} INFO - Started process (PID=1054) to work on /opt/airflow/dags/1_first_dag.py
[2026-09-20T22:11:10.346+0000] {processor.py:799} INFO - Processing file /opt/airflow/dags/1_first_dag.py for tasks to queue
[2026-09-20T22:11:10.348+0000] {logging_mixin.py:149} INFO - [2026-09-20T22:11:10.347+0000] {dagbag.py:541} INFO - Filling up the DagBag from /opt/airflow/dags/1_first_dag.py
[2026-09-20T22:11:10.380+0000] {processor.py:809} INFO - DAG(s) dict_keys(['1-miprimerdag']) retrieved from /opt/airflow/dags/1_first_dag.py
[2026-09-20T22:11:10.456+0000] {logging_mixin.py:149} INFO - [2026-09-20T22:11:10.455+0000] {dag.py:2726} INFO - Sync 1 DAGs
[2026-09-20T22:11:10.494+0000] {logging_mixin.py:149} INFO - [2026-09-20T22:11:10.493+0000] {dag.py:3490} INFO - Setting next_dagrun for 1-miprimerdag to None, run_after=None
[2026-09-20T22:11:10.530+0000] {processor.py:178} INFO - Processing /opt/airflow/dags/1_first_dag.py took 0.202 seconds
[2026-09-20T22:11:40.820+0000] {processor.py:156} INFO - Started process (PID=1079) to work on /opt/airflow/dags/1_first_dag.py
[2026-09-20T22:11:40.824+0000] {processor.py:799} INFO - Processing file /opt/airflow/dags/1_first_dag.py for tasks to queue
[2026-09-20T22:11:40.826+0000] {logging_mixin.py:149} INFO - [2026-09-20T22:11:40.826+0000] {dagbag.py:541} INFO - Filling up the DagBag from /opt/airflow/dags/1_first_dag.py
[2026-09-20T22:11:40.864+0000] {processor.py:809} INFO - DAG(s) dict_keys(['1-miprimerdag']) retrieved from /opt/airflow/dags/1_first_dag.py
[2026-09-20T22:11:40.965+0000] {logging_mixin.py:149} INFO - [2026-09-20T22:11:40.964+0000] {dag.py:2726} INFO - Sync 1 DAGs
[2026-09-20T22:11:41.045+0000] {logging_mixin.py:149} INFO - [2026-09-20T22:11:41.045+0000] {dag.py:3490} INFO - Setting next_dagrun for 1-miprimerdag to None, run_after=None
[2026-09-20T22:11:41.098+0000] {processor.py:178} INFO - Processing /opt/airflow/dags/1_first_dag.py took 0.292 seconds
[2026-09-20T22:12:11.831+0000] {processor.py:156} INFO - Started process (PID=1108) to work on /opt/airflow/dags/1_first_dag.py
[2026-09-20T22:12:11.836+0000] {processor.py:799} INFO - Processing file /opt/airflow/dags/1_first_dag.py for tasks to queue
[2026-09-20T22:12:11.837+0000] {logging_mixin.py:149} INFO - [2026-09-20T22:12:11.837+0000] {dagbag.py:541} INFO - Filling up the DagBag from /opt/airflow/dags/1_first_dag.py
[2026-09-20T22:12:11.879+0000] {processor.py:809} INFO - DAG(s) dict_keys(['1-miprimerdag']) retrieved from /opt/airflow/dags/1_first_dag.py
[2026-09-20T22:12:11.983+0000] {logging_mixin.py:149} INFO - [2026-09-20T22:12:11.983+0000] {dag.py:2726} INFO - Sync 1 DAGs
[2026-09-20T22:12:12.076+0000] {logging_mixin.py:149} INFO - [2026-09-20T22:12:12.076+0000] {dag.py:3490} INFO - Setting next_dagrun for 1-miprimerdag to None, run_after=None
[2026-09-20T22:12:12.141+0000] {processor.py:178} INFO - Processing /opt/airflow/dags/1_first_dag.py took 0.316 seconds
[2026-09-20T22:12:43.052+0000] {processor.py:156} INFO - Started process (PID=1117) to work on /opt/airflow/dags/1_first_dag.py
[2026-09-20T22:12:43.054+0000] {processor.py:799} INFO - Processing file /opt/airflow/dags/1_first_dag.py for tasks to queue
[2026-09-20T22:12:43.055+0000] {logging_mixin.py:149} INFO - [2026-09-20T22:12:43.055+0000] {dagbag.py:541} INFO - Filling up the DagBag from /opt/airflow/dags/1_first_dag.py
[2026-09-20T22:12:43.077+0000] {processor.py:809} INFO - DAG(s) dict_keys(['1-miprimerdag']) retrieved from /opt/airflow/dags/1_first_dag.py
[2026-09-20T22:12:43.144+0000] {logging_mixin.py:149} INFO - [2026-09-20T22:12:43.144+0000] {dag.py:2726} INFO - Sync 1 DAGs
[2026-09-20T22:12:43.206+0000] {logging_mixin.py:149} INFO - [2026-09-20T22:12:43.206+0000] {dag.py:3490} INFO - Setting next_dagrun for 1-miprimerdag to None, run_after=None
[2026-09-20T22:12:43.249+0000] {processor.py:178} INFO - Processing /opt/airflow/dags/1_first_dag.py took 0.207 seconds
[2026-09-20T22:13:13.326+0000] {processor.py:156} INFO - Started process (PID=1138) to work on /opt/airflow/dags/1_first_dag.py
[2026-09-20T22:13:13.330+0000] {processor.py:799} INFO - Processing file /opt/airflow/dags/1_first_dag.py for tasks to queue
[2026-09-20T22:13:13.331+0000] {logging_mixin.py:149} INFO - [2026-09-20T22:13:13.331+0000] {dagbag.py:541} INFO - Filling up the DagBag from /opt/airflow/dags/1_first_dag.py
[2026-09-20T22:13:13.393+0000] {processor.py:809} INFO - DAG(s) dict_keys(['1-miprimerdag']) retrieved from /opt/airflow/dags/1_first_dag.py
[2026-09-20T22:13:13.550+0000] {logging_mixin.py:149} INFO - [2026-09-20T22:13:13.549+0000] {dag.py:2726} INFO - Sync 1 DAGs
[2026-09-20T22:13:13.661+0000] {logging_mixin.py:149} INFO - [2026-09-20T22:13:13.661+0000] {dag.py:3490} INFO - Setting next_dagrun for 1-miprimerdag to None, run_after=None
[2026-09-20T22:13:13.759+0000] {processor.py:178} INFO - Processing /opt/airflow/dags/1_first_dag.py took 0.442 seconds
[2026-09-20T22:13:43.819+0000] {processor.py:156} INFO - Started process (PID=1155) to work on /opt/airflow/dags/1_first_dag.py
[2026-09-20T22:13:43.828+0000] {processor.py:799} INFO - Processing file /opt/airflow/dags/1_first_dag.py for tasks to queue
[2026-09-20T22:13:43.829+0000] {logging_mixin.py:149} INFO - [2026-09-20T22:13:43.829+0000] {dagbag.py:541} INFO - Filling up the DagBag from /opt/airflow/dags/1_first_dag.py
[2026-09-20T22:13:43.864+0000] {processor.py:809} INFO - DAG(s) dict_keys(['1-miprimerdag']) retrieved from /opt/airflow/dags/1_first_dag.py
[2026-09-20T22:13:43.934+0000] {logging_mixin.py:149} INFO - [2026-09-20T22:13:43.934+0000] {dag.py:2726} INFO - Sync 1 DAGs
[2026-09-20T22:13:44.035+0000] {logging_mixin.py:149} INFO - [2026-09-20T22:13:44.035+0000] {dag.py:3490} INFO - Setting next_dagrun for 1-miprimerdag to None, run_after=None
[2026-09-20T22:13:44.112+0000] {processor.py:178} INFO - Processing /opt/airflow/dags/1_first_dag.py took 0.301 seconds
[2026-09-20T22:14:15.054+0000] {processor.py:156} INFO - Started process (PID=1172) to work on /opt/airflow/dags/1_first_dag.py
[2026-09-20T22:14:15.070+0000] {processor.py:799} INFO - Processing file /opt/airflow/dags/1_first_dag.py for tasks to queue
[2026-09-20T22:14:15.074+0000] {logging_mixin.py:149} INFO - [2026-09-20T22:14:15.071+0000] {dagbag.py:541} INFO - Filling up the DagBag from /opt/airflow/dags/1_first_dag.py
[2026-09-20T22:14:15.123+0000] {processor.py:809} INFO - DAG(s) dict_keys(['1-miprimerdag']) retrieved from /opt/airflow/dags/1_first_dag.py
[2026-09-20T22:14:15.217+0000] {logging_mixin.py:149} INFO - [2026-09-20T22:14:15.216+0000] {dag.py:2726} INFO - Sync 1 DAGs
[2026-09-20T22:14:15.350+0000] {logging_mixin.py:149} INFO - [2026-09-20T22:14:15.350+0000] {dag.py:3490} INFO - Setting next_dagrun for 1-miprimerdag to None, run_after=None
[2026-09-20T22:14:15.407+0000] {processor.py:178} INFO - Processing /opt/airflow/dags/1_first_dag.py took 0.389 seconds
[2026-09-20T22:14:45.760+0000] {processor.py:156} INFO - Started process (PID=1193) to work on /opt/airflow/dags/1_first_dag.py
[2026-09-20T22:14:45.775+0000] {processor.py:799} INFO - Processing file /opt/airflow/dags/1_first_dag.py for tasks to queue
[2026-09-20T22:14:45.784+0000] {logging_mixin.py:149} INFO - [2026-09-20T22:14:45.784+0000] {dagbag.py:541} INFO - Filling up the DagBag from /opt/airflow/dags/1_first_dag.py
[2026-09-20T22:14:45.849+0000] {processor.py:809} INFO - DAG(s) dict_keys(['1-miprimerdag']) retrieved from /opt/airflow/dags/1_first_dag.py
[2026-09-20T22:14:45.962+0000] {logging_mixin.py:149} INFO - [2026-09-20T22:14:45.961+0000] {dag.py:2726} INFO - Sync 1 DAGs
[2026-09-20T22:14:46.038+0000] {logging_mixin.py:149} INFO - [2026-09-20T22:14:46.038+0000] {dag.py:3490} INFO - Setting next_dagrun for 1-miprimerdag to None, run_after=None
[2026-09-20T22:14:46.120+0000] {processor.py:178} INFO - Processing /opt/airflow/dags/1_first_dag.py took 0.386 seconds
[2026-09-20T22:15:16.985+0000] {processor.py:156} INFO - Started process (PID=1218) to work on /opt/airflow/dags/1_first_dag.py
[2026-09-20T22:15:16.988+0000] {processor.py:799} INFO - Processing file /opt/airflow/dags/1_first_dag.py for tasks to queue
[2026-09-20T22:15:16.989+0000] {logging_mixin.py:149} INFO - [2026-09-20T22:15:16.989+0000] {dagbag.py:541} INFO - Filling up the DagBag from /opt/airflow/dags/1_first_dag.py
[2026-09-20T22:15:17.017+0000] {processor.py:809} INFO - DAG(s) dict_keys(['1-miprimerdag']) retrieved from /opt/airflow/dags/1_first_dag.py
[2026-09-20T22:15:17.082+0000] {logging_mixin.py:149} INFO - [2026-09-20T22:15:17.082+0000] {dag.py:2726} INFO - Sync 1 DAGs
[2026-09-20T22:15:17.126+0000] {logging_mixin.py:149} INFO - [2026-09-20T22:15:17.126+0000] {dag.py:3490} INFO - Setting next_dagrun for 1-miprimerdag to None, run_after=None
[2026-09-20T22:15:17.174+0000] {processor.py:178} INFO - Processing /opt/airflow/dags/1_first_dag.py took 0.198 seconds
[2026-09-20T22:15:47.361+0000] {processor.py:156} INFO - Started process (PID=1227) to work on /opt/airflow/dags/1_first_dag.py
[2026-09-20T22:15:47.363+0000] {processor.py:799} INFO - Processing file /opt/airflow/dags/1_first_dag.py for tasks to queue
[2026-09-20T22:15:47.365+0000] {logging_mixin.py:149} INFO - [2026-09-20T22:15:47.365+0000] {dagbag.py:541} INFO - Filling up the DagBag from /opt/airflow/dags/1_first_dag.py
[2026-09-20T22:15:47.386+0000] {processor.py:809} INFO - DAG(s) dict_keys(['1-miprimerdag']) retrieved from /opt/airflow/dags/1_first_dag.py
[2026-09-20T22:15:47.441+0000] {logging_mixin.py:149} INFO - [2026-09-20T22:15:47.441+0000] {dag.py:2726} INFO - Sync 1 DAGs
[2026-09-20T22:15:47.494+0000] {logging_mixin.py:149} INFO - [2026-09-20T22:15:47.494+0000] {dag.py:3490} INFO - Setting next_dagrun for 1-miprimerdag to None, run_after=None
[2026-09-20T22:15:47.529+0000] {processor.py:178} INFO - Processing /opt/airflow/dags/1_first_dag.py took 0.177 seconds
[2026-09-20T22:16:18.299+0000] {processor.py:156} INFO - Started process (PID=1236) to work on /opt/airflow/dags/1_first_dag.py
[2026-09-20T22:16:18.304+0000] {processor.py:799} INFO - Processing file /opt/airflow/dags/1_first_dag.py for tasks to queue
[2026-09-20T22:16:18.305+0000] {logging_mixin.py:149} INFO - [2026-09-20T22:16:18.305+0000] {dagbag.py:541} INFO - Filling up the DagBag from /opt/airflow/dags/1_first_dag.py
[2026-09-20T22:16:18.333+0000] {processor.py:809} INFO - DAG(s) dict_keys(['1-miprimerdag']) retrieved from /opt/airflow/dags/1_first_dag.py
[2026-09-20T22:16:18.399+0000] {logging_mixin.py:149} INFO - [2026-09-20T22:16:18.398+0000] {dag.py:2726} INFO - Sync 1 DAGs
[2026-09-20T22:16:18.448+0000] {logging_mixin.py:149} INFO - [2026-09-20T22:16:18.447+0000] {dag.py:3490} INFO - Setting next_dagrun for 1-miprimerdag to None, run_after=None
[2026-09-20T22:16:18.506+0000] {processor.py:178} INFO - Processing /opt/airflow/dags/1_first_dag.py took 0.220 seconds
[2026-09-20T22:16:49.256+0000] {processor.py:156} INFO - Started process (PID=1245) to work on /opt/airflow/dags/1_first_dag.py
[2026-09-20T22:16:49.260+0000] {processor.py:799} INFO - Processing file /opt/airflow/dags/1_first_dag.py for tasks to queue
[2026-09-20T22:16:49.261+0000] {logging_mixin.py:149} INFO - [2026-09-20T22:16:49.261+0000] {dagbag.py:541} INFO - Filling up the DagBag from /opt/airflow/dags/1_first_dag.py
[2026-09-20T22:16:49.282+0000] {processor.py:809} INFO - DAG(s) dict_keys(['1-miprimerdag']) retrieved from /opt/airflow/dags/1_first_dag.py
[2026-09-20T22:16:49.353+0000] {logging_mixin.py:149} INFO - [2026-09-20T22:16:49.353+0000] {dag.py:2726} INFO - Sync 1 DAGs
[2026-09-20T22:16:49.392+0000] {logging_mixin.py:149} INFO - [2026-09-20T22:16:49.391+0000] {dag.py:3490} INFO - Setting next_dagrun for 1-miprimerdag to None, run_after=None
[2026-09-20T22:16:49.436+0000] {processor.py:178} INFO - Processing /opt/airflow/dags/1_first_dag.py took 0.192 seconds
[2026-09-20T22:17:20.168+0000] {processor.py:156} INFO - Started process (PID=1255) to work on /opt/airflow/dags/1_first_dag.py
[2026-09-20T22:17:20.184+0000] {processor.py:799} INFO - Processing file /opt/airflow/dags/1_first_dag.py for tasks to queue
[2026-09-20T22:17:20.186+0000] {logging_mixin.py:149} INFO - [2026-09-20T22:17:20.185+0000] {dagbag.py:541} INFO - Filling up the DagBag from /opt/airflow/dags/1_first_dag.py
[2026-09-20T22:17:20.224+0000] {processor.py:809} INFO - DAG(s) dict_keys(['1-miprimerdag']) retrieved from /opt/airflow/dags/1_first_dag.py
[2026-09-20T22:17:20.296+0000] {logging_mixin.py:149} INFO - [2026-09-20T22:17:20.296+0000] {dag.py:2726} INFO - Sync 1 DAGs
[2026-09-20T22:17:20.334+0000] {logging_mixin.py:149} INFO - [2026-09-20T22:17:20.334+0000] {dag.py:3490} INFO - Setting next_dagrun for 1-miprimerdag to None, run_after=None
[2026-09-20T22:17:20.379+0000] {processor.py:178} INFO - Processing /opt/airflow/dags/1_first_dag.py took 0.222 seconds
[2026-09-20T22:17:51.256+0000] {processor.py:156} INFO - Started process (PID=1264) to work on /opt/airflow/dags/1_first_dag.py
[2026-09-20T22:17:51.260+0000] {processor.py:799} INFO - Processing file /opt/airflow/dags/1_first_dag.py for tasks to queue
[2026-09-20T22:17:51.262+0000] {logging_mixin.py:149} INFO - [2026-09-20T22:17:51.261+0000] {dagbag.py:541} INFO - Filling up the DagBag from /opt/airflow/dags/1_first_dag.py
[2026-09-20T22:17:51.284+0000] {processor.py:809} INFO - DAG(s) dict_keys(['1-miprimerdag']) retrieved from /opt/airflow/dags/1_first_dag.py
[2026-09-20T22:17:51.339+0000] {logging_mixin.py:149} INFO - [2026-09-20T22:17:51.339+0000] {dag.py:2726} INFO - Sync 1 DAGs
[2026-09-20T22:17:51.376+0000] {logging_mixin.py:149} INFO - [2026-09-20T22:17:51.376+0000] {dag.py:3490} INFO - Setting next_dagrun for 1-miprimerdag to None, run_after=None
[2026-09-20T22:17:51.407+0000] {processor.py:178} INFO - Processing /opt/airflow/dags/1_first_dag.py took 0.161 seconds
[2026-09-20T22:18:22.206+0000] {processor.py:156} INFO - Started process (PID=1273) to work on /opt/airflow/dags/1_first_dag.py
[2026-09-20T22:18:22.212+0000] {processor.py:799} INFO - Processing file /opt/airflow/dags/1_first_dag.py for tasks to queue
[2026-09-20T22:18:22.213+0000] {logging_mixin.py:149} INFO - [2026-09-20T22:18:22.213+0000] {dagbag.py:541} INFO - Filling up the DagBag from /opt/airflow/dags/1_first_dag.py
[2026-09-20T22:18:22.229+0000] {processor.py:809} INFO - DAG(s) dict_keys(['1-miprimerdag']) retrieved from /opt/airflow/dags/1_first_dag.py
[2026-09-20T22:18:22.274+0000] {logging_mixin.py:149} INFO - [2026-09-20T22:18:22.273+0000] {dag.py:2726} INFO - Sync 1 DAGs
[2026-09-20T22:18:22.312+0000] {logging_mixin.py:149} INFO - [2026-09-20T22:18:22.312+0000] {dag.py:3490} INFO - Setting next_dagrun for 1-miprimerdag to None, run_after=None
[2026-09-20T22:18:22.360+0000] {processor.py:178} INFO - Processing /opt/airflow/dags/1_first_dag.py took 0.159 seconds
[2026-09-20T22:18:53.078+0000] {processor.py:156} INFO - Started process (PID=1282) to work on /opt/airflow/dags/1_first_dag.py
[2026-09-20T22:18:53.080+0000] {processor.py:799} INFO - Processing file /opt/airflow/dags/1_first_dag.py for tasks to queue
[2026-09-20T22:18:53.082+0000] {logging_mixin.py:149} INFO - [2026-09-20T22:18:53.081+0000] {dagbag.py:541} INFO - Filling up the DagBag from /opt/airflow/dags/1_first_dag.py
[2026-09-20T22:18:53.104+0000] {processor.py:809} INFO - DAG(s) dict_keys(['1-miprimerdag']) retrieved from /opt/airflow/dags/1_first_dag.py
[2026-09-20T22:18:53.158+0000] {logging_mixin.py:149} INFO - [2026-09-20T22:18:53.158+0000] {dag.py:2726} INFO - Sync 1 DAGs
[2026-09-20T22:18:53.200+0000] {logging_mixin.py:149} INFO - [2026-09-20T22:18:53.199+0000] {dag.py:3490} INFO - Setting next_dagrun for 1-miprimerdag to None, run_after=None
[2026-09-20T22:18:53.230+0000] {processor.py:178} INFO - Processing /opt/airflow/dags/1_first_dag.py took 0.163 seconds
[2026-09-20T22:19:24.016+0000] {processor.py:156} INFO - Started process (PID=1291) to work on /opt/airflow/dags/1_first_dag.py
[2026-09-20T22:19:24.019+0000] {processor.py:799} INFO - Processing file /opt/airflow/dags/1_first_dag.py for tasks to queue
[2026-09-20T22:19:24.020+0000] {logging_mixin.py:149} INFO - [2026-09-20T22:19:24.020+0000] {dagbag.py:541} INFO - Filling up the DagBag from /opt/airflow/dags/1_first_dag.py
[2026-09-20T22:19:24.035+0000] {processor.py:809} INFO - DAG(s) dict_keys(['1-miprimerdag']) retrieved from /opt/airflow/dags/1_first_dag.py
[2026-09-20T22:19:24.106+0000] {logging_mixin.py:149} INFO - [2026-09-20T22:19:24.106+0000] {dag.py:2726} INFO - Sync 1 DAGs
[2026-09-20T22:19:24.151+0000] {logging_mixin.py:149} INFO - [2026-09-20T22:19:24.151+0000] {dag.py:3490} INFO - Setting next_dagrun for 1-miprimerdag to None, run_after=None
[2026-09-20T22:19:24.185+0000] {processor.py:178} INFO - Processing /opt/airflow/dags/1_first_dag.py took 0.177 seconds
[2026-09-20T22:19:54.867+0000] {processor.py:156} INFO - Started process (PID=1300) to work on /opt/airflow/dags/1_first_dag.py
[2026-09-20T22:19:54.868+0000] {processor.py:799} INFO - Processing file /opt/airflow/dags/1_first_dag.py for tasks to queue
[2026-09-20T22:19:54.869+0000] {logging_mixin.py:149} INFO - [2026-09-20T22:19:54.869+0000] {dagbag.py:541} INFO - Filling up the DagBag from /opt/airflow/dags/1_first_dag.py
[2026-09-20T22:19:54.888+0000] {processor.py:809} INFO - DAG(s) dict_keys(['1-miprimerdag']) retrieved from /opt/airflow/dags/1_first_dag.py
[2026-09-20T22:19:54.947+0000] {logging_mixin.py:149} INFO - [2026-09-20T22:19:54.946+0000] {dag.py:2726} INFO - Sync 1 DAGs
[2026-09-20T22:19:54.982+0000] {logging_mixin.py:149} INFO - [2026-09-20T22:19:54.981+0000] {dag.py:3490} INFO - Setting next_dagrun for 1-miprimerdag to None, run_after=None
[2026-09-20T22:19:55.014+0000] {processor.py:178} INFO - Processing /opt/airflow/dags/1_first_dag.py took 0.160 seconds
[2026-09-20T22:20:25.712+0000] {processor.py:156} INFO - Started process (PID=1310) to work on /opt/airflow/dags/1_first_dag.py
[2026-09-20T22:20:25.714+0000] {processor.py:799} INFO - Processing file /opt/airflow/dags/1_first_dag.py for tasks to queue
[2026-09-20T22:20:25.715+0000] {logging_mixin.py:149} INFO - [2026-09-20T22:20:25.715+0000] {dagbag.py:541} INFO - Filling up the DagBag from /opt/airflow/dags/1_first_dag.py
[2026-09-20T22:20:25.755+0000] {processor.py:809} INFO - DAG(s) dict_keys(['1-miprimerdag']) retrieved from /opt/airflow/dags/1_first_dag.py
[2026-09-20T22:20:25.882+0000] {logging_mixin.py:149} INFO - [2026-09-20T22:20:25.881+0000] {dag.py:2726} INFO - Sync 1 DAGs
[2026-09-20T22:20:25.974+0000] {logging_mixin.py:149} INFO - [2026-09-20T22:20:25.974+0000] {dag.py:3490} INFO - Setting next_dagrun for 1-miprimerdag to None, run_after=None
[2026-09-20T22:20:26.018+0000] {processor.py:178} INFO - Processing /opt/airflow/dags/1_first_dag.py took 0.312 seconds
[2026-09-20T22:20:56.730+0000] {processor.py:156} INFO - Started process (PID=1319) to work on /opt/airflow/dags/1_first_dag.py
[2026-09-20T22:20:56.734+0000] {processor.py:799} INFO - Processing file /opt/airflow/dags/1_first_dag.py for tasks to queue
[2026-09-20T22:20:56.736+0000] {logging_mixin.py:149} INFO - [2026-09-20T22:20:56.736+0000] {dagbag.py:541} INFO - Filling up the DagBag from /opt/airflow/dags/1_first_dag.py
[2026-09-20T22:20:56.764+0000] {processor.py:809} INFO - DAG(s) dict_keys(['1-miprimerdag']) retrieved from /opt/airflow/dags/1_first_dag.py
[2026-09-20T22:20:56.838+0000] {logging_mixin.py:149} INFO - [2026-09-20T22:20:56.837+0000] {dag.py:2726} INFO - Sync 1 DAGs
[2026-09-20T22:20:56.888+0000] {logging_mixin.py:149} INFO - [2026-09-20T22:20:56.888+0000] {dag.py:3490} INFO - Setting next_dagrun for 1-miprimerdag to None, run_after=None
[2026-09-20T22:20:56.918+0000] {processor.py:178} INFO - Processing /opt/airflow/dags/1_first_dag.py took 0.200 seconds
[2026-09-20T22:21:27.653+0000] {processor.py:156} INFO - Started process (PID=1332) to work on /opt/airflow/dags/1_first_dag.py
[2026-09-20T22:21:27.655+0000] {processor.py:799} INFO - Processing file /opt/airflow/dags/1_first_dag.py for tasks to queue
[2026-09-20T22:21:27.657+0000] {logging_mixin.py:149} INFO - [2026-09-20T22:21:27.656+0000] {dagbag.py:541} INFO - Filling up the DagBag from /opt/airflow/dags/1_first_dag.py
[2026-09-20T22:21:27.677+0000] {processor.py:809} INFO - DAG(s) dict_keys(['1-miprimerdag']) retrieved from /opt/airflow/dags/1_first_dag.py
[2026-09-20T22:21:27.765+0000] {logging_mixin.py:149} INFO - [2026-09-20T22:21:27.765+0000] {dag.py:2726} INFO - Sync 1 DAGs
[2026-09-20T22:21:27.876+0000] {logging_mixin.py:149} INFO - [2026-09-20T22:21:27.876+0000] {dag.py:3490} INFO - Setting next_dagrun for 1-miprimerdag to None, run_after=None
[2026-09-20T22:21:27.983+0000] {processor.py:178} INFO - Processing /opt/airflow/dags/1_first_dag.py took 0.341 seconds
[2026-09-20T22:21:58.042+0000] {processor.py:156} INFO - Started process (PID=1345) to work on /opt/airflow/dags/1_first_dag.py
[2026-09-20T22:21:58.043+0000] {processor.py:799} INFO - Processing file /opt/airflow/dags/1_first_dag.py for tasks to queue
[2026-09-20T22:21:58.044+0000] {logging_mixin.py:149} INFO - [2026-09-20T22:21:58.044+0000] {dagbag.py:541} INFO - Filling up the DagBag from /opt/airflow/dags/1_first_dag.py
[2026-09-20T22:21:58.061+0000] {processor.py:809} INFO - DAG(s) dict_keys(['1-miprimerdag']) retrieved from /opt/airflow/dags/1_first_dag.py
[2026-09-20T22:21:58.106+0000] {logging_mixin.py:149} INFO - [2026-09-20T22:21:58.106+0000] {dag.py:2726} INFO - Sync 1 DAGs
[2026-09-20T22:21:58.146+0000] {logging_mixin.py:149} INFO - [2026-09-20T22:21:58.146+0000] {dag.py:3490} INFO - Setting next_dagrun for 1-miprimerdag to None, run_after=None
[2026-09-20T22:21:58.172+0000] {processor.py:178} INFO - Processing /opt/airflow/dags/1_first_dag.py took 0.136 seconds
[2026-09-20T22:22:28.268+0000] {processor.py:156} INFO - Started process (PID=1354) to work on /opt/airflow/dags/1_first_dag.py
[2026-09-20T22:22:28.271+0000] {processor.py:799} INFO - Processing file /opt/airflow/dags/1_first_dag.py for tasks to queue
[2026-09-20T22:22:28.272+0000] {logging_mixin.py:149} INFO - [2026-09-20T22:22:28.272+0000] {dagbag.py:541} INFO - Filling up the DagBag from /opt/airflow/dags/1_first_dag.py
[2026-09-20T22:22:28.291+0000] {processor.py:809} INFO - DAG(s) dict_keys(['1-miprimerdag']) retrieved from /opt/airflow/dags/1_first_dag.py
[2026-09-20T22:22:28.359+0000] {logging_mixin.py:149} INFO - [2026-09-20T22:22:28.359+0000] {dag.py:2726} INFO - Sync 1 DAGs
[2026-09-20T22:22:28.424+0000] {logging_mixin.py:149} INFO - [2026-09-20T22:22:28.423+0000] {dag.py:3490} INFO - Setting next_dagrun for 1-miprimerdag to None, run_after=None
[2026-09-20T22:22:28.457+0000] {processor.py:178} INFO - Processing /opt/airflow/dags/1_first_dag.py took 0.195 seconds
[2026-09-20T22:22:59.357+0000] {processor.py:156} INFO - Started process (PID=1363) to work on /opt/airflow/dags/1_first_dag.py
[2026-09-20T22:22:59.360+0000] {processor.py:799} INFO - Processing file /opt/airflow/dags/1_first_dag.py for tasks to queue
[2026-09-20T22:22:59.363+0000] {logging_mixin.py:149} INFO - [2026-09-20T22:22:59.363+0000] {dagbag.py:541} INFO - Filling up the DagBag from /opt/airflow/dags/1_first_dag.py
[2026-09-20T22:22:59.409+0000] {processor.py:809} INFO - DAG(s) dict_keys(['1-miprimerdag']) retrieved from /opt/airflow/dags/1_first_dag.py
[2026-09-20T22:22:59.532+0000] {logging_mixin.py:149} INFO - [2026-09-20T22:22:59.531+0000] {dag.py:2726} INFO - Sync 1 DAGs
[2026-09-20T22:22:59.592+0000] {logging_mixin.py:149} INFO - [2026-09-20T22:22:59.591+0000] {dag.py:3490} INFO - Setting next_dagrun for 1-miprimerdag to None, run_after=None
[2026-09-20T22:22:59.642+0000] {processor.py:178} INFO - Processing /opt/airflow/dags/1_first_dag.py took 0.291 seconds
[2026-09-20T22:23:29.794+0000] {processor.py:156} INFO - Started process (PID=1372) to work on /opt/airflow/dags/1_first_dag.py
[2026-09-20T22:23:29.799+0000] {processor.py:799} INFO - Processing file /opt/airflow/dags/1_first_dag.py for tasks to queue
[2026-09-20T22:23:29.801+0000] {logging_mixin.py:149} INFO - [2026-09-20T22:23:29.800+0000] {dagbag.py:541} INFO - Filling up the DagBag from /opt/airflow/dags/1_first_dag.py
[2026-09-20T22:23:29.824+0000] {processor.py:809} INFO - DAG(s) dict_keys(['1-miprimerdag']) retrieved from /opt/airflow/dags/1_first_dag.py
[2026-09-20T22:23:29.882+0000] {logging_mixin.py:149} INFO - [2026-09-20T22:23:29.881+0000] {dag.py:2726} INFO - Sync 1 DAGs
[2026-09-20T22:23:29.935+0000] {logging_mixin.py:149} INFO - [2026-09-20T22:23:29.935+0000] {dag.py:3490} INFO - Setting next_dagrun for 1-miprimerdag to None, run_after=None
[2026-09-20T22:23:29.965+0000] {processor.py:178} INFO - Processing /opt/airflow/dags/1_first_dag.py took 0.181 seconds
[2026-09-20T22:24:00.007+0000] {processor.py:156} INFO - Started process (PID=1381) to work on /opt/airflow/dags/1_first_dag.py
[2026-09-20T22:24:00.009+0000] {processor.py:799} INFO - Processing file /opt/airflow/dags/1_first_dag.py for tasks to queue
[2026-09-20T22:24:00.013+0000] {logging_mixin.py:149} INFO - [2026-09-20T22:24:00.013+0000] {dagbag.py:541} INFO - Filling up the DagBag from /opt/airflow/dags/1_first_dag.py
[2026-09-20T22:24:00.029+0000] {processor.py:809} INFO - DAG(s) dict_keys(['1-miprimerdag']) retrieved from /opt/airflow/dags/1_first_dag.py
[2026-09-20T22:24:00.089+0000] {logging_mixin.py:149} INFO - [2026-09-20T22:24:00.089+0000] {dag.py:2726} INFO - Sync 1 DAGs
[2026-09-20T22:24:00.145+0000] {logging_mixin.py:149} INFO - [2026-09-20T22:24:00.145+0000] {dag.py:3490} INFO - Setting next_dagrun for 1-miprimerdag to None, run_after=None
[2026-09-20T22:24:00.176+0000] {processor.py:178} INFO - Processing /opt/airflow/dags/1_first_dag.py took 0.176 seconds
[2026-09-20T22:24:30.299+0000] {processor.py:156} INFO - Started process (PID=1390) to work on /opt/airflow/dags/1_first_dag.py
[2026-09-20T22:24:30.302+0000] {processor.py:799} INFO - Processing file /opt/airflow/dags/1_first_dag.py for tasks to queue
[2026-09-20T22:24:30.303+0000] {logging_mixin.py:149} INFO - [2026-09-20T22:24:30.303+0000] {dagbag.py:541} INFO - Filling up the DagBag from /opt/airflow/dags/1_first_dag.py
[2026-09-20T22:24:30.321+0000] {processor.py:809} INFO - DAG(s) dict_keys(['1-miprimerdag']) retrieved from /opt/airflow/dags/1_first_dag.py
[2026-09-20T22:24:30.379+0000] {logging_mixin.py:149} INFO - [2026-09-20T22:24:30.379+0000] {dag.py:2726} INFO - Sync 1 DAGs
[2026-09-20T22:24:30.433+0000] {logging_mixin.py:149} INFO - [2026-09-20T22:24:30.432+0000] {dag.py:3490} INFO - Setting next_dagrun for 1-miprimerdag to None, run_after=None
[2026-09-20T22:24:30.466+0000] {processor.py:178} INFO - Processing /opt/airflow/dags/1_first_dag.py took 0.174 seconds
[2026-09-20T22:25:00.529+0000] {processor.py:156} INFO - Started process (PID=1399) to work on /opt/airflow/dags/1_first_dag.py
[2026-09-20T22:25:00.533+0000] {processor.py:799} INFO - Processing file /opt/airflow/dags/1_first_dag.py for tasks to queue
[2026-09-20T22:25:00.534+0000] {logging_mixin.py:149} INFO - [2026-09-20T22:25:00.534+0000] {dagbag.py:541} INFO - Filling up the DagBag from /opt/airflow/dags/1_first_dag.py
[2026-09-20T22:25:00.558+0000] {processor.py:809} INFO - DAG(s) dict_keys(['1-miprimerdag']) retrieved from /opt/airflow/dags/1_first_dag.py
[2026-09-20T22:25:00.608+0000] {logging_mixin.py:149} INFO - [2026-09-20T22:25:00.607+0000] {dag.py:2726} INFO - Sync 1 DAGs
[2026-09-20T22:25:00.645+0000] {logging_mixin.py:149} INFO - [2026-09-20T22:25:00.645+0000] {dag.py:3490} INFO - Setting next_dagrun for 1-miprimerdag to None, run_after=None
[2026-09-20T22:25:00.670+0000] {processor.py:178} INFO - Processing /opt/airflow/dags/1_first_dag.py took 0.148 seconds
[2026-09-20T22:25:31.300+0000] {processor.py:156} INFO - Started process (PID=1408) to work on /opt/airflow/dags/1_first_dag.py
[2026-09-20T22:25:31.306+0000] {processor.py:799} INFO - Processing file /opt/airflow/dags/1_first_dag.py for tasks to queue
[2026-09-20T22:25:31.309+0000] {logging_mixin.py:149} INFO - [2026-09-20T22:25:31.308+0000] {dagbag.py:541} INFO - Filling up the DagBag from /opt/airflow/dags/1_first_dag.py
[2026-09-20T22:25:31.327+0000] {processor.py:809} INFO - DAG(s) dict_keys(['1-miprimerdag']) retrieved from /opt/airflow/dags/1_first_dag.py
[2026-09-20T22:25:31.383+0000] {logging_mixin.py:149} INFO - [2026-09-20T22:25:31.383+0000] {dag.py:2726} INFO - Sync 1 DAGs
[2026-09-20T22:25:31.429+0000] {logging_mixin.py:149} INFO - [2026-09-20T22:25:31.428+0000] {dag.py:3490} INFO - Setting next_dagrun for 1-miprimerdag to None, run_after=None
[2026-09-20T22:25:31.458+0000] {processor.py:178} INFO - Processing /opt/airflow/dags/1_first_dag.py took 0.164 seconds
[2026-09-20T22:26:02.232+0000] {processor.py:156} INFO - Started process (PID=1417) to work on /opt/airflow/dags/1_first_dag.py
[2026-09-20T22:26:02.233+0000] {processor.py:799} INFO - Processing file /opt/airflow/dags/1_first_dag.py for tasks to queue
[2026-09-20T22:26:02.234+0000] {logging_mixin.py:149} INFO - [2026-09-20T22:26:02.234+0000] {dagbag.py:541} INFO - Filling up the DagBag from /opt/airflow/dags/1_first_dag.py
[2026-09-20T22:26:02.251+0000] {processor.py:809} INFO - DAG(s) dict_keys(['1-miprimerdag']) retrieved from /opt/airflow/dags/1_first_dag.py
[2026-09-20T22:26:02.304+0000] {logging_mixin.py:149} INFO - [2026-09-20T22:26:02.303+0000] {dag.py:2726} INFO - Sync 1 DAGs
[2026-09-20T22:26:02.344+0000] {logging_mixin.py:149} INFO - [2026-09-20T22:26:02.344+0000] {dag.py:3490} INFO - Setting next_dagrun for 1-miprimerdag to None, run_after=None
[2026-09-20T22:26:02.382+0000] {processor.py:178} INFO - Processing /opt/airflow/dags/1_first_dag.py took 0.157 seconds
[2026-09-20T22:26:33.113+0000] {processor.py:156} INFO - Started process (PID=1426) to work on /opt/airflow/dags/1_first_dag.py
[2026-09-20T22:26:33.114+0000] {processor.py:799} INFO - Processing file /opt/airflow/dags/1_first_dag.py for tasks to queue
[2026-09-20T22:26:33.116+0000] {logging_mixin.py:149} INFO - [2026-09-20T22:26:33.115+0000] {dagbag.py:541} INFO - Filling up the DagBag from /opt/airflow/dags/1_first_dag.py
[2026-09-20T22:26:33.141+0000] {processor.py:809} INFO - DAG(s) dict_keys(['1-miprimerdag']) retrieved from /opt/airflow/dags/1_first_dag.py
[2026-09-20T22:26:33.275+0000] {logging_mixin.py:149} INFO - [2026-09-20T22:26:33.275+0000] {dag.py:2726} INFO - Sync 1 DAGs
[2026-09-20T22:26:33.345+0000] {logging_mixin.py:149} INFO - [2026-09-20T22:26:33.345+0000] {dag.py:3490} INFO - Setting next_dagrun for 1-miprimerdag to None, run_after=None
[2026-09-20T22:26:33.389+0000] {processor.py:178} INFO - Processing /opt/airflow/dags/1_first_dag.py took 0.286 seconds
[2026-09-20T22:27:03.882+0000] {processor.py:156} INFO - Started process (PID=1435) to work on /opt/airflow/dags/1_first_dag.py
[2026-09-20T22:27:03.884+0000] {processor.py:799} INFO - Processing file /opt/airflow/dags/1_first_dag.py for tasks to queue
[2026-09-20T22:27:03.885+0000] {logging_mixin.py:149} INFO - [2026-09-20T22:27:03.885+0000] {dagbag.py:541} INFO - Filling up the DagBag from /opt/airflow/dags/1_first_dag.py
[2026-09-20T22:27:03.901+0000] {processor.py:809} INFO - DAG(s) dict_keys(['1-miprimerdag']) retrieved from /opt/airflow/dags/1_first_dag.py
[2026-09-20T22:27:03.950+0000] {logging_mixin.py:149} INFO - [2026-09-20T22:27:03.949+0000] {dag.py:2726} INFO - Sync 1 DAGs
[2026-09-20T22:27:04.011+0000] {logging_mixin.py:149} INFO - [2026-09-20T22:27:04.011+0000] {dag.py:3490} INFO - Setting next_dagrun for 1-miprimerdag to None, run_after=None
[2026-09-20T22:27:04.058+0000] {processor.py:178} INFO - Processing /opt/airflow/dags/1_first_dag.py took 0.184 seconds
[2026-09-20T22:27:34.861+0000] {processor.py:156} INFO - Started process (PID=1444) to work on /opt/airflow/dags/1_first_dag.py
[2026-09-20T22:27:34.868+0000] {processor.py:799} INFO - Processing file /opt/airflow/dags/1_first_dag.py for tasks to queue
[2026-09-20T22:27:34.869+0000] {logging_mixin.py:149} INFO - [2026-09-20T22:27:34.869+0000] {dagbag.py:541} INFO - Filling up the DagBag from /opt/airflow/dags/1_first_dag.py
[2026-09-20T22:27:34.897+0000] {processor.py:809} INFO - DAG(s) dict_keys(['1-miprimerdag']) retrieved from /opt/airflow/dags/1_first_dag.py
[2026-09-20T22:27:34.950+0000] {logging_mixin.py:149} INFO - [2026-09-20T22:27:34.950+0000] {dag.py:2726} INFO - Sync 1 DAGs
[2026-09-20T22:27:35.002+0000] {logging_mixin.py:149} INFO - [2026-09-20T22:27:35.001+0000] {dag.py:3490} INFO - Setting next_dagrun for 1-miprimerdag to None, run_after=None
[2026-09-20T22:27:35.033+0000] {processor.py:178} INFO - Processing /opt/airflow/dags/1_first_dag.py took 0.192 seconds
[2026-09-20T22:28:05.632+0000] {processor.py:156} INFO - Started process (PID=1453) to work on /opt/airflow/dags/1_first_dag.py
[2026-09-20T22:28:05.633+0000] {processor.py:799} INFO - Processing file /opt/airflow/dags/1_first_dag.py for tasks to queue
[2026-09-20T22:28:05.634+0000] {logging_mixin.py:149} INFO - [2026-09-20T22:28:05.634+0000] {dagbag.py:541} INFO - Filling up the DagBag from /opt/airflow/dags/1_first_dag.py
[2026-09-20T22:28:05.650+0000] {processor.py:809} INFO - DAG(s) dict_keys(['1-miprimerdag']) retrieved from /opt/airflow/dags/1_first_dag.py
[2026-09-20T22:28:05.717+0000] {logging_mixin.py:149} INFO - [2026-09-20T22:28:05.716+0000] {dag.py:2726} INFO - Sync 1 DAGs
[2026-09-20T22:28:05.785+0000] {logging_mixin.py:149} INFO - [2026-09-20T22:28:05.785+0000] {dag.py:3490} INFO - Setting next_dagrun for 1-miprimerdag to None, run_after=None
[2026-09-20T22:28:05.815+0000] {processor.py:178} INFO - Processing /opt/airflow/dags/1_first_dag.py took 0.201 seconds
[2026-09-20T22:28:36.487+0000] {processor.py:156} INFO - Started process (PID=1462) to work on /opt/airflow/dags/1_first_dag.py
[2026-09-20T22:28:36.494+0000] {processor.py:799} INFO - Processing file /opt/airflow/dags/1_first_dag.py for tasks to queue
[2026-09-20T22:28:36.496+0000] {logging_mixin.py:149} INFO - [2026-09-20T22:28:36.495+0000] {dagbag.py:541} INFO - Filling up the DagBag from /opt/airflow/dags/1_first_dag.py
[2026-09-20T22:28:36.512+0000] {processor.py:809} INFO - DAG(s) dict_keys(['1-miprimerdag']) retrieved from /opt/airflow/dags/1_first_dag.py
[2026-09-20T22:28:36.581+0000] {logging_mixin.py:149} INFO - [2026-09-20T22:28:36.580+0000] {dag.py:2726} INFO - Sync 1 DAGs
[2026-09-20T22:28:36.625+0000] {logging_mixin.py:149} INFO - [2026-09-20T22:28:36.625+0000] {dag.py:3490} INFO - Setting next_dagrun for 1-miprimerdag to None, run_after=None
[2026-09-20T22:28:36.678+0000] {processor.py:178} INFO - Processing /opt/airflow/dags/1_first_dag.py took 0.198 seconds
[2026-09-20T22:29:07.454+0000] {processor.py:156} INFO - Started process (PID=1471) to work on /opt/airflow/dags/1_first_dag.py
[2026-09-20T22:29:07.455+0000] {processor.py:799} INFO - Processing file /opt/airflow/dags/1_first_dag.py for tasks to queue
[2026-09-20T22:29:07.458+0000] {logging_mixin.py:149} INFO - [2026-09-20T22:29:07.458+0000] {dagbag.py:541} INFO - Filling up the DagBag from /opt/airflow/dags/1_first_dag.py
[2026-09-20T22:29:07.478+0000] {processor.py:809} INFO - DAG(s) dict_keys(['1-miprimerdag']) retrieved from /opt/airflow/dags/1_first_dag.py
[2026-09-20T22:29:07.524+0000] {logging_mixin.py:149} INFO - [2026-09-20T22:29:07.523+0000] {dag.py:2726} INFO - Sync 1 DAGs
[2026-09-20T22:29:07.561+0000] {logging_mixin.py:149} INFO - [2026-09-20T22:29:07.561+0000] {dag.py:3490} INFO - Setting next_dagrun for 1-miprimerdag to None, run_after=None
[2026-09-20T22:29:07.592+0000] {processor.py:178} INFO - Processing /opt/airflow/dags/1_first_dag.py took 0.148 seconds
[2026-09-20T22:29:38.333+0000] {processor.py:156} INFO - Started process (PID=1480) to work on /opt/airflow/dags/1_first_dag.py
[2026-09-20T22:29:38.340+0000] {processor.py:799} INFO - Processing file /opt/airflow/dags/1_first_dag.py for tasks to queue
[2026-09-20T22:29:38.341+0000] {logging_mixin.py:149} INFO - [2026-09-20T22:29:38.341+0000] {dagbag.py:541} INFO - Filling up the DagBag from /opt/airflow/dags/1_first_dag.py
[2026-09-20T22:29:38.358+0000] {processor.py:809} INFO - DAG(s) dict_keys(['1-miprimerdag']) retrieved from /opt/airflow/dags/1_first_dag.py
[2026-09-20T22:29:38.403+0000] {logging_mixin.py:149} INFO - [2026-09-20T22:29:38.402+0000] {dag.py:2726} INFO - Sync 1 DAGs
[2026-09-20T22:29:38.442+0000] {logging_mixin.py:149} INFO - [2026-09-20T22:29:38.442+0000] {dag.py:3490} INFO - Setting next_dagrun for 1-miprimerdag to None, run_after=None
[2026-09-20T22:29:38.472+0000] {processor.py:178} INFO - Processing /opt/airflow/dags/1_first_dag.py took 0.146 seconds
[2026-09-20T22:30:09.245+0000] {processor.py:156} INFO - Started process (PID=1489) to work on /opt/airflow/dags/1_first_dag.py
[2026-09-20T22:30:09.246+0000] {processor.py:799} INFO - Processing file /opt/airflow/dags/1_first_dag.py for tasks to queue
[2026-09-20T22:30:09.247+0000] {logging_mixin.py:149} INFO - [2026-09-20T22:30:09.247+0000] {dagbag.py:541} INFO - Filling up the DagBag from /opt/airflow/dags/1_first_dag.py
[2026-09-20T22:30:09.263+0000] {processor.py:809} INFO - DAG(s) dict_keys(['1-miprimerdag']) retrieved from /opt/airflow/dags/1_first_dag.py
[2026-09-20T22:30:09.318+0000] {logging_mixin.py:149} INFO - [2026-09-20T22:30:09.317+0000] {dag.py:2726} INFO - Sync 1 DAGs
[2026-09-20T22:30:09.361+0000] {logging_mixin.py:149} INFO - [2026-09-20T22:30:09.360+0000] {dag.py:3490} INFO - Setting next_dagrun for 1-miprimerdag to None, run_after=None
[2026-09-20T22:30:09.394+0000] {processor.py:178} INFO - Processing /opt/airflow/dags/1_first_dag.py took 0.160 seconds
[2026-09-20T22:30:40.207+0000] {processor.py:156} INFO - Started process (PID=1498) to work on /opt/airflow/dags/1_first_dag.py
[2026-09-20T22:30:40.210+0000] {processor.py:799} INFO - Processing file /opt/airflow/dags/1_first_dag.py for tasks to queue
[2026-09-20T22:30:40.212+0000] {logging_mixin.py:149} INFO - [2026-09-20T22:30:40.211+0000] {dagbag.py:541} INFO - Filling up the DagBag from /opt/airflow/dags/1_first_dag.py
[2026-09-20T22:30:40.228+0000] {processor.py:809} INFO - DAG(s) dict_keys(['1-miprimerdag']) retrieved from /opt/airflow/dags/1_first_dag.py
[2026-09-20T22:30:40.286+0000] {logging_mixin.py:149} INFO - [2026-09-20T22:30:40.283+0000] {dag.py:2726} INFO - Sync 1 DAGs
[2026-09-20T22:30:40.343+0000] {logging_mixin.py:149} INFO - [2026-09-20T22:30:40.342+0000] {dag.py:3490} INFO - Setting next_dagrun for 1-miprimerdag to None, run_after=None
[2026-09-20T22:30:40.387+0000] {processor.py:178} INFO - Processing /opt/airflow/dags/1_first_dag.py took 0.186 seconds
[2026-09-20T22:31:11.192+0000] {processor.py:156} INFO - Started process (PID=1507) to work on /opt/airflow/dags/1_first_dag.py
[2026-09-20T22:31:11.194+0000] {processor.py:799} INFO - Processing file /opt/airflow/dags/1_first_dag.py for tasks to queue
[2026-09-20T22:31:11.195+0000] {logging_mixin.py:149} INFO - [2026-09-20T22:31:11.195+0000] {dagbag.py:541} INFO - Filling up the DagBag from /opt/airflow/dags/1_first_dag.py
[2026-09-20T22:31:11.213+0000] {processor.py:809} INFO - DAG(s) dict_keys(['1-miprimerdag']) retrieved from /opt/airflow/dags/1_first_dag.py
[2026-09-20T22:31:11.277+0000] {logging_mixin.py:149} INFO - [2026-09-20T22:31:11.277+0000] {dag.py:2726} INFO - Sync 1 DAGs
[2026-09-20T22:31:11.326+0000] {logging_mixin.py:149} INFO - [2026-09-20T22:31:11.326+0000] {dag.py:3490} INFO - Setting next_dagrun for 1-miprimerdag to None, run_after=None
[2026-09-20T22:31:11.384+0000] {processor.py:178} INFO - Processing /opt/airflow/dags/1_first_dag.py took 0.197 seconds
[2026-09-20T22:31:41.806+0000] {processor.py:156} INFO - Started process (PID=1516) to work on /opt/airflow/dags/1_first_dag.py
[2026-09-20T22:31:41.812+0000] {processor.py:799} INFO - Processing file /opt/airflow/dags/1_first_dag.py for tasks to queue
[2026-09-20T22:31:41.813+0000] {logging_mixin.py:149} INFO - [2026-09-20T22:31:41.813+0000] {dagbag.py:541} INFO - Filling up the DagBag from /opt/airflow/dags/1_first_dag.py
[2026-09-20T22:31:41.832+0000] {processor.py:809} INFO - DAG(s) dict_keys(['1-miprimerdag']) retrieved from /opt/airflow/dags/1_first_dag.py
[2026-09-20T22:31:41.885+0000] {logging_mixin.py:149} INFO - [2026-09-20T22:31:41.885+0000] {dag.py:2726} INFO - Sync 1 DAGs
[2026-09-20T22:31:41.926+0000] {logging_mixin.py:149} INFO - [2026-09-20T22:31:41.925+0000] {dag.py:3490} INFO - Setting next_dagrun for 1-miprimerdag to None, run_after=None
[2026-09-20T22:31:41.962+0000] {processor.py:178} INFO - Processing /opt/airflow/dags/1_first_dag.py took 0.164 seconds
[2026-09-20T22:32:12.804+0000] {processor.py:156} INFO - Started process (PID=1525) to work on /opt/airflow/dags/1_first_dag.py
[2026-09-20T22:32:12.805+0000] {processor.py:799} INFO - Processing file /opt/airflow/dags/1_first_dag.py for tasks to queue
[2026-09-20T22:32:12.806+0000] {logging_mixin.py:149} INFO - [2026-09-20T22:32:12.806+0000] {dagbag.py:541} INFO - Filling up the DagBag from /opt/airflow/dags/1_first_dag.py
[2026-09-20T22:32:12.829+0000] {processor.py:809} INFO - DAG(s) dict_keys(['1-miprimerdag']) retrieved from /opt/airflow/dags/1_first_dag.py
[2026-09-20T22:32:12.877+0000] {logging_mixin.py:149} INFO - [2026-09-20T22:32:12.877+0000] {dag.py:2726} INFO - Sync 1 DAGs
[2026-09-20T22:32:12.916+0000] {logging_mixin.py:149} INFO - [2026-09-20T22:32:12.915+0000] {dag.py:3490} INFO - Setting next_dagrun for 1-miprimerdag to None, run_after=None
[2026-09-20T22:32:12.948+0000] {processor.py:178} INFO - Processing /opt/airflow/dags/1_first_dag.py took 0.151 seconds
[2026-09-20T22:32:43.768+0000] {processor.py:156} INFO - Started process (PID=1534) to work on /opt/airflow/dags/1_first_dag.py
[2026-09-20T22:32:43.773+0000] {processor.py:799} INFO - Processing file /opt/airflow/dags/1_first_dag.py for tasks to queue
[2026-09-20T22:32:43.775+0000] {logging_mixin.py:149} INFO - [2026-09-20T22:32:43.774+0000] {dagbag.py:541} INFO - Filling up the DagBag from /opt/airflow/dags/1_first_dag.py
[2026-09-20T22:32:43.793+0000] {processor.py:809} INFO - DAG(s) dict_keys(['1-miprimerdag']) retrieved from /opt/airflow/dags/1_first_dag.py
[2026-09-20T22:32:43.897+0000] {logging_mixin.py:149} INFO - [2026-09-20T22:32:43.897+0000] {dag.py:2726} INFO - Sync 1 DAGs
[2026-09-20T22:32:43.949+0000] {logging_mixin.py:149} INFO - [2026-09-20T22:32:43.949+0000] {dag.py:3490} INFO - Setting next_dagrun for 1-miprimerdag to None, run_after=None
[2026-09-20T22:32:44.006+0000] {processor.py:178} INFO - Processing /opt/airflow/dags/1_first_dag.py took 0.244 seconds
[2026-09-20T22:33:14.551+0000] {processor.py:156} INFO - Started process (PID=1543) to work on /opt/airflow/dags/1_first_dag.py
[2026-09-20T22:33:14.555+0000] {processor.py:799} INFO - Processing file /opt/airflow/dags/1_first_dag.py for tasks to queue
[2026-09-20T22:33:14.557+0000] {logging_mixin.py:149} INFO - [2026-09-20T22:33:14.557+0000] {dagbag.py:541} INFO - Filling up the DagBag from /opt/airflow/dags/1_first_dag.py
[2026-09-20T22:33:14.582+0000] {processor.py:809} INFO - DAG(s) dict_keys(['1-miprimerdag']) retrieved from /opt/airflow/dags/1_first_dag.py
[2026-09-20T22:33:14.640+0000] {logging_mixin.py:149} INFO - [2026-09-20T22:33:14.640+0000] {dag.py:2726} INFO - Sync 1 DAGs
[2026-09-20T22:33:14.686+0000] {logging_mixin.py:149} INFO - [2026-09-20T22:33:14.685+0000] {dag.py:3490} INFO - Setting next_dagrun for 1-miprimerdag to None, run_after=None
[2026-09-20T22:33:14.716+0000] {processor.py:178} INFO - Processing /opt/airflow/dags/1_first_dag.py took 0.173 seconds
[2026-09-20T22:33:45.547+0000] {processor.py:156} INFO - Started process (PID=1552) to work on /opt/airflow/dags/1_first_dag.py
[2026-09-20T22:33:45.549+0000] {processor.py:799} INFO - Processing file /opt/airflow/dags/1_first_dag.py for tasks to queue
[2026-09-20T22:33:45.550+0000] {logging_mixin.py:149} INFO - [2026-09-20T22:33:45.550+0000] {dagbag.py:541} INFO - Filling up the DagBag from /opt/airflow/dags/1_first_dag.py
[2026-09-20T22:33:45.567+0000] {processor.py:809} INFO - DAG(s) dict_keys(['1-miprimerdag']) retrieved from /opt/airflow/dags/1_first_dag.py
[2026-09-20T22:33:45.616+0000] {logging_mixin.py:149} INFO - [2026-09-20T22:33:45.616+0000] {dag.py:2726} INFO - Sync 1 DAGs
[2026-09-20T22:33:45.654+0000] {logging_mixin.py:149} INFO - [2026-09-20T22:33:45.653+0000] {dag.py:3490} INFO - Setting next_dagrun for 1-miprimerdag to None, run_after=None
[2026-09-20T22:33:45.688+0000] {processor.py:178} INFO - Processing /opt/airflow/dags/1_first_dag.py took 0.147 seconds
[2026-09-20T22:34:16.477+0000] {processor.py:156} INFO - Started process (PID=1561) to work on /opt/airflow/dags/1_first_dag.py
[2026-09-20T22:34:16.480+0000] {processor.py:799} INFO - Processing file /opt/airflow/dags/1_first_dag.py for tasks to queue
[2026-09-20T22:34:16.482+0000] {logging_mixin.py:149} INFO - [2026-09-20T22:34:16.481+0000] {dagbag.py:541} INFO - Filling up the DagBag from /opt/airflow/dags/1_first_dag.py
[2026-09-20T22:34:16.497+0000] {processor.py:809} INFO - DAG(s) dict_keys(['1-miprimerdag']) retrieved from /opt/airflow/dags/1_first_dag.py
[2026-09-20T22:34:16.551+0000] {logging_mixin.py:149} INFO - [2026-09-20T22:34:16.551+0000] {dag.py:2726} INFO - Sync 1 DAGs
[2026-09-20T22:34:16.592+0000] {logging_mixin.py:149} INFO - [2026-09-20T22:34:16.592+0000] {dag.py:3490} INFO - Setting next_dagrun for 1-miprimerdag to None, run_after=None
[2026-09-20T22:34:16.622+0000] {processor.py:178} INFO - Processing /opt/airflow/dags/1_first_dag.py took 0.151 seconds
[2026-09-20T22:34:47.404+0000] {processor.py:156} INFO - Started process (PID=1570) to work on /opt/airflow/dags/1_first_dag.py
[2026-09-20T22:34:47.407+0000] {processor.py:799} INFO - Processing file /opt/airflow/dags/1_first_dag.py for tasks to queue
[2026-09-20T22:34:47.408+0000] {logging_mixin.py:149} INFO - [2026-09-20T22:34:47.408+0000] {dagbag.py:541} INFO - Filling up the DagBag from /opt/airflow/dags/1_first_dag.py
[2026-09-20T22:34:47.425+0000] {processor.py:809} INFO - DAG(s) dict_keys(['1-miprimerdag']) retrieved from /opt/airflow/dags/1_first_dag.py
[2026-09-20T22:34:47.484+0000] {logging_mixin.py:149} INFO - [2026-09-20T22:34:47.482+0000] {dag.py:2726} INFO - Sync 1 DAGs
[2026-09-20T22:34:47.535+0000] {logging_mixin.py:149} INFO - [2026-09-20T22:34:47.535+0000] {dag.py:3490} INFO - Setting next_dagrun for 1-miprimerdag to None, run_after=None
[2026-09-20T22:34:47.568+0000] {processor.py:178} INFO - Processing /opt/airflow/dags/1_first_dag.py took 0.171 seconds
[2026-09-20T22:35:18.296+0000] {processor.py:156} INFO - Started process (PID=1579) to work on /opt/airflow/dags/1_first_dag.py
[2026-09-20T22:35:18.302+0000] {processor.py:799} INFO - Processing file /opt/airflow/dags/1_first_dag.py for tasks to queue
[2026-09-20T22:35:18.303+0000] {logging_mixin.py:149} INFO - [2026-09-20T22:35:18.303+0000] {dagbag.py:541} INFO - Filling up the DagBag from /opt/airflow/dags/1_first_dag.py
[2026-09-20T22:35:18.318+0000] {processor.py:809} INFO - DAG(s) dict_keys(['1-miprimerdag']) retrieved from /opt/airflow/dags/1_first_dag.py
[2026-09-20T22:35:18.363+0000] {logging_mixin.py:149} INFO - [2026-09-20T22:35:18.363+0000] {dag.py:2726} INFO - Sync 1 DAGs
[2026-09-20T22:35:18.397+0000] {logging_mixin.py:149} INFO - [2026-09-20T22:35:18.397+0000] {dag.py:3490} INFO - Setting next_dagrun for 1-miprimerdag to None, run_after=None
[2026-09-20T22:35:18.419+0000] {processor.py:178} INFO - Processing /opt/airflow/dags/1_first_dag.py took 0.130 seconds
[2026-09-20T22:35:49.265+0000] {processor.py:156} INFO - Started process (PID=1588) to work on /opt/airflow/dags/1_first_dag.py
[2026-09-20T22:35:49.267+0000] {processor.py:799} INFO - Processing file /opt/airflow/dags/1_first_dag.py for tasks to queue
[2026-09-20T22:35:49.268+0000] {logging_mixin.py:149} INFO - [2026-09-20T22:35:49.268+0000] {dagbag.py:541} INFO - Filling up the DagBag from /opt/airflow/dags/1_first_dag.py
[2026-09-20T22:35:49.284+0000] {processor.py:809} INFO - DAG(s) dict_keys(['1-miprimerdag']) retrieved from /opt/airflow/dags/1_first_dag.py
[2026-09-20T22:35:49.338+0000] {logging_mixin.py:149} INFO - [2026-09-20T22:35:49.338+0000] {dag.py:2726} INFO - Sync 1 DAGs
[2026-09-20T22:35:49.379+0000] {logging_mixin.py:149} INFO - [2026-09-20T22:35:49.379+0000] {dag.py:3490} INFO - Setting next_dagrun for 1-miprimerdag to None, run_after=None
[2026-09-20T22:35:49.413+0000] {processor.py:178} INFO - Processing /opt/airflow/dags/1_first_dag.py took 0.154 seconds
[2026-09-20T22:36:20.168+0000] {processor.py:156} INFO - Started process (PID=1597) to work on /opt/airflow/dags/1_first_dag.py
[2026-09-20T22:36:20.174+0000] {processor.py:799} INFO - Processing file /opt/airflow/dags/1_first_dag.py for tasks to queue
[2026-09-20T22:36:20.179+0000] {logging_mixin.py:149} INFO - [2026-09-20T22:36:20.178+0000] {dagbag.py:541} INFO - Filling up the DagBag from /opt/airflow/dags/1_first_dag.py
[2026-09-20T22:36:20.197+0000] {processor.py:809} INFO - DAG(s) dict_keys(['1-miprimerdag']) retrieved from /opt/airflow/dags/1_first_dag.py
[2026-09-20T22:36:20.261+0000] {logging_mixin.py:149} INFO - [2026-09-20T22:36:20.260+0000] {dag.py:2726} INFO - Sync 1 DAGs
[2026-09-20T22:36:20.304+0000] {logging_mixin.py:149} INFO - [2026-09-20T22:36:20.303+0000] {dag.py:3490} INFO - Setting next_dagrun for 1-miprimerdag to None, run_after=None
[2026-09-20T22:36:20.339+0000] {processor.py:178} INFO - Processing /opt/airflow/dags/1_first_dag.py took 0.179 seconds
[2026-09-20T22:36:51.035+0000] {processor.py:156} INFO - Started process (PID=1606) to work on /opt/airflow/dags/1_first_dag.py
[2026-09-20T22:36:51.037+0000] {processor.py:799} INFO - Processing file /opt/airflow/dags/1_first_dag.py for tasks to queue
[2026-09-20T22:36:51.038+0000] {logging_mixin.py:149} INFO - [2026-09-20T22:36:51.038+0000] {dagbag.py:541} INFO - Filling up the DagBag from /opt/airflow/dags/1_first_dag.py
[2026-09-20T22:36:51.057+0000] {processor.py:809} INFO - DAG(s) dict_keys(['1-miprimerdag']) retrieved from /opt/airflow/dags/1_first_dag.py
[2026-09-20T22:36:51.112+0000] {logging_mixin.py:149} INFO - [2026-09-20T22:36:51.111+0000] {dag.py:2726} INFO - Sync 1 DAGs
[2026-09-20T22:36:51.156+0000] {logging_mixin.py:149} INFO - [2026-09-20T22:36:51.155+0000] {dag.py:3490} INFO - Setting next_dagrun for 1-miprimerdag to None, run_after=None
[2026-09-20T22:36:51.186+0000] {processor.py:178} INFO - Processing /opt/airflow/dags/1_first_dag.py took 0.161 seconds
[2026-09-20T22:37:21.967+0000] {processor.py:156} INFO - Started process (PID=1615) to work on /opt/airflow/dags/1_first_dag.py
[2026-09-20T22:37:21.970+0000] {processor.py:799} INFO - Processing file /opt/airflow/dags/1_first_dag.py for tasks to queue
[2026-09-20T22:37:21.972+0000] {logging_mixin.py:149} INFO - [2026-09-20T22:37:21.972+0000] {dagbag.py:541} INFO - Filling up the DagBag from /opt/airflow/dags/1_first_dag.py
[2026-09-20T22:37:21.992+0000] {processor.py:809} INFO - DAG(s) dict_keys(['1-miprimerdag']) retrieved from /opt/airflow/dags/1_first_dag.py
[2026-09-20T22:37:22.063+0000] {logging_mixin.py:149} INFO - [2026-09-20T22:37:22.052+0000] {dag.py:2726} INFO - Sync 1 DAGs
[2026-09-20T22:37:22.113+0000] {logging_mixin.py:149} INFO - [2026-09-20T22:37:22.112+0000] {dag.py:3490} INFO - Setting next_dagrun for 1-miprimerdag to None, run_after=None
[2026-09-20T22:37:22.152+0000] {processor.py:178} INFO - Processing /opt/airflow/dags/1_first_dag.py took 0.197 seconds
[2026-09-20T22:37:52.868+0000] {processor.py:156} INFO - Started process (PID=1624) to work on /opt/airflow/dags/1_first_dag.py
[2026-09-20T22:37:52.872+0000] {processor.py:799} INFO - Processing file /opt/airflow/dags/1_first_dag.py for tasks to queue
[2026-09-20T22:37:52.874+0000] {logging_mixin.py:149} INFO - [2026-09-20T22:37:52.874+0000] {dagbag.py:541} INFO - Filling up the DagBag from /opt/airflow/dags/1_first_dag.py
[2026-09-20T22:37:52.925+0000] {processor.py:809} INFO - DAG(s) dict_keys(['1-miprimerdag']) retrieved from /opt/airflow/dags/1_first_dag.py
[2026-09-20T22:37:53.069+0000] {logging_mixin.py:149} INFO - [2026-09-20T22:37:53.068+0000] {dag.py:2726} INFO - Sync 1 DAGs
[2026-09-20T22:37:53.159+0000] {logging_mixin.py:149} INFO - [2026-09-20T22:37:53.159+0000] {dag.py:3490} INFO - Setting next_dagrun for 1-miprimerdag to None, run_after=None
[2026-09-20T22:37:53.198+0000] {processor.py:178} INFO - Processing /opt/airflow/dags/1_first_dag.py took 0.344 seconds
[2026-09-20T22:38:23.263+0000] {processor.py:156} INFO - Started process (PID=1633) to work on /opt/airflow/dags/1_first_dag.py
[2026-09-20T22:38:23.266+0000] {processor.py:799} INFO - Processing file /opt/airflow/dags/1_first_dag.py for tasks to queue
[2026-09-20T22:38:23.267+0000] {logging_mixin.py:149} INFO - [2026-09-20T22:38:23.267+0000] {dagbag.py:541} INFO - Filling up the DagBag from /opt/airflow/dags/1_first_dag.py
[2026-09-20T22:38:23.286+0000] {processor.py:809} INFO - DAG(s) dict_keys(['1-miprimerdag']) retrieved from /opt/airflow/dags/1_first_dag.py
[2026-09-20T22:38:23.342+0000] {logging_mixin.py:149} INFO - [2026-09-20T22:38:23.342+0000] {dag.py:2726} INFO - Sync 1 DAGs
[2026-09-20T22:38:23.383+0000] {logging_mixin.py:149} INFO - [2026-09-20T22:38:23.383+0000] {dag.py:3490} INFO - Setting next_dagrun for 1-miprimerdag to None, run_after=None
[2026-09-20T22:38:23.416+0000] {processor.py:178} INFO - Processing /opt/airflow/dags/1_first_dag.py took 0.160 seconds
[2026-09-20T22:38:53.541+0000] {processor.py:156} INFO - Started process (PID=1642) to work on /opt/airflow/dags/1_first_dag.py
[2026-09-20T22:38:53.543+0000] {processor.py:799} INFO - Processing file /opt/airflow/dags/1_first_dag.py for tasks to queue
[2026-09-20T22:38:53.544+0000] {logging_mixin.py:149} INFO - [2026-09-20T22:38:53.544+0000] {dagbag.py:541} INFO - Filling up the DagBag from /opt/airflow/dags/1_first_dag.py
[2026-09-20T22:38:53.560+0000] {processor.py:809} INFO - DAG(s) dict_keys(['1-miprimerdag']) retrieved from /opt/airflow/dags/1_first_dag.py
[2026-09-20T22:38:53.616+0000] {logging_mixin.py:149} INFO - [2026-09-20T22:38:53.616+0000] {dag.py:2726} INFO - Sync 1 DAGs
[2026-09-20T22:38:53.651+0000] {logging_mixin.py:149} INFO - [2026-09-20T22:38:53.651+0000] {dag.py:3490} INFO - Setting next_dagrun for 1-miprimerdag to None, run_after=None
[2026-09-20T22:38:53.676+0000] {processor.py:178} INFO - Processing /opt/airflow/dags/1_first_dag.py took 0.143 seconds
[2026-09-20T22:39:24.575+0000] {processor.py:156} INFO - Started process (PID=1651) to work on /opt/airflow/dags/1_first_dag.py
[2026-09-20T22:39:24.577+0000] {processor.py:799} INFO - Processing file /opt/airflow/dags/1_first_dag.py for tasks to queue
[2026-09-20T22:39:24.578+0000] {logging_mixin.py:149} INFO - [2026-09-20T22:39:24.578+0000] {dagbag.py:541} INFO - Filling up the DagBag from /opt/airflow/dags/1_first_dag.py
[2026-09-20T22:39:24.591+0000] {processor.py:809} INFO - DAG(s) dict_keys(['1-miprimerdag']) retrieved from /opt/airflow/dags/1_first_dag.py
[2026-09-20T22:39:24.656+0000] {logging_mixin.py:149} INFO - [2026-09-20T22:39:24.655+0000] {dag.py:2726} INFO - Sync 1 DAGs
[2026-09-20T22:39:24.704+0000] {logging_mixin.py:149} INFO - [2026-09-20T22:39:24.703+0000] {dag.py:3490} INFO - Setting next_dagrun for 1-miprimerdag to None, run_after=None
[2026-09-20T22:39:24.755+0000] {processor.py:178} INFO - Processing /opt/airflow/dags/1_first_dag.py took 0.187 seconds
[2026-09-20T22:39:55.475+0000] {processor.py:156} INFO - Started process (PID=1664) to work on /opt/airflow/dags/1_first_dag.py
[2026-09-20T22:39:55.483+0000] {processor.py:799} INFO - Processing file /opt/airflow/dags/1_first_dag.py for tasks to queue
[2026-09-20T22:39:55.484+0000] {logging_mixin.py:149} INFO - [2026-09-20T22:39:55.484+0000] {dagbag.py:541} INFO - Filling up the DagBag from /opt/airflow/dags/1_first_dag.py
[2026-09-20T22:39:55.500+0000] {processor.py:809} INFO - DAG(s) dict_keys(['1-miprimerdag']) retrieved from /opt/airflow/dags/1_first_dag.py
[2026-09-20T22:39:55.557+0000] {logging_mixin.py:149} INFO - [2026-09-20T22:39:55.557+0000] {dag.py:2726} INFO - Sync 1 DAGs
[2026-09-20T22:39:55.611+0000] {logging_mixin.py:149} INFO - [2026-09-20T22:39:55.611+0000] {dag.py:3490} INFO - Setting next_dagrun for 1-miprimerdag to None, run_after=None
[2026-09-20T22:39:55.664+0000] {processor.py:178} INFO - Processing /opt/airflow/dags/1_first_dag.py took 0.203 seconds
[2026-09-20T22:40:26.300+0000] {processor.py:156} INFO - Started process (PID=1673) to work on /opt/airflow/dags/1_first_dag.py
[2026-09-20T22:40:26.311+0000] {processor.py:799} INFO - Processing file /opt/airflow/dags/1_first_dag.py for tasks to queue
[2026-09-20T22:40:26.312+0000] {logging_mixin.py:149} INFO - [2026-09-20T22:40:26.312+0000] {dagbag.py:541} INFO - Filling up the DagBag from /opt/airflow/dags/1_first_dag.py
[2026-09-20T22:40:26.329+0000] {processor.py:809} INFO - DAG(s) dict_keys(['1-miprimerdag']) retrieved from /opt/airflow/dags/1_first_dag.py
[2026-09-20T22:40:26.380+0000] {logging_mixin.py:149} INFO - [2026-09-20T22:40:26.380+0000] {dag.py:2726} INFO - Sync 1 DAGs
[2026-09-20T22:40:26.440+0000] {logging_mixin.py:149} INFO - [2026-09-20T22:40:26.440+0000] {dag.py:3490} INFO - Setting next_dagrun for 1-miprimerdag to None, run_after=None
[2026-09-20T22:40:26.472+0000] {processor.py:178} INFO - Processing /opt/airflow/dags/1_first_dag.py took 0.178 seconds
[2026-09-20T22:40:57.137+0000] {processor.py:156} INFO - Started process (PID=1682) to work on /opt/airflow/dags/1_first_dag.py
[2026-09-20T22:40:57.144+0000] {processor.py:799} INFO - Processing file /opt/airflow/dags/1_first_dag.py for tasks to queue
[2026-09-20T22:40:57.147+0000] {logging_mixin.py:149} INFO - [2026-09-20T22:40:57.147+0000] {dagbag.py:541} INFO - Filling up the DagBag from /opt/airflow/dags/1_first_dag.py
[2026-09-20T22:40:57.165+0000] {processor.py:809} INFO - DAG(s) dict_keys(['1-miprimerdag']) retrieved from /opt/airflow/dags/1_first_dag.py
[2026-09-20T22:40:57.210+0000] {logging_mixin.py:149} INFO - [2026-09-20T22:40:57.210+0000] {dag.py:2726} INFO - Sync 1 DAGs
[2026-09-20T22:40:57.250+0000] {logging_mixin.py:149} INFO - [2026-09-20T22:40:57.250+0000] {dag.py:3490} INFO - Setting next_dagrun for 1-miprimerdag to None, run_after=None
[2026-09-20T22:40:57.281+0000] {processor.py:178} INFO - Processing /opt/airflow/dags/1_first_dag.py took 0.154 seconds
[2026-09-20T22:41:27.980+0000] {processor.py:156} INFO - Started process (PID=1691) to work on /opt/airflow/dags/1_first_dag.py
[2026-09-20T22:41:27.983+0000] {processor.py:799} INFO - Processing file /opt/airflow/dags/1_first_dag.py for tasks to queue
[2026-09-20T22:41:27.984+0000] {logging_mixin.py:149} INFO - [2026-09-20T22:41:27.984+0000] {dagbag.py:541} INFO - Filling up the DagBag from /opt/airflow/dags/1_first_dag.py
[2026-09-20T22:41:28.000+0000] {processor.py:809} INFO - DAG(s) dict_keys(['1-miprimerdag']) retrieved from /opt/airflow/dags/1_first_dag.py
[2026-09-20T22:41:28.049+0000] {logging_mixin.py:149} INFO - [2026-09-20T22:41:28.048+0000] {dag.py:2726} INFO - Sync 1 DAGs
[2026-09-20T22:41:28.098+0000] {logging_mixin.py:149} INFO - [2026-09-20T22:41:28.098+0000] {dag.py:3490} INFO - Setting next_dagrun for 1-miprimerdag to None, run_after=None
[2026-09-20T22:41:28.132+0000] {processor.py:178} INFO - Processing /opt/airflow/dags/1_first_dag.py took 0.156 seconds
[2026-09-20T22:41:58.832+0000] {processor.py:156} INFO - Started process (PID=1700) to work on /opt/airflow/dags/1_first_dag.py
[2026-09-20T22:41:58.834+0000] {processor.py:799} INFO - Processing file /opt/airflow/dags/1_first_dag.py for tasks to queue
[2026-09-20T22:41:58.835+0000] {logging_mixin.py:149} INFO - [2026-09-20T22:41:58.835+0000] {dagbag.py:541} INFO - Filling up the DagBag from /opt/airflow/dags/1_first_dag.py
[2026-09-20T22:41:58.851+0000] {processor.py:809} INFO - DAG(s) dict_keys(['1-miprimerdag']) retrieved from /opt/airflow/dags/1_first_dag.py
[2026-09-20T22:41:58.901+0000] {logging_mixin.py:149} INFO - [2026-09-20T22:41:58.901+0000] {dag.py:2726} INFO - Sync 1 DAGs
[2026-09-20T22:41:58.944+0000] {logging_mixin.py:149} INFO - [2026-09-20T22:41:58.944+0000] {dag.py:3490} INFO - Setting next_dagrun for 1-miprimerdag to None, run_after=None
[2026-09-20T22:41:58.975+0000] {processor.py:178} INFO - Processing /opt/airflow/dags/1_first_dag.py took 0.150 seconds
[2026-09-20T22:42:29.722+0000] {processor.py:156} INFO - Started process (PID=1709) to work on /opt/airflow/dags/1_first_dag.py
[2026-09-20T22:42:29.724+0000] {processor.py:799} INFO - Processing file /opt/airflow/dags/1_first_dag.py for tasks to queue
[2026-09-20T22:42:29.725+0000] {logging_mixin.py:149} INFO - [2026-09-20T22:42:29.725+0000] {dagbag.py:541} INFO - Filling up the DagBag from /opt/airflow/dags/1_first_dag.py
[2026-09-20T22:42:29.749+0000] {processor.py:809} INFO - DAG(s) dict_keys(['1-miprimerdag']) retrieved from /opt/airflow/dags/1_first_dag.py
[2026-09-20T22:42:29.807+0000] {logging_mixin.py:149} INFO - [2026-09-20T22:42:29.806+0000] {dag.py:2726} INFO - Sync 1 DAGs
[2026-09-20T22:42:29.848+0000] {logging_mixin.py:149} INFO - [2026-09-20T22:42:29.848+0000] {dag.py:3490} INFO - Setting next_dagrun for 1-miprimerdag to None, run_after=None
[2026-09-20T22:42:29.877+0000] {processor.py:178} INFO - Processing /opt/airflow/dags/1_first_dag.py took 0.162 seconds
[2026-09-20T22:43:00.624+0000] {processor.py:156} INFO - Started process (PID=1718) to work on /opt/airflow/dags/1_first_dag.py
[2026-09-20T22:43:00.626+0000] {processor.py:799} INFO - Processing file /opt/airflow/dags/1_first_dag.py for tasks to queue
[2026-09-20T22:43:00.627+0000] {logging_mixin.py:149} INFO - [2026-09-20T22:43:00.627+0000] {dagbag.py:541} INFO - Filling up the DagBag from /opt/airflow/dags/1_first_dag.py
[2026-09-20T22:43:00.641+0000] {processor.py:809} INFO - DAG(s) dict_keys(['1-miprimerdag']) retrieved from /opt/airflow/dags/1_first_dag.py
[2026-09-20T22:43:00.688+0000] {logging_mixin.py:149} INFO - [2026-09-20T22:43:00.688+0000] {dag.py:2726} INFO - Sync 1 DAGs
[2026-09-20T22:43:00.725+0000] {logging_mixin.py:149} INFO - [2026-09-20T22:43:00.724+0000] {dag.py:3490} INFO - Setting next_dagrun for 1-miprimerdag to None, run_after=None
[2026-09-20T22:43:00.767+0000] {processor.py:178} INFO - Processing /opt/airflow/dags/1_first_dag.py took 0.152 seconds
[2026-09-20T22:43:31.500+0000] {processor.py:156} INFO - Started process (PID=1727) to work on /opt/airflow/dags/1_first_dag.py
[2026-09-20T22:43:31.503+0000] {processor.py:799} INFO - Processing file /opt/airflow/dags/1_first_dag.py for tasks to queue
[2026-09-20T22:43:31.505+0000] {logging_mixin.py:149} INFO - [2026-09-20T22:43:31.504+0000] {dagbag.py:541} INFO - Filling up the DagBag from /opt/airflow/dags/1_first_dag.py
[2026-09-20T22:43:31.521+0000] {processor.py:809} INFO - DAG(s) dict_keys(['1-miprimerdag']) retrieved from /opt/airflow/dags/1_first_dag.py
[2026-09-20T22:43:31.565+0000] {logging_mixin.py:149} INFO - [2026-09-20T22:43:31.564+0000] {dag.py:2726} INFO - Sync 1 DAGs
[2026-09-20T22:43:31.603+0000] {logging_mixin.py:149} INFO - [2026-09-20T22:43:31.603+0000] {dag.py:3490} INFO - Setting next_dagrun for 1-miprimerdag to None, run_after=None
[2026-09-20T22:43:31.635+0000] {processor.py:178} INFO - Processing /opt/airflow/dags/1_first_dag.py took 0.140 seconds
[2026-09-20T22:44:02.322+0000] {processor.py:156} INFO - Started process (PID=1736) to work on /opt/airflow/dags/1_first_dag.py
[2026-09-20T22:44:02.324+0000] {processor.py:799} INFO - Processing file /opt/airflow/dags/1_first_dag.py for tasks to queue
[2026-09-20T22:44:02.325+0000] {logging_mixin.py:149} INFO - [2026-09-20T22:44:02.325+0000] {dagbag.py:541} INFO - Filling up the DagBag from /opt/airflow/dags/1_first_dag.py
[2026-09-20T22:44:02.349+0000] {processor.py:809} INFO - DAG(s) dict_keys(['1-miprimerdag']) retrieved from /opt/airflow/dags/1_first_dag.py
[2026-09-20T22:44:02.417+0000] {logging_mixin.py:149} INFO - [2026-09-20T22:44:02.416+0000] {dag.py:2726} INFO - Sync 1 DAGs
[2026-09-20T22:44:02.473+0000] {logging_mixin.py:149} INFO - [2026-09-20T22:44:02.472+0000] {dag.py:3490} INFO - Setting next_dagrun for 1-miprimerdag to None, run_after=None
[2026-09-20T22:44:02.526+0000] {processor.py:178} INFO - Processing /opt/airflow/dags/1_first_dag.py took 0.222 seconds
[2026-09-20T22:44:33.198+0000] {processor.py:156} INFO - Started process (PID=1745) to work on /opt/airflow/dags/1_first_dag.py
[2026-09-20T22:44:33.200+0000] {processor.py:799} INFO - Processing file /opt/airflow/dags/1_first_dag.py for tasks to queue
[2026-09-20T22:44:33.201+0000] {logging_mixin.py:149} INFO - [2026-09-20T22:44:33.201+0000] {dagbag.py:541} INFO - Filling up the DagBag from /opt/airflow/dags/1_first_dag.py
[2026-09-20T22:44:33.216+0000] {processor.py:809} INFO - DAG(s) dict_keys(['1-miprimerdag']) retrieved from /opt/airflow/dags/1_first_dag.py
[2026-09-20T22:44:33.271+0000] {logging_mixin.py:149} INFO - [2026-09-20T22:44:33.271+0000] {dag.py:2726} INFO - Sync 1 DAGs
[2026-09-20T22:44:33.312+0000] {logging_mixin.py:149} INFO - [2026-09-20T22:44:33.311+0000] {dag.py:3490} INFO - Setting next_dagrun for 1-miprimerdag to None, run_after=None
[2026-09-20T22:44:33.353+0000] {processor.py:178} INFO - Processing /opt/airflow/dags/1_first_dag.py took 0.161 seconds
[2026-09-20T22:45:04.004+0000] {processor.py:156} INFO - Started process (PID=1754) to work on /opt/airflow/dags/1_first_dag.py
[2026-09-20T22:45:04.009+0000] {processor.py:799} INFO - Processing file /opt/airflow/dags/1_first_dag.py for tasks to queue
[2026-09-20T22:45:04.010+0000] {logging_mixin.py:149} INFO - [2026-09-20T22:45:04.009+0000] {dagbag.py:541} INFO - Filling up the DagBag from /opt/airflow/dags/1_first_dag.py
[2026-09-20T22:45:04.023+0000] {processor.py:809} INFO - DAG(s) dict_keys(['1-miprimerdag']) retrieved from /opt/airflow/dags/1_first_dag.py
[2026-09-20T22:45:04.064+0000] {logging_mixin.py:149} INFO - [2026-09-20T22:45:04.064+0000] {dag.py:2726} INFO - Sync 1 DAGs
[2026-09-20T22:45:04.129+0000] {logging_mixin.py:149} INFO - [2026-09-20T22:45:04.129+0000] {dag.py:3490} INFO - Setting next_dagrun for 1-miprimerdag to None, run_after=None
[2026-09-20T22:45:04.153+0000] {processor.py:178} INFO - Processing /opt/airflow/dags/1_first_dag.py took 0.155 seconds
[2026-09-20T22:45:34.744+0000] {processor.py:156} INFO - Started process (PID=1763) to work on /opt/airflow/dags/1_first_dag.py
[2026-09-20T22:45:34.746+0000] {processor.py:799} INFO - Processing file /opt/airflow/dags/1_first_dag.py for tasks to queue
[2026-09-20T22:45:34.747+0000] {logging_mixin.py:149} INFO - [2026-09-20T22:45:34.747+0000] {dagbag.py:541} INFO - Filling up the DagBag from /opt/airflow/dags/1_first_dag.py
[2026-09-20T22:45:34.762+0000] {processor.py:809} INFO - DAG(s) dict_keys(['1-miprimerdag']) retrieved from /opt/airflow/dags/1_first_dag.py
[2026-09-20T22:45:34.820+0000] {logging_mixin.py:149} INFO - [2026-09-20T22:45:34.820+0000] {dag.py:2726} INFO - Sync 1 DAGs
[2026-09-20T22:45:34.867+0000] {logging_mixin.py:149} INFO - [2026-09-20T22:45:34.867+0000] {dag.py:3490} INFO - Setting next_dagrun for 1-miprimerdag to None, run_after=None
[2026-09-20T22:45:34.900+0000] {processor.py:178} INFO - Processing /opt/airflow/dags/1_first_dag.py took 0.163 seconds
[2026-09-20T22:46:05.583+0000] {processor.py:156} INFO - Started process (PID=1772) to work on /opt/airflow/dags/1_first_dag.py
[2026-09-20T22:46:05.585+0000] {processor.py:799} INFO - Processing file /opt/airflow/dags/1_first_dag.py for tasks to queue
[2026-09-20T22:46:05.586+0000] {logging_mixin.py:149} INFO - [2026-09-20T22:46:05.586+0000] {dagbag.py:541} INFO - Filling up the DagBag from /opt/airflow/dags/1_first_dag.py
[2026-09-20T22:46:05.600+0000] {processor.py:809} INFO - DAG(s) dict_keys(['1-miprimerdag']) retrieved from /opt/airflow/dags/1_first_dag.py
[2026-09-20T22:46:05.651+0000] {logging_mixin.py:149} INFO - [2026-09-20T22:46:05.651+0000] {dag.py:2726} INFO - Sync 1 DAGs
[2026-09-20T22:46:05.687+0000] {logging_mixin.py:149} INFO - [2026-09-20T22:46:05.687+0000] {dag.py:3490} INFO - Setting next_dagrun for 1-miprimerdag to None, run_after=None
[2026-09-20T22:46:05.714+0000] {processor.py:178} INFO - Processing /opt/airflow/dags/1_first_dag.py took 0.138 seconds
[2026-09-20T22:46:36.415+0000] {processor.py:156} INFO - Started process (PID=1781) to work on /opt/airflow/dags/1_first_dag.py
[2026-09-20T22:46:36.419+0000] {processor.py:799} INFO - Processing file /opt/airflow/dags/1_first_dag.py for tasks to queue
[2026-09-20T22:46:36.421+0000] {logging_mixin.py:149} INFO - [2026-09-20T22:46:36.421+0000] {dagbag.py:541} INFO - Filling up the DagBag from /opt/airflow/dags/1_first_dag.py
[2026-09-20T22:46:36.437+0000] {processor.py:809} INFO - DAG(s) dict_keys(['1-miprimerdag']) retrieved from /opt/airflow/dags/1_first_dag.py
[2026-09-20T22:46:36.486+0000] {logging_mixin.py:149} INFO - [2026-09-20T22:46:36.486+0000] {dag.py:2726} INFO - Sync 1 DAGs
[2026-09-20T22:46:36.527+0000] {logging_mixin.py:149} INFO - [2026-09-20T22:46:36.526+0000] {dag.py:3490} INFO - Setting next_dagrun for 1-miprimerdag to None, run_after=None
[2026-09-20T22:46:36.561+0000] {processor.py:178} INFO - Processing /opt/airflow/dags/1_first_dag.py took 0.152 seconds
[2026-09-20T22:47:07.337+0000] {processor.py:156} INFO - Started process (PID=1790) to work on /opt/airflow/dags/1_first_dag.py
[2026-09-20T22:47:07.339+0000] {processor.py:799} INFO - Processing file /opt/airflow/dags/1_first_dag.py for tasks to queue
[2026-09-20T22:47:07.340+0000] {logging_mixin.py:149} INFO - [2026-09-20T22:47:07.340+0000] {dagbag.py:541} INFO - Filling up the DagBag from /opt/airflow/dags/1_first_dag.py
[2026-09-20T22:47:07.355+0000] {processor.py:809} INFO - DAG(s) dict_keys(['1-miprimerdag']) retrieved from /opt/airflow/dags/1_first_dag.py
[2026-09-20T22:47:07.405+0000] {logging_mixin.py:149} INFO - [2026-09-20T22:47:07.405+0000] {dag.py:2726} INFO - Sync 1 DAGs
[2026-09-20T22:47:07.445+0000] {logging_mixin.py:149} INFO - [2026-09-20T22:47:07.445+0000] {dag.py:3490} INFO - Setting next_dagrun for 1-miprimerdag to None, run_after=None
[2026-09-20T22:47:07.474+0000] {processor.py:178} INFO - Processing /opt/airflow/dags/1_first_dag.py took 0.145 seconds
[2026-09-20T22:47:38.232+0000] {processor.py:156} INFO - Started process (PID=1799) to work on /opt/airflow/dags/1_first_dag.py
[2026-09-20T22:47:38.236+0000] {processor.py:799} INFO - Processing file /opt/airflow/dags/1_first_dag.py for tasks to queue
[2026-09-20T22:47:38.237+0000] {logging_mixin.py:149} INFO - [2026-09-20T22:47:38.237+0000] {dagbag.py:541} INFO - Filling up the DagBag from /opt/airflow/dags/1_first_dag.py
[2026-09-20T22:47:38.253+0000] {processor.py:809} INFO - DAG(s) dict_keys(['1-miprimerdag']) retrieved from /opt/airflow/dags/1_first_dag.py
[2026-09-20T22:47:38.309+0000] {logging_mixin.py:149} INFO - [2026-09-20T22:47:38.308+0000] {dag.py:2726} INFO - Sync 1 DAGs
[2026-09-20T22:47:38.351+0000] {logging_mixin.py:149} INFO - [2026-09-20T22:47:38.351+0000] {dag.py:3490} INFO - Setting next_dagrun for 1-miprimerdag to None, run_after=None
[2026-09-20T22:47:38.397+0000] {processor.py:178} INFO - Processing /opt/airflow/dags/1_first_dag.py took 0.170 seconds
[2026-09-20T22:48:09.214+0000] {processor.py:156} INFO - Started process (PID=1808) to work on /opt/airflow/dags/1_first_dag.py
[2026-09-20T22:48:09.216+0000] {processor.py:799} INFO - Processing file /opt/airflow/dags/1_first_dag.py for tasks to queue
[2026-09-20T22:48:09.217+0000] {logging_mixin.py:149} INFO - [2026-09-20T22:48:09.217+0000] {dagbag.py:541} INFO - Filling up the DagBag from /opt/airflow/dags/1_first_dag.py
[2026-09-20T22:48:09.245+0000] {processor.py:809} INFO - DAG(s) dict_keys(['1-miprimerdag']) retrieved from /opt/airflow/dags/1_first_dag.py
[2026-09-20T22:48:09.292+0000] {logging_mixin.py:149} INFO - [2026-09-20T22:48:09.291+0000] {dag.py:2726} INFO - Sync 1 DAGs
[2026-09-20T22:48:09.360+0000] {logging_mixin.py:149} INFO - [2026-09-20T22:48:09.359+0000] {dag.py:3490} INFO - Setting next_dagrun for 1-miprimerdag to None, run_after=None
[2026-09-20T22:48:09.386+0000] {processor.py:178} INFO - Processing /opt/airflow/dags/1_first_dag.py took 0.180 seconds
[2026-09-20T22:48:39.586+0000] {processor.py:156} INFO - Started process (PID=1818) to work on /opt/airflow/dags/1_first_dag.py
[2026-09-20T22:48:39.588+0000] {processor.py:799} INFO - Processing file /opt/airflow/dags/1_first_dag.py for tasks to queue
[2026-09-20T22:48:39.589+0000] {logging_mixin.py:149} INFO - [2026-09-20T22:48:39.589+0000] {dagbag.py:541} INFO - Filling up the DagBag from /opt/airflow/dags/1_first_dag.py
[2026-09-20T22:48:39.604+0000] {processor.py:809} INFO - DAG(s) dict_keys(['1-miprimerdag']) retrieved from /opt/airflow/dags/1_first_dag.py
[2026-09-20T22:48:39.657+0000] {logging_mixin.py:149} INFO - [2026-09-20T22:48:39.657+0000] {dag.py:2726} INFO - Sync 1 DAGs
[2026-09-20T22:48:39.697+0000] {logging_mixin.py:149} INFO - [2026-09-20T22:48:39.697+0000] {dag.py:3490} INFO - Setting next_dagrun for 1-miprimerdag to None, run_after=None
[2026-09-20T22:48:39.727+0000] {processor.py:178} INFO - Processing /opt/airflow/dags/1_first_dag.py took 0.147 seconds
[2026-09-20T22:49:10.683+0000] {processor.py:156} INFO - Started process (PID=1831) to work on /opt/airflow/dags/1_first_dag.py
[2026-09-20T22:49:10.687+0000] {processor.py:799} INFO - Processing file /opt/airflow/dags/1_first_dag.py for tasks to queue
[2026-09-20T22:49:10.690+0000] {logging_mixin.py:149} INFO - [2026-09-20T22:49:10.689+0000] {dagbag.py:541} INFO - Filling up the DagBag from /opt/airflow/dags/1_first_dag.py
[2026-09-20T22:49:10.706+0000] {processor.py:809} INFO - DAG(s) dict_keys(['1-miprimerdag']) retrieved from /opt/airflow/dags/1_first_dag.py
[2026-09-20T22:49:10.776+0000] {logging_mixin.py:149} INFO - [2026-09-20T22:49:10.776+0000] {dag.py:2726} INFO - Sync 1 DAGs
[2026-09-20T22:49:10.833+0000] {logging_mixin.py:149} INFO - [2026-09-20T22:49:10.833+0000] {dag.py:3490} INFO - Setting next_dagrun for 1-miprimerdag to None, run_after=None
[2026-09-20T22:49:10.907+0000] {processor.py:178} INFO - Processing /opt/airflow/dags/1_first_dag.py took 0.230 seconds
[2026-09-20T22:49:41.192+0000] {processor.py:156} INFO - Started process (PID=1841) to work on /opt/airflow/dags/1_first_dag.py
[2026-09-20T22:49:41.202+0000] {processor.py:799} INFO - Processing file /opt/airflow/dags/1_first_dag.py for tasks to queue
[2026-09-20T22:49:41.203+0000] {logging_mixin.py:149} INFO - [2026-09-20T22:49:41.203+0000] {dagbag.py:541} INFO - Filling up the DagBag from /opt/airflow/dags/1_first_dag.py
[2026-09-20T22:49:41.220+0000] {processor.py:809} INFO - DAG(s) dict_keys(['1-miprimerdag']) retrieved from /opt/airflow/dags/1_first_dag.py
[2026-09-20T22:49:41.270+0000] {logging_mixin.py:149} INFO - [2026-09-20T22:49:41.270+0000] {dag.py:2726} INFO - Sync 1 DAGs
[2026-09-20T22:49:41.306+0000] {logging_mixin.py:149} INFO - [2026-09-20T22:49:41.306+0000] {dag.py:3490} INFO - Setting next_dagrun for 1-miprimerdag to None, run_after=None
[2026-09-20T22:49:41.337+0000] {processor.py:178} INFO - Processing /opt/airflow/dags/1_first_dag.py took 0.151 seconds
[2026-09-20T22:50:12.130+0000] {processor.py:156} INFO - Started process (PID=1851) to work on /opt/airflow/dags/1_first_dag.py
[2026-09-20T22:50:12.133+0000] {processor.py:799} INFO - Processing file /opt/airflow/dags/1_first_dag.py for tasks to queue
[2026-09-20T22:50:12.134+0000] {logging_mixin.py:149} INFO - [2026-09-20T22:50:12.134+0000] {dagbag.py:541} INFO - Filling up the DagBag from /opt/airflow/dags/1_first_dag.py
[2026-09-20T22:50:12.151+0000] {processor.py:809} INFO - DAG(s) dict_keys(['1-miprimerdag']) retrieved from /opt/airflow/dags/1_first_dag.py
[2026-09-20T22:50:12.197+0000] {logging_mixin.py:149} INFO - [2026-09-20T22:50:12.197+0000] {dag.py:2726} INFO - Sync 1 DAGs
[2026-09-20T22:50:12.235+0000] {logging_mixin.py:149} INFO - [2026-09-20T22:50:12.234+0000] {dag.py:3490} INFO - Setting next_dagrun for 1-miprimerdag to None, run_after=None
[2026-09-20T22:50:12.264+0000] {processor.py:178} INFO - Processing /opt/airflow/dags/1_first_dag.py took 0.139 seconds
[2026-09-20T22:50:43.119+0000] {processor.py:156} INFO - Started process (PID=1864) to work on /opt/airflow/dags/1_first_dag.py
[2026-09-20T22:50:43.123+0000] {processor.py:799} INFO - Processing file /opt/airflow/dags/1_first_dag.py for tasks to queue
[2026-09-20T22:50:43.124+0000] {logging_mixin.py:149} INFO - [2026-09-20T22:50:43.124+0000] {dagbag.py:541} INFO - Filling up the DagBag from /opt/airflow/dags/1_first_dag.py
[2026-09-20T22:50:43.145+0000] {processor.py:809} INFO - DAG(s) dict_keys(['1-miprimerdag']) retrieved from /opt/airflow/dags/1_first_dag.py
[2026-09-20T22:50:43.212+0000] {logging_mixin.py:149} INFO - [2026-09-20T22:50:43.211+0000] {dag.py:2726} INFO - Sync 1 DAGs
[2026-09-20T22:50:43.255+0000] {logging_mixin.py:149} INFO - [2026-09-20T22:50:43.254+0000] {dag.py:3490} INFO - Setting next_dagrun for 1-miprimerdag to None, run_after=None
[2026-09-20T22:50:43.284+0000] {processor.py:178} INFO - Processing /opt/airflow/dags/1_first_dag.py took 0.174 seconds
[2026-09-20T22:51:14.166+0000] {processor.py:156} INFO - Started process (PID=1874) to work on /opt/airflow/dags/1_first_dag.py
[2026-09-20T22:51:14.169+0000] {processor.py:799} INFO - Processing file /opt/airflow/dags/1_first_dag.py for tasks to queue
[2026-09-20T22:51:14.170+0000] {logging_mixin.py:149} INFO - [2026-09-20T22:51:14.170+0000] {dagbag.py:541} INFO - Filling up the DagBag from /opt/airflow/dags/1_first_dag.py
[2026-09-20T22:51:14.190+0000] {processor.py:809} INFO - DAG(s) dict_keys(['1-miprimerdag']) retrieved from /opt/airflow/dags/1_first_dag.py
[2026-09-20T22:51:14.279+0000] {logging_mixin.py:149} INFO - [2026-09-20T22:51:14.278+0000] {dag.py:2726} INFO - Sync 1 DAGs
[2026-09-20T22:51:14.345+0000] {logging_mixin.py:149} INFO - [2026-09-20T22:51:14.345+0000] {dag.py:3490} INFO - Setting next_dagrun for 1-miprimerdag to None, run_after=None
[2026-09-20T22:51:14.409+0000] {processor.py:178} INFO - Processing /opt/airflow/dags/1_first_dag.py took 0.250 seconds
[2026-09-20T22:51:45.056+0000] {processor.py:156} INFO - Started process (PID=1884) to work on /opt/airflow/dags/1_first_dag.py
[2026-09-20T22:51:45.059+0000] {processor.py:799} INFO - Processing file /opt/airflow/dags/1_first_dag.py for tasks to queue
[2026-09-20T22:51:45.060+0000] {logging_mixin.py:149} INFO - [2026-09-20T22:51:45.059+0000] {dagbag.py:541} INFO - Filling up the DagBag from /opt/airflow/dags/1_first_dag.py
[2026-09-20T22:51:45.076+0000] {processor.py:809} INFO - DAG(s) dict_keys(['1-miprimerdag']) retrieved from /opt/airflow/dags/1_first_dag.py
[2026-09-20T22:51:45.128+0000] {logging_mixin.py:149} INFO - [2026-09-20T22:51:45.128+0000] {dag.py:2726} INFO - Sync 1 DAGs
[2026-09-20T22:51:45.175+0000] {logging_mixin.py:149} INFO - [2026-09-20T22:51:45.175+0000] {dag.py:3490} INFO - Setting next_dagrun for 1-miprimerdag to None, run_after=None
[2026-09-20T22:51:45.211+0000] {processor.py:178} INFO - Processing /opt/airflow/dags/1_first_dag.py took 0.161 seconds
[2026-09-20T22:52:16.140+0000] {processor.py:156} INFO - Started process (PID=1898) to work on /opt/airflow/dags/1_first_dag.py
[2026-09-20T22:52:16.147+0000] {processor.py:799} INFO - Processing file /opt/airflow/dags/1_first_dag.py for tasks to queue
[2026-09-20T22:52:16.148+0000] {logging_mixin.py:149} INFO - [2026-09-20T22:52:16.148+0000] {dagbag.py:541} INFO - Filling up the DagBag from /opt/airflow/dags/1_first_dag.py
[2026-09-20T22:52:16.172+0000] {processor.py:809} INFO - DAG(s) dict_keys(['1-miprimerdag']) retrieved from /opt/airflow/dags/1_first_dag.py
[2026-09-20T22:52:16.229+0000] {logging_mixin.py:149} INFO - [2026-09-20T22:52:16.229+0000] {dag.py:2726} INFO - Sync 1 DAGs
[2026-09-20T22:52:16.282+0000] {logging_mixin.py:149} INFO - [2026-09-20T22:52:16.282+0000] {dag.py:3490} INFO - Setting next_dagrun for 1-miprimerdag to None, run_after=None
[2026-09-20T22:52:16.325+0000] {processor.py:178} INFO - Processing /opt/airflow/dags/1_first_dag.py took 0.208 seconds
[2026-09-20T22:52:46.480+0000] {processor.py:156} INFO - Started process (PID=1908) to work on /opt/airflow/dags/1_first_dag.py
[2026-09-20T22:52:46.483+0000] {processor.py:799} INFO - Processing file /opt/airflow/dags/1_first_dag.py for tasks to queue
[2026-09-20T22:52:46.486+0000] {logging_mixin.py:149} INFO - [2026-09-20T22:52:46.486+0000] {dagbag.py:541} INFO - Filling up the DagBag from /opt/airflow/dags/1_first_dag.py
[2026-09-20T22:52:46.515+0000] {processor.py:809} INFO - DAG(s) dict_keys(['1-miprimerdag']) retrieved from /opt/airflow/dags/1_first_dag.py
[2026-09-20T22:52:46.590+0000] {logging_mixin.py:149} INFO - [2026-09-20T22:52:46.590+0000] {dag.py:2726} INFO - Sync 1 DAGs
[2026-09-20T22:52:46.633+0000] {logging_mixin.py:149} INFO - [2026-09-20T22:52:46.632+0000] {dag.py:3490} INFO - Setting next_dagrun for 1-miprimerdag to None, run_after=None
[2026-09-20T22:52:46.698+0000] {processor.py:178} INFO - Processing /opt/airflow/dags/1_first_dag.py took 0.238 seconds
[2026-09-20T22:53:17.523+0000] {processor.py:156} INFO - Started process (PID=1918) to work on /opt/airflow/dags/1_first_dag.py
[2026-09-20T22:53:17.526+0000] {processor.py:799} INFO - Processing file /opt/airflow/dags/1_first_dag.py for tasks to queue
[2026-09-20T22:53:17.527+0000] {logging_mixin.py:149} INFO - [2026-09-20T22:53:17.527+0000] {dagbag.py:541} INFO - Filling up the DagBag from /opt/airflow/dags/1_first_dag.py
[2026-09-20T22:53:17.551+0000] {processor.py:809} INFO - DAG(s) dict_keys(['1-miprimerdag']) retrieved from /opt/airflow/dags/1_first_dag.py
[2026-09-20T22:53:17.601+0000] {logging_mixin.py:149} INFO - [2026-09-20T22:53:17.601+0000] {dag.py:2726} INFO - Sync 1 DAGs
[2026-09-20T22:53:17.643+0000] {logging_mixin.py:149} INFO - [2026-09-20T22:53:17.642+0000] {dag.py:3490} INFO - Setting next_dagrun for 1-miprimerdag to None, run_after=None
[2026-09-20T22:53:17.690+0000] {processor.py:178} INFO - Processing /opt/airflow/dags/1_first_dag.py took 0.176 seconds
[2026-09-20T22:53:48.491+0000] {processor.py:156} INFO - Started process (PID=1928) to work on /opt/airflow/dags/1_first_dag.py
[2026-09-20T22:53:48.495+0000] {processor.py:799} INFO - Processing file /opt/airflow/dags/1_first_dag.py for tasks to queue
[2026-09-20T22:53:48.496+0000] {logging_mixin.py:149} INFO - [2026-09-20T22:53:48.496+0000] {dagbag.py:541} INFO - Filling up the DagBag from /opt/airflow/dags/1_first_dag.py
[2026-09-20T22:53:48.525+0000] {processor.py:809} INFO - DAG(s) dict_keys(['1-miprimerdag']) retrieved from /opt/airflow/dags/1_first_dag.py
[2026-09-20T22:53:48.601+0000] {logging_mixin.py:149} INFO - [2026-09-20T22:53:48.601+0000] {dag.py:2726} INFO - Sync 1 DAGs
[2026-09-20T22:53:48.663+0000] {logging_mixin.py:149} INFO - [2026-09-20T22:53:48.663+0000] {dag.py:3490} INFO - Setting next_dagrun for 1-miprimerdag to None, run_after=None
[2026-09-20T22:53:48.701+0000] {processor.py:178} INFO - Processing /opt/airflow/dags/1_first_dag.py took 0.219 seconds
[2026-09-20T22:54:19.386+0000] {processor.py:156} INFO - Started process (PID=1938) to work on /opt/airflow/dags/1_first_dag.py
[2026-09-20T22:54:19.388+0000] {processor.py:799} INFO - Processing file /opt/airflow/dags/1_first_dag.py for tasks to queue
[2026-09-20T22:54:19.389+0000] {logging_mixin.py:149} INFO - [2026-09-20T22:54:19.389+0000] {dagbag.py:541} INFO - Filling up the DagBag from /opt/airflow/dags/1_first_dag.py
[2026-09-20T22:54:19.409+0000] {processor.py:809} INFO - DAG(s) dict_keys(['1-miprimerdag']) retrieved from /opt/airflow/dags/1_first_dag.py
[2026-09-20T22:54:19.462+0000] {logging_mixin.py:149} INFO - [2026-09-20T22:54:19.462+0000] {dag.py:2726} INFO - Sync 1 DAGs
[2026-09-20T22:54:19.516+0000] {logging_mixin.py:149} INFO - [2026-09-20T22:54:19.516+0000] {dag.py:3490} INFO - Setting next_dagrun for 1-miprimerdag to None, run_after=None
[2026-09-20T22:54:19.550+0000] {processor.py:178} INFO - Processing /opt/airflow/dags/1_first_dag.py took 0.173 seconds
[2026-09-20T22:54:50.457+0000] {processor.py:156} INFO - Started process (PID=1948) to work on /opt/airflow/dags/1_first_dag.py
[2026-09-20T22:54:50.461+0000] {processor.py:799} INFO - Processing file /opt/airflow/dags/1_first_dag.py for tasks to queue
[2026-09-20T22:54:50.462+0000] {logging_mixin.py:149} INFO - [2026-09-20T22:54:50.462+0000] {dagbag.py:541} INFO - Filling up the DagBag from /opt/airflow/dags/1_first_dag.py
[2026-09-20T22:54:50.479+0000] {processor.py:809} INFO - DAG(s) dict_keys(['1-miprimerdag']) retrieved from /opt/airflow/dags/1_first_dag.py
[2026-09-20T22:54:50.544+0000] {logging_mixin.py:149} INFO - [2026-09-20T22:54:50.544+0000] {dag.py:2726} INFO - Sync 1 DAGs
[2026-09-20T22:54:50.598+0000] {logging_mixin.py:149} INFO - [2026-09-20T22:54:50.598+0000] {dag.py:3490} INFO - Setting next_dagrun for 1-miprimerdag to None, run_after=None
[2026-09-20T22:54:50.649+0000] {processor.py:178} INFO - Processing /opt/airflow/dags/1_first_dag.py took 0.198 seconds
[2026-09-20T22:55:20.786+0000] {processor.py:156} INFO - Started process (PID=1958) to work on /opt/airflow/dags/1_first_dag.py
[2026-09-20T22:55:20.789+0000] {processor.py:799} INFO - Processing file /opt/airflow/dags/1_first_dag.py for tasks to queue
[2026-09-20T22:55:20.791+0000] {logging_mixin.py:149} INFO - [2026-09-20T22:55:20.790+0000] {dagbag.py:541} INFO - Filling up the DagBag from /opt/airflow/dags/1_first_dag.py
[2026-09-20T22:55:20.806+0000] {processor.py:809} INFO - DAG(s) dict_keys(['1-miprimerdag']) retrieved from /opt/airflow/dags/1_first_dag.py
[2026-09-20T22:55:20.864+0000] {logging_mixin.py:149} INFO - [2026-09-20T22:55:20.863+0000] {dag.py:2726} INFO - Sync 1 DAGs
[2026-09-20T22:55:20.899+0000] {logging_mixin.py:149} INFO - [2026-09-20T22:55:20.899+0000] {dag.py:3490} INFO - Setting next_dagrun for 1-miprimerdag to None, run_after=None
[2026-09-20T22:55:20.926+0000] {processor.py:178} INFO - Processing /opt/airflow/dags/1_first_dag.py took 0.147 seconds
[2026-09-20T22:55:51.795+0000] {processor.py:156} INFO - Started process (PID=1968) to work on /opt/airflow/dags/1_first_dag.py
[2026-09-20T22:55:51.801+0000] {processor.py:799} INFO - Processing file /opt/airflow/dags/1_first_dag.py for tasks to queue
[2026-09-20T22:55:51.802+0000] {logging_mixin.py:149} INFO - [2026-09-20T22:55:51.802+0000] {dagbag.py:541} INFO - Filling up the DagBag from /opt/airflow/dags/1_first_dag.py
[2026-09-20T22:55:51.852+0000] {processor.py:809} INFO - DAG(s) dict_keys(['1-miprimerdag']) retrieved from /opt/airflow/dags/1_first_dag.py
[2026-09-20T22:55:51.939+0000] {logging_mixin.py:149} INFO - [2026-09-20T22:55:51.937+0000] {dag.py:2726} INFO - Sync 1 DAGs
[2026-09-20T22:55:52.007+0000] {logging_mixin.py:149} INFO - [2026-09-20T22:55:52.007+0000] {dag.py:3490} INFO - Setting next_dagrun for 1-miprimerdag to None, run_after=None
[2026-09-20T22:55:52.033+0000] {processor.py:178} INFO - Processing /opt/airflow/dags/1_first_dag.py took 0.246 seconds
[2026-09-20T22:56:22.930+0000] {processor.py:156} INFO - Started process (PID=1978) to work on /opt/airflow/dags/1_first_dag.py
[2026-09-20T22:56:22.932+0000] {processor.py:799} INFO - Processing file /opt/airflow/dags/1_first_dag.py for tasks to queue
[2026-09-20T22:56:22.933+0000] {logging_mixin.py:149} INFO - [2026-09-20T22:56:22.933+0000] {dagbag.py:541} INFO - Filling up the DagBag from /opt/airflow/dags/1_first_dag.py
[2026-09-20T22:56:22.948+0000] {processor.py:809} INFO - DAG(s) dict_keys(['1-miprimerdag']) retrieved from /opt/airflow/dags/1_first_dag.py
[2026-09-20T22:56:23.022+0000] {logging_mixin.py:149} INFO - [2026-09-20T22:56:23.022+0000] {dag.py:2726} INFO - Sync 1 DAGs
[2026-09-20T22:56:23.078+0000] {logging_mixin.py:149} INFO - [2026-09-20T22:56:23.075+0000] {dag.py:3490} INFO - Setting next_dagrun for 1-miprimerdag to None, run_after=None
[2026-09-20T22:56:23.142+0000] {processor.py:178} INFO - Processing /opt/airflow/dags/1_first_dag.py took 0.218 seconds
[2026-09-20T22:56:53.210+0000] {processor.py:156} INFO - Started process (PID=1988) to work on /opt/airflow/dags/1_first_dag.py
[2026-09-20T22:56:53.213+0000] {processor.py:799} INFO - Processing file /opt/airflow/dags/1_first_dag.py for tasks to queue
[2026-09-20T22:56:53.214+0000] {logging_mixin.py:149} INFO - [2026-09-20T22:56:53.214+0000] {dagbag.py:541} INFO - Filling up the DagBag from /opt/airflow/dags/1_first_dag.py
[2026-09-20T22:56:53.231+0000] {processor.py:809} INFO - DAG(s) dict_keys(['1-miprimerdag']) retrieved from /opt/airflow/dags/1_first_dag.py
[2026-09-20T22:56:53.282+0000] {logging_mixin.py:149} INFO - [2026-09-20T22:56:53.281+0000] {dag.py:2726} INFO - Sync 1 DAGs
[2026-09-20T22:56:53.332+0000] {logging_mixin.py:149} INFO - [2026-09-20T22:56:53.332+0000] {dag.py:3490} INFO - Setting next_dagrun for 1-miprimerdag to None, run_after=None
[2026-09-20T22:56:53.374+0000] {processor.py:178} INFO - Processing /opt/airflow/dags/1_first_dag.py took 0.170 seconds
[2026-09-20T22:57:24.172+0000] {processor.py:156} INFO - Started process (PID=1998) to work on /opt/airflow/dags/1_first_dag.py
[2026-09-20T22:57:24.174+0000] {processor.py:799} INFO - Processing file /opt/airflow/dags/1_first_dag.py for tasks to queue
[2026-09-20T22:57:24.176+0000] {logging_mixin.py:149} INFO - [2026-09-20T22:57:24.176+0000] {dagbag.py:541} INFO - Filling up the DagBag from /opt/airflow/dags/1_first_dag.py
[2026-09-20T22:57:24.197+0000] {processor.py:809} INFO - DAG(s) dict_keys(['1-miprimerdag']) retrieved from /opt/airflow/dags/1_first_dag.py
[2026-09-20T22:57:24.284+0000] {logging_mixin.py:149} INFO - [2026-09-20T22:57:24.283+0000] {dag.py:2726} INFO - Sync 1 DAGs
[2026-09-20T22:57:24.330+0000] {logging_mixin.py:149} INFO - [2026-09-20T22:57:24.330+0000] {dag.py:3490} INFO - Setting next_dagrun for 1-miprimerdag to None, run_after=None
[2026-09-20T22:57:24.357+0000] {processor.py:178} INFO - Processing /opt/airflow/dags/1_first_dag.py took 0.191 seconds
[2026-09-20T22:57:55.181+0000] {processor.py:156} INFO - Started process (PID=2008) to work on /opt/airflow/dags/1_first_dag.py
[2026-09-20T22:57:55.194+0000] {processor.py:799} INFO - Processing file /opt/airflow/dags/1_first_dag.py for tasks to queue
[2026-09-20T22:57:55.195+0000] {logging_mixin.py:149} INFO - [2026-09-20T22:57:55.195+0000] {dagbag.py:541} INFO - Filling up the DagBag from /opt/airflow/dags/1_first_dag.py
[2026-09-20T22:57:55.218+0000] {processor.py:809} INFO - DAG(s) dict_keys(['1-miprimerdag']) retrieved from /opt/airflow/dags/1_first_dag.py
[2026-09-20T22:57:55.298+0000] {logging_mixin.py:149} INFO - [2026-09-20T22:57:55.298+0000] {dag.py:2726} INFO - Sync 1 DAGs
[2026-09-20T22:57:55.364+0000] {logging_mixin.py:149} INFO - [2026-09-20T22:57:55.364+0000] {dag.py:3490} INFO - Setting next_dagrun for 1-miprimerdag to None, run_after=None
[2026-09-20T22:57:55.391+0000] {processor.py:178} INFO - Processing /opt/airflow/dags/1_first_dag.py took 0.215 seconds
[2026-09-20T22:58:25.569+0000] {processor.py:156} INFO - Started process (PID=2019) to work on /opt/airflow/dags/1_first_dag.py
[2026-09-20T22:58:25.571+0000] {processor.py:799} INFO - Processing file /opt/airflow/dags/1_first_dag.py for tasks to queue
[2026-09-20T22:58:25.572+0000] {logging_mixin.py:149} INFO - [2026-09-20T22:58:25.572+0000] {dagbag.py:541} INFO - Filling up the DagBag from /opt/airflow/dags/1_first_dag.py
[2026-09-20T22:58:25.587+0000] {processor.py:809} INFO - DAG(s) dict_keys(['1-miprimerdag']) retrieved from /opt/airflow/dags/1_first_dag.py
[2026-09-20T22:58:25.631+0000] {logging_mixin.py:149} INFO - [2026-09-20T22:58:25.630+0000] {dag.py:2726} INFO - Sync 1 DAGs
[2026-09-20T22:58:25.667+0000] {logging_mixin.py:149} INFO - [2026-09-20T22:58:25.667+0000] {dag.py:3490} INFO - Setting next_dagrun for 1-miprimerdag to None, run_after=None
[2026-09-20T22:58:25.694+0000] {processor.py:178} INFO - Processing /opt/airflow/dags/1_first_dag.py took 0.133 seconds
[2026-09-20T22:58:55.809+0000] {processor.py:156} INFO - Started process (PID=2029) to work on /opt/airflow/dags/1_first_dag.py
[2026-09-20T22:58:55.812+0000] {processor.py:799} INFO - Processing file /opt/airflow/dags/1_first_dag.py for tasks to queue
[2026-09-20T22:58:55.813+0000] {logging_mixin.py:149} INFO - [2026-09-20T22:58:55.813+0000] {dagbag.py:541} INFO - Filling up the DagBag from /opt/airflow/dags/1_first_dag.py
[2026-09-20T22:58:55.830+0000] {processor.py:809} INFO - DAG(s) dict_keys(['1-miprimerdag']) retrieved from /opt/airflow/dags/1_first_dag.py
[2026-09-20T22:58:55.882+0000] {logging_mixin.py:149} INFO - [2026-09-20T22:58:55.882+0000] {dag.py:2726} INFO - Sync 1 DAGs
[2026-09-20T22:58:55.920+0000] {logging_mixin.py:149} INFO - [2026-09-20T22:58:55.920+0000] {dag.py:3490} INFO - Setting next_dagrun for 1-miprimerdag to None, run_after=None
[2026-09-20T22:58:55.951+0000] {processor.py:178} INFO - Processing /opt/airflow/dags/1_first_dag.py took 0.147 seconds
[2026-09-20T22:59:26.186+0000] {processor.py:156} INFO - Started process (PID=2039) to work on /opt/airflow/dags/1_first_dag.py
[2026-09-20T22:59:26.190+0000] {processor.py:799} INFO - Processing file /opt/airflow/dags/1_first_dag.py for tasks to queue
[2026-09-20T22:59:26.191+0000] {logging_mixin.py:149} INFO - [2026-09-20T22:59:26.191+0000] {dagbag.py:541} INFO - Filling up the DagBag from /opt/airflow/dags/1_first_dag.py
[2026-09-20T22:59:26.208+0000] {processor.py:809} INFO - DAG(s) dict_keys(['1-miprimerdag']) retrieved from /opt/airflow/dags/1_first_dag.py
[2026-09-20T22:59:26.256+0000] {logging_mixin.py:149} INFO - [2026-09-20T22:59:26.256+0000] {dag.py:2726} INFO - Sync 1 DAGs
[2026-09-20T22:59:26.304+0000] {logging_mixin.py:149} INFO - [2026-09-20T22:59:26.304+0000] {dag.py:3490} INFO - Setting next_dagrun for 1-miprimerdag to None, run_after=None
[2026-09-20T22:59:26.342+0000] {processor.py:178} INFO - Processing /opt/airflow/dags/1_first_dag.py took 0.164 seconds
[2026-09-20T22:59:56.454+0000] {processor.py:156} INFO - Started process (PID=2049) to work on /opt/airflow/dags/1_first_dag.py
[2026-09-20T22:59:56.456+0000] {processor.py:799} INFO - Processing file /opt/airflow/dags/1_first_dag.py for tasks to queue
[2026-09-20T22:59:56.458+0000] {logging_mixin.py:149} INFO - [2026-09-20T22:59:56.457+0000] {dagbag.py:541} INFO - Filling up the DagBag from /opt/airflow/dags/1_first_dag.py
[2026-09-20T22:59:56.473+0000] {processor.py:809} INFO - DAG(s) dict_keys(['1-miprimerdag']) retrieved from /opt/airflow/dags/1_first_dag.py
[2026-09-20T22:59:56.524+0000] {logging_mixin.py:149} INFO - [2026-09-20T22:59:56.524+0000] {dag.py:2726} INFO - Sync 1 DAGs
[2026-09-20T22:59:56.563+0000] {logging_mixin.py:149} INFO - [2026-09-20T22:59:56.562+0000] {dag.py:3490} INFO - Setting next_dagrun for 1-miprimerdag to None, run_after=None
[2026-09-20T22:59:56.594+0000] {processor.py:178} INFO - Processing /opt/airflow/dags/1_first_dag.py took 0.145 seconds
[2026-09-20T23:00:26.742+0000] {processor.py:156} INFO - Started process (PID=2059) to work on /opt/airflow/dags/1_first_dag.py
[2026-09-20T23:00:26.745+0000] {processor.py:799} INFO - Processing file /opt/airflow/dags/1_first_dag.py for tasks to queue
[2026-09-20T23:00:26.746+0000] {logging_mixin.py:149} INFO - [2026-09-20T23:00:26.746+0000] {dagbag.py:541} INFO - Filling up the DagBag from /opt/airflow/dags/1_first_dag.py
[2026-09-20T23:00:26.765+0000] {processor.py:809} INFO - DAG(s) dict_keys(['1-miprimerdag']) retrieved from /opt/airflow/dags/1_first_dag.py
[2026-09-20T23:00:26.814+0000] {logging_mixin.py:149} INFO - [2026-09-20T23:00:26.814+0000] {dag.py:2726} INFO - Sync 1 DAGs
[2026-09-20T23:00:26.853+0000] {logging_mixin.py:149} INFO - [2026-09-20T23:00:26.853+0000] {dag.py:3490} INFO - Setting next_dagrun for 1-miprimerdag to None, run_after=None
[2026-09-20T23:00:26.875+0000] {processor.py:178} INFO - Processing /opt/airflow/dags/1_first_dag.py took 0.138 seconds
[2026-09-20T23:00:57.382+0000] {processor.py:156} INFO - Started process (PID=2068) to work on /opt/airflow/dags/1_first_dag.py
[2026-09-20T23:00:57.389+0000] {processor.py:799} INFO - Processing file /opt/airflow/dags/1_first_dag.py for tasks to queue
[2026-09-20T23:00:57.390+0000] {logging_mixin.py:149} INFO - [2026-09-20T23:00:57.390+0000] {dagbag.py:541} INFO - Filling up the DagBag from /opt/airflow/dags/1_first_dag.py
[2026-09-20T23:00:57.426+0000] {processor.py:809} INFO - DAG(s) dict_keys(['1-miprimerdag']) retrieved from /opt/airflow/dags/1_first_dag.py
[2026-09-20T23:00:57.509+0000] {logging_mixin.py:149} INFO - [2026-09-20T23:00:57.509+0000] {dag.py:2726} INFO - Sync 1 DAGs
[2026-09-20T23:00:57.592+0000] {logging_mixin.py:149} INFO - [2026-09-20T23:00:57.592+0000] {dag.py:3490} INFO - Setting next_dagrun for 1-miprimerdag to None, run_after=None
[2026-09-20T23:00:57.639+0000] {processor.py:178} INFO - Processing /opt/airflow/dags/1_first_dag.py took 0.266 seconds
[2026-09-20T23:01:28.550+0000] {processor.py:156} INFO - Started process (PID=2078) to work on /opt/airflow/dags/1_first_dag.py
[2026-09-20T23:01:28.553+0000] {processor.py:799} INFO - Processing file /opt/airflow/dags/1_first_dag.py for tasks to queue
[2026-09-20T23:01:28.554+0000] {logging_mixin.py:149} INFO - [2026-09-20T23:01:28.554+0000] {dagbag.py:541} INFO - Filling up the DagBag from /opt/airflow/dags/1_first_dag.py
[2026-09-20T23:01:28.571+0000] {processor.py:809} INFO - DAG(s) dict_keys(['1-miprimerdag']) retrieved from /opt/airflow/dags/1_first_dag.py
[2026-09-20T23:01:28.619+0000] {logging_mixin.py:149} INFO - [2026-09-20T23:01:28.619+0000] {dag.py:2726} INFO - Sync 1 DAGs
[2026-09-20T23:01:28.663+0000] {logging_mixin.py:149} INFO - [2026-09-20T23:01:28.661+0000] {dag.py:3490} INFO - Setting next_dagrun for 1-miprimerdag to None, run_after=None
[2026-09-20T23:01:28.700+0000] {processor.py:178} INFO - Processing /opt/airflow/dags/1_first_dag.py took 0.157 seconds
[2026-09-20T23:01:59.418+0000] {processor.py:156} INFO - Started process (PID=2088) to work on /opt/airflow/dags/1_first_dag.py
[2026-09-20T23:01:59.420+0000] {processor.py:799} INFO - Processing file /opt/airflow/dags/1_first_dag.py for tasks to queue
[2026-09-20T23:01:59.421+0000] {logging_mixin.py:149} INFO - [2026-09-20T23:01:59.421+0000] {dagbag.py:541} INFO - Filling up the DagBag from /opt/airflow/dags/1_first_dag.py
[2026-09-20T23:01:59.434+0000] {processor.py:809} INFO - DAG(s) dict_keys(['1-miprimerdag']) retrieved from /opt/airflow/dags/1_first_dag.py
[2026-09-20T23:01:59.489+0000] {logging_mixin.py:149} INFO - [2026-09-20T23:01:59.489+0000] {dag.py:2726} INFO - Sync 1 DAGs
[2026-09-20T23:01:59.520+0000] {logging_mixin.py:149} INFO - [2026-09-20T23:01:59.520+0000] {dag.py:3490} INFO - Setting next_dagrun for 1-miprimerdag to None, run_after=None
[2026-09-20T23:01:59.541+0000] {processor.py:178} INFO - Processing /opt/airflow/dags/1_first_dag.py took 0.129 seconds
[2026-09-20T23:02:30.254+0000] {processor.py:156} INFO - Started process (PID=2098) to work on /opt/airflow/dags/1_first_dag.py
[2026-09-20T23:02:30.263+0000] {processor.py:799} INFO - Processing file /opt/airflow/dags/1_first_dag.py for tasks to queue
[2026-09-20T23:02:30.264+0000] {logging_mixin.py:149} INFO - [2026-09-20T23:02:30.264+0000] {dagbag.py:541} INFO - Filling up the DagBag from /opt/airflow/dags/1_first_dag.py
[2026-09-20T23:02:30.284+0000] {processor.py:809} INFO - DAG(s) dict_keys(['1-miprimerdag']) retrieved from /opt/airflow/dags/1_first_dag.py
[2026-09-20T23:02:30.330+0000] {logging_mixin.py:149} INFO - [2026-09-20T23:02:30.330+0000] {dag.py:2726} INFO - Sync 1 DAGs
[2026-09-20T23:02:30.371+0000] {logging_mixin.py:149} INFO - [2026-09-20T23:02:30.371+0000] {dag.py:3490} INFO - Setting next_dagrun for 1-miprimerdag to None, run_after=None
[2026-09-20T23:02:30.413+0000] {processor.py:178} INFO - Processing /opt/airflow/dags/1_first_dag.py took 0.167 seconds
[2026-09-20T23:03:01.121+0000] {processor.py:156} INFO - Started process (PID=2108) to work on /opt/airflow/dags/1_first_dag.py
[2026-09-20T23:03:01.125+0000] {processor.py:799} INFO - Processing file /opt/airflow/dags/1_first_dag.py for tasks to queue
[2026-09-20T23:03:01.129+0000] {logging_mixin.py:149} INFO - [2026-09-20T23:03:01.128+0000] {dagbag.py:541} INFO - Filling up the DagBag from /opt/airflow/dags/1_first_dag.py
[2026-09-20T23:03:01.146+0000] {processor.py:809} INFO - DAG(s) dict_keys(['1-miprimerdag']) retrieved from /opt/airflow/dags/1_first_dag.py
[2026-09-20T23:03:01.197+0000] {logging_mixin.py:149} INFO - [2026-09-20T23:03:01.197+0000] {dag.py:2726} INFO - Sync 1 DAGs
[2026-09-20T23:03:01.235+0000] {logging_mixin.py:149} INFO - [2026-09-20T23:03:01.235+0000] {dag.py:3490} INFO - Setting next_dagrun for 1-miprimerdag to None, run_after=None
[2026-09-20T23:03:01.265+0000] {processor.py:178} INFO - Processing /opt/airflow/dags/1_first_dag.py took 0.151 seconds
[2026-09-20T23:03:31.916+0000] {processor.py:156} INFO - Started process (PID=2118) to work on /opt/airflow/dags/1_first_dag.py
[2026-09-20T23:03:31.919+0000] {processor.py:799} INFO - Processing file /opt/airflow/dags/1_first_dag.py for tasks to queue
[2026-09-20T23:03:31.920+0000] {logging_mixin.py:149} INFO - [2026-09-20T23:03:31.920+0000] {dagbag.py:541} INFO - Filling up the DagBag from /opt/airflow/dags/1_first_dag.py
[2026-09-20T23:03:31.948+0000] {processor.py:809} INFO - DAG(s) dict_keys(['1-miprimerdag']) retrieved from /opt/airflow/dags/1_first_dag.py
[2026-09-20T23:03:32.049+0000] {logging_mixin.py:149} INFO - [2026-09-20T23:03:32.049+0000] {dag.py:2726} INFO - Sync 1 DAGs
[2026-09-20T23:03:32.105+0000] {logging_mixin.py:149} INFO - [2026-09-20T23:03:32.104+0000] {dag.py:3490} INFO - Setting next_dagrun for 1-miprimerdag to None, run_after=None
[2026-09-20T23:03:32.148+0000] {processor.py:178} INFO - Processing /opt/airflow/dags/1_first_dag.py took 0.239 seconds
[2026-09-20T23:04:02.980+0000] {processor.py:156} INFO - Started process (PID=2128) to work on /opt/airflow/dags/1_first_dag.py
[2026-09-20T23:04:02.996+0000] {processor.py:799} INFO - Processing file /opt/airflow/dags/1_first_dag.py for tasks to queue
[2026-09-20T23:04:03.004+0000] {logging_mixin.py:149} INFO - [2026-09-20T23:04:02.997+0000] {dagbag.py:541} INFO - Filling up the DagBag from /opt/airflow/dags/1_first_dag.py
[2026-09-20T23:04:03.054+0000] {processor.py:809} INFO - DAG(s) dict_keys(['1-miprimerdag']) retrieved from /opt/airflow/dags/1_first_dag.py
[2026-09-20T23:04:03.135+0000] {logging_mixin.py:149} INFO - [2026-09-20T23:04:03.134+0000] {dag.py:2726} INFO - Sync 1 DAGs
[2026-09-20T23:04:03.174+0000] {logging_mixin.py:149} INFO - [2026-09-20T23:04:03.174+0000] {dag.py:3490} INFO - Setting next_dagrun for 1-miprimerdag to None, run_after=None
[2026-09-20T23:04:03.205+0000] {processor.py:178} INFO - Processing /opt/airflow/dags/1_first_dag.py took 0.231 seconds
[2026-09-20T23:04:33.300+0000] {processor.py:156} INFO - Started process (PID=2138) to work on /opt/airflow/dags/1_first_dag.py
[2026-09-20T23:04:33.313+0000] {processor.py:799} INFO - Processing file /opt/airflow/dags/1_first_dag.py for tasks to queue
[2026-09-20T23:04:33.314+0000] {logging_mixin.py:149} INFO - [2026-09-20T23:04:33.314+0000] {dagbag.py:541} INFO - Filling up the DagBag from /opt/airflow/dags/1_first_dag.py
[2026-09-20T23:04:33.335+0000] {processor.py:809} INFO - DAG(s) dict_keys(['1-miprimerdag']) retrieved from /opt/airflow/dags/1_first_dag.py
[2026-09-20T23:04:33.390+0000] {logging_mixin.py:149} INFO - [2026-09-20T23:04:33.390+0000] {dag.py:2726} INFO - Sync 1 DAGs
[2026-09-20T23:04:33.428+0000] {logging_mixin.py:149} INFO - [2026-09-20T23:04:33.428+0000] {dag.py:3490} INFO - Setting next_dagrun for 1-miprimerdag to None, run_after=None
[2026-09-20T23:04:33.457+0000] {processor.py:178} INFO - Processing /opt/airflow/dags/1_first_dag.py took 0.166 seconds
[2026-09-20T23:05:03.627+0000] {processor.py:156} INFO - Started process (PID=2148) to work on /opt/airflow/dags/1_first_dag.py
[2026-09-20T23:05:03.630+0000] {processor.py:799} INFO - Processing file /opt/airflow/dags/1_first_dag.py for tasks to queue
[2026-09-20T23:05:03.631+0000] {logging_mixin.py:149} INFO - [2026-09-20T23:05:03.631+0000] {dagbag.py:541} INFO - Filling up the DagBag from /opt/airflow/dags/1_first_dag.py
[2026-09-20T23:05:03.649+0000] {processor.py:809} INFO - DAG(s) dict_keys(['1-miprimerdag']) retrieved from /opt/airflow/dags/1_first_dag.py
[2026-09-20T23:05:03.706+0000] {logging_mixin.py:149} INFO - [2026-09-20T23:05:03.706+0000] {dag.py:2726} INFO - Sync 1 DAGs
[2026-09-20T23:05:03.751+0000] {logging_mixin.py:149} INFO - [2026-09-20T23:05:03.750+0000] {dag.py:3490} INFO - Setting next_dagrun for 1-miprimerdag to None, run_after=None
[2026-09-20T23:05:03.791+0000] {processor.py:178} INFO - Processing /opt/airflow/dags/1_first_dag.py took 0.171 seconds
[2026-09-20T23:05:33.908+0000] {processor.py:156} INFO - Started process (PID=2156) to work on /opt/airflow/dags/1_first_dag.py
[2026-09-20T23:05:33.911+0000] {processor.py:799} INFO - Processing file /opt/airflow/dags/1_first_dag.py for tasks to queue
[2026-09-20T23:05:33.913+0000] {logging_mixin.py:149} INFO - [2026-09-20T23:05:33.912+0000] {dagbag.py:541} INFO - Filling up the DagBag from /opt/airflow/dags/1_first_dag.py
[2026-09-20T23:05:33.934+0000] {processor.py:809} INFO - DAG(s) dict_keys(['1-miprimerdag']) retrieved from /opt/airflow/dags/1_first_dag.py
[2026-09-20T23:05:34.044+0000] {logging_mixin.py:149} INFO - [2026-09-20T23:05:34.043+0000] {dag.py:2726} INFO - Sync 1 DAGs
[2026-09-20T23:05:34.135+0000] {logging_mixin.py:149} INFO - [2026-09-20T23:05:34.134+0000] {dag.py:3490} INFO - Setting next_dagrun for 1-miprimerdag to None, run_after=None
[2026-09-20T23:05:34.180+0000] {processor.py:178} INFO - Processing /opt/airflow/dags/1_first_dag.py took 0.284 seconds
[2026-09-20T23:06:05.044+0000] {processor.py:156} INFO - Started process (PID=2168) to work on /opt/airflow/dags/1_first_dag.py
[2026-09-20T23:06:05.048+0000] {processor.py:799} INFO - Processing file /opt/airflow/dags/1_first_dag.py for tasks to queue
[2026-09-20T23:06:05.049+0000] {logging_mixin.py:149} INFO - [2026-09-20T23:06:05.049+0000] {dagbag.py:541} INFO - Filling up the DagBag from /opt/airflow/dags/1_first_dag.py
[2026-09-20T23:06:05.078+0000] {processor.py:809} INFO - DAG(s) dict_keys(['1-miprimerdag']) retrieved from /opt/airflow/dags/1_first_dag.py
[2026-09-20T23:06:05.134+0000] {logging_mixin.py:149} INFO - [2026-09-20T23:06:05.133+0000] {dag.py:2726} INFO - Sync 1 DAGs
[2026-09-20T23:06:05.170+0000] {logging_mixin.py:149} INFO - [2026-09-20T23:06:05.170+0000] {dag.py:3490} INFO - Setting next_dagrun for 1-miprimerdag to None, run_after=None
[2026-09-20T23:06:05.198+0000] {processor.py:178} INFO - Processing /opt/airflow/dags/1_first_dag.py took 0.160 seconds
[2026-09-20T23:06:36.155+0000] {processor.py:156} INFO - Started process (PID=2178) to work on /opt/airflow/dags/1_first_dag.py
[2026-09-20T23:06:36.158+0000] {processor.py:799} INFO - Processing file /opt/airflow/dags/1_first_dag.py for tasks to queue
[2026-09-20T23:06:36.159+0000] {logging_mixin.py:149} INFO - [2026-09-20T23:06:36.159+0000] {dagbag.py:541} INFO - Filling up the DagBag from /opt/airflow/dags/1_first_dag.py
[2026-09-20T23:06:36.174+0000] {processor.py:809} INFO - DAG(s) dict_keys(['1-miprimerdag']) retrieved from /opt/airflow/dags/1_first_dag.py
[2026-09-20T23:06:36.220+0000] {logging_mixin.py:149} INFO - [2026-09-20T23:06:36.220+0000] {dag.py:2726} INFO - Sync 1 DAGs
[2026-09-20T23:06:36.259+0000] {logging_mixin.py:149} INFO - [2026-09-20T23:06:36.259+0000] {dag.py:3490} INFO - Setting next_dagrun for 1-miprimerdag to None, run_after=None
[2026-09-20T23:06:36.301+0000] {processor.py:178} INFO - Processing /opt/airflow/dags/1_first_dag.py took 0.156 seconds
[2026-09-20T23:07:06.378+0000] {processor.py:156} INFO - Started process (PID=2188) to work on /opt/airflow/dags/1_first_dag.py
[2026-09-20T23:07:06.381+0000] {processor.py:799} INFO - Processing file /opt/airflow/dags/1_first_dag.py for tasks to queue
[2026-09-20T23:07:06.382+0000] {logging_mixin.py:149} INFO - [2026-09-20T23:07:06.382+0000] {dagbag.py:541} INFO - Filling up the DagBag from /opt/airflow/dags/1_first_dag.py
[2026-09-20T23:07:06.399+0000] {processor.py:809} INFO - DAG(s) dict_keys(['1-miprimerdag']) retrieved from /opt/airflow/dags/1_first_dag.py
[2026-09-20T23:07:06.453+0000] {logging_mixin.py:149} INFO - [2026-09-20T23:07:06.453+0000] {dag.py:2726} INFO - Sync 1 DAGs
[2026-09-20T23:07:06.496+0000] {logging_mixin.py:149} INFO - [2026-09-20T23:07:06.496+0000] {dag.py:3490} INFO - Setting next_dagrun for 1-miprimerdag to None, run_after=None
[2026-09-20T23:07:06.524+0000] {processor.py:178} INFO - Processing /opt/airflow/dags/1_first_dag.py took 0.152 seconds
[2026-09-20T23:07:36.592+0000] {processor.py:156} INFO - Started process (PID=2196) to work on /opt/airflow/dags/1_first_dag.py
[2026-09-20T23:07:36.598+0000] {processor.py:799} INFO - Processing file /opt/airflow/dags/1_first_dag.py for tasks to queue
[2026-09-20T23:07:36.599+0000] {logging_mixin.py:149} INFO - [2026-09-20T23:07:36.599+0000] {dagbag.py:541} INFO - Filling up the DagBag from /opt/airflow/dags/1_first_dag.py
[2026-09-20T23:07:36.615+0000] {processor.py:809} INFO - DAG(s) dict_keys(['1-miprimerdag']) retrieved from /opt/airflow/dags/1_first_dag.py
[2026-09-20T23:07:36.662+0000] {logging_mixin.py:149} INFO - [2026-09-20T23:07:36.661+0000] {dag.py:2726} INFO - Sync 1 DAGs
[2026-09-20T23:07:36.703+0000] {logging_mixin.py:149} INFO - [2026-09-20T23:07:36.703+0000] {dag.py:3490} INFO - Setting next_dagrun for 1-miprimerdag to None, run_after=None
[2026-09-20T23:07:36.731+0000] {processor.py:178} INFO - Processing /opt/airflow/dags/1_first_dag.py took 0.153 seconds
[2026-09-20T23:08:06.877+0000] {processor.py:156} INFO - Started process (PID=2206) to work on /opt/airflow/dags/1_first_dag.py
[2026-09-20T23:08:06.879+0000] {processor.py:799} INFO - Processing file /opt/airflow/dags/1_first_dag.py for tasks to queue
[2026-09-20T23:08:06.880+0000] {logging_mixin.py:149} INFO - [2026-09-20T23:08:06.880+0000] {dagbag.py:541} INFO - Filling up the DagBag from /opt/airflow/dags/1_first_dag.py
[2026-09-20T23:08:06.904+0000] {processor.py:809} INFO - DAG(s) dict_keys(['1-miprimerdag']) retrieved from /opt/airflow/dags/1_first_dag.py
[2026-09-20T23:08:06.959+0000] {logging_mixin.py:149} INFO - [2026-09-20T23:08:06.958+0000] {dag.py:2726} INFO - Sync 1 DAGs
[2026-09-20T23:08:06.999+0000] {logging_mixin.py:149} INFO - [2026-09-20T23:08:06.998+0000] {dag.py:3490} INFO - Setting next_dagrun for 1-miprimerdag to None, run_after=None
[2026-09-20T23:08:07.034+0000] {processor.py:178} INFO - Processing /opt/airflow/dags/1_first_dag.py took 0.163 seconds
[2026-09-20T23:08:37.858+0000] {processor.py:156} INFO - Started process (PID=2216) to work on /opt/airflow/dags/1_first_dag.py
[2026-09-20T23:08:37.860+0000] {processor.py:799} INFO - Processing file /opt/airflow/dags/1_first_dag.py for tasks to queue
[2026-09-20T23:08:37.864+0000] {logging_mixin.py:149} INFO - [2026-09-20T23:08:37.863+0000] {dagbag.py:541} INFO - Filling up the DagBag from /opt/airflow/dags/1_first_dag.py
[2026-09-20T23:08:37.892+0000] {processor.py:809} INFO - DAG(s) dict_keys(['1-miprimerdag']) retrieved from /opt/airflow/dags/1_first_dag.py
[2026-09-20T23:08:37.954+0000] {logging_mixin.py:149} INFO - [2026-09-20T23:08:37.953+0000] {dag.py:2726} INFO - Sync 1 DAGs
[2026-09-20T23:08:37.992+0000] {logging_mixin.py:149} INFO - [2026-09-20T23:08:37.991+0000] {dag.py:3490} INFO - Setting next_dagrun for 1-miprimerdag to None, run_after=None
[2026-09-20T23:08:38.021+0000] {processor.py:178} INFO - Processing /opt/airflow/dags/1_first_dag.py took 0.171 seconds
[2026-09-20T23:09:08.861+0000] {processor.py:156} INFO - Started process (PID=2226) to work on /opt/airflow/dags/1_first_dag.py
[2026-09-20T23:09:08.862+0000] {processor.py:799} INFO - Processing file /opt/airflow/dags/1_first_dag.py for tasks to queue
[2026-09-20T23:09:08.863+0000] {logging_mixin.py:149} INFO - [2026-09-20T23:09:08.863+0000] {dagbag.py:541} INFO - Filling up the DagBag from /opt/airflow/dags/1_first_dag.py
[2026-09-20T23:09:08.880+0000] {processor.py:809} INFO - DAG(s) dict_keys(['1-miprimerdag']) retrieved from /opt/airflow/dags/1_first_dag.py
[2026-09-20T23:09:08.923+0000] {logging_mixin.py:149} INFO - [2026-09-20T23:09:08.923+0000] {dag.py:2726} INFO - Sync 1 DAGs
[2026-09-20T23:09:08.956+0000] {logging_mixin.py:149} INFO - [2026-09-20T23:09:08.956+0000] {dag.py:3490} INFO - Setting next_dagrun for 1-miprimerdag to None, run_after=None
[2026-09-20T23:09:08.980+0000] {processor.py:178} INFO - Processing /opt/airflow/dags/1_first_dag.py took 0.124 seconds
[2026-09-20T23:09:39.831+0000] {processor.py:156} INFO - Started process (PID=2236) to work on /opt/airflow/dags/1_first_dag.py
[2026-09-20T23:09:39.837+0000] {processor.py:799} INFO - Processing file /opt/airflow/dags/1_first_dag.py for tasks to queue
[2026-09-20T23:09:39.838+0000] {logging_mixin.py:149} INFO - [2026-09-20T23:09:39.838+0000] {dagbag.py:541} INFO - Filling up the DagBag from /opt/airflow/dags/1_first_dag.py
[2026-09-20T23:09:39.853+0000] {processor.py:809} INFO - DAG(s) dict_keys(['1-miprimerdag']) retrieved from /opt/airflow/dags/1_first_dag.py
[2026-09-20T23:09:39.905+0000] {logging_mixin.py:149} INFO - [2026-09-20T23:09:39.905+0000] {dag.py:2726} INFO - Sync 1 DAGs
[2026-09-20T23:09:39.945+0000] {logging_mixin.py:149} INFO - [2026-09-20T23:09:39.945+0000] {dag.py:3490} INFO - Setting next_dagrun for 1-miprimerdag to None, run_after=None
[2026-09-20T23:09:39.985+0000] {processor.py:178} INFO - Processing /opt/airflow/dags/1_first_dag.py took 0.160 seconds
[2026-09-20T23:10:10.772+0000] {processor.py:156} INFO - Started process (PID=2246) to work on /opt/airflow/dags/1_first_dag.py
[2026-09-20T23:10:10.780+0000] {processor.py:799} INFO - Processing file /opt/airflow/dags/1_first_dag.py for tasks to queue
[2026-09-20T23:10:10.781+0000] {logging_mixin.py:149} INFO - [2026-09-20T23:10:10.781+0000] {dagbag.py:541} INFO - Filling up the DagBag from /opt/airflow/dags/1_first_dag.py
[2026-09-20T23:10:10.809+0000] {processor.py:809} INFO - DAG(s) dict_keys(['1-miprimerdag']) retrieved from /opt/airflow/dags/1_first_dag.py
[2026-09-20T23:10:10.873+0000] {logging_mixin.py:149} INFO - [2026-09-20T23:10:10.872+0000] {dag.py:2726} INFO - Sync 1 DAGs
[2026-09-20T23:10:10.934+0000] {logging_mixin.py:149} INFO - [2026-09-20T23:10:10.934+0000] {dag.py:3490} INFO - Setting next_dagrun for 1-miprimerdag to None, run_after=None
[2026-09-20T23:10:10.966+0000] {processor.py:178} INFO - Processing /opt/airflow/dags/1_first_dag.py took 0.212 seconds
[2026-09-20T23:10:41.189+0000] {processor.py:156} INFO - Started process (PID=2256) to work on /opt/airflow/dags/1_first_dag.py
[2026-09-20T23:10:41.191+0000] {processor.py:799} INFO - Processing file /opt/airflow/dags/1_first_dag.py for tasks to queue
[2026-09-20T23:10:41.193+0000] {logging_mixin.py:149} INFO - [2026-09-20T23:10:41.192+0000] {dagbag.py:541} INFO - Filling up the DagBag from /opt/airflow/dags/1_first_dag.py
[2026-09-20T23:10:41.208+0000] {processor.py:809} INFO - DAG(s) dict_keys(['1-miprimerdag']) retrieved from /opt/airflow/dags/1_first_dag.py
[2026-09-20T23:10:41.264+0000] {logging_mixin.py:149} INFO - [2026-09-20T23:10:41.264+0000] {dag.py:2726} INFO - Sync 1 DAGs
[2026-09-20T23:10:41.317+0000] {logging_mixin.py:149} INFO - [2026-09-20T23:10:41.317+0000] {dag.py:3490} INFO - Setting next_dagrun for 1-miprimerdag to None, run_after=None
[2026-09-20T23:10:41.346+0000] {processor.py:178} INFO - Processing /opt/airflow/dags/1_first_dag.py took 0.163 seconds
[2026-09-20T23:11:11.420+0000] {processor.py:156} INFO - Started process (PID=2266) to work on /opt/airflow/dags/1_first_dag.py
[2026-09-20T23:11:11.422+0000] {processor.py:799} INFO - Processing file /opt/airflow/dags/1_first_dag.py for tasks to queue
[2026-09-20T23:11:11.424+0000] {logging_mixin.py:149} INFO - [2026-09-20T23:11:11.424+0000] {dagbag.py:541} INFO - Filling up the DagBag from /opt/airflow/dags/1_first_dag.py
[2026-09-20T23:11:11.439+0000] {processor.py:809} INFO - DAG(s) dict_keys(['1-miprimerdag']) retrieved from /opt/airflow/dags/1_first_dag.py
[2026-09-20T23:11:11.503+0000] {logging_mixin.py:149} INFO - [2026-09-20T23:11:11.503+0000] {dag.py:2726} INFO - Sync 1 DAGs
[2026-09-20T23:11:11.551+0000] {logging_mixin.py:149} INFO - [2026-09-20T23:11:11.550+0000] {dag.py:3490} INFO - Setting next_dagrun for 1-miprimerdag to None, run_after=None
[2026-09-20T23:11:11.588+0000] {processor.py:178} INFO - Processing /opt/airflow/dags/1_first_dag.py took 0.174 seconds
[2026-09-20T23:11:41.627+0000] {processor.py:156} INFO - Started process (PID=2276) to work on /opt/airflow/dags/1_first_dag.py
[2026-09-20T23:11:41.629+0000] {processor.py:799} INFO - Processing file /opt/airflow/dags/1_first_dag.py for tasks to queue
[2026-09-20T23:11:41.630+0000] {logging_mixin.py:149} INFO - [2026-09-20T23:11:41.629+0000] {dagbag.py:541} INFO - Filling up the DagBag from /opt/airflow/dags/1_first_dag.py
[2026-09-20T23:11:41.649+0000] {processor.py:809} INFO - DAG(s) dict_keys(['1-miprimerdag']) retrieved from /opt/airflow/dags/1_first_dag.py
[2026-09-20T23:11:41.723+0000] {logging_mixin.py:149} INFO - [2026-09-20T23:11:41.723+0000] {dag.py:2726} INFO - Sync 1 DAGs
[2026-09-20T23:11:41.769+0000] {logging_mixin.py:149} INFO - [2026-09-20T23:11:41.769+0000] {dag.py:3490} INFO - Setting next_dagrun for 1-miprimerdag to None, run_after=None
[2026-09-20T23:11:41.819+0000] {processor.py:178} INFO - Processing /opt/airflow/dags/1_first_dag.py took 0.198 seconds
[2026-09-20T23:12:11.910+0000] {processor.py:156} INFO - Started process (PID=2286) to work on /opt/airflow/dags/1_first_dag.py
[2026-09-20T23:12:11.915+0000] {processor.py:799} INFO - Processing file /opt/airflow/dags/1_first_dag.py for tasks to queue
[2026-09-20T23:12:11.917+0000] {logging_mixin.py:149} INFO - [2026-09-20T23:12:11.916+0000] {dagbag.py:541} INFO - Filling up the DagBag from /opt/airflow/dags/1_first_dag.py
[2026-09-20T23:12:11.942+0000] {processor.py:809} INFO - DAG(s) dict_keys(['1-miprimerdag']) retrieved from /opt/airflow/dags/1_first_dag.py
[2026-09-20T23:12:12.006+0000] {logging_mixin.py:149} INFO - [2026-09-20T23:12:12.006+0000] {dag.py:2726} INFO - Sync 1 DAGs
[2026-09-20T23:12:12.056+0000] {logging_mixin.py:149} INFO - [2026-09-20T23:12:12.056+0000] {dag.py:3490} INFO - Setting next_dagrun for 1-miprimerdag to None, run_after=None
[2026-09-20T23:12:12.088+0000] {processor.py:178} INFO - Processing /opt/airflow/dags/1_first_dag.py took 0.185 seconds
[2026-09-20T23:12:42.139+0000] {processor.py:156} INFO - Started process (PID=2296) to work on /opt/airflow/dags/1_first_dag.py
[2026-09-20T23:12:42.144+0000] {processor.py:799} INFO - Processing file /opt/airflow/dags/1_first_dag.py for tasks to queue
[2026-09-20T23:12:42.145+0000] {logging_mixin.py:149} INFO - [2026-09-20T23:12:42.145+0000] {dagbag.py:541} INFO - Filling up the DagBag from /opt/airflow/dags/1_first_dag.py
[2026-09-20T23:12:42.164+0000] {processor.py:809} INFO - DAG(s) dict_keys(['1-miprimerdag']) retrieved from /opt/airflow/dags/1_first_dag.py
[2026-09-20T23:12:42.227+0000] {logging_mixin.py:149} INFO - [2026-09-20T23:12:42.227+0000] {dag.py:2726} INFO - Sync 1 DAGs
[2026-09-20T23:12:42.278+0000] {logging_mixin.py:149} INFO - [2026-09-20T23:12:42.278+0000] {dag.py:3490} INFO - Setting next_dagrun for 1-miprimerdag to None, run_after=None
[2026-09-20T23:12:42.312+0000] {processor.py:178} INFO - Processing /opt/airflow/dags/1_first_dag.py took 0.180 seconds
[2026-09-20T23:13:12.350+0000] {processor.py:156} INFO - Started process (PID=2306) to work on /opt/airflow/dags/1_first_dag.py
[2026-09-20T23:13:12.358+0000] {processor.py:799} INFO - Processing file /opt/airflow/dags/1_first_dag.py for tasks to queue
[2026-09-20T23:13:12.360+0000] {logging_mixin.py:149} INFO - [2026-09-20T23:13:12.360+0000] {dagbag.py:541} INFO - Filling up the DagBag from /opt/airflow/dags/1_first_dag.py
[2026-09-20T23:13:12.384+0000] {processor.py:809} INFO - DAG(s) dict_keys(['1-miprimerdag']) retrieved from /opt/airflow/dags/1_first_dag.py
[2026-09-20T23:13:12.456+0000] {logging_mixin.py:149} INFO - [2026-09-20T23:13:12.456+0000] {dag.py:2726} INFO - Sync 1 DAGs
[2026-09-20T23:13:12.510+0000] {logging_mixin.py:149} INFO - [2026-09-20T23:13:12.510+0000] {dag.py:3490} INFO - Setting next_dagrun for 1-miprimerdag to None, run_after=None
[2026-09-20T23:13:12.543+0000] {processor.py:178} INFO - Processing /opt/airflow/dags/1_first_dag.py took 0.198 seconds
[2026-09-20T23:13:42.605+0000] {processor.py:156} INFO - Started process (PID=2316) to work on /opt/airflow/dags/1_first_dag.py
[2026-09-20T23:13:42.607+0000] {processor.py:799} INFO - Processing file /opt/airflow/dags/1_first_dag.py for tasks to queue
[2026-09-20T23:13:42.608+0000] {logging_mixin.py:149} INFO - [2026-09-20T23:13:42.608+0000] {dagbag.py:541} INFO - Filling up the DagBag from /opt/airflow/dags/1_first_dag.py
[2026-09-20T23:13:42.625+0000] {processor.py:809} INFO - DAG(s) dict_keys(['1-miprimerdag']) retrieved from /opt/airflow/dags/1_first_dag.py
[2026-09-20T23:13:42.674+0000] {logging_mixin.py:149} INFO - [2026-09-20T23:13:42.673+0000] {dag.py:2726} INFO - Sync 1 DAGs
[2026-09-20T23:13:42.710+0000] {logging_mixin.py:149} INFO - [2026-09-20T23:13:42.710+0000] {dag.py:3490} INFO - Setting next_dagrun for 1-miprimerdag to None, run_after=None
[2026-09-20T23:13:42.740+0000] {processor.py:178} INFO - Processing /opt/airflow/dags/1_first_dag.py took 0.142 seconds
[2026-09-20T23:14:12.803+0000] {processor.py:156} INFO - Started process (PID=2326) to work on /opt/airflow/dags/1_first_dag.py
[2026-09-20T23:14:12.806+0000] {processor.py:799} INFO - Processing file /opt/airflow/dags/1_first_dag.py for tasks to queue
[2026-09-20T23:14:12.807+0000] {logging_mixin.py:149} INFO - [2026-09-20T23:14:12.807+0000] {dagbag.py:541} INFO - Filling up the DagBag from /opt/airflow/dags/1_first_dag.py
[2026-09-20T23:14:12.825+0000] {processor.py:809} INFO - DAG(s) dict_keys(['1-miprimerdag']) retrieved from /opt/airflow/dags/1_first_dag.py
[2026-09-20T23:14:12.881+0000] {logging_mixin.py:149} INFO - [2026-09-20T23:14:12.881+0000] {dag.py:2726} INFO - Sync 1 DAGs
[2026-09-20T23:14:12.931+0000] {logging_mixin.py:149} INFO - [2026-09-20T23:14:12.931+0000] {dag.py:3490} INFO - Setting next_dagrun for 1-miprimerdag to None, run_after=None
[2026-09-20T23:14:12.969+0000] {processor.py:178} INFO - Processing /opt/airflow/dags/1_first_dag.py took 0.173 seconds
[2026-09-20T23:14:43.037+0000] {processor.py:156} INFO - Started process (PID=2336) to work on /opt/airflow/dags/1_first_dag.py
[2026-09-20T23:14:43.041+0000] {processor.py:799} INFO - Processing file /opt/airflow/dags/1_first_dag.py for tasks to queue
[2026-09-20T23:14:43.042+0000] {logging_mixin.py:149} INFO - [2026-09-20T23:14:43.042+0000] {dagbag.py:541} INFO - Filling up the DagBag from /opt/airflow/dags/1_first_dag.py
[2026-09-20T23:14:43.076+0000] {processor.py:809} INFO - DAG(s) dict_keys(['1-miprimerdag']) retrieved from /opt/airflow/dags/1_first_dag.py
[2026-09-20T23:14:43.149+0000] {logging_mixin.py:149} INFO - [2026-09-20T23:14:43.148+0000] {dag.py:2726} INFO - Sync 1 DAGs
[2026-09-20T23:14:43.195+0000] {logging_mixin.py:149} INFO - [2026-09-20T23:14:43.195+0000] {dag.py:3490} INFO - Setting next_dagrun for 1-miprimerdag to None, run_after=None
[2026-09-20T23:14:43.230+0000] {processor.py:178} INFO - Processing /opt/airflow/dags/1_first_dag.py took 0.204 seconds
[2026-09-20T23:15:13.367+0000] {processor.py:156} INFO - Started process (PID=2346) to work on /opt/airflow/dags/1_first_dag.py
[2026-09-20T23:15:13.371+0000] {processor.py:799} INFO - Processing file /opt/airflow/dags/1_first_dag.py for tasks to queue
[2026-09-20T23:15:13.372+0000] {logging_mixin.py:149} INFO - [2026-09-20T23:15:13.372+0000] {dagbag.py:541} INFO - Filling up the DagBag from /opt/airflow/dags/1_first_dag.py
[2026-09-20T23:15:13.392+0000] {processor.py:809} INFO - DAG(s) dict_keys(['1-miprimerdag']) retrieved from /opt/airflow/dags/1_first_dag.py
[2026-09-20T23:15:13.441+0000] {logging_mixin.py:149} INFO - [2026-09-20T23:15:13.441+0000] {dag.py:2726} INFO - Sync 1 DAGs
[2026-09-20T23:15:13.483+0000] {logging_mixin.py:149} INFO - [2026-09-20T23:15:13.482+0000] {dag.py:3490} INFO - Setting next_dagrun for 1-miprimerdag to None, run_after=None
[2026-09-20T23:15:13.520+0000] {processor.py:178} INFO - Processing /opt/airflow/dags/1_first_dag.py took 0.165 seconds
[2026-09-20T23:15:43.668+0000] {processor.py:156} INFO - Started process (PID=2356) to work on /opt/airflow/dags/1_first_dag.py
[2026-09-20T23:15:43.672+0000] {processor.py:799} INFO - Processing file /opt/airflow/dags/1_first_dag.py for tasks to queue
[2026-09-20T23:15:43.673+0000] {logging_mixin.py:149} INFO - [2026-09-20T23:15:43.672+0000] {dagbag.py:541} INFO - Filling up the DagBag from /opt/airflow/dags/1_first_dag.py
[2026-09-20T23:15:43.696+0000] {processor.py:809} INFO - DAG(s) dict_keys(['1-miprimerdag']) retrieved from /opt/airflow/dags/1_first_dag.py
[2026-09-20T23:15:43.769+0000] {logging_mixin.py:149} INFO - [2026-09-20T23:15:43.769+0000] {dag.py:2726} INFO - Sync 1 DAGs
[2026-09-20T23:15:43.814+0000] {logging_mixin.py:149} INFO - [2026-09-20T23:15:43.813+0000] {dag.py:3490} INFO - Setting next_dagrun for 1-miprimerdag to None, run_after=None
[2026-09-20T23:15:43.866+0000] {processor.py:178} INFO - Processing /opt/airflow/dags/1_first_dag.py took 0.206 seconds
[2026-09-20T23:16:14.025+0000] {processor.py:156} INFO - Started process (PID=2366) to work on /opt/airflow/dags/1_first_dag.py
[2026-09-20T23:16:14.027+0000] {processor.py:799} INFO - Processing file /opt/airflow/dags/1_first_dag.py for tasks to queue
[2026-09-20T23:16:14.028+0000] {logging_mixin.py:149} INFO - [2026-09-20T23:16:14.028+0000] {dagbag.py:541} INFO - Filling up the DagBag from /opt/airflow/dags/1_first_dag.py
[2026-09-20T23:16:14.050+0000] {processor.py:809} INFO - DAG(s) dict_keys(['1-miprimerdag']) retrieved from /opt/airflow/dags/1_first_dag.py
[2026-09-20T23:16:14.125+0000] {logging_mixin.py:149} INFO - [2026-09-20T23:16:14.125+0000] {dag.py:2726} INFO - Sync 1 DAGs
[2026-09-20T23:16:14.212+0000] {logging_mixin.py:149} INFO - [2026-09-20T23:16:14.211+0000] {dag.py:3490} INFO - Setting next_dagrun for 1-miprimerdag to None, run_after=None
[2026-09-20T23:16:14.257+0000] {processor.py:178} INFO - Processing /opt/airflow/dags/1_first_dag.py took 0.245 seconds
[2026-09-20T23:16:44.979+0000] {processor.py:156} INFO - Started process (PID=2376) to work on /opt/airflow/dags/1_first_dag.py
[2026-09-20T23:16:44.984+0000] {processor.py:799} INFO - Processing file /opt/airflow/dags/1_first_dag.py for tasks to queue
[2026-09-20T23:16:44.985+0000] {logging_mixin.py:149} INFO - [2026-09-20T23:16:44.985+0000] {dagbag.py:541} INFO - Filling up the DagBag from /opt/airflow/dags/1_first_dag.py
[2026-09-20T23:16:45.003+0000] {processor.py:809} INFO - DAG(s) dict_keys(['1-miprimerdag']) retrieved from /opt/airflow/dags/1_first_dag.py
[2026-09-20T23:16:45.059+0000] {logging_mixin.py:149} INFO - [2026-09-20T23:16:45.059+0000] {dag.py:2726} INFO - Sync 1 DAGs
[2026-09-20T23:16:45.108+0000] {logging_mixin.py:149} INFO - [2026-09-20T23:16:45.108+0000] {dag.py:3490} INFO - Setting next_dagrun for 1-miprimerdag to None, run_after=None
[2026-09-20T23:16:45.147+0000] {processor.py:178} INFO - Processing /opt/airflow/dags/1_first_dag.py took 0.175 seconds
[2026-09-20T23:17:15.228+0000] {processor.py:156} INFO - Started process (PID=2386) to work on /opt/airflow/dags/1_first_dag.py
[2026-09-20T23:17:15.231+0000] {processor.py:799} INFO - Processing file /opt/airflow/dags/1_first_dag.py for tasks to queue
[2026-09-20T23:17:15.232+0000] {logging_mixin.py:149} INFO - [2026-09-20T23:17:15.232+0000] {dagbag.py:541} INFO - Filling up the DagBag from /opt/airflow/dags/1_first_dag.py
[2026-09-20T23:17:15.254+0000] {processor.py:809} INFO - DAG(s) dict_keys(['1-miprimerdag']) retrieved from /opt/airflow/dags/1_first_dag.py
[2026-09-20T23:17:15.318+0000] {logging_mixin.py:149} INFO - [2026-09-20T23:17:15.317+0000] {dag.py:2726} INFO - Sync 1 DAGs
[2026-09-20T23:17:15.379+0000] {logging_mixin.py:149} INFO - [2026-09-20T23:17:15.379+0000] {dag.py:3490} INFO - Setting next_dagrun for 1-miprimerdag to None, run_after=None
[2026-09-20T23:17:15.421+0000] {processor.py:178} INFO - Processing /opt/airflow/dags/1_first_dag.py took 0.198 seconds
[2026-09-20T23:17:45.592+0000] {processor.py:156} INFO - Started process (PID=2396) to work on /opt/airflow/dags/1_first_dag.py
[2026-09-20T23:17:45.596+0000] {processor.py:799} INFO - Processing file /opt/airflow/dags/1_first_dag.py for tasks to queue
[2026-09-20T23:17:45.597+0000] {logging_mixin.py:149} INFO - [2026-09-20T23:17:45.597+0000] {dagbag.py:541} INFO - Filling up the DagBag from /opt/airflow/dags/1_first_dag.py
[2026-09-20T23:17:45.613+0000] {processor.py:809} INFO - DAG(s) dict_keys(['1-miprimerdag']) retrieved from /opt/airflow/dags/1_first_dag.py
[2026-09-20T23:17:45.664+0000] {logging_mixin.py:149} INFO - [2026-09-20T23:17:45.663+0000] {dag.py:2726} INFO - Sync 1 DAGs
[2026-09-20T23:17:45.707+0000] {logging_mixin.py:149} INFO - [2026-09-20T23:17:45.707+0000] {dag.py:3490} INFO - Setting next_dagrun for 1-miprimerdag to None, run_after=None
[2026-09-20T23:17:45.737+0000] {processor.py:178} INFO - Processing /opt/airflow/dags/1_first_dag.py took 0.151 seconds
[2026-09-20T23:18:15.901+0000] {processor.py:156} INFO - Started process (PID=2406) to work on /opt/airflow/dags/1_first_dag.py
[2026-09-20T23:18:15.903+0000] {processor.py:799} INFO - Processing file /opt/airflow/dags/1_first_dag.py for tasks to queue
[2026-09-20T23:18:15.904+0000] {logging_mixin.py:149} INFO - [2026-09-20T23:18:15.904+0000] {dagbag.py:541} INFO - Filling up the DagBag from /opt/airflow/dags/1_first_dag.py
[2026-09-20T23:18:15.922+0000] {processor.py:809} INFO - DAG(s) dict_keys(['1-miprimerdag']) retrieved from /opt/airflow/dags/1_first_dag.py
[2026-09-20T23:18:15.976+0000] {logging_mixin.py:149} INFO - [2026-09-20T23:18:15.976+0000] {dag.py:2726} INFO - Sync 1 DAGs
[2026-09-20T23:18:16.016+0000] {logging_mixin.py:149} INFO - [2026-09-20T23:18:16.016+0000] {dag.py:3490} INFO - Setting next_dagrun for 1-miprimerdag to None, run_after=None
[2026-09-20T23:18:16.047+0000] {processor.py:178} INFO - Processing /opt/airflow/dags/1_first_dag.py took 0.152 seconds
[2026-09-20T23:18:46.180+0000] {processor.py:156} INFO - Started process (PID=2416) to work on /opt/airflow/dags/1_first_dag.py
[2026-09-20T23:18:46.182+0000] {processor.py:799} INFO - Processing file /opt/airflow/dags/1_first_dag.py for tasks to queue
[2026-09-20T23:18:46.184+0000] {logging_mixin.py:149} INFO - [2026-09-20T23:18:46.183+0000] {dagbag.py:541} INFO - Filling up the DagBag from /opt/airflow/dags/1_first_dag.py
[2026-09-20T23:18:46.199+0000] {processor.py:809} INFO - DAG(s) dict_keys(['1-miprimerdag']) retrieved from /opt/airflow/dags/1_first_dag.py
[2026-09-20T23:18:46.253+0000] {logging_mixin.py:149} INFO - [2026-09-20T23:18:46.253+0000] {dag.py:2726} INFO - Sync 1 DAGs
[2026-09-20T23:18:46.292+0000] {logging_mixin.py:149} INFO - [2026-09-20T23:18:46.292+0000] {dag.py:3490} INFO - Setting next_dagrun for 1-miprimerdag to None, run_after=None
[2026-09-20T23:18:46.332+0000] {processor.py:178} INFO - Processing /opt/airflow/dags/1_first_dag.py took 0.157 seconds
[2026-09-20T23:19:16.441+0000] {processor.py:156} INFO - Started process (PID=2426) to work on /opt/airflow/dags/1_first_dag.py
[2026-09-20T23:19:16.444+0000] {processor.py:799} INFO - Processing file /opt/airflow/dags/1_first_dag.py for tasks to queue
[2026-09-20T23:19:16.445+0000] {logging_mixin.py:149} INFO - [2026-09-20T23:19:16.444+0000] {dagbag.py:541} INFO - Filling up the DagBag from /opt/airflow/dags/1_first_dag.py
[2026-09-20T23:19:16.459+0000] {processor.py:809} INFO - DAG(s) dict_keys(['1-miprimerdag']) retrieved from /opt/airflow/dags/1_first_dag.py
[2026-09-20T23:19:16.527+0000] {logging_mixin.py:149} INFO - [2026-09-20T23:19:16.525+0000] {dag.py:2726} INFO - Sync 1 DAGs
[2026-09-20T23:19:16.599+0000] {logging_mixin.py:149} INFO - [2026-09-20T23:19:16.598+0000] {dag.py:3490} INFO - Setting next_dagrun for 1-miprimerdag to None, run_after=None
[2026-09-20T23:19:16.644+0000] {processor.py:178} INFO - Processing /opt/airflow/dags/1_first_dag.py took 0.208 seconds
[2026-09-20T23:19:47.278+0000] {processor.py:156} INFO - Started process (PID=2436) to work on /opt/airflow/dags/1_first_dag.py
[2026-09-20T23:19:47.281+0000] {processor.py:799} INFO - Processing file /opt/airflow/dags/1_first_dag.py for tasks to queue
[2026-09-20T23:19:47.282+0000] {logging_mixin.py:149} INFO - [2026-09-20T23:19:47.281+0000] {dagbag.py:541} INFO - Filling up the DagBag from /opt/airflow/dags/1_first_dag.py
[2026-09-20T23:19:47.298+0000] {processor.py:809} INFO - DAG(s) dict_keys(['1-miprimerdag']) retrieved from /opt/airflow/dags/1_first_dag.py
[2026-09-20T23:19:47.355+0000] {logging_mixin.py:149} INFO - [2026-09-20T23:19:47.355+0000] {dag.py:2726} INFO - Sync 1 DAGs
[2026-09-20T23:19:47.400+0000] {logging_mixin.py:149} INFO - [2026-09-20T23:19:47.399+0000] {dag.py:3490} INFO - Setting next_dagrun for 1-miprimerdag to None, run_after=None
[2026-09-20T23:19:47.431+0000] {processor.py:178} INFO - Processing /opt/airflow/dags/1_first_dag.py took 0.159 seconds
[2026-09-20T23:20:18.369+0000] {processor.py:156} INFO - Started process (PID=2446) to work on /opt/airflow/dags/1_first_dag.py
[2026-09-20T23:20:18.375+0000] {processor.py:799} INFO - Processing file /opt/airflow/dags/1_first_dag.py for tasks to queue
[2026-09-20T23:20:18.379+0000] {logging_mixin.py:149} INFO - [2026-09-20T23:20:18.378+0000] {dagbag.py:541} INFO - Filling up the DagBag from /opt/airflow/dags/1_first_dag.py
[2026-09-20T23:20:18.400+0000] {processor.py:809} INFO - DAG(s) dict_keys(['1-miprimerdag']) retrieved from /opt/airflow/dags/1_first_dag.py
[2026-09-20T23:20:18.470+0000] {logging_mixin.py:149} INFO - [2026-09-20T23:20:18.470+0000] {dag.py:2726} INFO - Sync 1 DAGs
[2026-09-20T23:20:18.515+0000] {logging_mixin.py:149} INFO - [2026-09-20T23:20:18.515+0000] {dag.py:3490} INFO - Setting next_dagrun for 1-miprimerdag to None, run_after=None
[2026-09-20T23:20:18.548+0000] {processor.py:178} INFO - Processing /opt/airflow/dags/1_first_dag.py took 0.192 seconds
[2026-09-20T23:20:48.600+0000] {processor.py:156} INFO - Started process (PID=2456) to work on /opt/airflow/dags/1_first_dag.py
[2026-09-20T23:20:48.604+0000] {processor.py:799} INFO - Processing file /opt/airflow/dags/1_first_dag.py for tasks to queue
[2026-09-20T23:20:48.605+0000] {logging_mixin.py:149} INFO - [2026-09-20T23:20:48.605+0000] {dagbag.py:541} INFO - Filling up the DagBag from /opt/airflow/dags/1_first_dag.py
[2026-09-20T23:20:48.621+0000] {processor.py:809} INFO - DAG(s) dict_keys(['1-miprimerdag']) retrieved from /opt/airflow/dags/1_first_dag.py
[2026-09-20T23:20:48.684+0000] {logging_mixin.py:149} INFO - [2026-09-20T23:20:48.683+0000] {dag.py:2726} INFO - Sync 1 DAGs
[2026-09-20T23:20:48.726+0000] {logging_mixin.py:149} INFO - [2026-09-20T23:20:48.725+0000] {dag.py:3490} INFO - Setting next_dagrun for 1-miprimerdag to None, run_after=None
[2026-09-20T23:20:48.758+0000] {processor.py:178} INFO - Processing /opt/airflow/dags/1_first_dag.py took 0.164 seconds
[2026-09-20T23:21:18.860+0000] {processor.py:156} INFO - Started process (PID=2466) to work on /opt/airflow/dags/1_first_dag.py
[2026-09-20T23:21:18.865+0000] {processor.py:799} INFO - Processing file /opt/airflow/dags/1_first_dag.py for tasks to queue
[2026-09-20T23:21:18.867+0000] {logging_mixin.py:149} INFO - [2026-09-20T23:21:18.867+0000] {dagbag.py:541} INFO - Filling up the DagBag from /opt/airflow/dags/1_first_dag.py
[2026-09-20T23:21:18.884+0000] {processor.py:809} INFO - DAG(s) dict_keys(['1-miprimerdag']) retrieved from /opt/airflow/dags/1_first_dag.py
[2026-09-20T23:21:18.937+0000] {logging_mixin.py:149} INFO - [2026-09-20T23:21:18.937+0000] {dag.py:2726} INFO - Sync 1 DAGs
[2026-09-20T23:21:18.980+0000] {logging_mixin.py:149} INFO - [2026-09-20T23:21:18.980+0000] {dag.py:3490} INFO - Setting next_dagrun for 1-miprimerdag to None, run_after=None
[2026-09-20T23:21:19.025+0000] {processor.py:178} INFO - Processing /opt/airflow/dags/1_first_dag.py took 0.171 seconds
[2026-09-20T23:21:49.060+0000] {processor.py:156} INFO - Started process (PID=2476) to work on /opt/airflow/dags/1_first_dag.py
[2026-09-20T23:21:49.066+0000] {processor.py:799} INFO - Processing file /opt/airflow/dags/1_first_dag.py for tasks to queue
[2026-09-20T23:21:49.068+0000] {logging_mixin.py:149} INFO - [2026-09-20T23:21:49.067+0000] {dagbag.py:541} INFO - Filling up the DagBag from /opt/airflow/dags/1_first_dag.py
[2026-09-20T23:21:49.087+0000] {processor.py:809} INFO - DAG(s) dict_keys(['1-miprimerdag']) retrieved from /opt/airflow/dags/1_first_dag.py
[2026-09-20T23:21:49.150+0000] {logging_mixin.py:149} INFO - [2026-09-20T23:21:49.150+0000] {dag.py:2726} INFO - Sync 1 DAGs
[2026-09-20T23:21:49.190+0000] {logging_mixin.py:149} INFO - [2026-09-20T23:21:49.190+0000] {dag.py:3490} INFO - Setting next_dagrun for 1-miprimerdag to None, run_after=None
[2026-09-20T23:21:49.218+0000] {processor.py:178} INFO - Processing /opt/airflow/dags/1_first_dag.py took 0.165 seconds
[2026-09-20T23:22:19.343+0000] {processor.py:156} INFO - Started process (PID=2486) to work on /opt/airflow/dags/1_first_dag.py
[2026-09-20T23:22:19.345+0000] {processor.py:799} INFO - Processing file /opt/airflow/dags/1_first_dag.py for tasks to queue
[2026-09-20T23:22:19.348+0000] {logging_mixin.py:149} INFO - [2026-09-20T23:22:19.348+0000] {dagbag.py:541} INFO - Filling up the DagBag from /opt/airflow/dags/1_first_dag.py
[2026-09-20T23:22:19.380+0000] {processor.py:809} INFO - DAG(s) dict_keys(['1-miprimerdag']) retrieved from /opt/airflow/dags/1_first_dag.py
[2026-09-20T23:22:19.452+0000] {logging_mixin.py:149} INFO - [2026-09-20T23:22:19.452+0000] {dag.py:2726} INFO - Sync 1 DAGs
[2026-09-20T23:22:19.506+0000] {logging_mixin.py:149} INFO - [2026-09-20T23:22:19.505+0000] {dag.py:3490} INFO - Setting next_dagrun for 1-miprimerdag to None, run_after=None
[2026-09-20T23:22:19.544+0000] {processor.py:178} INFO - Processing /opt/airflow/dags/1_first_dag.py took 0.210 seconds
[2026-09-20T23:22:49.985+0000] {processor.py:156} INFO - Started process (PID=2496) to work on /opt/airflow/dags/1_first_dag.py
[2026-09-20T23:22:49.988+0000] {processor.py:799} INFO - Processing file /opt/airflow/dags/1_first_dag.py for tasks to queue
[2026-09-20T23:22:49.989+0000] {logging_mixin.py:149} INFO - [2026-09-20T23:22:49.989+0000] {dagbag.py:541} INFO - Filling up the DagBag from /opt/airflow/dags/1_first_dag.py
[2026-09-20T23:22:50.006+0000] {processor.py:809} INFO - DAG(s) dict_keys(['1-miprimerdag']) retrieved from /opt/airflow/dags/1_first_dag.py
[2026-09-20T23:22:50.063+0000] {logging_mixin.py:149} INFO - [2026-09-20T23:22:50.063+0000] {dag.py:2726} INFO - Sync 1 DAGs
[2026-09-20T23:22:50.105+0000] {logging_mixin.py:149} INFO - [2026-09-20T23:22:50.105+0000] {dag.py:3490} INFO - Setting next_dagrun for 1-miprimerdag to None, run_after=None
[2026-09-20T23:22:50.144+0000] {processor.py:178} INFO - Processing /opt/airflow/dags/1_first_dag.py took 0.166 seconds
[2026-09-20T23:23:20.353+0000] {processor.py:156} INFO - Started process (PID=2506) to work on /opt/airflow/dags/1_first_dag.py
[2026-09-20T23:23:20.355+0000] {processor.py:799} INFO - Processing file /opt/airflow/dags/1_first_dag.py for tasks to queue
[2026-09-20T23:23:20.357+0000] {logging_mixin.py:149} INFO - [2026-09-20T23:23:20.356+0000] {dagbag.py:541} INFO - Filling up the DagBag from /opt/airflow/dags/1_first_dag.py
[2026-09-20T23:23:20.384+0000] {processor.py:809} INFO - DAG(s) dict_keys(['1-miprimerdag']) retrieved from /opt/airflow/dags/1_first_dag.py
[2026-09-20T23:23:20.445+0000] {logging_mixin.py:149} INFO - [2026-09-20T23:23:20.445+0000] {dag.py:2726} INFO - Sync 1 DAGs
[2026-09-20T23:23:20.510+0000] {logging_mixin.py:149} INFO - [2026-09-20T23:23:20.509+0000] {dag.py:3490} INFO - Setting next_dagrun for 1-miprimerdag to None, run_after=None
[2026-09-20T23:23:20.559+0000] {processor.py:178} INFO - Processing /opt/airflow/dags/1_first_dag.py took 0.214 seconds
[2026-09-20T23:23:50.788+0000] {processor.py:156} INFO - Started process (PID=2516) to work on /opt/airflow/dags/1_first_dag.py
[2026-09-20T23:23:50.811+0000] {processor.py:799} INFO - Processing file /opt/airflow/dags/1_first_dag.py for tasks to queue
[2026-09-20T23:23:50.813+0000] {logging_mixin.py:149} INFO - [2026-09-20T23:23:50.812+0000] {dagbag.py:541} INFO - Filling up the DagBag from /opt/airflow/dags/1_first_dag.py
[2026-09-20T23:23:50.836+0000] {processor.py:809} INFO - DAG(s) dict_keys(['1-miprimerdag']) retrieved from /opt/airflow/dags/1_first_dag.py
[2026-09-20T23:23:50.889+0000] {logging_mixin.py:149} INFO - [2026-09-20T23:23:50.888+0000] {dag.py:2726} INFO - Sync 1 DAGs
[2026-09-20T23:23:50.944+0000] {logging_mixin.py:149} INFO - [2026-09-20T23:23:50.943+0000] {dag.py:3490} INFO - Setting next_dagrun for 1-miprimerdag to None, run_after=None
[2026-09-20T23:23:50.977+0000] {processor.py:178} INFO - Processing /opt/airflow/dags/1_first_dag.py took 0.198 seconds
[2026-09-20T23:24:21.214+0000] {processor.py:156} INFO - Started process (PID=2526) to work on /opt/airflow/dags/1_first_dag.py
[2026-09-20T23:24:21.216+0000] {processor.py:799} INFO - Processing file /opt/airflow/dags/1_first_dag.py for tasks to queue
[2026-09-20T23:24:21.217+0000] {logging_mixin.py:149} INFO - [2026-09-20T23:24:21.217+0000] {dagbag.py:541} INFO - Filling up the DagBag from /opt/airflow/dags/1_first_dag.py
[2026-09-20T23:24:21.236+0000] {processor.py:809} INFO - DAG(s) dict_keys(['1-miprimerdag']) retrieved from /opt/airflow/dags/1_first_dag.py
[2026-09-20T23:24:21.350+0000] {logging_mixin.py:149} INFO - [2026-09-20T23:24:21.350+0000] {dag.py:2726} INFO - Sync 1 DAGs
[2026-09-20T23:24:21.387+0000] {logging_mixin.py:149} INFO - [2026-09-20T23:24:21.386+0000] {dag.py:3490} INFO - Setting next_dagrun for 1-miprimerdag to None, run_after=None
[2026-09-20T23:24:21.420+0000] {processor.py:178} INFO - Processing /opt/airflow/dags/1_first_dag.py took 0.214 seconds
[2026-09-20T23:24:51.560+0000] {processor.py:156} INFO - Started process (PID=2536) to work on /opt/airflow/dags/1_first_dag.py
[2026-09-20T23:24:51.562+0000] {processor.py:799} INFO - Processing file /opt/airflow/dags/1_first_dag.py for tasks to queue
[2026-09-20T23:24:51.564+0000] {logging_mixin.py:149} INFO - [2026-09-20T23:24:51.563+0000] {dagbag.py:541} INFO - Filling up the DagBag from /opt/airflow/dags/1_first_dag.py
[2026-09-20T23:24:51.581+0000] {processor.py:809} INFO - DAG(s) dict_keys(['1-miprimerdag']) retrieved from /opt/airflow/dags/1_first_dag.py
[2026-09-20T23:24:51.640+0000] {logging_mixin.py:149} INFO - [2026-09-20T23:24:51.640+0000] {dag.py:2726} INFO - Sync 1 DAGs
[2026-09-20T23:24:51.681+0000] {logging_mixin.py:149} INFO - [2026-09-20T23:24:51.681+0000] {dag.py:3490} INFO - Setting next_dagrun for 1-miprimerdag to None, run_after=None
[2026-09-20T23:24:51.722+0000] {processor.py:178} INFO - Processing /opt/airflow/dags/1_first_dag.py took 0.169 seconds
[2026-09-20T23:25:21.918+0000] {processor.py:156} INFO - Started process (PID=2546) to work on /opt/airflow/dags/1_first_dag.py
[2026-09-20T23:25:21.921+0000] {processor.py:799} INFO - Processing file /opt/airflow/dags/1_first_dag.py for tasks to queue
[2026-09-20T23:25:21.922+0000] {logging_mixin.py:149} INFO - [2026-09-20T23:25:21.922+0000] {dagbag.py:541} INFO - Filling up the DagBag from /opt/airflow/dags/1_first_dag.py
[2026-09-20T23:25:21.946+0000] {processor.py:809} INFO - DAG(s) dict_keys(['1-miprimerdag']) retrieved from /opt/airflow/dags/1_first_dag.py
[2026-09-20T23:25:22.006+0000] {logging_mixin.py:149} INFO - [2026-09-20T23:25:22.005+0000] {dag.py:2726} INFO - Sync 1 DAGs
[2026-09-20T23:25:22.056+0000] {logging_mixin.py:149} INFO - [2026-09-20T23:25:22.055+0000] {dag.py:3490} INFO - Setting next_dagrun for 1-miprimerdag to None, run_after=None
[2026-09-20T23:25:22.094+0000] {processor.py:178} INFO - Processing /opt/airflow/dags/1_first_dag.py took 0.185 seconds
[2026-09-20T23:25:52.257+0000] {processor.py:156} INFO - Started process (PID=2556) to work on /opt/airflow/dags/1_first_dag.py
[2026-09-20T23:25:52.288+0000] {processor.py:799} INFO - Processing file /opt/airflow/dags/1_first_dag.py for tasks to queue
[2026-09-20T23:25:52.290+0000] {logging_mixin.py:149} INFO - [2026-09-20T23:25:52.289+0000] {dagbag.py:541} INFO - Filling up the DagBag from /opt/airflow/dags/1_first_dag.py
[2026-09-20T23:25:52.317+0000] {processor.py:809} INFO - DAG(s) dict_keys(['1-miprimerdag']) retrieved from /opt/airflow/dags/1_first_dag.py
[2026-09-20T23:25:52.368+0000] {logging_mixin.py:149} INFO - [2026-09-20T23:25:52.368+0000] {dag.py:2726} INFO - Sync 1 DAGs
[2026-09-20T23:25:52.425+0000] {logging_mixin.py:149} INFO - [2026-09-20T23:25:52.424+0000] {dag.py:3490} INFO - Setting next_dagrun for 1-miprimerdag to None, run_after=None
[2026-09-20T23:25:52.468+0000] {processor.py:178} INFO - Processing /opt/airflow/dags/1_first_dag.py took 0.222 seconds
[2026-09-20T23:26:23.447+0000] {processor.py:156} INFO - Started process (PID=2566) to work on /opt/airflow/dags/1_first_dag.py
[2026-09-20T23:26:23.451+0000] {processor.py:799} INFO - Processing file /opt/airflow/dags/1_first_dag.py for tasks to queue
[2026-09-20T23:26:23.453+0000] {logging_mixin.py:149} INFO - [2026-09-20T23:26:23.452+0000] {dagbag.py:541} INFO - Filling up the DagBag from /opt/airflow/dags/1_first_dag.py
[2026-09-20T23:26:23.471+0000] {processor.py:809} INFO - DAG(s) dict_keys(['1-miprimerdag']) retrieved from /opt/airflow/dags/1_first_dag.py
[2026-09-20T23:26:23.524+0000] {logging_mixin.py:149} INFO - [2026-09-20T23:26:23.524+0000] {dag.py:2726} INFO - Sync 1 DAGs
[2026-09-20T23:26:23.565+0000] {logging_mixin.py:149} INFO - [2026-09-20T23:26:23.565+0000] {dag.py:3490} INFO - Setting next_dagrun for 1-miprimerdag to None, run_after=None
[2026-09-20T23:26:23.595+0000] {processor.py:178} INFO - Processing /opt/airflow/dags/1_first_dag.py took 0.157 seconds
[2026-09-20T23:26:53.718+0000] {processor.py:156} INFO - Started process (PID=2577) to work on /opt/airflow/dags/1_first_dag.py
[2026-09-20T23:26:53.724+0000] {processor.py:799} INFO - Processing file /opt/airflow/dags/1_first_dag.py for tasks to queue
[2026-09-20T23:26:53.725+0000] {logging_mixin.py:149} INFO - [2026-09-20T23:26:53.725+0000] {dagbag.py:541} INFO - Filling up the DagBag from /opt/airflow/dags/1_first_dag.py
[2026-09-20T23:26:53.747+0000] {processor.py:809} INFO - DAG(s) dict_keys(['1-miprimerdag']) retrieved from /opt/airflow/dags/1_first_dag.py
[2026-09-20T23:26:53.828+0000] {logging_mixin.py:149} INFO - [2026-09-20T23:26:53.828+0000] {dag.py:2726} INFO - Sync 1 DAGs
[2026-09-20T23:26:53.872+0000] {logging_mixin.py:149} INFO - [2026-09-20T23:26:53.872+0000] {dag.py:3490} INFO - Setting next_dagrun for 1-miprimerdag to None, run_after=None
[2026-09-20T23:26:53.907+0000] {processor.py:178} INFO - Processing /opt/airflow/dags/1_first_dag.py took 0.196 seconds
[2026-09-20T23:27:23.993+0000] {processor.py:156} INFO - Started process (PID=2587) to work on /opt/airflow/dags/1_first_dag.py
[2026-09-20T23:27:23.996+0000] {processor.py:799} INFO - Processing file /opt/airflow/dags/1_first_dag.py for tasks to queue
[2026-09-20T23:27:23.997+0000] {logging_mixin.py:149} INFO - [2026-09-20T23:27:23.997+0000] {dagbag.py:541} INFO - Filling up the DagBag from /opt/airflow/dags/1_first_dag.py
[2026-09-20T23:27:24.026+0000] {processor.py:809} INFO - DAG(s) dict_keys(['1-miprimerdag']) retrieved from /opt/airflow/dags/1_first_dag.py
[2026-09-20T23:27:24.112+0000] {logging_mixin.py:149} INFO - [2026-09-20T23:27:24.111+0000] {dag.py:2726} INFO - Sync 1 DAGs
[2026-09-20T23:27:24.160+0000] {logging_mixin.py:149} INFO - [2026-09-20T23:27:24.160+0000] {dag.py:3490} INFO - Setting next_dagrun for 1-miprimerdag to None, run_after=None
[2026-09-20T23:27:24.193+0000] {processor.py:178} INFO - Processing /opt/airflow/dags/1_first_dag.py took 0.209 seconds
[2026-09-20T23:27:54.385+0000] {processor.py:156} INFO - Started process (PID=2599) to work on /opt/airflow/dags/1_first_dag.py
[2026-09-20T23:27:54.389+0000] {processor.py:799} INFO - Processing file /opt/airflow/dags/1_first_dag.py for tasks to queue
[2026-09-20T23:27:54.390+0000] {logging_mixin.py:149} INFO - [2026-09-20T23:27:54.390+0000] {dagbag.py:541} INFO - Filling up the DagBag from /opt/airflow/dags/1_first_dag.py
[2026-09-20T23:27:54.407+0000] {processor.py:809} INFO - DAG(s) dict_keys(['1-miprimerdag']) retrieved from /opt/airflow/dags/1_first_dag.py
[2026-09-20T23:27:54.459+0000] {logging_mixin.py:149} INFO - [2026-09-20T23:27:54.459+0000] {dag.py:2726} INFO - Sync 1 DAGs
[2026-09-20T23:27:54.496+0000] {logging_mixin.py:149} INFO - [2026-09-20T23:27:54.496+0000] {dag.py:3490} INFO - Setting next_dagrun for 1-miprimerdag to None, run_after=None
[2026-09-20T23:27:54.532+0000] {processor.py:178} INFO - Processing /opt/airflow/dags/1_first_dag.py took 0.154 seconds
[2026-09-20T23:28:24.983+0000] {processor.py:156} INFO - Started process (PID=2609) to work on /opt/airflow/dags/1_first_dag.py
[2026-09-20T23:28:24.985+0000] {processor.py:799} INFO - Processing file /opt/airflow/dags/1_first_dag.py for tasks to queue
[2026-09-20T23:28:24.986+0000] {logging_mixin.py:149} INFO - [2026-09-20T23:28:24.986+0000] {dagbag.py:541} INFO - Filling up the DagBag from /opt/airflow/dags/1_first_dag.py
[2026-09-20T23:28:25.010+0000] {processor.py:809} INFO - DAG(s) dict_keys(['1-miprimerdag']) retrieved from /opt/airflow/dags/1_first_dag.py
[2026-09-20T23:28:25.067+0000] {logging_mixin.py:149} INFO - [2026-09-20T23:28:25.067+0000] {dag.py:2726} INFO - Sync 1 DAGs
[2026-09-20T23:28:25.107+0000] {logging_mixin.py:149} INFO - [2026-09-20T23:28:25.107+0000] {dag.py:3490} INFO - Setting next_dagrun for 1-miprimerdag to None, run_after=None
[2026-09-20T23:28:25.138+0000] {processor.py:178} INFO - Processing /opt/airflow/dags/1_first_dag.py took 0.162 seconds
[2026-09-20T23:28:55.367+0000] {processor.py:156} INFO - Started process (PID=2619) to work on /opt/airflow/dags/1_first_dag.py
[2026-09-20T23:28:55.373+0000] {processor.py:799} INFO - Processing file /opt/airflow/dags/1_first_dag.py for tasks to queue
[2026-09-20T23:28:55.380+0000] {logging_mixin.py:149} INFO - [2026-09-20T23:28:55.378+0000] {dagbag.py:541} INFO - Filling up the DagBag from /opt/airflow/dags/1_first_dag.py
[2026-09-20T23:28:55.418+0000] {processor.py:809} INFO - DAG(s) dict_keys(['1-miprimerdag']) retrieved from /opt/airflow/dags/1_first_dag.py
[2026-09-20T23:28:55.506+0000] {logging_mixin.py:149} INFO - [2026-09-20T23:28:55.506+0000] {dag.py:2726} INFO - Sync 1 DAGs
[2026-09-20T23:28:55.550+0000] {logging_mixin.py:149} INFO - [2026-09-20T23:28:55.550+0000] {dag.py:3490} INFO - Setting next_dagrun for 1-miprimerdag to None, run_after=None
[2026-09-20T23:28:55.582+0000] {processor.py:178} INFO - Processing /opt/airflow/dags/1_first_dag.py took 0.224 seconds
[2026-09-20T23:29:25.752+0000] {processor.py:156} INFO - Started process (PID=2629) to work on /opt/airflow/dags/1_first_dag.py
[2026-09-20T23:29:25.755+0000] {processor.py:799} INFO - Processing file /opt/airflow/dags/1_first_dag.py for tasks to queue
[2026-09-20T23:29:25.757+0000] {logging_mixin.py:149} INFO - [2026-09-20T23:29:25.756+0000] {dagbag.py:541} INFO - Filling up the DagBag from /opt/airflow/dags/1_first_dag.py
[2026-09-20T23:29:25.789+0000] {processor.py:809} INFO - DAG(s) dict_keys(['1-miprimerdag']) retrieved from /opt/airflow/dags/1_first_dag.py
[2026-09-20T23:29:25.875+0000] {logging_mixin.py:149} INFO - [2026-09-20T23:29:25.875+0000] {dag.py:2726} INFO - Sync 1 DAGs
[2026-09-20T23:29:25.937+0000] {logging_mixin.py:149} INFO - [2026-09-20T23:29:25.937+0000] {dag.py:3490} INFO - Setting next_dagrun for 1-miprimerdag to None, run_after=None
[2026-09-20T23:29:25.983+0000] {processor.py:178} INFO - Processing /opt/airflow/dags/1_first_dag.py took 0.239 seconds
[2026-09-20T23:29:56.121+0000] {processor.py:156} INFO - Started process (PID=2639) to work on /opt/airflow/dags/1_first_dag.py
[2026-09-20T23:29:56.126+0000] {processor.py:799} INFO - Processing file /opt/airflow/dags/1_first_dag.py for tasks to queue
[2026-09-20T23:29:56.129+0000] {logging_mixin.py:149} INFO - [2026-09-20T23:29:56.128+0000] {dagbag.py:541} INFO - Filling up the DagBag from /opt/airflow/dags/1_first_dag.py
[2026-09-20T23:29:56.147+0000] {processor.py:809} INFO - DAG(s) dict_keys(['1-miprimerdag']) retrieved from /opt/airflow/dags/1_first_dag.py
[2026-09-20T23:29:56.199+0000] {logging_mixin.py:149} INFO - [2026-09-20T23:29:56.199+0000] {dag.py:2726} INFO - Sync 1 DAGs
[2026-09-20T23:29:56.240+0000] {logging_mixin.py:149} INFO - [2026-09-20T23:29:56.239+0000] {dag.py:3490} INFO - Setting next_dagrun for 1-miprimerdag to None, run_after=None
[2026-09-20T23:29:56.276+0000] {processor.py:178} INFO - Processing /opt/airflow/dags/1_first_dag.py took 0.165 seconds
[2026-09-20T23:30:26.485+0000] {processor.py:156} INFO - Started process (PID=2649) to work on /opt/airflow/dags/1_first_dag.py
[2026-09-20T23:30:26.487+0000] {processor.py:799} INFO - Processing file /opt/airflow/dags/1_first_dag.py for tasks to queue
[2026-09-20T23:30:26.488+0000] {logging_mixin.py:149} INFO - [2026-09-20T23:30:26.488+0000] {dagbag.py:541} INFO - Filling up the DagBag from /opt/airflow/dags/1_first_dag.py
[2026-09-20T23:30:26.505+0000] {processor.py:809} INFO - DAG(s) dict_keys(['1-miprimerdag']) retrieved from /opt/airflow/dags/1_first_dag.py
[2026-09-20T23:30:26.565+0000] {logging_mixin.py:149} INFO - [2026-09-20T23:30:26.565+0000] {dag.py:2726} INFO - Sync 1 DAGs
[2026-09-20T23:30:26.610+0000] {logging_mixin.py:149} INFO - [2026-09-20T23:30:26.610+0000] {dag.py:3490} INFO - Setting next_dagrun for 1-miprimerdag to None, run_after=None
[2026-09-20T23:30:26.662+0000] {processor.py:178} INFO - Processing /opt/airflow/dags/1_first_dag.py took 0.184 seconds
[2026-09-20T23:30:56.773+0000] {processor.py:156} INFO - Started process (PID=2659) to work on /opt/airflow/dags/1_first_dag.py
[2026-09-20T23:30:56.776+0000] {processor.py:799} INFO - Processing file /opt/airflow/dags/1_first_dag.py for tasks to queue
[2026-09-20T23:30:56.777+0000] {logging_mixin.py:149} INFO - [2026-09-20T23:30:56.777+0000] {dagbag.py:541} INFO - Filling up the DagBag from /opt/airflow/dags/1_first_dag.py
[2026-09-20T23:30:56.793+0000] {processor.py:809} INFO - DAG(s) dict_keys(['1-miprimerdag']) retrieved from /opt/airflow/dags/1_first_dag.py
[2026-09-20T23:30:56.857+0000] {logging_mixin.py:149} INFO - [2026-09-20T23:30:56.857+0000] {dag.py:2726} INFO - Sync 1 DAGs
[2026-09-20T23:30:56.920+0000] {logging_mixin.py:149} INFO - [2026-09-20T23:30:56.920+0000] {dag.py:3490} INFO - Setting next_dagrun for 1-miprimerdag to None, run_after=None
[2026-09-20T23:30:56.969+0000] {processor.py:178} INFO - Processing /opt/airflow/dags/1_first_dag.py took 0.204 seconds
[2026-09-20T23:31:27.107+0000] {processor.py:156} INFO - Started process (PID=2669) to work on /opt/airflow/dags/1_first_dag.py
[2026-09-20T23:31:27.117+0000] {processor.py:799} INFO - Processing file /opt/airflow/dags/1_first_dag.py for tasks to queue
[2026-09-20T23:31:27.119+0000] {logging_mixin.py:149} INFO - [2026-09-20T23:31:27.118+0000] {dagbag.py:541} INFO - Filling up the DagBag from /opt/airflow/dags/1_first_dag.py
[2026-09-20T23:31:27.148+0000] {processor.py:809} INFO - DAG(s) dict_keys(['1-miprimerdag']) retrieved from /opt/airflow/dags/1_first_dag.py
[2026-09-20T23:31:27.231+0000] {logging_mixin.py:149} INFO - [2026-09-20T23:31:27.230+0000] {dag.py:2726} INFO - Sync 1 DAGs
[2026-09-20T23:31:27.307+0000] {logging_mixin.py:149} INFO - [2026-09-20T23:31:27.307+0000] {dag.py:3490} INFO - Setting next_dagrun for 1-miprimerdag to None, run_after=None
[2026-09-20T23:31:27.382+0000] {processor.py:178} INFO - Processing /opt/airflow/dags/1_first_dag.py took 0.284 seconds
[2026-09-20T23:31:57.536+0000] {processor.py:156} INFO - Started process (PID=2679) to work on /opt/airflow/dags/1_first_dag.py
[2026-09-20T23:31:57.541+0000] {processor.py:799} INFO - Processing file /opt/airflow/dags/1_first_dag.py for tasks to queue
[2026-09-20T23:31:57.542+0000] {logging_mixin.py:149} INFO - [2026-09-20T23:31:57.542+0000] {dagbag.py:541} INFO - Filling up the DagBag from /opt/airflow/dags/1_first_dag.py
[2026-09-20T23:31:57.556+0000] {processor.py:809} INFO - DAG(s) dict_keys(['1-miprimerdag']) retrieved from /opt/airflow/dags/1_first_dag.py
[2026-09-20T23:31:57.598+0000] {logging_mixin.py:149} INFO - [2026-09-20T23:31:57.598+0000] {dag.py:2726} INFO - Sync 1 DAGs
[2026-09-20T23:31:57.631+0000] {logging_mixin.py:149} INFO - [2026-09-20T23:31:57.631+0000] {dag.py:3490} INFO - Setting next_dagrun for 1-miprimerdag to None, run_after=None
[2026-09-20T23:31:57.655+0000] {processor.py:178} INFO - Processing /opt/airflow/dags/1_first_dag.py took 0.127 seconds
[2026-09-20T23:32:27.854+0000] {processor.py:156} INFO - Started process (PID=2689) to work on /opt/airflow/dags/1_first_dag.py
[2026-09-20T23:32:27.856+0000] {processor.py:799} INFO - Processing file /opt/airflow/dags/1_first_dag.py for tasks to queue
[2026-09-20T23:32:27.857+0000] {logging_mixin.py:149} INFO - [2026-09-20T23:32:27.857+0000] {dagbag.py:541} INFO - Filling up the DagBag from /opt/airflow/dags/1_first_dag.py
[2026-09-20T23:32:27.875+0000] {processor.py:809} INFO - DAG(s) dict_keys(['1-miprimerdag']) retrieved from /opt/airflow/dags/1_first_dag.py
[2026-09-20T23:32:27.944+0000] {logging_mixin.py:149} INFO - [2026-09-20T23:32:27.943+0000] {dag.py:2726} INFO - Sync 1 DAGs
[2026-09-20T23:32:27.983+0000] {logging_mixin.py:149} INFO - [2026-09-20T23:32:27.983+0000] {dag.py:3490} INFO - Setting next_dagrun for 1-miprimerdag to None, run_after=None
[2026-09-20T23:32:28.012+0000] {processor.py:178} INFO - Processing /opt/airflow/dags/1_first_dag.py took 0.165 seconds
[2026-09-20T23:32:58.098+0000] {processor.py:156} INFO - Started process (PID=2699) to work on /opt/airflow/dags/1_first_dag.py
[2026-09-20T23:32:58.106+0000] {processor.py:799} INFO - Processing file /opt/airflow/dags/1_first_dag.py for tasks to queue
[2026-09-20T23:32:58.107+0000] {logging_mixin.py:149} INFO - [2026-09-20T23:32:58.107+0000] {dagbag.py:541} INFO - Filling up the DagBag from /opt/airflow/dags/1_first_dag.py
[2026-09-20T23:32:58.123+0000] {processor.py:809} INFO - DAG(s) dict_keys(['1-miprimerdag']) retrieved from /opt/airflow/dags/1_first_dag.py
[2026-09-20T23:32:58.176+0000] {logging_mixin.py:149} INFO - [2026-09-20T23:32:58.175+0000] {dag.py:2726} INFO - Sync 1 DAGs
[2026-09-20T23:32:58.215+0000] {logging_mixin.py:149} INFO - [2026-09-20T23:32:58.215+0000] {dag.py:3490} INFO - Setting next_dagrun for 1-miprimerdag to None, run_after=None
[2026-09-20T23:32:58.243+0000] {processor.py:178} INFO - Processing /opt/airflow/dags/1_first_dag.py took 0.158 seconds
[2026-09-20T23:33:28.422+0000] {processor.py:156} INFO - Started process (PID=2709) to work on /opt/airflow/dags/1_first_dag.py
[2026-09-20T23:33:28.425+0000] {processor.py:799} INFO - Processing file /opt/airflow/dags/1_first_dag.py for tasks to queue
[2026-09-20T23:33:28.426+0000] {logging_mixin.py:149} INFO - [2026-09-20T23:33:28.426+0000] {dagbag.py:541} INFO - Filling up the DagBag from /opt/airflow/dags/1_first_dag.py
[2026-09-20T23:33:28.442+0000] {processor.py:809} INFO - DAG(s) dict_keys(['1-miprimerdag']) retrieved from /opt/airflow/dags/1_first_dag.py
[2026-09-20T23:33:28.491+0000] {logging_mixin.py:149} INFO - [2026-09-20T23:33:28.490+0000] {dag.py:2726} INFO - Sync 1 DAGs
[2026-09-20T23:33:28.530+0000] {logging_mixin.py:149} INFO - [2026-09-20T23:33:28.529+0000] {dag.py:3490} INFO - Setting next_dagrun for 1-miprimerdag to None, run_after=None
[2026-09-20T23:33:28.564+0000] {processor.py:178} INFO - Processing /opt/airflow/dags/1_first_dag.py took 0.151 seconds
[2026-09-20T23:33:58.769+0000] {processor.py:156} INFO - Started process (PID=2719) to work on /opt/airflow/dags/1_first_dag.py
[2026-09-20T23:33:58.771+0000] {processor.py:799} INFO - Processing file /opt/airflow/dags/1_first_dag.py for tasks to queue
[2026-09-20T23:33:58.772+0000] {logging_mixin.py:149} INFO - [2026-09-20T23:33:58.772+0000] {dagbag.py:541} INFO - Filling up the DagBag from /opt/airflow/dags/1_first_dag.py
[2026-09-20T23:33:58.789+0000] {processor.py:809} INFO - DAG(s) dict_keys(['1-miprimerdag']) retrieved from /opt/airflow/dags/1_first_dag.py
[2026-09-20T23:33:58.850+0000] {logging_mixin.py:149} INFO - [2026-09-20T23:33:58.850+0000] {dag.py:2726} INFO - Sync 1 DAGs
[2026-09-20T23:33:58.931+0000] {logging_mixin.py:149} INFO - [2026-09-20T23:33:58.931+0000] {dag.py:3490} INFO - Setting next_dagrun for 1-miprimerdag to None, run_after=None
[2026-09-20T23:33:58.969+0000] {processor.py:178} INFO - Processing /opt/airflow/dags/1_first_dag.py took 0.218 seconds
[2026-09-20T23:34:29.029+0000] {processor.py:156} INFO - Started process (PID=2729) to work on /opt/airflow/dags/1_first_dag.py
[2026-09-20T23:34:29.031+0000] {processor.py:799} INFO - Processing file /opt/airflow/dags/1_first_dag.py for tasks to queue
[2026-09-20T23:34:29.032+0000] {logging_mixin.py:149} INFO - [2026-09-20T23:34:29.032+0000] {dagbag.py:541} INFO - Filling up the DagBag from /opt/airflow/dags/1_first_dag.py
[2026-09-20T23:34:29.048+0000] {processor.py:809} INFO - DAG(s) dict_keys(['1-miprimerdag']) retrieved from /opt/airflow/dags/1_first_dag.py
[2026-09-20T23:34:29.102+0000] {logging_mixin.py:149} INFO - [2026-09-20T23:34:29.101+0000] {dag.py:2726} INFO - Sync 1 DAGs
[2026-09-20T23:34:29.166+0000] {logging_mixin.py:149} INFO - [2026-09-20T23:34:29.165+0000] {dag.py:3490} INFO - Setting next_dagrun for 1-miprimerdag to None, run_after=None
[2026-09-20T23:34:29.205+0000] {processor.py:178} INFO - Processing /opt/airflow/dags/1_first_dag.py took 0.183 seconds
[2026-09-20T23:34:59.397+0000] {processor.py:156} INFO - Started process (PID=2739) to work on /opt/airflow/dags/1_first_dag.py
[2026-09-20T23:34:59.400+0000] {processor.py:799} INFO - Processing file /opt/airflow/dags/1_first_dag.py for tasks to queue
[2026-09-20T23:34:59.401+0000] {logging_mixin.py:149} INFO - [2026-09-20T23:34:59.401+0000] {dagbag.py:541} INFO - Filling up the DagBag from /opt/airflow/dags/1_first_dag.py
[2026-09-20T23:34:59.420+0000] {processor.py:809} INFO - DAG(s) dict_keys(['1-miprimerdag']) retrieved from /opt/airflow/dags/1_first_dag.py
[2026-09-20T23:34:59.481+0000] {logging_mixin.py:149} INFO - [2026-09-20T23:34:59.481+0000] {dag.py:2726} INFO - Sync 1 DAGs
[2026-09-20T23:34:59.529+0000] {logging_mixin.py:149} INFO - [2026-09-20T23:34:59.529+0000] {dag.py:3490} INFO - Setting next_dagrun for 1-miprimerdag to None, run_after=None
[2026-09-20T23:34:59.583+0000] {processor.py:178} INFO - Processing /opt/airflow/dags/1_first_dag.py took 0.193 seconds
[2026-09-20T23:35:29.666+0000] {processor.py:156} INFO - Started process (PID=2749) to work on /opt/airflow/dags/1_first_dag.py
[2026-09-20T23:35:29.669+0000] {processor.py:799} INFO - Processing file /opt/airflow/dags/1_first_dag.py for tasks to queue
[2026-09-20T23:35:29.670+0000] {logging_mixin.py:149} INFO - [2026-09-20T23:35:29.670+0000] {dagbag.py:541} INFO - Filling up the DagBag from /opt/airflow/dags/1_first_dag.py
[2026-09-20T23:35:29.687+0000] {processor.py:809} INFO - DAG(s) dict_keys(['1-miprimerdag']) retrieved from /opt/airflow/dags/1_first_dag.py
[2026-09-20T23:35:29.739+0000] {logging_mixin.py:149} INFO - [2026-09-20T23:35:29.738+0000] {dag.py:2726} INFO - Sync 1 DAGs
[2026-09-20T23:35:29.784+0000] {logging_mixin.py:149} INFO - [2026-09-20T23:35:29.783+0000] {dag.py:3490} INFO - Setting next_dagrun for 1-miprimerdag to None, run_after=None
[2026-09-20T23:35:29.858+0000] {processor.py:178} INFO - Processing /opt/airflow/dags/1_first_dag.py took 0.199 seconds
[2026-09-20T23:35:59.979+0000] {processor.py:156} INFO - Started process (PID=2759) to work on /opt/airflow/dags/1_first_dag.py
[2026-09-20T23:35:59.983+0000] {processor.py:799} INFO - Processing file /opt/airflow/dags/1_first_dag.py for tasks to queue
[2026-09-20T23:35:59.984+0000] {logging_mixin.py:149} INFO - [2026-09-20T23:35:59.984+0000] {dagbag.py:541} INFO - Filling up the DagBag from /opt/airflow/dags/1_first_dag.py
[2026-09-20T23:36:00.000+0000] {processor.py:809} INFO - DAG(s) dict_keys(['1-miprimerdag']) retrieved from /opt/airflow/dags/1_first_dag.py
[2026-09-20T23:36:00.081+0000] {logging_mixin.py:149} INFO - [2026-09-20T23:36:00.080+0000] {dag.py:2726} INFO - Sync 1 DAGs
[2026-09-20T23:36:00.151+0000] {logging_mixin.py:149} INFO - [2026-09-20T23:36:00.151+0000] {dag.py:3490} INFO - Setting next_dagrun for 1-miprimerdag to None, run_after=None
[2026-09-20T23:36:00.204+0000] {processor.py:178} INFO - Processing /opt/airflow/dags/1_first_dag.py took 0.233 seconds
[2026-09-20T23:36:30.283+0000] {processor.py:156} INFO - Started process (PID=2769) to work on /opt/airflow/dags/1_first_dag.py
[2026-09-20T23:36:30.285+0000] {processor.py:799} INFO - Processing file /opt/airflow/dags/1_first_dag.py for tasks to queue
[2026-09-20T23:36:30.287+0000] {logging_mixin.py:149} INFO - [2026-09-20T23:36:30.286+0000] {dagbag.py:541} INFO - Filling up the DagBag from /opt/airflow/dags/1_first_dag.py
[2026-09-20T23:36:30.303+0000] {processor.py:809} INFO - DAG(s) dict_keys(['1-miprimerdag']) retrieved from /opt/airflow/dags/1_first_dag.py
[2026-09-20T23:36:30.350+0000] {logging_mixin.py:149} INFO - [2026-09-20T23:36:30.349+0000] {dag.py:2726} INFO - Sync 1 DAGs
[2026-09-20T23:36:30.390+0000] {logging_mixin.py:149} INFO - [2026-09-20T23:36:30.390+0000] {dag.py:3490} INFO - Setting next_dagrun for 1-miprimerdag to None, run_after=None
[2026-09-20T23:36:30.434+0000] {processor.py:178} INFO - Processing /opt/airflow/dags/1_first_dag.py took 0.157 seconds
[2026-09-20T23:37:00.656+0000] {processor.py:156} INFO - Started process (PID=2779) to work on /opt/airflow/dags/1_first_dag.py
[2026-09-20T23:37:00.662+0000] {processor.py:799} INFO - Processing file /opt/airflow/dags/1_first_dag.py for tasks to queue
[2026-09-20T23:37:00.665+0000] {logging_mixin.py:149} INFO - [2026-09-20T23:37:00.664+0000] {dagbag.py:541} INFO - Filling up the DagBag from /opt/airflow/dags/1_first_dag.py
[2026-09-20T23:37:00.683+0000] {processor.py:809} INFO - DAG(s) dict_keys(['1-miprimerdag']) retrieved from /opt/airflow/dags/1_first_dag.py
[2026-09-20T23:37:00.749+0000] {logging_mixin.py:149} INFO - [2026-09-20T23:37:00.749+0000] {dag.py:2726} INFO - Sync 1 DAGs
[2026-09-20T23:37:00.792+0000] {logging_mixin.py:149} INFO - [2026-09-20T23:37:00.791+0000] {dag.py:3490} INFO - Setting next_dagrun for 1-miprimerdag to None, run_after=None
[2026-09-20T23:37:00.833+0000] {processor.py:178} INFO - Processing /opt/airflow/dags/1_first_dag.py took 0.193 seconds
[2026-09-20T23:37:30.990+0000] {processor.py:156} INFO - Started process (PID=2789) to work on /opt/airflow/dags/1_first_dag.py
[2026-09-20T23:37:30.998+0000] {processor.py:799} INFO - Processing file /opt/airflow/dags/1_first_dag.py for tasks to queue
[2026-09-20T23:37:31.000+0000] {logging_mixin.py:149} INFO - [2026-09-20T23:37:31.000+0000] {dagbag.py:541} INFO - Filling up the DagBag from /opt/airflow/dags/1_first_dag.py
[2026-09-20T23:37:31.020+0000] {processor.py:809} INFO - DAG(s) dict_keys(['1-miprimerdag']) retrieved from /opt/airflow/dags/1_first_dag.py
[2026-09-20T23:37:31.082+0000] {logging_mixin.py:149} INFO - [2026-09-20T23:37:31.082+0000] {dag.py:2726} INFO - Sync 1 DAGs
[2026-09-20T23:37:31.142+0000] {logging_mixin.py:149} INFO - [2026-09-20T23:37:31.142+0000] {dag.py:3490} INFO - Setting next_dagrun for 1-miprimerdag to None, run_after=None
[2026-09-20T23:37:31.180+0000] {processor.py:178} INFO - Processing /opt/airflow/dags/1_first_dag.py took 0.202 seconds
[2026-09-20T23:38:01.354+0000] {processor.py:156} INFO - Started process (PID=2799) to work on /opt/airflow/dags/1_first_dag.py
[2026-09-20T23:38:01.357+0000] {processor.py:799} INFO - Processing file /opt/airflow/dags/1_first_dag.py for tasks to queue
[2026-09-20T23:38:01.358+0000] {logging_mixin.py:149} INFO - [2026-09-20T23:38:01.358+0000] {dagbag.py:541} INFO - Filling up the DagBag from /opt/airflow/dags/1_first_dag.py
[2026-09-20T23:38:01.376+0000] {processor.py:809} INFO - DAG(s) dict_keys(['1-miprimerdag']) retrieved from /opt/airflow/dags/1_first_dag.py
[2026-09-20T23:38:01.428+0000] {logging_mixin.py:149} INFO - [2026-09-20T23:38:01.427+0000] {dag.py:2726} INFO - Sync 1 DAGs
[2026-09-20T23:38:01.465+0000] {logging_mixin.py:149} INFO - [2026-09-20T23:38:01.465+0000] {dag.py:3490} INFO - Setting next_dagrun for 1-miprimerdag to None, run_after=None
[2026-09-20T23:38:01.501+0000] {processor.py:178} INFO - Processing /opt/airflow/dags/1_first_dag.py took 0.154 seconds
[2026-09-20T23:38:31.637+0000] {processor.py:156} INFO - Started process (PID=2809) to work on /opt/airflow/dags/1_first_dag.py
[2026-09-20T23:38:31.640+0000] {processor.py:799} INFO - Processing file /opt/airflow/dags/1_first_dag.py for tasks to queue
[2026-09-20T23:38:31.641+0000] {logging_mixin.py:149} INFO - [2026-09-20T23:38:31.641+0000] {dagbag.py:541} INFO - Filling up the DagBag from /opt/airflow/dags/1_first_dag.py
[2026-09-20T23:38:31.667+0000] {processor.py:809} INFO - DAG(s) dict_keys(['1-miprimerdag']) retrieved from /opt/airflow/dags/1_first_dag.py
[2026-09-20T23:38:31.720+0000] {logging_mixin.py:149} INFO - [2026-09-20T23:38:31.719+0000] {dag.py:2726} INFO - Sync 1 DAGs
[2026-09-20T23:38:31.760+0000] {logging_mixin.py:149} INFO - [2026-09-20T23:38:31.760+0000] {dag.py:3490} INFO - Setting next_dagrun for 1-miprimerdag to None, run_after=None
[2026-09-20T23:38:31.791+0000] {processor.py:178} INFO - Processing /opt/airflow/dags/1_first_dag.py took 0.160 seconds
[2026-09-20T23:39:01.955+0000] {processor.py:156} INFO - Started process (PID=2819) to work on /opt/airflow/dags/1_first_dag.py
[2026-09-20T23:39:01.958+0000] {processor.py:799} INFO - Processing file /opt/airflow/dags/1_first_dag.py for tasks to queue
[2026-09-20T23:39:01.959+0000] {logging_mixin.py:149} INFO - [2026-09-20T23:39:01.959+0000] {dagbag.py:541} INFO - Filling up the DagBag from /opt/airflow/dags/1_first_dag.py
[2026-09-20T23:39:01.982+0000] {processor.py:809} INFO - DAG(s) dict_keys(['1-miprimerdag']) retrieved from /opt/airflow/dags/1_first_dag.py
[2026-09-20T23:39:02.040+0000] {logging_mixin.py:149} INFO - [2026-09-20T23:39:02.039+0000] {dag.py:2726} INFO - Sync 1 DAGs
[2026-09-20T23:39:02.085+0000] {logging_mixin.py:149} INFO - [2026-09-20T23:39:02.084+0000] {dag.py:3490} INFO - Setting next_dagrun for 1-miprimerdag to None, run_after=None
[2026-09-20T23:39:02.117+0000] {processor.py:178} INFO - Processing /opt/airflow/dags/1_first_dag.py took 0.170 seconds
[2026-09-20T23:39:32.856+0000] {processor.py:156} INFO - Started process (PID=2829) to work on /opt/airflow/dags/1_first_dag.py
[2026-09-20T23:39:32.857+0000] {processor.py:799} INFO - Processing file /opt/airflow/dags/1_first_dag.py for tasks to queue
[2026-09-20T23:39:32.858+0000] {logging_mixin.py:149} INFO - [2026-09-20T23:39:32.858+0000] {dagbag.py:541} INFO - Filling up the DagBag from /opt/airflow/dags/1_first_dag.py
[2026-09-20T23:39:32.871+0000] {processor.py:809} INFO - DAG(s) dict_keys(['1-miprimerdag']) retrieved from /opt/airflow/dags/1_first_dag.py
[2026-09-20T23:39:32.909+0000] {logging_mixin.py:149} INFO - [2026-09-20T23:39:32.909+0000] {dag.py:2726} INFO - Sync 1 DAGs
[2026-09-20T23:39:32.943+0000] {logging_mixin.py:149} INFO - [2026-09-20T23:39:32.943+0000] {dag.py:3490} INFO - Setting next_dagrun for 1-miprimerdag to None, run_after=None
[2026-09-20T23:39:32.974+0000] {processor.py:178} INFO - Processing /opt/airflow/dags/1_first_dag.py took 0.124 seconds
[2026-09-20T23:40:03.041+0000] {processor.py:156} INFO - Started process (PID=2839) to work on /opt/airflow/dags/1_first_dag.py
[2026-09-20T23:40:03.043+0000] {processor.py:799} INFO - Processing file /opt/airflow/dags/1_first_dag.py for tasks to queue
[2026-09-20T23:40:03.044+0000] {logging_mixin.py:149} INFO - [2026-09-20T23:40:03.044+0000] {dagbag.py:541} INFO - Filling up the DagBag from /opt/airflow/dags/1_first_dag.py
[2026-09-20T23:40:03.076+0000] {processor.py:809} INFO - DAG(s) dict_keys(['1-miprimerdag']) retrieved from /opt/airflow/dags/1_first_dag.py
[2026-09-20T23:40:03.167+0000] {logging_mixin.py:149} INFO - [2026-09-20T23:40:03.167+0000] {dag.py:2726} INFO - Sync 1 DAGs
[2026-09-20T23:40:03.219+0000] {logging_mixin.py:149} INFO - [2026-09-20T23:40:03.219+0000] {dag.py:3490} INFO - Setting next_dagrun for 1-miprimerdag to None, run_after=None
[2026-09-20T23:40:03.281+0000] {processor.py:178} INFO - Processing /opt/airflow/dags/1_first_dag.py took 0.254 seconds
[2026-09-20T23:40:33.358+0000] {processor.py:156} INFO - Started process (PID=2849) to work on /opt/airflow/dags/1_first_dag.py
[2026-09-20T23:40:33.360+0000] {processor.py:799} INFO - Processing file /opt/airflow/dags/1_first_dag.py for tasks to queue
[2026-09-20T23:40:33.361+0000] {logging_mixin.py:149} INFO - [2026-09-20T23:40:33.361+0000] {dagbag.py:541} INFO - Filling up the DagBag from /opt/airflow/dags/1_first_dag.py
[2026-09-20T23:40:33.378+0000] {processor.py:809} INFO - DAG(s) dict_keys(['1-miprimerdag']) retrieved from /opt/airflow/dags/1_first_dag.py
[2026-09-20T23:40:33.425+0000] {logging_mixin.py:149} INFO - [2026-09-20T23:40:33.425+0000] {dag.py:2726} INFO - Sync 1 DAGs
[2026-09-20T23:40:33.461+0000] {logging_mixin.py:149} INFO - [2026-09-20T23:40:33.461+0000] {dag.py:3490} INFO - Setting next_dagrun for 1-miprimerdag to None, run_after=None
[2026-09-20T23:40:33.495+0000] {processor.py:178} INFO - Processing /opt/airflow/dags/1_first_dag.py took 0.144 seconds
[2026-09-20T23:41:03.599+0000] {processor.py:156} INFO - Started process (PID=2859) to work on /opt/airflow/dags/1_first_dag.py
[2026-09-20T23:41:03.611+0000] {processor.py:799} INFO - Processing file /opt/airflow/dags/1_first_dag.py for tasks to queue
[2026-09-20T23:41:03.613+0000] {logging_mixin.py:149} INFO - [2026-09-20T23:41:03.612+0000] {dagbag.py:541} INFO - Filling up the DagBag from /opt/airflow/dags/1_first_dag.py
[2026-09-20T23:41:03.651+0000] {processor.py:809} INFO - DAG(s) dict_keys(['1-miprimerdag']) retrieved from /opt/airflow/dags/1_first_dag.py
[2026-09-20T23:41:03.763+0000] {logging_mixin.py:149} INFO - [2026-09-20T23:41:03.762+0000] {dag.py:2726} INFO - Sync 1 DAGs
[2026-09-20T23:41:03.844+0000] {logging_mixin.py:149} INFO - [2026-09-20T23:41:03.843+0000] {dag.py:3490} INFO - Setting next_dagrun for 1-miprimerdag to None, run_after=None
[2026-09-20T23:41:03.903+0000] {processor.py:178} INFO - Processing /opt/airflow/dags/1_first_dag.py took 0.326 seconds
[2026-09-20T23:41:34.843+0000] {processor.py:156} INFO - Started process (PID=2869) to work on /opt/airflow/dags/1_first_dag.py
[2026-09-20T23:41:34.857+0000] {processor.py:799} INFO - Processing file /opt/airflow/dags/1_first_dag.py for tasks to queue
[2026-09-20T23:41:34.858+0000] {logging_mixin.py:149} INFO - [2026-09-20T23:41:34.858+0000] {dagbag.py:541} INFO - Filling up the DagBag from /opt/airflow/dags/1_first_dag.py
[2026-09-20T23:41:34.882+0000] {processor.py:809} INFO - DAG(s) dict_keys(['1-miprimerdag']) retrieved from /opt/airflow/dags/1_first_dag.py
[2026-09-20T23:41:34.943+0000] {logging_mixin.py:149} INFO - [2026-09-20T23:41:34.943+0000] {dag.py:2726} INFO - Sync 1 DAGs
[2026-09-20T23:41:34.991+0000] {logging_mixin.py:149} INFO - [2026-09-20T23:41:34.991+0000] {dag.py:3490} INFO - Setting next_dagrun for 1-miprimerdag to None, run_after=None
[2026-09-20T23:41:35.031+0000] {processor.py:178} INFO - Processing /opt/airflow/dags/1_first_dag.py took 0.204 seconds
[2026-09-20T23:42:05.116+0000] {processor.py:156} INFO - Started process (PID=2879) to work on /opt/airflow/dags/1_first_dag.py
[2026-09-20T23:42:05.119+0000] {processor.py:799} INFO - Processing file /opt/airflow/dags/1_first_dag.py for tasks to queue
[2026-09-20T23:42:05.120+0000] {logging_mixin.py:149} INFO - [2026-09-20T23:42:05.120+0000] {dagbag.py:541} INFO - Filling up the DagBag from /opt/airflow/dags/1_first_dag.py
[2026-09-20T23:42:05.136+0000] {processor.py:809} INFO - DAG(s) dict_keys(['1-miprimerdag']) retrieved from /opt/airflow/dags/1_first_dag.py
[2026-09-20T23:42:05.199+0000] {logging_mixin.py:149} INFO - [2026-09-20T23:42:05.198+0000] {dag.py:2726} INFO - Sync 1 DAGs
[2026-09-20T23:42:05.251+0000] {logging_mixin.py:149} INFO - [2026-09-20T23:42:05.250+0000] {dag.py:3490} INFO - Setting next_dagrun for 1-miprimerdag to None, run_after=None
[2026-09-20T23:42:05.297+0000] {processor.py:178} INFO - Processing /opt/airflow/dags/1_first_dag.py took 0.187 seconds
[2026-09-20T23:42:35.515+0000] {processor.py:156} INFO - Started process (PID=2889) to work on /opt/airflow/dags/1_first_dag.py
[2026-09-20T23:42:35.521+0000] {processor.py:799} INFO - Processing file /opt/airflow/dags/1_first_dag.py for tasks to queue
[2026-09-20T23:42:35.522+0000] {logging_mixin.py:149} INFO - [2026-09-20T23:42:35.522+0000] {dagbag.py:541} INFO - Filling up the DagBag from /opt/airflow/dags/1_first_dag.py
[2026-09-20T23:42:35.578+0000] {processor.py:809} INFO - DAG(s) dict_keys(['1-miprimerdag']) retrieved from /opt/airflow/dags/1_first_dag.py
[2026-09-20T23:42:35.642+0000] {logging_mixin.py:149} INFO - [2026-09-20T23:42:35.641+0000] {dag.py:2726} INFO - Sync 1 DAGs
[2026-09-20T23:42:35.695+0000] {logging_mixin.py:149} INFO - [2026-09-20T23:42:35.694+0000] {dag.py:3490} INFO - Setting next_dagrun for 1-miprimerdag to None, run_after=None
[2026-09-20T23:42:35.749+0000] {processor.py:178} INFO - Processing /opt/airflow/dags/1_first_dag.py took 0.255 seconds
[2026-09-20T23:43:06.743+0000] {processor.py:156} INFO - Started process (PID=2899) to work on /opt/airflow/dags/1_first_dag.py
[2026-09-20T23:43:06.745+0000] {processor.py:799} INFO - Processing file /opt/airflow/dags/1_first_dag.py for tasks to queue
[2026-09-20T23:43:06.747+0000] {logging_mixin.py:149} INFO - [2026-09-20T23:43:06.746+0000] {dagbag.py:541} INFO - Filling up the DagBag from /opt/airflow/dags/1_first_dag.py
[2026-09-20T23:43:06.768+0000] {processor.py:809} INFO - DAG(s) dict_keys(['1-miprimerdag']) retrieved from /opt/airflow/dags/1_first_dag.py
[2026-09-20T23:43:06.824+0000] {logging_mixin.py:149} INFO - [2026-09-20T23:43:06.824+0000] {dag.py:2726} INFO - Sync 1 DAGs
[2026-09-20T23:43:06.876+0000] {logging_mixin.py:149} INFO - [2026-09-20T23:43:06.876+0000] {dag.py:3490} INFO - Setting next_dagrun for 1-miprimerdag to None, run_after=None
[2026-09-20T23:43:06.912+0000] {processor.py:178} INFO - Processing /opt/airflow/dags/1_first_dag.py took 0.177 seconds
[2026-09-20T23:43:37.076+0000] {processor.py:156} INFO - Started process (PID=2909) to work on /opt/airflow/dags/1_first_dag.py
[2026-09-20T23:43:37.082+0000] {processor.py:799} INFO - Processing file /opt/airflow/dags/1_first_dag.py for tasks to queue
[2026-09-20T23:43:37.083+0000] {logging_mixin.py:149} INFO - [2026-09-20T23:43:37.083+0000] {dagbag.py:541} INFO - Filling up the DagBag from /opt/airflow/dags/1_first_dag.py
[2026-09-20T23:43:37.105+0000] {processor.py:809} INFO - DAG(s) dict_keys(['1-miprimerdag']) retrieved from /opt/airflow/dags/1_first_dag.py
[2026-09-20T23:43:37.170+0000] {logging_mixin.py:149} INFO - [2026-09-20T23:43:37.170+0000] {dag.py:2726} INFO - Sync 1 DAGs
[2026-09-20T23:43:37.227+0000] {logging_mixin.py:149} INFO - [2026-09-20T23:43:37.226+0000] {dag.py:3490} INFO - Setting next_dagrun for 1-miprimerdag to None, run_after=None
[2026-09-20T23:43:37.262+0000] {processor.py:178} INFO - Processing /opt/airflow/dags/1_first_dag.py took 0.191 seconds
[2026-09-20T23:44:07.372+0000] {processor.py:156} INFO - Started process (PID=2919) to work on /opt/airflow/dags/1_first_dag.py
[2026-09-20T23:44:07.377+0000] {processor.py:799} INFO - Processing file /opt/airflow/dags/1_first_dag.py for tasks to queue
[2026-09-20T23:44:07.378+0000] {logging_mixin.py:149} INFO - [2026-09-20T23:44:07.378+0000] {dagbag.py:541} INFO - Filling up the DagBag from /opt/airflow/dags/1_first_dag.py
[2026-09-20T23:44:07.393+0000] {processor.py:809} INFO - DAG(s) dict_keys(['1-miprimerdag']) retrieved from /opt/airflow/dags/1_first_dag.py
[2026-09-20T23:44:07.460+0000] {logging_mixin.py:149} INFO - [2026-09-20T23:44:07.460+0000] {dag.py:2726} INFO - Sync 1 DAGs
[2026-09-20T23:44:07.494+0000] {logging_mixin.py:149} INFO - [2026-09-20T23:44:07.494+0000] {dag.py:3490} INFO - Setting next_dagrun for 1-miprimerdag to None, run_after=None
[2026-09-20T23:44:07.525+0000] {processor.py:178} INFO - Processing /opt/airflow/dags/1_first_dag.py took 0.161 seconds
[2026-09-20T23:44:37.736+0000] {processor.py:156} INFO - Started process (PID=2929) to work on /opt/airflow/dags/1_first_dag.py
[2026-09-20T23:44:37.738+0000] {processor.py:799} INFO - Processing file /opt/airflow/dags/1_first_dag.py for tasks to queue
[2026-09-20T23:44:37.740+0000] {logging_mixin.py:149} INFO - [2026-09-20T23:44:37.739+0000] {dagbag.py:541} INFO - Filling up the DagBag from /opt/airflow/dags/1_first_dag.py
[2026-09-20T23:44:37.765+0000] {processor.py:809} INFO - DAG(s) dict_keys(['1-miprimerdag']) retrieved from /opt/airflow/dags/1_first_dag.py
[2026-09-20T23:44:37.818+0000] {logging_mixin.py:149} INFO - [2026-09-20T23:44:37.818+0000] {dag.py:2726} INFO - Sync 1 DAGs
[2026-09-20T23:44:37.868+0000] {logging_mixin.py:149} INFO - [2026-09-20T23:44:37.868+0000] {dag.py:3490} INFO - Setting next_dagrun for 1-miprimerdag to None, run_after=None
[2026-09-20T23:44:37.899+0000] {processor.py:178} INFO - Processing /opt/airflow/dags/1_first_dag.py took 0.169 seconds
[2026-09-20T23:45:07.983+0000] {processor.py:156} INFO - Started process (PID=2939) to work on /opt/airflow/dags/1_first_dag.py
[2026-09-20T23:45:07.986+0000] {processor.py:799} INFO - Processing file /opt/airflow/dags/1_first_dag.py for tasks to queue
[2026-09-20T23:45:07.987+0000] {logging_mixin.py:149} INFO - [2026-09-20T23:45:07.987+0000] {dagbag.py:541} INFO - Filling up the DagBag from /opt/airflow/dags/1_first_dag.py
[2026-09-20T23:45:08.009+0000] {processor.py:809} INFO - DAG(s) dict_keys(['1-miprimerdag']) retrieved from /opt/airflow/dags/1_first_dag.py
[2026-09-20T23:45:08.114+0000] {logging_mixin.py:149} INFO - [2026-09-20T23:45:08.114+0000] {dag.py:2726} INFO - Sync 1 DAGs
[2026-09-20T23:45:08.180+0000] {logging_mixin.py:149} INFO - [2026-09-20T23:45:08.179+0000] {dag.py:3490} INFO - Setting next_dagrun for 1-miprimerdag to None, run_after=None
[2026-09-20T23:45:08.266+0000] {processor.py:178} INFO - Processing /opt/airflow/dags/1_first_dag.py took 0.289 seconds
[2026-09-20T23:45:38.399+0000] {processor.py:156} INFO - Started process (PID=2949) to work on /opt/airflow/dags/1_first_dag.py
[2026-09-20T23:45:38.406+0000] {processor.py:799} INFO - Processing file /opt/airflow/dags/1_first_dag.py for tasks to queue
[2026-09-20T23:45:38.407+0000] {logging_mixin.py:149} INFO - [2026-09-20T23:45:38.407+0000] {dagbag.py:541} INFO - Filling up the DagBag from /opt/airflow/dags/1_first_dag.py
[2026-09-20T23:45:38.428+0000] {processor.py:809} INFO - DAG(s) dict_keys(['1-miprimerdag']) retrieved from /opt/airflow/dags/1_first_dag.py
[2026-09-20T23:45:38.521+0000] {logging_mixin.py:149} INFO - [2026-09-20T23:45:38.520+0000] {dag.py:2726} INFO - Sync 1 DAGs
[2026-09-20T23:45:38.566+0000] {logging_mixin.py:149} INFO - [2026-09-20T23:45:38.566+0000] {dag.py:3490} INFO - Setting next_dagrun for 1-miprimerdag to None, run_after=None
[2026-09-20T23:45:38.613+0000] {processor.py:178} INFO - Processing /opt/airflow/dags/1_first_dag.py took 0.221 seconds
[2026-09-20T23:46:08.679+0000] {processor.py:156} INFO - Started process (PID=2959) to work on /opt/airflow/dags/1_first_dag.py
[2026-09-20T23:46:08.687+0000] {processor.py:799} INFO - Processing file /opt/airflow/dags/1_first_dag.py for tasks to queue
[2026-09-20T23:46:08.689+0000] {logging_mixin.py:149} INFO - [2026-09-20T23:46:08.689+0000] {dagbag.py:541} INFO - Filling up the DagBag from /opt/airflow/dags/1_first_dag.py
[2026-09-20T23:46:08.714+0000] {processor.py:809} INFO - DAG(s) dict_keys(['1-miprimerdag']) retrieved from /opt/airflow/dags/1_first_dag.py
[2026-09-20T23:46:08.787+0000] {logging_mixin.py:149} INFO - [2026-09-20T23:46:08.787+0000] {dag.py:2726} INFO - Sync 1 DAGs
[2026-09-20T23:46:08.823+0000] {logging_mixin.py:149} INFO - [2026-09-20T23:46:08.823+0000] {dag.py:3490} INFO - Setting next_dagrun for 1-miprimerdag to None, run_after=None
[2026-09-20T23:46:08.861+0000] {processor.py:178} INFO - Processing /opt/airflow/dags/1_first_dag.py took 0.196 seconds
[2026-09-20T23:46:38.990+0000] {processor.py:156} INFO - Started process (PID=2969) to work on /opt/airflow/dags/1_first_dag.py
[2026-09-20T23:46:38.997+0000] {processor.py:799} INFO - Processing file /opt/airflow/dags/1_first_dag.py for tasks to queue
[2026-09-20T23:46:38.998+0000] {logging_mixin.py:149} INFO - [2026-09-20T23:46:38.998+0000] {dagbag.py:541} INFO - Filling up the DagBag from /opt/airflow/dags/1_first_dag.py
[2026-09-20T23:46:39.018+0000] {processor.py:809} INFO - DAG(s) dict_keys(['1-miprimerdag']) retrieved from /opt/airflow/dags/1_first_dag.py
[2026-09-20T23:46:39.081+0000] {logging_mixin.py:149} INFO - [2026-09-20T23:46:39.081+0000] {dag.py:2726} INFO - Sync 1 DAGs
[2026-09-20T23:46:39.138+0000] {logging_mixin.py:149} INFO - [2026-09-20T23:46:39.138+0000] {dag.py:3490} INFO - Setting next_dagrun for 1-miprimerdag to None, run_after=None
[2026-09-20T23:46:39.206+0000] {processor.py:178} INFO - Processing /opt/airflow/dags/1_first_dag.py took 0.226 seconds
[2026-09-20T23:47:09.405+0000] {processor.py:156} INFO - Started process (PID=2979) to work on /opt/airflow/dags/1_first_dag.py
[2026-09-20T23:47:09.412+0000] {processor.py:799} INFO - Processing file /opt/airflow/dags/1_first_dag.py for tasks to queue
[2026-09-20T23:47:09.413+0000] {logging_mixin.py:149} INFO - [2026-09-20T23:47:09.413+0000] {dagbag.py:541} INFO - Filling up the DagBag from /opt/airflow/dags/1_first_dag.py
[2026-09-20T23:47:09.438+0000] {processor.py:809} INFO - DAG(s) dict_keys(['1-miprimerdag']) retrieved from /opt/airflow/dags/1_first_dag.py
[2026-09-20T23:47:09.563+0000] {logging_mixin.py:149} INFO - [2026-09-20T23:47:09.563+0000] {dag.py:2726} INFO - Sync 1 DAGs
[2026-09-20T23:47:09.640+0000] {logging_mixin.py:149} INFO - [2026-09-20T23:47:09.640+0000] {dag.py:3490} INFO - Setting next_dagrun for 1-miprimerdag to None, run_after=None
[2026-09-20T23:47:09.687+0000] {processor.py:178} INFO - Processing /opt/airflow/dags/1_first_dag.py took 0.298 seconds
[2026-09-20T23:47:39.899+0000] {processor.py:156} INFO - Started process (PID=2989) to work on /opt/airflow/dags/1_first_dag.py
[2026-09-20T23:47:39.902+0000] {processor.py:799} INFO - Processing file /opt/airflow/dags/1_first_dag.py for tasks to queue
[2026-09-20T23:47:39.903+0000] {logging_mixin.py:149} INFO - [2026-09-20T23:47:39.903+0000] {dagbag.py:541} INFO - Filling up the DagBag from /opt/airflow/dags/1_first_dag.py
[2026-09-20T23:47:39.922+0000] {processor.py:809} INFO - DAG(s) dict_keys(['1-miprimerdag']) retrieved from /opt/airflow/dags/1_first_dag.py
[2026-09-20T23:47:39.966+0000] {logging_mixin.py:149} INFO - [2026-09-20T23:47:39.966+0000] {dag.py:2726} INFO - Sync 1 DAGs
[2026-09-20T23:47:40.003+0000] {logging_mixin.py:149} INFO - [2026-09-20T23:47:40.003+0000] {dag.py:3490} INFO - Setting next_dagrun for 1-miprimerdag to None, run_after=None
[2026-09-20T23:47:40.033+0000] {processor.py:178} INFO - Processing /opt/airflow/dags/1_first_dag.py took 0.141 seconds
[2026-09-20T23:48:10.278+0000] {processor.py:156} INFO - Started process (PID=2999) to work on /opt/airflow/dags/1_first_dag.py
[2026-09-20T23:48:10.282+0000] {processor.py:799} INFO - Processing file /opt/airflow/dags/1_first_dag.py for tasks to queue
[2026-09-20T23:48:10.284+0000] {logging_mixin.py:149} INFO - [2026-09-20T23:48:10.283+0000] {dagbag.py:541} INFO - Filling up the DagBag from /opt/airflow/dags/1_first_dag.py
[2026-09-20T23:48:10.301+0000] {processor.py:809} INFO - DAG(s) dict_keys(['1-miprimerdag']) retrieved from /opt/airflow/dags/1_first_dag.py
[2026-09-20T23:48:10.347+0000] {logging_mixin.py:149} INFO - [2026-09-20T23:48:10.347+0000] {dag.py:2726} INFO - Sync 1 DAGs
[2026-09-20T23:48:10.385+0000] {logging_mixin.py:149} INFO - [2026-09-20T23:48:10.385+0000] {dag.py:3490} INFO - Setting next_dagrun for 1-miprimerdag to None, run_after=None
[2026-09-20T23:48:10.420+0000] {processor.py:178} INFO - Processing /opt/airflow/dags/1_first_dag.py took 0.155 seconds
[2026-09-20T23:48:40.623+0000] {processor.py:156} INFO - Started process (PID=3009) to work on /opt/airflow/dags/1_first_dag.py
[2026-09-20T23:48:40.637+0000] {processor.py:799} INFO - Processing file /opt/airflow/dags/1_first_dag.py for tasks to queue
[2026-09-20T23:48:40.638+0000] {logging_mixin.py:149} INFO - [2026-09-20T23:48:40.638+0000] {dagbag.py:541} INFO - Filling up the DagBag from /opt/airflow/dags/1_first_dag.py
[2026-09-20T23:48:40.666+0000] {processor.py:809} INFO - DAG(s) dict_keys(['1-miprimerdag']) retrieved from /opt/airflow/dags/1_first_dag.py
[2026-09-20T23:48:40.727+0000] {logging_mixin.py:149} INFO - [2026-09-20T23:48:40.726+0000] {dag.py:2726} INFO - Sync 1 DAGs
[2026-09-20T23:48:40.770+0000] {logging_mixin.py:149} INFO - [2026-09-20T23:48:40.769+0000] {dag.py:3490} INFO - Setting next_dagrun for 1-miprimerdag to None, run_after=None
[2026-09-20T23:48:40.803+0000] {processor.py:178} INFO - Processing /opt/airflow/dags/1_first_dag.py took 0.186 seconds
[2026-09-20T23:49:10.931+0000] {processor.py:156} INFO - Started process (PID=3019) to work on /opt/airflow/dags/1_first_dag.py
[2026-09-20T23:49:10.934+0000] {processor.py:799} INFO - Processing file /opt/airflow/dags/1_first_dag.py for tasks to queue
[2026-09-20T23:49:10.935+0000] {logging_mixin.py:149} INFO - [2026-09-20T23:49:10.935+0000] {dagbag.py:541} INFO - Filling up the DagBag from /opt/airflow/dags/1_first_dag.py
[2026-09-20T23:49:10.951+0000] {processor.py:809} INFO - DAG(s) dict_keys(['1-miprimerdag']) retrieved from /opt/airflow/dags/1_first_dag.py
[2026-09-20T23:49:11.020+0000] {logging_mixin.py:149} INFO - [2026-09-20T23:49:11.019+0000] {dag.py:2726} INFO - Sync 1 DAGs
[2026-09-20T23:49:11.082+0000] {logging_mixin.py:149} INFO - [2026-09-20T23:49:11.080+0000] {dag.py:3490} INFO - Setting next_dagrun for 1-miprimerdag to None, run_after=None
[2026-09-20T23:49:11.138+0000] {processor.py:178} INFO - Processing /opt/airflow/dags/1_first_dag.py took 0.213 seconds
[2026-09-20T23:49:41.329+0000] {processor.py:156} INFO - Started process (PID=3029) to work on /opt/airflow/dags/1_first_dag.py
[2026-09-20T23:49:41.333+0000] {processor.py:799} INFO - Processing file /opt/airflow/dags/1_first_dag.py for tasks to queue
[2026-09-20T23:49:41.334+0000] {logging_mixin.py:149} INFO - [2026-09-20T23:49:41.333+0000] {dagbag.py:541} INFO - Filling up the DagBag from /opt/airflow/dags/1_first_dag.py
[2026-09-20T23:49:41.349+0000] {processor.py:809} INFO - DAG(s) dict_keys(['1-miprimerdag']) retrieved from /opt/airflow/dags/1_first_dag.py
[2026-09-20T23:49:41.398+0000] {logging_mixin.py:149} INFO - [2026-09-20T23:49:41.398+0000] {dag.py:2726} INFO - Sync 1 DAGs
[2026-09-20T23:49:41.437+0000] {logging_mixin.py:149} INFO - [2026-09-20T23:49:41.437+0000] {dag.py:3490} INFO - Setting next_dagrun for 1-miprimerdag to None, run_after=None
[2026-09-20T23:49:41.474+0000] {processor.py:178} INFO - Processing /opt/airflow/dags/1_first_dag.py took 0.152 seconds
[2026-09-20T23:50:11.623+0000] {processor.py:156} INFO - Started process (PID=3039) to work on /opt/airflow/dags/1_first_dag.py
[2026-09-20T23:50:11.629+0000] {processor.py:799} INFO - Processing file /opt/airflow/dags/1_first_dag.py for tasks to queue
[2026-09-20T23:50:11.637+0000] {logging_mixin.py:149} INFO - [2026-09-20T23:50:11.636+0000] {dagbag.py:541} INFO - Filling up the DagBag from /opt/airflow/dags/1_first_dag.py
[2026-09-20T23:50:11.696+0000] {processor.py:809} INFO - DAG(s) dict_keys(['1-miprimerdag']) retrieved from /opt/airflow/dags/1_first_dag.py
[2026-09-20T23:50:11.778+0000] {logging_mixin.py:149} INFO - [2026-09-20T23:50:11.778+0000] {dag.py:2726} INFO - Sync 1 DAGs
[2026-09-20T23:50:11.846+0000] {logging_mixin.py:149} INFO - [2026-09-20T23:50:11.846+0000] {dag.py:3490} INFO - Setting next_dagrun for 1-miprimerdag to None, run_after=None
[2026-09-20T23:50:11.895+0000] {processor.py:178} INFO - Processing /opt/airflow/dags/1_first_dag.py took 0.283 seconds
[2026-09-20T23:50:41.955+0000] {processor.py:156} INFO - Started process (PID=3048) to work on /opt/airflow/dags/1_first_dag.py
[2026-09-20T23:50:41.957+0000] {processor.py:799} INFO - Processing file /opt/airflow/dags/1_first_dag.py for tasks to queue
[2026-09-20T23:50:41.958+0000] {logging_mixin.py:149} INFO - [2026-09-20T23:50:41.958+0000] {dagbag.py:541} INFO - Filling up the DagBag from /opt/airflow/dags/1_first_dag.py
[2026-09-20T23:50:41.977+0000] {processor.py:809} INFO - DAG(s) dict_keys(['1-miprimerdag']) retrieved from /opt/airflow/dags/1_first_dag.py
[2026-09-20T23:50:42.037+0000] {logging_mixin.py:149} INFO - [2026-09-20T23:50:42.037+0000] {dag.py:2726} INFO - Sync 1 DAGs
[2026-09-20T23:50:42.098+0000] {logging_mixin.py:149} INFO - [2026-09-20T23:50:42.094+0000] {dag.py:3490} INFO - Setting next_dagrun for 1-miprimerdag to None, run_after=None
[2026-09-20T23:50:42.155+0000] {processor.py:178} INFO - Processing /opt/airflow/dags/1_first_dag.py took 0.206 seconds
[2026-09-20T23:51:12.200+0000] {processor.py:156} INFO - Started process (PID=3058) to work on /opt/airflow/dags/1_first_dag.py
[2026-09-20T23:51:12.203+0000] {processor.py:799} INFO - Processing file /opt/airflow/dags/1_first_dag.py for tasks to queue
[2026-09-20T23:51:12.204+0000] {logging_mixin.py:149} INFO - [2026-09-20T23:51:12.204+0000] {dagbag.py:541} INFO - Filling up the DagBag from /opt/airflow/dags/1_first_dag.py
[2026-09-20T23:51:12.224+0000] {processor.py:809} INFO - DAG(s) dict_keys(['1-miprimerdag']) retrieved from /opt/airflow/dags/1_first_dag.py
[2026-09-20T23:51:12.294+0000] {logging_mixin.py:149} INFO - [2026-09-20T23:51:12.294+0000] {dag.py:2726} INFO - Sync 1 DAGs
[2026-09-20T23:51:12.352+0000] {logging_mixin.py:149} INFO - [2026-09-20T23:51:12.351+0000] {dag.py:3490} INFO - Setting next_dagrun for 1-miprimerdag to None, run_after=None
[2026-09-20T23:51:12.416+0000] {processor.py:178} INFO - Processing /opt/airflow/dags/1_first_dag.py took 0.225 seconds
[2026-09-20T23:51:42.492+0000] {processor.py:156} INFO - Started process (PID=3068) to work on /opt/airflow/dags/1_first_dag.py
[2026-09-20T23:51:42.500+0000] {processor.py:799} INFO - Processing file /opt/airflow/dags/1_first_dag.py for tasks to queue
[2026-09-20T23:51:42.501+0000] {logging_mixin.py:149} INFO - [2026-09-20T23:51:42.501+0000] {dagbag.py:541} INFO - Filling up the DagBag from /opt/airflow/dags/1_first_dag.py
[2026-09-20T23:51:42.516+0000] {processor.py:809} INFO - DAG(s) dict_keys(['1-miprimerdag']) retrieved from /opt/airflow/dags/1_first_dag.py
[2026-09-20T23:51:42.566+0000] {logging_mixin.py:149} INFO - [2026-09-20T23:51:42.566+0000] {dag.py:2726} INFO - Sync 1 DAGs
[2026-09-20T23:51:42.605+0000] {logging_mixin.py:149} INFO - [2026-09-20T23:51:42.605+0000] {dag.py:3490} INFO - Setting next_dagrun for 1-miprimerdag to None, run_after=None
[2026-09-20T23:51:42.642+0000] {processor.py:178} INFO - Processing /opt/airflow/dags/1_first_dag.py took 0.159 seconds
[2026-09-20T23:52:12.836+0000] {processor.py:156} INFO - Started process (PID=3078) to work on /opt/airflow/dags/1_first_dag.py
[2026-09-20T23:52:12.839+0000] {processor.py:799} INFO - Processing file /opt/airflow/dags/1_first_dag.py for tasks to queue
[2026-09-20T23:52:12.840+0000] {logging_mixin.py:149} INFO - [2026-09-20T23:52:12.840+0000] {dagbag.py:541} INFO - Filling up the DagBag from /opt/airflow/dags/1_first_dag.py
[2026-09-20T23:52:12.858+0000] {processor.py:809} INFO - DAG(s) dict_keys(['1-miprimerdag']) retrieved from /opt/airflow/dags/1_first_dag.py
[2026-09-20T23:52:12.917+0000] {logging_mixin.py:149} INFO - [2026-09-20T23:52:12.917+0000] {dag.py:2726} INFO - Sync 1 DAGs
[2026-09-20T23:52:12.967+0000] {logging_mixin.py:149} INFO - [2026-09-20T23:52:12.966+0000] {dag.py:3490} INFO - Setting next_dagrun for 1-miprimerdag to None, run_after=None
[2026-09-20T23:52:13.009+0000] {processor.py:178} INFO - Processing /opt/airflow/dags/1_first_dag.py took 0.178 seconds
[2026-09-20T23:52:43.913+0000] {processor.py:156} INFO - Started process (PID=3088) to work on /opt/airflow/dags/1_first_dag.py
[2026-09-20T23:52:43.917+0000] {processor.py:799} INFO - Processing file /opt/airflow/dags/1_first_dag.py for tasks to queue
[2026-09-20T23:52:43.919+0000] {logging_mixin.py:149} INFO - [2026-09-20T23:52:43.918+0000] {dagbag.py:541} INFO - Filling up the DagBag from /opt/airflow/dags/1_first_dag.py
[2026-09-20T23:52:43.935+0000] {processor.py:809} INFO - DAG(s) dict_keys(['1-miprimerdag']) retrieved from /opt/airflow/dags/1_first_dag.py
[2026-09-20T23:52:43.987+0000] {logging_mixin.py:149} INFO - [2026-09-20T23:52:43.986+0000] {dag.py:2726} INFO - Sync 1 DAGs
[2026-09-20T23:52:44.026+0000] {logging_mixin.py:149} INFO - [2026-09-20T23:52:44.026+0000] {dag.py:3490} INFO - Setting next_dagrun for 1-miprimerdag to None, run_after=None
[2026-09-20T23:52:44.055+0000] {processor.py:178} INFO - Processing /opt/airflow/dags/1_first_dag.py took 0.146 seconds
[2026-09-20T23:53:14.927+0000] {processor.py:156} INFO - Started process (PID=3098) to work on /opt/airflow/dags/1_first_dag.py
[2026-09-20T23:53:14.930+0000] {processor.py:799} INFO - Processing file /opt/airflow/dags/1_first_dag.py for tasks to queue
[2026-09-20T23:53:14.931+0000] {logging_mixin.py:149} INFO - [2026-09-20T23:53:14.931+0000] {dagbag.py:541} INFO - Filling up the DagBag from /opt/airflow/dags/1_first_dag.py
[2026-09-20T23:53:14.946+0000] {processor.py:809} INFO - DAG(s) dict_keys(['1-miprimerdag']) retrieved from /opt/airflow/dags/1_first_dag.py
[2026-09-20T23:53:14.995+0000] {logging_mixin.py:149} INFO - [2026-09-20T23:53:14.995+0000] {dag.py:2726} INFO - Sync 1 DAGs
[2026-09-20T23:53:15.044+0000] {logging_mixin.py:149} INFO - [2026-09-20T23:53:15.044+0000] {dag.py:3490} INFO - Setting next_dagrun for 1-miprimerdag to None, run_after=None
[2026-09-20T23:53:15.077+0000] {processor.py:178} INFO - Processing /opt/airflow/dags/1_first_dag.py took 0.174 seconds
[2026-09-20T23:53:45.189+0000] {processor.py:156} INFO - Started process (PID=3108) to work on /opt/airflow/dags/1_first_dag.py
[2026-09-20T23:53:45.191+0000] {processor.py:799} INFO - Processing file /opt/airflow/dags/1_first_dag.py for tasks to queue
[2026-09-20T23:53:45.192+0000] {logging_mixin.py:149} INFO - [2026-09-20T23:53:45.192+0000] {dagbag.py:541} INFO - Filling up the DagBag from /opt/airflow/dags/1_first_dag.py
[2026-09-20T23:53:45.208+0000] {processor.py:809} INFO - DAG(s) dict_keys(['1-miprimerdag']) retrieved from /opt/airflow/dags/1_first_dag.py
[2026-09-20T23:53:45.266+0000] {logging_mixin.py:149} INFO - [2026-09-20T23:53:45.266+0000] {dag.py:2726} INFO - Sync 1 DAGs
[2026-09-20T23:53:45.304+0000] {logging_mixin.py:149} INFO - [2026-09-20T23:53:45.304+0000] {dag.py:3490} INFO - Setting next_dagrun for 1-miprimerdag to None, run_after=None
[2026-09-20T23:53:45.339+0000] {processor.py:178} INFO - Processing /opt/airflow/dags/1_first_dag.py took 0.157 seconds
[2026-09-20T23:54:15.427+0000] {processor.py:156} INFO - Started process (PID=3118) to work on /opt/airflow/dags/1_first_dag.py
[2026-09-20T23:54:15.432+0000] {processor.py:799} INFO - Processing file /opt/airflow/dags/1_first_dag.py for tasks to queue
[2026-09-20T23:54:15.433+0000] {logging_mixin.py:149} INFO - [2026-09-20T23:54:15.433+0000] {dagbag.py:541} INFO - Filling up the DagBag from /opt/airflow/dags/1_first_dag.py
[2026-09-20T23:54:15.451+0000] {processor.py:809} INFO - DAG(s) dict_keys(['1-miprimerdag']) retrieved from /opt/airflow/dags/1_first_dag.py
[2026-09-20T23:54:15.499+0000] {logging_mixin.py:149} INFO - [2026-09-20T23:54:15.499+0000] {dag.py:2726} INFO - Sync 1 DAGs
[2026-09-20T23:54:15.539+0000] {logging_mixin.py:149} INFO - [2026-09-20T23:54:15.539+0000] {dag.py:3490} INFO - Setting next_dagrun for 1-miprimerdag to None, run_after=None
[2026-09-20T23:54:15.579+0000] {processor.py:178} INFO - Processing /opt/airflow/dags/1_first_dag.py took 0.161 seconds
[2026-09-20T23:54:45.802+0000] {processor.py:156} INFO - Started process (PID=3128) to work on /opt/airflow/dags/1_first_dag.py
[2026-09-20T23:54:45.804+0000] {processor.py:799} INFO - Processing file /opt/airflow/dags/1_first_dag.py for tasks to queue
[2026-09-20T23:54:45.805+0000] {logging_mixin.py:149} INFO - [2026-09-20T23:54:45.805+0000] {dagbag.py:541} INFO - Filling up the DagBag from /opt/airflow/dags/1_first_dag.py
[2026-09-20T23:54:45.822+0000] {processor.py:809} INFO - DAG(s) dict_keys(['1-miprimerdag']) retrieved from /opt/airflow/dags/1_first_dag.py
[2026-09-20T23:54:45.879+0000] {logging_mixin.py:149} INFO - [2026-09-20T23:54:45.879+0000] {dag.py:2726} INFO - Sync 1 DAGs
[2026-09-20T23:54:45.942+0000] {logging_mixin.py:149} INFO - [2026-09-20T23:54:45.942+0000] {dag.py:3490} INFO - Setting next_dagrun for 1-miprimerdag to None, run_after=None
[2026-09-20T23:54:45.980+0000] {processor.py:178} INFO - Processing /opt/airflow/dags/1_first_dag.py took 0.184 seconds
[2026-09-20T23:55:16.863+0000] {processor.py:156} INFO - Started process (PID=3138) to work on /opt/airflow/dags/1_first_dag.py
[2026-09-20T23:55:16.865+0000] {processor.py:799} INFO - Processing file /opt/airflow/dags/1_first_dag.py for tasks to queue
[2026-09-20T23:55:16.866+0000] {logging_mixin.py:149} INFO - [2026-09-20T23:55:16.866+0000] {dagbag.py:541} INFO - Filling up the DagBag from /opt/airflow/dags/1_first_dag.py
[2026-09-20T23:55:16.882+0000] {processor.py:809} INFO - DAG(s) dict_keys(['1-miprimerdag']) retrieved from /opt/airflow/dags/1_first_dag.py
[2026-09-20T23:55:16.935+0000] {logging_mixin.py:149} INFO - [2026-09-20T23:55:16.934+0000] {dag.py:2726} INFO - Sync 1 DAGs
[2026-09-20T23:55:16.973+0000] {logging_mixin.py:149} INFO - [2026-09-20T23:55:16.973+0000] {dag.py:3490} INFO - Setting next_dagrun for 1-miprimerdag to None, run_after=None
[2026-09-20T23:55:17.001+0000] {processor.py:178} INFO - Processing /opt/airflow/dags/1_first_dag.py took 0.143 seconds
[2026-09-20T23:55:47.873+0000] {processor.py:156} INFO - Started process (PID=3148) to work on /opt/airflow/dags/1_first_dag.py
[2026-09-20T23:55:47.876+0000] {processor.py:799} INFO - Processing file /opt/airflow/dags/1_first_dag.py for tasks to queue
[2026-09-20T23:55:47.877+0000] {logging_mixin.py:149} INFO - [2026-09-20T23:55:47.877+0000] {dagbag.py:541} INFO - Filling up the DagBag from /opt/airflow/dags/1_first_dag.py
[2026-09-20T23:55:47.892+0000] {processor.py:809} INFO - DAG(s) dict_keys(['1-miprimerdag']) retrieved from /opt/airflow/dags/1_first_dag.py
[2026-09-20T23:55:47.940+0000] {logging_mixin.py:149} INFO - [2026-09-20T23:55:47.940+0000] {dag.py:2726} INFO - Sync 1 DAGs
[2026-09-20T23:55:47.979+0000] {logging_mixin.py:149} INFO - [2026-09-20T23:55:47.979+0000] {dag.py:3490} INFO - Setting next_dagrun for 1-miprimerdag to None, run_after=None
[2026-09-20T23:55:48.009+0000] {processor.py:178} INFO - Processing /opt/airflow/dags/1_first_dag.py took 0.143 seconds
[2026-09-20T23:56:18.105+0000] {processor.py:156} INFO - Started process (PID=3158) to work on /opt/airflow/dags/1_first_dag.py
[2026-09-20T23:56:18.111+0000] {processor.py:799} INFO - Processing file /opt/airflow/dags/1_first_dag.py for tasks to queue
[2026-09-20T23:56:18.112+0000] {logging_mixin.py:149} INFO - [2026-09-20T23:56:18.112+0000] {dagbag.py:541} INFO - Filling up the DagBag from /opt/airflow/dags/1_first_dag.py
[2026-09-20T23:56:18.132+0000] {processor.py:809} INFO - DAG(s) dict_keys(['1-miprimerdag']) retrieved from /opt/airflow/dags/1_first_dag.py
[2026-09-20T23:56:18.179+0000] {logging_mixin.py:149} INFO - [2026-09-20T23:56:18.179+0000] {dag.py:2726} INFO - Sync 1 DAGs
[2026-09-20T23:56:18.228+0000] {logging_mixin.py:149} INFO - [2026-09-20T23:56:18.228+0000] {dag.py:3490} INFO - Setting next_dagrun for 1-miprimerdag to None, run_after=None
[2026-09-20T23:56:18.265+0000] {processor.py:178} INFO - Processing /opt/airflow/dags/1_first_dag.py took 0.168 seconds
[2026-09-20T23:56:48.412+0000] {processor.py:156} INFO - Started process (PID=3168) to work on /opt/airflow/dags/1_first_dag.py
[2026-09-20T23:56:48.420+0000] {processor.py:799} INFO - Processing file /opt/airflow/dags/1_first_dag.py for tasks to queue
[2026-09-20T23:56:48.422+0000] {logging_mixin.py:149} INFO - [2026-09-20T23:56:48.422+0000] {dagbag.py:541} INFO - Filling up the DagBag from /opt/airflow/dags/1_first_dag.py
[2026-09-20T23:56:48.450+0000] {processor.py:809} INFO - DAG(s) dict_keys(['1-miprimerdag']) retrieved from /opt/airflow/dags/1_first_dag.py
[2026-09-20T23:56:48.530+0000] {logging_mixin.py:149} INFO - [2026-09-20T23:56:48.530+0000] {dag.py:2726} INFO - Sync 1 DAGs
[2026-09-20T23:56:48.584+0000] {logging_mixin.py:149} INFO - [2026-09-20T23:56:48.583+0000] {dag.py:3490} INFO - Setting next_dagrun for 1-miprimerdag to None, run_after=None
[2026-09-20T23:56:48.623+0000] {processor.py:178} INFO - Processing /opt/airflow/dags/1_first_dag.py took 0.221 seconds
[2026-09-20T23:57:18.658+0000] {processor.py:156} INFO - Started process (PID=3178) to work on /opt/airflow/dags/1_first_dag.py
[2026-09-20T23:57:18.660+0000] {processor.py:799} INFO - Processing file /opt/airflow/dags/1_first_dag.py for tasks to queue
[2026-09-20T23:57:18.661+0000] {logging_mixin.py:149} INFO - [2026-09-20T23:57:18.661+0000] {dagbag.py:541} INFO - Filling up the DagBag from /opt/airflow/dags/1_first_dag.py
[2026-09-20T23:57:18.677+0000] {processor.py:809} INFO - DAG(s) dict_keys(['1-miprimerdag']) retrieved from /opt/airflow/dags/1_first_dag.py
[2026-09-20T23:57:18.725+0000] {logging_mixin.py:149} INFO - [2026-09-20T23:57:18.724+0000] {dag.py:2726} INFO - Sync 1 DAGs
[2026-09-20T23:57:18.770+0000] {logging_mixin.py:149} INFO - [2026-09-20T23:57:18.770+0000] {dag.py:3490} INFO - Setting next_dagrun for 1-miprimerdag to None, run_after=None
[2026-09-20T23:57:18.805+0000] {processor.py:178} INFO - Processing /opt/airflow/dags/1_first_dag.py took 0.153 seconds
[2026-09-20T23:57:49.074+0000] {processor.py:156} INFO - Started process (PID=3188) to work on /opt/airflow/dags/1_first_dag.py
[2026-09-20T23:57:49.076+0000] {processor.py:799} INFO - Processing file /opt/airflow/dags/1_first_dag.py for tasks to queue
[2026-09-20T23:57:49.078+0000] {logging_mixin.py:149} INFO - [2026-09-20T23:57:49.078+0000] {dagbag.py:541} INFO - Filling up the DagBag from /opt/airflow/dags/1_first_dag.py
[2026-09-20T23:57:49.095+0000] {processor.py:809} INFO - DAG(s) dict_keys(['1-miprimerdag']) retrieved from /opt/airflow/dags/1_first_dag.py
[2026-09-20T23:57:49.159+0000] {logging_mixin.py:149} INFO - [2026-09-20T23:57:49.158+0000] {dag.py:2726} INFO - Sync 1 DAGs
[2026-09-20T23:57:49.204+0000] {logging_mixin.py:149} INFO - [2026-09-20T23:57:49.204+0000] {dag.py:3490} INFO - Setting next_dagrun for 1-miprimerdag to None, run_after=None
[2026-09-20T23:57:49.238+0000] {processor.py:178} INFO - Processing /opt/airflow/dags/1_first_dag.py took 0.171 seconds
[2026-09-20T23:58:19.340+0000] {processor.py:156} INFO - Started process (PID=3198) to work on /opt/airflow/dags/1_first_dag.py
[2026-09-20T23:58:19.343+0000] {processor.py:799} INFO - Processing file /opt/airflow/dags/1_first_dag.py for tasks to queue
[2026-09-20T23:58:19.345+0000] {logging_mixin.py:149} INFO - [2026-09-20T23:58:19.344+0000] {dagbag.py:541} INFO - Filling up the DagBag from /opt/airflow/dags/1_first_dag.py
[2026-09-20T23:58:19.365+0000] {processor.py:809} INFO - DAG(s) dict_keys(['1-miprimerdag']) retrieved from /opt/airflow/dags/1_first_dag.py
[2026-09-20T23:58:19.419+0000] {logging_mixin.py:149} INFO - [2026-09-20T23:58:19.419+0000] {dag.py:2726} INFO - Sync 1 DAGs
[2026-09-20T23:58:19.475+0000] {logging_mixin.py:149} INFO - [2026-09-20T23:58:19.475+0000] {dag.py:3490} INFO - Setting next_dagrun for 1-miprimerdag to None, run_after=None
[2026-09-20T23:58:19.503+0000] {processor.py:178} INFO - Processing /opt/airflow/dags/1_first_dag.py took 0.172 seconds
[2026-09-20T23:58:49.608+0000] {processor.py:156} INFO - Started process (PID=3208) to work on /opt/airflow/dags/1_first_dag.py
[2026-09-20T23:58:49.616+0000] {processor.py:799} INFO - Processing file /opt/airflow/dags/1_first_dag.py for tasks to queue
[2026-09-20T23:58:49.618+0000] {logging_mixin.py:149} INFO - [2026-09-20T23:58:49.618+0000] {dagbag.py:541} INFO - Filling up the DagBag from /opt/airflow/dags/1_first_dag.py
[2026-09-20T23:58:49.647+0000] {processor.py:809} INFO - DAG(s) dict_keys(['1-miprimerdag']) retrieved from /opt/airflow/dags/1_first_dag.py
[2026-09-20T23:58:49.707+0000] {logging_mixin.py:149} INFO - [2026-09-20T23:58:49.707+0000] {dag.py:2726} INFO - Sync 1 DAGs
[2026-09-20T23:58:49.758+0000] {logging_mixin.py:149} INFO - [2026-09-20T23:58:49.758+0000] {dag.py:3490} INFO - Setting next_dagrun for 1-miprimerdag to None, run_after=None
[2026-09-20T23:58:49.794+0000] {processor.py:178} INFO - Processing /opt/airflow/dags/1_first_dag.py took 0.198 seconds
[2026-09-20T23:59:19.878+0000] {processor.py:156} INFO - Started process (PID=3218) to work on /opt/airflow/dags/1_first_dag.py
[2026-09-20T23:59:19.880+0000] {processor.py:799} INFO - Processing file /opt/airflow/dags/1_first_dag.py for tasks to queue
[2026-09-20T23:59:19.881+0000] {logging_mixin.py:149} INFO - [2026-09-20T23:59:19.881+0000] {dagbag.py:541} INFO - Filling up the DagBag from /opt/airflow/dags/1_first_dag.py
[2026-09-20T23:59:19.897+0000] {processor.py:809} INFO - DAG(s) dict_keys(['1-miprimerdag']) retrieved from /opt/airflow/dags/1_first_dag.py
[2026-09-20T23:59:19.940+0000] {logging_mixin.py:149} INFO - [2026-09-20T23:59:19.940+0000] {dag.py:2726} INFO - Sync 1 DAGs
[2026-09-20T23:59:19.976+0000] {logging_mixin.py:149} INFO - [2026-09-20T23:59:19.976+0000] {dag.py:3490} INFO - Setting next_dagrun for 1-miprimerdag to None, run_after=None
[2026-09-20T23:59:20.008+0000] {processor.py:178} INFO - Processing /opt/airflow/dags/1_first_dag.py took 0.149 seconds
[2026-09-20T23:59:50.104+0000] {processor.py:156} INFO - Started process (PID=3228) to work on /opt/airflow/dags/1_first_dag.py
[2026-09-20T23:59:50.109+0000] {processor.py:799} INFO - Processing file /opt/airflow/dags/1_first_dag.py for tasks to queue
[2026-09-20T23:59:50.112+0000] {logging_mixin.py:149} INFO - [2026-09-20T23:59:50.111+0000] {dagbag.py:541} INFO - Filling up the DagBag from /opt/airflow/dags/1_first_dag.py
[2026-09-20T23:59:50.131+0000] {processor.py:809} INFO - DAG(s) dict_keys(['1-miprimerdag']) retrieved from /opt/airflow/dags/1_first_dag.py
[2026-09-20T23:59:50.211+0000] {logging_mixin.py:149} INFO - [2026-09-20T23:59:50.210+0000] {dag.py:2726} INFO - Sync 1 DAGs
[2026-09-20T23:59:50.248+0000] {logging_mixin.py:149} INFO - [2026-09-20T23:59:50.248+0000] {dag.py:3490} INFO - Setting next_dagrun for 1-miprimerdag to None, run_after=None
[2026-09-20T23:59:50.280+0000] {processor.py:178} INFO - Processing /opt/airflow/dags/1_first_dag.py took 0.188 seconds
