[2026-09-20T21:48:10.386+0000] {processor.py:156} INFO - Started process (PID=34) to work on /opt/airflow/dags/5_orchestration.py
[2026-09-20T21:48:10.387+0000] {processor.py:799} INFO - Processing file /opt/airflow/dags/5_orchestration.py for tasks to queue
[2026-09-20T21:48:10.387+0000] {logging_mixin.py:149} INFO - [2026-09-20T21:48:10.387+0000] {dagbag.py:541} INFO - Filling up the DagBag from /opt/airflow/dags/5_orchestration.py
[2026-09-20T21:48:10.694+0000] {processor.py:809} INFO - DAG(s) dict_keys(['5-orchestration']) retrieved from /opt/airflow/dags/5_orchestration.py
[2026-09-20T21:48:10.865+0000] {logging_mixin.py:149} INFO - [2026-09-20T21:48:10.865+0000] {manager.py:504} INFO - Created Permission View: can delete on DAG:5-orchestration
[2026-09-20T21:48:10.875+0000] {logging_mixin.py:149} INFO - [2026-09-20T21:48:10.875+0000] {manager.py:504} INFO - Created Permission View: can edit on DAG:5-orchestration
[2026-09-20T21:48:10.891+0000] {logging_mixin.py:149} INFO - [2026-09-20T21:48:10.891+0000] {manager.py:504} INFO - Created Permission View: can read on DAG:5-orchestration
[2026-09-20T21:48:10.891+0000] {logging_mixin.py:149} INFO - [2026-09-20T21:48:10.891+0000] {dag.py:2726} INFO - Sync 1 DAGs
[2026-09-20T21:48:10.909+0000] {logging_mixin.py:149} INFO - [2026-09-20T21:48:10.909+0000] {dag.py:2747} INFO - Creating ORM DAG for 5-orchestration
[2026-09-20T21:48:10.926+0000] {logging_mixin.py:149} INFO - [2026-09-20T21:48:10.926+0000] {dag.py:3490} INFO - Setting next_dagrun for 5-orchestration to 2023-05-01T00:00:00+00:00, run_after=2023-05-02T00:00:00+00:00
[2026-09-20T21:48:10.953+0000] {processor.py:178} INFO - Processing /opt/airflow/dags/5_orchestration.py took 0.578 seconds
[2026-09-20T21:48:41.270+0000] {processor.py:156} INFO - Started process (PID=43) to work on /opt/airflow/dags/5_orchestration.py
[2026-09-20T21:48:41.275+0000] {processor.py:799} INFO - Processing file /opt/airflow/dags/5_orchestration.py for tasks to queue
[2026-09-20T21:48:41.276+0000] {logging_mixin.py:149} INFO - [2026-09-20T21:48:41.276+0000] {dagbag.py:541} INFO - Filling up the DagBag from /opt/airflow/dags/5_orchestration.py
[2026-09-20T21:48:41.310+0000] {processor.py:809} INFO - DAG(s) dict_keys(['5-orchestration']) retrieved from /opt/airflow/dags/5_orchestration.py
[2026-09-20T21:48:41.424+0000] {logging_mixin.py:149} INFO - [2026-09-20T21:48:41.423+0000] {dag.py:2726} INFO - Sync 1 DAGs
[2026-09-20T21:48:41.468+0000] {logging_mixin.py:149} INFO - [2026-09-20T21:48:41.467+0000] {dag.py:3490} INFO - Setting next_dagrun for 5-orchestration to 2023-05-01T00:00:00+00:00, run_after=2023-05-02T00:00:00+00:00
[2026-09-20T21:48:41.504+0000] {processor.py:178} INFO - Processing /opt/airflow/dags/5_orchestration.py took 0.239 seconds
[2026-09-20T21:49:12.312+0000] {processor.py:156} INFO - Started process (PID=52) to work on /opt/airflow/dags/5_orchestration.py
[2026-09-20T21:49:12.315+0000] {processor.py:799} INFO - Processing file /opt/airflow/dags/5_orchestration.py for tasks to queue
[2026-09-20T21:49:12.317+0000] {logging_mixin.py:149} INFO - [2026-09-20T21:49:12.316+0000] {dagbag.py:541} INFO - Filling up the DagBag from /opt/airflow/dags/5_orchestration.py
[2026-09-20T21:49:12.339+0000] {processor.py:809} INFO - DAG(s) dict_keys(['5-orchestration']) retrieved from /opt/airflow/dags/5_orchestration.py
[2026-09-20T21:49:12.412+0000] {logging_mixin.py:149} INFO - [2026-09-20T21:49:12.412+0000] {dag.py:2726} INFO - Sync 1 DAGs
[2026-09-20T21:49:12.454+0000] {logging_mixin.py:149} INFO - [2026-09-20T21:49:12.454+0000] {dag.py:3490} INFO - Setting next_dagrun for 5-orchestration to 2023-05-01T00:00:00+00:00, run_after=2023-05-02T00:00:00+00:00
[2026-09-20T21:49:12.482+0000] {processor.py:178} INFO - Processing /opt/airflow/dags/5_orchestration.py took 0.179 seconds
[2026-09-20T21:49:43.298+0000] {processor.py:156} INFO - Started process (PID=61) to work on /opt/airflow/dags/5_orchestration.py
[2026-09-20T21:49:43.301+0000] {processor.py:799} INFO - Processing file /opt/airflow/dags/5_orchestration.py for tasks to queue
[2026-09-20T21:49:43.302+0000] {logging_mixin.py:149} INFO - [2026-09-20T21:49:43.302+0000] {dagbag.py:541} INFO - Filling up the DagBag from /opt/airflow/dags/5_orchestration.py
[2026-09-20T21:49:43.329+0000] {processor.py:809} INFO - DAG(s) dict_keys(['5-orchestration']) retrieved from /opt/airflow/dags/5_orchestration.py
[2026-09-20T21:49:43.391+0000] {logging_mixin.py:149} INFO - [2026-09-20T21:49:43.390+0000] {dag.py:2726} INFO - Sync 1 DAGs
[2026-09-20T21:49:43.444+0000] {logging_mixin.py:149} INFO - [2026-09-20T21:49:43.444+0000] {dag.py:3490} INFO - Setting next_dagrun for 5-orchestration to 2023-05-01T00:00:00+00:00, run_after=2023-05-02T00:00:00+00:00
[2026-09-20T21:49:43.486+0000] {processor.py:178} INFO - Processing /opt/airflow/dags/5_orchestration.py took 0.195 seconds
[2026-09-20T21:50:14.165+0000] {processor.py:156} INFO - Started process (PID=70) to work on /opt/airflow/dags/5_orchestration.py
[2026-09-20T21:50:14.168+0000] {processor.py:799} INFO - Processing file /opt/airflow/dags/5_orchestration.py for tasks to queue
[2026-09-20T21:50:14.169+0000] {logging_mixin.py:149} INFO - [2026-09-20T21:50:14.169+0000] {dagbag.py:541} INFO - Filling up the DagBag from /opt/airflow/dags/5_orchestration.py
[2026-09-20T21:50:14.188+0000] {processor.py:809} INFO - DAG(s) dict_keys(['5-orchestration']) retrieved from /opt/airflow/dags/5_orchestration.py
[2026-09-20T21:50:14.235+0000] {logging_mixin.py:149} INFO - [2026-09-20T21:50:14.235+0000] {dag.py:2726} INFO - Sync 1 DAGs
[2026-09-20T21:50:14.269+0000] {logging_mixin.py:149} INFO - [2026-09-20T21:50:14.269+0000] {dag.py:3490} INFO - Setting next_dagrun for 5-orchestration to 2023-05-01T00:00:00+00:00, run_after=2023-05-02T00:00:00+00:00
[2026-09-20T21:50:14.292+0000] {processor.py:178} INFO - Processing /opt/airflow/dags/5_orchestration.py took 0.142 seconds
[2026-09-20T21:50:45.124+0000] {processor.py:156} INFO - Started process (PID=79) to work on /opt/airflow/dags/5_orchestration.py
[2026-09-20T21:50:45.127+0000] {processor.py:799} INFO - Processing file /opt/airflow/dags/5_orchestration.py for tasks to queue
[2026-09-20T21:50:45.128+0000] {logging_mixin.py:149} INFO - [2026-09-20T21:50:45.128+0000] {dagbag.py:541} INFO - Filling up the DagBag from /opt/airflow/dags/5_orchestration.py
[2026-09-20T21:50:45.152+0000] {processor.py:809} INFO - DAG(s) dict_keys(['5-orchestration']) retrieved from /opt/airflow/dags/5_orchestration.py
[2026-09-20T21:50:45.212+0000] {logging_mixin.py:149} INFO - [2026-09-20T21:50:45.211+0000] {dag.py:2726} INFO - Sync 1 DAGs
[2026-09-20T21:50:45.267+0000] {logging_mixin.py:149} INFO - [2026-09-20T21:50:45.266+0000] {dag.py:3490} INFO - Setting next_dagrun for 5-orchestration to 2023-05-01T00:00:00+00:00, run_after=2023-05-02T00:00:00+00:00
[2026-09-20T21:50:45.305+0000] {processor.py:178} INFO - Processing /opt/airflow/dags/5_orchestration.py took 0.190 seconds
[2026-09-20T21:51:16.131+0000] {processor.py:156} INFO - Started process (PID=88) to work on /opt/airflow/dags/5_orchestration.py
[2026-09-20T21:51:16.135+0000] {processor.py:799} INFO - Processing file /opt/airflow/dags/5_orchestration.py for tasks to queue
[2026-09-20T21:51:16.137+0000] {logging_mixin.py:149} INFO - [2026-09-20T21:51:16.136+0000] {dagbag.py:541} INFO - Filling up the DagBag from /opt/airflow/dags/5_orchestration.py
[2026-09-20T21:51:16.163+0000] {processor.py:809} INFO - DAG(s) dict_keys(['5-orchestration']) retrieved from /opt/airflow/dags/5_orchestration.py
[2026-09-20T21:51:16.259+0000] {logging_mixin.py:149} INFO - [2026-09-20T21:51:16.259+0000] {dag.py:2726} INFO - Sync 1 DAGs
[2026-09-20T21:51:16.303+0000] {logging_mixin.py:149} INFO - [2026-09-20T21:51:16.303+0000] {dag.py:3490} INFO - Setting next_dagrun for 5-orchestration to 2023-05-01T00:00:00+00:00, run_after=2023-05-02T00:00:00+00:00
[2026-09-20T21:51:16.340+0000] {processor.py:178} INFO - Processing /opt/airflow/dags/5_orchestration.py took 0.222 seconds
[2026-09-20T21:51:47.036+0000] {processor.py:156} INFO - Started process (PID=97) to work on /opt/airflow/dags/5_orchestration.py
[2026-09-20T21:51:47.040+0000] {processor.py:799} INFO - Processing file /opt/airflow/dags/5_orchestration.py for tasks to queue
[2026-09-20T21:51:47.041+0000] {logging_mixin.py:149} INFO - [2026-09-20T21:51:47.041+0000] {dagbag.py:541} INFO - Filling up the DagBag from /opt/airflow/dags/5_orchestration.py
[2026-09-20T21:51:47.062+0000] {processor.py:809} INFO - DAG(s) dict_keys(['5-orchestration']) retrieved from /opt/airflow/dags/5_orchestration.py
[2026-09-20T21:51:47.107+0000] {logging_mixin.py:149} INFO - [2026-09-20T21:51:47.107+0000] {dag.py:2726} INFO - Sync 1 DAGs
[2026-09-20T21:51:47.142+0000] {logging_mixin.py:149} INFO - [2026-09-20T21:51:47.142+0000] {dag.py:3490} INFO - Setting next_dagrun for 5-orchestration to 2023-05-01T00:00:00+00:00, run_after=2023-05-02T00:00:00+00:00
[2026-09-20T21:51:47.182+0000] {processor.py:178} INFO - Processing /opt/airflow/dags/5_orchestration.py took 0.153 seconds
[2026-09-20T21:52:17.315+0000] {processor.py:156} INFO - Started process (PID=106) to work on /opt/airflow/dags/5_orchestration.py
[2026-09-20T21:52:17.319+0000] {processor.py:799} INFO - Processing file /opt/airflow/dags/5_orchestration.py for tasks to queue
[2026-09-20T21:52:17.322+0000] {logging_mixin.py:149} INFO - [2026-09-20T21:52:17.321+0000] {dagbag.py:541} INFO - Filling up the DagBag from /opt/airflow/dags/5_orchestration.py
[2026-09-20T21:52:17.360+0000] {processor.py:809} INFO - DAG(s) dict_keys(['5-orchestration']) retrieved from /opt/airflow/dags/5_orchestration.py
[2026-09-20T21:52:17.444+0000] {logging_mixin.py:149} INFO - [2026-09-20T21:52:17.443+0000] {dag.py:2726} INFO - Sync 1 DAGs
[2026-09-20T21:52:17.529+0000] {logging_mixin.py:149} INFO - [2026-09-20T21:52:17.529+0000] {dag.py:3490} INFO - Setting next_dagrun for 5-orchestration to 2023-05-01T00:00:00+00:00, run_after=2023-05-02T00:00:00+00:00
[2026-09-20T21:52:17.587+0000] {processor.py:178} INFO - Processing /opt/airflow/dags/5_orchestration.py took 0.287 seconds
[2026-09-20T21:52:48.507+0000] {processor.py:156} INFO - Started process (PID=115) to work on /opt/airflow/dags/5_orchestration.py
[2026-09-20T21:52:48.511+0000] {processor.py:799} INFO - Processing file /opt/airflow/dags/5_orchestration.py for tasks to queue
[2026-09-20T21:52:48.513+0000] {logging_mixin.py:149} INFO - [2026-09-20T21:52:48.513+0000] {dagbag.py:541} INFO - Filling up the DagBag from /opt/airflow/dags/5_orchestration.py
[2026-09-20T21:52:48.536+0000] {processor.py:809} INFO - DAG(s) dict_keys(['5-orchestration']) retrieved from /opt/airflow/dags/5_orchestration.py
[2026-09-20T21:52:48.591+0000] {logging_mixin.py:149} INFO - [2026-09-20T21:52:48.591+0000] {dag.py:2726} INFO - Sync 1 DAGs
[2026-09-20T21:52:48.632+0000] {logging_mixin.py:149} INFO - [2026-09-20T21:52:48.632+0000] {dag.py:3490} INFO - Setting next_dagrun for 5-orchestration to 2023-05-01T00:00:00+00:00, run_after=2023-05-02T00:00:00+00:00
[2026-09-20T21:52:48.664+0000] {processor.py:178} INFO - Processing /opt/airflow/dags/5_orchestration.py took 0.163 seconds
[2026-09-20T21:53:19.311+0000] {processor.py:156} INFO - Started process (PID=124) to work on /opt/airflow/dags/5_orchestration.py
[2026-09-20T21:53:19.314+0000] {processor.py:799} INFO - Processing file /opt/airflow/dags/5_orchestration.py for tasks to queue
[2026-09-20T21:53:19.316+0000] {logging_mixin.py:149} INFO - [2026-09-20T21:53:19.316+0000] {dagbag.py:541} INFO - Filling up the DagBag from /opt/airflow/dags/5_orchestration.py
[2026-09-20T21:53:19.340+0000] {processor.py:809} INFO - DAG(s) dict_keys(['5-orchestration']) retrieved from /opt/airflow/dags/5_orchestration.py
[2026-09-20T21:53:19.399+0000] {logging_mixin.py:149} INFO - [2026-09-20T21:53:19.398+0000] {dag.py:2726} INFO - Sync 1 DAGs
[2026-09-20T21:53:19.440+0000] {logging_mixin.py:149} INFO - [2026-09-20T21:53:19.440+0000] {dag.py:3490} INFO - Setting next_dagrun for 5-orchestration to 2023-05-01T00:00:00+00:00, run_after=2023-05-02T00:00:00+00:00
[2026-09-20T21:53:19.491+0000] {processor.py:178} INFO - Processing /opt/airflow/dags/5_orchestration.py took 0.187 seconds
[2026-09-20T21:53:49.530+0000] {processor.py:156} INFO - Started process (PID=133) to work on /opt/airflow/dags/5_orchestration.py
[2026-09-20T21:53:49.537+0000] {processor.py:799} INFO - Processing file /opt/airflow/dags/5_orchestration.py for tasks to queue
[2026-09-20T21:53:49.538+0000] {logging_mixin.py:149} INFO - [2026-09-20T21:53:49.538+0000] {dagbag.py:541} INFO - Filling up the DagBag from /opt/airflow/dags/5_orchestration.py
[2026-09-20T21:53:49.561+0000] {processor.py:809} INFO - DAG(s) dict_keys(['5-orchestration']) retrieved from /opt/airflow/dags/5_orchestration.py
[2026-09-20T21:53:49.618+0000] {logging_mixin.py:149} INFO - [2026-09-20T21:53:49.618+0000] {dag.py:2726} INFO - Sync 1 DAGs
[2026-09-20T21:53:49.663+0000] {logging_mixin.py:149} INFO - [2026-09-20T21:53:49.663+0000] {dag.py:3490} INFO - Setting next_dagrun for 5-orchestration to 2023-05-01T00:00:00+00:00, run_after=2023-05-02T00:00:00+00:00
[2026-09-20T21:53:49.716+0000] {processor.py:178} INFO - Processing /opt/airflow/dags/5_orchestration.py took 0.192 seconds
[2026-09-20T21:54:20.402+0000] {processor.py:156} INFO - Started process (PID=142) to work on /opt/airflow/dags/5_orchestration.py
[2026-09-20T21:54:20.407+0000] {processor.py:799} INFO - Processing file /opt/airflow/dags/5_orchestration.py for tasks to queue
[2026-09-20T21:54:20.409+0000] {logging_mixin.py:149} INFO - [2026-09-20T21:54:20.408+0000] {dagbag.py:541} INFO - Filling up the DagBag from /opt/airflow/dags/5_orchestration.py
[2026-09-20T21:54:20.448+0000] {processor.py:809} INFO - DAG(s) dict_keys(['5-orchestration']) retrieved from /opt/airflow/dags/5_orchestration.py
[2026-09-20T21:54:20.535+0000] {logging_mixin.py:149} INFO - [2026-09-20T21:54:20.535+0000] {dag.py:2726} INFO - Sync 1 DAGs
[2026-09-20T21:54:20.596+0000] {logging_mixin.py:149} INFO - [2026-09-20T21:54:20.595+0000] {dag.py:3490} INFO - Setting next_dagrun for 5-orchestration to 2023-05-01T00:00:00+00:00, run_after=2023-05-02T00:00:00+00:00
[2026-09-20T21:54:20.636+0000] {processor.py:178} INFO - Processing /opt/airflow/dags/5_orchestration.py took 0.254 seconds
[2026-09-20T21:54:50.770+0000] {processor.py:156} INFO - Started process (PID=151) to work on /opt/airflow/dags/5_orchestration.py
[2026-09-20T21:54:50.774+0000] {processor.py:799} INFO - Processing file /opt/airflow/dags/5_orchestration.py for tasks to queue
[2026-09-20T21:54:50.775+0000] {logging_mixin.py:149} INFO - [2026-09-20T21:54:50.775+0000] {dagbag.py:541} INFO - Filling up the DagBag from /opt/airflow/dags/5_orchestration.py
[2026-09-20T21:54:50.808+0000] {processor.py:809} INFO - DAG(s) dict_keys(['5-orchestration']) retrieved from /opt/airflow/dags/5_orchestration.py
[2026-09-20T21:54:50.869+0000] {logging_mixin.py:149} INFO - [2026-09-20T21:54:50.868+0000] {dag.py:2726} INFO - Sync 1 DAGs
[2026-09-20T21:54:50.923+0000] {logging_mixin.py:149} INFO - [2026-09-20T21:54:50.923+0000] {dag.py:3490} INFO - Setting next_dagrun for 5-orchestration to 2023-05-01T00:00:00+00:00, run_after=2023-05-02T00:00:00+00:00
[2026-09-20T21:54:50.969+0000] {processor.py:178} INFO - Processing /opt/airflow/dags/5_orchestration.py took 0.211 seconds
[2026-09-20T21:55:21.223+0000] {processor.py:156} INFO - Started process (PID=160) to work on /opt/airflow/dags/5_orchestration.py
[2026-09-20T21:55:21.228+0000] {processor.py:799} INFO - Processing file /opt/airflow/dags/5_orchestration.py for tasks to queue
[2026-09-20T21:55:21.230+0000] {logging_mixin.py:149} INFO - [2026-09-20T21:55:21.230+0000] {dagbag.py:541} INFO - Filling up the DagBag from /opt/airflow/dags/5_orchestration.py
[2026-09-20T21:55:21.264+0000] {processor.py:809} INFO - DAG(s) dict_keys(['5-orchestration']) retrieved from /opt/airflow/dags/5_orchestration.py
[2026-09-20T21:55:21.375+0000] {logging_mixin.py:149} INFO - [2026-09-20T21:55:21.374+0000] {dag.py:2726} INFO - Sync 1 DAGs
[2026-09-20T21:55:21.429+0000] {logging_mixin.py:149} INFO - [2026-09-20T21:55:21.429+0000] {dag.py:3490} INFO - Setting next_dagrun for 5-orchestration to 2023-05-01T00:00:00+00:00, run_after=2023-05-02T00:00:00+00:00
[2026-09-20T21:55:21.459+0000] {processor.py:178} INFO - Processing /opt/airflow/dags/5_orchestration.py took 0.247 seconds
[2026-09-20T21:55:51.536+0000] {processor.py:156} INFO - Started process (PID=169) to work on /opt/airflow/dags/5_orchestration.py
[2026-09-20T21:55:51.538+0000] {processor.py:799} INFO - Processing file /opt/airflow/dags/5_orchestration.py for tasks to queue
[2026-09-20T21:55:51.539+0000] {logging_mixin.py:149} INFO - [2026-09-20T21:55:51.539+0000] {dagbag.py:541} INFO - Filling up the DagBag from /opt/airflow/dags/5_orchestration.py
[2026-09-20T21:55:51.562+0000] {processor.py:809} INFO - DAG(s) dict_keys(['5-orchestration']) retrieved from /opt/airflow/dags/5_orchestration.py
[2026-09-20T21:55:51.615+0000] {logging_mixin.py:149} INFO - [2026-09-20T21:55:51.614+0000] {dag.py:2726} INFO - Sync 1 DAGs
[2026-09-20T21:55:51.658+0000] {logging_mixin.py:149} INFO - [2026-09-20T21:55:51.657+0000] {dag.py:3490} INFO - Setting next_dagrun for 5-orchestration to 2023-05-01T00:00:00+00:00, run_after=2023-05-02T00:00:00+00:00
[2026-09-20T21:55:51.710+0000] {processor.py:178} INFO - Processing /opt/airflow/dags/5_orchestration.py took 0.180 seconds
[2026-09-20T21:56:21.744+0000] {processor.py:156} INFO - Started process (PID=177) to work on /opt/airflow/dags/5_orchestration.py
[2026-09-20T21:56:21.746+0000] {processor.py:799} INFO - Processing file /opt/airflow/dags/5_orchestration.py for tasks to queue
[2026-09-20T21:56:21.748+0000] {logging_mixin.py:149} INFO - [2026-09-20T21:56:21.748+0000] {dagbag.py:541} INFO - Filling up the DagBag from /opt/airflow/dags/5_orchestration.py
[2026-09-20T21:56:21.770+0000] {processor.py:809} INFO - DAG(s) dict_keys(['5-orchestration']) retrieved from /opt/airflow/dags/5_orchestration.py
[2026-09-20T21:56:21.829+0000] {logging_mixin.py:149} INFO - [2026-09-20T21:56:21.829+0000] {dag.py:2726} INFO - Sync 1 DAGs
[2026-09-20T21:56:21.880+0000] {logging_mixin.py:149} INFO - [2026-09-20T21:56:21.879+0000] {dag.py:3490} INFO - Setting next_dagrun for 5-orchestration to 2023-05-01T00:00:00+00:00, run_after=2023-05-02T00:00:00+00:00
[2026-09-20T21:56:21.911+0000] {processor.py:178} INFO - Processing /opt/airflow/dags/5_orchestration.py took 0.172 seconds
[2026-09-20T21:56:51.996+0000] {processor.py:156} INFO - Started process (PID=186) to work on /opt/airflow/dags/5_orchestration.py
[2026-09-20T21:56:51.998+0000] {processor.py:799} INFO - Processing file /opt/airflow/dags/5_orchestration.py for tasks to queue
[2026-09-20T21:56:51.999+0000] {logging_mixin.py:149} INFO - [2026-09-20T21:56:51.999+0000] {dagbag.py:541} INFO - Filling up the DagBag from /opt/airflow/dags/5_orchestration.py
[2026-09-20T21:56:52.026+0000] {processor.py:809} INFO - DAG(s) dict_keys(['5-orchestration']) retrieved from /opt/airflow/dags/5_orchestration.py
[2026-09-20T21:56:52.079+0000] {logging_mixin.py:149} INFO - [2026-09-20T21:56:52.079+0000] {dag.py:2726} INFO - Sync 1 DAGs
[2026-09-20T21:56:52.129+0000] {logging_mixin.py:149} INFO - [2026-09-20T21:56:52.129+0000] {dag.py:3490} INFO - Setting next_dagrun for 5-orchestration to 2023-05-01T00:00:00+00:00, run_after=2023-05-02T00:00:00+00:00
[2026-09-20T21:56:52.159+0000] {processor.py:178} INFO - Processing /opt/airflow/dags/5_orchestration.py took 0.173 seconds
[2026-09-20T21:57:22.236+0000] {processor.py:156} INFO - Started process (PID=195) to work on /opt/airflow/dags/5_orchestration.py
[2026-09-20T21:57:22.239+0000] {processor.py:799} INFO - Processing file /opt/airflow/dags/5_orchestration.py for tasks to queue
[2026-09-20T21:57:22.241+0000] {logging_mixin.py:149} INFO - [2026-09-20T21:57:22.240+0000] {dagbag.py:541} INFO - Filling up the DagBag from /opt/airflow/dags/5_orchestration.py
[2026-09-20T21:57:22.273+0000] {processor.py:809} INFO - DAG(s) dict_keys(['5-orchestration']) retrieved from /opt/airflow/dags/5_orchestration.py
[2026-09-20T21:57:22.359+0000] {logging_mixin.py:149} INFO - [2026-09-20T21:57:22.358+0000] {dag.py:2726} INFO - Sync 1 DAGs
[2026-09-20T21:57:22.422+0000] {logging_mixin.py:149} INFO - [2026-09-20T21:57:22.421+0000] {dag.py:3490} INFO - Setting next_dagrun for 5-orchestration to 2023-05-01T00:00:00+00:00, run_after=2023-05-02T00:00:00+00:00
[2026-09-20T21:57:22.474+0000] {processor.py:178} INFO - Processing /opt/airflow/dags/5_orchestration.py took 0.248 seconds
[2026-09-20T21:57:53.481+0000] {processor.py:156} INFO - Started process (PID=205) to work on /opt/airflow/dags/5_orchestration.py
[2026-09-20T21:57:53.483+0000] {processor.py:799} INFO - Processing file /opt/airflow/dags/5_orchestration.py for tasks to queue
[2026-09-20T21:57:53.484+0000] {logging_mixin.py:149} INFO - [2026-09-20T21:57:53.483+0000] {dagbag.py:541} INFO - Filling up the DagBag from /opt/airflow/dags/5_orchestration.py
[2026-09-20T21:57:53.501+0000] {processor.py:809} INFO - DAG(s) dict_keys(['5-orchestration']) retrieved from /opt/airflow/dags/5_orchestration.py
[2026-09-20T21:57:53.541+0000] {logging_mixin.py:149} INFO - [2026-09-20T21:57:53.540+0000] {dag.py:2726} INFO - Sync 1 DAGs
[2026-09-20T21:57:53.572+0000] {logging_mixin.py:149} INFO - [2026-09-20T21:57:53.572+0000] {dag.py:3490} INFO - Setting next_dagrun for 5-orchestration to 2023-05-01T00:00:00+00:00, run_after=2023-05-02T00:00:00+00:00
[2026-09-20T21:57:53.593+0000] {processor.py:178} INFO - Processing /opt/airflow/dags/5_orchestration.py took 0.117 seconds
[2026-09-20T21:58:24.063+0000] {processor.py:156} INFO - Started process (PID=248) to work on /opt/airflow/dags/5_orchestration.py
[2026-09-20T21:58:24.066+0000] {processor.py:799} INFO - Processing file /opt/airflow/dags/5_orchestration.py for tasks to queue
[2026-09-20T21:58:24.067+0000] {logging_mixin.py:149} INFO - [2026-09-20T21:58:24.067+0000] {dagbag.py:541} INFO - Filling up the DagBag from /opt/airflow/dags/5_orchestration.py
[2026-09-20T21:58:24.108+0000] {processor.py:809} INFO - DAG(s) dict_keys(['5-orchestration']) retrieved from /opt/airflow/dags/5_orchestration.py
[2026-09-20T21:58:24.181+0000] {logging_mixin.py:149} INFO - [2026-09-20T21:58:24.181+0000] {dag.py:2726} INFO - Sync 1 DAGs
[2026-09-20T21:58:24.267+0000] {processor.py:178} INFO - Processing /opt/airflow/dags/5_orchestration.py took 0.214 seconds
[2026-09-20T21:58:55.079+0000] {processor.py:156} INFO - Started process (PID=361) to work on /opt/airflow/dags/5_orchestration.py
[2026-09-20T21:58:55.080+0000] {processor.py:799} INFO - Processing file /opt/airflow/dags/5_orchestration.py for tasks to queue
[2026-09-20T21:58:55.081+0000] {logging_mixin.py:149} INFO - [2026-09-20T21:58:55.081+0000] {dagbag.py:541} INFO - Filling up the DagBag from /opt/airflow/dags/5_orchestration.py
[2026-09-20T21:58:55.123+0000] {processor.py:809} INFO - DAG(s) dict_keys(['5-orchestration']) retrieved from /opt/airflow/dags/5_orchestration.py
[2026-09-20T21:58:55.198+0000] {logging_mixin.py:149} INFO - [2026-09-20T21:58:55.198+0000] {dag.py:2726} INFO - Sync 1 DAGs
[2026-09-20T21:58:55.254+0000] {logging_mixin.py:149} INFO - [2026-09-20T21:58:55.254+0000] {dag.py:3490} INFO - Setting next_dagrun for 5-orchestration to 2023-05-18T00:00:00+00:00, run_after=2023-05-19T00:00:00+00:00
[2026-09-20T21:58:55.287+0000] {processor.py:178} INFO - Processing /opt/airflow/dags/5_orchestration.py took 0.224 seconds
[2026-09-20T21:59:25.759+0000] {processor.py:156} INFO - Started process (PID=451) to work on /opt/airflow/dags/5_orchestration.py
[2026-09-20T21:59:25.767+0000] {processor.py:799} INFO - Processing file /opt/airflow/dags/5_orchestration.py for tasks to queue
[2026-09-20T21:59:25.772+0000] {logging_mixin.py:149} INFO - [2026-09-20T21:59:25.772+0000] {dagbag.py:541} INFO - Filling up the DagBag from /opt/airflow/dags/5_orchestration.py
[2026-09-20T21:59:25.802+0000] {processor.py:809} INFO - DAG(s) dict_keys(['5-orchestration']) retrieved from /opt/airflow/dags/5_orchestration.py
[2026-09-20T21:59:25.869+0000] {logging_mixin.py:149} INFO - [2026-09-20T21:59:25.869+0000] {dag.py:2726} INFO - Sync 1 DAGs
[2026-09-20T21:59:25.918+0000] {logging_mixin.py:149} INFO - [2026-09-20T21:59:25.918+0000] {dag.py:3490} INFO - Setting next_dagrun for 5-orchestration to None, run_after=None
[2026-09-20T21:59:25.984+0000] {processor.py:178} INFO - Processing /opt/airflow/dags/5_orchestration.py took 0.239 seconds
[2026-09-20T21:59:56.031+0000] {processor.py:156} INFO - Started process (PID=491) to work on /opt/airflow/dags/5_orchestration.py
[2026-09-20T21:59:56.034+0000] {processor.py:799} INFO - Processing file /opt/airflow/dags/5_orchestration.py for tasks to queue
[2026-09-20T21:59:56.035+0000] {logging_mixin.py:149} INFO - [2026-09-20T21:59:56.035+0000] {dagbag.py:541} INFO - Filling up the DagBag from /opt/airflow/dags/5_orchestration.py
[2026-09-20T21:59:56.059+0000] {processor.py:809} INFO - DAG(s) dict_keys(['5-orchestration']) retrieved from /opt/airflow/dags/5_orchestration.py
[2026-09-20T21:59:56.110+0000] {logging_mixin.py:149} INFO - [2026-09-20T21:59:56.109+0000] {dag.py:2726} INFO - Sync 1 DAGs
[2026-09-20T21:59:56.155+0000] {logging_mixin.py:149} INFO - [2026-09-20T21:59:56.155+0000] {dag.py:3490} INFO - Setting next_dagrun for 5-orchestration to None, run_after=None
[2026-09-20T21:59:56.188+0000] {processor.py:178} INFO - Processing /opt/airflow/dags/5_orchestration.py took 0.164 seconds
[2026-09-20T22:00:26.282+0000] {processor.py:156} INFO - Started process (PID=525) to work on /opt/airflow/dags/5_orchestration.py
[2026-09-20T22:00:26.290+0000] {processor.py:799} INFO - Processing file /opt/airflow/dags/5_orchestration.py for tasks to queue
[2026-09-20T22:00:26.291+0000] {logging_mixin.py:149} INFO - [2026-09-20T22:00:26.291+0000] {dagbag.py:541} INFO - Filling up the DagBag from /opt/airflow/dags/5_orchestration.py
[2026-09-20T22:00:26.323+0000] {processor.py:809} INFO - DAG(s) dict_keys(['5-orchestration']) retrieved from /opt/airflow/dags/5_orchestration.py
[2026-09-20T22:00:26.390+0000] {logging_mixin.py:149} INFO - [2026-09-20T22:00:26.390+0000] {dag.py:2726} INFO - Sync 1 DAGs
[2026-09-20T22:00:26.515+0000] {logging_mixin.py:149} INFO - [2026-09-20T22:00:26.515+0000] {dag.py:3490} INFO - Setting next_dagrun for 5-orchestration to None, run_after=None
[2026-09-20T22:00:26.610+0000] {processor.py:178} INFO - Processing /opt/airflow/dags/5_orchestration.py took 0.337 seconds
[2026-09-20T22:00:56.881+0000] {processor.py:156} INFO - Started process (PID=558) to work on /opt/airflow/dags/5_orchestration.py
[2026-09-20T22:00:56.883+0000] {processor.py:799} INFO - Processing file /opt/airflow/dags/5_orchestration.py for tasks to queue
[2026-09-20T22:00:56.885+0000] {logging_mixin.py:149} INFO - [2026-09-20T22:00:56.885+0000] {dagbag.py:541} INFO - Filling up the DagBag from /opt/airflow/dags/5_orchestration.py
[2026-09-20T22:00:56.914+0000] {processor.py:809} INFO - DAG(s) dict_keys(['5-orchestration']) retrieved from /opt/airflow/dags/5_orchestration.py
[2026-09-20T22:00:56.965+0000] {logging_mixin.py:149} INFO - [2026-09-20T22:00:56.965+0000] {dag.py:2726} INFO - Sync 1 DAGs
[2026-09-20T22:00:57.019+0000] {logging_mixin.py:149} INFO - [2026-09-20T22:00:57.019+0000] {dag.py:3490} INFO - Setting next_dagrun for 5-orchestration to None, run_after=None
[2026-09-20T22:00:57.082+0000] {processor.py:178} INFO - Processing /opt/airflow/dags/5_orchestration.py took 0.208 seconds
[2026-09-20T22:01:27.432+0000] {processor.py:156} INFO - Started process (PID=592) to work on /opt/airflow/dags/5_orchestration.py
[2026-09-20T22:01:27.435+0000] {processor.py:799} INFO - Processing file /opt/airflow/dags/5_orchestration.py for tasks to queue
[2026-09-20T22:01:27.436+0000] {logging_mixin.py:149} INFO - [2026-09-20T22:01:27.436+0000] {dagbag.py:541} INFO - Filling up the DagBag from /opt/airflow/dags/5_orchestration.py
[2026-09-20T22:01:27.475+0000] {processor.py:809} INFO - DAG(s) dict_keys(['5-orchestration']) retrieved from /opt/airflow/dags/5_orchestration.py
[2026-09-20T22:01:27.542+0000] {logging_mixin.py:149} INFO - [2026-09-20T22:01:27.542+0000] {dag.py:2726} INFO - Sync 1 DAGs
[2026-09-20T22:01:27.603+0000] {logging_mixin.py:149} INFO - [2026-09-20T22:01:27.602+0000] {dag.py:3490} INFO - Setting next_dagrun for 5-orchestration to None, run_after=None
[2026-09-20T22:01:27.651+0000] {processor.py:178} INFO - Processing /opt/airflow/dags/5_orchestration.py took 0.229 seconds
[2026-09-20T22:01:58.543+0000] {processor.py:156} INFO - Started process (PID=629) to work on /opt/airflow/dags/5_orchestration.py
[2026-09-20T22:01:58.545+0000] {processor.py:799} INFO - Processing file /opt/airflow/dags/5_orchestration.py for tasks to queue
[2026-09-20T22:01:58.549+0000] {logging_mixin.py:149} INFO - [2026-09-20T22:01:58.548+0000] {dagbag.py:541} INFO - Filling up the DagBag from /opt/airflow/dags/5_orchestration.py
[2026-09-20T22:01:58.598+0000] {processor.py:809} INFO - DAG(s) dict_keys(['5-orchestration']) retrieved from /opt/airflow/dags/5_orchestration.py
[2026-09-20T22:01:58.701+0000] {logging_mixin.py:149} INFO - [2026-09-20T22:01:58.700+0000] {dag.py:2726} INFO - Sync 1 DAGs
[2026-09-20T22:01:58.776+0000] {logging_mixin.py:149} INFO - [2026-09-20T22:01:58.775+0000] {dag.py:3490} INFO - Setting next_dagrun for 5-orchestration to None, run_after=None
[2026-09-20T22:01:58.831+0000] {processor.py:178} INFO - Processing /opt/airflow/dags/5_orchestration.py took 0.311 seconds
[2026-09-20T22:02:29.759+0000] {processor.py:156} INFO - Started process (PID=667) to work on /opt/airflow/dags/5_orchestration.py
[2026-09-20T22:02:29.762+0000] {processor.py:799} INFO - Processing file /opt/airflow/dags/5_orchestration.py for tasks to queue
[2026-09-20T22:02:29.764+0000] {logging_mixin.py:149} INFO - [2026-09-20T22:02:29.763+0000] {dagbag.py:541} INFO - Filling up the DagBag from /opt/airflow/dags/5_orchestration.py
[2026-09-20T22:02:29.786+0000] {processor.py:809} INFO - DAG(s) dict_keys(['5-orchestration']) retrieved from /opt/airflow/dags/5_orchestration.py
[2026-09-20T22:02:29.820+0000] {logging_mixin.py:149} INFO - [2026-09-20T22:02:29.820+0000] {dag.py:2726} INFO - Sync 1 DAGs
[2026-09-20T22:02:29.873+0000] {logging_mixin.py:149} INFO - [2026-09-20T22:02:29.873+0000] {dag.py:3490} INFO - Setting next_dagrun for 5-orchestration to None, run_after=None
[2026-09-20T22:02:29.931+0000] {processor.py:178} INFO - Processing /opt/airflow/dags/5_orchestration.py took 0.181 seconds
[2026-09-20T22:03:00.544+0000] {processor.py:156} INFO - Started process (PID=704) to work on /opt/airflow/dags/5_orchestration.py
[2026-09-20T22:03:00.552+0000] {processor.py:799} INFO - Processing file /opt/airflow/dags/5_orchestration.py for tasks to queue
[2026-09-20T22:03:00.557+0000] {logging_mixin.py:149} INFO - [2026-09-20T22:03:00.557+0000] {dagbag.py:541} INFO - Filling up the DagBag from /opt/airflow/dags/5_orchestration.py
[2026-09-20T22:03:00.607+0000] {processor.py:809} INFO - DAG(s) dict_keys(['5-orchestration']) retrieved from /opt/airflow/dags/5_orchestration.py
[2026-09-20T22:03:00.697+0000] {logging_mixin.py:149} INFO - [2026-09-20T22:03:00.697+0000] {dag.py:2726} INFO - Sync 1 DAGs
[2026-09-20T22:03:00.758+0000] {logging_mixin.py:149} INFO - [2026-09-20T22:03:00.758+0000] {dag.py:3490} INFO - Setting next_dagrun for 5-orchestration to None, run_after=None
[2026-09-20T22:03:00.793+0000] {processor.py:178} INFO - Processing /opt/airflow/dags/5_orchestration.py took 0.266 seconds
[2026-09-20T22:03:31.430+0000] {processor.py:156} INFO - Started process (PID=745) to work on /opt/airflow/dags/5_orchestration.py
[2026-09-20T22:03:31.436+0000] {processor.py:799} INFO - Processing file /opt/airflow/dags/5_orchestration.py for tasks to queue
[2026-09-20T22:03:31.438+0000] {logging_mixin.py:149} INFO - [2026-09-20T22:03:31.438+0000] {dagbag.py:541} INFO - Filling up the DagBag from /opt/airflow/dags/5_orchestration.py
[2026-09-20T22:03:31.554+0000] {processor.py:809} INFO - DAG(s) dict_keys(['5-orchestration']) retrieved from /opt/airflow/dags/5_orchestration.py
[2026-09-20T22:03:31.676+0000] {logging_mixin.py:149} INFO - [2026-09-20T22:03:31.676+0000] {dag.py:2726} INFO - Sync 1 DAGs
[2026-09-20T22:03:31.736+0000] {logging_mixin.py:149} INFO - [2026-09-20T22:03:31.736+0000] {dag.py:3490} INFO - Setting next_dagrun for 5-orchestration to None, run_after=None
[2026-09-20T22:03:31.817+0000] {processor.py:178} INFO - Processing /opt/airflow/dags/5_orchestration.py took 0.431 seconds
[2026-09-20T22:04:01.871+0000] {processor.py:156} INFO - Started process (PID=759) to work on /opt/airflow/dags/5_orchestration.py
[2026-09-20T22:04:01.877+0000] {processor.py:799} INFO - Processing file /opt/airflow/dags/5_orchestration.py for tasks to queue
[2026-09-20T22:04:01.883+0000] {logging_mixin.py:149} INFO - [2026-09-20T22:04:01.878+0000] {dagbag.py:541} INFO - Filling up the DagBag from /opt/airflow/dags/5_orchestration.py
[2026-09-20T22:04:01.916+0000] {processor.py:809} INFO - DAG(s) dict_keys(['5-orchestration']) retrieved from /opt/airflow/dags/5_orchestration.py
[2026-09-20T22:04:02.041+0000] {logging_mixin.py:149} INFO - [2026-09-20T22:04:02.041+0000] {dag.py:2726} INFO - Sync 1 DAGs
[2026-09-20T22:04:02.170+0000] {logging_mixin.py:149} INFO - [2026-09-20T22:04:02.170+0000] {dag.py:3490} INFO - Setting next_dagrun for 5-orchestration to None, run_after=None
[2026-09-20T22:04:02.218+0000] {processor.py:178} INFO - Processing /opt/airflow/dags/5_orchestration.py took 0.354 seconds
[2026-09-20T22:04:32.751+0000] {processor.py:156} INFO - Started process (PID=793) to work on /opt/airflow/dags/5_orchestration.py
[2026-09-20T22:04:32.754+0000] {processor.py:799} INFO - Processing file /opt/airflow/dags/5_orchestration.py for tasks to queue
[2026-09-20T22:04:32.756+0000] {logging_mixin.py:149} INFO - [2026-09-20T22:04:32.756+0000] {dagbag.py:541} INFO - Filling up the DagBag from /opt/airflow/dags/5_orchestration.py
[2026-09-20T22:04:32.805+0000] {processor.py:809} INFO - DAG(s) dict_keys(['5-orchestration']) retrieved from /opt/airflow/dags/5_orchestration.py
[2026-09-20T22:04:32.879+0000] {logging_mixin.py:149} INFO - [2026-09-20T22:04:32.879+0000] {dag.py:2726} INFO - Sync 1 DAGs
[2026-09-20T22:04:32.921+0000] {logging_mixin.py:149} INFO - [2026-09-20T22:04:32.921+0000] {dag.py:3490} INFO - Setting next_dagrun for 5-orchestration to None, run_after=None
[2026-09-20T22:04:32.954+0000] {processor.py:178} INFO - Processing /opt/airflow/dags/5_orchestration.py took 0.221 seconds
[2026-09-20T22:05:03.418+0000] {processor.py:156} INFO - Started process (PID=826) to work on /opt/airflow/dags/5_orchestration.py
[2026-09-20T22:05:03.425+0000] {processor.py:799} INFO - Processing file /opt/airflow/dags/5_orchestration.py for tasks to queue
[2026-09-20T22:05:03.426+0000] {logging_mixin.py:149} INFO - [2026-09-20T22:05:03.426+0000] {dagbag.py:541} INFO - Filling up the DagBag from /opt/airflow/dags/5_orchestration.py
[2026-09-20T22:05:03.485+0000] {processor.py:809} INFO - DAG(s) dict_keys(['5-orchestration']) retrieved from /opt/airflow/dags/5_orchestration.py
[2026-09-20T22:05:03.576+0000] {logging_mixin.py:149} INFO - [2026-09-20T22:05:03.575+0000] {dag.py:2726} INFO - Sync 1 DAGs
[2026-09-20T22:05:03.660+0000] {logging_mixin.py:149} INFO - [2026-09-20T22:05:03.660+0000] {dag.py:3490} INFO - Setting next_dagrun for 5-orchestration to None, run_after=None
[2026-09-20T22:05:03.716+0000] {processor.py:178} INFO - Processing /opt/airflow/dags/5_orchestration.py took 0.309 seconds
[2026-09-20T22:05:34.390+0000] {processor.py:156} INFO - Started process (PID=847) to work on /opt/airflow/dags/5_orchestration.py
[2026-09-20T22:05:34.394+0000] {processor.py:799} INFO - Processing file /opt/airflow/dags/5_orchestration.py for tasks to queue
[2026-09-20T22:05:34.396+0000] {logging_mixin.py:149} INFO - [2026-09-20T22:05:34.395+0000] {dagbag.py:541} INFO - Filling up the DagBag from /opt/airflow/dags/5_orchestration.py
[2026-09-20T22:05:34.434+0000] {processor.py:809} INFO - DAG(s) dict_keys(['5-orchestration']) retrieved from /opt/airflow/dags/5_orchestration.py
[2026-09-20T22:05:34.513+0000] {logging_mixin.py:149} INFO - [2026-09-20T22:05:34.512+0000] {dag.py:2726} INFO - Sync 1 DAGs
[2026-09-20T22:05:34.581+0000] {logging_mixin.py:149} INFO - [2026-09-20T22:05:34.578+0000] {dag.py:3490} INFO - Setting next_dagrun for 5-orchestration to None, run_after=None
[2026-09-20T22:05:34.645+0000] {processor.py:178} INFO - Processing /opt/airflow/dags/5_orchestration.py took 0.267 seconds
[2026-09-20T22:06:05.531+0000] {processor.py:156} INFO - Started process (PID=868) to work on /opt/airflow/dags/5_orchestration.py
[2026-09-20T22:06:05.536+0000] {processor.py:799} INFO - Processing file /opt/airflow/dags/5_orchestration.py for tasks to queue
[2026-09-20T22:06:05.537+0000] {logging_mixin.py:149} INFO - [2026-09-20T22:06:05.537+0000] {dagbag.py:541} INFO - Filling up the DagBag from /opt/airflow/dags/5_orchestration.py
[2026-09-20T22:06:05.588+0000] {processor.py:809} INFO - DAG(s) dict_keys(['5-orchestration']) retrieved from /opt/airflow/dags/5_orchestration.py
[2026-09-20T22:06:05.646+0000] {logging_mixin.py:149} INFO - [2026-09-20T22:06:05.645+0000] {dag.py:2726} INFO - Sync 1 DAGs
[2026-09-20T22:06:05.714+0000] {logging_mixin.py:149} INFO - [2026-09-20T22:06:05.714+0000] {dag.py:3490} INFO - Setting next_dagrun for 5-orchestration to None, run_after=None
[2026-09-20T22:06:05.796+0000] {processor.py:178} INFO - Processing /opt/airflow/dags/5_orchestration.py took 0.297 seconds
[2026-09-20T22:06:36.582+0000] {processor.py:156} INFO - Started process (PID=885) to work on /opt/airflow/dags/5_orchestration.py
[2026-09-20T22:06:36.587+0000] {processor.py:799} INFO - Processing file /opt/airflow/dags/5_orchestration.py for tasks to queue
[2026-09-20T22:06:36.588+0000] {logging_mixin.py:149} INFO - [2026-09-20T22:06:36.588+0000] {dagbag.py:541} INFO - Filling up the DagBag from /opt/airflow/dags/5_orchestration.py
[2026-09-20T22:06:36.637+0000] {processor.py:809} INFO - DAG(s) dict_keys(['5-orchestration']) retrieved from /opt/airflow/dags/5_orchestration.py
[2026-09-20T22:06:36.738+0000] {logging_mixin.py:149} INFO - [2026-09-20T22:06:36.738+0000] {dag.py:2726} INFO - Sync 1 DAGs
[2026-09-20T22:06:36.806+0000] {logging_mixin.py:149} INFO - [2026-09-20T22:06:36.805+0000] {dag.py:3490} INFO - Setting next_dagrun for 5-orchestration to None, run_after=None
[2026-09-20T22:06:36.871+0000] {processor.py:178} INFO - Processing /opt/airflow/dags/5_orchestration.py took 0.305 seconds
[2026-09-20T22:07:07.131+0000] {processor.py:156} INFO - Started process (PID=898) to work on /opt/airflow/dags/5_orchestration.py
[2026-09-20T22:07:07.136+0000] {processor.py:799} INFO - Processing file /opt/airflow/dags/5_orchestration.py for tasks to queue
[2026-09-20T22:07:07.137+0000] {logging_mixin.py:149} INFO - [2026-09-20T22:07:07.137+0000] {dagbag.py:541} INFO - Filling up the DagBag from /opt/airflow/dags/5_orchestration.py
[2026-09-20T22:07:07.162+0000] {processor.py:809} INFO - DAG(s) dict_keys(['5-orchestration']) retrieved from /opt/airflow/dags/5_orchestration.py
[2026-09-20T22:07:07.226+0000] {logging_mixin.py:149} INFO - [2026-09-20T22:07:07.225+0000] {dag.py:2726} INFO - Sync 1 DAGs
[2026-09-20T22:07:07.280+0000] {logging_mixin.py:149} INFO - [2026-09-20T22:07:07.280+0000] {dag.py:3490} INFO - Setting next_dagrun for 5-orchestration to None, run_after=None
[2026-09-20T22:07:07.318+0000] {processor.py:178} INFO - Processing /opt/airflow/dags/5_orchestration.py took 0.195 seconds
[2026-09-20T22:07:37.770+0000] {processor.py:156} INFO - Started process (PID=919) to work on /opt/airflow/dags/5_orchestration.py
[2026-09-20T22:07:37.776+0000] {processor.py:799} INFO - Processing file /opt/airflow/dags/5_orchestration.py for tasks to queue
[2026-09-20T22:07:37.777+0000] {logging_mixin.py:149} INFO - [2026-09-20T22:07:37.777+0000] {dagbag.py:541} INFO - Filling up the DagBag from /opt/airflow/dags/5_orchestration.py
[2026-09-20T22:07:37.829+0000] {processor.py:809} INFO - DAG(s) dict_keys(['5-orchestration']) retrieved from /opt/airflow/dags/5_orchestration.py
[2026-09-20T22:07:37.996+0000] {logging_mixin.py:149} INFO - [2026-09-20T22:07:37.989+0000] {dag.py:2726} INFO - Sync 1 DAGs
[2026-09-20T22:07:38.118+0000] {logging_mixin.py:149} INFO - [2026-09-20T22:07:38.118+0000] {dag.py:3490} INFO - Setting next_dagrun for 5-orchestration to None, run_after=None
[2026-09-20T22:07:38.206+0000] {processor.py:178} INFO - Processing /opt/airflow/dags/5_orchestration.py took 0.450 seconds
[2026-09-20T22:08:08.928+0000] {processor.py:156} INFO - Started process (PID=940) to work on /opt/airflow/dags/5_orchestration.py
[2026-09-20T22:08:08.936+0000] {processor.py:799} INFO - Processing file /opt/airflow/dags/5_orchestration.py for tasks to queue
[2026-09-20T22:08:08.937+0000] {logging_mixin.py:149} INFO - [2026-09-20T22:08:08.937+0000] {dagbag.py:541} INFO - Filling up the DagBag from /opt/airflow/dags/5_orchestration.py
[2026-09-20T22:08:08.973+0000] {processor.py:809} INFO - DAG(s) dict_keys(['5-orchestration']) retrieved from /opt/airflow/dags/5_orchestration.py
[2026-09-20T22:08:09.045+0000] {logging_mixin.py:149} INFO - [2026-09-20T22:08:09.045+0000] {dag.py:2726} INFO - Sync 1 DAGs
[2026-09-20T22:08:09.211+0000] {logging_mixin.py:149} INFO - [2026-09-20T22:08:09.211+0000] {dag.py:3490} INFO - Setting next_dagrun for 5-orchestration to None, run_after=None
[2026-09-20T22:08:09.307+0000] {processor.py:178} INFO - Processing /opt/airflow/dags/5_orchestration.py took 0.385 seconds
[2026-09-20T22:08:39.608+0000] {processor.py:156} INFO - Started process (PID=965) to work on /opt/airflow/dags/5_orchestration.py
[2026-09-20T22:08:39.610+0000] {processor.py:799} INFO - Processing file /opt/airflow/dags/5_orchestration.py for tasks to queue
[2026-09-20T22:08:39.611+0000] {logging_mixin.py:149} INFO - [2026-09-20T22:08:39.611+0000] {dagbag.py:541} INFO - Filling up the DagBag from /opt/airflow/dags/5_orchestration.py
[2026-09-20T22:08:39.644+0000] {processor.py:809} INFO - DAG(s) dict_keys(['5-orchestration']) retrieved from /opt/airflow/dags/5_orchestration.py
[2026-09-20T22:08:39.691+0000] {logging_mixin.py:149} INFO - [2026-09-20T22:08:39.691+0000] {dag.py:2726} INFO - Sync 1 DAGs
[2026-09-20T22:08:39.733+0000] {logging_mixin.py:149} INFO - [2026-09-20T22:08:39.732+0000] {dag.py:3490} INFO - Setting next_dagrun for 5-orchestration to None, run_after=None
[2026-09-20T22:08:39.766+0000] {processor.py:178} INFO - Processing /opt/airflow/dags/5_orchestration.py took 0.171 seconds
[2026-09-20T22:09:10.135+0000] {processor.py:156} INFO - Started process (PID=978) to work on /opt/airflow/dags/5_orchestration.py
[2026-09-20T22:09:10.137+0000] {processor.py:799} INFO - Processing file /opt/airflow/dags/5_orchestration.py for tasks to queue
[2026-09-20T22:09:10.139+0000] {logging_mixin.py:149} INFO - [2026-09-20T22:09:10.138+0000] {dagbag.py:541} INFO - Filling up the DagBag from /opt/airflow/dags/5_orchestration.py
[2026-09-20T22:09:10.175+0000] {processor.py:809} INFO - DAG(s) dict_keys(['5-orchestration']) retrieved from /opt/airflow/dags/5_orchestration.py
[2026-09-20T22:09:10.247+0000] {logging_mixin.py:149} INFO - [2026-09-20T22:09:10.246+0000] {dag.py:2726} INFO - Sync 1 DAGs
[2026-09-20T22:09:10.301+0000] {logging_mixin.py:149} INFO - [2026-09-20T22:09:10.297+0000] {dag.py:3490} INFO - Setting next_dagrun for 5-orchestration to None, run_after=None
[2026-09-20T22:09:10.333+0000] {processor.py:178} INFO - Processing /opt/airflow/dags/5_orchestration.py took 0.208 seconds
[2026-09-20T22:09:40.720+0000] {processor.py:156} INFO - Started process (PID=1003) to work on /opt/airflow/dags/5_orchestration.py
[2026-09-20T22:09:40.731+0000] {processor.py:799} INFO - Processing file /opt/airflow/dags/5_orchestration.py for tasks to queue
[2026-09-20T22:09:40.733+0000] {logging_mixin.py:149} INFO - [2026-09-20T22:09:40.732+0000] {dagbag.py:541} INFO - Filling up the DagBag from /opt/airflow/dags/5_orchestration.py
[2026-09-20T22:09:40.767+0000] {processor.py:809} INFO - DAG(s) dict_keys(['5-orchestration']) retrieved from /opt/airflow/dags/5_orchestration.py
[2026-09-20T22:09:40.847+0000] {logging_mixin.py:149} INFO - [2026-09-20T22:09:40.847+0000] {dag.py:2726} INFO - Sync 1 DAGs
[2026-09-20T22:09:40.916+0000] {logging_mixin.py:149} INFO - [2026-09-20T22:09:40.915+0000] {dag.py:3490} INFO - Setting next_dagrun for 5-orchestration to None, run_after=None
[2026-09-20T22:09:40.988+0000] {processor.py:178} INFO - Processing /opt/airflow/dags/5_orchestration.py took 0.274 seconds
[2026-09-20T22:10:11.323+0000] {processor.py:156} INFO - Started process (PID=1024) to work on /opt/airflow/dags/5_orchestration.py
[2026-09-20T22:10:11.336+0000] {processor.py:799} INFO - Processing file /opt/airflow/dags/5_orchestration.py for tasks to queue
[2026-09-20T22:10:11.337+0000] {logging_mixin.py:149} INFO - [2026-09-20T22:10:11.337+0000] {dagbag.py:541} INFO - Filling up the DagBag from /opt/airflow/dags/5_orchestration.py
[2026-09-20T22:10:11.394+0000] {processor.py:809} INFO - DAG(s) dict_keys(['5-orchestration']) retrieved from /opt/airflow/dags/5_orchestration.py
[2026-09-20T22:10:11.484+0000] {logging_mixin.py:149} INFO - [2026-09-20T22:10:11.484+0000] {dag.py:2726} INFO - Sync 1 DAGs
[2026-09-20T22:10:11.544+0000] {logging_mixin.py:149} INFO - [2026-09-20T22:10:11.544+0000] {dag.py:3490} INFO - Setting next_dagrun for 5-orchestration to None, run_after=None
[2026-09-20T22:10:11.615+0000] {processor.py:178} INFO - Processing /opt/airflow/dags/5_orchestration.py took 0.311 seconds
[2026-09-20T22:10:41.903+0000] {processor.py:156} INFO - Started process (PID=1045) to work on /opt/airflow/dags/5_orchestration.py
[2026-09-20T22:10:41.914+0000] {processor.py:799} INFO - Processing file /opt/airflow/dags/5_orchestration.py for tasks to queue
[2026-09-20T22:10:41.915+0000] {logging_mixin.py:149} INFO - [2026-09-20T22:10:41.915+0000] {dagbag.py:541} INFO - Filling up the DagBag from /opt/airflow/dags/5_orchestration.py
[2026-09-20T22:10:41.953+0000] {processor.py:809} INFO - DAG(s) dict_keys(['5-orchestration']) retrieved from /opt/airflow/dags/5_orchestration.py
[2026-09-20T22:10:42.036+0000] {logging_mixin.py:149} INFO - [2026-09-20T22:10:42.036+0000] {dag.py:2726} INFO - Sync 1 DAGs
[2026-09-20T22:10:42.114+0000] {logging_mixin.py:149} INFO - [2026-09-20T22:10:42.114+0000] {dag.py:3490} INFO - Setting next_dagrun for 5-orchestration to None, run_after=None
[2026-09-20T22:10:42.160+0000] {processor.py:178} INFO - Processing /opt/airflow/dags/5_orchestration.py took 0.262 seconds
[2026-09-20T22:11:12.997+0000] {processor.py:156} INFO - Started process (PID=1062) to work on /opt/airflow/dags/5_orchestration.py
[2026-09-20T22:11:13.002+0000] {processor.py:799} INFO - Processing file /opt/airflow/dags/5_orchestration.py for tasks to queue
[2026-09-20T22:11:13.004+0000] {logging_mixin.py:149} INFO - [2026-09-20T22:11:13.003+0000] {dagbag.py:541} INFO - Filling up the DagBag from /opt/airflow/dags/5_orchestration.py
[2026-09-20T22:11:13.031+0000] {processor.py:809} INFO - DAG(s) dict_keys(['5-orchestration']) retrieved from /opt/airflow/dags/5_orchestration.py
[2026-09-20T22:11:13.082+0000] {logging_mixin.py:149} INFO - [2026-09-20T22:11:13.082+0000] {dag.py:2726} INFO - Sync 1 DAGs
[2026-09-20T22:11:13.127+0000] {logging_mixin.py:149} INFO - [2026-09-20T22:11:13.127+0000] {dag.py:3490} INFO - Setting next_dagrun for 5-orchestration to None, run_after=None
[2026-09-20T22:11:13.162+0000] {processor.py:178} INFO - Processing /opt/airflow/dags/5_orchestration.py took 0.174 seconds
[2026-09-20T22:11:43.416+0000] {processor.py:156} INFO - Started process (PID=1087) to work on /opt/airflow/dags/5_orchestration.py
[2026-09-20T22:11:43.422+0000] {processor.py:799} INFO - Processing file /opt/airflow/dags/5_orchestration.py for tasks to queue
[2026-09-20T22:11:43.426+0000] {logging_mixin.py:149} INFO - [2026-09-20T22:11:43.425+0000] {dagbag.py:541} INFO - Filling up the DagBag from /opt/airflow/dags/5_orchestration.py
[2026-09-20T22:11:43.453+0000] {processor.py:809} INFO - DAG(s) dict_keys(['5-orchestration']) retrieved from /opt/airflow/dags/5_orchestration.py
[2026-09-20T22:11:43.523+0000] {logging_mixin.py:149} INFO - [2026-09-20T22:11:43.523+0000] {dag.py:2726} INFO - Sync 1 DAGs
[2026-09-20T22:11:43.581+0000] {logging_mixin.py:149} INFO - [2026-09-20T22:11:43.581+0000] {dag.py:3490} INFO - Setting next_dagrun for 5-orchestration to None, run_after=None
[2026-09-20T22:11:43.611+0000] {processor.py:178} INFO - Processing /opt/airflow/dags/5_orchestration.py took 0.210 seconds
[2026-09-20T22:12:14.541+0000] {processor.py:156} INFO - Started process (PID=1112) to work on /opt/airflow/dags/5_orchestration.py
[2026-09-20T22:12:14.556+0000] {processor.py:799} INFO - Processing file /opt/airflow/dags/5_orchestration.py for tasks to queue
[2026-09-20T22:12:14.558+0000] {logging_mixin.py:149} INFO - [2026-09-20T22:12:14.558+0000] {dagbag.py:541} INFO - Filling up the DagBag from /opt/airflow/dags/5_orchestration.py
[2026-09-20T22:12:14.580+0000] {processor.py:809} INFO - DAG(s) dict_keys(['5-orchestration']) retrieved from /opt/airflow/dags/5_orchestration.py
[2026-09-20T22:12:14.640+0000] {logging_mixin.py:149} INFO - [2026-09-20T22:12:14.640+0000] {dag.py:2726} INFO - Sync 1 DAGs
[2026-09-20T22:12:14.688+0000] {logging_mixin.py:149} INFO - [2026-09-20T22:12:14.688+0000] {dag.py:3490} INFO - Setting next_dagrun for 5-orchestration to None, run_after=None
[2026-09-20T22:12:14.715+0000] {processor.py:178} INFO - Processing /opt/airflow/dags/5_orchestration.py took 0.181 seconds
[2026-09-20T22:12:44.787+0000] {processor.py:156} INFO - Started process (PID=1121) to work on /opt/airflow/dags/5_orchestration.py
[2026-09-20T22:12:44.792+0000] {processor.py:799} INFO - Processing file /opt/airflow/dags/5_orchestration.py for tasks to queue
[2026-09-20T22:12:44.793+0000] {logging_mixin.py:149} INFO - [2026-09-20T22:12:44.793+0000] {dagbag.py:541} INFO - Filling up the DagBag from /opt/airflow/dags/5_orchestration.py
[2026-09-20T22:12:44.833+0000] {processor.py:809} INFO - DAG(s) dict_keys(['5-orchestration']) retrieved from /opt/airflow/dags/5_orchestration.py
[2026-09-20T22:12:44.926+0000] {logging_mixin.py:149} INFO - [2026-09-20T22:12:44.925+0000] {dag.py:2726} INFO - Sync 1 DAGs
[2026-09-20T22:12:44.989+0000] {logging_mixin.py:149} INFO - [2026-09-20T22:12:44.989+0000] {dag.py:3490} INFO - Setting next_dagrun for 5-orchestration to None, run_after=None
[2026-09-20T22:12:45.055+0000] {processor.py:178} INFO - Processing /opt/airflow/dags/5_orchestration.py took 0.297 seconds
[2026-09-20T22:13:15.149+0000] {processor.py:156} INFO - Started process (PID=1142) to work on /opt/airflow/dags/5_orchestration.py
[2026-09-20T22:13:15.154+0000] {processor.py:799} INFO - Processing file /opt/airflow/dags/5_orchestration.py for tasks to queue
[2026-09-20T22:13:15.155+0000] {logging_mixin.py:149} INFO - [2026-09-20T22:13:15.155+0000] {dagbag.py:541} INFO - Filling up the DagBag from /opt/airflow/dags/5_orchestration.py
[2026-09-20T22:13:15.184+0000] {processor.py:809} INFO - DAG(s) dict_keys(['5-orchestration']) retrieved from /opt/airflow/dags/5_orchestration.py
[2026-09-20T22:13:15.241+0000] {logging_mixin.py:149} INFO - [2026-09-20T22:13:15.241+0000] {dag.py:2726} INFO - Sync 1 DAGs
[2026-09-20T22:13:15.291+0000] {logging_mixin.py:149} INFO - [2026-09-20T22:13:15.290+0000] {dag.py:3490} INFO - Setting next_dagrun for 5-orchestration to None, run_after=None
[2026-09-20T22:13:15.325+0000] {processor.py:178} INFO - Processing /opt/airflow/dags/5_orchestration.py took 0.186 seconds
[2026-09-20T22:13:45.577+0000] {processor.py:156} INFO - Started process (PID=1159) to work on /opt/airflow/dags/5_orchestration.py
[2026-09-20T22:13:45.589+0000] {processor.py:799} INFO - Processing file /opt/airflow/dags/5_orchestration.py for tasks to queue
[2026-09-20T22:13:45.590+0000] {logging_mixin.py:149} INFO - [2026-09-20T22:13:45.590+0000] {dagbag.py:541} INFO - Filling up the DagBag from /opt/airflow/dags/5_orchestration.py
[2026-09-20T22:13:45.646+0000] {processor.py:809} INFO - DAG(s) dict_keys(['5-orchestration']) retrieved from /opt/airflow/dags/5_orchestration.py
[2026-09-20T22:13:45.717+0000] {logging_mixin.py:149} INFO - [2026-09-20T22:13:45.717+0000] {dag.py:2726} INFO - Sync 1 DAGs
[2026-09-20T22:13:45.775+0000] {logging_mixin.py:149} INFO - [2026-09-20T22:13:45.775+0000] {dag.py:3490} INFO - Setting next_dagrun for 5-orchestration to None, run_after=None
[2026-09-20T22:13:45.822+0000] {processor.py:178} INFO - Processing /opt/airflow/dags/5_orchestration.py took 0.267 seconds
[2026-09-20T22:14:16.629+0000] {processor.py:156} INFO - Started process (PID=1176) to work on /opt/airflow/dags/5_orchestration.py
[2026-09-20T22:14:16.631+0000] {processor.py:799} INFO - Processing file /opt/airflow/dags/5_orchestration.py for tasks to queue
[2026-09-20T22:14:16.632+0000] {logging_mixin.py:149} INFO - [2026-09-20T22:14:16.632+0000] {dagbag.py:541} INFO - Filling up the DagBag from /opt/airflow/dags/5_orchestration.py
[2026-09-20T22:14:16.653+0000] {processor.py:809} INFO - DAG(s) dict_keys(['5-orchestration']) retrieved from /opt/airflow/dags/5_orchestration.py
[2026-09-20T22:14:16.710+0000] {logging_mixin.py:149} INFO - [2026-09-20T22:14:16.709+0000] {dag.py:2726} INFO - Sync 1 DAGs
[2026-09-20T22:14:16.767+0000] {logging_mixin.py:149} INFO - [2026-09-20T22:14:16.766+0000] {dag.py:3490} INFO - Setting next_dagrun for 5-orchestration to None, run_after=None
[2026-09-20T22:14:16.796+0000] {processor.py:178} INFO - Processing /opt/airflow/dags/5_orchestration.py took 0.177 seconds
[2026-09-20T22:14:47.512+0000] {processor.py:156} INFO - Started process (PID=1197) to work on /opt/airflow/dags/5_orchestration.py
[2026-09-20T22:14:47.517+0000] {processor.py:799} INFO - Processing file /opt/airflow/dags/5_orchestration.py for tasks to queue
[2026-09-20T22:14:47.518+0000] {logging_mixin.py:149} INFO - [2026-09-20T22:14:47.518+0000] {dagbag.py:541} INFO - Filling up the DagBag from /opt/airflow/dags/5_orchestration.py
[2026-09-20T22:14:47.539+0000] {processor.py:809} INFO - DAG(s) dict_keys(['5-orchestration']) retrieved from /opt/airflow/dags/5_orchestration.py
[2026-09-20T22:14:47.591+0000] {logging_mixin.py:149} INFO - [2026-09-20T22:14:47.591+0000] {dag.py:2726} INFO - Sync 1 DAGs
[2026-09-20T22:14:47.629+0000] {logging_mixin.py:149} INFO - [2026-09-20T22:14:47.629+0000] {dag.py:3490} INFO - Setting next_dagrun for 5-orchestration to None, run_after=None
[2026-09-20T22:14:47.656+0000] {processor.py:178} INFO - Processing /opt/airflow/dags/5_orchestration.py took 0.160 seconds
[2026-09-20T22:15:18.607+0000] {processor.py:156} INFO - Started process (PID=1222) to work on /opt/airflow/dags/5_orchestration.py
[2026-09-20T22:15:18.616+0000] {processor.py:799} INFO - Processing file /opt/airflow/dags/5_orchestration.py for tasks to queue
[2026-09-20T22:15:18.617+0000] {logging_mixin.py:149} INFO - [2026-09-20T22:15:18.617+0000] {dagbag.py:541} INFO - Filling up the DagBag from /opt/airflow/dags/5_orchestration.py
[2026-09-20T22:15:18.674+0000] {processor.py:809} INFO - DAG(s) dict_keys(['5-orchestration']) retrieved from /opt/airflow/dags/5_orchestration.py
[2026-09-20T22:15:18.750+0000] {logging_mixin.py:149} INFO - [2026-09-20T22:15:18.750+0000] {dag.py:2726} INFO - Sync 1 DAGs
[2026-09-20T22:15:18.848+0000] {logging_mixin.py:149} INFO - [2026-09-20T22:15:18.847+0000] {dag.py:3490} INFO - Setting next_dagrun for 5-orchestration to None, run_after=None
[2026-09-20T22:15:18.909+0000] {processor.py:178} INFO - Processing /opt/airflow/dags/5_orchestration.py took 0.319 seconds
[2026-09-20T22:15:49.863+0000] {processor.py:156} INFO - Started process (PID=1231) to work on /opt/airflow/dags/5_orchestration.py
[2026-09-20T22:15:49.866+0000] {processor.py:799} INFO - Processing file /opt/airflow/dags/5_orchestration.py for tasks to queue
[2026-09-20T22:15:49.867+0000] {logging_mixin.py:149} INFO - [2026-09-20T22:15:49.867+0000] {dagbag.py:541} INFO - Filling up the DagBag from /opt/airflow/dags/5_orchestration.py
[2026-09-20T22:15:49.890+0000] {processor.py:809} INFO - DAG(s) dict_keys(['5-orchestration']) retrieved from /opt/airflow/dags/5_orchestration.py
[2026-09-20T22:15:49.948+0000] {logging_mixin.py:149} INFO - [2026-09-20T22:15:49.948+0000] {dag.py:2726} INFO - Sync 1 DAGs
[2026-09-20T22:15:49.995+0000] {logging_mixin.py:149} INFO - [2026-09-20T22:15:49.994+0000] {dag.py:3490} INFO - Setting next_dagrun for 5-orchestration to None, run_after=None
[2026-09-20T22:15:50.036+0000] {processor.py:178} INFO - Processing /opt/airflow/dags/5_orchestration.py took 0.178 seconds
[2026-09-20T22:16:20.824+0000] {processor.py:156} INFO - Started process (PID=1240) to work on /opt/airflow/dags/5_orchestration.py
[2026-09-20T22:16:20.827+0000] {processor.py:799} INFO - Processing file /opt/airflow/dags/5_orchestration.py for tasks to queue
[2026-09-20T22:16:20.829+0000] {logging_mixin.py:149} INFO - [2026-09-20T22:16:20.829+0000] {dagbag.py:541} INFO - Filling up the DagBag from /opt/airflow/dags/5_orchestration.py
[2026-09-20T22:16:20.850+0000] {processor.py:809} INFO - DAG(s) dict_keys(['5-orchestration']) retrieved from /opt/airflow/dags/5_orchestration.py
[2026-09-20T22:16:20.907+0000] {logging_mixin.py:149} INFO - [2026-09-20T22:16:20.907+0000] {dag.py:2726} INFO - Sync 1 DAGs
[2026-09-20T22:16:20.952+0000] {logging_mixin.py:149} INFO - [2026-09-20T22:16:20.952+0000] {dag.py:3490} INFO - Setting next_dagrun for 5-orchestration to None, run_after=None
[2026-09-20T22:16:20.986+0000] {processor.py:178} INFO - Processing /opt/airflow/dags/5_orchestration.py took 0.171 seconds
[2026-09-20T22:16:51.562+0000] {processor.py:156} INFO - Started process (PID=1249) to work on /opt/airflow/dags/5_orchestration.py
[2026-09-20T22:16:51.565+0000] {processor.py:799} INFO - Processing file /opt/airflow/dags/5_orchestration.py for tasks to queue
[2026-09-20T22:16:51.567+0000] {logging_mixin.py:149} INFO - [2026-09-20T22:16:51.566+0000] {dagbag.py:541} INFO - Filling up the DagBag from /opt/airflow/dags/5_orchestration.py
[2026-09-20T22:16:51.588+0000] {processor.py:809} INFO - DAG(s) dict_keys(['5-orchestration']) retrieved from /opt/airflow/dags/5_orchestration.py
[2026-09-20T22:16:51.653+0000] {logging_mixin.py:149} INFO - [2026-09-20T22:16:51.652+0000] {dag.py:2726} INFO - Sync 1 DAGs
[2026-09-20T22:16:51.703+0000] {logging_mixin.py:149} INFO - [2026-09-20T22:16:51.702+0000] {dag.py:3490} INFO - Setting next_dagrun for 5-orchestration to None, run_after=None
[2026-09-20T22:16:51.740+0000] {processor.py:178} INFO - Processing /opt/airflow/dags/5_orchestration.py took 0.185 seconds
[2026-09-20T22:17:22.484+0000] {processor.py:156} INFO - Started process (PID=1258) to work on /opt/airflow/dags/5_orchestration.py
[2026-09-20T22:17:22.486+0000] {processor.py:799} INFO - Processing file /opt/airflow/dags/5_orchestration.py for tasks to queue
[2026-09-20T22:17:22.487+0000] {logging_mixin.py:149} INFO - [2026-09-20T22:17:22.487+0000] {dagbag.py:541} INFO - Filling up the DagBag from /opt/airflow/dags/5_orchestration.py
[2026-09-20T22:17:22.512+0000] {processor.py:809} INFO - DAG(s) dict_keys(['5-orchestration']) retrieved from /opt/airflow/dags/5_orchestration.py
[2026-09-20T22:17:22.621+0000] {logging_mixin.py:149} INFO - [2026-09-20T22:17:22.621+0000] {dag.py:2726} INFO - Sync 1 DAGs
[2026-09-20T22:17:22.688+0000] {logging_mixin.py:149} INFO - [2026-09-20T22:17:22.688+0000] {dag.py:3490} INFO - Setting next_dagrun for 5-orchestration to None, run_after=None
[2026-09-20T22:17:22.755+0000] {processor.py:178} INFO - Processing /opt/airflow/dags/5_orchestration.py took 0.282 seconds
[2026-09-20T22:17:53.491+0000] {processor.py:156} INFO - Started process (PID=1267) to work on /opt/airflow/dags/5_orchestration.py
[2026-09-20T22:17:53.499+0000] {processor.py:799} INFO - Processing file /opt/airflow/dags/5_orchestration.py for tasks to queue
[2026-09-20T22:17:53.500+0000] {logging_mixin.py:149} INFO - [2026-09-20T22:17:53.500+0000] {dagbag.py:541} INFO - Filling up the DagBag from /opt/airflow/dags/5_orchestration.py
[2026-09-20T22:17:53.524+0000] {processor.py:809} INFO - DAG(s) dict_keys(['5-orchestration']) retrieved from /opt/airflow/dags/5_orchestration.py
[2026-09-20T22:17:53.586+0000] {logging_mixin.py:149} INFO - [2026-09-20T22:17:53.586+0000] {dag.py:2726} INFO - Sync 1 DAGs
[2026-09-20T22:17:53.637+0000] {logging_mixin.py:149} INFO - [2026-09-20T22:17:53.636+0000] {dag.py:3490} INFO - Setting next_dagrun for 5-orchestration to None, run_after=None
[2026-09-20T22:17:53.669+0000] {processor.py:178} INFO - Processing /opt/airflow/dags/5_orchestration.py took 0.184 seconds
[2026-09-20T22:18:24.453+0000] {processor.py:156} INFO - Started process (PID=1276) to work on /opt/airflow/dags/5_orchestration.py
[2026-09-20T22:18:24.458+0000] {processor.py:799} INFO - Processing file /opt/airflow/dags/5_orchestration.py for tasks to queue
[2026-09-20T22:18:24.460+0000] {logging_mixin.py:149} INFO - [2026-09-20T22:18:24.460+0000] {dagbag.py:541} INFO - Filling up the DagBag from /opt/airflow/dags/5_orchestration.py
[2026-09-20T22:18:24.495+0000] {processor.py:809} INFO - DAG(s) dict_keys(['5-orchestration']) retrieved from /opt/airflow/dags/5_orchestration.py
[2026-09-20T22:18:24.545+0000] {logging_mixin.py:149} INFO - [2026-09-20T22:18:24.545+0000] {dag.py:2726} INFO - Sync 1 DAGs
[2026-09-20T22:18:24.590+0000] {logging_mixin.py:149} INFO - [2026-09-20T22:18:24.590+0000] {dag.py:3490} INFO - Setting next_dagrun for 5-orchestration to None, run_after=None
[2026-09-20T22:18:24.619+0000] {processor.py:178} INFO - Processing /opt/airflow/dags/5_orchestration.py took 0.175 seconds
[2026-09-20T22:18:55.313+0000] {processor.py:156} INFO - Started process (PID=1285) to work on /opt/airflow/dags/5_orchestration.py
[2026-09-20T22:18:55.316+0000] {processor.py:799} INFO - Processing file /opt/airflow/dags/5_orchestration.py for tasks to queue
[2026-09-20T22:18:55.318+0000] {logging_mixin.py:149} INFO - [2026-09-20T22:18:55.318+0000] {dagbag.py:541} INFO - Filling up the DagBag from /opt/airflow/dags/5_orchestration.py
[2026-09-20T22:18:55.340+0000] {processor.py:809} INFO - DAG(s) dict_keys(['5-orchestration']) retrieved from /opt/airflow/dags/5_orchestration.py
[2026-09-20T22:18:55.403+0000] {logging_mixin.py:149} INFO - [2026-09-20T22:18:55.403+0000] {dag.py:2726} INFO - Sync 1 DAGs
[2026-09-20T22:18:55.461+0000] {logging_mixin.py:149} INFO - [2026-09-20T22:18:55.461+0000] {dag.py:3490} INFO - Setting next_dagrun for 5-orchestration to None, run_after=None
[2026-09-20T22:18:55.508+0000] {processor.py:178} INFO - Processing /opt/airflow/dags/5_orchestration.py took 0.208 seconds
[2026-09-20T22:19:26.263+0000] {processor.py:156} INFO - Started process (PID=1294) to work on /opt/airflow/dags/5_orchestration.py
[2026-09-20T22:19:26.268+0000] {processor.py:799} INFO - Processing file /opt/airflow/dags/5_orchestration.py for tasks to queue
[2026-09-20T22:19:26.269+0000] {logging_mixin.py:149} INFO - [2026-09-20T22:19:26.269+0000] {dagbag.py:541} INFO - Filling up the DagBag from /opt/airflow/dags/5_orchestration.py
[2026-09-20T22:19:26.291+0000] {processor.py:809} INFO - DAG(s) dict_keys(['5-orchestration']) retrieved from /opt/airflow/dags/5_orchestration.py
[2026-09-20T22:19:26.345+0000] {logging_mixin.py:149} INFO - [2026-09-20T22:19:26.345+0000] {dag.py:2726} INFO - Sync 1 DAGs
[2026-09-20T22:19:26.402+0000] {logging_mixin.py:149} INFO - [2026-09-20T22:19:26.402+0000] {dag.py:3490} INFO - Setting next_dagrun for 5-orchestration to None, run_after=None
[2026-09-20T22:19:26.440+0000] {processor.py:178} INFO - Processing /opt/airflow/dags/5_orchestration.py took 0.184 seconds
[2026-09-20T22:19:57.077+0000] {processor.py:156} INFO - Started process (PID=1303) to work on /opt/airflow/dags/5_orchestration.py
[2026-09-20T22:19:57.083+0000] {processor.py:799} INFO - Processing file /opt/airflow/dags/5_orchestration.py for tasks to queue
[2026-09-20T22:19:57.086+0000] {logging_mixin.py:149} INFO - [2026-09-20T22:19:57.085+0000] {dagbag.py:541} INFO - Filling up the DagBag from /opt/airflow/dags/5_orchestration.py
[2026-09-20T22:19:57.108+0000] {processor.py:809} INFO - DAG(s) dict_keys(['5-orchestration']) retrieved from /opt/airflow/dags/5_orchestration.py
[2026-09-20T22:19:57.183+0000] {logging_mixin.py:149} INFO - [2026-09-20T22:19:57.183+0000] {dag.py:2726} INFO - Sync 1 DAGs
[2026-09-20T22:19:57.260+0000] {logging_mixin.py:149} INFO - [2026-09-20T22:19:57.259+0000] {dag.py:3490} INFO - Setting next_dagrun for 5-orchestration to None, run_after=None
[2026-09-20T22:19:57.315+0000] {processor.py:178} INFO - Processing /opt/airflow/dags/5_orchestration.py took 0.249 seconds
[2026-09-20T22:20:28.088+0000] {processor.py:156} INFO - Started process (PID=1313) to work on /opt/airflow/dags/5_orchestration.py
[2026-09-20T22:20:28.090+0000] {processor.py:799} INFO - Processing file /opt/airflow/dags/5_orchestration.py for tasks to queue
[2026-09-20T22:20:28.091+0000] {logging_mixin.py:149} INFO - [2026-09-20T22:20:28.091+0000] {dagbag.py:541} INFO - Filling up the DagBag from /opt/airflow/dags/5_orchestration.py
[2026-09-20T22:20:28.115+0000] {processor.py:809} INFO - DAG(s) dict_keys(['5-orchestration']) retrieved from /opt/airflow/dags/5_orchestration.py
[2026-09-20T22:20:28.161+0000] {logging_mixin.py:149} INFO - [2026-09-20T22:20:28.161+0000] {dag.py:2726} INFO - Sync 1 DAGs
[2026-09-20T22:20:28.199+0000] {logging_mixin.py:149} INFO - [2026-09-20T22:20:28.199+0000] {dag.py:3490} INFO - Setting next_dagrun for 5-orchestration to None, run_after=None
[2026-09-20T22:20:28.237+0000] {processor.py:178} INFO - Processing /opt/airflow/dags/5_orchestration.py took 0.157 seconds
[2026-09-20T22:20:58.988+0000] {processor.py:156} INFO - Started process (PID=1322) to work on /opt/airflow/dags/5_orchestration.py
[2026-09-20T22:20:58.991+0000] {processor.py:799} INFO - Processing file /opt/airflow/dags/5_orchestration.py for tasks to queue
[2026-09-20T22:20:58.994+0000] {logging_mixin.py:149} INFO - [2026-09-20T22:20:58.993+0000] {dagbag.py:541} INFO - Filling up the DagBag from /opt/airflow/dags/5_orchestration.py
[2026-09-20T22:20:59.027+0000] {processor.py:809} INFO - DAG(s) dict_keys(['5-orchestration']) retrieved from /opt/airflow/dags/5_orchestration.py
[2026-09-20T22:20:59.113+0000] {logging_mixin.py:149} INFO - [2026-09-20T22:20:59.113+0000] {dag.py:2726} INFO - Sync 1 DAGs
[2026-09-20T22:20:59.183+0000] {logging_mixin.py:149} INFO - [2026-09-20T22:20:59.183+0000] {dag.py:3490} INFO - Setting next_dagrun for 5-orchestration to None, run_after=None
[2026-09-20T22:20:59.222+0000] {processor.py:178} INFO - Processing /opt/airflow/dags/5_orchestration.py took 0.244 seconds
[2026-09-20T22:21:29.273+0000] {processor.py:156} INFO - Started process (PID=1335) to work on /opt/airflow/dags/5_orchestration.py
[2026-09-20T22:21:29.277+0000] {processor.py:799} INFO - Processing file /opt/airflow/dags/5_orchestration.py for tasks to queue
[2026-09-20T22:21:29.279+0000] {logging_mixin.py:149} INFO - [2026-09-20T22:21:29.278+0000] {dagbag.py:541} INFO - Filling up the DagBag from /opt/airflow/dags/5_orchestration.py
[2026-09-20T22:21:29.325+0000] {processor.py:809} INFO - DAG(s) dict_keys(['5-orchestration']) retrieved from /opt/airflow/dags/5_orchestration.py
[2026-09-20T22:21:29.442+0000] {logging_mixin.py:149} INFO - [2026-09-20T22:21:29.441+0000] {dag.py:2726} INFO - Sync 1 DAGs
[2026-09-20T22:21:29.543+0000] {logging_mixin.py:149} INFO - [2026-09-20T22:21:29.543+0000] {dag.py:3490} INFO - Setting next_dagrun for 5-orchestration to None, run_after=None
[2026-09-20T22:21:29.605+0000] {processor.py:178} INFO - Processing /opt/airflow/dags/5_orchestration.py took 0.341 seconds
[2026-09-20T22:22:00.431+0000] {processor.py:156} INFO - Started process (PID=1348) to work on /opt/airflow/dags/5_orchestration.py
[2026-09-20T22:22:00.434+0000] {processor.py:799} INFO - Processing file /opt/airflow/dags/5_orchestration.py for tasks to queue
[2026-09-20T22:22:00.436+0000] {logging_mixin.py:149} INFO - [2026-09-20T22:22:00.435+0000] {dagbag.py:541} INFO - Filling up the DagBag from /opt/airflow/dags/5_orchestration.py
[2026-09-20T22:22:00.472+0000] {processor.py:809} INFO - DAG(s) dict_keys(['5-orchestration']) retrieved from /opt/airflow/dags/5_orchestration.py
[2026-09-20T22:22:00.531+0000] {logging_mixin.py:149} INFO - [2026-09-20T22:22:00.530+0000] {dag.py:2726} INFO - Sync 1 DAGs
[2026-09-20T22:22:00.584+0000] {logging_mixin.py:149} INFO - [2026-09-20T22:22:00.584+0000] {dag.py:3490} INFO - Setting next_dagrun for 5-orchestration to None, run_after=None
[2026-09-20T22:22:00.628+0000] {processor.py:178} INFO - Processing /opt/airflow/dags/5_orchestration.py took 0.210 seconds
[2026-09-20T22:22:30.700+0000] {processor.py:156} INFO - Started process (PID=1357) to work on /opt/airflow/dags/5_orchestration.py
[2026-09-20T22:22:30.701+0000] {processor.py:799} INFO - Processing file /opt/airflow/dags/5_orchestration.py for tasks to queue
[2026-09-20T22:22:30.702+0000] {logging_mixin.py:149} INFO - [2026-09-20T22:22:30.701+0000] {dagbag.py:541} INFO - Filling up the DagBag from /opt/airflow/dags/5_orchestration.py
[2026-09-20T22:22:30.723+0000] {processor.py:809} INFO - DAG(s) dict_keys(['5-orchestration']) retrieved from /opt/airflow/dags/5_orchestration.py
[2026-09-20T22:22:30.785+0000] {logging_mixin.py:149} INFO - [2026-09-20T22:22:30.785+0000] {dag.py:2726} INFO - Sync 1 DAGs
[2026-09-20T22:22:30.833+0000] {logging_mixin.py:149} INFO - [2026-09-20T22:22:30.832+0000] {dag.py:3490} INFO - Setting next_dagrun for 5-orchestration to None, run_after=None
[2026-09-20T22:22:30.863+0000] {processor.py:178} INFO - Processing /opt/airflow/dags/5_orchestration.py took 0.170 seconds
[2026-09-20T22:23:01.702+0000] {processor.py:156} INFO - Started process (PID=1366) to work on /opt/airflow/dags/5_orchestration.py
[2026-09-20T22:23:01.710+0000] {processor.py:799} INFO - Processing file /opt/airflow/dags/5_orchestration.py for tasks to queue
[2026-09-20T22:23:01.712+0000] {logging_mixin.py:149} INFO - [2026-09-20T22:23:01.712+0000] {dagbag.py:541} INFO - Filling up the DagBag from /opt/airflow/dags/5_orchestration.py
[2026-09-20T22:23:01.737+0000] {processor.py:809} INFO - DAG(s) dict_keys(['5-orchestration']) retrieved from /opt/airflow/dags/5_orchestration.py
[2026-09-20T22:23:01.881+0000] {logging_mixin.py:149} INFO - [2026-09-20T22:23:01.881+0000] {dag.py:2726} INFO - Sync 1 DAGs
[2026-09-20T22:23:01.969+0000] {logging_mixin.py:149} INFO - [2026-09-20T22:23:01.969+0000] {dag.py:3490} INFO - Setting next_dagrun for 5-orchestration to None, run_after=None
[2026-09-20T22:23:02.023+0000] {processor.py:178} INFO - Processing /opt/airflow/dags/5_orchestration.py took 0.329 seconds
[2026-09-20T22:23:32.225+0000] {processor.py:156} INFO - Started process (PID=1375) to work on /opt/airflow/dags/5_orchestration.py
[2026-09-20T22:23:32.229+0000] {processor.py:799} INFO - Processing file /opt/airflow/dags/5_orchestration.py for tasks to queue
[2026-09-20T22:23:32.230+0000] {logging_mixin.py:149} INFO - [2026-09-20T22:23:32.230+0000] {dagbag.py:541} INFO - Filling up the DagBag from /opt/airflow/dags/5_orchestration.py
[2026-09-20T22:23:32.251+0000] {processor.py:809} INFO - DAG(s) dict_keys(['5-orchestration']) retrieved from /opt/airflow/dags/5_orchestration.py
[2026-09-20T22:23:32.315+0000] {logging_mixin.py:149} INFO - [2026-09-20T22:23:32.315+0000] {dag.py:2726} INFO - Sync 1 DAGs
[2026-09-20T22:23:32.358+0000] {logging_mixin.py:149} INFO - [2026-09-20T22:23:32.358+0000] {dag.py:3490} INFO - Setting next_dagrun for 5-orchestration to None, run_after=None
[2026-09-20T22:23:32.391+0000] {processor.py:178} INFO - Processing /opt/airflow/dags/5_orchestration.py took 0.173 seconds
[2026-09-20T22:24:02.423+0000] {processor.py:156} INFO - Started process (PID=1384) to work on /opt/airflow/dags/5_orchestration.py
[2026-09-20T22:24:02.429+0000] {processor.py:799} INFO - Processing file /opt/airflow/dags/5_orchestration.py for tasks to queue
[2026-09-20T22:24:02.431+0000] {logging_mixin.py:149} INFO - [2026-09-20T22:24:02.430+0000] {dagbag.py:541} INFO - Filling up the DagBag from /opt/airflow/dags/5_orchestration.py
[2026-09-20T22:24:02.456+0000] {processor.py:809} INFO - DAG(s) dict_keys(['5-orchestration']) retrieved from /opt/airflow/dags/5_orchestration.py
[2026-09-20T22:24:02.511+0000] {logging_mixin.py:149} INFO - [2026-09-20T22:24:02.511+0000] {dag.py:2726} INFO - Sync 1 DAGs
[2026-09-20T22:24:02.556+0000] {logging_mixin.py:149} INFO - [2026-09-20T22:24:02.556+0000] {dag.py:3490} INFO - Setting next_dagrun for 5-orchestration to None, run_after=None
[2026-09-20T22:24:02.597+0000] {processor.py:178} INFO - Processing /opt/airflow/dags/5_orchestration.py took 0.178 seconds
[2026-09-20T22:24:32.761+0000] {processor.py:156} INFO - Started process (PID=1393) to work on /opt/airflow/dags/5_orchestration.py
[2026-09-20T22:24:32.763+0000] {processor.py:799} INFO - Processing file /opt/airflow/dags/5_orchestration.py for tasks to queue
[2026-09-20T22:24:32.764+0000] {logging_mixin.py:149} INFO - [2026-09-20T22:24:32.764+0000] {dagbag.py:541} INFO - Filling up the DagBag from /opt/airflow/dags/5_orchestration.py
[2026-09-20T22:24:32.800+0000] {processor.py:809} INFO - DAG(s) dict_keys(['5-orchestration']) retrieved from /opt/airflow/dags/5_orchestration.py
[2026-09-20T22:24:32.879+0000] {logging_mixin.py:149} INFO - [2026-09-20T22:24:32.879+0000] {dag.py:2726} INFO - Sync 1 DAGs
[2026-09-20T22:24:32.923+0000] {logging_mixin.py:149} INFO - [2026-09-20T22:24:32.923+0000] {dag.py:3490} INFO - Setting next_dagrun for 5-orchestration to None, run_after=None
[2026-09-20T22:24:32.952+0000] {processor.py:178} INFO - Processing /opt/airflow/dags/5_orchestration.py took 0.198 seconds
[2026-09-20T22:25:03.724+0000] {processor.py:156} INFO - Started process (PID=1402) to work on /opt/airflow/dags/5_orchestration.py
[2026-09-20T22:25:03.727+0000] {processor.py:799} INFO - Processing file /opt/airflow/dags/5_orchestration.py for tasks to queue
[2026-09-20T22:25:03.728+0000] {logging_mixin.py:149} INFO - [2026-09-20T22:25:03.728+0000] {dagbag.py:541} INFO - Filling up the DagBag from /opt/airflow/dags/5_orchestration.py
[2026-09-20T22:25:03.749+0000] {processor.py:809} INFO - DAG(s) dict_keys(['5-orchestration']) retrieved from /opt/airflow/dags/5_orchestration.py
[2026-09-20T22:25:03.799+0000] {logging_mixin.py:149} INFO - [2026-09-20T22:25:03.799+0000] {dag.py:2726} INFO - Sync 1 DAGs
[2026-09-20T22:25:03.848+0000] {logging_mixin.py:149} INFO - [2026-09-20T22:25:03.848+0000] {dag.py:3490} INFO - Setting next_dagrun for 5-orchestration to None, run_after=None
[2026-09-20T22:25:03.885+0000] {processor.py:178} INFO - Processing /opt/airflow/dags/5_orchestration.py took 0.166 seconds
[2026-09-20T22:25:34.623+0000] {processor.py:156} INFO - Started process (PID=1411) to work on /opt/airflow/dags/5_orchestration.py
[2026-09-20T22:25:34.626+0000] {processor.py:799} INFO - Processing file /opt/airflow/dags/5_orchestration.py for tasks to queue
[2026-09-20T22:25:34.627+0000] {logging_mixin.py:149} INFO - [2026-09-20T22:25:34.627+0000] {dagbag.py:541} INFO - Filling up the DagBag from /opt/airflow/dags/5_orchestration.py
[2026-09-20T22:25:34.649+0000] {processor.py:809} INFO - DAG(s) dict_keys(['5-orchestration']) retrieved from /opt/airflow/dags/5_orchestration.py
[2026-09-20T22:25:34.713+0000] {logging_mixin.py:149} INFO - [2026-09-20T22:25:34.712+0000] {dag.py:2726} INFO - Sync 1 DAGs
[2026-09-20T22:25:34.758+0000] {logging_mixin.py:149} INFO - [2026-09-20T22:25:34.758+0000] {dag.py:3490} INFO - Setting next_dagrun for 5-orchestration to None, run_after=None
[2026-09-20T22:25:34.804+0000] {processor.py:178} INFO - Processing /opt/airflow/dags/5_orchestration.py took 0.188 seconds
[2026-09-20T22:26:05.502+0000] {processor.py:156} INFO - Started process (PID=1420) to work on /opt/airflow/dags/5_orchestration.py
[2026-09-20T22:26:05.507+0000] {processor.py:799} INFO - Processing file /opt/airflow/dags/5_orchestration.py for tasks to queue
[2026-09-20T22:26:05.510+0000] {logging_mixin.py:149} INFO - [2026-09-20T22:26:05.510+0000] {dagbag.py:541} INFO - Filling up the DagBag from /opt/airflow/dags/5_orchestration.py
[2026-09-20T22:26:05.545+0000] {processor.py:809} INFO - DAG(s) dict_keys(['5-orchestration']) retrieved from /opt/airflow/dags/5_orchestration.py
[2026-09-20T22:26:05.592+0000] {logging_mixin.py:149} INFO - [2026-09-20T22:26:05.592+0000] {dag.py:2726} INFO - Sync 1 DAGs
[2026-09-20T22:26:05.635+0000] {logging_mixin.py:149} INFO - [2026-09-20T22:26:05.634+0000] {dag.py:3490} INFO - Setting next_dagrun for 5-orchestration to None, run_after=None
[2026-09-20T22:26:05.669+0000] {processor.py:178} INFO - Processing /opt/airflow/dags/5_orchestration.py took 0.174 seconds
[2026-09-20T22:26:36.195+0000] {processor.py:156} INFO - Started process (PID=1429) to work on /opt/airflow/dags/5_orchestration.py
[2026-09-20T22:26:36.198+0000] {processor.py:799} INFO - Processing file /opt/airflow/dags/5_orchestration.py for tasks to queue
[2026-09-20T22:26:36.199+0000] {logging_mixin.py:149} INFO - [2026-09-20T22:26:36.199+0000] {dagbag.py:541} INFO - Filling up the DagBag from /opt/airflow/dags/5_orchestration.py
[2026-09-20T22:26:36.221+0000] {processor.py:809} INFO - DAG(s) dict_keys(['5-orchestration']) retrieved from /opt/airflow/dags/5_orchestration.py
[2026-09-20T22:26:36.277+0000] {logging_mixin.py:149} INFO - [2026-09-20T22:26:36.277+0000] {dag.py:2726} INFO - Sync 1 DAGs
[2026-09-20T22:26:36.330+0000] {logging_mixin.py:149} INFO - [2026-09-20T22:26:36.329+0000] {dag.py:3490} INFO - Setting next_dagrun for 5-orchestration to None, run_after=None
[2026-09-20T22:26:36.397+0000] {processor.py:178} INFO - Processing /opt/airflow/dags/5_orchestration.py took 0.210 seconds
[2026-09-20T22:27:07.168+0000] {processor.py:156} INFO - Started process (PID=1438) to work on /opt/airflow/dags/5_orchestration.py
[2026-09-20T22:27:07.176+0000] {processor.py:799} INFO - Processing file /opt/airflow/dags/5_orchestration.py for tasks to queue
[2026-09-20T22:27:07.178+0000] {logging_mixin.py:149} INFO - [2026-09-20T22:27:07.177+0000] {dagbag.py:541} INFO - Filling up the DagBag from /opt/airflow/dags/5_orchestration.py
[2026-09-20T22:27:07.212+0000] {processor.py:809} INFO - DAG(s) dict_keys(['5-orchestration']) retrieved from /opt/airflow/dags/5_orchestration.py
[2026-09-20T22:27:07.290+0000] {logging_mixin.py:149} INFO - [2026-09-20T22:27:07.289+0000] {dag.py:2726} INFO - Sync 1 DAGs
[2026-09-20T22:27:07.340+0000] {logging_mixin.py:149} INFO - [2026-09-20T22:27:07.340+0000] {dag.py:3490} INFO - Setting next_dagrun for 5-orchestration to None, run_after=None
[2026-09-20T22:27:07.387+0000] {processor.py:178} INFO - Processing /opt/airflow/dags/5_orchestration.py took 0.226 seconds
[2026-09-20T22:27:38.152+0000] {processor.py:156} INFO - Started process (PID=1447) to work on /opt/airflow/dags/5_orchestration.py
[2026-09-20T22:27:38.153+0000] {processor.py:799} INFO - Processing file /opt/airflow/dags/5_orchestration.py for tasks to queue
[2026-09-20T22:27:38.155+0000] {logging_mixin.py:149} INFO - [2026-09-20T22:27:38.155+0000] {dagbag.py:541} INFO - Filling up the DagBag from /opt/airflow/dags/5_orchestration.py
[2026-09-20T22:27:38.172+0000] {processor.py:809} INFO - DAG(s) dict_keys(['5-orchestration']) retrieved from /opt/airflow/dags/5_orchestration.py
[2026-09-20T22:27:38.215+0000] {logging_mixin.py:149} INFO - [2026-09-20T22:27:38.215+0000] {dag.py:2726} INFO - Sync 1 DAGs
[2026-09-20T22:27:38.249+0000] {logging_mixin.py:149} INFO - [2026-09-20T22:27:38.249+0000] {dag.py:3490} INFO - Setting next_dagrun for 5-orchestration to None, run_after=None
[2026-09-20T22:27:38.274+0000] {processor.py:178} INFO - Processing /opt/airflow/dags/5_orchestration.py took 0.128 seconds
[2026-09-20T22:28:08.883+0000] {processor.py:156} INFO - Started process (PID=1456) to work on /opt/airflow/dags/5_orchestration.py
[2026-09-20T22:28:08.900+0000] {processor.py:799} INFO - Processing file /opt/airflow/dags/5_orchestration.py for tasks to queue
[2026-09-20T22:28:08.901+0000] {logging_mixin.py:149} INFO - [2026-09-20T22:28:08.901+0000] {dagbag.py:541} INFO - Filling up the DagBag from /opt/airflow/dags/5_orchestration.py
[2026-09-20T22:28:08.936+0000] {processor.py:809} INFO - DAG(s) dict_keys(['5-orchestration']) retrieved from /opt/airflow/dags/5_orchestration.py
[2026-09-20T22:28:08.989+0000] {logging_mixin.py:149} INFO - [2026-09-20T22:28:08.988+0000] {dag.py:2726} INFO - Sync 1 DAGs
[2026-09-20T22:28:09.022+0000] {logging_mixin.py:149} INFO - [2026-09-20T22:28:09.022+0000] {dag.py:3490} INFO - Setting next_dagrun for 5-orchestration to None, run_after=None
[2026-09-20T22:28:09.048+0000] {processor.py:178} INFO - Processing /opt/airflow/dags/5_orchestration.py took 0.168 seconds
[2026-09-20T22:28:39.790+0000] {processor.py:156} INFO - Started process (PID=1465) to work on /opt/airflow/dags/5_orchestration.py
[2026-09-20T22:28:39.791+0000] {processor.py:799} INFO - Processing file /opt/airflow/dags/5_orchestration.py for tasks to queue
[2026-09-20T22:28:39.793+0000] {logging_mixin.py:149} INFO - [2026-09-20T22:28:39.793+0000] {dagbag.py:541} INFO - Filling up the DagBag from /opt/airflow/dags/5_orchestration.py
[2026-09-20T22:28:39.816+0000] {processor.py:809} INFO - DAG(s) dict_keys(['5-orchestration']) retrieved from /opt/airflow/dags/5_orchestration.py
[2026-09-20T22:28:39.890+0000] {logging_mixin.py:149} INFO - [2026-09-20T22:28:39.889+0000] {dag.py:2726} INFO - Sync 1 DAGs
[2026-09-20T22:28:39.938+0000] {logging_mixin.py:149} INFO - [2026-09-20T22:28:39.937+0000] {dag.py:3490} INFO - Setting next_dagrun for 5-orchestration to None, run_after=None
[2026-09-20T22:28:39.986+0000] {processor.py:178} INFO - Processing /opt/airflow/dags/5_orchestration.py took 0.202 seconds
[2026-09-20T22:29:10.694+0000] {processor.py:156} INFO - Started process (PID=1474) to work on /opt/airflow/dags/5_orchestration.py
[2026-09-20T22:29:10.699+0000] {processor.py:799} INFO - Processing file /opt/airflow/dags/5_orchestration.py for tasks to queue
[2026-09-20T22:29:10.700+0000] {logging_mixin.py:149} INFO - [2026-09-20T22:29:10.700+0000] {dagbag.py:541} INFO - Filling up the DagBag from /opt/airflow/dags/5_orchestration.py
[2026-09-20T22:29:10.726+0000] {processor.py:809} INFO - DAG(s) dict_keys(['5-orchestration']) retrieved from /opt/airflow/dags/5_orchestration.py
[2026-09-20T22:29:10.785+0000] {logging_mixin.py:149} INFO - [2026-09-20T22:29:10.784+0000] {dag.py:2726} INFO - Sync 1 DAGs
[2026-09-20T22:29:10.840+0000] {logging_mixin.py:149} INFO - [2026-09-20T22:29:10.839+0000] {dag.py:3490} INFO - Setting next_dagrun for 5-orchestration to None, run_after=None
[2026-09-20T22:29:10.872+0000] {processor.py:178} INFO - Processing /opt/airflow/dags/5_orchestration.py took 0.187 seconds
[2026-09-20T22:29:41.677+0000] {processor.py:156} INFO - Started process (PID=1483) to work on /opt/airflow/dags/5_orchestration.py
[2026-09-20T22:29:41.678+0000] {processor.py:799} INFO - Processing file /opt/airflow/dags/5_orchestration.py for tasks to queue
[2026-09-20T22:29:41.679+0000] {logging_mixin.py:149} INFO - [2026-09-20T22:29:41.679+0000] {dagbag.py:541} INFO - Filling up the DagBag from /opt/airflow/dags/5_orchestration.py
[2026-09-20T22:29:41.700+0000] {processor.py:809} INFO - DAG(s) dict_keys(['5-orchestration']) retrieved from /opt/airflow/dags/5_orchestration.py
[2026-09-20T22:29:41.745+0000] {logging_mixin.py:149} INFO - [2026-09-20T22:29:41.745+0000] {dag.py:2726} INFO - Sync 1 DAGs
[2026-09-20T22:29:41.788+0000] {logging_mixin.py:149} INFO - [2026-09-20T22:29:41.788+0000] {dag.py:3490} INFO - Setting next_dagrun for 5-orchestration to None, run_after=None
[2026-09-20T22:29:41.823+0000] {processor.py:178} INFO - Processing /opt/airflow/dags/5_orchestration.py took 0.163 seconds
[2026-09-20T22:30:12.564+0000] {processor.py:156} INFO - Started process (PID=1492) to work on /opt/airflow/dags/5_orchestration.py
[2026-09-20T22:30:12.567+0000] {processor.py:799} INFO - Processing file /opt/airflow/dags/5_orchestration.py for tasks to queue
[2026-09-20T22:30:12.568+0000] {logging_mixin.py:149} INFO - [2026-09-20T22:30:12.568+0000] {dagbag.py:541} INFO - Filling up the DagBag from /opt/airflow/dags/5_orchestration.py
[2026-09-20T22:30:12.589+0000] {processor.py:809} INFO - DAG(s) dict_keys(['5-orchestration']) retrieved from /opt/airflow/dags/5_orchestration.py
[2026-09-20T22:30:12.657+0000] {logging_mixin.py:149} INFO - [2026-09-20T22:30:12.657+0000] {dag.py:2726} INFO - Sync 1 DAGs
[2026-09-20T22:30:12.701+0000] {logging_mixin.py:149} INFO - [2026-09-20T22:30:12.701+0000] {dag.py:3490} INFO - Setting next_dagrun for 5-orchestration to None, run_after=None
[2026-09-20T22:30:12.742+0000] {processor.py:178} INFO - Processing /opt/airflow/dags/5_orchestration.py took 0.184 seconds
[2026-09-20T22:30:43.540+0000] {processor.py:156} INFO - Started process (PID=1501) to work on /opt/airflow/dags/5_orchestration.py
[2026-09-20T22:30:43.542+0000] {processor.py:799} INFO - Processing file /opt/airflow/dags/5_orchestration.py for tasks to queue
[2026-09-20T22:30:43.543+0000] {logging_mixin.py:149} INFO - [2026-09-20T22:30:43.543+0000] {dagbag.py:541} INFO - Filling up the DagBag from /opt/airflow/dags/5_orchestration.py
[2026-09-20T22:30:43.567+0000] {processor.py:809} INFO - DAG(s) dict_keys(['5-orchestration']) retrieved from /opt/airflow/dags/5_orchestration.py
[2026-09-20T22:30:43.625+0000] {logging_mixin.py:149} INFO - [2026-09-20T22:30:43.625+0000] {dag.py:2726} INFO - Sync 1 DAGs
[2026-09-20T22:30:43.675+0000] {logging_mixin.py:149} INFO - [2026-09-20T22:30:43.675+0000] {dag.py:3490} INFO - Setting next_dagrun for 5-orchestration to None, run_after=None
[2026-09-20T22:30:43.712+0000] {processor.py:178} INFO - Processing /opt/airflow/dags/5_orchestration.py took 0.178 seconds
[2026-09-20T22:31:14.253+0000] {processor.py:156} INFO - Started process (PID=1510) to work on /opt/airflow/dags/5_orchestration.py
[2026-09-20T22:31:14.256+0000] {processor.py:799} INFO - Processing file /opt/airflow/dags/5_orchestration.py for tasks to queue
[2026-09-20T22:31:14.258+0000] {logging_mixin.py:149} INFO - [2026-09-20T22:31:14.258+0000] {dagbag.py:541} INFO - Filling up the DagBag from /opt/airflow/dags/5_orchestration.py
[2026-09-20T22:31:14.280+0000] {processor.py:809} INFO - DAG(s) dict_keys(['5-orchestration']) retrieved from /opt/airflow/dags/5_orchestration.py
[2026-09-20T22:31:14.334+0000] {logging_mixin.py:149} INFO - [2026-09-20T22:31:14.334+0000] {dag.py:2726} INFO - Sync 1 DAGs
[2026-09-20T22:31:14.381+0000] {logging_mixin.py:149} INFO - [2026-09-20T22:31:14.381+0000] {dag.py:3490} INFO - Setting next_dagrun for 5-orchestration to None, run_after=None
[2026-09-20T22:31:14.415+0000] {processor.py:178} INFO - Processing /opt/airflow/dags/5_orchestration.py took 0.172 seconds
[2026-09-20T22:31:45.136+0000] {processor.py:156} INFO - Started process (PID=1519) to work on /opt/airflow/dags/5_orchestration.py
[2026-09-20T22:31:45.137+0000] {processor.py:799} INFO - Processing file /opt/airflow/dags/5_orchestration.py for tasks to queue
[2026-09-20T22:31:45.138+0000] {logging_mixin.py:149} INFO - [2026-09-20T22:31:45.138+0000] {dagbag.py:541} INFO - Filling up the DagBag from /opt/airflow/dags/5_orchestration.py
[2026-09-20T22:31:45.161+0000] {processor.py:809} INFO - DAG(s) dict_keys(['5-orchestration']) retrieved from /opt/airflow/dags/5_orchestration.py
[2026-09-20T22:31:45.219+0000] {logging_mixin.py:149} INFO - [2026-09-20T22:31:45.219+0000] {dag.py:2726} INFO - Sync 1 DAGs
[2026-09-20T22:31:45.272+0000] {logging_mixin.py:149} INFO - [2026-09-20T22:31:45.272+0000] {dag.py:3490} INFO - Setting next_dagrun for 5-orchestration to None, run_after=None
[2026-09-20T22:31:45.301+0000] {processor.py:178} INFO - Processing /opt/airflow/dags/5_orchestration.py took 0.171 seconds
[2026-09-20T22:32:16.077+0000] {processor.py:156} INFO - Started process (PID=1528) to work on /opt/airflow/dags/5_orchestration.py
[2026-09-20T22:32:16.082+0000] {processor.py:799} INFO - Processing file /opt/airflow/dags/5_orchestration.py for tasks to queue
[2026-09-20T22:32:16.083+0000] {logging_mixin.py:149} INFO - [2026-09-20T22:32:16.083+0000] {dagbag.py:541} INFO - Filling up the DagBag from /opt/airflow/dags/5_orchestration.py
[2026-09-20T22:32:16.111+0000] {processor.py:809} INFO - DAG(s) dict_keys(['5-orchestration']) retrieved from /opt/airflow/dags/5_orchestration.py
[2026-09-20T22:32:16.162+0000] {logging_mixin.py:149} INFO - [2026-09-20T22:32:16.162+0000] {dag.py:2726} INFO - Sync 1 DAGs
[2026-09-20T22:32:16.201+0000] {logging_mixin.py:149} INFO - [2026-09-20T22:32:16.201+0000] {dag.py:3490} INFO - Setting next_dagrun for 5-orchestration to None, run_after=None
[2026-09-20T22:32:16.234+0000] {processor.py:178} INFO - Processing /opt/airflow/dags/5_orchestration.py took 0.163 seconds
[2026-09-20T22:32:46.878+0000] {processor.py:156} INFO - Started process (PID=1537) to work on /opt/airflow/dags/5_orchestration.py
[2026-09-20T22:32:46.882+0000] {processor.py:799} INFO - Processing file /opt/airflow/dags/5_orchestration.py for tasks to queue
[2026-09-20T22:32:46.886+0000] {logging_mixin.py:149} INFO - [2026-09-20T22:32:46.885+0000] {dagbag.py:541} INFO - Filling up the DagBag from /opt/airflow/dags/5_orchestration.py
[2026-09-20T22:32:46.920+0000] {processor.py:809} INFO - DAG(s) dict_keys(['5-orchestration']) retrieved from /opt/airflow/dags/5_orchestration.py
[2026-09-20T22:32:46.990+0000] {logging_mixin.py:149} INFO - [2026-09-20T22:32:46.990+0000] {dag.py:2726} INFO - Sync 1 DAGs
[2026-09-20T22:32:47.033+0000] {logging_mixin.py:149} INFO - [2026-09-20T22:32:47.033+0000] {dag.py:3490} INFO - Setting next_dagrun for 5-orchestration to None, run_after=None
[2026-09-20T22:32:47.061+0000] {processor.py:178} INFO - Processing /opt/airflow/dags/5_orchestration.py took 0.193 seconds
[2026-09-20T22:33:17.814+0000] {processor.py:156} INFO - Started process (PID=1546) to work on /opt/airflow/dags/5_orchestration.py
[2026-09-20T22:33:17.819+0000] {processor.py:799} INFO - Processing file /opt/airflow/dags/5_orchestration.py for tasks to queue
[2026-09-20T22:33:17.820+0000] {logging_mixin.py:149} INFO - [2026-09-20T22:33:17.820+0000] {dagbag.py:541} INFO - Filling up the DagBag from /opt/airflow/dags/5_orchestration.py
[2026-09-20T22:33:17.851+0000] {processor.py:809} INFO - DAG(s) dict_keys(['5-orchestration']) retrieved from /opt/airflow/dags/5_orchestration.py
[2026-09-20T22:33:17.912+0000] {logging_mixin.py:149} INFO - [2026-09-20T22:33:17.910+0000] {dag.py:2726} INFO - Sync 1 DAGs
[2026-09-20T22:33:17.996+0000] {logging_mixin.py:149} INFO - [2026-09-20T22:33:17.996+0000] {dag.py:3490} INFO - Setting next_dagrun for 5-orchestration to None, run_after=None
[2026-09-20T22:33:18.074+0000] {processor.py:178} INFO - Processing /opt/airflow/dags/5_orchestration.py took 0.265 seconds
[2026-09-20T22:33:48.829+0000] {processor.py:156} INFO - Started process (PID=1555) to work on /opt/airflow/dags/5_orchestration.py
[2026-09-20T22:33:48.840+0000] {processor.py:799} INFO - Processing file /opt/airflow/dags/5_orchestration.py for tasks to queue
[2026-09-20T22:33:48.841+0000] {logging_mixin.py:149} INFO - [2026-09-20T22:33:48.841+0000] {dagbag.py:541} INFO - Filling up the DagBag from /opt/airflow/dags/5_orchestration.py
[2026-09-20T22:33:48.874+0000] {processor.py:809} INFO - DAG(s) dict_keys(['5-orchestration']) retrieved from /opt/airflow/dags/5_orchestration.py
[2026-09-20T22:33:48.951+0000] {logging_mixin.py:149} INFO - [2026-09-20T22:33:48.951+0000] {dag.py:2726} INFO - Sync 1 DAGs
[2026-09-20T22:33:48.996+0000] {logging_mixin.py:149} INFO - [2026-09-20T22:33:48.996+0000] {dag.py:3490} INFO - Setting next_dagrun for 5-orchestration to None, run_after=None
[2026-09-20T22:33:49.029+0000] {processor.py:178} INFO - Processing /opt/airflow/dags/5_orchestration.py took 0.211 seconds
[2026-09-20T22:34:19.793+0000] {processor.py:156} INFO - Started process (PID=1564) to work on /opt/airflow/dags/5_orchestration.py
[2026-09-20T22:34:19.802+0000] {processor.py:799} INFO - Processing file /opt/airflow/dags/5_orchestration.py for tasks to queue
[2026-09-20T22:34:19.805+0000] {logging_mixin.py:149} INFO - [2026-09-20T22:34:19.805+0000] {dagbag.py:541} INFO - Filling up the DagBag from /opt/airflow/dags/5_orchestration.py
[2026-09-20T22:34:19.841+0000] {processor.py:809} INFO - DAG(s) dict_keys(['5-orchestration']) retrieved from /opt/airflow/dags/5_orchestration.py
[2026-09-20T22:34:19.909+0000] {logging_mixin.py:149} INFO - [2026-09-20T22:34:19.909+0000] {dag.py:2726} INFO - Sync 1 DAGs
[2026-09-20T22:34:19.948+0000] {logging_mixin.py:149} INFO - [2026-09-20T22:34:19.948+0000] {dag.py:3490} INFO - Setting next_dagrun for 5-orchestration to None, run_after=None
[2026-09-20T22:34:19.975+0000] {processor.py:178} INFO - Processing /opt/airflow/dags/5_orchestration.py took 0.196 seconds
[2026-09-20T22:34:50.676+0000] {processor.py:156} INFO - Started process (PID=1573) to work on /opt/airflow/dags/5_orchestration.py
[2026-09-20T22:34:50.679+0000] {processor.py:799} INFO - Processing file /opt/airflow/dags/5_orchestration.py for tasks to queue
[2026-09-20T22:34:50.680+0000] {logging_mixin.py:149} INFO - [2026-09-20T22:34:50.680+0000] {dagbag.py:541} INFO - Filling up the DagBag from /opt/airflow/dags/5_orchestration.py
[2026-09-20T22:34:50.704+0000] {processor.py:809} INFO - DAG(s) dict_keys(['5-orchestration']) retrieved from /opt/airflow/dags/5_orchestration.py
[2026-09-20T22:34:50.756+0000] {logging_mixin.py:149} INFO - [2026-09-20T22:34:50.756+0000] {dag.py:2726} INFO - Sync 1 DAGs
[2026-09-20T22:34:50.799+0000] {logging_mixin.py:149} INFO - [2026-09-20T22:34:50.799+0000] {dag.py:3490} INFO - Setting next_dagrun for 5-orchestration to None, run_after=None
[2026-09-20T22:34:50.831+0000] {processor.py:178} INFO - Processing /opt/airflow/dags/5_orchestration.py took 0.161 seconds
[2026-09-20T22:35:21.632+0000] {processor.py:156} INFO - Started process (PID=1582) to work on /opt/airflow/dags/5_orchestration.py
[2026-09-20T22:35:21.635+0000] {processor.py:799} INFO - Processing file /opt/airflow/dags/5_orchestration.py for tasks to queue
[2026-09-20T22:35:21.636+0000] {logging_mixin.py:149} INFO - [2026-09-20T22:35:21.636+0000] {dagbag.py:541} INFO - Filling up the DagBag from /opt/airflow/dags/5_orchestration.py
[2026-09-20T22:35:21.657+0000] {processor.py:809} INFO - DAG(s) dict_keys(['5-orchestration']) retrieved from /opt/airflow/dags/5_orchestration.py
[2026-09-20T22:35:21.709+0000] {logging_mixin.py:149} INFO - [2026-09-20T22:35:21.709+0000] {dag.py:2726} INFO - Sync 1 DAGs
[2026-09-20T22:35:21.754+0000] {logging_mixin.py:149} INFO - [2026-09-20T22:35:21.754+0000] {dag.py:3490} INFO - Setting next_dagrun for 5-orchestration to None, run_after=None
[2026-09-20T22:35:21.790+0000] {processor.py:178} INFO - Processing /opt/airflow/dags/5_orchestration.py took 0.164 seconds
[2026-09-20T22:35:52.513+0000] {processor.py:156} INFO - Started process (PID=1591) to work on /opt/airflow/dags/5_orchestration.py
[2026-09-20T22:35:52.515+0000] {processor.py:799} INFO - Processing file /opt/airflow/dags/5_orchestration.py for tasks to queue
[2026-09-20T22:35:52.517+0000] {logging_mixin.py:149} INFO - [2026-09-20T22:35:52.517+0000] {dagbag.py:541} INFO - Filling up the DagBag from /opt/airflow/dags/5_orchestration.py
[2026-09-20T22:35:52.544+0000] {processor.py:809} INFO - DAG(s) dict_keys(['5-orchestration']) retrieved from /opt/airflow/dags/5_orchestration.py
[2026-09-20T22:35:52.596+0000] {logging_mixin.py:149} INFO - [2026-09-20T22:35:52.595+0000] {dag.py:2726} INFO - Sync 1 DAGs
[2026-09-20T22:35:52.644+0000] {logging_mixin.py:149} INFO - [2026-09-20T22:35:52.644+0000] {dag.py:3490} INFO - Setting next_dagrun for 5-orchestration to None, run_after=None
[2026-09-20T22:35:52.680+0000] {processor.py:178} INFO - Processing /opt/airflow/dags/5_orchestration.py took 0.175 seconds
[2026-09-20T22:36:23.418+0000] {processor.py:156} INFO - Started process (PID=1600) to work on /opt/airflow/dags/5_orchestration.py
[2026-09-20T22:36:23.420+0000] {processor.py:799} INFO - Processing file /opt/airflow/dags/5_orchestration.py for tasks to queue
[2026-09-20T22:36:23.425+0000] {logging_mixin.py:149} INFO - [2026-09-20T22:36:23.425+0000] {dagbag.py:541} INFO - Filling up the DagBag from /opt/airflow/dags/5_orchestration.py
[2026-09-20T22:36:23.447+0000] {processor.py:809} INFO - DAG(s) dict_keys(['5-orchestration']) retrieved from /opt/airflow/dags/5_orchestration.py
[2026-09-20T22:36:23.495+0000] {logging_mixin.py:149} INFO - [2026-09-20T22:36:23.495+0000] {dag.py:2726} INFO - Sync 1 DAGs
[2026-09-20T22:36:23.538+0000] {logging_mixin.py:149} INFO - [2026-09-20T22:36:23.537+0000] {dag.py:3490} INFO - Setting next_dagrun for 5-orchestration to None, run_after=None
[2026-09-20T22:36:23.590+0000] {processor.py:178} INFO - Processing /opt/airflow/dags/5_orchestration.py took 0.179 seconds
[2026-09-20T22:36:54.277+0000] {processor.py:156} INFO - Started process (PID=1609) to work on /opt/airflow/dags/5_orchestration.py
[2026-09-20T22:36:54.280+0000] {processor.py:799} INFO - Processing file /opt/airflow/dags/5_orchestration.py for tasks to queue
[2026-09-20T22:36:54.281+0000] {logging_mixin.py:149} INFO - [2026-09-20T22:36:54.281+0000] {dagbag.py:541} INFO - Filling up the DagBag from /opt/airflow/dags/5_orchestration.py
[2026-09-20T22:36:54.304+0000] {processor.py:809} INFO - DAG(s) dict_keys(['5-orchestration']) retrieved from /opt/airflow/dags/5_orchestration.py
[2026-09-20T22:36:54.376+0000] {logging_mixin.py:149} INFO - [2026-09-20T22:36:54.376+0000] {dag.py:2726} INFO - Sync 1 DAGs
[2026-09-20T22:36:54.418+0000] {logging_mixin.py:149} INFO - [2026-09-20T22:36:54.417+0000] {dag.py:3490} INFO - Setting next_dagrun for 5-orchestration to None, run_after=None
[2026-09-20T22:36:54.459+0000] {processor.py:178} INFO - Processing /opt/airflow/dags/5_orchestration.py took 0.188 seconds
[2026-09-20T22:37:25.230+0000] {processor.py:156} INFO - Started process (PID=1618) to work on /opt/airflow/dags/5_orchestration.py
[2026-09-20T22:37:25.233+0000] {processor.py:799} INFO - Processing file /opt/airflow/dags/5_orchestration.py for tasks to queue
[2026-09-20T22:37:25.234+0000] {logging_mixin.py:149} INFO - [2026-09-20T22:37:25.234+0000] {dagbag.py:541} INFO - Filling up the DagBag from /opt/airflow/dags/5_orchestration.py
[2026-09-20T22:37:25.273+0000] {processor.py:809} INFO - DAG(s) dict_keys(['5-orchestration']) retrieved from /opt/airflow/dags/5_orchestration.py
[2026-09-20T22:37:25.325+0000] {logging_mixin.py:149} INFO - [2026-09-20T22:37:25.324+0000] {dag.py:2726} INFO - Sync 1 DAGs
[2026-09-20T22:37:25.369+0000] {logging_mixin.py:149} INFO - [2026-09-20T22:37:25.368+0000] {dag.py:3490} INFO - Setting next_dagrun for 5-orchestration to None, run_after=None
[2026-09-20T22:37:25.401+0000] {processor.py:178} INFO - Processing /opt/airflow/dags/5_orchestration.py took 0.182 seconds
[2026-09-20T22:37:55.534+0000] {processor.py:156} INFO - Started process (PID=1627) to work on /opt/airflow/dags/5_orchestration.py
[2026-09-20T22:37:55.539+0000] {processor.py:799} INFO - Processing file /opt/airflow/dags/5_orchestration.py for tasks to queue
[2026-09-20T22:37:55.540+0000] {logging_mixin.py:149} INFO - [2026-09-20T22:37:55.540+0000] {dagbag.py:541} INFO - Filling up the DagBag from /opt/airflow/dags/5_orchestration.py
[2026-09-20T22:37:55.561+0000] {processor.py:809} INFO - DAG(s) dict_keys(['5-orchestration']) retrieved from /opt/airflow/dags/5_orchestration.py
[2026-09-20T22:37:55.617+0000] {logging_mixin.py:149} INFO - [2026-09-20T22:37:55.617+0000] {dag.py:2726} INFO - Sync 1 DAGs
[2026-09-20T22:37:55.660+0000] {logging_mixin.py:149} INFO - [2026-09-20T22:37:55.660+0000] {dag.py:3490} INFO - Setting next_dagrun for 5-orchestration to None, run_after=None
[2026-09-20T22:37:55.691+0000] {processor.py:178} INFO - Processing /opt/airflow/dags/5_orchestration.py took 0.164 seconds
[2026-09-20T22:38:25.750+0000] {processor.py:156} INFO - Started process (PID=1636) to work on /opt/airflow/dags/5_orchestration.py
[2026-09-20T22:38:25.752+0000] {processor.py:799} INFO - Processing file /opt/airflow/dags/5_orchestration.py for tasks to queue
[2026-09-20T22:38:25.754+0000] {logging_mixin.py:149} INFO - [2026-09-20T22:38:25.753+0000] {dagbag.py:541} INFO - Filling up the DagBag from /opt/airflow/dags/5_orchestration.py
[2026-09-20T22:38:25.781+0000] {processor.py:809} INFO - DAG(s) dict_keys(['5-orchestration']) retrieved from /opt/airflow/dags/5_orchestration.py
[2026-09-20T22:38:25.845+0000] {logging_mixin.py:149} INFO - [2026-09-20T22:38:25.845+0000] {dag.py:2726} INFO - Sync 1 DAGs
[2026-09-20T22:38:25.887+0000] {logging_mixin.py:149} INFO - [2026-09-20T22:38:25.887+0000] {dag.py:3490} INFO - Setting next_dagrun for 5-orchestration to None, run_after=None
[2026-09-20T22:38:25.927+0000] {processor.py:178} INFO - Processing /opt/airflow/dags/5_orchestration.py took 0.189 seconds
[2026-09-20T22:38:56.905+0000] {processor.py:156} INFO - Started process (PID=1645) to work on /opt/airflow/dags/5_orchestration.py
[2026-09-20T22:38:56.908+0000] {processor.py:799} INFO - Processing file /opt/airflow/dags/5_orchestration.py for tasks to queue
[2026-09-20T22:38:56.909+0000] {logging_mixin.py:149} INFO - [2026-09-20T22:38:56.909+0000] {dagbag.py:541} INFO - Filling up the DagBag from /opt/airflow/dags/5_orchestration.py
[2026-09-20T22:38:56.930+0000] {processor.py:809} INFO - DAG(s) dict_keys(['5-orchestration']) retrieved from /opt/airflow/dags/5_orchestration.py
[2026-09-20T22:38:56.988+0000] {logging_mixin.py:149} INFO - [2026-09-20T22:38:56.988+0000] {dag.py:2726} INFO - Sync 1 DAGs
[2026-09-20T22:38:57.051+0000] {logging_mixin.py:149} INFO - [2026-09-20T22:38:57.050+0000] {dag.py:3490} INFO - Setting next_dagrun for 5-orchestration to None, run_after=None
[2026-09-20T22:38:57.102+0000] {processor.py:178} INFO - Processing /opt/airflow/dags/5_orchestration.py took 0.202 seconds
[2026-09-20T22:39:27.832+0000] {processor.py:156} INFO - Started process (PID=1654) to work on /opt/airflow/dags/5_orchestration.py
[2026-09-20T22:39:27.835+0000] {processor.py:799} INFO - Processing file /opt/airflow/dags/5_orchestration.py for tasks to queue
[2026-09-20T22:39:27.838+0000] {logging_mixin.py:149} INFO - [2026-09-20T22:39:27.837+0000] {dagbag.py:541} INFO - Filling up the DagBag from /opt/airflow/dags/5_orchestration.py
[2026-09-20T22:39:27.872+0000] {processor.py:809} INFO - DAG(s) dict_keys(['5-orchestration']) retrieved from /opt/airflow/dags/5_orchestration.py
[2026-09-20T22:39:27.922+0000] {logging_mixin.py:149} INFO - [2026-09-20T22:39:27.922+0000] {dag.py:2726} INFO - Sync 1 DAGs
[2026-09-20T22:39:27.961+0000] {logging_mixin.py:149} INFO - [2026-09-20T22:39:27.961+0000] {dag.py:3490} INFO - Setting next_dagrun for 5-orchestration to None, run_after=None
[2026-09-20T22:39:27.995+0000] {processor.py:178} INFO - Processing /opt/airflow/dags/5_orchestration.py took 0.173 seconds
[2026-09-20T22:39:58.691+0000] {processor.py:156} INFO - Started process (PID=1667) to work on /opt/airflow/dags/5_orchestration.py
[2026-09-20T22:39:58.696+0000] {processor.py:799} INFO - Processing file /opt/airflow/dags/5_orchestration.py for tasks to queue
[2026-09-20T22:39:58.697+0000] {logging_mixin.py:149} INFO - [2026-09-20T22:39:58.697+0000] {dagbag.py:541} INFO - Filling up the DagBag from /opt/airflow/dags/5_orchestration.py
[2026-09-20T22:39:58.727+0000] {processor.py:809} INFO - DAG(s) dict_keys(['5-orchestration']) retrieved from /opt/airflow/dags/5_orchestration.py
[2026-09-20T22:39:58.788+0000] {logging_mixin.py:149} INFO - [2026-09-20T22:39:58.788+0000] {dag.py:2726} INFO - Sync 1 DAGs
[2026-09-20T22:39:58.827+0000] {logging_mixin.py:149} INFO - [2026-09-20T22:39:58.827+0000] {dag.py:3490} INFO - Setting next_dagrun for 5-orchestration to None, run_after=None
[2026-09-20T22:39:58.862+0000] {processor.py:178} INFO - Processing /opt/airflow/dags/5_orchestration.py took 0.176 seconds
[2026-09-20T22:40:29.606+0000] {processor.py:156} INFO - Started process (PID=1676) to work on /opt/airflow/dags/5_orchestration.py
[2026-09-20T22:40:29.608+0000] {processor.py:799} INFO - Processing file /opt/airflow/dags/5_orchestration.py for tasks to queue
[2026-09-20T22:40:29.610+0000] {logging_mixin.py:149} INFO - [2026-09-20T22:40:29.609+0000] {dagbag.py:541} INFO - Filling up the DagBag from /opt/airflow/dags/5_orchestration.py
[2026-09-20T22:40:29.634+0000] {processor.py:809} INFO - DAG(s) dict_keys(['5-orchestration']) retrieved from /opt/airflow/dags/5_orchestration.py
[2026-09-20T22:40:29.686+0000] {logging_mixin.py:149} INFO - [2026-09-20T22:40:29.685+0000] {dag.py:2726} INFO - Sync 1 DAGs
[2026-09-20T22:40:29.725+0000] {logging_mixin.py:149} INFO - [2026-09-20T22:40:29.725+0000] {dag.py:3490} INFO - Setting next_dagrun for 5-orchestration to None, run_after=None
[2026-09-20T22:40:29.753+0000] {processor.py:178} INFO - Processing /opt/airflow/dags/5_orchestration.py took 0.154 seconds
[2026-09-20T22:41:00.401+0000] {processor.py:156} INFO - Started process (PID=1685) to work on /opt/airflow/dags/5_orchestration.py
[2026-09-20T22:41:00.404+0000] {processor.py:799} INFO - Processing file /opt/airflow/dags/5_orchestration.py for tasks to queue
[2026-09-20T22:41:00.405+0000] {logging_mixin.py:149} INFO - [2026-09-20T22:41:00.405+0000] {dagbag.py:541} INFO - Filling up the DagBag from /opt/airflow/dags/5_orchestration.py
[2026-09-20T22:41:00.426+0000] {processor.py:809} INFO - DAG(s) dict_keys(['5-orchestration']) retrieved from /opt/airflow/dags/5_orchestration.py
[2026-09-20T22:41:00.486+0000] {logging_mixin.py:149} INFO - [2026-09-20T22:41:00.486+0000] {dag.py:2726} INFO - Sync 1 DAGs
[2026-09-20T22:41:00.531+0000] {logging_mixin.py:149} INFO - [2026-09-20T22:41:00.530+0000] {dag.py:3490} INFO - Setting next_dagrun for 5-orchestration to None, run_after=None
[2026-09-20T22:41:00.563+0000] {processor.py:178} INFO - Processing /opt/airflow/dags/5_orchestration.py took 0.170 seconds
[2026-09-20T22:41:31.240+0000] {processor.py:156} INFO - Started process (PID=1694) to work on /opt/airflow/dags/5_orchestration.py
[2026-09-20T22:41:31.242+0000] {processor.py:799} INFO - Processing file /opt/airflow/dags/5_orchestration.py for tasks to queue
[2026-09-20T22:41:31.243+0000] {logging_mixin.py:149} INFO - [2026-09-20T22:41:31.243+0000] {dagbag.py:541} INFO - Filling up the DagBag from /opt/airflow/dags/5_orchestration.py
[2026-09-20T22:41:31.265+0000] {processor.py:809} INFO - DAG(s) dict_keys(['5-orchestration']) retrieved from /opt/airflow/dags/5_orchestration.py
[2026-09-20T22:41:31.311+0000] {logging_mixin.py:149} INFO - [2026-09-20T22:41:31.311+0000] {dag.py:2726} INFO - Sync 1 DAGs
[2026-09-20T22:41:31.360+0000] {logging_mixin.py:149} INFO - [2026-09-20T22:41:31.359+0000] {dag.py:3490} INFO - Setting next_dagrun for 5-orchestration to None, run_after=None
[2026-09-20T22:41:31.398+0000] {processor.py:178} INFO - Processing /opt/airflow/dags/5_orchestration.py took 0.164 seconds
[2026-09-20T22:42:02.105+0000] {processor.py:156} INFO - Started process (PID=1703) to work on /opt/airflow/dags/5_orchestration.py
[2026-09-20T22:42:02.113+0000] {processor.py:799} INFO - Processing file /opt/airflow/dags/5_orchestration.py for tasks to queue
[2026-09-20T22:42:02.116+0000] {logging_mixin.py:149} INFO - [2026-09-20T22:42:02.116+0000] {dagbag.py:541} INFO - Filling up the DagBag from /opt/airflow/dags/5_orchestration.py
[2026-09-20T22:42:02.137+0000] {processor.py:809} INFO - DAG(s) dict_keys(['5-orchestration']) retrieved from /opt/airflow/dags/5_orchestration.py
[2026-09-20T22:42:02.190+0000] {logging_mixin.py:149} INFO - [2026-09-20T22:42:02.190+0000] {dag.py:2726} INFO - Sync 1 DAGs
[2026-09-20T22:42:02.247+0000] {logging_mixin.py:149} INFO - [2026-09-20T22:42:02.247+0000] {dag.py:3490} INFO - Setting next_dagrun for 5-orchestration to None, run_after=None
[2026-09-20T22:42:02.288+0000] {processor.py:178} INFO - Processing /opt/airflow/dags/5_orchestration.py took 0.190 seconds
[2026-09-20T22:42:33.003+0000] {processor.py:156} INFO - Started process (PID=1712) to work on /opt/airflow/dags/5_orchestration.py
[2026-09-20T22:42:33.006+0000] {processor.py:799} INFO - Processing file /opt/airflow/dags/5_orchestration.py for tasks to queue
[2026-09-20T22:42:33.007+0000] {logging_mixin.py:149} INFO - [2026-09-20T22:42:33.007+0000] {dagbag.py:541} INFO - Filling up the DagBag from /opt/airflow/dags/5_orchestration.py
[2026-09-20T22:42:33.029+0000] {processor.py:809} INFO - DAG(s) dict_keys(['5-orchestration']) retrieved from /opt/airflow/dags/5_orchestration.py
[2026-09-20T22:42:33.082+0000] {logging_mixin.py:149} INFO - [2026-09-20T22:42:33.081+0000] {dag.py:2726} INFO - Sync 1 DAGs
[2026-09-20T22:42:33.127+0000] {logging_mixin.py:149} INFO - [2026-09-20T22:42:33.126+0000] {dag.py:3490} INFO - Setting next_dagrun for 5-orchestration to None, run_after=None
[2026-09-20T22:42:33.158+0000] {processor.py:178} INFO - Processing /opt/airflow/dags/5_orchestration.py took 0.170 seconds
[2026-09-20T22:43:03.898+0000] {processor.py:156} INFO - Started process (PID=1721) to work on /opt/airflow/dags/5_orchestration.py
[2026-09-20T22:43:03.900+0000] {processor.py:799} INFO - Processing file /opt/airflow/dags/5_orchestration.py for tasks to queue
[2026-09-20T22:43:03.903+0000] {logging_mixin.py:149} INFO - [2026-09-20T22:43:03.903+0000] {dagbag.py:541} INFO - Filling up the DagBag from /opt/airflow/dags/5_orchestration.py
[2026-09-20T22:43:03.927+0000] {processor.py:809} INFO - DAG(s) dict_keys(['5-orchestration']) retrieved from /opt/airflow/dags/5_orchestration.py
[2026-09-20T22:43:03.980+0000] {logging_mixin.py:149} INFO - [2026-09-20T22:43:03.980+0000] {dag.py:2726} INFO - Sync 1 DAGs
[2026-09-20T22:43:04.017+0000] {logging_mixin.py:149} INFO - [2026-09-20T22:43:04.017+0000] {dag.py:3490} INFO - Setting next_dagrun for 5-orchestration to None, run_after=None
[2026-09-20T22:43:04.062+0000] {processor.py:178} INFO - Processing /opt/airflow/dags/5_orchestration.py took 0.171 seconds
[2026-09-20T22:43:34.757+0000] {processor.py:156} INFO - Started process (PID=1730) to work on /opt/airflow/dags/5_orchestration.py
[2026-09-20T22:43:34.759+0000] {processor.py:799} INFO - Processing file /opt/airflow/dags/5_orchestration.py for tasks to queue
[2026-09-20T22:43:34.760+0000] {logging_mixin.py:149} INFO - [2026-09-20T22:43:34.760+0000] {dagbag.py:541} INFO - Filling up the DagBag from /opt/airflow/dags/5_orchestration.py
[2026-09-20T22:43:34.781+0000] {processor.py:809} INFO - DAG(s) dict_keys(['5-orchestration']) retrieved from /opt/airflow/dags/5_orchestration.py
[2026-09-20T22:43:34.830+0000] {logging_mixin.py:149} INFO - [2026-09-20T22:43:34.829+0000] {dag.py:2726} INFO - Sync 1 DAGs
[2026-09-20T22:43:34.882+0000] {logging_mixin.py:149} INFO - [2026-09-20T22:43:34.882+0000] {dag.py:3490} INFO - Setting next_dagrun for 5-orchestration to None, run_after=None
[2026-09-20T22:43:34.915+0000] {processor.py:178} INFO - Processing /opt/airflow/dags/5_orchestration.py took 0.179 seconds
[2026-09-20T22:44:05.568+0000] {processor.py:156} INFO - Started process (PID=1739) to work on /opt/airflow/dags/5_orchestration.py
[2026-09-20T22:44:05.570+0000] {processor.py:799} INFO - Processing file /opt/airflow/dags/5_orchestration.py for tasks to queue
[2026-09-20T22:44:05.571+0000] {logging_mixin.py:149} INFO - [2026-09-20T22:44:05.571+0000] {dagbag.py:541} INFO - Filling up the DagBag from /opt/airflow/dags/5_orchestration.py
[2026-09-20T22:44:05.591+0000] {processor.py:809} INFO - DAG(s) dict_keys(['5-orchestration']) retrieved from /opt/airflow/dags/5_orchestration.py
[2026-09-20T22:44:05.650+0000] {logging_mixin.py:149} INFO - [2026-09-20T22:44:05.650+0000] {dag.py:2726} INFO - Sync 1 DAGs
[2026-09-20T22:44:05.688+0000] {logging_mixin.py:149} INFO - [2026-09-20T22:44:05.688+0000] {dag.py:3490} INFO - Setting next_dagrun for 5-orchestration to None, run_after=None
[2026-09-20T22:44:05.723+0000] {processor.py:178} INFO - Processing /opt/airflow/dags/5_orchestration.py took 0.161 seconds
[2026-09-20T22:44:36.457+0000] {processor.py:156} INFO - Started process (PID=1748) to work on /opt/airflow/dags/5_orchestration.py
[2026-09-20T22:44:36.459+0000] {processor.py:799} INFO - Processing file /opt/airflow/dags/5_orchestration.py for tasks to queue
[2026-09-20T22:44:36.460+0000] {logging_mixin.py:149} INFO - [2026-09-20T22:44:36.460+0000] {dagbag.py:541} INFO - Filling up the DagBag from /opt/airflow/dags/5_orchestration.py
[2026-09-20T22:44:36.481+0000] {processor.py:809} INFO - DAG(s) dict_keys(['5-orchestration']) retrieved from /opt/airflow/dags/5_orchestration.py
[2026-09-20T22:44:36.533+0000] {logging_mixin.py:149} INFO - [2026-09-20T22:44:36.533+0000] {dag.py:2726} INFO - Sync 1 DAGs
[2026-09-20T22:44:36.592+0000] {logging_mixin.py:149} INFO - [2026-09-20T22:44:36.591+0000] {dag.py:3490} INFO - Setting next_dagrun for 5-orchestration to None, run_after=None
[2026-09-20T22:44:36.627+0000] {processor.py:178} INFO - Processing /opt/airflow/dags/5_orchestration.py took 0.175 seconds
[2026-09-20T22:45:07.227+0000] {processor.py:156} INFO - Started process (PID=1757) to work on /opt/airflow/dags/5_orchestration.py
[2026-09-20T22:45:07.229+0000] {processor.py:799} INFO - Processing file /opt/airflow/dags/5_orchestration.py for tasks to queue
[2026-09-20T22:45:07.230+0000] {logging_mixin.py:149} INFO - [2026-09-20T22:45:07.230+0000] {dagbag.py:541} INFO - Filling up the DagBag from /opt/airflow/dags/5_orchestration.py
[2026-09-20T22:45:07.247+0000] {processor.py:809} INFO - DAG(s) dict_keys(['5-orchestration']) retrieved from /opt/airflow/dags/5_orchestration.py
[2026-09-20T22:45:07.284+0000] {logging_mixin.py:149} INFO - [2026-09-20T22:45:07.283+0000] {dag.py:2726} INFO - Sync 1 DAGs
[2026-09-20T22:45:07.331+0000] {logging_mixin.py:149} INFO - [2026-09-20T22:45:07.331+0000] {dag.py:3490} INFO - Setting next_dagrun for 5-orchestration to None, run_after=None
[2026-09-20T22:45:07.354+0000] {processor.py:178} INFO - Processing /opt/airflow/dags/5_orchestration.py took 0.132 seconds
[2026-09-20T22:45:37.988+0000] {processor.py:156} INFO - Started process (PID=1766) to work on /opt/airflow/dags/5_orchestration.py
[2026-09-20T22:45:37.990+0000] {processor.py:799} INFO - Processing file /opt/airflow/dags/5_orchestration.py for tasks to queue
[2026-09-20T22:45:37.991+0000] {logging_mixin.py:149} INFO - [2026-09-20T22:45:37.991+0000] {dagbag.py:541} INFO - Filling up the DagBag from /opt/airflow/dags/5_orchestration.py
[2026-09-20T22:45:38.011+0000] {processor.py:809} INFO - DAG(s) dict_keys(['5-orchestration']) retrieved from /opt/airflow/dags/5_orchestration.py
[2026-09-20T22:45:38.065+0000] {logging_mixin.py:149} INFO - [2026-09-20T22:45:38.065+0000] {dag.py:2726} INFO - Sync 1 DAGs
[2026-09-20T22:45:38.114+0000] {logging_mixin.py:149} INFO - [2026-09-20T22:45:38.114+0000] {dag.py:3490} INFO - Setting next_dagrun for 5-orchestration to None, run_after=None
[2026-09-20T22:45:38.153+0000] {processor.py:178} INFO - Processing /opt/airflow/dags/5_orchestration.py took 0.179 seconds
[2026-09-20T22:46:08.830+0000] {processor.py:156} INFO - Started process (PID=1775) to work on /opt/airflow/dags/5_orchestration.py
[2026-09-20T22:46:08.832+0000] {processor.py:799} INFO - Processing file /opt/airflow/dags/5_orchestration.py for tasks to queue
[2026-09-20T22:46:08.834+0000] {logging_mixin.py:149} INFO - [2026-09-20T22:46:08.833+0000] {dagbag.py:541} INFO - Filling up the DagBag from /opt/airflow/dags/5_orchestration.py
[2026-09-20T22:46:08.852+0000] {processor.py:809} INFO - DAG(s) dict_keys(['5-orchestration']) retrieved from /opt/airflow/dags/5_orchestration.py
[2026-09-20T22:46:08.894+0000] {logging_mixin.py:149} INFO - [2026-09-20T22:46:08.893+0000] {dag.py:2726} INFO - Sync 1 DAGs
[2026-09-20T22:46:08.936+0000] {logging_mixin.py:149} INFO - [2026-09-20T22:46:08.936+0000] {dag.py:3490} INFO - Setting next_dagrun for 5-orchestration to None, run_after=None
[2026-09-20T22:46:08.964+0000] {processor.py:178} INFO - Processing /opt/airflow/dags/5_orchestration.py took 0.142 seconds
[2026-09-20T22:46:39.692+0000] {processor.py:156} INFO - Started process (PID=1784) to work on /opt/airflow/dags/5_orchestration.py
[2026-09-20T22:46:39.695+0000] {processor.py:799} INFO - Processing file /opt/airflow/dags/5_orchestration.py for tasks to queue
[2026-09-20T22:46:39.696+0000] {logging_mixin.py:149} INFO - [2026-09-20T22:46:39.696+0000] {dagbag.py:541} INFO - Filling up the DagBag from /opt/airflow/dags/5_orchestration.py
[2026-09-20T22:46:39.717+0000] {processor.py:809} INFO - DAG(s) dict_keys(['5-orchestration']) retrieved from /opt/airflow/dags/5_orchestration.py
[2026-09-20T22:46:39.806+0000] {logging_mixin.py:149} INFO - [2026-09-20T22:46:39.806+0000] {dag.py:2726} INFO - Sync 1 DAGs
[2026-09-20T22:46:39.864+0000] {logging_mixin.py:149} INFO - [2026-09-20T22:46:39.864+0000] {dag.py:3490} INFO - Setting next_dagrun for 5-orchestration to None, run_after=None
[2026-09-20T22:46:39.894+0000] {processor.py:178} INFO - Processing /opt/airflow/dags/5_orchestration.py took 0.213 seconds
[2026-09-20T22:47:10.542+0000] {processor.py:156} INFO - Started process (PID=1793) to work on /opt/airflow/dags/5_orchestration.py
[2026-09-20T22:47:10.549+0000] {processor.py:799} INFO - Processing file /opt/airflow/dags/5_orchestration.py for tasks to queue
[2026-09-20T22:47:10.552+0000] {logging_mixin.py:149} INFO - [2026-09-20T22:47:10.551+0000] {dagbag.py:541} INFO - Filling up the DagBag from /opt/airflow/dags/5_orchestration.py
[2026-09-20T22:47:10.572+0000] {processor.py:809} INFO - DAG(s) dict_keys(['5-orchestration']) retrieved from /opt/airflow/dags/5_orchestration.py
[2026-09-20T22:47:10.627+0000] {logging_mixin.py:149} INFO - [2026-09-20T22:47:10.626+0000] {dag.py:2726} INFO - Sync 1 DAGs
[2026-09-20T22:47:10.670+0000] {logging_mixin.py:149} INFO - [2026-09-20T22:47:10.670+0000] {dag.py:3490} INFO - Setting next_dagrun for 5-orchestration to None, run_after=None
[2026-09-20T22:47:10.710+0000] {processor.py:178} INFO - Processing /opt/airflow/dags/5_orchestration.py took 0.173 seconds
[2026-09-20T22:47:41.482+0000] {processor.py:156} INFO - Started process (PID=1802) to work on /opt/airflow/dags/5_orchestration.py
[2026-09-20T22:47:41.489+0000] {processor.py:799} INFO - Processing file /opt/airflow/dags/5_orchestration.py for tasks to queue
[2026-09-20T22:47:41.490+0000] {logging_mixin.py:149} INFO - [2026-09-20T22:47:41.490+0000] {dagbag.py:541} INFO - Filling up the DagBag from /opt/airflow/dags/5_orchestration.py
[2026-09-20T22:47:41.512+0000] {processor.py:809} INFO - DAG(s) dict_keys(['5-orchestration']) retrieved from /opt/airflow/dags/5_orchestration.py
[2026-09-20T22:47:41.560+0000] {logging_mixin.py:149} INFO - [2026-09-20T22:47:41.559+0000] {dag.py:2726} INFO - Sync 1 DAGs
[2026-09-20T22:47:41.596+0000] {logging_mixin.py:149} INFO - [2026-09-20T22:47:41.596+0000] {dag.py:3490} INFO - Setting next_dagrun for 5-orchestration to None, run_after=None
[2026-09-20T22:47:41.638+0000] {processor.py:178} INFO - Processing /opt/airflow/dags/5_orchestration.py took 0.162 seconds
[2026-09-20T22:48:11.705+0000] {processor.py:156} INFO - Started process (PID=1812) to work on /opt/airflow/dags/5_orchestration.py
[2026-09-20T22:48:11.708+0000] {processor.py:799} INFO - Processing file /opt/airflow/dags/5_orchestration.py for tasks to queue
[2026-09-20T22:48:11.710+0000] {logging_mixin.py:149} INFO - [2026-09-20T22:48:11.709+0000] {dagbag.py:541} INFO - Filling up the DagBag from /opt/airflow/dags/5_orchestration.py
[2026-09-20T22:48:11.731+0000] {processor.py:809} INFO - DAG(s) dict_keys(['5-orchestration']) retrieved from /opt/airflow/dags/5_orchestration.py
[2026-09-20T22:48:11.797+0000] {logging_mixin.py:149} INFO - [2026-09-20T22:48:11.796+0000] {dag.py:2726} INFO - Sync 1 DAGs
[2026-09-20T22:48:11.848+0000] {logging_mixin.py:149} INFO - [2026-09-20T22:48:11.848+0000] {dag.py:3490} INFO - Setting next_dagrun for 5-orchestration to None, run_after=None
[2026-09-20T22:48:11.899+0000] {processor.py:178} INFO - Processing /opt/airflow/dags/5_orchestration.py took 0.200 seconds
[2026-09-20T22:48:42.029+0000] {processor.py:156} INFO - Started process (PID=1822) to work on /opt/airflow/dags/5_orchestration.py
[2026-09-20T22:48:42.031+0000] {processor.py:799} INFO - Processing file /opt/airflow/dags/5_orchestration.py for tasks to queue
[2026-09-20T22:48:42.032+0000] {logging_mixin.py:149} INFO - [2026-09-20T22:48:42.032+0000] {dagbag.py:541} INFO - Filling up the DagBag from /opt/airflow/dags/5_orchestration.py
[2026-09-20T22:48:42.055+0000] {processor.py:809} INFO - DAG(s) dict_keys(['5-orchestration']) retrieved from /opt/airflow/dags/5_orchestration.py
[2026-09-20T22:48:42.103+0000] {logging_mixin.py:149} INFO - [2026-09-20T22:48:42.103+0000] {dag.py:2726} INFO - Sync 1 DAGs
[2026-09-20T22:48:42.155+0000] {logging_mixin.py:149} INFO - [2026-09-20T22:48:42.155+0000] {dag.py:3490} INFO - Setting next_dagrun for 5-orchestration to None, run_after=None
[2026-09-20T22:48:42.203+0000] {processor.py:178} INFO - Processing /opt/airflow/dags/5_orchestration.py took 0.180 seconds
[2026-09-20T22:49:12.715+0000] {processor.py:156} INFO - Started process (PID=1835) to work on /opt/airflow/dags/5_orchestration.py
[2026-09-20T22:49:12.723+0000] {processor.py:799} INFO - Processing file /opt/airflow/dags/5_orchestration.py for tasks to queue
[2026-09-20T22:49:12.724+0000] {logging_mixin.py:149} INFO - [2026-09-20T22:49:12.724+0000] {dagbag.py:541} INFO - Filling up the DagBag from /opt/airflow/dags/5_orchestration.py
[2026-09-20T22:49:12.772+0000] {processor.py:809} INFO - DAG(s) dict_keys(['5-orchestration']) retrieved from /opt/airflow/dags/5_orchestration.py
[2026-09-20T22:49:12.869+0000] {logging_mixin.py:149} INFO - [2026-09-20T22:49:12.869+0000] {dag.py:2726} INFO - Sync 1 DAGs
[2026-09-20T22:49:12.939+0000] {logging_mixin.py:149} INFO - [2026-09-20T22:49:12.939+0000] {dag.py:3490} INFO - Setting next_dagrun for 5-orchestration to None, run_after=None
[2026-09-20T22:49:13.000+0000] {processor.py:178} INFO - Processing /opt/airflow/dags/5_orchestration.py took 0.295 seconds
[2026-09-20T22:49:43.589+0000] {processor.py:156} INFO - Started process (PID=1845) to work on /opt/airflow/dags/5_orchestration.py
[2026-09-20T22:49:43.591+0000] {processor.py:799} INFO - Processing file /opt/airflow/dags/5_orchestration.py for tasks to queue
[2026-09-20T22:49:43.593+0000] {logging_mixin.py:149} INFO - [2026-09-20T22:49:43.592+0000] {dagbag.py:541} INFO - Filling up the DagBag from /opt/airflow/dags/5_orchestration.py
[2026-09-20T22:49:43.613+0000] {processor.py:809} INFO - DAG(s) dict_keys(['5-orchestration']) retrieved from /opt/airflow/dags/5_orchestration.py
[2026-09-20T22:49:43.665+0000] {logging_mixin.py:149} INFO - [2026-09-20T22:49:43.665+0000] {dag.py:2726} INFO - Sync 1 DAGs
[2026-09-20T22:49:43.705+0000] {logging_mixin.py:149} INFO - [2026-09-20T22:49:43.704+0000] {dag.py:3490} INFO - Setting next_dagrun for 5-orchestration to None, run_after=None
[2026-09-20T22:49:43.736+0000] {processor.py:178} INFO - Processing /opt/airflow/dags/5_orchestration.py took 0.156 seconds
[2026-09-20T22:50:14.485+0000] {processor.py:156} INFO - Started process (PID=1855) to work on /opt/airflow/dags/5_orchestration.py
[2026-09-20T22:50:14.488+0000] {processor.py:799} INFO - Processing file /opt/airflow/dags/5_orchestration.py for tasks to queue
[2026-09-20T22:50:14.489+0000] {logging_mixin.py:149} INFO - [2026-09-20T22:50:14.489+0000] {dagbag.py:541} INFO - Filling up the DagBag from /opt/airflow/dags/5_orchestration.py
[2026-09-20T22:50:14.512+0000] {processor.py:809} INFO - DAG(s) dict_keys(['5-orchestration']) retrieved from /opt/airflow/dags/5_orchestration.py
[2026-09-20T22:50:14.563+0000] {logging_mixin.py:149} INFO - [2026-09-20T22:50:14.563+0000] {dag.py:2726} INFO - Sync 1 DAGs
[2026-09-20T22:50:14.608+0000] {logging_mixin.py:149} INFO - [2026-09-20T22:50:14.608+0000] {dag.py:3490} INFO - Setting next_dagrun for 5-orchestration to None, run_after=None
[2026-09-20T22:50:14.649+0000] {processor.py:178} INFO - Processing /opt/airflow/dags/5_orchestration.py took 0.173 seconds
[2026-09-20T22:50:45.530+0000] {processor.py:156} INFO - Started process (PID=1868) to work on /opt/airflow/dags/5_orchestration.py
[2026-09-20T22:50:45.533+0000] {processor.py:799} INFO - Processing file /opt/airflow/dags/5_orchestration.py for tasks to queue
[2026-09-20T22:50:45.535+0000] {logging_mixin.py:149} INFO - [2026-09-20T22:50:45.534+0000] {dagbag.py:541} INFO - Filling up the DagBag from /opt/airflow/dags/5_orchestration.py
[2026-09-20T22:50:45.559+0000] {processor.py:809} INFO - DAG(s) dict_keys(['5-orchestration']) retrieved from /opt/airflow/dags/5_orchestration.py
[2026-09-20T22:50:45.611+0000] {logging_mixin.py:149} INFO - [2026-09-20T22:50:45.610+0000] {dag.py:2726} INFO - Sync 1 DAGs
[2026-09-20T22:50:45.647+0000] {logging_mixin.py:149} INFO - [2026-09-20T22:50:45.647+0000] {dag.py:3490} INFO - Setting next_dagrun for 5-orchestration to None, run_after=None
[2026-09-20T22:50:45.696+0000] {processor.py:178} INFO - Processing /opt/airflow/dags/5_orchestration.py took 0.173 seconds
[2026-09-20T22:51:16.469+0000] {processor.py:156} INFO - Started process (PID=1878) to work on /opt/airflow/dags/5_orchestration.py
[2026-09-20T22:51:16.471+0000] {processor.py:799} INFO - Processing file /opt/airflow/dags/5_orchestration.py for tasks to queue
[2026-09-20T22:51:16.472+0000] {logging_mixin.py:149} INFO - [2026-09-20T22:51:16.472+0000] {dagbag.py:541} INFO - Filling up the DagBag from /opt/airflow/dags/5_orchestration.py
[2026-09-20T22:51:16.494+0000] {processor.py:809} INFO - DAG(s) dict_keys(['5-orchestration']) retrieved from /opt/airflow/dags/5_orchestration.py
[2026-09-20T22:51:16.549+0000] {logging_mixin.py:149} INFO - [2026-09-20T22:51:16.549+0000] {dag.py:2726} INFO - Sync 1 DAGs
[2026-09-20T22:51:16.590+0000] {logging_mixin.py:149} INFO - [2026-09-20T22:51:16.590+0000] {dag.py:3490} INFO - Setting next_dagrun for 5-orchestration to None, run_after=None
[2026-09-20T22:51:16.618+0000] {processor.py:178} INFO - Processing /opt/airflow/dags/5_orchestration.py took 0.156 seconds
[2026-09-20T22:51:47.495+0000] {processor.py:156} INFO - Started process (PID=1888) to work on /opt/airflow/dags/5_orchestration.py
[2026-09-20T22:51:47.498+0000] {processor.py:799} INFO - Processing file /opt/airflow/dags/5_orchestration.py for tasks to queue
[2026-09-20T22:51:47.499+0000] {logging_mixin.py:149} INFO - [2026-09-20T22:51:47.499+0000] {dagbag.py:541} INFO - Filling up the DagBag from /opt/airflow/dags/5_orchestration.py
[2026-09-20T22:51:47.518+0000] {processor.py:809} INFO - DAG(s) dict_keys(['5-orchestration']) retrieved from /opt/airflow/dags/5_orchestration.py
[2026-09-20T22:51:47.556+0000] {logging_mixin.py:149} INFO - [2026-09-20T22:51:47.556+0000] {dag.py:2726} INFO - Sync 1 DAGs
[2026-09-20T22:51:47.609+0000] {logging_mixin.py:149} INFO - [2026-09-20T22:51:47.609+0000] {dag.py:3490} INFO - Setting next_dagrun for 5-orchestration to None, run_after=None
[2026-09-20T22:51:47.650+0000] {processor.py:178} INFO - Processing /opt/airflow/dags/5_orchestration.py took 0.160 seconds
[2026-09-20T22:52:17.733+0000] {processor.py:156} INFO - Started process (PID=1902) to work on /opt/airflow/dags/5_orchestration.py
[2026-09-20T22:52:17.735+0000] {processor.py:799} INFO - Processing file /opt/airflow/dags/5_orchestration.py for tasks to queue
[2026-09-20T22:52:17.737+0000] {logging_mixin.py:149} INFO - [2026-09-20T22:52:17.736+0000] {dagbag.py:541} INFO - Filling up the DagBag from /opt/airflow/dags/5_orchestration.py
[2026-09-20T22:52:17.758+0000] {processor.py:809} INFO - DAG(s) dict_keys(['5-orchestration']) retrieved from /opt/airflow/dags/5_orchestration.py
[2026-09-20T22:52:17.808+0000] {logging_mixin.py:149} INFO - [2026-09-20T22:52:17.807+0000] {dag.py:2726} INFO - Sync 1 DAGs
[2026-09-20T22:52:17.852+0000] {logging_mixin.py:149} INFO - [2026-09-20T22:52:17.852+0000] {dag.py:3490} INFO - Setting next_dagrun for 5-orchestration to None, run_after=None
[2026-09-20T22:52:17.879+0000] {processor.py:178} INFO - Processing /opt/airflow/dags/5_orchestration.py took 0.152 seconds
[2026-09-20T22:52:47.945+0000] {processor.py:156} INFO - Started process (PID=1912) to work on /opt/airflow/dags/5_orchestration.py
[2026-09-20T22:52:47.949+0000] {processor.py:799} INFO - Processing file /opt/airflow/dags/5_orchestration.py for tasks to queue
[2026-09-20T22:52:47.950+0000] {logging_mixin.py:149} INFO - [2026-09-20T22:52:47.950+0000] {dagbag.py:541} INFO - Filling up the DagBag from /opt/airflow/dags/5_orchestration.py
[2026-09-20T22:52:47.972+0000] {processor.py:809} INFO - DAG(s) dict_keys(['5-orchestration']) retrieved from /opt/airflow/dags/5_orchestration.py
[2026-09-20T22:52:48.021+0000] {logging_mixin.py:149} INFO - [2026-09-20T22:52:48.021+0000] {dag.py:2726} INFO - Sync 1 DAGs
[2026-09-20T22:52:48.061+0000] {logging_mixin.py:149} INFO - [2026-09-20T22:52:48.061+0000] {dag.py:3490} INFO - Setting next_dagrun for 5-orchestration to None, run_after=None
[2026-09-20T22:52:48.090+0000] {processor.py:178} INFO - Processing /opt/airflow/dags/5_orchestration.py took 0.159 seconds
[2026-09-20T22:53:18.918+0000] {processor.py:156} INFO - Started process (PID=1922) to work on /opt/airflow/dags/5_orchestration.py
[2026-09-20T22:53:18.921+0000] {processor.py:799} INFO - Processing file /opt/airflow/dags/5_orchestration.py for tasks to queue
[2026-09-20T22:53:18.922+0000] {logging_mixin.py:149} INFO - [2026-09-20T22:53:18.922+0000] {dagbag.py:541} INFO - Filling up the DagBag from /opt/airflow/dags/5_orchestration.py
[2026-09-20T22:53:18.944+0000] {processor.py:809} INFO - DAG(s) dict_keys(['5-orchestration']) retrieved from /opt/airflow/dags/5_orchestration.py
[2026-09-20T22:53:18.996+0000] {logging_mixin.py:149} INFO - [2026-09-20T22:53:18.996+0000] {dag.py:2726} INFO - Sync 1 DAGs
[2026-09-20T22:53:19.035+0000] {logging_mixin.py:149} INFO - [2026-09-20T22:53:19.035+0000] {dag.py:3490} INFO - Setting next_dagrun for 5-orchestration to None, run_after=None
[2026-09-20T22:53:19.064+0000] {processor.py:178} INFO - Processing /opt/airflow/dags/5_orchestration.py took 0.151 seconds
[2026-09-20T22:53:49.912+0000] {processor.py:156} INFO - Started process (PID=1932) to work on /opt/airflow/dags/5_orchestration.py
[2026-09-20T22:53:49.914+0000] {processor.py:799} INFO - Processing file /opt/airflow/dags/5_orchestration.py for tasks to queue
[2026-09-20T22:53:49.915+0000] {logging_mixin.py:149} INFO - [2026-09-20T22:53:49.915+0000] {dagbag.py:541} INFO - Filling up the DagBag from /opt/airflow/dags/5_orchestration.py
[2026-09-20T22:53:49.935+0000] {processor.py:809} INFO - DAG(s) dict_keys(['5-orchestration']) retrieved from /opt/airflow/dags/5_orchestration.py
[2026-09-20T22:53:49.980+0000] {logging_mixin.py:149} INFO - [2026-09-20T22:53:49.980+0000] {dag.py:2726} INFO - Sync 1 DAGs
[2026-09-20T22:53:50.022+0000] {logging_mixin.py:149} INFO - [2026-09-20T22:53:50.022+0000] {dag.py:3490} INFO - Setting next_dagrun for 5-orchestration to None, run_after=None
[2026-09-20T22:53:50.054+0000] {processor.py:178} INFO - Processing /opt/airflow/dags/5_orchestration.py took 0.148 seconds
[2026-09-20T22:54:20.785+0000] {processor.py:156} INFO - Started process (PID=1942) to work on /opt/airflow/dags/5_orchestration.py
[2026-09-20T22:54:20.788+0000] {processor.py:799} INFO - Processing file /opt/airflow/dags/5_orchestration.py for tasks to queue
[2026-09-20T22:54:20.790+0000] {logging_mixin.py:149} INFO - [2026-09-20T22:54:20.790+0000] {dagbag.py:541} INFO - Filling up the DagBag from /opt/airflow/dags/5_orchestration.py
[2026-09-20T22:54:20.822+0000] {processor.py:809} INFO - DAG(s) dict_keys(['5-orchestration']) retrieved from /opt/airflow/dags/5_orchestration.py
[2026-09-20T22:54:20.884+0000] {logging_mixin.py:149} INFO - [2026-09-20T22:54:20.884+0000] {dag.py:2726} INFO - Sync 1 DAGs
[2026-09-20T22:54:20.936+0000] {logging_mixin.py:149} INFO - [2026-09-20T22:54:20.936+0000] {dag.py:3490} INFO - Setting next_dagrun for 5-orchestration to None, run_after=None
[2026-09-20T22:54:20.970+0000] {processor.py:178} INFO - Processing /opt/airflow/dags/5_orchestration.py took 0.194 seconds
[2026-09-20T22:54:51.986+0000] {processor.py:156} INFO - Started process (PID=1952) to work on /opt/airflow/dags/5_orchestration.py
[2026-09-20T22:54:51.989+0000] {processor.py:799} INFO - Processing file /opt/airflow/dags/5_orchestration.py for tasks to queue
[2026-09-20T22:54:51.991+0000] {logging_mixin.py:149} INFO - [2026-09-20T22:54:51.990+0000] {dagbag.py:541} INFO - Filling up the DagBag from /opt/airflow/dags/5_orchestration.py
[2026-09-20T22:54:52.028+0000] {processor.py:809} INFO - DAG(s) dict_keys(['5-orchestration']) retrieved from /opt/airflow/dags/5_orchestration.py
[2026-09-20T22:54:52.086+0000] {logging_mixin.py:149} INFO - [2026-09-20T22:54:52.085+0000] {dag.py:2726} INFO - Sync 1 DAGs
[2026-09-20T22:54:52.125+0000] {logging_mixin.py:149} INFO - [2026-09-20T22:54:52.125+0000] {dag.py:3490} INFO - Setting next_dagrun for 5-orchestration to None, run_after=None
[2026-09-20T22:54:52.155+0000] {processor.py:178} INFO - Processing /opt/airflow/dags/5_orchestration.py took 0.177 seconds
[2026-09-20T22:55:22.201+0000] {processor.py:156} INFO - Started process (PID=1962) to work on /opt/airflow/dags/5_orchestration.py
[2026-09-20T22:55:22.203+0000] {processor.py:799} INFO - Processing file /opt/airflow/dags/5_orchestration.py for tasks to queue
[2026-09-20T22:55:22.204+0000] {logging_mixin.py:149} INFO - [2026-09-20T22:55:22.204+0000] {dagbag.py:541} INFO - Filling up the DagBag from /opt/airflow/dags/5_orchestration.py
[2026-09-20T22:55:22.226+0000] {processor.py:809} INFO - DAG(s) dict_keys(['5-orchestration']) retrieved from /opt/airflow/dags/5_orchestration.py
[2026-09-20T22:55:22.276+0000] {logging_mixin.py:149} INFO - [2026-09-20T22:55:22.276+0000] {dag.py:2726} INFO - Sync 1 DAGs
[2026-09-20T22:55:22.315+0000] {logging_mixin.py:149} INFO - [2026-09-20T22:55:22.315+0000] {dag.py:3490} INFO - Setting next_dagrun for 5-orchestration to None, run_after=None
[2026-09-20T22:55:22.345+0000] {processor.py:178} INFO - Processing /opt/airflow/dags/5_orchestration.py took 0.150 seconds
[2026-09-20T22:55:53.290+0000] {processor.py:156} INFO - Started process (PID=1972) to work on /opt/airflow/dags/5_orchestration.py
[2026-09-20T22:55:53.294+0000] {processor.py:799} INFO - Processing file /opt/airflow/dags/5_orchestration.py for tasks to queue
[2026-09-20T22:55:53.300+0000] {logging_mixin.py:149} INFO - [2026-09-20T22:55:53.299+0000] {dagbag.py:541} INFO - Filling up the DagBag from /opt/airflow/dags/5_orchestration.py
[2026-09-20T22:55:53.324+0000] {processor.py:809} INFO - DAG(s) dict_keys(['5-orchestration']) retrieved from /opt/airflow/dags/5_orchestration.py
[2026-09-20T22:55:53.372+0000] {logging_mixin.py:149} INFO - [2026-09-20T22:55:53.371+0000] {dag.py:2726} INFO - Sync 1 DAGs
[2026-09-20T22:55:53.409+0000] {logging_mixin.py:149} INFO - [2026-09-20T22:55:53.408+0000] {dag.py:3490} INFO - Setting next_dagrun for 5-orchestration to None, run_after=None
[2026-09-20T22:55:53.436+0000] {processor.py:178} INFO - Processing /opt/airflow/dags/5_orchestration.py took 0.158 seconds
[2026-09-20T22:56:24.420+0000] {processor.py:156} INFO - Started process (PID=1982) to work on /opt/airflow/dags/5_orchestration.py
[2026-09-20T22:56:24.424+0000] {processor.py:799} INFO - Processing file /opt/airflow/dags/5_orchestration.py for tasks to queue
[2026-09-20T22:56:24.425+0000] {logging_mixin.py:149} INFO - [2026-09-20T22:56:24.425+0000] {dagbag.py:541} INFO - Filling up the DagBag from /opt/airflow/dags/5_orchestration.py
[2026-09-20T22:56:24.446+0000] {processor.py:809} INFO - DAG(s) dict_keys(['5-orchestration']) retrieved from /opt/airflow/dags/5_orchestration.py
[2026-09-20T22:56:24.492+0000] {logging_mixin.py:149} INFO - [2026-09-20T22:56:24.492+0000] {dag.py:2726} INFO - Sync 1 DAGs
[2026-09-20T22:56:24.530+0000] {logging_mixin.py:149} INFO - [2026-09-20T22:56:24.530+0000] {dag.py:3490} INFO - Setting next_dagrun for 5-orchestration to None, run_after=None
[2026-09-20T22:56:24.556+0000] {processor.py:178} INFO - Processing /opt/airflow/dags/5_orchestration.py took 0.142 seconds
[2026-09-20T22:56:54.625+0000] {processor.py:156} INFO - Started process (PID=1992) to work on /opt/airflow/dags/5_orchestration.py
[2026-09-20T22:56:54.627+0000] {processor.py:799} INFO - Processing file /opt/airflow/dags/5_orchestration.py for tasks to queue
[2026-09-20T22:56:54.628+0000] {logging_mixin.py:149} INFO - [2026-09-20T22:56:54.627+0000] {dagbag.py:541} INFO - Filling up the DagBag from /opt/airflow/dags/5_orchestration.py
[2026-09-20T22:56:54.649+0000] {processor.py:809} INFO - DAG(s) dict_keys(['5-orchestration']) retrieved from /opt/airflow/dags/5_orchestration.py
[2026-09-20T22:56:54.696+0000] {logging_mixin.py:149} INFO - [2026-09-20T22:56:54.695+0000] {dag.py:2726} INFO - Sync 1 DAGs
[2026-09-20T22:56:54.734+0000] {logging_mixin.py:149} INFO - [2026-09-20T22:56:54.733+0000] {dag.py:3490} INFO - Setting next_dagrun for 5-orchestration to None, run_after=None
[2026-09-20T22:56:54.770+0000] {processor.py:178} INFO - Processing /opt/airflow/dags/5_orchestration.py took 0.152 seconds
[2026-09-20T22:57:25.596+0000] {processor.py:156} INFO - Started process (PID=2002) to work on /opt/airflow/dags/5_orchestration.py
[2026-09-20T22:57:25.602+0000] {processor.py:799} INFO - Processing file /opt/airflow/dags/5_orchestration.py for tasks to queue
[2026-09-20T22:57:25.603+0000] {logging_mixin.py:149} INFO - [2026-09-20T22:57:25.603+0000] {dagbag.py:541} INFO - Filling up the DagBag from /opt/airflow/dags/5_orchestration.py
[2026-09-20T22:57:25.624+0000] {processor.py:809} INFO - DAG(s) dict_keys(['5-orchestration']) retrieved from /opt/airflow/dags/5_orchestration.py
[2026-09-20T22:57:25.668+0000] {logging_mixin.py:149} INFO - [2026-09-20T22:57:25.668+0000] {dag.py:2726} INFO - Sync 1 DAGs
[2026-09-20T22:57:25.704+0000] {logging_mixin.py:149} INFO - [2026-09-20T22:57:25.704+0000] {dag.py:3490} INFO - Setting next_dagrun for 5-orchestration to None, run_after=None
[2026-09-20T22:57:25.731+0000] {processor.py:178} INFO - Processing /opt/airflow/dags/5_orchestration.py took 0.141 seconds
[2026-09-20T22:57:56.564+0000] {processor.py:156} INFO - Started process (PID=2012) to work on /opt/airflow/dags/5_orchestration.py
[2026-09-20T22:57:56.571+0000] {processor.py:799} INFO - Processing file /opt/airflow/dags/5_orchestration.py for tasks to queue
[2026-09-20T22:57:56.572+0000] {logging_mixin.py:149} INFO - [2026-09-20T22:57:56.572+0000] {dagbag.py:541} INFO - Filling up the DagBag from /opt/airflow/dags/5_orchestration.py
[2026-09-20T22:57:56.596+0000] {processor.py:809} INFO - DAG(s) dict_keys(['5-orchestration']) retrieved from /opt/airflow/dags/5_orchestration.py
[2026-09-20T22:57:56.642+0000] {logging_mixin.py:149} INFO - [2026-09-20T22:57:56.642+0000] {dag.py:2726} INFO - Sync 1 DAGs
[2026-09-20T22:57:56.682+0000] {logging_mixin.py:149} INFO - [2026-09-20T22:57:56.682+0000] {dag.py:3490} INFO - Setting next_dagrun for 5-orchestration to None, run_after=None
[2026-09-20T22:57:56.714+0000] {processor.py:178} INFO - Processing /opt/airflow/dags/5_orchestration.py took 0.158 seconds
[2026-09-20T22:58:26.782+0000] {processor.py:156} INFO - Started process (PID=2022) to work on /opt/airflow/dags/5_orchestration.py
[2026-09-20T22:58:26.784+0000] {processor.py:799} INFO - Processing file /opt/airflow/dags/5_orchestration.py for tasks to queue
[2026-09-20T22:58:26.786+0000] {logging_mixin.py:149} INFO - [2026-09-20T22:58:26.785+0000] {dagbag.py:541} INFO - Filling up the DagBag from /opt/airflow/dags/5_orchestration.py
[2026-09-20T22:58:26.808+0000] {processor.py:809} INFO - DAG(s) dict_keys(['5-orchestration']) retrieved from /opt/airflow/dags/5_orchestration.py
[2026-09-20T22:58:26.892+0000] {logging_mixin.py:149} INFO - [2026-09-20T22:58:26.891+0000] {dag.py:2726} INFO - Sync 1 DAGs
[2026-09-20T22:58:26.956+0000] {logging_mixin.py:149} INFO - [2026-09-20T22:58:26.956+0000] {dag.py:3490} INFO - Setting next_dagrun for 5-orchestration to None, run_after=None
[2026-09-20T22:58:26.987+0000] {processor.py:178} INFO - Processing /opt/airflow/dags/5_orchestration.py took 0.211 seconds
[2026-09-20T22:58:57.180+0000] {processor.py:156} INFO - Started process (PID=2032) to work on /opt/airflow/dags/5_orchestration.py
[2026-09-20T22:58:57.183+0000] {processor.py:799} INFO - Processing file /opt/airflow/dags/5_orchestration.py for tasks to queue
[2026-09-20T22:58:57.184+0000] {logging_mixin.py:149} INFO - [2026-09-20T22:58:57.184+0000] {dagbag.py:541} INFO - Filling up the DagBag from /opt/airflow/dags/5_orchestration.py
[2026-09-20T22:58:57.205+0000] {processor.py:809} INFO - DAG(s) dict_keys(['5-orchestration']) retrieved from /opt/airflow/dags/5_orchestration.py
[2026-09-20T22:58:57.252+0000] {logging_mixin.py:149} INFO - [2026-09-20T22:58:57.252+0000] {dag.py:2726} INFO - Sync 1 DAGs
[2026-09-20T22:58:57.289+0000] {logging_mixin.py:149} INFO - [2026-09-20T22:58:57.289+0000] {dag.py:3490} INFO - Setting next_dagrun for 5-orchestration to None, run_after=None
[2026-09-20T22:58:57.322+0000] {processor.py:178} INFO - Processing /opt/airflow/dags/5_orchestration.py took 0.147 seconds
[2026-09-20T22:59:27.411+0000] {processor.py:156} INFO - Started process (PID=2042) to work on /opt/airflow/dags/5_orchestration.py
[2026-09-20T22:59:27.419+0000] {processor.py:799} INFO - Processing file /opt/airflow/dags/5_orchestration.py for tasks to queue
[2026-09-20T22:59:27.420+0000] {logging_mixin.py:149} INFO - [2026-09-20T22:59:27.420+0000] {dagbag.py:541} INFO - Filling up the DagBag from /opt/airflow/dags/5_orchestration.py
[2026-09-20T22:59:27.442+0000] {processor.py:809} INFO - DAG(s) dict_keys(['5-orchestration']) retrieved from /opt/airflow/dags/5_orchestration.py
[2026-09-20T22:59:27.485+0000] {logging_mixin.py:149} INFO - [2026-09-20T22:59:27.485+0000] {dag.py:2726} INFO - Sync 1 DAGs
[2026-09-20T22:59:27.526+0000] {logging_mixin.py:149} INFO - [2026-09-20T22:59:27.525+0000] {dag.py:3490} INFO - Setting next_dagrun for 5-orchestration to None, run_after=None
[2026-09-20T22:59:27.553+0000] {processor.py:178} INFO - Processing /opt/airflow/dags/5_orchestration.py took 0.149 seconds
[2026-09-20T22:59:57.750+0000] {processor.py:156} INFO - Started process (PID=2052) to work on /opt/airflow/dags/5_orchestration.py
[2026-09-20T22:59:57.752+0000] {processor.py:799} INFO - Processing file /opt/airflow/dags/5_orchestration.py for tasks to queue
[2026-09-20T22:59:57.753+0000] {logging_mixin.py:149} INFO - [2026-09-20T22:59:57.753+0000] {dagbag.py:541} INFO - Filling up the DagBag from /opt/airflow/dags/5_orchestration.py
[2026-09-20T22:59:57.777+0000] {processor.py:809} INFO - DAG(s) dict_keys(['5-orchestration']) retrieved from /opt/airflow/dags/5_orchestration.py
[2026-09-20T22:59:57.840+0000] {logging_mixin.py:149} INFO - [2026-09-20T22:59:57.839+0000] {dag.py:2726} INFO - Sync 1 DAGs
[2026-09-20T22:59:57.887+0000] {logging_mixin.py:149} INFO - [2026-09-20T22:59:57.887+0000] {dag.py:3490} INFO - Setting next_dagrun for 5-orchestration to None, run_after=None
[2026-09-20T22:59:57.926+0000] {processor.py:178} INFO - Processing /opt/airflow/dags/5_orchestration.py took 0.182 seconds
[2026-09-20T23:00:28.928+0000] {processor.py:156} INFO - Started process (PID=2062) to work on /opt/airflow/dags/5_orchestration.py
[2026-09-20T23:00:28.930+0000] {processor.py:799} INFO - Processing file /opt/airflow/dags/5_orchestration.py for tasks to queue
[2026-09-20T23:00:28.931+0000] {logging_mixin.py:149} INFO - [2026-09-20T23:00:28.931+0000] {dagbag.py:541} INFO - Filling up the DagBag from /opt/airflow/dags/5_orchestration.py
[2026-09-20T23:00:28.952+0000] {processor.py:809} INFO - DAG(s) dict_keys(['5-orchestration']) retrieved from /opt/airflow/dags/5_orchestration.py
[2026-09-20T23:00:29.000+0000] {logging_mixin.py:149} INFO - [2026-09-20T23:00:29.000+0000] {dag.py:2726} INFO - Sync 1 DAGs
[2026-09-20T23:00:29.047+0000] {logging_mixin.py:149} INFO - [2026-09-20T23:00:29.047+0000] {dag.py:3490} INFO - Setting next_dagrun for 5-orchestration to None, run_after=None
[2026-09-20T23:00:29.080+0000] {processor.py:178} INFO - Processing /opt/airflow/dags/5_orchestration.py took 0.158 seconds
[2026-09-20T23:00:59.983+0000] {processor.py:156} INFO - Started process (PID=2072) to work on /opt/airflow/dags/5_orchestration.py
[2026-09-20T23:00:59.986+0000] {processor.py:799} INFO - Processing file /opt/airflow/dags/5_orchestration.py for tasks to queue
[2026-09-20T23:00:59.988+0000] {logging_mixin.py:149} INFO - [2026-09-20T23:00:59.987+0000] {dagbag.py:541} INFO - Filling up the DagBag from /opt/airflow/dags/5_orchestration.py
[2026-09-20T23:01:00.011+0000] {processor.py:809} INFO - DAG(s) dict_keys(['5-orchestration']) retrieved from /opt/airflow/dags/5_orchestration.py
[2026-09-20T23:01:00.071+0000] {logging_mixin.py:149} INFO - [2026-09-20T23:01:00.070+0000] {dag.py:2726} INFO - Sync 1 DAGs
[2026-09-20T23:01:00.112+0000] {logging_mixin.py:149} INFO - [2026-09-20T23:01:00.112+0000] {dag.py:3490} INFO - Setting next_dagrun for 5-orchestration to None, run_after=None
[2026-09-20T23:01:00.141+0000] {processor.py:178} INFO - Processing /opt/airflow/dags/5_orchestration.py took 0.164 seconds
[2026-09-20T23:01:30.806+0000] {processor.py:156} INFO - Started process (PID=2082) to work on /opt/airflow/dags/5_orchestration.py
[2026-09-20T23:01:30.811+0000] {processor.py:799} INFO - Processing file /opt/airflow/dags/5_orchestration.py for tasks to queue
[2026-09-20T23:01:30.813+0000] {logging_mixin.py:149} INFO - [2026-09-20T23:01:30.812+0000] {dagbag.py:541} INFO - Filling up the DagBag from /opt/airflow/dags/5_orchestration.py
[2026-09-20T23:01:30.834+0000] {processor.py:809} INFO - DAG(s) dict_keys(['5-orchestration']) retrieved from /opt/airflow/dags/5_orchestration.py
[2026-09-20T23:01:30.888+0000] {logging_mixin.py:149} INFO - [2026-09-20T23:01:30.888+0000] {dag.py:2726} INFO - Sync 1 DAGs
[2026-09-20T23:01:30.926+0000] {logging_mixin.py:149} INFO - [2026-09-20T23:01:30.926+0000] {dag.py:3490} INFO - Setting next_dagrun for 5-orchestration to None, run_after=None
[2026-09-20T23:01:30.973+0000] {processor.py:178} INFO - Processing /opt/airflow/dags/5_orchestration.py took 0.173 seconds
[2026-09-20T23:02:01.741+0000] {processor.py:156} INFO - Started process (PID=2092) to work on /opt/airflow/dags/5_orchestration.py
[2026-09-20T23:02:01.744+0000] {processor.py:799} INFO - Processing file /opt/airflow/dags/5_orchestration.py for tasks to queue
[2026-09-20T23:02:01.745+0000] {logging_mixin.py:149} INFO - [2026-09-20T23:02:01.745+0000] {dagbag.py:541} INFO - Filling up the DagBag from /opt/airflow/dags/5_orchestration.py
[2026-09-20T23:02:01.762+0000] {processor.py:809} INFO - DAG(s) dict_keys(['5-orchestration']) retrieved from /opt/airflow/dags/5_orchestration.py
[2026-09-20T23:02:01.806+0000] {logging_mixin.py:149} INFO - [2026-09-20T23:02:01.806+0000] {dag.py:2726} INFO - Sync 1 DAGs
[2026-09-20T23:02:01.841+0000] {logging_mixin.py:149} INFO - [2026-09-20T23:02:01.841+0000] {dag.py:3490} INFO - Setting next_dagrun for 5-orchestration to None, run_after=None
[2026-09-20T23:02:01.862+0000] {processor.py:178} INFO - Processing /opt/airflow/dags/5_orchestration.py took 0.126 seconds
[2026-09-20T23:02:32.521+0000] {processor.py:156} INFO - Started process (PID=2102) to work on /opt/airflow/dags/5_orchestration.py
[2026-09-20T23:02:32.524+0000] {processor.py:799} INFO - Processing file /opt/airflow/dags/5_orchestration.py for tasks to queue
[2026-09-20T23:02:32.525+0000] {logging_mixin.py:149} INFO - [2026-09-20T23:02:32.525+0000] {dagbag.py:541} INFO - Filling up the DagBag from /opt/airflow/dags/5_orchestration.py
[2026-09-20T23:02:32.542+0000] {processor.py:809} INFO - DAG(s) dict_keys(['5-orchestration']) retrieved from /opt/airflow/dags/5_orchestration.py
[2026-09-20T23:02:32.586+0000] {logging_mixin.py:149} INFO - [2026-09-20T23:02:32.586+0000] {dag.py:2726} INFO - Sync 1 DAGs
[2026-09-20T23:02:32.623+0000] {logging_mixin.py:149} INFO - [2026-09-20T23:02:32.622+0000] {dag.py:3490} INFO - Setting next_dagrun for 5-orchestration to None, run_after=None
[2026-09-20T23:02:32.648+0000] {processor.py:178} INFO - Processing /opt/airflow/dags/5_orchestration.py took 0.141 seconds
[2026-09-20T23:03:03.514+0000] {processor.py:156} INFO - Started process (PID=2112) to work on /opt/airflow/dags/5_orchestration.py
[2026-09-20T23:03:03.517+0000] {processor.py:799} INFO - Processing file /opt/airflow/dags/5_orchestration.py for tasks to queue
[2026-09-20T23:03:03.518+0000] {logging_mixin.py:149} INFO - [2026-09-20T23:03:03.518+0000] {dagbag.py:541} INFO - Filling up the DagBag from /opt/airflow/dags/5_orchestration.py
[2026-09-20T23:03:03.539+0000] {processor.py:809} INFO - DAG(s) dict_keys(['5-orchestration']) retrieved from /opt/airflow/dags/5_orchestration.py
[2026-09-20T23:03:03.593+0000] {logging_mixin.py:149} INFO - [2026-09-20T23:03:03.593+0000] {dag.py:2726} INFO - Sync 1 DAGs
[2026-09-20T23:03:03.640+0000] {logging_mixin.py:149} INFO - [2026-09-20T23:03:03.640+0000] {dag.py:3490} INFO - Setting next_dagrun for 5-orchestration to None, run_after=None
[2026-09-20T23:03:03.676+0000] {processor.py:178} INFO - Processing /opt/airflow/dags/5_orchestration.py took 0.167 seconds
[2026-09-20T23:03:34.381+0000] {processor.py:156} INFO - Started process (PID=2122) to work on /opt/airflow/dags/5_orchestration.py
[2026-09-20T23:03:34.384+0000] {processor.py:799} INFO - Processing file /opt/airflow/dags/5_orchestration.py for tasks to queue
[2026-09-20T23:03:34.385+0000] {logging_mixin.py:149} INFO - [2026-09-20T23:03:34.385+0000] {dagbag.py:541} INFO - Filling up the DagBag from /opt/airflow/dags/5_orchestration.py
[2026-09-20T23:03:34.406+0000] {processor.py:809} INFO - DAG(s) dict_keys(['5-orchestration']) retrieved from /opt/airflow/dags/5_orchestration.py
[2026-09-20T23:03:34.466+0000] {logging_mixin.py:149} INFO - [2026-09-20T23:03:34.465+0000] {dag.py:2726} INFO - Sync 1 DAGs
[2026-09-20T23:03:34.511+0000] {logging_mixin.py:149} INFO - [2026-09-20T23:03:34.511+0000] {dag.py:3490} INFO - Setting next_dagrun for 5-orchestration to None, run_after=None
[2026-09-20T23:03:34.545+0000] {processor.py:178} INFO - Processing /opt/airflow/dags/5_orchestration.py took 0.171 seconds
[2026-09-20T23:04:05.462+0000] {processor.py:156} INFO - Started process (PID=2132) to work on /opt/airflow/dags/5_orchestration.py
[2026-09-20T23:04:05.466+0000] {processor.py:799} INFO - Processing file /opt/airflow/dags/5_orchestration.py for tasks to queue
[2026-09-20T23:04:05.467+0000] {logging_mixin.py:149} INFO - [2026-09-20T23:04:05.467+0000] {dagbag.py:541} INFO - Filling up the DagBag from /opt/airflow/dags/5_orchestration.py
[2026-09-20T23:04:05.495+0000] {processor.py:809} INFO - DAG(s) dict_keys(['5-orchestration']) retrieved from /opt/airflow/dags/5_orchestration.py
[2026-09-20T23:04:05.558+0000] {logging_mixin.py:149} INFO - [2026-09-20T23:04:05.558+0000] {dag.py:2726} INFO - Sync 1 DAGs
[2026-09-20T23:04:05.596+0000] {logging_mixin.py:149} INFO - [2026-09-20T23:04:05.596+0000] {dag.py:3490} INFO - Setting next_dagrun for 5-orchestration to None, run_after=None
[2026-09-20T23:04:05.631+0000] {processor.py:178} INFO - Processing /opt/airflow/dags/5_orchestration.py took 0.176 seconds
[2026-09-20T23:04:35.737+0000] {processor.py:156} INFO - Started process (PID=2142) to work on /opt/airflow/dags/5_orchestration.py
[2026-09-20T23:04:35.741+0000] {processor.py:799} INFO - Processing file /opt/airflow/dags/5_orchestration.py for tasks to queue
[2026-09-20T23:04:35.743+0000] {logging_mixin.py:149} INFO - [2026-09-20T23:04:35.742+0000] {dagbag.py:541} INFO - Filling up the DagBag from /opt/airflow/dags/5_orchestration.py
[2026-09-20T23:04:35.763+0000] {processor.py:809} INFO - DAG(s) dict_keys(['5-orchestration']) retrieved from /opt/airflow/dags/5_orchestration.py
[2026-09-20T23:04:35.831+0000] {logging_mixin.py:149} INFO - [2026-09-20T23:04:35.831+0000] {dag.py:2726} INFO - Sync 1 DAGs
[2026-09-20T23:04:35.886+0000] {logging_mixin.py:149} INFO - [2026-09-20T23:04:35.886+0000] {dag.py:3490} INFO - Setting next_dagrun for 5-orchestration to None, run_after=None
[2026-09-20T23:04:35.914+0000] {processor.py:178} INFO - Processing /opt/airflow/dags/5_orchestration.py took 0.183 seconds
[2026-09-20T23:05:06.077+0000] {processor.py:156} INFO - Started process (PID=2152) to work on /opt/airflow/dags/5_orchestration.py
[2026-09-20T23:05:06.083+0000] {processor.py:799} INFO - Processing file /opt/airflow/dags/5_orchestration.py for tasks to queue
[2026-09-20T23:05:06.084+0000] {logging_mixin.py:149} INFO - [2026-09-20T23:05:06.084+0000] {dagbag.py:541} INFO - Filling up the DagBag from /opt/airflow/dags/5_orchestration.py
[2026-09-20T23:05:06.115+0000] {processor.py:809} INFO - DAG(s) dict_keys(['5-orchestration']) retrieved from /opt/airflow/dags/5_orchestration.py
[2026-09-20T23:05:06.165+0000] {logging_mixin.py:149} INFO - [2026-09-20T23:05:06.165+0000] {dag.py:2726} INFO - Sync 1 DAGs
[2026-09-20T23:05:06.206+0000] {logging_mixin.py:149} INFO - [2026-09-20T23:05:06.206+0000] {dag.py:3490} INFO - Setting next_dagrun for 5-orchestration to None, run_after=None
[2026-09-20T23:05:06.244+0000] {processor.py:178} INFO - Processing /opt/airflow/dags/5_orchestration.py took 0.183 seconds
[2026-09-20T23:05:36.394+0000] {processor.py:156} INFO - Started process (PID=2162) to work on /opt/airflow/dags/5_orchestration.py
[2026-09-20T23:05:36.397+0000] {processor.py:799} INFO - Processing file /opt/airflow/dags/5_orchestration.py for tasks to queue
[2026-09-20T23:05:36.398+0000] {logging_mixin.py:149} INFO - [2026-09-20T23:05:36.398+0000] {dagbag.py:541} INFO - Filling up the DagBag from /opt/airflow/dags/5_orchestration.py
[2026-09-20T23:05:36.418+0000] {processor.py:809} INFO - DAG(s) dict_keys(['5-orchestration']) retrieved from /opt/airflow/dags/5_orchestration.py
[2026-09-20T23:05:36.474+0000] {logging_mixin.py:149} INFO - [2026-09-20T23:05:36.473+0000] {dag.py:2726} INFO - Sync 1 DAGs
[2026-09-20T23:05:36.526+0000] {logging_mixin.py:149} INFO - [2026-09-20T23:05:36.526+0000] {dag.py:3490} INFO - Setting next_dagrun for 5-orchestration to None, run_after=None
[2026-09-20T23:05:36.559+0000] {processor.py:178} INFO - Processing /opt/airflow/dags/5_orchestration.py took 0.171 seconds
[2026-09-20T23:06:07.449+0000] {processor.py:156} INFO - Started process (PID=2172) to work on /opt/airflow/dags/5_orchestration.py
[2026-09-20T23:06:07.451+0000] {processor.py:799} INFO - Processing file /opt/airflow/dags/5_orchestration.py for tasks to queue
[2026-09-20T23:06:07.452+0000] {logging_mixin.py:149} INFO - [2026-09-20T23:06:07.452+0000] {dagbag.py:541} INFO - Filling up the DagBag from /opt/airflow/dags/5_orchestration.py
[2026-09-20T23:06:07.490+0000] {processor.py:809} INFO - DAG(s) dict_keys(['5-orchestration']) retrieved from /opt/airflow/dags/5_orchestration.py
[2026-09-20T23:06:07.557+0000] {logging_mixin.py:149} INFO - [2026-09-20T23:06:07.556+0000] {dag.py:2726} INFO - Sync 1 DAGs
[2026-09-20T23:06:07.613+0000] {logging_mixin.py:149} INFO - [2026-09-20T23:06:07.612+0000] {dag.py:3490} INFO - Setting next_dagrun for 5-orchestration to None, run_after=None
[2026-09-20T23:06:07.639+0000] {processor.py:178} INFO - Processing /opt/airflow/dags/5_orchestration.py took 0.198 seconds
[2026-09-20T23:06:38.574+0000] {processor.py:156} INFO - Started process (PID=2182) to work on /opt/airflow/dags/5_orchestration.py
[2026-09-20T23:06:38.576+0000] {processor.py:799} INFO - Processing file /opt/airflow/dags/5_orchestration.py for tasks to queue
[2026-09-20T23:06:38.578+0000] {logging_mixin.py:149} INFO - [2026-09-20T23:06:38.577+0000] {dagbag.py:541} INFO - Filling up the DagBag from /opt/airflow/dags/5_orchestration.py
[2026-09-20T23:06:38.599+0000] {processor.py:809} INFO - DAG(s) dict_keys(['5-orchestration']) retrieved from /opt/airflow/dags/5_orchestration.py
[2026-09-20T23:06:38.672+0000] {logging_mixin.py:149} INFO - [2026-09-20T23:06:38.672+0000] {dag.py:2726} INFO - Sync 1 DAGs
[2026-09-20T23:06:38.710+0000] {logging_mixin.py:149} INFO - [2026-09-20T23:06:38.710+0000] {dag.py:3490} INFO - Setting next_dagrun for 5-orchestration to None, run_after=None
[2026-09-20T23:06:38.746+0000] {processor.py:178} INFO - Processing /opt/airflow/dags/5_orchestration.py took 0.180 seconds
[2026-09-20T23:07:08.940+0000] {processor.py:156} INFO - Started process (PID=2192) to work on /opt/airflow/dags/5_orchestration.py
[2026-09-20T23:07:08.944+0000] {processor.py:799} INFO - Processing file /opt/airflow/dags/5_orchestration.py for tasks to queue
[2026-09-20T23:07:08.945+0000] {logging_mixin.py:149} INFO - [2026-09-20T23:07:08.945+0000] {dagbag.py:541} INFO - Filling up the DagBag from /opt/airflow/dags/5_orchestration.py
[2026-09-20T23:07:08.970+0000] {processor.py:809} INFO - DAG(s) dict_keys(['5-orchestration']) retrieved from /opt/airflow/dags/5_orchestration.py
[2026-09-20T23:07:09.052+0000] {logging_mixin.py:149} INFO - [2026-09-20T23:07:09.052+0000] {dag.py:2726} INFO - Sync 1 DAGs
[2026-09-20T23:07:09.122+0000] {logging_mixin.py:149} INFO - [2026-09-20T23:07:09.122+0000] {dag.py:3490} INFO - Setting next_dagrun for 5-orchestration to None, run_after=None
[2026-09-20T23:07:09.170+0000] {processor.py:178} INFO - Processing /opt/airflow/dags/5_orchestration.py took 0.234 seconds
[2026-09-20T23:07:39.268+0000] {processor.py:156} INFO - Started process (PID=2202) to work on /opt/airflow/dags/5_orchestration.py
[2026-09-20T23:07:39.271+0000] {processor.py:799} INFO - Processing file /opt/airflow/dags/5_orchestration.py for tasks to queue
[2026-09-20T23:07:39.272+0000] {logging_mixin.py:149} INFO - [2026-09-20T23:07:39.272+0000] {dagbag.py:541} INFO - Filling up the DagBag from /opt/airflow/dags/5_orchestration.py
[2026-09-20T23:07:39.294+0000] {processor.py:809} INFO - DAG(s) dict_keys(['5-orchestration']) retrieved from /opt/airflow/dags/5_orchestration.py
[2026-09-20T23:07:39.341+0000] {logging_mixin.py:149} INFO - [2026-09-20T23:07:39.341+0000] {dag.py:2726} INFO - Sync 1 DAGs
[2026-09-20T23:07:39.386+0000] {logging_mixin.py:149} INFO - [2026-09-20T23:07:39.386+0000] {dag.py:3490} INFO - Setting next_dagrun for 5-orchestration to None, run_after=None
[2026-09-20T23:07:39.416+0000] {processor.py:178} INFO - Processing /opt/airflow/dags/5_orchestration.py took 0.154 seconds
[2026-09-20T23:08:09.454+0000] {processor.py:156} INFO - Started process (PID=2212) to work on /opt/airflow/dags/5_orchestration.py
[2026-09-20T23:08:09.459+0000] {processor.py:799} INFO - Processing file /opt/airflow/dags/5_orchestration.py for tasks to queue
[2026-09-20T23:08:09.460+0000] {logging_mixin.py:149} INFO - [2026-09-20T23:08:09.460+0000] {dagbag.py:541} INFO - Filling up the DagBag from /opt/airflow/dags/5_orchestration.py
[2026-09-20T23:08:09.481+0000] {processor.py:809} INFO - DAG(s) dict_keys(['5-orchestration']) retrieved from /opt/airflow/dags/5_orchestration.py
[2026-09-20T23:08:09.539+0000] {logging_mixin.py:149} INFO - [2026-09-20T23:08:09.539+0000] {dag.py:2726} INFO - Sync 1 DAGs
[2026-09-20T23:08:09.582+0000] {logging_mixin.py:149} INFO - [2026-09-20T23:08:09.582+0000] {dag.py:3490} INFO - Setting next_dagrun for 5-orchestration to None, run_after=None
[2026-09-20T23:08:09.613+0000] {processor.py:178} INFO - Processing /opt/airflow/dags/5_orchestration.py took 0.165 seconds
[2026-09-20T23:08:40.224+0000] {processor.py:156} INFO - Started process (PID=2222) to work on /opt/airflow/dags/5_orchestration.py
[2026-09-20T23:08:40.229+0000] {processor.py:799} INFO - Processing file /opt/airflow/dags/5_orchestration.py for tasks to queue
[2026-09-20T23:08:40.230+0000] {logging_mixin.py:149} INFO - [2026-09-20T23:08:40.230+0000] {dagbag.py:541} INFO - Filling up the DagBag from /opt/airflow/dags/5_orchestration.py
[2026-09-20T23:08:40.252+0000] {processor.py:809} INFO - DAG(s) dict_keys(['5-orchestration']) retrieved from /opt/airflow/dags/5_orchestration.py
[2026-09-20T23:08:40.307+0000] {logging_mixin.py:149} INFO - [2026-09-20T23:08:40.307+0000] {dag.py:2726} INFO - Sync 1 DAGs
[2026-09-20T23:08:40.350+0000] {logging_mixin.py:149} INFO - [2026-09-20T23:08:40.350+0000] {dag.py:3490} INFO - Setting next_dagrun for 5-orchestration to None, run_after=None
[2026-09-20T23:08:40.380+0000] {processor.py:178} INFO - Processing /opt/airflow/dags/5_orchestration.py took 0.162 seconds
[2026-09-20T23:09:11.186+0000] {processor.py:156} INFO - Started process (PID=2232) to work on /opt/airflow/dags/5_orchestration.py
[2026-09-20T23:09:11.188+0000] {processor.py:799} INFO - Processing file /opt/airflow/dags/5_orchestration.py for tasks to queue
[2026-09-20T23:09:11.189+0000] {logging_mixin.py:149} INFO - [2026-09-20T23:09:11.189+0000] {dagbag.py:541} INFO - Filling up the DagBag from /opt/airflow/dags/5_orchestration.py
[2026-09-20T23:09:11.225+0000] {processor.py:809} INFO - DAG(s) dict_keys(['5-orchestration']) retrieved from /opt/airflow/dags/5_orchestration.py
[2026-09-20T23:09:11.270+0000] {logging_mixin.py:149} INFO - [2026-09-20T23:09:11.270+0000] {dag.py:2726} INFO - Sync 1 DAGs
[2026-09-20T23:09:11.309+0000] {logging_mixin.py:149} INFO - [2026-09-20T23:09:11.308+0000] {dag.py:3490} INFO - Setting next_dagrun for 5-orchestration to None, run_after=None
[2026-09-20T23:09:11.337+0000] {processor.py:178} INFO - Processing /opt/airflow/dags/5_orchestration.py took 0.158 seconds
[2026-09-20T23:09:42.142+0000] {processor.py:156} INFO - Started process (PID=2242) to work on /opt/airflow/dags/5_orchestration.py
[2026-09-20T23:09:42.144+0000] {processor.py:799} INFO - Processing file /opt/airflow/dags/5_orchestration.py for tasks to queue
[2026-09-20T23:09:42.145+0000] {logging_mixin.py:149} INFO - [2026-09-20T23:09:42.145+0000] {dagbag.py:541} INFO - Filling up the DagBag from /opt/airflow/dags/5_orchestration.py
[2026-09-20T23:09:42.166+0000] {processor.py:809} INFO - DAG(s) dict_keys(['5-orchestration']) retrieved from /opt/airflow/dags/5_orchestration.py
[2026-09-20T23:09:42.214+0000] {logging_mixin.py:149} INFO - [2026-09-20T23:09:42.214+0000] {dag.py:2726} INFO - Sync 1 DAGs
[2026-09-20T23:09:42.256+0000] {logging_mixin.py:149} INFO - [2026-09-20T23:09:42.255+0000] {dag.py:3490} INFO - Setting next_dagrun for 5-orchestration to None, run_after=None
[2026-09-20T23:09:42.282+0000] {processor.py:178} INFO - Processing /opt/airflow/dags/5_orchestration.py took 0.146 seconds
[2026-09-20T23:10:12.384+0000] {processor.py:156} INFO - Started process (PID=2252) to work on /opt/airflow/dags/5_orchestration.py
[2026-09-20T23:10:12.386+0000] {processor.py:799} INFO - Processing file /opt/airflow/dags/5_orchestration.py for tasks to queue
[2026-09-20T23:10:12.387+0000] {logging_mixin.py:149} INFO - [2026-09-20T23:10:12.387+0000] {dagbag.py:541} INFO - Filling up the DagBag from /opt/airflow/dags/5_orchestration.py
[2026-09-20T23:10:12.417+0000] {processor.py:809} INFO - DAG(s) dict_keys(['5-orchestration']) retrieved from /opt/airflow/dags/5_orchestration.py
[2026-09-20T23:10:12.464+0000] {logging_mixin.py:149} INFO - [2026-09-20T23:10:12.464+0000] {dag.py:2726} INFO - Sync 1 DAGs
[2026-09-20T23:10:12.515+0000] {logging_mixin.py:149} INFO - [2026-09-20T23:10:12.515+0000] {dag.py:3490} INFO - Setting next_dagrun for 5-orchestration to None, run_after=None
[2026-09-20T23:10:12.549+0000] {processor.py:178} INFO - Processing /opt/airflow/dags/5_orchestration.py took 0.173 seconds
[2026-09-20T23:10:42.636+0000] {processor.py:156} INFO - Started process (PID=2260) to work on /opt/airflow/dags/5_orchestration.py
[2026-09-20T23:10:42.638+0000] {processor.py:799} INFO - Processing file /opt/airflow/dags/5_orchestration.py for tasks to queue
[2026-09-20T23:10:42.639+0000] {logging_mixin.py:149} INFO - [2026-09-20T23:10:42.639+0000] {dagbag.py:541} INFO - Filling up the DagBag from /opt/airflow/dags/5_orchestration.py
[2026-09-20T23:10:42.661+0000] {processor.py:809} INFO - DAG(s) dict_keys(['5-orchestration']) retrieved from /opt/airflow/dags/5_orchestration.py
[2026-09-20T23:10:42.714+0000] {logging_mixin.py:149} INFO - [2026-09-20T23:10:42.714+0000] {dag.py:2726} INFO - Sync 1 DAGs
[2026-09-20T23:10:42.754+0000] {logging_mixin.py:149} INFO - [2026-09-20T23:10:42.753+0000] {dag.py:3490} INFO - Setting next_dagrun for 5-orchestration to None, run_after=None
[2026-09-20T23:10:42.791+0000] {processor.py:178} INFO - Processing /opt/airflow/dags/5_orchestration.py took 0.162 seconds
[2026-09-20T23:11:12.982+0000] {processor.py:156} INFO - Started process (PID=2270) to work on /opt/airflow/dags/5_orchestration.py
[2026-09-20T23:11:12.985+0000] {processor.py:799} INFO - Processing file /opt/airflow/dags/5_orchestration.py for tasks to queue
[2026-09-20T23:11:12.986+0000] {logging_mixin.py:149} INFO - [2026-09-20T23:11:12.986+0000] {dagbag.py:541} INFO - Filling up the DagBag from /opt/airflow/dags/5_orchestration.py
[2026-09-20T23:11:13.014+0000] {processor.py:809} INFO - DAG(s) dict_keys(['5-orchestration']) retrieved from /opt/airflow/dags/5_orchestration.py
[2026-09-20T23:11:13.076+0000] {logging_mixin.py:149} INFO - [2026-09-20T23:11:13.076+0000] {dag.py:2726} INFO - Sync 1 DAGs
[2026-09-20T23:11:13.122+0000] {logging_mixin.py:149} INFO - [2026-09-20T23:11:13.122+0000] {dag.py:3490} INFO - Setting next_dagrun for 5-orchestration to None, run_after=None
[2026-09-20T23:11:13.159+0000] {processor.py:178} INFO - Processing /opt/airflow/dags/5_orchestration.py took 0.182 seconds
[2026-09-20T23:11:43.317+0000] {processor.py:156} INFO - Started process (PID=2280) to work on /opt/airflow/dags/5_orchestration.py
[2026-09-20T23:11:43.319+0000] {processor.py:799} INFO - Processing file /opt/airflow/dags/5_orchestration.py for tasks to queue
[2026-09-20T23:11:43.320+0000] {logging_mixin.py:149} INFO - [2026-09-20T23:11:43.320+0000] {dagbag.py:541} INFO - Filling up the DagBag from /opt/airflow/dags/5_orchestration.py
[2026-09-20T23:11:43.344+0000] {processor.py:809} INFO - DAG(s) dict_keys(['5-orchestration']) retrieved from /opt/airflow/dags/5_orchestration.py
[2026-09-20T23:11:43.397+0000] {logging_mixin.py:149} INFO - [2026-09-20T23:11:43.397+0000] {dag.py:2726} INFO - Sync 1 DAGs
[2026-09-20T23:11:43.436+0000] {logging_mixin.py:149} INFO - [2026-09-20T23:11:43.436+0000] {dag.py:3490} INFO - Setting next_dagrun for 5-orchestration to None, run_after=None
[2026-09-20T23:11:43.468+0000] {processor.py:178} INFO - Processing /opt/airflow/dags/5_orchestration.py took 0.157 seconds
[2026-09-20T23:12:14.312+0000] {processor.py:156} INFO - Started process (PID=2290) to work on /opt/airflow/dags/5_orchestration.py
[2026-09-20T23:12:14.317+0000] {processor.py:799} INFO - Processing file /opt/airflow/dags/5_orchestration.py for tasks to queue
[2026-09-20T23:12:14.318+0000] {logging_mixin.py:149} INFO - [2026-09-20T23:12:14.318+0000] {dagbag.py:541} INFO - Filling up the DagBag from /opt/airflow/dags/5_orchestration.py
[2026-09-20T23:12:14.351+0000] {processor.py:809} INFO - DAG(s) dict_keys(['5-orchestration']) retrieved from /opt/airflow/dags/5_orchestration.py
[2026-09-20T23:12:14.415+0000] {logging_mixin.py:149} INFO - [2026-09-20T23:12:14.415+0000] {dag.py:2726} INFO - Sync 1 DAGs
[2026-09-20T23:12:14.463+0000] {logging_mixin.py:149} INFO - [2026-09-20T23:12:14.463+0000] {dag.py:3490} INFO - Setting next_dagrun for 5-orchestration to None, run_after=None
[2026-09-20T23:12:14.508+0000] {processor.py:178} INFO - Processing /opt/airflow/dags/5_orchestration.py took 0.203 seconds
[2026-09-20T23:12:44.563+0000] {processor.py:156} INFO - Started process (PID=2299) to work on /opt/airflow/dags/5_orchestration.py
[2026-09-20T23:12:44.565+0000] {processor.py:799} INFO - Processing file /opt/airflow/dags/5_orchestration.py for tasks to queue
[2026-09-20T23:12:44.566+0000] {logging_mixin.py:149} INFO - [2026-09-20T23:12:44.566+0000] {dagbag.py:541} INFO - Filling up the DagBag from /opt/airflow/dags/5_orchestration.py
[2026-09-20T23:12:44.587+0000] {processor.py:809} INFO - DAG(s) dict_keys(['5-orchestration']) retrieved from /opt/airflow/dags/5_orchestration.py
[2026-09-20T23:12:44.633+0000] {logging_mixin.py:149} INFO - [2026-09-20T23:12:44.633+0000] {dag.py:2726} INFO - Sync 1 DAGs
[2026-09-20T23:12:44.673+0000] {logging_mixin.py:149} INFO - [2026-09-20T23:12:44.672+0000] {dag.py:3490} INFO - Setting next_dagrun for 5-orchestration to None, run_after=None
[2026-09-20T23:12:44.708+0000] {processor.py:178} INFO - Processing /opt/airflow/dags/5_orchestration.py took 0.152 seconds
[2026-09-20T23:13:14.757+0000] {processor.py:156} INFO - Started process (PID=2309) to work on /opt/airflow/dags/5_orchestration.py
[2026-09-20T23:13:14.761+0000] {processor.py:799} INFO - Processing file /opt/airflow/dags/5_orchestration.py for tasks to queue
[2026-09-20T23:13:14.762+0000] {logging_mixin.py:149} INFO - [2026-09-20T23:13:14.762+0000] {dagbag.py:541} INFO - Filling up the DagBag from /opt/airflow/dags/5_orchestration.py
[2026-09-20T23:13:14.783+0000] {processor.py:809} INFO - DAG(s) dict_keys(['5-orchestration']) retrieved from /opt/airflow/dags/5_orchestration.py
[2026-09-20T23:13:14.832+0000] {logging_mixin.py:149} INFO - [2026-09-20T23:13:14.832+0000] {dag.py:2726} INFO - Sync 1 DAGs
[2026-09-20T23:13:14.876+0000] {logging_mixin.py:149} INFO - [2026-09-20T23:13:14.876+0000] {dag.py:3490} INFO - Setting next_dagrun for 5-orchestration to None, run_after=None
[2026-09-20T23:13:14.917+0000] {processor.py:178} INFO - Processing /opt/airflow/dags/5_orchestration.py took 0.168 seconds
[2026-09-20T23:13:45.001+0000] {processor.py:156} INFO - Started process (PID=2319) to work on /opt/airflow/dags/5_orchestration.py
[2026-09-20T23:13:45.003+0000] {processor.py:799} INFO - Processing file /opt/airflow/dags/5_orchestration.py for tasks to queue
[2026-09-20T23:13:45.004+0000] {logging_mixin.py:149} INFO - [2026-09-20T23:13:45.004+0000] {dagbag.py:541} INFO - Filling up the DagBag from /opt/airflow/dags/5_orchestration.py
[2026-09-20T23:13:45.029+0000] {processor.py:809} INFO - DAG(s) dict_keys(['5-orchestration']) retrieved from /opt/airflow/dags/5_orchestration.py
[2026-09-20T23:13:45.087+0000] {logging_mixin.py:149} INFO - [2026-09-20T23:13:45.087+0000] {dag.py:2726} INFO - Sync 1 DAGs
[2026-09-20T23:13:45.127+0000] {logging_mixin.py:149} INFO - [2026-09-20T23:13:45.127+0000] {dag.py:3490} INFO - Setting next_dagrun for 5-orchestration to None, run_after=None
[2026-09-20T23:13:45.155+0000] {processor.py:178} INFO - Processing /opt/airflow/dags/5_orchestration.py took 0.160 seconds
[2026-09-20T23:14:15.208+0000] {processor.py:156} INFO - Started process (PID=2329) to work on /opt/airflow/dags/5_orchestration.py
[2026-09-20T23:14:15.210+0000] {processor.py:799} INFO - Processing file /opt/airflow/dags/5_orchestration.py for tasks to queue
[2026-09-20T23:14:15.211+0000] {logging_mixin.py:149} INFO - [2026-09-20T23:14:15.211+0000] {dagbag.py:541} INFO - Filling up the DagBag from /opt/airflow/dags/5_orchestration.py
[2026-09-20T23:14:15.232+0000] {processor.py:809} INFO - DAG(s) dict_keys(['5-orchestration']) retrieved from /opt/airflow/dags/5_orchestration.py
[2026-09-20T23:14:15.283+0000] {logging_mixin.py:149} INFO - [2026-09-20T23:14:15.283+0000] {dag.py:2726} INFO - Sync 1 DAGs
[2026-09-20T23:14:15.327+0000] {logging_mixin.py:149} INFO - [2026-09-20T23:14:15.327+0000] {dag.py:3490} INFO - Setting next_dagrun for 5-orchestration to None, run_after=None
[2026-09-20T23:14:15.358+0000] {processor.py:178} INFO - Processing /opt/airflow/dags/5_orchestration.py took 0.157 seconds
[2026-09-20T23:14:45.612+0000] {processor.py:156} INFO - Started process (PID=2340) to work on /opt/airflow/dags/5_orchestration.py
[2026-09-20T23:14:45.614+0000] {processor.py:799} INFO - Processing file /opt/airflow/dags/5_orchestration.py for tasks to queue
[2026-09-20T23:14:45.615+0000] {logging_mixin.py:149} INFO - [2026-09-20T23:14:45.615+0000] {dagbag.py:541} INFO - Filling up the DagBag from /opt/airflow/dags/5_orchestration.py
[2026-09-20T23:14:45.637+0000] {processor.py:809} INFO - DAG(s) dict_keys(['5-orchestration']) retrieved from /opt/airflow/dags/5_orchestration.py
[2026-09-20T23:14:45.698+0000] {logging_mixin.py:149} INFO - [2026-09-20T23:14:45.698+0000] {dag.py:2726} INFO - Sync 1 DAGs
[2026-09-20T23:14:45.747+0000] {logging_mixin.py:149} INFO - [2026-09-20T23:14:45.746+0000] {dag.py:3490} INFO - Setting next_dagrun for 5-orchestration to None, run_after=None
[2026-09-20T23:14:45.792+0000] {processor.py:178} INFO - Processing /opt/airflow/dags/5_orchestration.py took 0.186 seconds
[2026-09-20T23:15:16.655+0000] {processor.py:156} INFO - Started process (PID=2350) to work on /opt/airflow/dags/5_orchestration.py
[2026-09-20T23:15:16.657+0000] {processor.py:799} INFO - Processing file /opt/airflow/dags/5_orchestration.py for tasks to queue
[2026-09-20T23:15:16.658+0000] {logging_mixin.py:149} INFO - [2026-09-20T23:15:16.658+0000] {dagbag.py:541} INFO - Filling up the DagBag from /opt/airflow/dags/5_orchestration.py
[2026-09-20T23:15:16.679+0000] {processor.py:809} INFO - DAG(s) dict_keys(['5-orchestration']) retrieved from /opt/airflow/dags/5_orchestration.py
[2026-09-20T23:15:16.731+0000] {logging_mixin.py:149} INFO - [2026-09-20T23:15:16.731+0000] {dag.py:2726} INFO - Sync 1 DAGs
[2026-09-20T23:15:16.774+0000] {logging_mixin.py:149} INFO - [2026-09-20T23:15:16.774+0000] {dag.py:3490} INFO - Setting next_dagrun for 5-orchestration to None, run_after=None
[2026-09-20T23:15:16.814+0000] {processor.py:178} INFO - Processing /opt/airflow/dags/5_orchestration.py took 0.163 seconds
[2026-09-20T23:15:46.964+0000] {processor.py:156} INFO - Started process (PID=2360) to work on /opt/airflow/dags/5_orchestration.py
[2026-09-20T23:15:46.967+0000] {processor.py:799} INFO - Processing file /opt/airflow/dags/5_orchestration.py for tasks to queue
[2026-09-20T23:15:46.968+0000] {logging_mixin.py:149} INFO - [2026-09-20T23:15:46.968+0000] {dagbag.py:541} INFO - Filling up the DagBag from /opt/airflow/dags/5_orchestration.py
[2026-09-20T23:15:46.992+0000] {processor.py:809} INFO - DAG(s) dict_keys(['5-orchestration']) retrieved from /opt/airflow/dags/5_orchestration.py
[2026-09-20T23:15:47.044+0000] {logging_mixin.py:149} INFO - [2026-09-20T23:15:47.043+0000] {dag.py:2726} INFO - Sync 1 DAGs
[2026-09-20T23:15:47.093+0000] {logging_mixin.py:149} INFO - [2026-09-20T23:15:47.091+0000] {dag.py:3490} INFO - Setting next_dagrun for 5-orchestration to None, run_after=None
[2026-09-20T23:15:47.129+0000] {processor.py:178} INFO - Processing /opt/airflow/dags/5_orchestration.py took 0.172 seconds
[2026-09-20T23:16:17.320+0000] {processor.py:156} INFO - Started process (PID=2370) to work on /opt/airflow/dags/5_orchestration.py
[2026-09-20T23:16:17.324+0000] {processor.py:799} INFO - Processing file /opt/airflow/dags/5_orchestration.py for tasks to queue
[2026-09-20T23:16:17.325+0000] {logging_mixin.py:149} INFO - [2026-09-20T23:16:17.325+0000] {dagbag.py:541} INFO - Filling up the DagBag from /opt/airflow/dags/5_orchestration.py
[2026-09-20T23:16:17.357+0000] {processor.py:809} INFO - DAG(s) dict_keys(['5-orchestration']) retrieved from /opt/airflow/dags/5_orchestration.py
[2026-09-20T23:16:17.423+0000] {logging_mixin.py:149} INFO - [2026-09-20T23:16:17.423+0000] {dag.py:2726} INFO - Sync 1 DAGs
[2026-09-20T23:16:17.463+0000] {logging_mixin.py:149} INFO - [2026-09-20T23:16:17.463+0000] {dag.py:3490} INFO - Setting next_dagrun for 5-orchestration to None, run_after=None
[2026-09-20T23:16:17.494+0000] {processor.py:178} INFO - Processing /opt/airflow/dags/5_orchestration.py took 0.181 seconds
[2026-09-20T23:16:48.380+0000] {processor.py:156} INFO - Started process (PID=2380) to work on /opt/airflow/dags/5_orchestration.py
[2026-09-20T23:16:48.382+0000] {processor.py:799} INFO - Processing file /opt/airflow/dags/5_orchestration.py for tasks to queue
[2026-09-20T23:16:48.383+0000] {logging_mixin.py:149} INFO - [2026-09-20T23:16:48.383+0000] {dagbag.py:541} INFO - Filling up the DagBag from /opt/airflow/dags/5_orchestration.py
[2026-09-20T23:16:48.404+0000] {processor.py:809} INFO - DAG(s) dict_keys(['5-orchestration']) retrieved from /opt/airflow/dags/5_orchestration.py
[2026-09-20T23:16:48.512+0000] {logging_mixin.py:149} INFO - [2026-09-20T23:16:48.512+0000] {dag.py:2726} INFO - Sync 1 DAGs
[2026-09-20T23:16:48.621+0000] {logging_mixin.py:149} INFO - [2026-09-20T23:16:48.621+0000] {dag.py:3490} INFO - Setting next_dagrun for 5-orchestration to None, run_after=None
[2026-09-20T23:16:48.685+0000] {processor.py:178} INFO - Processing /opt/airflow/dags/5_orchestration.py took 0.310 seconds
[2026-09-20T23:17:18.926+0000] {processor.py:156} INFO - Started process (PID=2390) to work on /opt/airflow/dags/5_orchestration.py
[2026-09-20T23:17:18.928+0000] {processor.py:799} INFO - Processing file /opt/airflow/dags/5_orchestration.py for tasks to queue
[2026-09-20T23:17:18.929+0000] {logging_mixin.py:149} INFO - [2026-09-20T23:17:18.929+0000] {dagbag.py:541} INFO - Filling up the DagBag from /opt/airflow/dags/5_orchestration.py
[2026-09-20T23:17:18.957+0000] {processor.py:809} INFO - DAG(s) dict_keys(['5-orchestration']) retrieved from /opt/airflow/dags/5_orchestration.py
[2026-09-20T23:17:19.016+0000] {logging_mixin.py:149} INFO - [2026-09-20T23:17:19.016+0000] {dag.py:2726} INFO - Sync 1 DAGs
[2026-09-20T23:17:19.058+0000] {logging_mixin.py:149} INFO - [2026-09-20T23:17:19.058+0000] {dag.py:3490} INFO - Setting next_dagrun for 5-orchestration to None, run_after=None
[2026-09-20T23:17:19.099+0000] {processor.py:178} INFO - Processing /opt/airflow/dags/5_orchestration.py took 0.179 seconds
[2026-09-20T23:17:49.267+0000] {processor.py:156} INFO - Started process (PID=2400) to work on /opt/airflow/dags/5_orchestration.py
[2026-09-20T23:17:49.269+0000] {processor.py:799} INFO - Processing file /opt/airflow/dags/5_orchestration.py for tasks to queue
[2026-09-20T23:17:49.270+0000] {logging_mixin.py:149} INFO - [2026-09-20T23:17:49.270+0000] {dagbag.py:541} INFO - Filling up the DagBag from /opt/airflow/dags/5_orchestration.py
[2026-09-20T23:17:49.292+0000] {processor.py:809} INFO - DAG(s) dict_keys(['5-orchestration']) retrieved from /opt/airflow/dags/5_orchestration.py
[2026-09-20T23:17:49.340+0000] {logging_mixin.py:149} INFO - [2026-09-20T23:17:49.340+0000] {dag.py:2726} INFO - Sync 1 DAGs
[2026-09-20T23:17:49.382+0000] {logging_mixin.py:149} INFO - [2026-09-20T23:17:49.382+0000] {dag.py:3490} INFO - Setting next_dagrun for 5-orchestration to None, run_after=None
[2026-09-20T23:17:49.411+0000] {processor.py:178} INFO - Processing /opt/airflow/dags/5_orchestration.py took 0.151 seconds
[2026-09-20T23:18:19.496+0000] {processor.py:156} INFO - Started process (PID=2410) to work on /opt/airflow/dags/5_orchestration.py
[2026-09-20T23:18:19.499+0000] {processor.py:799} INFO - Processing file /opt/airflow/dags/5_orchestration.py for tasks to queue
[2026-09-20T23:18:19.500+0000] {logging_mixin.py:149} INFO - [2026-09-20T23:18:19.500+0000] {dagbag.py:541} INFO - Filling up the DagBag from /opt/airflow/dags/5_orchestration.py
[2026-09-20T23:18:19.531+0000] {processor.py:809} INFO - DAG(s) dict_keys(['5-orchestration']) retrieved from /opt/airflow/dags/5_orchestration.py
[2026-09-20T23:18:19.589+0000] {logging_mixin.py:149} INFO - [2026-09-20T23:18:19.588+0000] {dag.py:2726} INFO - Sync 1 DAGs
[2026-09-20T23:18:19.629+0000] {logging_mixin.py:149} INFO - [2026-09-20T23:18:19.629+0000] {dag.py:3490} INFO - Setting next_dagrun for 5-orchestration to None, run_after=None
[2026-09-20T23:18:19.659+0000] {processor.py:178} INFO - Processing /opt/airflow/dags/5_orchestration.py took 0.169 seconds
[2026-09-20T23:18:49.831+0000] {processor.py:156} INFO - Started process (PID=2420) to work on /opt/airflow/dags/5_orchestration.py
[2026-09-20T23:18:49.840+0000] {processor.py:799} INFO - Processing file /opt/airflow/dags/5_orchestration.py for tasks to queue
[2026-09-20T23:18:49.841+0000] {logging_mixin.py:149} INFO - [2026-09-20T23:18:49.841+0000] {dagbag.py:541} INFO - Filling up the DagBag from /opt/airflow/dags/5_orchestration.py
[2026-09-20T23:18:49.863+0000] {processor.py:809} INFO - DAG(s) dict_keys(['5-orchestration']) retrieved from /opt/airflow/dags/5_orchestration.py
[2026-09-20T23:18:49.922+0000] {logging_mixin.py:149} INFO - [2026-09-20T23:18:49.922+0000] {dag.py:2726} INFO - Sync 1 DAGs
[2026-09-20T23:18:49.980+0000] {logging_mixin.py:149} INFO - [2026-09-20T23:18:49.980+0000] {dag.py:3490} INFO - Setting next_dagrun for 5-orchestration to None, run_after=None
[2026-09-20T23:18:50.029+0000] {processor.py:178} INFO - Processing /opt/airflow/dags/5_orchestration.py took 0.203 seconds
[2026-09-20T23:19:20.871+0000] {processor.py:156} INFO - Started process (PID=2430) to work on /opt/airflow/dags/5_orchestration.py
[2026-09-20T23:19:20.878+0000] {processor.py:799} INFO - Processing file /opt/airflow/dags/5_orchestration.py for tasks to queue
[2026-09-20T23:19:20.879+0000] {logging_mixin.py:149} INFO - [2026-09-20T23:19:20.879+0000] {dagbag.py:541} INFO - Filling up the DagBag from /opt/airflow/dags/5_orchestration.py
[2026-09-20T23:19:20.903+0000] {processor.py:809} INFO - DAG(s) dict_keys(['5-orchestration']) retrieved from /opt/airflow/dags/5_orchestration.py
[2026-09-20T23:19:20.958+0000] {logging_mixin.py:149} INFO - [2026-09-20T23:19:20.958+0000] {dag.py:2726} INFO - Sync 1 DAGs
[2026-09-20T23:19:21.001+0000] {logging_mixin.py:149} INFO - [2026-09-20T23:19:21.000+0000] {dag.py:3490} INFO - Setting next_dagrun for 5-orchestration to None, run_after=None
[2026-09-20T23:19:21.034+0000] {processor.py:178} INFO - Processing /opt/airflow/dags/5_orchestration.py took 0.172 seconds
[2026-09-20T23:19:51.725+0000] {processor.py:156} INFO - Started process (PID=2440) to work on /opt/airflow/dags/5_orchestration.py
[2026-09-20T23:19:51.727+0000] {processor.py:799} INFO - Processing file /opt/airflow/dags/5_orchestration.py for tasks to queue
[2026-09-20T23:19:51.728+0000] {logging_mixin.py:149} INFO - [2026-09-20T23:19:51.728+0000] {dagbag.py:541} INFO - Filling up the DagBag from /opt/airflow/dags/5_orchestration.py
[2026-09-20T23:19:51.752+0000] {processor.py:809} INFO - DAG(s) dict_keys(['5-orchestration']) retrieved from /opt/airflow/dags/5_orchestration.py
[2026-09-20T23:19:51.836+0000] {logging_mixin.py:149} INFO - [2026-09-20T23:19:51.832+0000] {dag.py:2726} INFO - Sync 1 DAGs
[2026-09-20T23:19:51.894+0000] {logging_mixin.py:149} INFO - [2026-09-20T23:19:51.894+0000] {dag.py:3490} INFO - Setting next_dagrun for 5-orchestration to None, run_after=None
[2026-09-20T23:19:51.926+0000] {processor.py:178} INFO - Processing /opt/airflow/dags/5_orchestration.py took 0.207 seconds
[2026-09-20T23:20:22.716+0000] {processor.py:156} INFO - Started process (PID=2450) to work on /opt/airflow/dags/5_orchestration.py
[2026-09-20T23:20:22.721+0000] {processor.py:799} INFO - Processing file /opt/airflow/dags/5_orchestration.py for tasks to queue
[2026-09-20T23:20:22.722+0000] {logging_mixin.py:149} INFO - [2026-09-20T23:20:22.722+0000] {dagbag.py:541} INFO - Filling up the DagBag from /opt/airflow/dags/5_orchestration.py
[2026-09-20T23:20:22.744+0000] {processor.py:809} INFO - DAG(s) dict_keys(['5-orchestration']) retrieved from /opt/airflow/dags/5_orchestration.py
[2026-09-20T23:20:22.813+0000] {logging_mixin.py:149} INFO - [2026-09-20T23:20:22.812+0000] {dag.py:2726} INFO - Sync 1 DAGs
[2026-09-20T23:20:22.870+0000] {logging_mixin.py:149} INFO - [2026-09-20T23:20:22.869+0000] {dag.py:3490} INFO - Setting next_dagrun for 5-orchestration to None, run_after=None
[2026-09-20T23:20:22.922+0000] {processor.py:178} INFO - Processing /opt/airflow/dags/5_orchestration.py took 0.212 seconds
[2026-09-20T23:20:53.241+0000] {processor.py:156} INFO - Started process (PID=2460) to work on /opt/airflow/dags/5_orchestration.py
[2026-09-20T23:20:53.244+0000] {processor.py:799} INFO - Processing file /opt/airflow/dags/5_orchestration.py for tasks to queue
[2026-09-20T23:20:53.245+0000] {logging_mixin.py:149} INFO - [2026-09-20T23:20:53.245+0000] {dagbag.py:541} INFO - Filling up the DagBag from /opt/airflow/dags/5_orchestration.py
[2026-09-20T23:20:53.269+0000] {processor.py:809} INFO - DAG(s) dict_keys(['5-orchestration']) retrieved from /opt/airflow/dags/5_orchestration.py
[2026-09-20T23:20:53.317+0000] {logging_mixin.py:149} INFO - [2026-09-20T23:20:53.317+0000] {dag.py:2726} INFO - Sync 1 DAGs
[2026-09-20T23:20:53.365+0000] {logging_mixin.py:149} INFO - [2026-09-20T23:20:53.365+0000] {dag.py:3490} INFO - Setting next_dagrun for 5-orchestration to None, run_after=None
[2026-09-20T23:20:53.397+0000] {processor.py:178} INFO - Processing /opt/airflow/dags/5_orchestration.py took 0.167 seconds
[2026-09-20T23:21:23.669+0000] {processor.py:156} INFO - Started process (PID=2470) to work on /opt/airflow/dags/5_orchestration.py
[2026-09-20T23:21:23.672+0000] {processor.py:799} INFO - Processing file /opt/airflow/dags/5_orchestration.py for tasks to queue
[2026-09-20T23:21:23.673+0000] {logging_mixin.py:149} INFO - [2026-09-20T23:21:23.673+0000] {dagbag.py:541} INFO - Filling up the DagBag from /opt/airflow/dags/5_orchestration.py
[2026-09-20T23:21:23.696+0000] {processor.py:809} INFO - DAG(s) dict_keys(['5-orchestration']) retrieved from /opt/airflow/dags/5_orchestration.py
[2026-09-20T23:21:23.750+0000] {logging_mixin.py:149} INFO - [2026-09-20T23:21:23.750+0000] {dag.py:2726} INFO - Sync 1 DAGs
[2026-09-20T23:21:23.794+0000] {logging_mixin.py:149} INFO - [2026-09-20T23:21:23.794+0000] {dag.py:3490} INFO - Setting next_dagrun for 5-orchestration to None, run_after=None
[2026-09-20T23:21:23.838+0000] {processor.py:178} INFO - Processing /opt/airflow/dags/5_orchestration.py took 0.181 seconds
[2026-09-20T23:21:53.883+0000] {processor.py:156} INFO - Started process (PID=2480) to work on /opt/airflow/dags/5_orchestration.py
[2026-09-20T23:21:53.886+0000] {processor.py:799} INFO - Processing file /opt/airflow/dags/5_orchestration.py for tasks to queue
[2026-09-20T23:21:53.887+0000] {logging_mixin.py:149} INFO - [2026-09-20T23:21:53.887+0000] {dagbag.py:541} INFO - Filling up the DagBag from /opt/airflow/dags/5_orchestration.py
[2026-09-20T23:21:53.911+0000] {processor.py:809} INFO - DAG(s) dict_keys(['5-orchestration']) retrieved from /opt/airflow/dags/5_orchestration.py
[2026-09-20T23:21:53.988+0000] {logging_mixin.py:149} INFO - [2026-09-20T23:21:53.988+0000] {dag.py:2726} INFO - Sync 1 DAGs
[2026-09-20T23:21:54.048+0000] {logging_mixin.py:149} INFO - [2026-09-20T23:21:54.048+0000] {dag.py:3490} INFO - Setting next_dagrun for 5-orchestration to None, run_after=None
[2026-09-20T23:21:54.114+0000] {processor.py:178} INFO - Processing /opt/airflow/dags/5_orchestration.py took 0.237 seconds
[2026-09-20T23:22:24.179+0000] {processor.py:156} INFO - Started process (PID=2490) to work on /opt/airflow/dags/5_orchestration.py
[2026-09-20T23:22:24.183+0000] {processor.py:799} INFO - Processing file /opt/airflow/dags/5_orchestration.py for tasks to queue
[2026-09-20T23:22:24.185+0000] {logging_mixin.py:149} INFO - [2026-09-20T23:22:24.185+0000] {dagbag.py:541} INFO - Filling up the DagBag from /opt/airflow/dags/5_orchestration.py
[2026-09-20T23:22:24.245+0000] {processor.py:809} INFO - DAG(s) dict_keys(['5-orchestration']) retrieved from /opt/airflow/dags/5_orchestration.py
[2026-09-20T23:22:24.340+0000] {logging_mixin.py:149} INFO - [2026-09-20T23:22:24.339+0000] {dag.py:2726} INFO - Sync 1 DAGs
[2026-09-20T23:22:24.407+0000] {logging_mixin.py:149} INFO - [2026-09-20T23:22:24.407+0000] {dag.py:3490} INFO - Setting next_dagrun for 5-orchestration to None, run_after=None
[2026-09-20T23:22:24.497+0000] {processor.py:178} INFO - Processing /opt/airflow/dags/5_orchestration.py took 0.327 seconds
[2026-09-20T23:22:54.745+0000] {processor.py:156} INFO - Started process (PID=2500) to work on /opt/airflow/dags/5_orchestration.py
[2026-09-20T23:22:54.751+0000] {processor.py:799} INFO - Processing file /opt/airflow/dags/5_orchestration.py for tasks to queue
[2026-09-20T23:22:54.753+0000] {logging_mixin.py:149} INFO - [2026-09-20T23:22:54.753+0000] {dagbag.py:541} INFO - Filling up the DagBag from /opt/airflow/dags/5_orchestration.py
[2026-09-20T23:22:54.779+0000] {processor.py:809} INFO - DAG(s) dict_keys(['5-orchestration']) retrieved from /opt/airflow/dags/5_orchestration.py
[2026-09-20T23:22:54.836+0000] {logging_mixin.py:149} INFO - [2026-09-20T23:22:54.836+0000] {dag.py:2726} INFO - Sync 1 DAGs
[2026-09-20T23:22:54.884+0000] {logging_mixin.py:149} INFO - [2026-09-20T23:22:54.884+0000] {dag.py:3490} INFO - Setting next_dagrun for 5-orchestration to None, run_after=None
[2026-09-20T23:22:54.950+0000] {processor.py:178} INFO - Processing /opt/airflow/dags/5_orchestration.py took 0.215 seconds
[2026-09-20T23:23:25.137+0000] {processor.py:156} INFO - Started process (PID=2510) to work on /opt/airflow/dags/5_orchestration.py
[2026-09-20T23:23:25.147+0000] {processor.py:799} INFO - Processing file /opt/airflow/dags/5_orchestration.py for tasks to queue
[2026-09-20T23:23:25.151+0000] {logging_mixin.py:149} INFO - [2026-09-20T23:23:25.150+0000] {dagbag.py:541} INFO - Filling up the DagBag from /opt/airflow/dags/5_orchestration.py
[2026-09-20T23:23:25.181+0000] {processor.py:809} INFO - DAG(s) dict_keys(['5-orchestration']) retrieved from /opt/airflow/dags/5_orchestration.py
[2026-09-20T23:23:25.233+0000] {logging_mixin.py:149} INFO - [2026-09-20T23:23:25.233+0000] {dag.py:2726} INFO - Sync 1 DAGs
[2026-09-20T23:23:25.283+0000] {logging_mixin.py:149} INFO - [2026-09-20T23:23:25.283+0000] {dag.py:3490} INFO - Setting next_dagrun for 5-orchestration to None, run_after=None
[2026-09-20T23:23:25.314+0000] {processor.py:178} INFO - Processing /opt/airflow/dags/5_orchestration.py took 0.193 seconds
[2026-09-20T23:23:55.495+0000] {processor.py:156} INFO - Started process (PID=2520) to work on /opt/airflow/dags/5_orchestration.py
[2026-09-20T23:23:55.508+0000] {processor.py:799} INFO - Processing file /opt/airflow/dags/5_orchestration.py for tasks to queue
[2026-09-20T23:23:55.509+0000] {logging_mixin.py:149} INFO - [2026-09-20T23:23:55.509+0000] {dagbag.py:541} INFO - Filling up the DagBag from /opt/airflow/dags/5_orchestration.py
[2026-09-20T23:23:55.564+0000] {processor.py:809} INFO - DAG(s) dict_keys(['5-orchestration']) retrieved from /opt/airflow/dags/5_orchestration.py
[2026-09-20T23:23:55.623+0000] {logging_mixin.py:149} INFO - [2026-09-20T23:23:55.623+0000] {dag.py:2726} INFO - Sync 1 DAGs
[2026-09-20T23:23:55.670+0000] {logging_mixin.py:149} INFO - [2026-09-20T23:23:55.670+0000] {dag.py:3490} INFO - Setting next_dagrun for 5-orchestration to None, run_after=None
[2026-09-20T23:23:55.702+0000] {processor.py:178} INFO - Processing /opt/airflow/dags/5_orchestration.py took 0.213 seconds
[2026-09-20T23:24:25.781+0000] {processor.py:156} INFO - Started process (PID=2530) to work on /opt/airflow/dags/5_orchestration.py
[2026-09-20T23:24:25.784+0000] {processor.py:799} INFO - Processing file /opt/airflow/dags/5_orchestration.py for tasks to queue
[2026-09-20T23:24:25.786+0000] {logging_mixin.py:149} INFO - [2026-09-20T23:24:25.786+0000] {dagbag.py:541} INFO - Filling up the DagBag from /opt/airflow/dags/5_orchestration.py
[2026-09-20T23:24:25.817+0000] {processor.py:809} INFO - DAG(s) dict_keys(['5-orchestration']) retrieved from /opt/airflow/dags/5_orchestration.py
[2026-09-20T23:24:26.002+0000] {logging_mixin.py:149} INFO - [2026-09-20T23:24:25.990+0000] {dag.py:2726} INFO - Sync 1 DAGs
[2026-09-20T23:24:26.047+0000] {logging_mixin.py:149} INFO - [2026-09-20T23:24:26.047+0000] {dag.py:3490} INFO - Setting next_dagrun for 5-orchestration to None, run_after=None
[2026-09-20T23:24:26.100+0000] {processor.py:178} INFO - Processing /opt/airflow/dags/5_orchestration.py took 0.329 seconds
[2026-09-20T23:24:56.313+0000] {processor.py:156} INFO - Started process (PID=2540) to work on /opt/airflow/dags/5_orchestration.py
[2026-09-20T23:24:56.317+0000] {processor.py:799} INFO - Processing file /opt/airflow/dags/5_orchestration.py for tasks to queue
[2026-09-20T23:24:56.319+0000] {logging_mixin.py:149} INFO - [2026-09-20T23:24:56.319+0000] {dagbag.py:541} INFO - Filling up the DagBag from /opt/airflow/dags/5_orchestration.py
[2026-09-20T23:24:56.347+0000] {processor.py:809} INFO - DAG(s) dict_keys(['5-orchestration']) retrieved from /opt/airflow/dags/5_orchestration.py
[2026-09-20T23:24:56.411+0000] {logging_mixin.py:149} INFO - [2026-09-20T23:24:56.411+0000] {dag.py:2726} INFO - Sync 1 DAGs
[2026-09-20T23:24:56.454+0000] {logging_mixin.py:149} INFO - [2026-09-20T23:24:56.454+0000] {dag.py:3490} INFO - Setting next_dagrun for 5-orchestration to None, run_after=None
[2026-09-20T23:24:56.481+0000] {processor.py:178} INFO - Processing /opt/airflow/dags/5_orchestration.py took 0.187 seconds
[2026-09-20T23:25:27.409+0000] {processor.py:156} INFO - Started process (PID=2550) to work on /opt/airflow/dags/5_orchestration.py
[2026-09-20T23:25:27.412+0000] {processor.py:799} INFO - Processing file /opt/airflow/dags/5_orchestration.py for tasks to queue
[2026-09-20T23:25:27.413+0000] {logging_mixin.py:149} INFO - [2026-09-20T23:25:27.413+0000] {dagbag.py:541} INFO - Filling up the DagBag from /opt/airflow/dags/5_orchestration.py
[2026-09-20T23:25:27.445+0000] {processor.py:809} INFO - DAG(s) dict_keys(['5-orchestration']) retrieved from /opt/airflow/dags/5_orchestration.py
[2026-09-20T23:25:27.511+0000] {logging_mixin.py:149} INFO - [2026-09-20T23:25:27.510+0000] {dag.py:2726} INFO - Sync 1 DAGs
[2026-09-20T23:25:27.563+0000] {logging_mixin.py:149} INFO - [2026-09-20T23:25:27.563+0000] {dag.py:3490} INFO - Setting next_dagrun for 5-orchestration to None, run_after=None
[2026-09-20T23:25:27.602+0000] {processor.py:178} INFO - Processing /opt/airflow/dags/5_orchestration.py took 0.202 seconds
[2026-09-20T23:25:57.861+0000] {processor.py:156} INFO - Started process (PID=2560) to work on /opt/airflow/dags/5_orchestration.py
[2026-09-20T23:25:57.864+0000] {processor.py:799} INFO - Processing file /opt/airflow/dags/5_orchestration.py for tasks to queue
[2026-09-20T23:25:57.865+0000] {logging_mixin.py:149} INFO - [2026-09-20T23:25:57.865+0000] {dagbag.py:541} INFO - Filling up the DagBag from /opt/airflow/dags/5_orchestration.py
[2026-09-20T23:25:57.889+0000] {processor.py:809} INFO - DAG(s) dict_keys(['5-orchestration']) retrieved from /opt/airflow/dags/5_orchestration.py
[2026-09-20T23:25:57.945+0000] {logging_mixin.py:149} INFO - [2026-09-20T23:25:57.945+0000] {dag.py:2726} INFO - Sync 1 DAGs
[2026-09-20T23:25:57.989+0000] {logging_mixin.py:149} INFO - [2026-09-20T23:25:57.989+0000] {dag.py:3490} INFO - Setting next_dagrun for 5-orchestration to None, run_after=None
[2026-09-20T23:25:58.031+0000] {processor.py:178} INFO - Processing /opt/airflow/dags/5_orchestration.py took 0.178 seconds
[2026-09-20T23:26:28.101+0000] {processor.py:156} INFO - Started process (PID=2570) to work on /opt/airflow/dags/5_orchestration.py
[2026-09-20T23:26:28.103+0000] {processor.py:799} INFO - Processing file /opt/airflow/dags/5_orchestration.py for tasks to queue
[2026-09-20T23:26:28.104+0000] {logging_mixin.py:149} INFO - [2026-09-20T23:26:28.104+0000] {dagbag.py:541} INFO - Filling up the DagBag from /opt/airflow/dags/5_orchestration.py
[2026-09-20T23:26:28.138+0000] {processor.py:809} INFO - DAG(s) dict_keys(['5-orchestration']) retrieved from /opt/airflow/dags/5_orchestration.py
[2026-09-20T23:26:28.209+0000] {logging_mixin.py:149} INFO - [2026-09-20T23:26:28.209+0000] {dag.py:2726} INFO - Sync 1 DAGs
[2026-09-20T23:26:28.260+0000] {logging_mixin.py:149} INFO - [2026-09-20T23:26:28.260+0000] {dag.py:3490} INFO - Setting next_dagrun for 5-orchestration to None, run_after=None
[2026-09-20T23:26:28.290+0000] {processor.py:178} INFO - Processing /opt/airflow/dags/5_orchestration.py took 0.202 seconds
[2026-09-20T23:26:58.585+0000] {processor.py:156} INFO - Started process (PID=2581) to work on /opt/airflow/dags/5_orchestration.py
[2026-09-20T23:26:58.589+0000] {processor.py:799} INFO - Processing file /opt/airflow/dags/5_orchestration.py for tasks to queue
[2026-09-20T23:26:58.590+0000] {logging_mixin.py:149} INFO - [2026-09-20T23:26:58.590+0000] {dagbag.py:541} INFO - Filling up the DagBag from /opt/airflow/dags/5_orchestration.py
[2026-09-20T23:26:58.613+0000] {processor.py:809} INFO - DAG(s) dict_keys(['5-orchestration']) retrieved from /opt/airflow/dags/5_orchestration.py
[2026-09-20T23:26:58.685+0000] {logging_mixin.py:149} INFO - [2026-09-20T23:26:58.685+0000] {dag.py:2726} INFO - Sync 1 DAGs
[2026-09-20T23:26:58.735+0000] {logging_mixin.py:149} INFO - [2026-09-20T23:26:58.734+0000] {dag.py:3490} INFO - Setting next_dagrun for 5-orchestration to None, run_after=None
[2026-09-20T23:26:58.791+0000] {processor.py:178} INFO - Processing /opt/airflow/dags/5_orchestration.py took 0.214 seconds
[2026-09-20T23:27:29.000+0000] {processor.py:156} INFO - Started process (PID=2593) to work on /opt/airflow/dags/5_orchestration.py
[2026-09-20T23:27:29.004+0000] {processor.py:799} INFO - Processing file /opt/airflow/dags/5_orchestration.py for tasks to queue
[2026-09-20T23:27:29.006+0000] {logging_mixin.py:149} INFO - [2026-09-20T23:27:29.005+0000] {dagbag.py:541} INFO - Filling up the DagBag from /opt/airflow/dags/5_orchestration.py
[2026-09-20T23:27:29.028+0000] {processor.py:809} INFO - DAG(s) dict_keys(['5-orchestration']) retrieved from /opt/airflow/dags/5_orchestration.py
[2026-09-20T23:27:29.076+0000] {logging_mixin.py:149} INFO - [2026-09-20T23:27:29.076+0000] {dag.py:2726} INFO - Sync 1 DAGs
[2026-09-20T23:27:29.115+0000] {logging_mixin.py:149} INFO - [2026-09-20T23:27:29.115+0000] {dag.py:3490} INFO - Setting next_dagrun for 5-orchestration to None, run_after=None
[2026-09-20T23:27:29.144+0000] {processor.py:178} INFO - Processing /opt/airflow/dags/5_orchestration.py took 0.151 seconds
[2026-09-20T23:27:59.329+0000] {processor.py:156} INFO - Started process (PID=2603) to work on /opt/airflow/dags/5_orchestration.py
[2026-09-20T23:27:59.334+0000] {processor.py:799} INFO - Processing file /opt/airflow/dags/5_orchestration.py for tasks to queue
[2026-09-20T23:27:59.335+0000] {logging_mixin.py:149} INFO - [2026-09-20T23:27:59.335+0000] {dagbag.py:541} INFO - Filling up the DagBag from /opt/airflow/dags/5_orchestration.py
[2026-09-20T23:27:59.359+0000] {processor.py:809} INFO - DAG(s) dict_keys(['5-orchestration']) retrieved from /opt/airflow/dags/5_orchestration.py
[2026-09-20T23:27:59.416+0000] {logging_mixin.py:149} INFO - [2026-09-20T23:27:59.415+0000] {dag.py:2726} INFO - Sync 1 DAGs
[2026-09-20T23:27:59.456+0000] {logging_mixin.py:149} INFO - [2026-09-20T23:27:59.456+0000] {dag.py:3490} INFO - Setting next_dagrun for 5-orchestration to None, run_after=None
[2026-09-20T23:27:59.497+0000] {processor.py:178} INFO - Processing /opt/airflow/dags/5_orchestration.py took 0.174 seconds
[2026-09-20T23:28:29.615+0000] {processor.py:156} INFO - Started process (PID=2613) to work on /opt/airflow/dags/5_orchestration.py
[2026-09-20T23:28:29.619+0000] {processor.py:799} INFO - Processing file /opt/airflow/dags/5_orchestration.py for tasks to queue
[2026-09-20T23:28:29.625+0000] {logging_mixin.py:149} INFO - [2026-09-20T23:28:29.621+0000] {dagbag.py:541} INFO - Filling up the DagBag from /opt/airflow/dags/5_orchestration.py
[2026-09-20T23:28:29.662+0000] {processor.py:809} INFO - DAG(s) dict_keys(['5-orchestration']) retrieved from /opt/airflow/dags/5_orchestration.py
[2026-09-20T23:28:29.714+0000] {logging_mixin.py:149} INFO - [2026-09-20T23:28:29.714+0000] {dag.py:2726} INFO - Sync 1 DAGs
[2026-09-20T23:28:29.778+0000] {logging_mixin.py:149} INFO - [2026-09-20T23:28:29.778+0000] {dag.py:3490} INFO - Setting next_dagrun for 5-orchestration to None, run_after=None
[2026-09-20T23:28:29.835+0000] {processor.py:178} INFO - Processing /opt/airflow/dags/5_orchestration.py took 0.228 seconds
[2026-09-20T23:29:00.108+0000] {processor.py:156} INFO - Started process (PID=2623) to work on /opt/airflow/dags/5_orchestration.py
[2026-09-20T23:29:00.111+0000] {processor.py:799} INFO - Processing file /opt/airflow/dags/5_orchestration.py for tasks to queue
[2026-09-20T23:29:00.112+0000] {logging_mixin.py:149} INFO - [2026-09-20T23:29:00.112+0000] {dagbag.py:541} INFO - Filling up the DagBag from /opt/airflow/dags/5_orchestration.py
[2026-09-20T23:29:00.134+0000] {processor.py:809} INFO - DAG(s) dict_keys(['5-orchestration']) retrieved from /opt/airflow/dags/5_orchestration.py
[2026-09-20T23:29:00.206+0000] {logging_mixin.py:149} INFO - [2026-09-20T23:29:00.206+0000] {dag.py:2726} INFO - Sync 1 DAGs
[2026-09-20T23:29:00.256+0000] {logging_mixin.py:149} INFO - [2026-09-20T23:29:00.256+0000] {dag.py:3490} INFO - Setting next_dagrun for 5-orchestration to None, run_after=None
[2026-09-20T23:29:00.308+0000] {processor.py:178} INFO - Processing /opt/airflow/dags/5_orchestration.py took 0.207 seconds
[2026-09-20T23:29:30.439+0000] {processor.py:156} INFO - Started process (PID=2633) to work on /opt/airflow/dags/5_orchestration.py
[2026-09-20T23:29:30.441+0000] {processor.py:799} INFO - Processing file /opt/airflow/dags/5_orchestration.py for tasks to queue
[2026-09-20T23:29:30.442+0000] {logging_mixin.py:149} INFO - [2026-09-20T23:29:30.442+0000] {dagbag.py:541} INFO - Filling up the DagBag from /opt/airflow/dags/5_orchestration.py
[2026-09-20T23:29:30.464+0000] {processor.py:809} INFO - DAG(s) dict_keys(['5-orchestration']) retrieved from /opt/airflow/dags/5_orchestration.py
[2026-09-20T23:29:30.517+0000] {logging_mixin.py:149} INFO - [2026-09-20T23:29:30.517+0000] {dag.py:2726} INFO - Sync 1 DAGs
[2026-09-20T23:29:30.556+0000] {logging_mixin.py:149} INFO - [2026-09-20T23:29:30.555+0000] {dag.py:3490} INFO - Setting next_dagrun for 5-orchestration to None, run_after=None
[2026-09-20T23:29:30.610+0000] {processor.py:178} INFO - Processing /opt/airflow/dags/5_orchestration.py took 0.177 seconds
[2026-09-20T23:30:00.701+0000] {processor.py:156} INFO - Started process (PID=2643) to work on /opt/airflow/dags/5_orchestration.py
[2026-09-20T23:30:00.711+0000] {processor.py:799} INFO - Processing file /opt/airflow/dags/5_orchestration.py for tasks to queue
[2026-09-20T23:30:00.715+0000] {logging_mixin.py:149} INFO - [2026-09-20T23:30:00.713+0000] {dagbag.py:541} INFO - Filling up the DagBag from /opt/airflow/dags/5_orchestration.py
[2026-09-20T23:30:00.746+0000] {processor.py:809} INFO - DAG(s) dict_keys(['5-orchestration']) retrieved from /opt/airflow/dags/5_orchestration.py
[2026-09-20T23:30:00.810+0000] {logging_mixin.py:149} INFO - [2026-09-20T23:30:00.809+0000] {dag.py:2726} INFO - Sync 1 DAGs
[2026-09-20T23:30:00.859+0000] {logging_mixin.py:149} INFO - [2026-09-20T23:30:00.859+0000] {dag.py:3490} INFO - Setting next_dagrun for 5-orchestration to None, run_after=None
[2026-09-20T23:30:00.899+0000] {processor.py:178} INFO - Processing /opt/airflow/dags/5_orchestration.py took 0.203 seconds
[2026-09-20T23:30:31.016+0000] {processor.py:156} INFO - Started process (PID=2653) to work on /opt/airflow/dags/5_orchestration.py
[2026-09-20T23:30:31.018+0000] {processor.py:799} INFO - Processing file /opt/airflow/dags/5_orchestration.py for tasks to queue
[2026-09-20T23:30:31.019+0000] {logging_mixin.py:149} INFO - [2026-09-20T23:30:31.019+0000] {dagbag.py:541} INFO - Filling up the DagBag from /opt/airflow/dags/5_orchestration.py
[2026-09-20T23:30:31.048+0000] {processor.py:809} INFO - DAG(s) dict_keys(['5-orchestration']) retrieved from /opt/airflow/dags/5_orchestration.py
[2026-09-20T23:30:31.110+0000] {logging_mixin.py:149} INFO - [2026-09-20T23:30:31.110+0000] {dag.py:2726} INFO - Sync 1 DAGs
[2026-09-20T23:30:31.159+0000] {logging_mixin.py:149} INFO - [2026-09-20T23:30:31.158+0000] {dag.py:3490} INFO - Setting next_dagrun for 5-orchestration to None, run_after=None
[2026-09-20T23:30:31.224+0000] {processor.py:178} INFO - Processing /opt/airflow/dags/5_orchestration.py took 0.218 seconds
[2026-09-20T23:31:01.441+0000] {processor.py:156} INFO - Started process (PID=2663) to work on /opt/airflow/dags/5_orchestration.py
[2026-09-20T23:31:01.446+0000] {processor.py:799} INFO - Processing file /opt/airflow/dags/5_orchestration.py for tasks to queue
[2026-09-20T23:31:01.448+0000] {logging_mixin.py:149} INFO - [2026-09-20T23:31:01.447+0000] {dagbag.py:541} INFO - Filling up the DagBag from /opt/airflow/dags/5_orchestration.py
[2026-09-20T23:31:01.472+0000] {processor.py:809} INFO - DAG(s) dict_keys(['5-orchestration']) retrieved from /opt/airflow/dags/5_orchestration.py
[2026-09-20T23:31:01.538+0000] {logging_mixin.py:149} INFO - [2026-09-20T23:31:01.538+0000] {dag.py:2726} INFO - Sync 1 DAGs
[2026-09-20T23:31:01.599+0000] {logging_mixin.py:149} INFO - [2026-09-20T23:31:01.599+0000] {dag.py:3490} INFO - Setting next_dagrun for 5-orchestration to None, run_after=None
[2026-09-20T23:31:01.644+0000] {processor.py:178} INFO - Processing /opt/airflow/dags/5_orchestration.py took 0.208 seconds
[2026-09-20T23:31:31.851+0000] {processor.py:156} INFO - Started process (PID=2673) to work on /opt/airflow/dags/5_orchestration.py
[2026-09-20T23:31:31.853+0000] {processor.py:799} INFO - Processing file /opt/airflow/dags/5_orchestration.py for tasks to queue
[2026-09-20T23:31:31.854+0000] {logging_mixin.py:149} INFO - [2026-09-20T23:31:31.854+0000] {dagbag.py:541} INFO - Filling up the DagBag from /opt/airflow/dags/5_orchestration.py
[2026-09-20T23:31:31.886+0000] {processor.py:809} INFO - DAG(s) dict_keys(['5-orchestration']) retrieved from /opt/airflow/dags/5_orchestration.py
[2026-09-20T23:31:31.944+0000] {logging_mixin.py:149} INFO - [2026-09-20T23:31:31.944+0000] {dag.py:2726} INFO - Sync 1 DAGs
[2026-09-20T23:31:31.986+0000] {logging_mixin.py:149} INFO - [2026-09-20T23:31:31.986+0000] {dag.py:3490} INFO - Setting next_dagrun for 5-orchestration to None, run_after=None
[2026-09-20T23:31:32.043+0000] {processor.py:178} INFO - Processing /opt/airflow/dags/5_orchestration.py took 0.199 seconds
[2026-09-20T23:32:02.219+0000] {processor.py:156} INFO - Started process (PID=2683) to work on /opt/airflow/dags/5_orchestration.py
[2026-09-20T23:32:02.225+0000] {processor.py:799} INFO - Processing file /opt/airflow/dags/5_orchestration.py for tasks to queue
[2026-09-20T23:32:02.226+0000] {logging_mixin.py:149} INFO - [2026-09-20T23:32:02.226+0000] {dagbag.py:541} INFO - Filling up the DagBag from /opt/airflow/dags/5_orchestration.py
[2026-09-20T23:32:02.275+0000] {processor.py:809} INFO - DAG(s) dict_keys(['5-orchestration']) retrieved from /opt/airflow/dags/5_orchestration.py
[2026-09-20T23:32:02.370+0000] {logging_mixin.py:149} INFO - [2026-09-20T23:32:02.370+0000] {dag.py:2726} INFO - Sync 1 DAGs
[2026-09-20T23:32:02.432+0000] {logging_mixin.py:149} INFO - [2026-09-20T23:32:02.432+0000] {dag.py:3490} INFO - Setting next_dagrun for 5-orchestration to None, run_after=None
[2026-09-20T23:32:02.458+0000] {processor.py:178} INFO - Processing /opt/airflow/dags/5_orchestration.py took 0.244 seconds
[2026-09-20T23:32:32.681+0000] {processor.py:156} INFO - Started process (PID=2693) to work on /opt/airflow/dags/5_orchestration.py
[2026-09-20T23:32:32.684+0000] {processor.py:799} INFO - Processing file /opt/airflow/dags/5_orchestration.py for tasks to queue
[2026-09-20T23:32:32.686+0000] {logging_mixin.py:149} INFO - [2026-09-20T23:32:32.685+0000] {dagbag.py:541} INFO - Filling up the DagBag from /opt/airflow/dags/5_orchestration.py
[2026-09-20T23:32:32.717+0000] {processor.py:809} INFO - DAG(s) dict_keys(['5-orchestration']) retrieved from /opt/airflow/dags/5_orchestration.py
[2026-09-20T23:32:32.833+0000] {logging_mixin.py:149} INFO - [2026-09-20T23:32:32.833+0000] {dag.py:2726} INFO - Sync 1 DAGs
[2026-09-20T23:32:32.936+0000] {logging_mixin.py:149} INFO - [2026-09-20T23:32:32.935+0000] {dag.py:3490} INFO - Setting next_dagrun for 5-orchestration to None, run_after=None
[2026-09-20T23:32:33.015+0000] {processor.py:178} INFO - Processing /opt/airflow/dags/5_orchestration.py took 0.347 seconds
[2026-09-20T23:33:03.815+0000] {processor.py:156} INFO - Started process (PID=2703) to work on /opt/airflow/dags/5_orchestration.py
[2026-09-20T23:33:03.819+0000] {processor.py:799} INFO - Processing file /opt/airflow/dags/5_orchestration.py for tasks to queue
[2026-09-20T23:33:03.822+0000] {logging_mixin.py:149} INFO - [2026-09-20T23:33:03.821+0000] {dagbag.py:541} INFO - Filling up the DagBag from /opt/airflow/dags/5_orchestration.py
[2026-09-20T23:33:03.854+0000] {processor.py:809} INFO - DAG(s) dict_keys(['5-orchestration']) retrieved from /opt/airflow/dags/5_orchestration.py
[2026-09-20T23:33:03.922+0000] {logging_mixin.py:149} INFO - [2026-09-20T23:33:03.921+0000] {dag.py:2726} INFO - Sync 1 DAGs
[2026-09-20T23:33:03.971+0000] {logging_mixin.py:149} INFO - [2026-09-20T23:33:03.971+0000] {dag.py:3490} INFO - Setting next_dagrun for 5-orchestration to None, run_after=None
[2026-09-20T23:33:04.026+0000] {processor.py:178} INFO - Processing /opt/airflow/dags/5_orchestration.py took 0.221 seconds
[2026-09-20T23:33:34.099+0000] {processor.py:156} INFO - Started process (PID=2713) to work on /opt/airflow/dags/5_orchestration.py
[2026-09-20T23:33:34.104+0000] {processor.py:799} INFO - Processing file /opt/airflow/dags/5_orchestration.py for tasks to queue
[2026-09-20T23:33:34.105+0000] {logging_mixin.py:149} INFO - [2026-09-20T23:33:34.105+0000] {dagbag.py:541} INFO - Filling up the DagBag from /opt/airflow/dags/5_orchestration.py
[2026-09-20T23:33:34.129+0000] {processor.py:809} INFO - DAG(s) dict_keys(['5-orchestration']) retrieved from /opt/airflow/dags/5_orchestration.py
[2026-09-20T23:33:34.206+0000] {logging_mixin.py:149} INFO - [2026-09-20T23:33:34.205+0000] {dag.py:2726} INFO - Sync 1 DAGs
[2026-09-20T23:33:34.271+0000] {logging_mixin.py:149} INFO - [2026-09-20T23:33:34.270+0000] {dag.py:3490} INFO - Setting next_dagrun for 5-orchestration to None, run_after=None
[2026-09-20T23:33:34.316+0000] {processor.py:178} INFO - Processing /opt/airflow/dags/5_orchestration.py took 0.222 seconds
[2026-09-20T23:34:04.393+0000] {processor.py:156} INFO - Started process (PID=2723) to work on /opt/airflow/dags/5_orchestration.py
[2026-09-20T23:34:04.396+0000] {processor.py:799} INFO - Processing file /opt/airflow/dags/5_orchestration.py for tasks to queue
[2026-09-20T23:34:04.397+0000] {logging_mixin.py:149} INFO - [2026-09-20T23:34:04.397+0000] {dagbag.py:541} INFO - Filling up the DagBag from /opt/airflow/dags/5_orchestration.py
[2026-09-20T23:34:04.419+0000] {processor.py:809} INFO - DAG(s) dict_keys(['5-orchestration']) retrieved from /opt/airflow/dags/5_orchestration.py
[2026-09-20T23:34:04.466+0000] {logging_mixin.py:149} INFO - [2026-09-20T23:34:04.466+0000] {dag.py:2726} INFO - Sync 1 DAGs
[2026-09-20T23:34:04.509+0000] {logging_mixin.py:149} INFO - [2026-09-20T23:34:04.508+0000] {dag.py:3490} INFO - Setting next_dagrun for 5-orchestration to None, run_after=None
[2026-09-20T23:34:04.547+0000] {processor.py:178} INFO - Processing /opt/airflow/dags/5_orchestration.py took 0.160 seconds
[2026-09-20T23:34:34.786+0000] {processor.py:156} INFO - Started process (PID=2733) to work on /opt/airflow/dags/5_orchestration.py
[2026-09-20T23:34:34.789+0000] {processor.py:799} INFO - Processing file /opt/airflow/dags/5_orchestration.py for tasks to queue
[2026-09-20T23:34:34.790+0000] {logging_mixin.py:149} INFO - [2026-09-20T23:34:34.790+0000] {dagbag.py:541} INFO - Filling up the DagBag from /opt/airflow/dags/5_orchestration.py
[2026-09-20T23:34:34.815+0000] {processor.py:809} INFO - DAG(s) dict_keys(['5-orchestration']) retrieved from /opt/airflow/dags/5_orchestration.py
[2026-09-20T23:34:34.865+0000] {logging_mixin.py:149} INFO - [2026-09-20T23:34:34.864+0000] {dag.py:2726} INFO - Sync 1 DAGs
[2026-09-20T23:34:34.904+0000] {logging_mixin.py:149} INFO - [2026-09-20T23:34:34.903+0000] {dag.py:3490} INFO - Setting next_dagrun for 5-orchestration to None, run_after=None
[2026-09-20T23:34:34.949+0000] {processor.py:178} INFO - Processing /opt/airflow/dags/5_orchestration.py took 0.170 seconds
[2026-09-20T23:35:05.054+0000] {processor.py:156} INFO - Started process (PID=2743) to work on /opt/airflow/dags/5_orchestration.py
[2026-09-20T23:35:05.062+0000] {processor.py:799} INFO - Processing file /opt/airflow/dags/5_orchestration.py for tasks to queue
[2026-09-20T23:35:05.064+0000] {logging_mixin.py:149} INFO - [2026-09-20T23:35:05.063+0000] {dagbag.py:541} INFO - Filling up the DagBag from /opt/airflow/dags/5_orchestration.py
[2026-09-20T23:35:05.087+0000] {processor.py:809} INFO - DAG(s) dict_keys(['5-orchestration']) retrieved from /opt/airflow/dags/5_orchestration.py
[2026-09-20T23:35:05.140+0000] {logging_mixin.py:149} INFO - [2026-09-20T23:35:05.140+0000] {dag.py:2726} INFO - Sync 1 DAGs
[2026-09-20T23:35:05.185+0000] {logging_mixin.py:149} INFO - [2026-09-20T23:35:05.185+0000] {dag.py:3490} INFO - Setting next_dagrun for 5-orchestration to None, run_after=None
[2026-09-20T23:35:05.222+0000] {processor.py:178} INFO - Processing /opt/airflow/dags/5_orchestration.py took 0.173 seconds
[2026-09-20T23:35:35.362+0000] {processor.py:156} INFO - Started process (PID=2753) to work on /opt/airflow/dags/5_orchestration.py
[2026-09-20T23:35:35.366+0000] {processor.py:799} INFO - Processing file /opt/airflow/dags/5_orchestration.py for tasks to queue
[2026-09-20T23:35:35.369+0000] {logging_mixin.py:149} INFO - [2026-09-20T23:35:35.368+0000] {dagbag.py:541} INFO - Filling up the DagBag from /opt/airflow/dags/5_orchestration.py
[2026-09-20T23:35:35.409+0000] {processor.py:809} INFO - DAG(s) dict_keys(['5-orchestration']) retrieved from /opt/airflow/dags/5_orchestration.py
[2026-09-20T23:35:35.466+0000] {logging_mixin.py:149} INFO - [2026-09-20T23:35:35.466+0000] {dag.py:2726} INFO - Sync 1 DAGs
[2026-09-20T23:35:35.526+0000] {logging_mixin.py:149} INFO - [2026-09-20T23:35:35.525+0000] {dag.py:3490} INFO - Setting next_dagrun for 5-orchestration to None, run_after=None
[2026-09-20T23:35:35.561+0000] {processor.py:178} INFO - Processing /opt/airflow/dags/5_orchestration.py took 0.219 seconds
[2026-09-20T23:36:05.655+0000] {processor.py:156} INFO - Started process (PID=2763) to work on /opt/airflow/dags/5_orchestration.py
[2026-09-20T23:36:05.658+0000] {processor.py:799} INFO - Processing file /opt/airflow/dags/5_orchestration.py for tasks to queue
[2026-09-20T23:36:05.659+0000] {logging_mixin.py:149} INFO - [2026-09-20T23:36:05.659+0000] {dagbag.py:541} INFO - Filling up the DagBag from /opt/airflow/dags/5_orchestration.py
[2026-09-20T23:36:05.681+0000] {processor.py:809} INFO - DAG(s) dict_keys(['5-orchestration']) retrieved from /opt/airflow/dags/5_orchestration.py
[2026-09-20T23:36:05.732+0000] {logging_mixin.py:149} INFO - [2026-09-20T23:36:05.732+0000] {dag.py:2726} INFO - Sync 1 DAGs
[2026-09-20T23:36:05.785+0000] {logging_mixin.py:149} INFO - [2026-09-20T23:36:05.785+0000] {dag.py:3490} INFO - Setting next_dagrun for 5-orchestration to None, run_after=None
[2026-09-20T23:36:05.855+0000] {processor.py:178} INFO - Processing /opt/airflow/dags/5_orchestration.py took 0.206 seconds
[2026-09-20T23:36:35.954+0000] {processor.py:156} INFO - Started process (PID=2773) to work on /opt/airflow/dags/5_orchestration.py
[2026-09-20T23:36:35.959+0000] {processor.py:799} INFO - Processing file /opt/airflow/dags/5_orchestration.py for tasks to queue
[2026-09-20T23:36:35.963+0000] {logging_mixin.py:149} INFO - [2026-09-20T23:36:35.963+0000] {dagbag.py:541} INFO - Filling up the DagBag from /opt/airflow/dags/5_orchestration.py
[2026-09-20T23:36:35.988+0000] {processor.py:809} INFO - DAG(s) dict_keys(['5-orchestration']) retrieved from /opt/airflow/dags/5_orchestration.py
[2026-09-20T23:36:36.084+0000] {logging_mixin.py:149} INFO - [2026-09-20T23:36:36.084+0000] {dag.py:2726} INFO - Sync 1 DAGs
[2026-09-20T23:36:36.146+0000] {logging_mixin.py:149} INFO - [2026-09-20T23:36:36.146+0000] {dag.py:3490} INFO - Setting next_dagrun for 5-orchestration to None, run_after=None
[2026-09-20T23:36:36.219+0000] {processor.py:178} INFO - Processing /opt/airflow/dags/5_orchestration.py took 0.270 seconds
[2026-09-20T23:37:06.311+0000] {processor.py:156} INFO - Started process (PID=2783) to work on /opt/airflow/dags/5_orchestration.py
[2026-09-20T23:37:06.314+0000] {processor.py:799} INFO - Processing file /opt/airflow/dags/5_orchestration.py for tasks to queue
[2026-09-20T23:37:06.316+0000] {logging_mixin.py:149} INFO - [2026-09-20T23:37:06.316+0000] {dagbag.py:541} INFO - Filling up the DagBag from /opt/airflow/dags/5_orchestration.py
[2026-09-20T23:37:06.348+0000] {processor.py:809} INFO - DAG(s) dict_keys(['5-orchestration']) retrieved from /opt/airflow/dags/5_orchestration.py
[2026-09-20T23:37:06.422+0000] {logging_mixin.py:149} INFO - [2026-09-20T23:37:06.422+0000] {dag.py:2726} INFO - Sync 1 DAGs
[2026-09-20T23:37:06.482+0000] {logging_mixin.py:149} INFO - [2026-09-20T23:37:06.482+0000] {dag.py:3490} INFO - Setting next_dagrun for 5-orchestration to None, run_after=None
[2026-09-20T23:37:06.528+0000] {processor.py:178} INFO - Processing /opt/airflow/dags/5_orchestration.py took 0.226 seconds
[2026-09-20T23:37:36.642+0000] {processor.py:156} INFO - Started process (PID=2793) to work on /opt/airflow/dags/5_orchestration.py
[2026-09-20T23:37:36.649+0000] {processor.py:799} INFO - Processing file /opt/airflow/dags/5_orchestration.py for tasks to queue
[2026-09-20T23:37:36.650+0000] {logging_mixin.py:149} INFO - [2026-09-20T23:37:36.650+0000] {dagbag.py:541} INFO - Filling up the DagBag from /opt/airflow/dags/5_orchestration.py
[2026-09-20T23:37:36.680+0000] {processor.py:809} INFO - DAG(s) dict_keys(['5-orchestration']) retrieved from /opt/airflow/dags/5_orchestration.py
[2026-09-20T23:37:36.806+0000] {logging_mixin.py:149} INFO - [2026-09-20T23:37:36.806+0000] {dag.py:2726} INFO - Sync 1 DAGs
[2026-09-20T23:37:36.885+0000] {logging_mixin.py:149} INFO - [2026-09-20T23:37:36.884+0000] {dag.py:3490} INFO - Setting next_dagrun for 5-orchestration to None, run_after=None
[2026-09-20T23:37:36.920+0000] {processor.py:178} INFO - Processing /opt/airflow/dags/5_orchestration.py took 0.286 seconds
[2026-09-20T23:38:07.093+0000] {processor.py:156} INFO - Started process (PID=2803) to work on /opt/airflow/dags/5_orchestration.py
[2026-09-20T23:38:07.096+0000] {processor.py:799} INFO - Processing file /opt/airflow/dags/5_orchestration.py for tasks to queue
[2026-09-20T23:38:07.097+0000] {logging_mixin.py:149} INFO - [2026-09-20T23:38:07.097+0000] {dagbag.py:541} INFO - Filling up the DagBag from /opt/airflow/dags/5_orchestration.py
[2026-09-20T23:38:07.116+0000] {processor.py:809} INFO - DAG(s) dict_keys(['5-orchestration']) retrieved from /opt/airflow/dags/5_orchestration.py
[2026-09-20T23:38:07.165+0000] {logging_mixin.py:149} INFO - [2026-09-20T23:38:07.165+0000] {dag.py:2726} INFO - Sync 1 DAGs
[2026-09-20T23:38:07.201+0000] {logging_mixin.py:149} INFO - [2026-09-20T23:38:07.201+0000] {dag.py:3490} INFO - Setting next_dagrun for 5-orchestration to None, run_after=None
[2026-09-20T23:38:07.233+0000] {processor.py:178} INFO - Processing /opt/airflow/dags/5_orchestration.py took 0.146 seconds
[2026-09-20T23:38:37.374+0000] {processor.py:156} INFO - Started process (PID=2813) to work on /opt/airflow/dags/5_orchestration.py
[2026-09-20T23:38:37.377+0000] {processor.py:799} INFO - Processing file /opt/airflow/dags/5_orchestration.py for tasks to queue
[2026-09-20T23:38:37.378+0000] {logging_mixin.py:149} INFO - [2026-09-20T23:38:37.378+0000] {dagbag.py:541} INFO - Filling up the DagBag from /opt/airflow/dags/5_orchestration.py
[2026-09-20T23:38:37.402+0000] {processor.py:809} INFO - DAG(s) dict_keys(['5-orchestration']) retrieved from /opt/airflow/dags/5_orchestration.py
[2026-09-20T23:38:37.453+0000] {logging_mixin.py:149} INFO - [2026-09-20T23:38:37.452+0000] {dag.py:2726} INFO - Sync 1 DAGs
[2026-09-20T23:38:37.499+0000] {logging_mixin.py:149} INFO - [2026-09-20T23:38:37.499+0000] {dag.py:3490} INFO - Setting next_dagrun for 5-orchestration to None, run_after=None
[2026-09-20T23:38:37.560+0000] {processor.py:178} INFO - Processing /opt/airflow/dags/5_orchestration.py took 0.194 seconds
[2026-09-20T23:39:08.445+0000] {processor.py:156} INFO - Started process (PID=2823) to work on /opt/airflow/dags/5_orchestration.py
[2026-09-20T23:39:08.448+0000] {processor.py:799} INFO - Processing file /opt/airflow/dags/5_orchestration.py for tasks to queue
[2026-09-20T23:39:08.450+0000] {logging_mixin.py:149} INFO - [2026-09-20T23:39:08.450+0000] {dagbag.py:541} INFO - Filling up the DagBag from /opt/airflow/dags/5_orchestration.py
[2026-09-20T23:39:08.482+0000] {processor.py:809} INFO - DAG(s) dict_keys(['5-orchestration']) retrieved from /opt/airflow/dags/5_orchestration.py
[2026-09-20T23:39:08.555+0000] {logging_mixin.py:149} INFO - [2026-09-20T23:39:08.555+0000] {dag.py:2726} INFO - Sync 1 DAGs
[2026-09-20T23:39:08.619+0000] {logging_mixin.py:149} INFO - [2026-09-20T23:39:08.619+0000] {dag.py:3490} INFO - Setting next_dagrun for 5-orchestration to None, run_after=None
[2026-09-20T23:39:08.664+0000] {processor.py:178} INFO - Processing /opt/airflow/dags/5_orchestration.py took 0.227 seconds
[2026-09-20T23:39:39.275+0000] {processor.py:156} INFO - Started process (PID=2833) to work on /opt/airflow/dags/5_orchestration.py
[2026-09-20T23:39:39.277+0000] {processor.py:799} INFO - Processing file /opt/airflow/dags/5_orchestration.py for tasks to queue
[2026-09-20T23:39:39.278+0000] {logging_mixin.py:149} INFO - [2026-09-20T23:39:39.278+0000] {dagbag.py:541} INFO - Filling up the DagBag from /opt/airflow/dags/5_orchestration.py
[2026-09-20T23:39:39.297+0000] {processor.py:809} INFO - DAG(s) dict_keys(['5-orchestration']) retrieved from /opt/airflow/dags/5_orchestration.py
[2026-09-20T23:39:39.340+0000] {logging_mixin.py:149} INFO - [2026-09-20T23:39:39.340+0000] {dag.py:2726} INFO - Sync 1 DAGs
[2026-09-20T23:39:39.377+0000] {logging_mixin.py:149} INFO - [2026-09-20T23:39:39.377+0000] {dag.py:3490} INFO - Setting next_dagrun for 5-orchestration to None, run_after=None
[2026-09-20T23:39:39.398+0000] {processor.py:178} INFO - Processing /opt/airflow/dags/5_orchestration.py took 0.130 seconds
[2026-09-20T23:40:09.609+0000] {processor.py:156} INFO - Started process (PID=2843) to work on /opt/airflow/dags/5_orchestration.py
[2026-09-20T23:40:09.611+0000] {processor.py:799} INFO - Processing file /opt/airflow/dags/5_orchestration.py for tasks to queue
[2026-09-20T23:40:09.612+0000] {logging_mixin.py:149} INFO - [2026-09-20T23:40:09.612+0000] {dagbag.py:541} INFO - Filling up the DagBag from /opt/airflow/dags/5_orchestration.py
[2026-09-20T23:40:09.633+0000] {processor.py:809} INFO - DAG(s) dict_keys(['5-orchestration']) retrieved from /opt/airflow/dags/5_orchestration.py
[2026-09-20T23:40:09.702+0000] {logging_mixin.py:149} INFO - [2026-09-20T23:40:09.701+0000] {dag.py:2726} INFO - Sync 1 DAGs
[2026-09-20T23:40:09.744+0000] {logging_mixin.py:149} INFO - [2026-09-20T23:40:09.744+0000] {dag.py:3490} INFO - Setting next_dagrun for 5-orchestration to None, run_after=None
[2026-09-20T23:40:09.776+0000] {processor.py:178} INFO - Processing /opt/airflow/dags/5_orchestration.py took 0.195 seconds
[2026-09-20T23:40:39.965+0000] {processor.py:156} INFO - Started process (PID=2853) to work on /opt/airflow/dags/5_orchestration.py
[2026-09-20T23:40:39.967+0000] {processor.py:799} INFO - Processing file /opt/airflow/dags/5_orchestration.py for tasks to queue
[2026-09-20T23:40:39.968+0000] {logging_mixin.py:149} INFO - [2026-09-20T23:40:39.968+0000] {dagbag.py:541} INFO - Filling up the DagBag from /opt/airflow/dags/5_orchestration.py
[2026-09-20T23:40:39.990+0000] {processor.py:809} INFO - DAG(s) dict_keys(['5-orchestration']) retrieved from /opt/airflow/dags/5_orchestration.py
[2026-09-20T23:40:40.044+0000] {logging_mixin.py:149} INFO - [2026-09-20T23:40:40.043+0000] {dag.py:2726} INFO - Sync 1 DAGs
[2026-09-20T23:40:40.105+0000] {logging_mixin.py:149} INFO - [2026-09-20T23:40:40.105+0000] {dag.py:3490} INFO - Setting next_dagrun for 5-orchestration to None, run_after=None
[2026-09-20T23:40:40.142+0000] {processor.py:178} INFO - Processing /opt/airflow/dags/5_orchestration.py took 0.184 seconds
[2026-09-20T23:41:10.211+0000] {processor.py:156} INFO - Started process (PID=2863) to work on /opt/airflow/dags/5_orchestration.py
[2026-09-20T23:41:10.213+0000] {processor.py:799} INFO - Processing file /opt/airflow/dags/5_orchestration.py for tasks to queue
[2026-09-20T23:41:10.214+0000] {logging_mixin.py:149} INFO - [2026-09-20T23:41:10.214+0000] {dagbag.py:541} INFO - Filling up the DagBag from /opt/airflow/dags/5_orchestration.py
[2026-09-20T23:41:10.236+0000] {processor.py:809} INFO - DAG(s) dict_keys(['5-orchestration']) retrieved from /opt/airflow/dags/5_orchestration.py
[2026-09-20T23:41:10.286+0000] {logging_mixin.py:149} INFO - [2026-09-20T23:41:10.286+0000] {dag.py:2726} INFO - Sync 1 DAGs
[2026-09-20T23:41:10.325+0000] {logging_mixin.py:149} INFO - [2026-09-20T23:41:10.325+0000] {dag.py:3490} INFO - Setting next_dagrun for 5-orchestration to None, run_after=None
[2026-09-20T23:41:10.358+0000] {processor.py:178} INFO - Processing /opt/airflow/dags/5_orchestration.py took 0.153 seconds
[2026-09-20T23:41:40.522+0000] {processor.py:156} INFO - Started process (PID=2873) to work on /opt/airflow/dags/5_orchestration.py
[2026-09-20T23:41:40.527+0000] {processor.py:799} INFO - Processing file /opt/airflow/dags/5_orchestration.py for tasks to queue
[2026-09-20T23:41:40.528+0000] {logging_mixin.py:149} INFO - [2026-09-20T23:41:40.528+0000] {dagbag.py:541} INFO - Filling up the DagBag from /opt/airflow/dags/5_orchestration.py
[2026-09-20T23:41:40.559+0000] {processor.py:809} INFO - DAG(s) dict_keys(['5-orchestration']) retrieved from /opt/airflow/dags/5_orchestration.py
[2026-09-20T23:41:40.614+0000] {logging_mixin.py:149} INFO - [2026-09-20T23:41:40.614+0000] {dag.py:2726} INFO - Sync 1 DAGs
[2026-09-20T23:41:40.660+0000] {logging_mixin.py:149} INFO - [2026-09-20T23:41:40.659+0000] {dag.py:3490} INFO - Setting next_dagrun for 5-orchestration to None, run_after=None
[2026-09-20T23:41:40.700+0000] {processor.py:178} INFO - Processing /opt/airflow/dags/5_orchestration.py took 0.184 seconds
[2026-09-20T23:42:10.863+0000] {processor.py:156} INFO - Started process (PID=2883) to work on /opt/airflow/dags/5_orchestration.py
[2026-09-20T23:42:10.866+0000] {processor.py:799} INFO - Processing file /opt/airflow/dags/5_orchestration.py for tasks to queue
[2026-09-20T23:42:10.868+0000] {logging_mixin.py:149} INFO - [2026-09-20T23:42:10.867+0000] {dagbag.py:541} INFO - Filling up the DagBag from /opt/airflow/dags/5_orchestration.py
[2026-09-20T23:42:10.900+0000] {processor.py:809} INFO - DAG(s) dict_keys(['5-orchestration']) retrieved from /opt/airflow/dags/5_orchestration.py
[2026-09-20T23:42:10.974+0000] {logging_mixin.py:149} INFO - [2026-09-20T23:42:10.973+0000] {dag.py:2726} INFO - Sync 1 DAGs
[2026-09-20T23:42:11.026+0000] {logging_mixin.py:149} INFO - [2026-09-20T23:42:11.026+0000] {dag.py:3490} INFO - Setting next_dagrun for 5-orchestration to None, run_after=None
[2026-09-20T23:42:11.057+0000] {processor.py:178} INFO - Processing /opt/airflow/dags/5_orchestration.py took 0.208 seconds
[2026-09-20T23:42:41.171+0000] {processor.py:156} INFO - Started process (PID=2893) to work on /opt/airflow/dags/5_orchestration.py
[2026-09-20T23:42:41.175+0000] {processor.py:799} INFO - Processing file /opt/airflow/dags/5_orchestration.py for tasks to queue
[2026-09-20T23:42:41.178+0000] {logging_mixin.py:149} INFO - [2026-09-20T23:42:41.177+0000] {dagbag.py:541} INFO - Filling up the DagBag from /opt/airflow/dags/5_orchestration.py
[2026-09-20T23:42:41.205+0000] {processor.py:809} INFO - DAG(s) dict_keys(['5-orchestration']) retrieved from /opt/airflow/dags/5_orchestration.py
[2026-09-20T23:42:41.255+0000] {logging_mixin.py:149} INFO - [2026-09-20T23:42:41.255+0000] {dag.py:2726} INFO - Sync 1 DAGs
[2026-09-20T23:42:41.297+0000] {logging_mixin.py:149} INFO - [2026-09-20T23:42:41.296+0000] {dag.py:3490} INFO - Setting next_dagrun for 5-orchestration to None, run_after=None
[2026-09-20T23:42:41.328+0000] {processor.py:178} INFO - Processing /opt/airflow/dags/5_orchestration.py took 0.166 seconds
[2026-09-20T23:43:11.444+0000] {processor.py:156} INFO - Started process (PID=2903) to work on /opt/airflow/dags/5_orchestration.py
[2026-09-20T23:43:11.451+0000] {processor.py:799} INFO - Processing file /opt/airflow/dags/5_orchestration.py for tasks to queue
[2026-09-20T23:43:11.452+0000] {logging_mixin.py:149} INFO - [2026-09-20T23:43:11.452+0000] {dagbag.py:541} INFO - Filling up the DagBag from /opt/airflow/dags/5_orchestration.py
[2026-09-20T23:43:11.474+0000] {processor.py:809} INFO - DAG(s) dict_keys(['5-orchestration']) retrieved from /opt/airflow/dags/5_orchestration.py
[2026-09-20T23:43:11.524+0000] {logging_mixin.py:149} INFO - [2026-09-20T23:43:11.521+0000] {dag.py:2726} INFO - Sync 1 DAGs
[2026-09-20T23:43:11.579+0000] {logging_mixin.py:149} INFO - [2026-09-20T23:43:11.579+0000] {dag.py:3490} INFO - Setting next_dagrun for 5-orchestration to None, run_after=None
[2026-09-20T23:43:11.644+0000] {processor.py:178} INFO - Processing /opt/airflow/dags/5_orchestration.py took 0.206 seconds
[2026-09-20T23:43:41.720+0000] {processor.py:156} INFO - Started process (PID=2913) to work on /opt/airflow/dags/5_orchestration.py
[2026-09-20T23:43:41.731+0000] {processor.py:799} INFO - Processing file /opt/airflow/dags/5_orchestration.py for tasks to queue
[2026-09-20T23:43:41.732+0000] {logging_mixin.py:149} INFO - [2026-09-20T23:43:41.732+0000] {dagbag.py:541} INFO - Filling up the DagBag from /opt/airflow/dags/5_orchestration.py
[2026-09-20T23:43:41.755+0000] {processor.py:809} INFO - DAG(s) dict_keys(['5-orchestration']) retrieved from /opt/airflow/dags/5_orchestration.py
[2026-09-20T23:43:41.847+0000] {logging_mixin.py:149} INFO - [2026-09-20T23:43:41.847+0000] {dag.py:2726} INFO - Sync 1 DAGs
[2026-09-20T23:43:41.929+0000] {logging_mixin.py:149} INFO - [2026-09-20T23:43:41.928+0000] {dag.py:3490} INFO - Setting next_dagrun for 5-orchestration to None, run_after=None
[2026-09-20T23:43:41.964+0000] {processor.py:178} INFO - Processing /opt/airflow/dags/5_orchestration.py took 0.250 seconds
[2026-09-20T23:44:12.092+0000] {processor.py:156} INFO - Started process (PID=2923) to work on /opt/airflow/dags/5_orchestration.py
[2026-09-20T23:44:12.095+0000] {processor.py:799} INFO - Processing file /opt/airflow/dags/5_orchestration.py for tasks to queue
[2026-09-20T23:44:12.096+0000] {logging_mixin.py:149} INFO - [2026-09-20T23:44:12.095+0000] {dagbag.py:541} INFO - Filling up the DagBag from /opt/airflow/dags/5_orchestration.py
[2026-09-20T23:44:12.124+0000] {processor.py:809} INFO - DAG(s) dict_keys(['5-orchestration']) retrieved from /opt/airflow/dags/5_orchestration.py
[2026-09-20T23:44:12.173+0000] {logging_mixin.py:149} INFO - [2026-09-20T23:44:12.172+0000] {dag.py:2726} INFO - Sync 1 DAGs
[2026-09-20T23:44:12.248+0000] {logging_mixin.py:149} INFO - [2026-09-20T23:44:12.248+0000] {dag.py:3490} INFO - Setting next_dagrun for 5-orchestration to None, run_after=None
[2026-09-20T23:44:12.282+0000] {processor.py:178} INFO - Processing /opt/airflow/dags/5_orchestration.py took 0.199 seconds
[2026-09-20T23:44:42.406+0000] {processor.py:156} INFO - Started process (PID=2933) to work on /opt/airflow/dags/5_orchestration.py
[2026-09-20T23:44:42.408+0000] {processor.py:799} INFO - Processing file /opt/airflow/dags/5_orchestration.py for tasks to queue
[2026-09-20T23:44:42.410+0000] {logging_mixin.py:149} INFO - [2026-09-20T23:44:42.409+0000] {dagbag.py:541} INFO - Filling up the DagBag from /opt/airflow/dags/5_orchestration.py
[2026-09-20T23:44:42.446+0000] {processor.py:809} INFO - DAG(s) dict_keys(['5-orchestration']) retrieved from /opt/airflow/dags/5_orchestration.py
[2026-09-20T23:44:42.508+0000] {logging_mixin.py:149} INFO - [2026-09-20T23:44:42.508+0000] {dag.py:2726} INFO - Sync 1 DAGs
[2026-09-20T23:44:42.560+0000] {logging_mixin.py:149} INFO - [2026-09-20T23:44:42.560+0000] {dag.py:3490} INFO - Setting next_dagrun for 5-orchestration to None, run_after=None
[2026-09-20T23:44:42.596+0000] {processor.py:178} INFO - Processing /opt/airflow/dags/5_orchestration.py took 0.203 seconds
[2026-09-20T23:45:12.692+0000] {processor.py:156} INFO - Started process (PID=2943) to work on /opt/airflow/dags/5_orchestration.py
[2026-09-20T23:45:12.697+0000] {processor.py:799} INFO - Processing file /opt/airflow/dags/5_orchestration.py for tasks to queue
[2026-09-20T23:45:12.698+0000] {logging_mixin.py:149} INFO - [2026-09-20T23:45:12.698+0000] {dagbag.py:541} INFO - Filling up the DagBag from /opt/airflow/dags/5_orchestration.py
[2026-09-20T23:45:12.722+0000] {processor.py:809} INFO - DAG(s) dict_keys(['5-orchestration']) retrieved from /opt/airflow/dags/5_orchestration.py
[2026-09-20T23:45:12.796+0000] {logging_mixin.py:149} INFO - [2026-09-20T23:45:12.795+0000] {dag.py:2726} INFO - Sync 1 DAGs
[2026-09-20T23:45:12.837+0000] {logging_mixin.py:149} INFO - [2026-09-20T23:45:12.837+0000] {dag.py:3490} INFO - Setting next_dagrun for 5-orchestration to None, run_after=None
[2026-09-20T23:45:12.884+0000] {processor.py:178} INFO - Processing /opt/airflow/dags/5_orchestration.py took 0.206 seconds
[2026-09-20T23:45:43.099+0000] {processor.py:156} INFO - Started process (PID=2953) to work on /opt/airflow/dags/5_orchestration.py
[2026-09-20T23:45:43.103+0000] {processor.py:799} INFO - Processing file /opt/airflow/dags/5_orchestration.py for tasks to queue
[2026-09-20T23:45:43.105+0000] {logging_mixin.py:149} INFO - [2026-09-20T23:45:43.104+0000] {dagbag.py:541} INFO - Filling up the DagBag from /opt/airflow/dags/5_orchestration.py
[2026-09-20T23:45:43.129+0000] {processor.py:809} INFO - DAG(s) dict_keys(['5-orchestration']) retrieved from /opt/airflow/dags/5_orchestration.py
[2026-09-20T23:45:43.207+0000] {logging_mixin.py:149} INFO - [2026-09-20T23:45:43.207+0000] {dag.py:2726} INFO - Sync 1 DAGs
[2026-09-20T23:45:43.248+0000] {logging_mixin.py:149} INFO - [2026-09-20T23:45:43.248+0000] {dag.py:3490} INFO - Setting next_dagrun for 5-orchestration to None, run_after=None
[2026-09-20T23:45:43.291+0000] {processor.py:178} INFO - Processing /opt/airflow/dags/5_orchestration.py took 0.200 seconds
[2026-09-20T23:46:13.386+0000] {processor.py:156} INFO - Started process (PID=2963) to work on /opt/airflow/dags/5_orchestration.py
[2026-09-20T23:46:13.389+0000] {processor.py:799} INFO - Processing file /opt/airflow/dags/5_orchestration.py for tasks to queue
[2026-09-20T23:46:13.390+0000] {logging_mixin.py:149} INFO - [2026-09-20T23:46:13.390+0000] {dagbag.py:541} INFO - Filling up the DagBag from /opt/airflow/dags/5_orchestration.py
[2026-09-20T23:46:13.425+0000] {processor.py:809} INFO - DAG(s) dict_keys(['5-orchestration']) retrieved from /opt/airflow/dags/5_orchestration.py
[2026-09-20T23:46:13.486+0000] {logging_mixin.py:149} INFO - [2026-09-20T23:46:13.486+0000] {dag.py:2726} INFO - Sync 1 DAGs
[2026-09-20T23:46:13.528+0000] {logging_mixin.py:149} INFO - [2026-09-20T23:46:13.527+0000] {dag.py:3490} INFO - Setting next_dagrun for 5-orchestration to None, run_after=None
[2026-09-20T23:46:13.569+0000] {processor.py:178} INFO - Processing /opt/airflow/dags/5_orchestration.py took 0.190 seconds
[2026-09-20T23:46:43.749+0000] {processor.py:156} INFO - Started process (PID=2973) to work on /opt/airflow/dags/5_orchestration.py
[2026-09-20T23:46:43.754+0000] {processor.py:799} INFO - Processing file /opt/airflow/dags/5_orchestration.py for tasks to queue
[2026-09-20T23:46:43.756+0000] {logging_mixin.py:149} INFO - [2026-09-20T23:46:43.755+0000] {dagbag.py:541} INFO - Filling up the DagBag from /opt/airflow/dags/5_orchestration.py
[2026-09-20T23:46:43.783+0000] {processor.py:809} INFO - DAG(s) dict_keys(['5-orchestration']) retrieved from /opt/airflow/dags/5_orchestration.py
[2026-09-20T23:46:43.888+0000] {logging_mixin.py:149} INFO - [2026-09-20T23:46:43.887+0000] {dag.py:2726} INFO - Sync 1 DAGs
[2026-09-20T23:46:43.975+0000] {logging_mixin.py:149} INFO - [2026-09-20T23:46:43.974+0000] {dag.py:3490} INFO - Setting next_dagrun for 5-orchestration to None, run_after=None
[2026-09-20T23:46:44.016+0000] {processor.py:178} INFO - Processing /opt/airflow/dags/5_orchestration.py took 0.273 seconds
[2026-09-20T23:47:14.109+0000] {processor.py:156} INFO - Started process (PID=2983) to work on /opt/airflow/dags/5_orchestration.py
[2026-09-20T23:47:14.111+0000] {processor.py:799} INFO - Processing file /opt/airflow/dags/5_orchestration.py for tasks to queue
[2026-09-20T23:47:14.113+0000] {logging_mixin.py:149} INFO - [2026-09-20T23:47:14.112+0000] {dagbag.py:541} INFO - Filling up the DagBag from /opt/airflow/dags/5_orchestration.py
[2026-09-20T23:47:14.146+0000] {processor.py:809} INFO - DAG(s) dict_keys(['5-orchestration']) retrieved from /opt/airflow/dags/5_orchestration.py
[2026-09-20T23:47:14.199+0000] {logging_mixin.py:149} INFO - [2026-09-20T23:47:14.199+0000] {dag.py:2726} INFO - Sync 1 DAGs
[2026-09-20T23:47:14.240+0000] {logging_mixin.py:149} INFO - [2026-09-20T23:47:14.240+0000] {dag.py:3490} INFO - Setting next_dagrun for 5-orchestration to None, run_after=None
[2026-09-20T23:47:14.273+0000] {processor.py:178} INFO - Processing /opt/airflow/dags/5_orchestration.py took 0.172 seconds
[2026-09-20T23:47:44.501+0000] {processor.py:156} INFO - Started process (PID=2993) to work on /opt/airflow/dags/5_orchestration.py
[2026-09-20T23:47:44.503+0000] {processor.py:799} INFO - Processing file /opt/airflow/dags/5_orchestration.py for tasks to queue
[2026-09-20T23:47:44.504+0000] {logging_mixin.py:149} INFO - [2026-09-20T23:47:44.504+0000] {dagbag.py:541} INFO - Filling up the DagBag from /opt/airflow/dags/5_orchestration.py
[2026-09-20T23:47:44.525+0000] {processor.py:809} INFO - DAG(s) dict_keys(['5-orchestration']) retrieved from /opt/airflow/dags/5_orchestration.py
[2026-09-20T23:47:44.578+0000] {logging_mixin.py:149} INFO - [2026-09-20T23:47:44.578+0000] {dag.py:2726} INFO - Sync 1 DAGs
[2026-09-20T23:47:44.620+0000] {logging_mixin.py:149} INFO - [2026-09-20T23:47:44.620+0000] {dag.py:3490} INFO - Setting next_dagrun for 5-orchestration to None, run_after=None
[2026-09-20T23:47:44.668+0000] {processor.py:178} INFO - Processing /opt/airflow/dags/5_orchestration.py took 0.173 seconds
[2026-09-20T23:48:14.829+0000] {processor.py:156} INFO - Started process (PID=3003) to work on /opt/airflow/dags/5_orchestration.py
[2026-09-20T23:48:14.831+0000] {processor.py:799} INFO - Processing file /opt/airflow/dags/5_orchestration.py for tasks to queue
[2026-09-20T23:48:14.833+0000] {logging_mixin.py:149} INFO - [2026-09-20T23:48:14.832+0000] {dagbag.py:541} INFO - Filling up the DagBag from /opt/airflow/dags/5_orchestration.py
[2026-09-20T23:48:14.854+0000] {processor.py:809} INFO - DAG(s) dict_keys(['5-orchestration']) retrieved from /opt/airflow/dags/5_orchestration.py
[2026-09-20T23:48:14.915+0000] {logging_mixin.py:149} INFO - [2026-09-20T23:48:14.914+0000] {dag.py:2726} INFO - Sync 1 DAGs
[2026-09-20T23:48:14.958+0000] {logging_mixin.py:149} INFO - [2026-09-20T23:48:14.958+0000] {dag.py:3490} INFO - Setting next_dagrun for 5-orchestration to None, run_after=None
[2026-09-20T23:48:14.991+0000] {processor.py:178} INFO - Processing /opt/airflow/dags/5_orchestration.py took 0.168 seconds
[2026-09-20T23:48:45.141+0000] {processor.py:156} INFO - Started process (PID=3013) to work on /opt/airflow/dags/5_orchestration.py
[2026-09-20T23:48:45.143+0000] {processor.py:799} INFO - Processing file /opt/airflow/dags/5_orchestration.py for tasks to queue
[2026-09-20T23:48:45.144+0000] {logging_mixin.py:149} INFO - [2026-09-20T23:48:45.144+0000] {dagbag.py:541} INFO - Filling up the DagBag from /opt/airflow/dags/5_orchestration.py
[2026-09-20T23:48:45.178+0000] {processor.py:809} INFO - DAG(s) dict_keys(['5-orchestration']) retrieved from /opt/airflow/dags/5_orchestration.py
[2026-09-20T23:48:45.236+0000] {logging_mixin.py:149} INFO - [2026-09-20T23:48:45.235+0000] {dag.py:2726} INFO - Sync 1 DAGs
[2026-09-20T23:48:45.301+0000] {logging_mixin.py:149} INFO - [2026-09-20T23:48:45.301+0000] {dag.py:3490} INFO - Setting next_dagrun for 5-orchestration to None, run_after=None
[2026-09-20T23:48:45.343+0000] {processor.py:178} INFO - Processing /opt/airflow/dags/5_orchestration.py took 0.214 seconds
[2026-09-20T23:49:15.558+0000] {processor.py:156} INFO - Started process (PID=3023) to work on /opt/airflow/dags/5_orchestration.py
[2026-09-20T23:49:15.560+0000] {processor.py:799} INFO - Processing file /opt/airflow/dags/5_orchestration.py for tasks to queue
[2026-09-20T23:49:15.561+0000] {logging_mixin.py:149} INFO - [2026-09-20T23:49:15.561+0000] {dagbag.py:541} INFO - Filling up the DagBag from /opt/airflow/dags/5_orchestration.py
[2026-09-20T23:49:15.582+0000] {processor.py:809} INFO - DAG(s) dict_keys(['5-orchestration']) retrieved from /opt/airflow/dags/5_orchestration.py
[2026-09-20T23:49:15.632+0000] {logging_mixin.py:149} INFO - [2026-09-20T23:49:15.632+0000] {dag.py:2726} INFO - Sync 1 DAGs
[2026-09-20T23:49:15.689+0000] {logging_mixin.py:149} INFO - [2026-09-20T23:49:15.689+0000] {dag.py:3490} INFO - Setting next_dagrun for 5-orchestration to None, run_after=None
[2026-09-20T23:49:15.720+0000] {processor.py:178} INFO - Processing /opt/airflow/dags/5_orchestration.py took 0.169 seconds
[2026-09-20T23:49:46.074+0000] {processor.py:156} INFO - Started process (PID=3033) to work on /opt/airflow/dags/5_orchestration.py
[2026-09-20T23:49:46.076+0000] {processor.py:799} INFO - Processing file /opt/airflow/dags/5_orchestration.py for tasks to queue
[2026-09-20T23:49:46.077+0000] {logging_mixin.py:149} INFO - [2026-09-20T23:49:46.077+0000] {dagbag.py:541} INFO - Filling up the DagBag from /opt/airflow/dags/5_orchestration.py
[2026-09-20T23:49:46.120+0000] {processor.py:809} INFO - DAG(s) dict_keys(['5-orchestration']) retrieved from /opt/airflow/dags/5_orchestration.py
[2026-09-20T23:49:46.213+0000] {logging_mixin.py:149} INFO - [2026-09-20T23:49:46.213+0000] {dag.py:2726} INFO - Sync 1 DAGs
[2026-09-20T23:49:46.275+0000] {logging_mixin.py:149} INFO - [2026-09-20T23:49:46.274+0000] {dag.py:3490} INFO - Setting next_dagrun for 5-orchestration to None, run_after=None
[2026-09-20T23:49:46.306+0000] {processor.py:178} INFO - Processing /opt/airflow/dags/5_orchestration.py took 0.257 seconds
[2026-09-20T23:50:16.428+0000] {processor.py:156} INFO - Started process (PID=3043) to work on /opt/airflow/dags/5_orchestration.py
[2026-09-20T23:50:16.430+0000] {processor.py:799} INFO - Processing file /opt/airflow/dags/5_orchestration.py for tasks to queue
[2026-09-20T23:50:16.431+0000] {logging_mixin.py:149} INFO - [2026-09-20T23:50:16.431+0000] {dagbag.py:541} INFO - Filling up the DagBag from /opt/airflow/dags/5_orchestration.py
[2026-09-20T23:50:16.460+0000] {processor.py:809} INFO - DAG(s) dict_keys(['5-orchestration']) retrieved from /opt/airflow/dags/5_orchestration.py
[2026-09-20T23:50:16.511+0000] {logging_mixin.py:149} INFO - [2026-09-20T23:50:16.511+0000] {dag.py:2726} INFO - Sync 1 DAGs
[2026-09-20T23:50:16.551+0000] {logging_mixin.py:149} INFO - [2026-09-20T23:50:16.551+0000] {dag.py:3490} INFO - Setting next_dagrun for 5-orchestration to None, run_after=None
[2026-09-20T23:50:16.582+0000] {processor.py:178} INFO - Processing /opt/airflow/dags/5_orchestration.py took 0.160 seconds
[2026-09-20T23:50:46.817+0000] {processor.py:156} INFO - Started process (PID=3053) to work on /opt/airflow/dags/5_orchestration.py
[2026-09-20T23:50:46.820+0000] {processor.py:799} INFO - Processing file /opt/airflow/dags/5_orchestration.py for tasks to queue
[2026-09-20T23:50:46.822+0000] {logging_mixin.py:149} INFO - [2026-09-20T23:50:46.821+0000] {dagbag.py:541} INFO - Filling up the DagBag from /opt/airflow/dags/5_orchestration.py
[2026-09-20T23:50:46.848+0000] {processor.py:809} INFO - DAG(s) dict_keys(['5-orchestration']) retrieved from /opt/airflow/dags/5_orchestration.py
[2026-09-20T23:50:46.909+0000] {logging_mixin.py:149} INFO - [2026-09-20T23:50:46.909+0000] {dag.py:2726} INFO - Sync 1 DAGs
[2026-09-20T23:50:46.977+0000] {logging_mixin.py:149} INFO - [2026-09-20T23:50:46.976+0000] {dag.py:3490} INFO - Setting next_dagrun for 5-orchestration to None, run_after=None
[2026-09-20T23:50:47.028+0000] {processor.py:178} INFO - Processing /opt/airflow/dags/5_orchestration.py took 0.218 seconds
[2026-09-20T23:51:17.090+0000] {processor.py:156} INFO - Started process (PID=3063) to work on /opt/airflow/dags/5_orchestration.py
[2026-09-20T23:51:17.093+0000] {processor.py:799} INFO - Processing file /opt/airflow/dags/5_orchestration.py for tasks to queue
[2026-09-20T23:51:17.094+0000] {logging_mixin.py:149} INFO - [2026-09-20T23:51:17.094+0000] {dagbag.py:541} INFO - Filling up the DagBag from /opt/airflow/dags/5_orchestration.py
[2026-09-20T23:51:17.115+0000] {processor.py:809} INFO - DAG(s) dict_keys(['5-orchestration']) retrieved from /opt/airflow/dags/5_orchestration.py
[2026-09-20T23:51:17.170+0000] {logging_mixin.py:149} INFO - [2026-09-20T23:51:17.170+0000] {dag.py:2726} INFO - Sync 1 DAGs
[2026-09-20T23:51:17.211+0000] {logging_mixin.py:149} INFO - [2026-09-20T23:51:17.211+0000] {dag.py:3490} INFO - Setting next_dagrun for 5-orchestration to None, run_after=None
[2026-09-20T23:51:17.240+0000] {processor.py:178} INFO - Processing /opt/airflow/dags/5_orchestration.py took 0.157 seconds
[2026-09-20T23:51:47.536+0000] {processor.py:156} INFO - Started process (PID=3073) to work on /opt/airflow/dags/5_orchestration.py
[2026-09-20T23:51:47.545+0000] {processor.py:799} INFO - Processing file /opt/airflow/dags/5_orchestration.py for tasks to queue
[2026-09-20T23:51:47.546+0000] {logging_mixin.py:149} INFO - [2026-09-20T23:51:47.546+0000] {dagbag.py:541} INFO - Filling up the DagBag from /opt/airflow/dags/5_orchestration.py
[2026-09-20T23:51:47.577+0000] {processor.py:809} INFO - DAG(s) dict_keys(['5-orchestration']) retrieved from /opt/airflow/dags/5_orchestration.py
[2026-09-20T23:51:47.655+0000] {logging_mixin.py:149} INFO - [2026-09-20T23:51:47.654+0000] {dag.py:2726} INFO - Sync 1 DAGs
[2026-09-20T23:51:47.693+0000] {logging_mixin.py:149} INFO - [2026-09-20T23:51:47.693+0000] {dag.py:3490} INFO - Setting next_dagrun for 5-orchestration to None, run_after=None
[2026-09-20T23:51:47.738+0000] {processor.py:178} INFO - Processing /opt/airflow/dags/5_orchestration.py took 0.215 seconds
[2026-09-20T23:52:18.323+0000] {processor.py:156} INFO - Started process (PID=3083) to work on /opt/airflow/dags/5_orchestration.py
[2026-09-20T23:52:18.333+0000] {processor.py:799} INFO - Processing file /opt/airflow/dags/5_orchestration.py for tasks to queue
[2026-09-20T23:52:18.335+0000] {logging_mixin.py:149} INFO - [2026-09-20T23:52:18.335+0000] {dagbag.py:541} INFO - Filling up the DagBag from /opt/airflow/dags/5_orchestration.py
[2026-09-20T23:52:18.361+0000] {processor.py:809} INFO - DAG(s) dict_keys(['5-orchestration']) retrieved from /opt/airflow/dags/5_orchestration.py
[2026-09-20T23:52:18.412+0000] {logging_mixin.py:149} INFO - [2026-09-20T23:52:18.412+0000] {dag.py:2726} INFO - Sync 1 DAGs
[2026-09-20T23:52:18.452+0000] {logging_mixin.py:149} INFO - [2026-09-20T23:52:18.452+0000] {dag.py:3490} INFO - Setting next_dagrun for 5-orchestration to None, run_after=None
[2026-09-20T23:52:18.479+0000] {processor.py:178} INFO - Processing /opt/airflow/dags/5_orchestration.py took 0.167 seconds
[2026-09-20T23:52:48.538+0000] {processor.py:156} INFO - Started process (PID=3093) to work on /opt/airflow/dags/5_orchestration.py
[2026-09-20T23:52:48.542+0000] {processor.py:799} INFO - Processing file /opt/airflow/dags/5_orchestration.py for tasks to queue
[2026-09-20T23:52:48.543+0000] {logging_mixin.py:149} INFO - [2026-09-20T23:52:48.542+0000] {dagbag.py:541} INFO - Filling up the DagBag from /opt/airflow/dags/5_orchestration.py
[2026-09-20T23:52:48.563+0000] {processor.py:809} INFO - DAG(s) dict_keys(['5-orchestration']) retrieved from /opt/airflow/dags/5_orchestration.py
[2026-09-20T23:52:48.610+0000] {logging_mixin.py:149} INFO - [2026-09-20T23:52:48.610+0000] {dag.py:2726} INFO - Sync 1 DAGs
[2026-09-20T23:52:48.652+0000] {logging_mixin.py:149} INFO - [2026-09-20T23:52:48.652+0000] {dag.py:3490} INFO - Setting next_dagrun for 5-orchestration to None, run_after=None
[2026-09-20T23:52:48.680+0000] {processor.py:178} INFO - Processing /opt/airflow/dags/5_orchestration.py took 0.149 seconds
[2026-09-20T23:53:18.789+0000] {processor.py:156} INFO - Started process (PID=3103) to work on /opt/airflow/dags/5_orchestration.py
[2026-09-20T23:53:18.792+0000] {processor.py:799} INFO - Processing file /opt/airflow/dags/5_orchestration.py for tasks to queue
[2026-09-20T23:53:18.793+0000] {logging_mixin.py:149} INFO - [2026-09-20T23:53:18.793+0000] {dagbag.py:541} INFO - Filling up the DagBag from /opt/airflow/dags/5_orchestration.py
[2026-09-20T23:53:18.817+0000] {processor.py:809} INFO - DAG(s) dict_keys(['5-orchestration']) retrieved from /opt/airflow/dags/5_orchestration.py
[2026-09-20T23:53:18.868+0000] {logging_mixin.py:149} INFO - [2026-09-20T23:53:18.868+0000] {dag.py:2726} INFO - Sync 1 DAGs
[2026-09-20T23:53:18.921+0000] {logging_mixin.py:149} INFO - [2026-09-20T23:53:18.921+0000] {dag.py:3490} INFO - Setting next_dagrun for 5-orchestration to None, run_after=None
[2026-09-20T23:53:18.957+0000] {processor.py:178} INFO - Processing /opt/airflow/dags/5_orchestration.py took 0.175 seconds
[2026-09-20T23:53:49.011+0000] {processor.py:156} INFO - Started process (PID=3113) to work on /opt/airflow/dags/5_orchestration.py
[2026-09-20T23:53:49.015+0000] {processor.py:799} INFO - Processing file /opt/airflow/dags/5_orchestration.py for tasks to queue
[2026-09-20T23:53:49.016+0000] {logging_mixin.py:149} INFO - [2026-09-20T23:53:49.016+0000] {dagbag.py:541} INFO - Filling up the DagBag from /opt/airflow/dags/5_orchestration.py
[2026-09-20T23:53:49.048+0000] {processor.py:809} INFO - DAG(s) dict_keys(['5-orchestration']) retrieved from /opt/airflow/dags/5_orchestration.py
[2026-09-20T23:53:49.115+0000] {logging_mixin.py:149} INFO - [2026-09-20T23:53:49.115+0000] {dag.py:2726} INFO - Sync 1 DAGs
[2026-09-20T23:53:49.161+0000] {logging_mixin.py:149} INFO - [2026-09-20T23:53:49.161+0000] {dag.py:3490} INFO - Setting next_dagrun for 5-orchestration to None, run_after=None
[2026-09-20T23:53:49.191+0000] {processor.py:178} INFO - Processing /opt/airflow/dags/5_orchestration.py took 0.190 seconds
[2026-09-20T23:54:19.359+0000] {processor.py:156} INFO - Started process (PID=3123) to work on /opt/airflow/dags/5_orchestration.py
[2026-09-20T23:54:19.361+0000] {processor.py:799} INFO - Processing file /opt/airflow/dags/5_orchestration.py for tasks to queue
[2026-09-20T23:54:19.362+0000] {logging_mixin.py:149} INFO - [2026-09-20T23:54:19.362+0000] {dagbag.py:541} INFO - Filling up the DagBag from /opt/airflow/dags/5_orchestration.py
[2026-09-20T23:54:19.384+0000] {processor.py:809} INFO - DAG(s) dict_keys(['5-orchestration']) retrieved from /opt/airflow/dags/5_orchestration.py
[2026-09-20T23:54:19.437+0000] {logging_mixin.py:149} INFO - [2026-09-20T23:54:19.437+0000] {dag.py:2726} INFO - Sync 1 DAGs
[2026-09-20T23:54:19.476+0000] {logging_mixin.py:149} INFO - [2026-09-20T23:54:19.475+0000] {dag.py:3490} INFO - Setting next_dagrun for 5-orchestration to None, run_after=None
[2026-09-20T23:54:19.527+0000] {processor.py:178} INFO - Processing /opt/airflow/dags/5_orchestration.py took 0.174 seconds
[2026-09-20T23:54:50.274+0000] {processor.py:156} INFO - Started process (PID=3133) to work on /opt/airflow/dags/5_orchestration.py
[2026-09-20T23:54:50.276+0000] {processor.py:799} INFO - Processing file /opt/airflow/dags/5_orchestration.py for tasks to queue
[2026-09-20T23:54:50.278+0000] {logging_mixin.py:149} INFO - [2026-09-20T23:54:50.277+0000] {dagbag.py:541} INFO - Filling up the DagBag from /opt/airflow/dags/5_orchestration.py
[2026-09-20T23:54:50.298+0000] {processor.py:809} INFO - DAG(s) dict_keys(['5-orchestration']) retrieved from /opt/airflow/dags/5_orchestration.py
[2026-09-20T23:54:50.376+0000] {logging_mixin.py:149} INFO - [2026-09-20T23:54:50.376+0000] {dag.py:2726} INFO - Sync 1 DAGs
[2026-09-20T23:54:50.442+0000] {logging_mixin.py:149} INFO - [2026-09-20T23:54:50.442+0000] {dag.py:3490} INFO - Setting next_dagrun for 5-orchestration to None, run_after=None
[2026-09-20T23:54:50.491+0000] {processor.py:178} INFO - Processing /opt/airflow/dags/5_orchestration.py took 0.223 seconds
[2026-09-20T23:55:21.281+0000] {processor.py:156} INFO - Started process (PID=3143) to work on /opt/airflow/dags/5_orchestration.py
[2026-09-20T23:55:21.287+0000] {processor.py:799} INFO - Processing file /opt/airflow/dags/5_orchestration.py for tasks to queue
[2026-09-20T23:55:21.287+0000] {logging_mixin.py:149} INFO - [2026-09-20T23:55:21.287+0000] {dagbag.py:541} INFO - Filling up the DagBag from /opt/airflow/dags/5_orchestration.py
[2026-09-20T23:55:21.315+0000] {processor.py:809} INFO - DAG(s) dict_keys(['5-orchestration']) retrieved from /opt/airflow/dags/5_orchestration.py
[2026-09-20T23:55:21.395+0000] {logging_mixin.py:149} INFO - [2026-09-20T23:55:21.394+0000] {dag.py:2726} INFO - Sync 1 DAGs
[2026-09-20T23:55:21.437+0000] {logging_mixin.py:149} INFO - [2026-09-20T23:55:21.437+0000] {dag.py:3490} INFO - Setting next_dagrun for 5-orchestration to None, run_after=None
[2026-09-20T23:55:21.464+0000] {processor.py:178} INFO - Processing /opt/airflow/dags/5_orchestration.py took 0.192 seconds
[2026-09-20T23:55:52.303+0000] {processor.py:156} INFO - Started process (PID=3153) to work on /opt/airflow/dags/5_orchestration.py
[2026-09-20T23:55:52.305+0000] {processor.py:799} INFO - Processing file /opt/airflow/dags/5_orchestration.py for tasks to queue
[2026-09-20T23:55:52.306+0000] {logging_mixin.py:149} INFO - [2026-09-20T23:55:52.306+0000] {dagbag.py:541} INFO - Filling up the DagBag from /opt/airflow/dags/5_orchestration.py
[2026-09-20T23:55:52.333+0000] {processor.py:809} INFO - DAG(s) dict_keys(['5-orchestration']) retrieved from /opt/airflow/dags/5_orchestration.py
[2026-09-20T23:55:52.456+0000] {logging_mixin.py:149} INFO - [2026-09-20T23:55:52.455+0000] {dag.py:2726} INFO - Sync 1 DAGs
[2026-09-20T23:55:52.583+0000] {logging_mixin.py:149} INFO - [2026-09-20T23:55:52.581+0000] {dag.py:3490} INFO - Setting next_dagrun for 5-orchestration to None, run_after=None
[2026-09-20T23:55:52.650+0000] {processor.py:178} INFO - Processing /opt/airflow/dags/5_orchestration.py took 0.353 seconds
[2026-09-20T23:56:23.596+0000] {processor.py:156} INFO - Started process (PID=3163) to work on /opt/airflow/dags/5_orchestration.py
[2026-09-20T23:56:23.600+0000] {processor.py:799} INFO - Processing file /opt/airflow/dags/5_orchestration.py for tasks to queue
[2026-09-20T23:56:23.601+0000] {logging_mixin.py:149} INFO - [2026-09-20T23:56:23.601+0000] {dagbag.py:541} INFO - Filling up the DagBag from /opt/airflow/dags/5_orchestration.py
[2026-09-20T23:56:23.633+0000] {processor.py:809} INFO - DAG(s) dict_keys(['5-orchestration']) retrieved from /opt/airflow/dags/5_orchestration.py
[2026-09-20T23:56:23.710+0000] {logging_mixin.py:149} INFO - [2026-09-20T23:56:23.710+0000] {dag.py:2726} INFO - Sync 1 DAGs
[2026-09-20T23:56:23.786+0000] {logging_mixin.py:149} INFO - [2026-09-20T23:56:23.785+0000] {dag.py:3490} INFO - Setting next_dagrun for 5-orchestration to None, run_after=None
[2026-09-20T23:56:23.831+0000] {processor.py:178} INFO - Processing /opt/airflow/dags/5_orchestration.py took 0.249 seconds
[2026-09-20T23:56:54.045+0000] {processor.py:156} INFO - Started process (PID=3173) to work on /opt/airflow/dags/5_orchestration.py
[2026-09-20T23:56:54.051+0000] {processor.py:799} INFO - Processing file /opt/airflow/dags/5_orchestration.py for tasks to queue
[2026-09-20T23:56:54.055+0000] {logging_mixin.py:149} INFO - [2026-09-20T23:56:54.055+0000] {dagbag.py:541} INFO - Filling up the DagBag from /opt/airflow/dags/5_orchestration.py
[2026-09-20T23:56:54.081+0000] {processor.py:809} INFO - DAG(s) dict_keys(['5-orchestration']) retrieved from /opt/airflow/dags/5_orchestration.py
[2026-09-20T23:56:54.140+0000] {logging_mixin.py:149} INFO - [2026-09-20T23:56:54.140+0000] {dag.py:2726} INFO - Sync 1 DAGs
[2026-09-20T23:56:54.196+0000] {logging_mixin.py:149} INFO - [2026-09-20T23:56:54.195+0000] {dag.py:3490} INFO - Setting next_dagrun for 5-orchestration to None, run_after=None
[2026-09-20T23:56:54.256+0000] {processor.py:178} INFO - Processing /opt/airflow/dags/5_orchestration.py took 0.226 seconds
[2026-09-20T23:57:24.450+0000] {processor.py:156} INFO - Started process (PID=3183) to work on /opt/airflow/dags/5_orchestration.py
[2026-09-20T23:57:24.455+0000] {processor.py:799} INFO - Processing file /opt/airflow/dags/5_orchestration.py for tasks to queue
[2026-09-20T23:57:24.459+0000] {logging_mixin.py:149} INFO - [2026-09-20T23:57:24.458+0000] {dagbag.py:541} INFO - Filling up the DagBag from /opt/airflow/dags/5_orchestration.py
[2026-09-20T23:57:24.491+0000] {processor.py:809} INFO - DAG(s) dict_keys(['5-orchestration']) retrieved from /opt/airflow/dags/5_orchestration.py
[2026-09-20T23:57:24.626+0000] {logging_mixin.py:149} INFO - [2026-09-20T23:57:24.621+0000] {dag.py:2726} INFO - Sync 1 DAGs
[2026-09-20T23:57:24.763+0000] {logging_mixin.py:149} INFO - [2026-09-20T23:57:24.763+0000] {dag.py:3490} INFO - Setting next_dagrun for 5-orchestration to None, run_after=None
[2026-09-20T23:57:24.836+0000] {processor.py:178} INFO - Processing /opt/airflow/dags/5_orchestration.py took 0.403 seconds
[2026-09-20T23:57:55.543+0000] {processor.py:156} INFO - Started process (PID=3195) to work on /opt/airflow/dags/5_orchestration.py
[2026-09-20T23:57:55.545+0000] {processor.py:799} INFO - Processing file /opt/airflow/dags/5_orchestration.py for tasks to queue
[2026-09-20T23:57:55.547+0000] {logging_mixin.py:149} INFO - [2026-09-20T23:57:55.547+0000] {dagbag.py:541} INFO - Filling up the DagBag from /opt/airflow/dags/5_orchestration.py
[2026-09-20T23:57:55.574+0000] {processor.py:809} INFO - DAG(s) dict_keys(['5-orchestration']) retrieved from /opt/airflow/dags/5_orchestration.py
[2026-09-20T23:57:55.661+0000] {logging_mixin.py:149} INFO - [2026-09-20T23:57:55.661+0000] {dag.py:2726} INFO - Sync 1 DAGs
[2026-09-20T23:57:55.728+0000] {logging_mixin.py:149} INFO - [2026-09-20T23:57:55.728+0000] {dag.py:3490} INFO - Setting next_dagrun for 5-orchestration to None, run_after=None
[2026-09-20T23:57:55.778+0000] {processor.py:178} INFO - Processing /opt/airflow/dags/5_orchestration.py took 0.244 seconds
[2026-09-20T23:58:25.896+0000] {processor.py:156} INFO - Started process (PID=3205) to work on /opt/airflow/dags/5_orchestration.py
[2026-09-20T23:58:25.899+0000] {processor.py:799} INFO - Processing file /opt/airflow/dags/5_orchestration.py for tasks to queue
[2026-09-20T23:58:25.911+0000] {logging_mixin.py:149} INFO - [2026-09-20T23:58:25.900+0000] {dagbag.py:541} INFO - Filling up the DagBag from /opt/airflow/dags/5_orchestration.py
[2026-09-20T23:58:25.980+0000] {processor.py:809} INFO - DAG(s) dict_keys(['5-orchestration']) retrieved from /opt/airflow/dags/5_orchestration.py
[2026-09-20T23:58:26.027+0000] {logging_mixin.py:149} INFO - [2026-09-20T23:58:26.027+0000] {dag.py:2726} INFO - Sync 1 DAGs
[2026-09-20T23:58:26.092+0000] {logging_mixin.py:149} INFO - [2026-09-20T23:58:26.092+0000] {dag.py:3490} INFO - Setting next_dagrun for 5-orchestration to None, run_after=None
[2026-09-20T23:58:26.139+0000] {processor.py:178} INFO - Processing /opt/airflow/dags/5_orchestration.py took 0.250 seconds
[2026-09-20T23:58:56.304+0000] {processor.py:156} INFO - Started process (PID=3215) to work on /opt/airflow/dags/5_orchestration.py
[2026-09-20T23:58:56.306+0000] {processor.py:799} INFO - Processing file /opt/airflow/dags/5_orchestration.py for tasks to queue
[2026-09-20T23:58:56.307+0000] {logging_mixin.py:149} INFO - [2026-09-20T23:58:56.307+0000] {dagbag.py:541} INFO - Filling up the DagBag from /opt/airflow/dags/5_orchestration.py
[2026-09-20T23:58:56.330+0000] {processor.py:809} INFO - DAG(s) dict_keys(['5-orchestration']) retrieved from /opt/airflow/dags/5_orchestration.py
[2026-09-20T23:58:56.377+0000] {logging_mixin.py:149} INFO - [2026-09-20T23:58:56.377+0000] {dag.py:2726} INFO - Sync 1 DAGs
[2026-09-20T23:58:56.417+0000] {logging_mixin.py:149} INFO - [2026-09-20T23:58:56.417+0000] {dag.py:3490} INFO - Setting next_dagrun for 5-orchestration to None, run_after=None
[2026-09-20T23:58:56.468+0000] {processor.py:178} INFO - Processing /opt/airflow/dags/5_orchestration.py took 0.170 seconds
[2026-09-20T23:59:27.333+0000] {processor.py:156} INFO - Started process (PID=3225) to work on /opt/airflow/dags/5_orchestration.py
[2026-09-20T23:59:27.336+0000] {processor.py:799} INFO - Processing file /opt/airflow/dags/5_orchestration.py for tasks to queue
[2026-09-20T23:59:27.338+0000] {logging_mixin.py:149} INFO - [2026-09-20T23:59:27.338+0000] {dagbag.py:541} INFO - Filling up the DagBag from /opt/airflow/dags/5_orchestration.py
[2026-09-20T23:59:27.376+0000] {processor.py:809} INFO - DAG(s) dict_keys(['5-orchestration']) retrieved from /opt/airflow/dags/5_orchestration.py
[2026-09-20T23:59:27.473+0000] {logging_mixin.py:149} INFO - [2026-09-20T23:59:27.473+0000] {dag.py:2726} INFO - Sync 1 DAGs
[2026-09-20T23:59:27.523+0000] {logging_mixin.py:149} INFO - [2026-09-20T23:59:27.523+0000] {dag.py:3490} INFO - Setting next_dagrun for 5-orchestration to None, run_after=None
[2026-09-20T23:59:27.559+0000] {processor.py:178} INFO - Processing /opt/airflow/dags/5_orchestration.py took 0.233 seconds
[2026-09-20T23:59:57.747+0000] {processor.py:156} INFO - Started process (PID=3235) to work on /opt/airflow/dags/5_orchestration.py
[2026-09-20T23:59:57.749+0000] {processor.py:799} INFO - Processing file /opt/airflow/dags/5_orchestration.py for tasks to queue
[2026-09-20T23:59:57.750+0000] {logging_mixin.py:149} INFO - [2026-09-20T23:59:57.750+0000] {dagbag.py:541} INFO - Filling up the DagBag from /opt/airflow/dags/5_orchestration.py
[2026-09-20T23:59:57.773+0000] {processor.py:809} INFO - DAG(s) dict_keys(['5-orchestration']) retrieved from /opt/airflow/dags/5_orchestration.py
[2026-09-20T23:59:57.846+0000] {logging_mixin.py:149} INFO - [2026-09-20T23:59:57.846+0000] {dag.py:2726} INFO - Sync 1 DAGs
[2026-09-20T23:59:57.888+0000] {logging_mixin.py:149} INFO - [2026-09-20T23:59:57.888+0000] {dag.py:3490} INFO - Setting next_dagrun for 5-orchestration to None, run_after=None
[2026-09-20T23:59:57.944+0000] {processor.py:178} INFO - Processing /opt/airflow/dags/5_orchestration.py took 0.203 seconds
