[2026-09-20T21:48:06.587+0000] {processor.py:156} INFO - Started process (PID=28) to work on /opt/airflow/dags/6_xcoms.py
[2026-09-20T21:48:06.590+0000] {processor.py:799} INFO - Processing file /opt/airflow/dags/6_xcoms.py for tasks to queue
[2026-09-20T21:48:06.596+0000] {logging_mixin.py:149} INFO - [2026-09-20T21:48:06.595+0000] {dagbag.py:541} INFO - Filling up the DagBag from /opt/airflow/dags/6_xcoms.py
[2026-09-20T21:48:06.742+0000] {processor.py:809} INFO - DAG(s) dict_keys(['6-XCom']) retrieved from /opt/airflow/dags/6_xcoms.py
[2026-09-20T21:48:08.494+0000] {logging_mixin.py:149} INFO - [2026-09-20T21:48:08.493+0000] {manager.py:504} INFO - Created Permission View: can delete on DAG:6-XCom
[2026-09-20T21:48:08.518+0000] {logging_mixin.py:149} INFO - [2026-09-20T21:48:08.518+0000] {manager.py:504} INFO - Created Permission View: can edit on DAG:6-XCom
[2026-09-20T21:48:08.534+0000] {logging_mixin.py:149} INFO - [2026-09-20T21:48:08.534+0000] {manager.py:504} INFO - Created Permission View: can read on DAG:6-XCom
[2026-09-20T21:48:08.535+0000] {logging_mixin.py:149} INFO - [2026-09-20T21:48:08.535+0000] {dag.py:2726} INFO - Sync 1 DAGs
[2026-09-20T21:48:08.575+0000] {logging_mixin.py:149} INFO - [2026-09-20T21:48:08.575+0000] {dag.py:2747} INFO - Creating ORM DAG for 6-XCom
[2026-09-20T21:48:08.595+0000] {logging_mixin.py:149} INFO - [2026-09-20T21:48:08.595+0000] {dag.py:3490} INFO - Setting next_dagrun for 6-XCom to 2023-05-01T00:00:00+00:00, run_after=2023-05-02T00:00:00+00:00
[2026-09-20T21:48:08.654+0000] {processor.py:178} INFO - Processing /opt/airflow/dags/6_xcoms.py took 2.092 seconds
[2026-09-20T21:48:39.278+0000] {processor.py:156} INFO - Started process (PID=37) to work on /opt/airflow/dags/6_xcoms.py
[2026-09-20T21:48:39.280+0000] {processor.py:799} INFO - Processing file /opt/airflow/dags/6_xcoms.py for tasks to queue
[2026-09-20T21:48:39.281+0000] {logging_mixin.py:149} INFO - [2026-09-20T21:48:39.281+0000] {dagbag.py:541} INFO - Filling up the DagBag from /opt/airflow/dags/6_xcoms.py
[2026-09-20T21:48:39.309+0000] {processor.py:809} INFO - DAG(s) dict_keys(['6-XCom']) retrieved from /opt/airflow/dags/6_xcoms.py
[2026-09-20T21:48:39.445+0000] {logging_mixin.py:149} INFO - [2026-09-20T21:48:39.444+0000] {dag.py:2726} INFO - Sync 1 DAGs
[2026-09-20T21:48:39.500+0000] {logging_mixin.py:149} INFO - [2026-09-20T21:48:39.500+0000] {dag.py:3490} INFO - Setting next_dagrun for 6-XCom to 2023-05-01T00:00:00+00:00, run_after=2023-05-02T00:00:00+00:00
[2026-09-20T21:48:39.532+0000] {processor.py:178} INFO - Processing /opt/airflow/dags/6_xcoms.py took 0.277 seconds
[2026-09-20T21:49:09.702+0000] {processor.py:156} INFO - Started process (PID=46) to work on /opt/airflow/dags/6_xcoms.py
[2026-09-20T21:49:09.707+0000] {processor.py:799} INFO - Processing file /opt/airflow/dags/6_xcoms.py for tasks to queue
[2026-09-20T21:49:09.708+0000] {logging_mixin.py:149} INFO - [2026-09-20T21:49:09.708+0000] {dagbag.py:541} INFO - Filling up the DagBag from /opt/airflow/dags/6_xcoms.py
[2026-09-20T21:49:09.729+0000] {processor.py:809} INFO - DAG(s) dict_keys(['6-XCom']) retrieved from /opt/airflow/dags/6_xcoms.py
[2026-09-20T21:49:09.784+0000] {logging_mixin.py:149} INFO - [2026-09-20T21:49:09.784+0000] {dag.py:2726} INFO - Sync 1 DAGs
[2026-09-20T21:49:09.824+0000] {logging_mixin.py:149} INFO - [2026-09-20T21:49:09.824+0000] {dag.py:3490} INFO - Setting next_dagrun for 6-XCom to 2023-05-01T00:00:00+00:00, run_after=2023-05-02T00:00:00+00:00
[2026-09-20T21:49:09.865+0000] {processor.py:178} INFO - Processing /opt/airflow/dags/6_xcoms.py took 0.169 seconds
[2026-09-20T21:49:40.702+0000] {processor.py:156} INFO - Started process (PID=55) to work on /opt/airflow/dags/6_xcoms.py
[2026-09-20T21:49:40.706+0000] {processor.py:799} INFO - Processing file /opt/airflow/dags/6_xcoms.py for tasks to queue
[2026-09-20T21:49:40.708+0000] {logging_mixin.py:149} INFO - [2026-09-20T21:49:40.707+0000] {dagbag.py:541} INFO - Filling up the DagBag from /opt/airflow/dags/6_xcoms.py
[2026-09-20T21:49:40.732+0000] {processor.py:809} INFO - DAG(s) dict_keys(['6-XCom']) retrieved from /opt/airflow/dags/6_xcoms.py
[2026-09-20T21:49:40.833+0000] {logging_mixin.py:149} INFO - [2026-09-20T21:49:40.830+0000] {dag.py:2726} INFO - Sync 1 DAGs
[2026-09-20T21:49:40.893+0000] {logging_mixin.py:149} INFO - [2026-09-20T21:49:40.893+0000] {dag.py:3490} INFO - Setting next_dagrun for 6-XCom to 2023-05-01T00:00:00+00:00, run_after=2023-05-02T00:00:00+00:00
[2026-09-20T21:49:40.943+0000] {processor.py:178} INFO - Processing /opt/airflow/dags/6_xcoms.py took 0.253 seconds
[2026-09-20T21:50:11.678+0000] {processor.py:156} INFO - Started process (PID=64) to work on /opt/airflow/dags/6_xcoms.py
[2026-09-20T21:50:11.690+0000] {processor.py:799} INFO - Processing file /opt/airflow/dags/6_xcoms.py for tasks to queue
[2026-09-20T21:50:11.691+0000] {logging_mixin.py:149} INFO - [2026-09-20T21:50:11.691+0000] {dagbag.py:541} INFO - Filling up the DagBag from /opt/airflow/dags/6_xcoms.py
[2026-09-20T21:50:11.710+0000] {processor.py:809} INFO - DAG(s) dict_keys(['6-XCom']) retrieved from /opt/airflow/dags/6_xcoms.py
[2026-09-20T21:50:11.776+0000] {logging_mixin.py:149} INFO - [2026-09-20T21:50:11.776+0000] {dag.py:2726} INFO - Sync 1 DAGs
[2026-09-20T21:50:11.817+0000] {logging_mixin.py:149} INFO - [2026-09-20T21:50:11.817+0000] {dag.py:3490} INFO - Setting next_dagrun for 6-XCom to 2023-05-01T00:00:00+00:00, run_after=2023-05-02T00:00:00+00:00
[2026-09-20T21:50:11.863+0000] {processor.py:178} INFO - Processing /opt/airflow/dags/6_xcoms.py took 0.190 seconds
[2026-09-20T21:50:42.537+0000] {processor.py:156} INFO - Started process (PID=73) to work on /opt/airflow/dags/6_xcoms.py
[2026-09-20T21:50:42.545+0000] {processor.py:799} INFO - Processing file /opt/airflow/dags/6_xcoms.py for tasks to queue
[2026-09-20T21:50:42.548+0000] {logging_mixin.py:149} INFO - [2026-09-20T21:50:42.547+0000] {dagbag.py:541} INFO - Filling up the DagBag from /opt/airflow/dags/6_xcoms.py
[2026-09-20T21:50:42.579+0000] {processor.py:809} INFO - DAG(s) dict_keys(['6-XCom']) retrieved from /opt/airflow/dags/6_xcoms.py
[2026-09-20T21:50:42.642+0000] {logging_mixin.py:149} INFO - [2026-09-20T21:50:42.641+0000] {dag.py:2726} INFO - Sync 1 DAGs
[2026-09-20T21:50:42.688+0000] {logging_mixin.py:149} INFO - [2026-09-20T21:50:42.687+0000] {dag.py:3490} INFO - Setting next_dagrun for 6-XCom to 2023-05-01T00:00:00+00:00, run_after=2023-05-02T00:00:00+00:00
[2026-09-20T21:50:42.733+0000] {processor.py:178} INFO - Processing /opt/airflow/dags/6_xcoms.py took 0.202 seconds
[2026-09-20T21:51:13.526+0000] {processor.py:156} INFO - Started process (PID=82) to work on /opt/airflow/dags/6_xcoms.py
[2026-09-20T21:51:13.532+0000] {processor.py:799} INFO - Processing file /opt/airflow/dags/6_xcoms.py for tasks to queue
[2026-09-20T21:51:13.534+0000] {logging_mixin.py:149} INFO - [2026-09-20T21:51:13.533+0000] {dagbag.py:541} INFO - Filling up the DagBag from /opt/airflow/dags/6_xcoms.py
[2026-09-20T21:51:13.562+0000] {processor.py:809} INFO - DAG(s) dict_keys(['6-XCom']) retrieved from /opt/airflow/dags/6_xcoms.py
[2026-09-20T21:51:13.630+0000] {logging_mixin.py:149} INFO - [2026-09-20T21:51:13.629+0000] {dag.py:2726} INFO - Sync 1 DAGs
[2026-09-20T21:51:13.673+0000] {logging_mixin.py:149} INFO - [2026-09-20T21:51:13.673+0000] {dag.py:3490} INFO - Setting next_dagrun for 6-XCom to 2023-05-01T00:00:00+00:00, run_after=2023-05-02T00:00:00+00:00
[2026-09-20T21:51:13.707+0000] {processor.py:178} INFO - Processing /opt/airflow/dags/6_xcoms.py took 0.193 seconds
[2026-09-20T21:51:44.536+0000] {processor.py:156} INFO - Started process (PID=91) to work on /opt/airflow/dags/6_xcoms.py
[2026-09-20T21:51:44.539+0000] {processor.py:799} INFO - Processing file /opt/airflow/dags/6_xcoms.py for tasks to queue
[2026-09-20T21:51:44.540+0000] {logging_mixin.py:149} INFO - [2026-09-20T21:51:44.539+0000] {dagbag.py:541} INFO - Filling up the DagBag from /opt/airflow/dags/6_xcoms.py
[2026-09-20T21:51:44.568+0000] {processor.py:809} INFO - DAG(s) dict_keys(['6-XCom']) retrieved from /opt/airflow/dags/6_xcoms.py
[2026-09-20T21:51:44.661+0000] {logging_mixin.py:149} INFO - [2026-09-20T21:51:44.661+0000] {dag.py:2726} INFO - Sync 1 DAGs
[2026-09-20T21:51:44.735+0000] {logging_mixin.py:149} INFO - [2026-09-20T21:51:44.735+0000] {dag.py:3490} INFO - Setting next_dagrun for 6-XCom to 2023-05-01T00:00:00+00:00, run_after=2023-05-02T00:00:00+00:00
[2026-09-20T21:51:44.778+0000] {processor.py:178} INFO - Processing /opt/airflow/dags/6_xcoms.py took 0.248 seconds
[2026-09-20T21:52:15.436+0000] {processor.py:156} INFO - Started process (PID=100) to work on /opt/airflow/dags/6_xcoms.py
[2026-09-20T21:52:15.439+0000] {processor.py:799} INFO - Processing file /opt/airflow/dags/6_xcoms.py for tasks to queue
[2026-09-20T21:52:15.440+0000] {logging_mixin.py:149} INFO - [2026-09-20T21:52:15.440+0000] {dagbag.py:541} INFO - Filling up the DagBag from /opt/airflow/dags/6_xcoms.py
[2026-09-20T21:52:15.469+0000] {processor.py:809} INFO - DAG(s) dict_keys(['6-XCom']) retrieved from /opt/airflow/dags/6_xcoms.py
[2026-09-20T21:52:15.555+0000] {logging_mixin.py:149} INFO - [2026-09-20T21:52:15.555+0000] {dag.py:2726} INFO - Sync 1 DAGs
[2026-09-20T21:52:15.612+0000] {logging_mixin.py:149} INFO - [2026-09-20T21:52:15.612+0000] {dag.py:3490} INFO - Setting next_dagrun for 6-XCom to 2023-05-01T00:00:00+00:00, run_after=2023-05-02T00:00:00+00:00
[2026-09-20T21:52:15.666+0000] {processor.py:178} INFO - Processing /opt/airflow/dags/6_xcoms.py took 0.236 seconds
[2026-09-20T21:52:45.874+0000] {processor.py:156} INFO - Started process (PID=109) to work on /opt/airflow/dags/6_xcoms.py
[2026-09-20T21:52:45.876+0000] {processor.py:799} INFO - Processing file /opt/airflow/dags/6_xcoms.py for tasks to queue
[2026-09-20T21:52:45.877+0000] {logging_mixin.py:149} INFO - [2026-09-20T21:52:45.877+0000] {dagbag.py:541} INFO - Filling up the DagBag from /opt/airflow/dags/6_xcoms.py
[2026-09-20T21:52:45.903+0000] {processor.py:809} INFO - DAG(s) dict_keys(['6-XCom']) retrieved from /opt/airflow/dags/6_xcoms.py
[2026-09-20T21:52:45.956+0000] {logging_mixin.py:149} INFO - [2026-09-20T21:52:45.955+0000] {dag.py:2726} INFO - Sync 1 DAGs
[2026-09-20T21:52:45.997+0000] {logging_mixin.py:149} INFO - [2026-09-20T21:52:45.997+0000] {dag.py:3490} INFO - Setting next_dagrun for 6-XCom to 2023-05-01T00:00:00+00:00, run_after=2023-05-02T00:00:00+00:00
[2026-09-20T21:52:46.025+0000] {processor.py:178} INFO - Processing /opt/airflow/dags/6_xcoms.py took 0.160 seconds
[2026-09-20T21:53:16.776+0000] {processor.py:156} INFO - Started process (PID=118) to work on /opt/airflow/dags/6_xcoms.py
[2026-09-20T21:53:16.780+0000] {processor.py:799} INFO - Processing file /opt/airflow/dags/6_xcoms.py for tasks to queue
[2026-09-20T21:53:16.781+0000] {logging_mixin.py:149} INFO - [2026-09-20T21:53:16.781+0000] {dagbag.py:541} INFO - Filling up the DagBag from /opt/airflow/dags/6_xcoms.py
[2026-09-20T21:53:16.807+0000] {processor.py:809} INFO - DAG(s) dict_keys(['6-XCom']) retrieved from /opt/airflow/dags/6_xcoms.py
[2026-09-20T21:53:16.909+0000] {logging_mixin.py:149} INFO - [2026-09-20T21:53:16.908+0000] {dag.py:2726} INFO - Sync 1 DAGs
[2026-09-20T21:53:16.968+0000] {logging_mixin.py:149} INFO - [2026-09-20T21:53:16.967+0000] {dag.py:3490} INFO - Setting next_dagrun for 6-XCom to 2023-05-01T00:00:00+00:00, run_after=2023-05-02T00:00:00+00:00
[2026-09-20T21:53:17.019+0000] {processor.py:178} INFO - Processing /opt/airflow/dags/6_xcoms.py took 0.251 seconds
[2026-09-20T21:53:47.726+0000] {processor.py:156} INFO - Started process (PID=127) to work on /opt/airflow/dags/6_xcoms.py
[2026-09-20T21:53:47.728+0000] {processor.py:799} INFO - Processing file /opt/airflow/dags/6_xcoms.py for tasks to queue
[2026-09-20T21:53:47.730+0000] {logging_mixin.py:149} INFO - [2026-09-20T21:53:47.729+0000] {dagbag.py:541} INFO - Filling up the DagBag from /opt/airflow/dags/6_xcoms.py
[2026-09-20T21:53:47.751+0000] {processor.py:809} INFO - DAG(s) dict_keys(['6-XCom']) retrieved from /opt/airflow/dags/6_xcoms.py
[2026-09-20T21:53:47.824+0000] {logging_mixin.py:149} INFO - [2026-09-20T21:53:47.824+0000] {dag.py:2726} INFO - Sync 1 DAGs
[2026-09-20T21:53:47.873+0000] {logging_mixin.py:149} INFO - [2026-09-20T21:53:47.872+0000] {dag.py:3490} INFO - Setting next_dagrun for 6-XCom to 2023-05-01T00:00:00+00:00, run_after=2023-05-02T00:00:00+00:00
[2026-09-20T21:53:47.915+0000] {processor.py:178} INFO - Processing /opt/airflow/dags/6_xcoms.py took 0.195 seconds
[2026-09-20T21:54:18.773+0000] {processor.py:156} INFO - Started process (PID=136) to work on /opt/airflow/dags/6_xcoms.py
[2026-09-20T21:54:18.776+0000] {processor.py:799} INFO - Processing file /opt/airflow/dags/6_xcoms.py for tasks to queue
[2026-09-20T21:54:18.778+0000] {logging_mixin.py:149} INFO - [2026-09-20T21:54:18.777+0000] {dagbag.py:541} INFO - Filling up the DagBag from /opt/airflow/dags/6_xcoms.py
[2026-09-20T21:54:18.809+0000] {processor.py:809} INFO - DAG(s) dict_keys(['6-XCom']) retrieved from /opt/airflow/dags/6_xcoms.py
[2026-09-20T21:54:18.876+0000] {logging_mixin.py:149} INFO - [2026-09-20T21:54:18.875+0000] {dag.py:2726} INFO - Sync 1 DAGs
[2026-09-20T21:54:18.924+0000] {logging_mixin.py:149} INFO - [2026-09-20T21:54:18.924+0000] {dag.py:3490} INFO - Setting next_dagrun for 6-XCom to 2023-05-01T00:00:00+00:00, run_after=2023-05-02T00:00:00+00:00
[2026-09-20T21:54:18.962+0000] {processor.py:178} INFO - Processing /opt/airflow/dags/6_xcoms.py took 0.198 seconds
[2026-09-20T21:54:49.850+0000] {processor.py:156} INFO - Started process (PID=145) to work on /opt/airflow/dags/6_xcoms.py
[2026-09-20T21:54:49.853+0000] {processor.py:799} INFO - Processing file /opt/airflow/dags/6_xcoms.py for tasks to queue
[2026-09-20T21:54:49.855+0000] {logging_mixin.py:149} INFO - [2026-09-20T21:54:49.854+0000] {dagbag.py:541} INFO - Filling up the DagBag from /opt/airflow/dags/6_xcoms.py
[2026-09-20T21:54:49.882+0000] {processor.py:809} INFO - DAG(s) dict_keys(['6-XCom']) retrieved from /opt/airflow/dags/6_xcoms.py
[2026-09-20T21:54:49.943+0000] {logging_mixin.py:149} INFO - [2026-09-20T21:54:49.943+0000] {dag.py:2726} INFO - Sync 1 DAGs
[2026-09-20T21:54:49.988+0000] {logging_mixin.py:149} INFO - [2026-09-20T21:54:49.987+0000] {dag.py:3490} INFO - Setting next_dagrun for 6-XCom to 2023-05-01T00:00:00+00:00, run_after=2023-05-02T00:00:00+00:00
[2026-09-20T21:54:50.038+0000] {processor.py:178} INFO - Processing /opt/airflow/dags/6_xcoms.py took 0.196 seconds
[2026-09-20T21:55:20.192+0000] {processor.py:156} INFO - Started process (PID=154) to work on /opt/airflow/dags/6_xcoms.py
[2026-09-20T21:55:20.200+0000] {processor.py:799} INFO - Processing file /opt/airflow/dags/6_xcoms.py for tasks to queue
[2026-09-20T21:55:20.203+0000] {logging_mixin.py:149} INFO - [2026-09-20T21:55:20.202+0000] {dagbag.py:541} INFO - Filling up the DagBag from /opt/airflow/dags/6_xcoms.py
[2026-09-20T21:55:20.244+0000] {processor.py:809} INFO - DAG(s) dict_keys(['6-XCom']) retrieved from /opt/airflow/dags/6_xcoms.py
[2026-09-20T21:55:20.328+0000] {logging_mixin.py:149} INFO - [2026-09-20T21:55:20.327+0000] {dag.py:2726} INFO - Sync 1 DAGs
[2026-09-20T21:55:20.369+0000] {logging_mixin.py:149} INFO - [2026-09-20T21:55:20.368+0000] {dag.py:3490} INFO - Setting next_dagrun for 6-XCom to 2023-05-01T00:00:00+00:00, run_after=2023-05-02T00:00:00+00:00
[2026-09-20T21:55:20.405+0000] {processor.py:178} INFO - Processing /opt/airflow/dags/6_xcoms.py took 0.221 seconds
[2026-09-20T21:55:50.669+0000] {processor.py:156} INFO - Started process (PID=163) to work on /opt/airflow/dags/6_xcoms.py
[2026-09-20T21:55:50.671+0000] {processor.py:799} INFO - Processing file /opt/airflow/dags/6_xcoms.py for tasks to queue
[2026-09-20T21:55:50.672+0000] {logging_mixin.py:149} INFO - [2026-09-20T21:55:50.672+0000] {dagbag.py:541} INFO - Filling up the DagBag from /opt/airflow/dags/6_xcoms.py
[2026-09-20T21:55:50.694+0000] {processor.py:809} INFO - DAG(s) dict_keys(['6-XCom']) retrieved from /opt/airflow/dags/6_xcoms.py
[2026-09-20T21:55:50.769+0000] {logging_mixin.py:149} INFO - [2026-09-20T21:55:50.769+0000] {dag.py:2726} INFO - Sync 1 DAGs
[2026-09-20T21:55:50.814+0000] {logging_mixin.py:149} INFO - [2026-09-20T21:55:50.814+0000] {dag.py:3490} INFO - Setting next_dagrun for 6-XCom to 2023-05-01T00:00:00+00:00, run_after=2023-05-02T00:00:00+00:00
[2026-09-20T21:55:50.843+0000] {processor.py:178} INFO - Processing /opt/airflow/dags/6_xcoms.py took 0.182 seconds
[2026-09-20T21:56:20.988+0000] {processor.py:156} INFO - Started process (PID=172) to work on /opt/airflow/dags/6_xcoms.py
[2026-09-20T21:56:20.990+0000] {processor.py:799} INFO - Processing file /opt/airflow/dags/6_xcoms.py for tasks to queue
[2026-09-20T21:56:20.992+0000] {logging_mixin.py:149} INFO - [2026-09-20T21:56:20.991+0000] {dagbag.py:541} INFO - Filling up the DagBag from /opt/airflow/dags/6_xcoms.py
[2026-09-20T21:56:21.014+0000] {processor.py:809} INFO - DAG(s) dict_keys(['6-XCom']) retrieved from /opt/airflow/dags/6_xcoms.py
[2026-09-20T21:56:21.081+0000] {logging_mixin.py:149} INFO - [2026-09-20T21:56:21.080+0000] {dag.py:2726} INFO - Sync 1 DAGs
[2026-09-20T21:56:21.126+0000] {logging_mixin.py:149} INFO - [2026-09-20T21:56:21.125+0000] {dag.py:3490} INFO - Setting next_dagrun for 6-XCom to 2023-05-01T00:00:00+00:00, run_after=2023-05-02T00:00:00+00:00
[2026-09-20T21:56:21.156+0000] {processor.py:178} INFO - Processing /opt/airflow/dags/6_xcoms.py took 0.175 seconds
[2026-09-20T21:56:51.396+0000] {processor.py:156} INFO - Started process (PID=181) to work on /opt/airflow/dags/6_xcoms.py
[2026-09-20T21:56:51.404+0000] {processor.py:799} INFO - Processing file /opt/airflow/dags/6_xcoms.py for tasks to queue
[2026-09-20T21:56:51.407+0000] {logging_mixin.py:149} INFO - [2026-09-20T21:56:51.406+0000] {dagbag.py:541} INFO - Filling up the DagBag from /opt/airflow/dags/6_xcoms.py
[2026-09-20T21:56:51.433+0000] {processor.py:809} INFO - DAG(s) dict_keys(['6-XCom']) retrieved from /opt/airflow/dags/6_xcoms.py
[2026-09-20T21:56:51.495+0000] {logging_mixin.py:149} INFO - [2026-09-20T21:56:51.494+0000] {dag.py:2726} INFO - Sync 1 DAGs
[2026-09-20T21:56:51.535+0000] {logging_mixin.py:149} INFO - [2026-09-20T21:56:51.535+0000] {dag.py:3490} INFO - Setting next_dagrun for 6-XCom to 2023-05-01T00:00:00+00:00, run_after=2023-05-02T00:00:00+00:00
[2026-09-20T21:56:51.565+0000] {processor.py:178} INFO - Processing /opt/airflow/dags/6_xcoms.py took 0.183 seconds
[2026-09-20T21:57:21.792+0000] {processor.py:156} INFO - Started process (PID=191) to work on /opt/airflow/dags/6_xcoms.py
[2026-09-20T21:57:21.794+0000] {processor.py:799} INFO - Processing file /opt/airflow/dags/6_xcoms.py for tasks to queue
[2026-09-20T21:57:21.795+0000] {logging_mixin.py:149} INFO - [2026-09-20T21:57:21.795+0000] {dagbag.py:541} INFO - Filling up the DagBag from /opt/airflow/dags/6_xcoms.py
[2026-09-20T21:57:21.818+0000] {processor.py:809} INFO - DAG(s) dict_keys(['6-XCom']) retrieved from /opt/airflow/dags/6_xcoms.py
[2026-09-20T21:57:21.865+0000] {logging_mixin.py:149} INFO - [2026-09-20T21:57:21.864+0000] {dag.py:2726} INFO - Sync 1 DAGs
[2026-09-20T21:57:21.911+0000] {logging_mixin.py:149} INFO - [2026-09-20T21:57:21.911+0000] {dag.py:3490} INFO - Setting next_dagrun for 6-XCom to 2023-05-01T00:00:00+00:00, run_after=2023-05-02T00:00:00+00:00
[2026-09-20T21:57:21.952+0000] {processor.py:178} INFO - Processing /opt/airflow/dags/6_xcoms.py took 0.167 seconds
[2026-09-20T21:57:52.011+0000] {processor.py:156} INFO - Started process (PID=199) to work on /opt/airflow/dags/6_xcoms.py
[2026-09-20T21:57:52.013+0000] {processor.py:799} INFO - Processing file /opt/airflow/dags/6_xcoms.py for tasks to queue
[2026-09-20T21:57:52.014+0000] {logging_mixin.py:149} INFO - [2026-09-20T21:57:52.014+0000] {dagbag.py:541} INFO - Filling up the DagBag from /opt/airflow/dags/6_xcoms.py
[2026-09-20T21:57:52.033+0000] {processor.py:809} INFO - DAG(s) dict_keys(['6-XCom']) retrieved from /opt/airflow/dags/6_xcoms.py
[2026-09-20T21:57:52.071+0000] {logging_mixin.py:149} INFO - [2026-09-20T21:57:52.071+0000] {dag.py:2726} INFO - Sync 1 DAGs
[2026-09-20T21:57:52.105+0000] {logging_mixin.py:149} INFO - [2026-09-20T21:57:52.104+0000] {dag.py:3490} INFO - Setting next_dagrun for 6-XCom to 2023-05-01T00:00:00+00:00, run_after=2023-05-02T00:00:00+00:00
[2026-09-20T21:57:52.127+0000] {processor.py:178} INFO - Processing /opt/airflow/dags/6_xcoms.py took 0.120 seconds
[2026-09-20T21:58:22.720+0000] {processor.py:156} INFO - Started process (PID=237) to work on /opt/airflow/dags/6_xcoms.py
[2026-09-20T21:58:22.728+0000] {processor.py:799} INFO - Processing file /opt/airflow/dags/6_xcoms.py for tasks to queue
[2026-09-20T21:58:22.729+0000] {logging_mixin.py:149} INFO - [2026-09-20T21:58:22.729+0000] {dagbag.py:541} INFO - Filling up the DagBag from /opt/airflow/dags/6_xcoms.py
[2026-09-20T21:58:22.814+0000] {processor.py:809} INFO - DAG(s) dict_keys(['6-XCom']) retrieved from /opt/airflow/dags/6_xcoms.py
[2026-09-20T21:58:22.986+0000] {logging_mixin.py:149} INFO - [2026-09-20T21:58:22.986+0000] {dag.py:2726} INFO - Sync 1 DAGs
[2026-09-20T21:58:23.236+0000] {processor.py:178} INFO - Processing /opt/airflow/dags/6_xcoms.py took 0.527 seconds
[2026-09-20T21:58:53.457+0000] {processor.py:156} INFO - Started process (PID=352) to work on /opt/airflow/dags/6_xcoms.py
[2026-09-20T21:58:53.461+0000] {processor.py:799} INFO - Processing file /opt/airflow/dags/6_xcoms.py for tasks to queue
[2026-09-20T21:58:53.462+0000] {logging_mixin.py:149} INFO - [2026-09-20T21:58:53.462+0000] {dagbag.py:541} INFO - Filling up the DagBag from /opt/airflow/dags/6_xcoms.py
[2026-09-20T21:58:53.492+0000] {processor.py:809} INFO - DAG(s) dict_keys(['6-XCom']) retrieved from /opt/airflow/dags/6_xcoms.py
[2026-09-20T21:58:53.534+0000] {logging_mixin.py:149} INFO - [2026-09-20T21:58:53.534+0000] {dag.py:2726} INFO - Sync 1 DAGs
[2026-09-20T21:58:53.599+0000] {processor.py:178} INFO - Processing /opt/airflow/dags/6_xcoms.py took 0.160 seconds
[2026-09-20T21:59:23.648+0000] {processor.py:156} INFO - Started process (PID=446) to work on /opt/airflow/dags/6_xcoms.py
[2026-09-20T21:59:23.654+0000] {processor.py:799} INFO - Processing file /opt/airflow/dags/6_xcoms.py for tasks to queue
[2026-09-20T21:59:23.655+0000] {logging_mixin.py:149} INFO - [2026-09-20T21:59:23.654+0000] {dagbag.py:541} INFO - Filling up the DagBag from /opt/airflow/dags/6_xcoms.py
[2026-09-20T21:59:23.691+0000] {processor.py:809} INFO - DAG(s) dict_keys(['6-XCom']) retrieved from /opt/airflow/dags/6_xcoms.py
[2026-09-20T21:59:23.772+0000] {logging_mixin.py:149} INFO - [2026-09-20T21:59:23.772+0000] {dag.py:2726} INFO - Sync 1 DAGs
[2026-09-20T21:59:23.904+0000] {processor.py:178} INFO - Processing /opt/airflow/dags/6_xcoms.py took 0.263 seconds
[2026-09-20T21:59:53.939+0000] {processor.py:156} INFO - Started process (PID=485) to work on /opt/airflow/dags/6_xcoms.py
[2026-09-20T21:59:53.943+0000] {processor.py:799} INFO - Processing file /opt/airflow/dags/6_xcoms.py for tasks to queue
[2026-09-20T21:59:53.944+0000] {logging_mixin.py:149} INFO - [2026-09-20T21:59:53.944+0000] {dagbag.py:541} INFO - Filling up the DagBag from /opt/airflow/dags/6_xcoms.py
[2026-09-20T21:59:53.987+0000] {processor.py:809} INFO - DAG(s) dict_keys(['6-XCom']) retrieved from /opt/airflow/dags/6_xcoms.py
[2026-09-20T21:59:54.080+0000] {logging_mixin.py:149} INFO - [2026-09-20T21:59:54.079+0000] {dag.py:2726} INFO - Sync 1 DAGs
[2026-09-20T21:59:54.223+0000] {processor.py:178} INFO - Processing /opt/airflow/dags/6_xcoms.py took 0.290 seconds
[2026-09-20T22:00:24.273+0000] {processor.py:156} INFO - Started process (PID=519) to work on /opt/airflow/dags/6_xcoms.py
[2026-09-20T22:00:24.276+0000] {processor.py:799} INFO - Processing file /opt/airflow/dags/6_xcoms.py for tasks to queue
[2026-09-20T22:00:24.277+0000] {logging_mixin.py:149} INFO - [2026-09-20T22:00:24.276+0000] {dagbag.py:541} INFO - Filling up the DagBag from /opt/airflow/dags/6_xcoms.py
[2026-09-20T22:00:24.312+0000] {processor.py:809} INFO - DAG(s) dict_keys(['6-XCom']) retrieved from /opt/airflow/dags/6_xcoms.py
[2026-09-20T22:00:24.394+0000] {logging_mixin.py:149} INFO - [2026-09-20T22:00:24.394+0000] {dag.py:2726} INFO - Sync 1 DAGs
[2026-09-20T22:00:24.486+0000] {processor.py:178} INFO - Processing /opt/airflow/dags/6_xcoms.py took 0.221 seconds
[2026-09-20T22:00:54.832+0000] {processor.py:156} INFO - Started process (PID=552) to work on /opt/airflow/dags/6_xcoms.py
[2026-09-20T22:00:54.839+0000] {processor.py:799} INFO - Processing file /opt/airflow/dags/6_xcoms.py for tasks to queue
[2026-09-20T22:00:54.840+0000] {logging_mixin.py:149} INFO - [2026-09-20T22:00:54.840+0000] {dagbag.py:541} INFO - Filling up the DagBag from /opt/airflow/dags/6_xcoms.py
[2026-09-20T22:00:54.912+0000] {processor.py:809} INFO - DAG(s) dict_keys(['6-XCom']) retrieved from /opt/airflow/dags/6_xcoms.py
[2026-09-20T22:00:55.023+0000] {logging_mixin.py:149} INFO - [2026-09-20T22:00:55.023+0000] {dag.py:2726} INFO - Sync 1 DAGs
[2026-09-20T22:00:55.239+0000] {processor.py:178} INFO - Processing /opt/airflow/dags/6_xcoms.py took 0.415 seconds
[2026-09-20T22:01:25.315+0000] {processor.py:156} INFO - Started process (PID=586) to work on /opt/airflow/dags/6_xcoms.py
[2026-09-20T22:01:25.321+0000] {processor.py:799} INFO - Processing file /opt/airflow/dags/6_xcoms.py for tasks to queue
[2026-09-20T22:01:25.322+0000] {logging_mixin.py:149} INFO - [2026-09-20T22:01:25.322+0000] {dagbag.py:541} INFO - Filling up the DagBag from /opt/airflow/dags/6_xcoms.py
[2026-09-20T22:01:25.381+0000] {processor.py:809} INFO - DAG(s) dict_keys(['6-XCom']) retrieved from /opt/airflow/dags/6_xcoms.py
[2026-09-20T22:01:25.472+0000] {logging_mixin.py:149} INFO - [2026-09-20T22:01:25.471+0000] {dag.py:2726} INFO - Sync 1 DAGs
[2026-09-20T22:01:25.579+0000] {processor.py:178} INFO - Processing /opt/airflow/dags/6_xcoms.py took 0.277 seconds
[2026-09-20T22:01:55.852+0000] {processor.py:156} INFO - Started process (PID=623) to work on /opt/airflow/dags/6_xcoms.py
[2026-09-20T22:01:55.855+0000] {processor.py:799} INFO - Processing file /opt/airflow/dags/6_xcoms.py for tasks to queue
[2026-09-20T22:01:55.856+0000] {logging_mixin.py:149} INFO - [2026-09-20T22:01:55.856+0000] {dagbag.py:541} INFO - Filling up the DagBag from /opt/airflow/dags/6_xcoms.py
[2026-09-20T22:01:55.891+0000] {processor.py:809} INFO - DAG(s) dict_keys(['6-XCom']) retrieved from /opt/airflow/dags/6_xcoms.py
[2026-09-20T22:01:55.971+0000] {logging_mixin.py:149} INFO - [2026-09-20T22:01:55.971+0000] {dag.py:2726} INFO - Sync 1 DAGs
[2026-09-20T22:01:56.086+0000] {processor.py:178} INFO - Processing /opt/airflow/dags/6_xcoms.py took 0.246 seconds
[2026-09-20T22:02:26.733+0000] {processor.py:156} INFO - Started process (PID=661) to work on /opt/airflow/dags/6_xcoms.py
[2026-09-20T22:02:26.753+0000] {processor.py:799} INFO - Processing file /opt/airflow/dags/6_xcoms.py for tasks to queue
[2026-09-20T22:02:26.754+0000] {logging_mixin.py:149} INFO - [2026-09-20T22:02:26.754+0000] {dagbag.py:541} INFO - Filling up the DagBag from /opt/airflow/dags/6_xcoms.py
[2026-09-20T22:02:26.821+0000] {processor.py:809} INFO - DAG(s) dict_keys(['6-XCom']) retrieved from /opt/airflow/dags/6_xcoms.py
[2026-09-20T22:02:26.945+0000] {logging_mixin.py:149} INFO - [2026-09-20T22:02:26.945+0000] {dag.py:2726} INFO - Sync 1 DAGs
[2026-09-20T22:02:27.109+0000] {processor.py:178} INFO - Processing /opt/airflow/dags/6_xcoms.py took 0.381 seconds
[2026-09-20T22:02:57.964+0000] {processor.py:156} INFO - Started process (PID=694) to work on /opt/airflow/dags/6_xcoms.py
[2026-09-20T22:02:57.974+0000] {processor.py:799} INFO - Processing file /opt/airflow/dags/6_xcoms.py for tasks to queue
[2026-09-20T22:02:57.975+0000] {logging_mixin.py:149} INFO - [2026-09-20T22:02:57.975+0000] {dagbag.py:541} INFO - Filling up the DagBag from /opt/airflow/dags/6_xcoms.py
[2026-09-20T22:02:58.060+0000] {processor.py:809} INFO - DAG(s) dict_keys(['6-XCom']) retrieved from /opt/airflow/dags/6_xcoms.py
[2026-09-20T22:02:58.223+0000] {logging_mixin.py:149} INFO - [2026-09-20T22:02:58.222+0000] {dag.py:2726} INFO - Sync 1 DAGs
[2026-09-20T22:02:58.405+0000] {processor.py:178} INFO - Processing /opt/airflow/dags/6_xcoms.py took 0.449 seconds
[2026-09-20T22:03:28.834+0000] {processor.py:156} INFO - Started process (PID=735) to work on /opt/airflow/dags/6_xcoms.py
[2026-09-20T22:03:28.842+0000] {processor.py:799} INFO - Processing file /opt/airflow/dags/6_xcoms.py for tasks to queue
[2026-09-20T22:03:28.850+0000] {logging_mixin.py:149} INFO - [2026-09-20T22:03:28.850+0000] {dagbag.py:541} INFO - Filling up the DagBag from /opt/airflow/dags/6_xcoms.py
[2026-09-20T22:03:28.925+0000] {processor.py:809} INFO - DAG(s) dict_keys(['6-XCom']) retrieved from /opt/airflow/dags/6_xcoms.py
[2026-09-20T22:03:29.143+0000] {logging_mixin.py:149} INFO - [2026-09-20T22:03:29.143+0000] {dag.py:2726} INFO - Sync 1 DAGs
[2026-09-20T22:03:29.337+0000] {logging_mixin.py:149} INFO - [2026-09-20T22:03:29.337+0000] {dag.py:3490} INFO - Setting next_dagrun for 6-XCom to 2023-05-15T00:00:00+00:00, run_after=2023-05-16T00:00:00+00:00
[2026-09-20T22:03:29.467+0000] {processor.py:178} INFO - Processing /opt/airflow/dags/6_xcoms.py took 0.648 seconds
[2026-09-20T22:03:59.714+0000] {processor.py:156} INFO - Started process (PID=748) to work on /opt/airflow/dags/6_xcoms.py
[2026-09-20T22:03:59.719+0000] {processor.py:799} INFO - Processing file /opt/airflow/dags/6_xcoms.py for tasks to queue
[2026-09-20T22:03:59.720+0000] {logging_mixin.py:149} INFO - [2026-09-20T22:03:59.720+0000] {dagbag.py:541} INFO - Filling up the DagBag from /opt/airflow/dags/6_xcoms.py
[2026-09-20T22:03:59.747+0000] {processor.py:809} INFO - DAG(s) dict_keys(['6-XCom']) retrieved from /opt/airflow/dags/6_xcoms.py
[2026-09-20T22:03:59.810+0000] {logging_mixin.py:149} INFO - [2026-09-20T22:03:59.810+0000] {dag.py:2726} INFO - Sync 1 DAGs
[2026-09-20T22:03:59.937+0000] {processor.py:178} INFO - Processing /opt/airflow/dags/6_xcoms.py took 0.232 seconds
[2026-09-20T22:04:30.270+0000] {processor.py:156} INFO - Started process (PID=783) to work on /opt/airflow/dags/6_xcoms.py
[2026-09-20T22:04:30.273+0000] {processor.py:799} INFO - Processing file /opt/airflow/dags/6_xcoms.py for tasks to queue
[2026-09-20T22:04:30.274+0000] {logging_mixin.py:149} INFO - [2026-09-20T22:04:30.274+0000] {dagbag.py:541} INFO - Filling up the DagBag from /opt/airflow/dags/6_xcoms.py
[2026-09-20T22:04:30.300+0000] {processor.py:809} INFO - DAG(s) dict_keys(['6-XCom']) retrieved from /opt/airflow/dags/6_xcoms.py
[2026-09-20T22:04:30.388+0000] {logging_mixin.py:149} INFO - [2026-09-20T22:04:30.385+0000] {dag.py:2726} INFO - Sync 1 DAGs
[2026-09-20T22:04:30.513+0000] {processor.py:178} INFO - Processing /opt/airflow/dags/6_xcoms.py took 0.255 seconds
[2026-09-20T22:05:01.066+0000] {processor.py:156} INFO - Started process (PID=820) to work on /opt/airflow/dags/6_xcoms.py
[2026-09-20T22:05:01.069+0000] {processor.py:799} INFO - Processing file /opt/airflow/dags/6_xcoms.py for tasks to queue
[2026-09-20T22:05:01.071+0000] {logging_mixin.py:149} INFO - [2026-09-20T22:05:01.071+0000] {dagbag.py:541} INFO - Filling up the DagBag from /opt/airflow/dags/6_xcoms.py
[2026-09-20T22:05:01.140+0000] {processor.py:809} INFO - DAG(s) dict_keys(['6-XCom']) retrieved from /opt/airflow/dags/6_xcoms.py
[2026-09-20T22:05:01.236+0000] {logging_mixin.py:149} INFO - [2026-09-20T22:05:01.236+0000] {dag.py:2726} INFO - Sync 1 DAGs
[2026-09-20T22:05:01.394+0000] {processor.py:178} INFO - Processing /opt/airflow/dags/6_xcoms.py took 0.342 seconds
[2026-09-20T22:05:31.751+0000] {processor.py:156} INFO - Started process (PID=837) to work on /opt/airflow/dags/6_xcoms.py
[2026-09-20T22:05:31.756+0000] {processor.py:799} INFO - Processing file /opt/airflow/dags/6_xcoms.py for tasks to queue
[2026-09-20T22:05:31.758+0000] {logging_mixin.py:149} INFO - [2026-09-20T22:05:31.758+0000] {dagbag.py:541} INFO - Filling up the DagBag from /opt/airflow/dags/6_xcoms.py
[2026-09-20T22:05:31.804+0000] {processor.py:809} INFO - DAG(s) dict_keys(['6-XCom']) retrieved from /opt/airflow/dags/6_xcoms.py
[2026-09-20T22:05:31.862+0000] {logging_mixin.py:149} INFO - [2026-09-20T22:05:31.862+0000] {dag.py:2726} INFO - Sync 1 DAGs
[2026-09-20T22:05:31.917+0000] {logging_mixin.py:149} INFO - [2026-09-20T22:05:31.917+0000] {dag.py:3490} INFO - Setting next_dagrun for 6-XCom to 2023-05-22T00:00:00+00:00, run_after=2023-05-23T00:00:00+00:00
[2026-09-20T22:05:31.946+0000] {processor.py:178} INFO - Processing /opt/airflow/dags/6_xcoms.py took 0.207 seconds
[2026-09-20T22:06:02.774+0000] {processor.py:156} INFO - Started process (PID=858) to work on /opt/airflow/dags/6_xcoms.py
[2026-09-20T22:06:02.776+0000] {processor.py:799} INFO - Processing file /opt/airflow/dags/6_xcoms.py for tasks to queue
[2026-09-20T22:06:02.777+0000] {logging_mixin.py:149} INFO - [2026-09-20T22:06:02.777+0000] {dagbag.py:541} INFO - Filling up the DagBag from /opt/airflow/dags/6_xcoms.py
[2026-09-20T22:06:02.803+0000] {processor.py:809} INFO - DAG(s) dict_keys(['6-XCom']) retrieved from /opt/airflow/dags/6_xcoms.py
[2026-09-20T22:06:02.866+0000] {logging_mixin.py:149} INFO - [2026-09-20T22:06:02.866+0000] {dag.py:2726} INFO - Sync 1 DAGs
[2026-09-20T22:06:02.963+0000] {processor.py:178} INFO - Processing /opt/airflow/dags/6_xcoms.py took 0.199 seconds
[2026-09-20T22:06:33.710+0000] {processor.py:156} INFO - Started process (PID=875) to work on /opt/airflow/dags/6_xcoms.py
[2026-09-20T22:06:33.712+0000] {processor.py:799} INFO - Processing file /opt/airflow/dags/6_xcoms.py for tasks to queue
[2026-09-20T22:06:33.713+0000] {logging_mixin.py:149} INFO - [2026-09-20T22:06:33.713+0000] {dagbag.py:541} INFO - Filling up the DagBag from /opt/airflow/dags/6_xcoms.py
[2026-09-20T22:06:33.737+0000] {processor.py:809} INFO - DAG(s) dict_keys(['6-XCom']) retrieved from /opt/airflow/dags/6_xcoms.py
[2026-09-20T22:06:33.785+0000] {logging_mixin.py:149} INFO - [2026-09-20T22:06:33.785+0000] {dag.py:2726} INFO - Sync 1 DAGs
[2026-09-20T22:06:33.853+0000] {processor.py:178} INFO - Processing /opt/airflow/dags/6_xcoms.py took 0.150 seconds
[2026-09-20T22:07:04.104+0000] {processor.py:156} INFO - Started process (PID=892) to work on /opt/airflow/dags/6_xcoms.py
[2026-09-20T22:07:04.106+0000] {processor.py:799} INFO - Processing file /opt/airflow/dags/6_xcoms.py for tasks to queue
[2026-09-20T22:07:04.107+0000] {logging_mixin.py:149} INFO - [2026-09-20T22:07:04.107+0000] {dagbag.py:541} INFO - Filling up the DagBag from /opt/airflow/dags/6_xcoms.py
[2026-09-20T22:07:04.183+0000] {processor.py:809} INFO - DAG(s) dict_keys(['6-XCom']) retrieved from /opt/airflow/dags/6_xcoms.py
[2026-09-20T22:07:04.327+0000] {logging_mixin.py:149} INFO - [2026-09-20T22:07:04.326+0000] {dag.py:2726} INFO - Sync 1 DAGs
[2026-09-20T22:07:04.509+0000] {processor.py:178} INFO - Processing /opt/airflow/dags/6_xcoms.py took 0.416 seconds
[2026-09-20T22:07:35.544+0000] {processor.py:156} INFO - Started process (PID=913) to work on /opt/airflow/dags/6_xcoms.py
[2026-09-20T22:07:35.569+0000] {processor.py:799} INFO - Processing file /opt/airflow/dags/6_xcoms.py for tasks to queue
[2026-09-20T22:07:35.571+0000] {logging_mixin.py:149} INFO - [2026-09-20T22:07:35.570+0000] {dagbag.py:541} INFO - Filling up the DagBag from /opt/airflow/dags/6_xcoms.py
[2026-09-20T22:07:35.640+0000] {processor.py:809} INFO - DAG(s) dict_keys(['6-XCom']) retrieved from /opt/airflow/dags/6_xcoms.py
[2026-09-20T22:07:35.701+0000] {logging_mixin.py:149} INFO - [2026-09-20T22:07:35.701+0000] {dag.py:2726} INFO - Sync 1 DAGs
[2026-09-20T22:07:35.790+0000] {processor.py:178} INFO - Processing /opt/airflow/dags/6_xcoms.py took 0.273 seconds
[2026-09-20T22:08:06.166+0000] {processor.py:156} INFO - Started process (PID=934) to work on /opt/airflow/dags/6_xcoms.py
[2026-09-20T22:08:06.169+0000] {processor.py:799} INFO - Processing file /opt/airflow/dags/6_xcoms.py for tasks to queue
[2026-09-20T22:08:06.170+0000] {logging_mixin.py:149} INFO - [2026-09-20T22:08:06.170+0000] {dagbag.py:541} INFO - Filling up the DagBag from /opt/airflow/dags/6_xcoms.py
[2026-09-20T22:08:06.192+0000] {processor.py:809} INFO - DAG(s) dict_keys(['6-XCom']) retrieved from /opt/airflow/dags/6_xcoms.py
[2026-09-20T22:08:06.252+0000] {logging_mixin.py:149} INFO - [2026-09-20T22:08:06.252+0000] {dag.py:2726} INFO - Sync 1 DAGs
[2026-09-20T22:08:06.351+0000] {processor.py:178} INFO - Processing /opt/airflow/dags/6_xcoms.py took 0.191 seconds
[2026-09-20T22:08:36.539+0000] {processor.py:156} INFO - Started process (PID=955) to work on /opt/airflow/dags/6_xcoms.py
[2026-09-20T22:08:36.545+0000] {processor.py:799} INFO - Processing file /opt/airflow/dags/6_xcoms.py for tasks to queue
[2026-09-20T22:08:36.551+0000] {logging_mixin.py:149} INFO - [2026-09-20T22:08:36.551+0000] {dagbag.py:541} INFO - Filling up the DagBag from /opt/airflow/dags/6_xcoms.py
[2026-09-20T22:08:36.619+0000] {processor.py:809} INFO - DAG(s) dict_keys(['6-XCom']) retrieved from /opt/airflow/dags/6_xcoms.py
[2026-09-20T22:08:36.714+0000] {logging_mixin.py:149} INFO - [2026-09-20T22:08:36.713+0000] {dag.py:2726} INFO - Sync 1 DAGs
[2026-09-20T22:08:36.893+0000] {processor.py:178} INFO - Processing /opt/airflow/dags/6_xcoms.py took 0.369 seconds
[2026-09-20T22:09:07.002+0000] {processor.py:156} INFO - Started process (PID=972) to work on /opt/airflow/dags/6_xcoms.py
[2026-09-20T22:09:07.010+0000] {processor.py:799} INFO - Processing file /opt/airflow/dags/6_xcoms.py for tasks to queue
[2026-09-20T22:09:07.011+0000] {logging_mixin.py:149} INFO - [2026-09-20T22:09:07.011+0000] {dagbag.py:541} INFO - Filling up the DagBag from /opt/airflow/dags/6_xcoms.py
[2026-09-20T22:09:07.059+0000] {processor.py:809} INFO - DAG(s) dict_keys(['6-XCom']) retrieved from /opt/airflow/dags/6_xcoms.py
[2026-09-20T22:09:07.173+0000] {logging_mixin.py:149} INFO - [2026-09-20T22:09:07.173+0000] {dag.py:2726} INFO - Sync 1 DAGs
[2026-09-20T22:09:07.307+0000] {processor.py:178} INFO - Processing /opt/airflow/dags/6_xcoms.py took 0.329 seconds
[2026-09-20T22:09:37.521+0000] {processor.py:156} INFO - Started process (PID=997) to work on /opt/airflow/dags/6_xcoms.py
[2026-09-20T22:09:37.533+0000] {processor.py:799} INFO - Processing file /opt/airflow/dags/6_xcoms.py for tasks to queue
[2026-09-20T22:09:37.534+0000] {logging_mixin.py:149} INFO - [2026-09-20T22:09:37.534+0000] {dagbag.py:541} INFO - Filling up the DagBag from /opt/airflow/dags/6_xcoms.py
[2026-09-20T22:09:37.600+0000] {processor.py:809} INFO - DAG(s) dict_keys(['6-XCom']) retrieved from /opt/airflow/dags/6_xcoms.py
[2026-09-20T22:09:37.685+0000] {logging_mixin.py:149} INFO - [2026-09-20T22:09:37.685+0000] {dag.py:2726} INFO - Sync 1 DAGs
[2026-09-20T22:09:37.780+0000] {processor.py:178} INFO - Processing /opt/airflow/dags/6_xcoms.py took 0.290 seconds
[2026-09-20T22:10:07.993+0000] {processor.py:156} INFO - Started process (PID=1018) to work on /opt/airflow/dags/6_xcoms.py
[2026-09-20T22:10:07.997+0000] {processor.py:799} INFO - Processing file /opt/airflow/dags/6_xcoms.py for tasks to queue
[2026-09-20T22:10:07.999+0000] {logging_mixin.py:149} INFO - [2026-09-20T22:10:07.999+0000] {dagbag.py:541} INFO - Filling up the DagBag from /opt/airflow/dags/6_xcoms.py
[2026-09-20T22:10:08.049+0000] {processor.py:809} INFO - DAG(s) dict_keys(['6-XCom']) retrieved from /opt/airflow/dags/6_xcoms.py
[2026-09-20T22:10:08.136+0000] {logging_mixin.py:149} INFO - [2026-09-20T22:10:08.136+0000] {dag.py:2726} INFO - Sync 1 DAGs
[2026-09-20T22:10:08.257+0000] {processor.py:178} INFO - Processing /opt/airflow/dags/6_xcoms.py took 0.282 seconds
[2026-09-20T22:10:38.630+0000] {processor.py:156} INFO - Started process (PID=1035) to work on /opt/airflow/dags/6_xcoms.py
[2026-09-20T22:10:38.634+0000] {processor.py:799} INFO - Processing file /opt/airflow/dags/6_xcoms.py for tasks to queue
[2026-09-20T22:10:38.635+0000] {logging_mixin.py:149} INFO - [2026-09-20T22:10:38.635+0000] {dagbag.py:541} INFO - Filling up the DagBag from /opt/airflow/dags/6_xcoms.py
[2026-09-20T22:10:38.662+0000] {processor.py:809} INFO - DAG(s) dict_keys(['6-XCom']) retrieved from /opt/airflow/dags/6_xcoms.py
[2026-09-20T22:10:38.727+0000] {logging_mixin.py:149} INFO - [2026-09-20T22:10:38.726+0000] {dag.py:2726} INFO - Sync 1 DAGs
[2026-09-20T22:10:38.776+0000] {logging_mixin.py:149} INFO - [2026-09-20T22:10:38.776+0000] {dag.py:3490} INFO - Setting next_dagrun for 6-XCom to 2023-06-09T00:00:00+00:00, run_after=2023-06-10T00:00:00+00:00
[2026-09-20T22:10:38.824+0000] {processor.py:178} INFO - Processing /opt/airflow/dags/6_xcoms.py took 0.208 seconds
[2026-09-20T22:11:09.103+0000] {processor.py:156} INFO - Started process (PID=1052) to work on /opt/airflow/dags/6_xcoms.py
[2026-09-20T22:11:09.106+0000] {processor.py:799} INFO - Processing file /opt/airflow/dags/6_xcoms.py for tasks to queue
[2026-09-20T22:11:09.108+0000] {logging_mixin.py:149} INFO - [2026-09-20T22:11:09.107+0000] {dagbag.py:541} INFO - Filling up the DagBag from /opt/airflow/dags/6_xcoms.py
[2026-09-20T22:11:09.170+0000] {processor.py:809} INFO - DAG(s) dict_keys(['6-XCom']) retrieved from /opt/airflow/dags/6_xcoms.py
[2026-09-20T22:11:09.277+0000] {logging_mixin.py:149} INFO - [2026-09-20T22:11:09.276+0000] {dag.py:2726} INFO - Sync 1 DAGs
[2026-09-20T22:11:09.370+0000] {processor.py:178} INFO - Processing /opt/airflow/dags/6_xcoms.py took 0.275 seconds
[2026-09-20T22:11:39.770+0000] {processor.py:156} INFO - Started process (PID=1078) to work on /opt/airflow/dags/6_xcoms.py
[2026-09-20T22:11:39.776+0000] {processor.py:799} INFO - Processing file /opt/airflow/dags/6_xcoms.py for tasks to queue
[2026-09-20T22:11:39.777+0000] {logging_mixin.py:149} INFO - [2026-09-20T22:11:39.777+0000] {dagbag.py:541} INFO - Filling up the DagBag from /opt/airflow/dags/6_xcoms.py
[2026-09-20T22:11:39.840+0000] {processor.py:809} INFO - DAG(s) dict_keys(['6-XCom']) retrieved from /opt/airflow/dags/6_xcoms.py
[2026-09-20T22:11:39.979+0000] {logging_mixin.py:149} INFO - [2026-09-20T22:11:39.979+0000] {dag.py:2726} INFO - Sync 1 DAGs
[2026-09-20T22:11:40.155+0000] {processor.py:178} INFO - Processing /opt/airflow/dags/6_xcoms.py took 0.397 seconds
[2026-09-20T22:12:10.825+0000] {processor.py:156} INFO - Started process (PID=1107) to work on /opt/airflow/dags/6_xcoms.py
[2026-09-20T22:12:10.831+0000] {processor.py:799} INFO - Processing file /opt/airflow/dags/6_xcoms.py for tasks to queue
[2026-09-20T22:12:10.832+0000] {logging_mixin.py:149} INFO - [2026-09-20T22:12:10.832+0000] {dagbag.py:541} INFO - Filling up the DagBag from /opt/airflow/dags/6_xcoms.py
[2026-09-20T22:12:10.864+0000] {processor.py:809} INFO - DAG(s) dict_keys(['6-XCom']) retrieved from /opt/airflow/dags/6_xcoms.py
[2026-09-20T22:12:10.926+0000] {logging_mixin.py:149} INFO - [2026-09-20T22:12:10.926+0000] {dag.py:2726} INFO - Sync 1 DAGs
[2026-09-20T22:12:11.012+0000] {processor.py:178} INFO - Processing /opt/airflow/dags/6_xcoms.py took 0.195 seconds
[2026-09-20T22:12:41.921+0000] {processor.py:156} INFO - Started process (PID=1116) to work on /opt/airflow/dags/6_xcoms.py
[2026-09-20T22:12:41.923+0000] {processor.py:799} INFO - Processing file /opt/airflow/dags/6_xcoms.py for tasks to queue
[2026-09-20T22:12:41.925+0000] {logging_mixin.py:149} INFO - [2026-09-20T22:12:41.924+0000] {dagbag.py:541} INFO - Filling up the DagBag from /opt/airflow/dags/6_xcoms.py
[2026-09-20T22:12:41.949+0000] {processor.py:809} INFO - DAG(s) dict_keys(['6-XCom']) retrieved from /opt/airflow/dags/6_xcoms.py
[2026-09-20T22:12:42.009+0000] {logging_mixin.py:149} INFO - [2026-09-20T22:12:42.009+0000] {dag.py:2726} INFO - Sync 1 DAGs
[2026-09-20T22:12:42.089+0000] {processor.py:178} INFO - Processing /opt/airflow/dags/6_xcoms.py took 0.174 seconds
[2026-09-20T22:13:12.309+0000] {processor.py:156} INFO - Started process (PID=1133) to work on /opt/airflow/dags/6_xcoms.py
[2026-09-20T22:13:12.315+0000] {processor.py:799} INFO - Processing file /opt/airflow/dags/6_xcoms.py for tasks to queue
[2026-09-20T22:13:12.317+0000] {logging_mixin.py:149} INFO - [2026-09-20T22:13:12.317+0000] {dagbag.py:541} INFO - Filling up the DagBag from /opt/airflow/dags/6_xcoms.py
[2026-09-20T22:13:12.366+0000] {processor.py:809} INFO - DAG(s) dict_keys(['6-XCom']) retrieved from /opt/airflow/dags/6_xcoms.py
[2026-09-20T22:13:12.436+0000] {logging_mixin.py:149} INFO - [2026-09-20T22:13:12.435+0000] {dag.py:2726} INFO - Sync 1 DAGs
[2026-09-20T22:13:12.523+0000] {processor.py:178} INFO - Processing /opt/airflow/dags/6_xcoms.py took 0.231 seconds
[2026-09-20T22:13:43.530+0000] {processor.py:156} INFO - Started process (PID=1154) to work on /opt/airflow/dags/6_xcoms.py
[2026-09-20T22:13:43.533+0000] {processor.py:799} INFO - Processing file /opt/airflow/dags/6_xcoms.py for tasks to queue
[2026-09-20T22:13:43.534+0000] {logging_mixin.py:149} INFO - [2026-09-20T22:13:43.534+0000] {dagbag.py:541} INFO - Filling up the DagBag from /opt/airflow/dags/6_xcoms.py
[2026-09-20T22:13:43.566+0000] {processor.py:809} INFO - DAG(s) dict_keys(['6-XCom']) retrieved from /opt/airflow/dags/6_xcoms.py
[2026-09-20T22:13:43.650+0000] {logging_mixin.py:149} INFO - [2026-09-20T22:13:43.649+0000] {dag.py:2726} INFO - Sync 1 DAGs
[2026-09-20T22:13:43.776+0000] {processor.py:178} INFO - Processing /opt/airflow/dags/6_xcoms.py took 0.253 seconds
[2026-09-20T22:14:13.813+0000] {processor.py:156} INFO - Started process (PID=1171) to work on /opt/airflow/dags/6_xcoms.py
[2026-09-20T22:14:13.816+0000] {processor.py:799} INFO - Processing file /opt/airflow/dags/6_xcoms.py for tasks to queue
[2026-09-20T22:14:13.817+0000] {logging_mixin.py:149} INFO - [2026-09-20T22:14:13.817+0000] {dagbag.py:541} INFO - Filling up the DagBag from /opt/airflow/dags/6_xcoms.py
[2026-09-20T22:14:13.845+0000] {processor.py:809} INFO - DAG(s) dict_keys(['6-XCom']) retrieved from /opt/airflow/dags/6_xcoms.py
[2026-09-20T22:14:13.906+0000] {logging_mixin.py:149} INFO - [2026-09-20T22:14:13.906+0000] {dag.py:2726} INFO - Sync 1 DAGs
[2026-09-20T22:14:13.990+0000] {processor.py:178} INFO - Processing /opt/airflow/dags/6_xcoms.py took 0.183 seconds
[2026-09-20T22:14:44.307+0000] {processor.py:156} INFO - Started process (PID=1192) to work on /opt/airflow/dags/6_xcoms.py
[2026-09-20T22:14:44.316+0000] {processor.py:799} INFO - Processing file /opt/airflow/dags/6_xcoms.py for tasks to queue
[2026-09-20T22:14:44.317+0000] {logging_mixin.py:149} INFO - [2026-09-20T22:14:44.317+0000] {dagbag.py:541} INFO - Filling up the DagBag from /opt/airflow/dags/6_xcoms.py
[2026-09-20T22:14:44.380+0000] {processor.py:809} INFO - DAG(s) dict_keys(['6-XCom']) retrieved from /opt/airflow/dags/6_xcoms.py
[2026-09-20T22:14:44.492+0000] {logging_mixin.py:149} INFO - [2026-09-20T22:14:44.491+0000] {dag.py:2726} INFO - Sync 1 DAGs
[2026-09-20T22:14:44.647+0000] {processor.py:178} INFO - Processing /opt/airflow/dags/6_xcoms.py took 0.349 seconds
[2026-09-20T22:15:14.849+0000] {processor.py:156} INFO - Started process (PID=1213) to work on /opt/airflow/dags/6_xcoms.py
[2026-09-20T22:15:14.858+0000] {processor.py:799} INFO - Processing file /opt/airflow/dags/6_xcoms.py for tasks to queue
[2026-09-20T22:15:14.860+0000] {logging_mixin.py:149} INFO - [2026-09-20T22:15:14.859+0000] {dagbag.py:541} INFO - Filling up the DagBag from /opt/airflow/dags/6_xcoms.py
[2026-09-20T22:15:14.893+0000] {processor.py:809} INFO - DAG(s) dict_keys(['6-XCom']) retrieved from /opt/airflow/dags/6_xcoms.py
[2026-09-20T22:15:14.940+0000] {logging_mixin.py:149} INFO - [2026-09-20T22:15:14.939+0000] {dag.py:2726} INFO - Sync 1 DAGs
[2026-09-20T22:15:15.017+0000] {processor.py:178} INFO - Processing /opt/airflow/dags/6_xcoms.py took 0.174 seconds
[2026-09-20T22:15:45.143+0000] {processor.py:156} INFO - Started process (PID=1226) to work on /opt/airflow/dags/6_xcoms.py
[2026-09-20T22:15:45.152+0000] {processor.py:799} INFO - Processing file /opt/airflow/dags/6_xcoms.py for tasks to queue
[2026-09-20T22:15:45.154+0000] {logging_mixin.py:149} INFO - [2026-09-20T22:15:45.153+0000] {dagbag.py:541} INFO - Filling up the DagBag from /opt/airflow/dags/6_xcoms.py
[2026-09-20T22:15:45.175+0000] {processor.py:809} INFO - DAG(s) dict_keys(['6-XCom']) retrieved from /opt/airflow/dags/6_xcoms.py
[2026-09-20T22:15:45.239+0000] {logging_mixin.py:149} INFO - [2026-09-20T22:15:45.238+0000] {dag.py:2726} INFO - Sync 1 DAGs
[2026-09-20T22:15:45.342+0000] {processor.py:178} INFO - Processing /opt/airflow/dags/6_xcoms.py took 0.205 seconds
[2026-09-20T22:16:16.238+0000] {processor.py:156} INFO - Started process (PID=1235) to work on /opt/airflow/dags/6_xcoms.py
[2026-09-20T22:16:16.251+0000] {processor.py:799} INFO - Processing file /opt/airflow/dags/6_xcoms.py for tasks to queue
[2026-09-20T22:16:16.253+0000] {logging_mixin.py:149} INFO - [2026-09-20T22:16:16.252+0000] {dagbag.py:541} INFO - Filling up the DagBag from /opt/airflow/dags/6_xcoms.py
[2026-09-20T22:16:16.276+0000] {processor.py:809} INFO - DAG(s) dict_keys(['6-XCom']) retrieved from /opt/airflow/dags/6_xcoms.py
[2026-09-20T22:16:16.321+0000] {logging_mixin.py:149} INFO - [2026-09-20T22:16:16.321+0000] {dag.py:2726} INFO - Sync 1 DAGs
[2026-09-20T22:16:16.389+0000] {processor.py:178} INFO - Processing /opt/airflow/dags/6_xcoms.py took 0.156 seconds
[2026-09-20T22:16:47.208+0000] {processor.py:156} INFO - Started process (PID=1244) to work on /opt/airflow/dags/6_xcoms.py
[2026-09-20T22:16:47.211+0000] {processor.py:799} INFO - Processing file /opt/airflow/dags/6_xcoms.py for tasks to queue
[2026-09-20T22:16:47.213+0000] {logging_mixin.py:149} INFO - [2026-09-20T22:16:47.212+0000] {dagbag.py:541} INFO - Filling up the DagBag from /opt/airflow/dags/6_xcoms.py
[2026-09-20T22:16:47.234+0000] {processor.py:809} INFO - DAG(s) dict_keys(['6-XCom']) retrieved from /opt/airflow/dags/6_xcoms.py
[2026-09-20T22:16:47.293+0000] {logging_mixin.py:149} INFO - [2026-09-20T22:16:47.293+0000] {dag.py:2726} INFO - Sync 1 DAGs
[2026-09-20T22:16:47.391+0000] {processor.py:178} INFO - Processing /opt/airflow/dags/6_xcoms.py took 0.189 seconds
[2026-09-20T22:17:18.132+0000] {processor.py:156} INFO - Started process (PID=1254) to work on /opt/airflow/dags/6_xcoms.py
[2026-09-20T22:17:18.138+0000] {processor.py:799} INFO - Processing file /opt/airflow/dags/6_xcoms.py for tasks to queue
[2026-09-20T22:17:18.139+0000] {logging_mixin.py:149} INFO - [2026-09-20T22:17:18.139+0000] {dagbag.py:541} INFO - Filling up the DagBag from /opt/airflow/dags/6_xcoms.py
[2026-09-20T22:17:18.160+0000] {processor.py:809} INFO - DAG(s) dict_keys(['6-XCom']) retrieved from /opt/airflow/dags/6_xcoms.py
[2026-09-20T22:17:18.222+0000] {logging_mixin.py:149} INFO - [2026-09-20T22:17:18.216+0000] {dag.py:2726} INFO - Sync 1 DAGs
[2026-09-20T22:17:18.292+0000] {processor.py:178} INFO - Processing /opt/airflow/dags/6_xcoms.py took 0.165 seconds
[2026-09-20T22:17:49.058+0000] {processor.py:156} INFO - Started process (PID=1263) to work on /opt/airflow/dags/6_xcoms.py
[2026-09-20T22:17:49.060+0000] {processor.py:799} INFO - Processing file /opt/airflow/dags/6_xcoms.py for tasks to queue
[2026-09-20T22:17:49.061+0000] {logging_mixin.py:149} INFO - [2026-09-20T22:17:49.061+0000] {dagbag.py:541} INFO - Filling up the DagBag from /opt/airflow/dags/6_xcoms.py
[2026-09-20T22:17:49.086+0000] {processor.py:809} INFO - DAG(s) dict_keys(['6-XCom']) retrieved from /opt/airflow/dags/6_xcoms.py
[2026-09-20T22:17:49.144+0000] {logging_mixin.py:149} INFO - [2026-09-20T22:17:49.143+0000] {dag.py:2726} INFO - Sync 1 DAGs
[2026-09-20T22:17:49.188+0000] {logging_mixin.py:149} INFO - [2026-09-20T22:17:49.187+0000] {dag.py:3490} INFO - Setting next_dagrun for 6-XCom to 2023-07-07T00:00:00+00:00, run_after=2023-07-08T00:00:00+00:00
[2026-09-20T22:17:49.217+0000] {processor.py:178} INFO - Processing /opt/airflow/dags/6_xcoms.py took 0.166 seconds
[2026-09-20T22:18:20.049+0000] {processor.py:156} INFO - Started process (PID=1272) to work on /opt/airflow/dags/6_xcoms.py
[2026-09-20T22:18:20.051+0000] {processor.py:799} INFO - Processing file /opt/airflow/dags/6_xcoms.py for tasks to queue
[2026-09-20T22:18:20.053+0000] {logging_mixin.py:149} INFO - [2026-09-20T22:18:20.052+0000] {dagbag.py:541} INFO - Filling up the DagBag from /opt/airflow/dags/6_xcoms.py
[2026-09-20T22:18:20.075+0000] {processor.py:809} INFO - DAG(s) dict_keys(['6-XCom']) retrieved from /opt/airflow/dags/6_xcoms.py
[2026-09-20T22:18:20.128+0000] {logging_mixin.py:149} INFO - [2026-09-20T22:18:20.127+0000] {dag.py:2726} INFO - Sync 1 DAGs
[2026-09-20T22:18:20.202+0000] {processor.py:178} INFO - Processing /opt/airflow/dags/6_xcoms.py took 0.163 seconds
[2026-09-20T22:18:50.983+0000] {processor.py:156} INFO - Started process (PID=1281) to work on /opt/airflow/dags/6_xcoms.py
[2026-09-20T22:18:50.987+0000] {processor.py:799} INFO - Processing file /opt/airflow/dags/6_xcoms.py for tasks to queue
[2026-09-20T22:18:50.988+0000] {logging_mixin.py:149} INFO - [2026-09-20T22:18:50.988+0000] {dagbag.py:541} INFO - Filling up the DagBag from /opt/airflow/dags/6_xcoms.py
[2026-09-20T22:18:51.037+0000] {processor.py:809} INFO - DAG(s) dict_keys(['6-XCom']) retrieved from /opt/airflow/dags/6_xcoms.py
[2026-09-20T22:18:51.115+0000] {logging_mixin.py:149} INFO - [2026-09-20T22:18:51.115+0000] {dag.py:2726} INFO - Sync 1 DAGs
[2026-09-20T22:18:51.189+0000] {processor.py:178} INFO - Processing /opt/airflow/dags/6_xcoms.py took 0.214 seconds
[2026-09-20T22:19:21.861+0000] {processor.py:156} INFO - Started process (PID=1290) to work on /opt/airflow/dags/6_xcoms.py
[2026-09-20T22:19:21.863+0000] {processor.py:799} INFO - Processing file /opt/airflow/dags/6_xcoms.py for tasks to queue
[2026-09-20T22:19:21.865+0000] {logging_mixin.py:149} INFO - [2026-09-20T22:19:21.864+0000] {dagbag.py:541} INFO - Filling up the DagBag from /opt/airflow/dags/6_xcoms.py
[2026-09-20T22:19:21.887+0000] {processor.py:809} INFO - DAG(s) dict_keys(['6-XCom']) retrieved from /opt/airflow/dags/6_xcoms.py
[2026-09-20T22:19:21.946+0000] {logging_mixin.py:149} INFO - [2026-09-20T22:19:21.946+0000] {dag.py:2726} INFO - Sync 1 DAGs
[2026-09-20T22:19:22.022+0000] {processor.py:178} INFO - Processing /opt/airflow/dags/6_xcoms.py took 0.178 seconds
[2026-09-20T22:19:52.683+0000] {processor.py:156} INFO - Started process (PID=1299) to work on /opt/airflow/dags/6_xcoms.py
[2026-09-20T22:19:52.684+0000] {processor.py:799} INFO - Processing file /opt/airflow/dags/6_xcoms.py for tasks to queue
[2026-09-20T22:19:52.685+0000] {logging_mixin.py:149} INFO - [2026-09-20T22:19:52.685+0000] {dagbag.py:541} INFO - Filling up the DagBag from /opt/airflow/dags/6_xcoms.py
[2026-09-20T22:19:52.707+0000] {processor.py:809} INFO - DAG(s) dict_keys(['6-XCom']) retrieved from /opt/airflow/dags/6_xcoms.py
[2026-09-20T22:19:52.754+0000] {logging_mixin.py:149} INFO - [2026-09-20T22:19:52.754+0000] {dag.py:2726} INFO - Sync 1 DAGs
[2026-09-20T22:19:52.821+0000] {processor.py:178} INFO - Processing /opt/airflow/dags/6_xcoms.py took 0.144 seconds
[2026-09-20T22:20:23.530+0000] {processor.py:156} INFO - Started process (PID=1309) to work on /opt/airflow/dags/6_xcoms.py
[2026-09-20T22:20:23.534+0000] {processor.py:799} INFO - Processing file /opt/airflow/dags/6_xcoms.py for tasks to queue
[2026-09-20T22:20:23.535+0000] {logging_mixin.py:149} INFO - [2026-09-20T22:20:23.535+0000] {dagbag.py:541} INFO - Filling up the DagBag from /opt/airflow/dags/6_xcoms.py
[2026-09-20T22:20:23.563+0000] {processor.py:809} INFO - DAG(s) dict_keys(['6-XCom']) retrieved from /opt/airflow/dags/6_xcoms.py
[2026-09-20T22:20:23.626+0000] {logging_mixin.py:149} INFO - [2026-09-20T22:20:23.626+0000] {dag.py:2726} INFO - Sync 1 DAGs
[2026-09-20T22:20:23.719+0000] {processor.py:178} INFO - Processing /opt/airflow/dags/6_xcoms.py took 0.197 seconds
[2026-09-20T22:20:54.581+0000] {processor.py:156} INFO - Started process (PID=1318) to work on /opt/airflow/dags/6_xcoms.py
[2026-09-20T22:20:54.583+0000] {processor.py:799} INFO - Processing file /opt/airflow/dags/6_xcoms.py for tasks to queue
[2026-09-20T22:20:54.584+0000] {logging_mixin.py:149} INFO - [2026-09-20T22:20:54.584+0000] {dagbag.py:541} INFO - Filling up the DagBag from /opt/airflow/dags/6_xcoms.py
[2026-09-20T22:20:54.611+0000] {processor.py:809} INFO - DAG(s) dict_keys(['6-XCom']) retrieved from /opt/airflow/dags/6_xcoms.py
[2026-09-20T22:20:54.663+0000] {logging_mixin.py:149} INFO - [2026-09-20T22:20:54.663+0000] {dag.py:2726} INFO - Sync 1 DAGs
[2026-09-20T22:20:54.793+0000] {processor.py:178} INFO - Processing /opt/airflow/dags/6_xcoms.py took 0.218 seconds
[2026-09-20T22:21:25.559+0000] {processor.py:156} INFO - Started process (PID=1331) to work on /opt/airflow/dags/6_xcoms.py
[2026-09-20T22:21:25.573+0000] {processor.py:799} INFO - Processing file /opt/airflow/dags/6_xcoms.py for tasks to queue
[2026-09-20T22:21:25.574+0000] {logging_mixin.py:149} INFO - [2026-09-20T22:21:25.574+0000] {dagbag.py:541} INFO - Filling up the DagBag from /opt/airflow/dags/6_xcoms.py
[2026-09-20T22:21:25.632+0000] {processor.py:809} INFO - DAG(s) dict_keys(['6-XCom']) retrieved from /opt/airflow/dags/6_xcoms.py
[2026-09-20T22:21:25.701+0000] {logging_mixin.py:149} INFO - [2026-09-20T22:21:25.701+0000] {dag.py:2726} INFO - Sync 1 DAGs
[2026-09-20T22:21:25.801+0000] {processor.py:178} INFO - Processing /opt/airflow/dags/6_xcoms.py took 0.257 seconds
[2026-09-20T22:21:55.842+0000] {processor.py:156} INFO - Started process (PID=1344) to work on /opt/airflow/dags/6_xcoms.py
[2026-09-20T22:21:55.844+0000] {processor.py:799} INFO - Processing file /opt/airflow/dags/6_xcoms.py for tasks to queue
[2026-09-20T22:21:55.846+0000] {logging_mixin.py:149} INFO - [2026-09-20T22:21:55.846+0000] {dagbag.py:541} INFO - Filling up the DagBag from /opt/airflow/dags/6_xcoms.py
[2026-09-20T22:21:55.873+0000] {processor.py:809} INFO - DAG(s) dict_keys(['6-XCom']) retrieved from /opt/airflow/dags/6_xcoms.py
[2026-09-20T22:21:55.930+0000] {logging_mixin.py:149} INFO - [2026-09-20T22:21:55.930+0000] {dag.py:2726} INFO - Sync 1 DAGs
[2026-09-20T22:21:56.003+0000] {processor.py:178} INFO - Processing /opt/airflow/dags/6_xcoms.py took 0.168 seconds
[2026-09-20T22:22:26.064+0000] {processor.py:156} INFO - Started process (PID=1353) to work on /opt/airflow/dags/6_xcoms.py
[2026-09-20T22:22:26.066+0000] {processor.py:799} INFO - Processing file /opt/airflow/dags/6_xcoms.py for tasks to queue
[2026-09-20T22:22:26.068+0000] {logging_mixin.py:149} INFO - [2026-09-20T22:22:26.067+0000] {dagbag.py:541} INFO - Filling up the DagBag from /opt/airflow/dags/6_xcoms.py
[2026-09-20T22:22:26.089+0000] {processor.py:809} INFO - DAG(s) dict_keys(['6-XCom']) retrieved from /opt/airflow/dags/6_xcoms.py
[2026-09-20T22:22:26.151+0000] {logging_mixin.py:149} INFO - [2026-09-20T22:22:26.149+0000] {dag.py:2726} INFO - Sync 1 DAGs
[2026-09-20T22:22:26.224+0000] {processor.py:178} INFO - Processing /opt/airflow/dags/6_xcoms.py took 0.165 seconds
[2026-09-20T22:22:56.281+0000] {processor.py:156} INFO - Started process (PID=1362) to work on /opt/airflow/dags/6_xcoms.py
[2026-09-20T22:22:56.283+0000] {processor.py:799} INFO - Processing file /opt/airflow/dags/6_xcoms.py for tasks to queue
[2026-09-20T22:22:56.285+0000] {logging_mixin.py:149} INFO - [2026-09-20T22:22:56.284+0000] {dagbag.py:541} INFO - Filling up the DagBag from /opt/airflow/dags/6_xcoms.py
[2026-09-20T22:22:56.310+0000] {processor.py:809} INFO - DAG(s) dict_keys(['6-XCom']) retrieved from /opt/airflow/dags/6_xcoms.py
[2026-09-20T22:22:56.359+0000] {logging_mixin.py:149} INFO - [2026-09-20T22:22:56.359+0000] {dag.py:2726} INFO - Sync 1 DAGs
[2026-09-20T22:22:56.433+0000] {processor.py:178} INFO - Processing /opt/airflow/dags/6_xcoms.py took 0.160 seconds
[2026-09-20T22:23:26.566+0000] {processor.py:156} INFO - Started process (PID=1371) to work on /opt/airflow/dags/6_xcoms.py
[2026-09-20T22:23:26.569+0000] {processor.py:799} INFO - Processing file /opt/airflow/dags/6_xcoms.py for tasks to queue
[2026-09-20T22:23:26.570+0000] {logging_mixin.py:149} INFO - [2026-09-20T22:23:26.569+0000] {dagbag.py:541} INFO - Filling up the DagBag from /opt/airflow/dags/6_xcoms.py
[2026-09-20T22:23:26.593+0000] {processor.py:809} INFO - DAG(s) dict_keys(['6-XCom']) retrieved from /opt/airflow/dags/6_xcoms.py
[2026-09-20T22:23:26.651+0000] {logging_mixin.py:149} INFO - [2026-09-20T22:23:26.651+0000] {dag.py:2726} INFO - Sync 1 DAGs
[2026-09-20T22:23:26.691+0000] {logging_mixin.py:149} INFO - [2026-09-20T22:23:26.691+0000] {dag.py:3490} INFO - Setting next_dagrun for 6-XCom to 2023-08-01T00:00:00+00:00, run_after=2023-08-02T00:00:00+00:00
[2026-09-20T22:23:26.723+0000] {processor.py:178} INFO - Processing /opt/airflow/dags/6_xcoms.py took 0.163 seconds
[2026-09-20T22:23:56.791+0000] {processor.py:156} INFO - Started process (PID=1380) to work on /opt/airflow/dags/6_xcoms.py
[2026-09-20T22:23:56.793+0000] {processor.py:799} INFO - Processing file /opt/airflow/dags/6_xcoms.py for tasks to queue
[2026-09-20T22:23:56.794+0000] {logging_mixin.py:149} INFO - [2026-09-20T22:23:56.793+0000] {dagbag.py:541} INFO - Filling up the DagBag from /opt/airflow/dags/6_xcoms.py
[2026-09-20T22:23:56.816+0000] {processor.py:809} INFO - DAG(s) dict_keys(['6-XCom']) retrieved from /opt/airflow/dags/6_xcoms.py
[2026-09-20T22:23:56.869+0000] {logging_mixin.py:149} INFO - [2026-09-20T22:23:56.869+0000] {dag.py:2726} INFO - Sync 1 DAGs
[2026-09-20T22:23:56.950+0000] {processor.py:178} INFO - Processing /opt/airflow/dags/6_xcoms.py took 0.165 seconds
[2026-09-20T22:24:27.015+0000] {processor.py:156} INFO - Started process (PID=1389) to work on /opt/airflow/dags/6_xcoms.py
[2026-09-20T22:24:27.018+0000] {processor.py:799} INFO - Processing file /opt/airflow/dags/6_xcoms.py for tasks to queue
[2026-09-20T22:24:27.024+0000] {logging_mixin.py:149} INFO - [2026-09-20T22:24:27.024+0000] {dagbag.py:541} INFO - Filling up the DagBag from /opt/airflow/dags/6_xcoms.py
[2026-09-20T22:24:27.065+0000] {processor.py:809} INFO - DAG(s) dict_keys(['6-XCom']) retrieved from /opt/airflow/dags/6_xcoms.py
[2026-09-20T22:24:27.145+0000] {logging_mixin.py:149} INFO - [2026-09-20T22:24:27.145+0000] {dag.py:2726} INFO - Sync 1 DAGs
[2026-09-20T22:24:27.244+0000] {processor.py:178} INFO - Processing /opt/airflow/dags/6_xcoms.py took 0.243 seconds
[2026-09-20T22:24:57.349+0000] {processor.py:156} INFO - Started process (PID=1398) to work on /opt/airflow/dags/6_xcoms.py
[2026-09-20T22:24:57.350+0000] {processor.py:799} INFO - Processing file /opt/airflow/dags/6_xcoms.py for tasks to queue
[2026-09-20T22:24:57.351+0000] {logging_mixin.py:149} INFO - [2026-09-20T22:24:57.351+0000] {dagbag.py:541} INFO - Filling up the DagBag from /opt/airflow/dags/6_xcoms.py
[2026-09-20T22:24:57.369+0000] {processor.py:809} INFO - DAG(s) dict_keys(['6-XCom']) retrieved from /opt/airflow/dags/6_xcoms.py
[2026-09-20T22:24:57.415+0000] {logging_mixin.py:149} INFO - [2026-09-20T22:24:57.415+0000] {dag.py:2726} INFO - Sync 1 DAGs
[2026-09-20T22:24:57.482+0000] {processor.py:178} INFO - Processing /opt/airflow/dags/6_xcoms.py took 0.139 seconds
[2026-09-20T22:25:28.063+0000] {processor.py:156} INFO - Started process (PID=1406) to work on /opt/airflow/dags/6_xcoms.py
[2026-09-20T22:25:28.066+0000] {processor.py:799} INFO - Processing file /opt/airflow/dags/6_xcoms.py for tasks to queue
[2026-09-20T22:25:28.067+0000] {logging_mixin.py:149} INFO - [2026-09-20T22:25:28.067+0000] {dagbag.py:541} INFO - Filling up the DagBag from /opt/airflow/dags/6_xcoms.py
[2026-09-20T22:25:28.095+0000] {processor.py:809} INFO - DAG(s) dict_keys(['6-XCom']) retrieved from /opt/airflow/dags/6_xcoms.py
[2026-09-20T22:25:28.161+0000] {logging_mixin.py:149} INFO - [2026-09-20T22:25:28.160+0000] {dag.py:2726} INFO - Sync 1 DAGs
[2026-09-20T22:25:28.232+0000] {processor.py:178} INFO - Processing /opt/airflow/dags/6_xcoms.py took 0.176 seconds
[2026-09-20T22:25:58.985+0000] {processor.py:156} INFO - Started process (PID=1415) to work on /opt/airflow/dags/6_xcoms.py
[2026-09-20T22:25:58.986+0000] {processor.py:799} INFO - Processing file /opt/airflow/dags/6_xcoms.py for tasks to queue
[2026-09-20T22:25:58.987+0000] {logging_mixin.py:149} INFO - [2026-09-20T22:25:58.987+0000] {dagbag.py:541} INFO - Filling up the DagBag from /opt/airflow/dags/6_xcoms.py
[2026-09-20T22:25:59.015+0000] {processor.py:809} INFO - DAG(s) dict_keys(['6-XCom']) retrieved from /opt/airflow/dags/6_xcoms.py
[2026-09-20T22:25:59.091+0000] {logging_mixin.py:149} INFO - [2026-09-20T22:25:59.091+0000] {dag.py:2726} INFO - Sync 1 DAGs
[2026-09-20T22:25:59.170+0000] {processor.py:178} INFO - Processing /opt/airflow/dags/6_xcoms.py took 0.191 seconds
[2026-09-20T22:26:29.898+0000] {processor.py:156} INFO - Started process (PID=1424) to work on /opt/airflow/dags/6_xcoms.py
[2026-09-20T22:26:29.900+0000] {processor.py:799} INFO - Processing file /opt/airflow/dags/6_xcoms.py for tasks to queue
[2026-09-20T22:26:29.901+0000] {logging_mixin.py:149} INFO - [2026-09-20T22:26:29.901+0000] {dagbag.py:541} INFO - Filling up the DagBag from /opt/airflow/dags/6_xcoms.py
[2026-09-20T22:26:29.927+0000] {processor.py:809} INFO - DAG(s) dict_keys(['6-XCom']) retrieved from /opt/airflow/dags/6_xcoms.py
[2026-09-20T22:26:29.987+0000] {logging_mixin.py:149} INFO - [2026-09-20T22:26:29.986+0000] {dag.py:2726} INFO - Sync 1 DAGs
[2026-09-20T22:26:30.072+0000] {processor.py:178} INFO - Processing /opt/airflow/dags/6_xcoms.py took 0.180 seconds
[2026-09-20T22:27:00.615+0000] {processor.py:156} INFO - Started process (PID=1433) to work on /opt/airflow/dags/6_xcoms.py
[2026-09-20T22:27:00.616+0000] {processor.py:799} INFO - Processing file /opt/airflow/dags/6_xcoms.py for tasks to queue
[2026-09-20T22:27:00.617+0000] {logging_mixin.py:149} INFO - [2026-09-20T22:27:00.617+0000] {dagbag.py:541} INFO - Filling up the DagBag from /opt/airflow/dags/6_xcoms.py
[2026-09-20T22:27:00.655+0000] {processor.py:809} INFO - DAG(s) dict_keys(['6-XCom']) retrieved from /opt/airflow/dags/6_xcoms.py
[2026-09-20T22:27:00.728+0000] {logging_mixin.py:149} INFO - [2026-09-20T22:27:00.728+0000] {dag.py:2726} INFO - Sync 1 DAGs
[2026-09-20T22:27:00.774+0000] {logging_mixin.py:149} INFO - [2026-09-20T22:27:00.773+0000] {dag.py:3490} INFO - Setting next_dagrun for 6-XCom to 2023-08-17T00:00:00+00:00, run_after=2023-08-18T00:00:00+00:00
[2026-09-20T22:27:00.822+0000] {processor.py:178} INFO - Processing /opt/airflow/dags/6_xcoms.py took 0.213 seconds
[2026-09-20T22:27:31.578+0000] {processor.py:156} INFO - Started process (PID=1442) to work on /opt/airflow/dags/6_xcoms.py
[2026-09-20T22:27:31.582+0000] {processor.py:799} INFO - Processing file /opt/airflow/dags/6_xcoms.py for tasks to queue
[2026-09-20T22:27:31.583+0000] {logging_mixin.py:149} INFO - [2026-09-20T22:27:31.583+0000] {dagbag.py:541} INFO - Filling up the DagBag from /opt/airflow/dags/6_xcoms.py
[2026-09-20T22:27:31.607+0000] {processor.py:809} INFO - DAG(s) dict_keys(['6-XCom']) retrieved from /opt/airflow/dags/6_xcoms.py
[2026-09-20T22:27:31.666+0000] {logging_mixin.py:149} INFO - [2026-09-20T22:27:31.666+0000] {dag.py:2726} INFO - Sync 1 DAGs
[2026-09-20T22:27:31.771+0000] {processor.py:178} INFO - Processing /opt/airflow/dags/6_xcoms.py took 0.201 seconds
[2026-09-20T22:28:02.436+0000] {processor.py:156} INFO - Started process (PID=1451) to work on /opt/airflow/dags/6_xcoms.py
[2026-09-20T22:28:02.437+0000] {processor.py:799} INFO - Processing file /opt/airflow/dags/6_xcoms.py for tasks to queue
[2026-09-20T22:28:02.437+0000] {logging_mixin.py:149} INFO - [2026-09-20T22:28:02.437+0000] {dagbag.py:541} INFO - Filling up the DagBag from /opt/airflow/dags/6_xcoms.py
[2026-09-20T22:28:02.455+0000] {processor.py:809} INFO - DAG(s) dict_keys(['6-XCom']) retrieved from /opt/airflow/dags/6_xcoms.py
[2026-09-20T22:28:02.494+0000] {logging_mixin.py:149} INFO - [2026-09-20T22:28:02.494+0000] {dag.py:2726} INFO - Sync 1 DAGs
[2026-09-20T22:28:02.566+0000] {processor.py:178} INFO - Processing /opt/airflow/dags/6_xcoms.py took 0.135 seconds
[2026-09-20T22:28:33.248+0000] {processor.py:156} INFO - Started process (PID=1460) to work on /opt/airflow/dags/6_xcoms.py
[2026-09-20T22:28:33.250+0000] {processor.py:799} INFO - Processing file /opt/airflow/dags/6_xcoms.py for tasks to queue
[2026-09-20T22:28:33.251+0000] {logging_mixin.py:149} INFO - [2026-09-20T22:28:33.251+0000] {dagbag.py:541} INFO - Filling up the DagBag from /opt/airflow/dags/6_xcoms.py
[2026-09-20T22:28:33.291+0000] {processor.py:809} INFO - DAG(s) dict_keys(['6-XCom']) retrieved from /opt/airflow/dags/6_xcoms.py
[2026-09-20T22:28:33.350+0000] {logging_mixin.py:149} INFO - [2026-09-20T22:28:33.350+0000] {dag.py:2726} INFO - Sync 1 DAGs
[2026-09-20T22:28:33.426+0000] {processor.py:178} INFO - Processing /opt/airflow/dags/6_xcoms.py took 0.184 seconds
[2026-09-20T22:29:04.206+0000] {processor.py:156} INFO - Started process (PID=1469) to work on /opt/airflow/dags/6_xcoms.py
[2026-09-20T22:29:04.208+0000] {processor.py:799} INFO - Processing file /opt/airflow/dags/6_xcoms.py for tasks to queue
[2026-09-20T22:29:04.210+0000] {logging_mixin.py:149} INFO - [2026-09-20T22:29:04.210+0000] {dagbag.py:541} INFO - Filling up the DagBag from /opt/airflow/dags/6_xcoms.py
[2026-09-20T22:29:04.234+0000] {processor.py:809} INFO - DAG(s) dict_keys(['6-XCom']) retrieved from /opt/airflow/dags/6_xcoms.py
[2026-09-20T22:29:04.344+0000] {logging_mixin.py:149} INFO - [2026-09-20T22:29:04.343+0000] {dag.py:2726} INFO - Sync 1 DAGs
[2026-09-20T22:29:04.419+0000] {processor.py:178} INFO - Processing /opt/airflow/dags/6_xcoms.py took 0.219 seconds
[2026-09-20T22:29:35.080+0000] {processor.py:156} INFO - Started process (PID=1478) to work on /opt/airflow/dags/6_xcoms.py
[2026-09-20T22:29:35.083+0000] {processor.py:799} INFO - Processing file /opt/airflow/dags/6_xcoms.py for tasks to queue
[2026-09-20T22:29:35.084+0000] {logging_mixin.py:149} INFO - [2026-09-20T22:29:35.084+0000] {dagbag.py:541} INFO - Filling up the DagBag from /opt/airflow/dags/6_xcoms.py
[2026-09-20T22:29:35.109+0000] {processor.py:809} INFO - DAG(s) dict_keys(['6-XCom']) retrieved from /opt/airflow/dags/6_xcoms.py
[2026-09-20T22:29:35.158+0000] {logging_mixin.py:149} INFO - [2026-09-20T22:29:35.158+0000] {dag.py:2726} INFO - Sync 1 DAGs
[2026-09-20T22:29:35.268+0000] {processor.py:178} INFO - Processing /opt/airflow/dags/6_xcoms.py took 0.194 seconds
[2026-09-20T22:30:06.011+0000] {processor.py:156} INFO - Started process (PID=1487) to work on /opt/airflow/dags/6_xcoms.py
[2026-09-20T22:30:06.014+0000] {processor.py:799} INFO - Processing file /opt/airflow/dags/6_xcoms.py for tasks to queue
[2026-09-20T22:30:06.015+0000] {logging_mixin.py:149} INFO - [2026-09-20T22:30:06.015+0000] {dagbag.py:541} INFO - Filling up the DagBag from /opt/airflow/dags/6_xcoms.py
[2026-09-20T22:30:06.038+0000] {processor.py:809} INFO - DAG(s) dict_keys(['6-XCom']) retrieved from /opt/airflow/dags/6_xcoms.py
[2026-09-20T22:30:06.104+0000] {logging_mixin.py:149} INFO - [2026-09-20T22:30:06.103+0000] {dag.py:2726} INFO - Sync 1 DAGs
[2026-09-20T22:30:06.189+0000] {processor.py:178} INFO - Processing /opt/airflow/dags/6_xcoms.py took 0.184 seconds
[2026-09-20T22:30:36.944+0000] {processor.py:156} INFO - Started process (PID=1496) to work on /opt/airflow/dags/6_xcoms.py
[2026-09-20T22:30:36.947+0000] {processor.py:799} INFO - Processing file /opt/airflow/dags/6_xcoms.py for tasks to queue
[2026-09-20T22:30:36.948+0000] {logging_mixin.py:149} INFO - [2026-09-20T22:30:36.948+0000] {dagbag.py:541} INFO - Filling up the DagBag from /opt/airflow/dags/6_xcoms.py
[2026-09-20T22:30:36.979+0000] {processor.py:809} INFO - DAG(s) dict_keys(['6-XCom']) retrieved from /opt/airflow/dags/6_xcoms.py
[2026-09-20T22:30:37.048+0000] {logging_mixin.py:149} INFO - [2026-09-20T22:30:37.047+0000] {dag.py:2726} INFO - Sync 1 DAGs
[2026-09-20T22:30:37.143+0000] {processor.py:178} INFO - Processing /opt/airflow/dags/6_xcoms.py took 0.209 seconds
[2026-09-20T22:31:07.947+0000] {processor.py:156} INFO - Started process (PID=1505) to work on /opt/airflow/dags/6_xcoms.py
[2026-09-20T22:31:07.953+0000] {processor.py:799} INFO - Processing file /opt/airflow/dags/6_xcoms.py for tasks to queue
[2026-09-20T22:31:07.954+0000] {logging_mixin.py:149} INFO - [2026-09-20T22:31:07.954+0000] {dagbag.py:541} INFO - Filling up the DagBag from /opt/airflow/dags/6_xcoms.py
[2026-09-20T22:31:07.980+0000] {processor.py:809} INFO - DAG(s) dict_keys(['6-XCom']) retrieved from /opt/airflow/dags/6_xcoms.py
[2026-09-20T22:31:08.056+0000] {logging_mixin.py:149} INFO - [2026-09-20T22:31:08.055+0000] {dag.py:2726} INFO - Sync 1 DAGs
[2026-09-20T22:31:08.149+0000] {processor.py:178} INFO - Processing /opt/airflow/dags/6_xcoms.py took 0.209 seconds
[2026-09-20T22:31:38.618+0000] {processor.py:156} INFO - Started process (PID=1514) to work on /opt/airflow/dags/6_xcoms.py
[2026-09-20T22:31:38.619+0000] {processor.py:799} INFO - Processing file /opt/airflow/dags/6_xcoms.py for tasks to queue
[2026-09-20T22:31:38.620+0000] {logging_mixin.py:149} INFO - [2026-09-20T22:31:38.620+0000] {dagbag.py:541} INFO - Filling up the DagBag from /opt/airflow/dags/6_xcoms.py
[2026-09-20T22:31:38.643+0000] {processor.py:809} INFO - DAG(s) dict_keys(['6-XCom']) retrieved from /opt/airflow/dags/6_xcoms.py
[2026-09-20T22:31:38.714+0000] {logging_mixin.py:149} INFO - [2026-09-20T22:31:38.714+0000] {dag.py:2726} INFO - Sync 1 DAGs
[2026-09-20T22:31:38.826+0000] {processor.py:178} INFO - Processing /opt/airflow/dags/6_xcoms.py took 0.214 seconds
[2026-09-20T22:32:09.512+0000] {processor.py:156} INFO - Started process (PID=1523) to work on /opt/airflow/dags/6_xcoms.py
[2026-09-20T22:32:09.524+0000] {processor.py:799} INFO - Processing file /opt/airflow/dags/6_xcoms.py for tasks to queue
[2026-09-20T22:32:09.530+0000] {logging_mixin.py:149} INFO - [2026-09-20T22:32:09.529+0000] {dagbag.py:541} INFO - Filling up the DagBag from /opt/airflow/dags/6_xcoms.py
[2026-09-20T22:32:09.557+0000] {processor.py:809} INFO - DAG(s) dict_keys(['6-XCom']) retrieved from /opt/airflow/dags/6_xcoms.py
[2026-09-20T22:32:09.670+0000] {logging_mixin.py:149} INFO - [2026-09-20T22:32:09.670+0000] {dag.py:2726} INFO - Sync 1 DAGs
[2026-09-20T22:32:09.778+0000] {processor.py:178} INFO - Processing /opt/airflow/dags/6_xcoms.py took 0.280 seconds
[2026-09-20T22:32:40.474+0000] {processor.py:156} INFO - Started process (PID=1532) to work on /opt/airflow/dags/6_xcoms.py
[2026-09-20T22:32:40.479+0000] {processor.py:799} INFO - Processing file /opt/airflow/dags/6_xcoms.py for tasks to queue
[2026-09-20T22:32:40.481+0000] {logging_mixin.py:149} INFO - [2026-09-20T22:32:40.481+0000] {dagbag.py:541} INFO - Filling up the DagBag from /opt/airflow/dags/6_xcoms.py
[2026-09-20T22:32:40.508+0000] {processor.py:809} INFO - DAG(s) dict_keys(['6-XCom']) retrieved from /opt/airflow/dags/6_xcoms.py
[2026-09-20T22:32:40.595+0000] {logging_mixin.py:149} INFO - [2026-09-20T22:32:40.595+0000] {dag.py:2726} INFO - Sync 1 DAGs
[2026-09-20T22:32:40.694+0000] {processor.py:178} INFO - Processing /opt/airflow/dags/6_xcoms.py took 0.226 seconds
[2026-09-20T22:33:11.310+0000] {processor.py:156} INFO - Started process (PID=1541) to work on /opt/airflow/dags/6_xcoms.py
[2026-09-20T22:33:11.314+0000] {processor.py:799} INFO - Processing file /opt/airflow/dags/6_xcoms.py for tasks to queue
[2026-09-20T22:33:11.315+0000] {logging_mixin.py:149} INFO - [2026-09-20T22:33:11.315+0000] {dagbag.py:541} INFO - Filling up the DagBag from /opt/airflow/dags/6_xcoms.py
[2026-09-20T22:33:11.341+0000] {processor.py:809} INFO - DAG(s) dict_keys(['6-XCom']) retrieved from /opt/airflow/dags/6_xcoms.py
[2026-09-20T22:33:11.419+0000] {logging_mixin.py:149} INFO - [2026-09-20T22:33:11.418+0000] {dag.py:2726} INFO - Sync 1 DAGs
[2026-09-20T22:33:11.539+0000] {processor.py:178} INFO - Processing /opt/airflow/dags/6_xcoms.py took 0.235 seconds
[2026-09-20T22:33:42.295+0000] {processor.py:156} INFO - Started process (PID=1550) to work on /opt/airflow/dags/6_xcoms.py
[2026-09-20T22:33:42.301+0000] {processor.py:799} INFO - Processing file /opt/airflow/dags/6_xcoms.py for tasks to queue
[2026-09-20T22:33:42.303+0000] {logging_mixin.py:149} INFO - [2026-09-20T22:33:42.303+0000] {dagbag.py:541} INFO - Filling up the DagBag from /opt/airflow/dags/6_xcoms.py
[2026-09-20T22:33:42.324+0000] {processor.py:809} INFO - DAG(s) dict_keys(['6-XCom']) retrieved from /opt/airflow/dags/6_xcoms.py
[2026-09-20T22:33:42.384+0000] {logging_mixin.py:149} INFO - [2026-09-20T22:33:42.384+0000] {dag.py:2726} INFO - Sync 1 DAGs
[2026-09-20T22:33:42.486+0000] {processor.py:178} INFO - Processing /opt/airflow/dags/6_xcoms.py took 0.198 seconds
[2026-09-20T22:34:13.237+0000] {processor.py:156} INFO - Started process (PID=1559) to work on /opt/airflow/dags/6_xcoms.py
[2026-09-20T22:34:13.240+0000] {processor.py:799} INFO - Processing file /opt/airflow/dags/6_xcoms.py for tasks to queue
[2026-09-20T22:34:13.241+0000] {logging_mixin.py:149} INFO - [2026-09-20T22:34:13.241+0000] {dagbag.py:541} INFO - Filling up the DagBag from /opt/airflow/dags/6_xcoms.py
[2026-09-20T22:34:13.271+0000] {processor.py:809} INFO - DAG(s) dict_keys(['6-XCom']) retrieved from /opt/airflow/dags/6_xcoms.py
[2026-09-20T22:34:13.337+0000] {logging_mixin.py:149} INFO - [2026-09-20T22:34:13.337+0000] {dag.py:2726} INFO - Sync 1 DAGs
[2026-09-20T22:34:13.490+0000] {processor.py:178} INFO - Processing /opt/airflow/dags/6_xcoms.py took 0.258 seconds
[2026-09-20T22:34:44.203+0000] {processor.py:156} INFO - Started process (PID=1568) to work on /opt/airflow/dags/6_xcoms.py
[2026-09-20T22:34:44.207+0000] {processor.py:799} INFO - Processing file /opt/airflow/dags/6_xcoms.py for tasks to queue
[2026-09-20T22:34:44.209+0000] {logging_mixin.py:149} INFO - [2026-09-20T22:34:44.209+0000] {dagbag.py:541} INFO - Filling up the DagBag from /opt/airflow/dags/6_xcoms.py
[2026-09-20T22:34:44.234+0000] {processor.py:809} INFO - DAG(s) dict_keys(['6-XCom']) retrieved from /opt/airflow/dags/6_xcoms.py
[2026-09-20T22:34:44.284+0000] {logging_mixin.py:149} INFO - [2026-09-20T22:34:44.283+0000] {dag.py:2726} INFO - Sync 1 DAGs
[2026-09-20T22:34:44.351+0000] {processor.py:178} INFO - Processing /opt/airflow/dags/6_xcoms.py took 0.157 seconds
[2026-09-20T22:35:15.068+0000] {processor.py:156} INFO - Started process (PID=1577) to work on /opt/airflow/dags/6_xcoms.py
[2026-09-20T22:35:15.072+0000] {processor.py:799} INFO - Processing file /opt/airflow/dags/6_xcoms.py for tasks to queue
[2026-09-20T22:35:15.073+0000] {logging_mixin.py:149} INFO - [2026-09-20T22:35:15.073+0000] {dagbag.py:541} INFO - Filling up the DagBag from /opt/airflow/dags/6_xcoms.py
[2026-09-20T22:35:15.094+0000] {processor.py:809} INFO - DAG(s) dict_keys(['6-XCom']) retrieved from /opt/airflow/dags/6_xcoms.py
[2026-09-20T22:35:15.164+0000] {logging_mixin.py:149} INFO - [2026-09-20T22:35:15.164+0000] {dag.py:2726} INFO - Sync 1 DAGs
[2026-09-20T22:35:15.236+0000] {processor.py:178} INFO - Processing /opt/airflow/dags/6_xcoms.py took 0.177 seconds
[2026-09-20T22:35:46.013+0000] {processor.py:156} INFO - Started process (PID=1586) to work on /opt/airflow/dags/6_xcoms.py
[2026-09-20T22:35:46.015+0000] {processor.py:799} INFO - Processing file /opt/airflow/dags/6_xcoms.py for tasks to queue
[2026-09-20T22:35:46.016+0000] {logging_mixin.py:149} INFO - [2026-09-20T22:35:46.016+0000] {dagbag.py:541} INFO - Filling up the DagBag from /opt/airflow/dags/6_xcoms.py
[2026-09-20T22:35:46.040+0000] {processor.py:809} INFO - DAG(s) dict_keys(['6-XCom']) retrieved from /opt/airflow/dags/6_xcoms.py
[2026-09-20T22:35:46.118+0000] {logging_mixin.py:149} INFO - [2026-09-20T22:35:46.117+0000] {dag.py:2726} INFO - Sync 1 DAGs
[2026-09-20T22:35:46.200+0000] {processor.py:178} INFO - Processing /opt/airflow/dags/6_xcoms.py took 0.195 seconds
[2026-09-20T22:36:16.900+0000] {processor.py:156} INFO - Started process (PID=1595) to work on /opt/airflow/dags/6_xcoms.py
[2026-09-20T22:36:16.903+0000] {processor.py:799} INFO - Processing file /opt/airflow/dags/6_xcoms.py for tasks to queue
[2026-09-20T22:36:16.904+0000] {logging_mixin.py:149} INFO - [2026-09-20T22:36:16.904+0000] {dagbag.py:541} INFO - Filling up the DagBag from /opt/airflow/dags/6_xcoms.py
[2026-09-20T22:36:16.928+0000] {processor.py:809} INFO - DAG(s) dict_keys(['6-XCom']) retrieved from /opt/airflow/dags/6_xcoms.py
[2026-09-20T22:36:17.013+0000] {logging_mixin.py:149} INFO - [2026-09-20T22:36:17.013+0000] {dag.py:2726} INFO - Sync 1 DAGs
[2026-09-20T22:36:17.144+0000] {processor.py:178} INFO - Processing /opt/airflow/dags/6_xcoms.py took 0.251 seconds
[2026-09-20T22:36:47.810+0000] {processor.py:156} INFO - Started process (PID=1604) to work on /opt/airflow/dags/6_xcoms.py
[2026-09-20T22:36:47.814+0000] {processor.py:799} INFO - Processing file /opt/airflow/dags/6_xcoms.py for tasks to queue
[2026-09-20T22:36:47.817+0000] {logging_mixin.py:149} INFO - [2026-09-20T22:36:47.816+0000] {dagbag.py:541} INFO - Filling up the DagBag from /opt/airflow/dags/6_xcoms.py
[2026-09-20T22:36:47.841+0000] {processor.py:809} INFO - DAG(s) dict_keys(['6-XCom']) retrieved from /opt/airflow/dags/6_xcoms.py
[2026-09-20T22:36:47.897+0000] {logging_mixin.py:149} INFO - [2026-09-20T22:36:47.897+0000] {dag.py:2726} INFO - Sync 1 DAGs
[2026-09-20T22:36:47.979+0000] {processor.py:178} INFO - Processing /opt/airflow/dags/6_xcoms.py took 0.175 seconds
[2026-09-20T22:37:18.677+0000] {processor.py:156} INFO - Started process (PID=1613) to work on /opt/airflow/dags/6_xcoms.py
[2026-09-20T22:37:18.680+0000] {processor.py:799} INFO - Processing file /opt/airflow/dags/6_xcoms.py for tasks to queue
[2026-09-20T22:37:18.681+0000] {logging_mixin.py:149} INFO - [2026-09-20T22:37:18.681+0000] {dagbag.py:541} INFO - Filling up the DagBag from /opt/airflow/dags/6_xcoms.py
[2026-09-20T22:37:18.705+0000] {processor.py:809} INFO - DAG(s) dict_keys(['6-XCom']) retrieved from /opt/airflow/dags/6_xcoms.py
[2026-09-20T22:37:18.790+0000] {logging_mixin.py:149} INFO - [2026-09-20T22:37:18.790+0000] {dag.py:2726} INFO - Sync 1 DAGs
[2026-09-20T22:37:18.879+0000] {logging_mixin.py:149} INFO - [2026-09-20T22:37:18.879+0000] {dag.py:3490} INFO - Setting next_dagrun for 6-XCom to 2023-10-02T00:00:00+00:00, run_after=2023-10-03T00:00:00+00:00
[2026-09-20T22:37:18.934+0000] {processor.py:178} INFO - Processing /opt/airflow/dags/6_xcoms.py took 0.265 seconds
[2026-09-20T22:37:49.629+0000] {processor.py:156} INFO - Started process (PID=1622) to work on /opt/airflow/dags/6_xcoms.py
[2026-09-20T22:37:49.631+0000] {processor.py:799} INFO - Processing file /opt/airflow/dags/6_xcoms.py for tasks to queue
[2026-09-20T22:37:49.632+0000] {logging_mixin.py:149} INFO - [2026-09-20T22:37:49.632+0000] {dagbag.py:541} INFO - Filling up the DagBag from /opt/airflow/dags/6_xcoms.py
[2026-09-20T22:37:49.656+0000] {processor.py:809} INFO - DAG(s) dict_keys(['6-XCom']) retrieved from /opt/airflow/dags/6_xcoms.py
[2026-09-20T22:37:49.743+0000] {logging_mixin.py:149} INFO - [2026-09-20T22:37:49.743+0000] {dag.py:2726} INFO - Sync 1 DAGs
[2026-09-20T22:37:49.860+0000] {processor.py:178} INFO - Processing /opt/airflow/dags/6_xcoms.py took 0.241 seconds
[2026-09-20T22:38:19.921+0000] {processor.py:156} INFO - Started process (PID=1631) to work on /opt/airflow/dags/6_xcoms.py
[2026-09-20T22:38:19.926+0000] {processor.py:799} INFO - Processing file /opt/airflow/dags/6_xcoms.py for tasks to queue
[2026-09-20T22:38:19.927+0000] {logging_mixin.py:149} INFO - [2026-09-20T22:38:19.926+0000] {dagbag.py:541} INFO - Filling up the DagBag from /opt/airflow/dags/6_xcoms.py
[2026-09-20T22:38:19.964+0000] {processor.py:809} INFO - DAG(s) dict_keys(['6-XCom']) retrieved from /opt/airflow/dags/6_xcoms.py
[2026-09-20T22:38:20.049+0000] {logging_mixin.py:149} INFO - [2026-09-20T22:38:20.048+0000] {dag.py:2726} INFO - Sync 1 DAGs
[2026-09-20T22:38:20.148+0000] {processor.py:178} INFO - Processing /opt/airflow/dags/6_xcoms.py took 0.244 seconds
[2026-09-20T22:38:50.323+0000] {processor.py:156} INFO - Started process (PID=1640) to work on /opt/airflow/dags/6_xcoms.py
[2026-09-20T22:38:50.329+0000] {processor.py:799} INFO - Processing file /opt/airflow/dags/6_xcoms.py for tasks to queue
[2026-09-20T22:38:50.330+0000] {logging_mixin.py:149} INFO - [2026-09-20T22:38:50.330+0000] {dagbag.py:541} INFO - Filling up the DagBag from /opt/airflow/dags/6_xcoms.py
[2026-09-20T22:38:50.359+0000] {processor.py:809} INFO - DAG(s) dict_keys(['6-XCom']) retrieved from /opt/airflow/dags/6_xcoms.py
[2026-09-20T22:38:50.428+0000] {logging_mixin.py:149} INFO - [2026-09-20T22:38:50.428+0000] {dag.py:2726} INFO - Sync 1 DAGs
[2026-09-20T22:38:50.483+0000] {processor.py:178} INFO - Processing /opt/airflow/dags/6_xcoms.py took 0.167 seconds
[2026-09-20T22:39:21.292+0000] {processor.py:156} INFO - Started process (PID=1649) to work on /opt/airflow/dags/6_xcoms.py
[2026-09-20T22:39:21.296+0000] {processor.py:799} INFO - Processing file /opt/airflow/dags/6_xcoms.py for tasks to queue
[2026-09-20T22:39:21.297+0000] {logging_mixin.py:149} INFO - [2026-09-20T22:39:21.297+0000] {dagbag.py:541} INFO - Filling up the DagBag from /opt/airflow/dags/6_xcoms.py
[2026-09-20T22:39:21.321+0000] {processor.py:809} INFO - DAG(s) dict_keys(['6-XCom']) retrieved from /opt/airflow/dags/6_xcoms.py
[2026-09-20T22:39:21.422+0000] {logging_mixin.py:149} INFO - [2026-09-20T22:39:21.421+0000] {dag.py:2726} INFO - Sync 1 DAGs
[2026-09-20T22:39:21.514+0000] {processor.py:178} INFO - Processing /opt/airflow/dags/6_xcoms.py took 0.230 seconds
[2026-09-20T22:39:52.213+0000] {processor.py:156} INFO - Started process (PID=1662) to work on /opt/airflow/dags/6_xcoms.py
[2026-09-20T22:39:52.215+0000] {processor.py:799} INFO - Processing file /opt/airflow/dags/6_xcoms.py for tasks to queue
[2026-09-20T22:39:52.217+0000] {logging_mixin.py:149} INFO - [2026-09-20T22:39:52.216+0000] {dagbag.py:541} INFO - Filling up the DagBag from /opt/airflow/dags/6_xcoms.py
[2026-09-20T22:39:52.255+0000] {processor.py:809} INFO - DAG(s) dict_keys(['6-XCom']) retrieved from /opt/airflow/dags/6_xcoms.py
[2026-09-20T22:39:52.336+0000] {logging_mixin.py:149} INFO - [2026-09-20T22:39:52.336+0000] {dag.py:2726} INFO - Sync 1 DAGs
[2026-09-20T22:39:52.438+0000] {processor.py:178} INFO - Processing /opt/airflow/dags/6_xcoms.py took 0.235 seconds
[2026-09-20T22:40:23.066+0000] {processor.py:156} INFO - Started process (PID=1671) to work on /opt/airflow/dags/6_xcoms.py
[2026-09-20T22:40:23.073+0000] {processor.py:799} INFO - Processing file /opt/airflow/dags/6_xcoms.py for tasks to queue
[2026-09-20T22:40:23.074+0000] {logging_mixin.py:149} INFO - [2026-09-20T22:40:23.073+0000] {dagbag.py:541} INFO - Filling up the DagBag from /opt/airflow/dags/6_xcoms.py
[2026-09-20T22:40:23.101+0000] {processor.py:809} INFO - DAG(s) dict_keys(['6-XCom']) retrieved from /opt/airflow/dags/6_xcoms.py
[2026-09-20T22:40:23.156+0000] {logging_mixin.py:149} INFO - [2026-09-20T22:40:23.156+0000] {dag.py:2726} INFO - Sync 1 DAGs
[2026-09-20T22:40:23.237+0000] {processor.py:178} INFO - Processing /opt/airflow/dags/6_xcoms.py took 0.182 seconds
[2026-09-20T22:40:53.954+0000] {processor.py:156} INFO - Started process (PID=1680) to work on /opt/airflow/dags/6_xcoms.py
[2026-09-20T22:40:53.956+0000] {processor.py:799} INFO - Processing file /opt/airflow/dags/6_xcoms.py for tasks to queue
[2026-09-20T22:40:53.957+0000] {logging_mixin.py:149} INFO - [2026-09-20T22:40:53.957+0000] {dagbag.py:541} INFO - Filling up the DagBag from /opt/airflow/dags/6_xcoms.py
[2026-09-20T22:40:53.979+0000] {processor.py:809} INFO - DAG(s) dict_keys(['6-XCom']) retrieved from /opt/airflow/dags/6_xcoms.py
[2026-09-20T22:40:54.033+0000] {logging_mixin.py:149} INFO - [2026-09-20T22:40:54.033+0000] {dag.py:2726} INFO - Sync 1 DAGs
[2026-09-20T22:40:54.125+0000] {processor.py:178} INFO - Processing /opt/airflow/dags/6_xcoms.py took 0.177 seconds
[2026-09-20T22:41:24.769+0000] {processor.py:156} INFO - Started process (PID=1689) to work on /opt/airflow/dags/6_xcoms.py
[2026-09-20T22:41:24.773+0000] {processor.py:799} INFO - Processing file /opt/airflow/dags/6_xcoms.py for tasks to queue
[2026-09-20T22:41:24.774+0000] {logging_mixin.py:149} INFO - [2026-09-20T22:41:24.774+0000] {dagbag.py:541} INFO - Filling up the DagBag from /opt/airflow/dags/6_xcoms.py
[2026-09-20T22:41:24.795+0000] {processor.py:809} INFO - DAG(s) dict_keys(['6-XCom']) retrieved from /opt/airflow/dags/6_xcoms.py
[2026-09-20T22:41:24.845+0000] {logging_mixin.py:149} INFO - [2026-09-20T22:41:24.844+0000] {dag.py:2726} INFO - Sync 1 DAGs
[2026-09-20T22:41:24.910+0000] {processor.py:178} INFO - Processing /opt/airflow/dags/6_xcoms.py took 0.148 seconds
[2026-09-20T22:41:55.626+0000] {processor.py:156} INFO - Started process (PID=1698) to work on /opt/airflow/dags/6_xcoms.py
[2026-09-20T22:41:55.631+0000] {processor.py:799} INFO - Processing file /opt/airflow/dags/6_xcoms.py for tasks to queue
[2026-09-20T22:41:55.632+0000] {logging_mixin.py:149} INFO - [2026-09-20T22:41:55.632+0000] {dagbag.py:541} INFO - Filling up the DagBag from /opt/airflow/dags/6_xcoms.py
[2026-09-20T22:41:55.652+0000] {processor.py:809} INFO - DAG(s) dict_keys(['6-XCom']) retrieved from /opt/airflow/dags/6_xcoms.py
[2026-09-20T22:41:55.704+0000] {logging_mixin.py:149} INFO - [2026-09-20T22:41:55.704+0000] {dag.py:2726} INFO - Sync 1 DAGs
[2026-09-20T22:41:55.771+0000] {processor.py:178} INFO - Processing /opt/airflow/dags/6_xcoms.py took 0.151 seconds
[2026-09-20T22:42:26.518+0000] {processor.py:156} INFO - Started process (PID=1707) to work on /opt/airflow/dags/6_xcoms.py
[2026-09-20T22:42:26.521+0000] {processor.py:799} INFO - Processing file /opt/airflow/dags/6_xcoms.py for tasks to queue
[2026-09-20T22:42:26.522+0000] {logging_mixin.py:149} INFO - [2026-09-20T22:42:26.522+0000] {dagbag.py:541} INFO - Filling up the DagBag from /opt/airflow/dags/6_xcoms.py
[2026-09-20T22:42:26.544+0000] {processor.py:809} INFO - DAG(s) dict_keys(['6-XCom']) retrieved from /opt/airflow/dags/6_xcoms.py
[2026-09-20T22:42:26.602+0000] {logging_mixin.py:149} INFO - [2026-09-20T22:42:26.602+0000] {dag.py:2726} INFO - Sync 1 DAGs
[2026-09-20T22:42:26.687+0000] {processor.py:178} INFO - Processing /opt/airflow/dags/6_xcoms.py took 0.179 seconds
[2026-09-20T22:42:57.363+0000] {processor.py:156} INFO - Started process (PID=1716) to work on /opt/airflow/dags/6_xcoms.py
[2026-09-20T22:42:57.365+0000] {processor.py:799} INFO - Processing file /opt/airflow/dags/6_xcoms.py for tasks to queue
[2026-09-20T22:42:57.366+0000] {logging_mixin.py:149} INFO - [2026-09-20T22:42:57.366+0000] {dagbag.py:541} INFO - Filling up the DagBag from /opt/airflow/dags/6_xcoms.py
[2026-09-20T22:42:57.387+0000] {processor.py:809} INFO - DAG(s) dict_keys(['6-XCom']) retrieved from /opt/airflow/dags/6_xcoms.py
[2026-09-20T22:42:57.445+0000] {logging_mixin.py:149} INFO - [2026-09-20T22:42:57.445+0000] {dag.py:2726} INFO - Sync 1 DAGs
[2026-09-20T22:42:57.551+0000] {processor.py:178} INFO - Processing /opt/airflow/dags/6_xcoms.py took 0.194 seconds
[2026-09-20T22:43:28.268+0000] {processor.py:156} INFO - Started process (PID=1725) to work on /opt/airflow/dags/6_xcoms.py
[2026-09-20T22:43:28.273+0000] {processor.py:799} INFO - Processing file /opt/airflow/dags/6_xcoms.py for tasks to queue
[2026-09-20T22:43:28.274+0000] {logging_mixin.py:149} INFO - [2026-09-20T22:43:28.274+0000] {dagbag.py:541} INFO - Filling up the DagBag from /opt/airflow/dags/6_xcoms.py
[2026-09-20T22:43:28.299+0000] {processor.py:809} INFO - DAG(s) dict_keys(['6-XCom']) retrieved from /opt/airflow/dags/6_xcoms.py
[2026-09-20T22:43:28.362+0000] {logging_mixin.py:149} INFO - [2026-09-20T22:43:28.362+0000] {dag.py:2726} INFO - Sync 1 DAGs
[2026-09-20T22:43:28.439+0000] {processor.py:178} INFO - Processing /opt/airflow/dags/6_xcoms.py took 0.180 seconds
[2026-09-20T22:43:59.090+0000] {processor.py:156} INFO - Started process (PID=1734) to work on /opt/airflow/dags/6_xcoms.py
[2026-09-20T22:43:59.099+0000] {processor.py:799} INFO - Processing file /opt/airflow/dags/6_xcoms.py for tasks to queue
[2026-09-20T22:43:59.101+0000] {logging_mixin.py:149} INFO - [2026-09-20T22:43:59.100+0000] {dagbag.py:541} INFO - Filling up the DagBag from /opt/airflow/dags/6_xcoms.py
[2026-09-20T22:43:59.123+0000] {processor.py:809} INFO - DAG(s) dict_keys(['6-XCom']) retrieved from /opt/airflow/dags/6_xcoms.py
[2026-09-20T22:43:59.173+0000] {logging_mixin.py:149} INFO - [2026-09-20T22:43:59.173+0000] {dag.py:2726} INFO - Sync 1 DAGs
[2026-09-20T22:43:59.236+0000] {processor.py:178} INFO - Processing /opt/airflow/dags/6_xcoms.py took 0.154 seconds
[2026-09-20T22:44:29.920+0000] {processor.py:156} INFO - Started process (PID=1741) to work on /opt/airflow/dags/6_xcoms.py
[2026-09-20T22:44:29.928+0000] {processor.py:799} INFO - Processing file /opt/airflow/dags/6_xcoms.py for tasks to queue
[2026-09-20T22:44:29.932+0000] {logging_mixin.py:149} INFO - [2026-09-20T22:44:29.932+0000] {dagbag.py:541} INFO - Filling up the DagBag from /opt/airflow/dags/6_xcoms.py
[2026-09-20T22:44:29.967+0000] {processor.py:809} INFO - DAG(s) dict_keys(['6-XCom']) retrieved from /opt/airflow/dags/6_xcoms.py
[2026-09-20T22:44:30.032+0000] {logging_mixin.py:149} INFO - [2026-09-20T22:44:30.031+0000] {dag.py:2726} INFO - Sync 1 DAGs
[2026-09-20T22:44:30.128+0000] {processor.py:178} INFO - Processing /opt/airflow/dags/6_xcoms.py took 0.229 seconds
[2026-09-20T22:45:00.848+0000] {processor.py:156} INFO - Started process (PID=1750) to work on /opt/airflow/dags/6_xcoms.py
[2026-09-20T22:45:00.851+0000] {processor.py:799} INFO - Processing file /opt/airflow/dags/6_xcoms.py for tasks to queue
[2026-09-20T22:45:00.852+0000] {logging_mixin.py:149} INFO - [2026-09-20T22:45:00.851+0000] {dagbag.py:541} INFO - Filling up the DagBag from /opt/airflow/dags/6_xcoms.py
[2026-09-20T22:45:00.873+0000] {processor.py:809} INFO - DAG(s) dict_keys(['6-XCom']) retrieved from /opt/airflow/dags/6_xcoms.py
[2026-09-20T22:45:00.935+0000] {logging_mixin.py:149} INFO - [2026-09-20T22:45:00.934+0000] {dag.py:2726} INFO - Sync 1 DAGs
[2026-09-20T22:45:01.009+0000] {processor.py:178} INFO - Processing /opt/airflow/dags/6_xcoms.py took 0.168 seconds
[2026-09-20T22:45:31.542+0000] {processor.py:156} INFO - Started process (PID=1759) to work on /opt/airflow/dags/6_xcoms.py
[2026-09-20T22:45:31.545+0000] {processor.py:799} INFO - Processing file /opt/airflow/dags/6_xcoms.py for tasks to queue
[2026-09-20T22:45:31.546+0000] {logging_mixin.py:149} INFO - [2026-09-20T22:45:31.546+0000] {dagbag.py:541} INFO - Filling up the DagBag from /opt/airflow/dags/6_xcoms.py
[2026-09-20T22:45:31.567+0000] {processor.py:809} INFO - DAG(s) dict_keys(['6-XCom']) retrieved from /opt/airflow/dags/6_xcoms.py
[2026-09-20T22:45:31.616+0000] {logging_mixin.py:149} INFO - [2026-09-20T22:45:31.615+0000] {dag.py:2726} INFO - Sync 1 DAGs
[2026-09-20T22:45:31.685+0000] {processor.py:178} INFO - Processing /opt/airflow/dags/6_xcoms.py took 0.148 seconds
[2026-09-20T22:46:02.363+0000] {processor.py:156} INFO - Started process (PID=1768) to work on /opt/airflow/dags/6_xcoms.py
[2026-09-20T22:46:02.370+0000] {processor.py:799} INFO - Processing file /opt/airflow/dags/6_xcoms.py for tasks to queue
[2026-09-20T22:46:02.373+0000] {logging_mixin.py:149} INFO - [2026-09-20T22:46:02.373+0000] {dagbag.py:541} INFO - Filling up the DagBag from /opt/airflow/dags/6_xcoms.py
[2026-09-20T22:46:02.394+0000] {processor.py:809} INFO - DAG(s) dict_keys(['6-XCom']) retrieved from /opt/airflow/dags/6_xcoms.py
[2026-09-20T22:46:02.443+0000] {logging_mixin.py:149} INFO - [2026-09-20T22:46:02.443+0000] {dag.py:2726} INFO - Sync 1 DAGs
[2026-09-20T22:46:02.527+0000] {processor.py:178} INFO - Processing /opt/airflow/dags/6_xcoms.py took 0.170 seconds
[2026-09-20T22:46:33.155+0000] {processor.py:156} INFO - Started process (PID=1777) to work on /opt/airflow/dags/6_xcoms.py
[2026-09-20T22:46:33.158+0000] {processor.py:799} INFO - Processing file /opt/airflow/dags/6_xcoms.py for tasks to queue
[2026-09-20T22:46:33.161+0000] {logging_mixin.py:149} INFO - [2026-09-20T22:46:33.160+0000] {dagbag.py:541} INFO - Filling up the DagBag from /opt/airflow/dags/6_xcoms.py
[2026-09-20T22:46:33.198+0000] {processor.py:809} INFO - DAG(s) dict_keys(['6-XCom']) retrieved from /opt/airflow/dags/6_xcoms.py
[2026-09-20T22:46:33.255+0000] {logging_mixin.py:149} INFO - [2026-09-20T22:46:33.255+0000] {dag.py:2726} INFO - Sync 1 DAGs
[2026-09-20T22:46:33.347+0000] {processor.py:178} INFO - Processing /opt/airflow/dags/6_xcoms.py took 0.200 seconds
[2026-09-20T22:47:04.117+0000] {processor.py:156} INFO - Started process (PID=1786) to work on /opt/airflow/dags/6_xcoms.py
[2026-09-20T22:47:04.126+0000] {processor.py:799} INFO - Processing file /opt/airflow/dags/6_xcoms.py for tasks to queue
[2026-09-20T22:47:04.128+0000] {logging_mixin.py:149} INFO - [2026-09-20T22:47:04.128+0000] {dagbag.py:541} INFO - Filling up the DagBag from /opt/airflow/dags/6_xcoms.py
[2026-09-20T22:47:04.150+0000] {processor.py:809} INFO - DAG(s) dict_keys(['6-XCom']) retrieved from /opt/airflow/dags/6_xcoms.py
[2026-09-20T22:47:04.241+0000] {logging_mixin.py:149} INFO - [2026-09-20T22:47:04.240+0000] {dag.py:2726} INFO - Sync 1 DAGs
[2026-09-20T22:47:04.326+0000] {processor.py:178} INFO - Processing /opt/airflow/dags/6_xcoms.py took 0.215 seconds
[2026-09-20T22:47:34.886+0000] {processor.py:156} INFO - Started process (PID=1795) to work on /opt/airflow/dags/6_xcoms.py
[2026-09-20T22:47:34.889+0000] {processor.py:799} INFO - Processing file /opt/airflow/dags/6_xcoms.py for tasks to queue
[2026-09-20T22:47:34.892+0000] {logging_mixin.py:149} INFO - [2026-09-20T22:47:34.890+0000] {dagbag.py:541} INFO - Filling up the DagBag from /opt/airflow/dags/6_xcoms.py
[2026-09-20T22:47:34.918+0000] {processor.py:809} INFO - DAG(s) dict_keys(['6-XCom']) retrieved from /opt/airflow/dags/6_xcoms.py
[2026-09-20T22:47:34.988+0000] {logging_mixin.py:149} INFO - [2026-09-20T22:47:34.987+0000] {dag.py:2726} INFO - Sync 1 DAGs
[2026-09-20T22:47:35.151+0000] {processor.py:178} INFO - Processing /opt/airflow/dags/6_xcoms.py took 0.278 seconds
[2026-09-20T22:48:05.826+0000] {processor.py:156} INFO - Started process (PID=1806) to work on /opt/airflow/dags/6_xcoms.py
[2026-09-20T22:48:05.836+0000] {processor.py:799} INFO - Processing file /opt/airflow/dags/6_xcoms.py for tasks to queue
[2026-09-20T22:48:05.837+0000] {logging_mixin.py:149} INFO - [2026-09-20T22:48:05.837+0000] {dagbag.py:541} INFO - Filling up the DagBag from /opt/airflow/dags/6_xcoms.py
[2026-09-20T22:48:05.876+0000] {processor.py:809} INFO - DAG(s) dict_keys(['6-XCom']) retrieved from /opt/airflow/dags/6_xcoms.py
[2026-09-20T22:48:05.988+0000] {logging_mixin.py:149} INFO - [2026-09-20T22:48:05.988+0000] {dag.py:2726} INFO - Sync 1 DAGs
[2026-09-20T22:48:06.137+0000] {processor.py:178} INFO - Processing /opt/airflow/dags/6_xcoms.py took 0.322 seconds
[2026-09-20T22:48:36.303+0000] {processor.py:156} INFO - Started process (PID=1816) to work on /opt/airflow/dags/6_xcoms.py
[2026-09-20T22:48:36.307+0000] {processor.py:799} INFO - Processing file /opt/airflow/dags/6_xcoms.py for tasks to queue
[2026-09-20T22:48:36.308+0000] {logging_mixin.py:149} INFO - [2026-09-20T22:48:36.308+0000] {dagbag.py:541} INFO - Filling up the DagBag from /opt/airflow/dags/6_xcoms.py
[2026-09-20T22:48:36.343+0000] {processor.py:809} INFO - DAG(s) dict_keys(['6-XCom']) retrieved from /opt/airflow/dags/6_xcoms.py
[2026-09-20T22:48:36.416+0000] {logging_mixin.py:149} INFO - [2026-09-20T22:48:36.415+0000] {dag.py:2726} INFO - Sync 1 DAGs
[2026-09-20T22:48:36.518+0000] {processor.py:178} INFO - Processing /opt/airflow/dags/6_xcoms.py took 0.224 seconds
[2026-09-20T22:49:07.437+0000] {processor.py:156} INFO - Started process (PID=1826) to work on /opt/airflow/dags/6_xcoms.py
[2026-09-20T22:49:07.439+0000] {processor.py:799} INFO - Processing file /opt/airflow/dags/6_xcoms.py for tasks to queue
[2026-09-20T22:49:07.440+0000] {logging_mixin.py:149} INFO - [2026-09-20T22:49:07.440+0000] {dagbag.py:541} INFO - Filling up the DagBag from /opt/airflow/dags/6_xcoms.py
[2026-09-20T22:49:07.471+0000] {processor.py:809} INFO - DAG(s) dict_keys(['6-XCom']) retrieved from /opt/airflow/dags/6_xcoms.py
[2026-09-20T22:49:07.573+0000] {logging_mixin.py:149} INFO - [2026-09-20T22:49:07.571+0000] {dag.py:2726} INFO - Sync 1 DAGs
[2026-09-20T22:49:07.681+0000] {processor.py:178} INFO - Processing /opt/airflow/dags/6_xcoms.py took 0.250 seconds
[2026-09-20T22:49:37.908+0000] {processor.py:156} INFO - Started process (PID=1839) to work on /opt/airflow/dags/6_xcoms.py
[2026-09-20T22:49:37.917+0000] {processor.py:799} INFO - Processing file /opt/airflow/dags/6_xcoms.py for tasks to queue
[2026-09-20T22:49:37.919+0000] {logging_mixin.py:149} INFO - [2026-09-20T22:49:37.919+0000] {dagbag.py:541} INFO - Filling up the DagBag from /opt/airflow/dags/6_xcoms.py
[2026-09-20T22:49:37.972+0000] {processor.py:809} INFO - DAG(s) dict_keys(['6-XCom']) retrieved from /opt/airflow/dags/6_xcoms.py
[2026-09-20T22:49:38.038+0000] {logging_mixin.py:149} INFO - [2026-09-20T22:49:38.038+0000] {dag.py:2726} INFO - Sync 1 DAGs
[2026-09-20T22:49:38.136+0000] {processor.py:178} INFO - Processing /opt/airflow/dags/6_xcoms.py took 0.236 seconds
[2026-09-20T22:50:08.932+0000] {processor.py:156} INFO - Started process (PID=1849) to work on /opt/airflow/dags/6_xcoms.py
[2026-09-20T22:50:08.935+0000] {processor.py:799} INFO - Processing file /opt/airflow/dags/6_xcoms.py for tasks to queue
[2026-09-20T22:50:08.936+0000] {logging_mixin.py:149} INFO - [2026-09-20T22:50:08.936+0000] {dagbag.py:541} INFO - Filling up the DagBag from /opt/airflow/dags/6_xcoms.py
[2026-09-20T22:50:08.956+0000] {processor.py:809} INFO - DAG(s) dict_keys(['6-XCom']) retrieved from /opt/airflow/dags/6_xcoms.py
[2026-09-20T22:50:09.021+0000] {logging_mixin.py:149} INFO - [2026-09-20T22:50:09.020+0000] {dag.py:2726} INFO - Sync 1 DAGs
[2026-09-20T22:50:09.078+0000] {processor.py:178} INFO - Processing /opt/airflow/dags/6_xcoms.py took 0.151 seconds
[2026-09-20T22:50:39.861+0000] {processor.py:156} INFO - Started process (PID=1862) to work on /opt/airflow/dags/6_xcoms.py
[2026-09-20T22:50:39.867+0000] {processor.py:799} INFO - Processing file /opt/airflow/dags/6_xcoms.py for tasks to queue
[2026-09-20T22:50:39.869+0000] {logging_mixin.py:149} INFO - [2026-09-20T22:50:39.868+0000] {dagbag.py:541} INFO - Filling up the DagBag from /opt/airflow/dags/6_xcoms.py
[2026-09-20T22:50:39.898+0000] {processor.py:809} INFO - DAG(s) dict_keys(['6-XCom']) retrieved from /opt/airflow/dags/6_xcoms.py
[2026-09-20T22:50:39.967+0000] {logging_mixin.py:149} INFO - [2026-09-20T22:50:39.966+0000] {dag.py:2726} INFO - Sync 1 DAGs
[2026-09-20T22:50:40.057+0000] {processor.py:178} INFO - Processing /opt/airflow/dags/6_xcoms.py took 0.210 seconds
[2026-09-20T22:51:10.886+0000] {processor.py:156} INFO - Started process (PID=1872) to work on /opt/airflow/dags/6_xcoms.py
[2026-09-20T22:51:10.890+0000] {processor.py:799} INFO - Processing file /opt/airflow/dags/6_xcoms.py for tasks to queue
[2026-09-20T22:51:10.892+0000] {logging_mixin.py:149} INFO - [2026-09-20T22:51:10.892+0000] {dagbag.py:541} INFO - Filling up the DagBag from /opt/airflow/dags/6_xcoms.py
[2026-09-20T22:51:10.923+0000] {processor.py:809} INFO - DAG(s) dict_keys(['6-XCom']) retrieved from /opt/airflow/dags/6_xcoms.py
[2026-09-20T22:51:10.987+0000] {logging_mixin.py:149} INFO - [2026-09-20T22:51:10.987+0000] {dag.py:2726} INFO - Sync 1 DAGs
[2026-09-20T22:51:11.101+0000] {processor.py:178} INFO - Processing /opt/airflow/dags/6_xcoms.py took 0.224 seconds
[2026-09-20T22:51:41.817+0000] {processor.py:156} INFO - Started process (PID=1882) to work on /opt/airflow/dags/6_xcoms.py
[2026-09-20T22:51:41.822+0000] {processor.py:799} INFO - Processing file /opt/airflow/dags/6_xcoms.py for tasks to queue
[2026-09-20T22:51:41.823+0000] {logging_mixin.py:149} INFO - [2026-09-20T22:51:41.823+0000] {dagbag.py:541} INFO - Filling up the DagBag from /opt/airflow/dags/6_xcoms.py
[2026-09-20T22:51:41.860+0000] {processor.py:809} INFO - DAG(s) dict_keys(['6-XCom']) retrieved from /opt/airflow/dags/6_xcoms.py
[2026-09-20T22:51:41.912+0000] {logging_mixin.py:149} INFO - [2026-09-20T22:51:41.912+0000] {dag.py:2726} INFO - Sync 1 DAGs
[2026-09-20T22:51:42.061+0000] {processor.py:178} INFO - Processing /opt/airflow/dags/6_xcoms.py took 0.249 seconds
[2026-09-20T22:52:12.842+0000] {processor.py:156} INFO - Started process (PID=1896) to work on /opt/airflow/dags/6_xcoms.py
[2026-09-20T22:52:12.847+0000] {processor.py:799} INFO - Processing file /opt/airflow/dags/6_xcoms.py for tasks to queue
[2026-09-20T22:52:12.848+0000] {logging_mixin.py:149} INFO - [2026-09-20T22:52:12.848+0000] {dagbag.py:541} INFO - Filling up the DagBag from /opt/airflow/dags/6_xcoms.py
[2026-09-20T22:52:12.874+0000] {processor.py:809} INFO - DAG(s) dict_keys(['6-XCom']) retrieved from /opt/airflow/dags/6_xcoms.py
[2026-09-20T22:52:12.971+0000] {logging_mixin.py:149} INFO - [2026-09-20T22:52:12.970+0000] {dag.py:2726} INFO - Sync 1 DAGs
[2026-09-20T22:52:13.073+0000] {processor.py:178} INFO - Processing /opt/airflow/dags/6_xcoms.py took 0.239 seconds
[2026-09-20T22:52:43.261+0000] {processor.py:156} INFO - Started process (PID=1906) to work on /opt/airflow/dags/6_xcoms.py
[2026-09-20T22:52:43.263+0000] {processor.py:799} INFO - Processing file /opt/airflow/dags/6_xcoms.py for tasks to queue
[2026-09-20T22:52:43.265+0000] {logging_mixin.py:149} INFO - [2026-09-20T22:52:43.265+0000] {dagbag.py:541} INFO - Filling up the DagBag from /opt/airflow/dags/6_xcoms.py
[2026-09-20T22:52:43.289+0000] {processor.py:809} INFO - DAG(s) dict_keys(['6-XCom']) retrieved from /opt/airflow/dags/6_xcoms.py
[2026-09-20T22:52:43.337+0000] {logging_mixin.py:149} INFO - [2026-09-20T22:52:43.337+0000] {dag.py:2726} INFO - Sync 1 DAGs
[2026-09-20T22:52:43.409+0000] {processor.py:178} INFO - Processing /opt/airflow/dags/6_xcoms.py took 0.155 seconds
[2026-09-20T22:53:13.480+0000] {processor.py:156} INFO - Started process (PID=1914) to work on /opt/airflow/dags/6_xcoms.py
[2026-09-20T22:53:13.483+0000] {processor.py:799} INFO - Processing file /opt/airflow/dags/6_xcoms.py for tasks to queue
[2026-09-20T22:53:13.484+0000] {logging_mixin.py:149} INFO - [2026-09-20T22:53:13.484+0000] {dagbag.py:541} INFO - Filling up the DagBag from /opt/airflow/dags/6_xcoms.py
[2026-09-20T22:53:13.506+0000] {processor.py:809} INFO - DAG(s) dict_keys(['6-XCom']) retrieved from /opt/airflow/dags/6_xcoms.py
[2026-09-20T22:53:13.554+0000] {logging_mixin.py:149} INFO - [2026-09-20T22:53:13.553+0000] {dag.py:2726} INFO - Sync 1 DAGs
[2026-09-20T22:53:13.624+0000] {processor.py:178} INFO - Processing /opt/airflow/dags/6_xcoms.py took 0.150 seconds
[2026-09-20T22:53:44.282+0000] {processor.py:156} INFO - Started process (PID=1924) to work on /opt/airflow/dags/6_xcoms.py
[2026-09-20T22:53:44.285+0000] {processor.py:799} INFO - Processing file /opt/airflow/dags/6_xcoms.py for tasks to queue
[2026-09-20T22:53:44.286+0000] {logging_mixin.py:149} INFO - [2026-09-20T22:53:44.285+0000] {dagbag.py:541} INFO - Filling up the DagBag from /opt/airflow/dags/6_xcoms.py
[2026-09-20T22:53:44.308+0000] {processor.py:809} INFO - DAG(s) dict_keys(['6-XCom']) retrieved from /opt/airflow/dags/6_xcoms.py
[2026-09-20T22:53:44.352+0000] {logging_mixin.py:149} INFO - [2026-09-20T22:53:44.352+0000] {dag.py:2726} INFO - Sync 1 DAGs
[2026-09-20T22:53:44.423+0000] {processor.py:178} INFO - Processing /opt/airflow/dags/6_xcoms.py took 0.147 seconds
[2026-09-20T22:54:15.078+0000] {processor.py:156} INFO - Started process (PID=1934) to work on /opt/airflow/dags/6_xcoms.py
[2026-09-20T22:54:15.087+0000] {processor.py:799} INFO - Processing file /opt/airflow/dags/6_xcoms.py for tasks to queue
[2026-09-20T22:54:15.092+0000] {logging_mixin.py:149} INFO - [2026-09-20T22:54:15.091+0000] {dagbag.py:541} INFO - Filling up the DagBag from /opt/airflow/dags/6_xcoms.py
[2026-09-20T22:54:15.143+0000] {processor.py:809} INFO - DAG(s) dict_keys(['6-XCom']) retrieved from /opt/airflow/dags/6_xcoms.py
[2026-09-20T22:54:15.211+0000] {logging_mixin.py:149} INFO - [2026-09-20T22:54:15.211+0000] {dag.py:2726} INFO - Sync 1 DAGs
[2026-09-20T22:54:15.322+0000] {processor.py:178} INFO - Processing /opt/airflow/dags/6_xcoms.py took 0.253 seconds
[2026-09-20T22:54:46.188+0000] {processor.py:156} INFO - Started process (PID=1944) to work on /opt/airflow/dags/6_xcoms.py
[2026-09-20T22:54:46.191+0000] {processor.py:799} INFO - Processing file /opt/airflow/dags/6_xcoms.py for tasks to queue
[2026-09-20T22:54:46.192+0000] {logging_mixin.py:149} INFO - [2026-09-20T22:54:46.192+0000] {dagbag.py:541} INFO - Filling up the DagBag from /opt/airflow/dags/6_xcoms.py
[2026-09-20T22:54:46.222+0000] {processor.py:809} INFO - DAG(s) dict_keys(['6-XCom']) retrieved from /opt/airflow/dags/6_xcoms.py
[2026-09-20T22:54:46.292+0000] {logging_mixin.py:149} INFO - [2026-09-20T22:54:46.291+0000] {dag.py:2726} INFO - Sync 1 DAGs
[2026-09-20T22:54:46.350+0000] {logging_mixin.py:149} INFO - [2026-09-20T22:54:46.350+0000] {dag.py:3490} INFO - Setting next_dagrun for 6-XCom to 2023-12-19T00:00:00+00:00, run_after=2023-12-20T00:00:00+00:00
[2026-09-20T22:54:46.390+0000] {processor.py:178} INFO - Processing /opt/airflow/dags/6_xcoms.py took 0.215 seconds
[2026-09-20T22:55:16.547+0000] {processor.py:156} INFO - Started process (PID=1954) to work on /opt/airflow/dags/6_xcoms.py
[2026-09-20T22:55:16.550+0000] {processor.py:799} INFO - Processing file /opt/airflow/dags/6_xcoms.py for tasks to queue
[2026-09-20T22:55:16.553+0000] {logging_mixin.py:149} INFO - [2026-09-20T22:55:16.551+0000] {dagbag.py:541} INFO - Filling up the DagBag from /opt/airflow/dags/6_xcoms.py
[2026-09-20T22:55:16.576+0000] {processor.py:809} INFO - DAG(s) dict_keys(['6-XCom']) retrieved from /opt/airflow/dags/6_xcoms.py
[2026-09-20T22:55:16.632+0000] {logging_mixin.py:149} INFO - [2026-09-20T22:55:16.632+0000] {dag.py:2726} INFO - Sync 1 DAGs
[2026-09-20T22:55:16.718+0000] {processor.py:178} INFO - Processing /opt/airflow/dags/6_xcoms.py took 0.184 seconds
[2026-09-20T22:55:47.575+0000] {processor.py:156} INFO - Started process (PID=1964) to work on /opt/airflow/dags/6_xcoms.py
[2026-09-20T22:55:47.581+0000] {processor.py:799} INFO - Processing file /opt/airflow/dags/6_xcoms.py for tasks to queue
[2026-09-20T22:55:47.582+0000] {logging_mixin.py:149} INFO - [2026-09-20T22:55:47.582+0000] {dagbag.py:541} INFO - Filling up the DagBag from /opt/airflow/dags/6_xcoms.py
[2026-09-20T22:55:47.605+0000] {processor.py:809} INFO - DAG(s) dict_keys(['6-XCom']) retrieved from /opt/airflow/dags/6_xcoms.py
[2026-09-20T22:55:47.658+0000] {logging_mixin.py:149} INFO - [2026-09-20T22:55:47.658+0000] {dag.py:2726} INFO - Sync 1 DAGs
[2026-09-20T22:55:47.724+0000] {processor.py:178} INFO - Processing /opt/airflow/dags/6_xcoms.py took 0.156 seconds
[2026-09-20T22:56:18.639+0000] {processor.py:156} INFO - Started process (PID=1974) to work on /opt/airflow/dags/6_xcoms.py
[2026-09-20T22:56:18.644+0000] {processor.py:799} INFO - Processing file /opt/airflow/dags/6_xcoms.py for tasks to queue
[2026-09-20T22:56:18.647+0000] {logging_mixin.py:149} INFO - [2026-09-20T22:56:18.647+0000] {dagbag.py:541} INFO - Filling up the DagBag from /opt/airflow/dags/6_xcoms.py
[2026-09-20T22:56:18.679+0000] {processor.py:809} INFO - DAG(s) dict_keys(['6-XCom']) retrieved from /opt/airflow/dags/6_xcoms.py
[2026-09-20T22:56:18.758+0000] {logging_mixin.py:149} INFO - [2026-09-20T22:56:18.757+0000] {dag.py:2726} INFO - Sync 1 DAGs
[2026-09-20T22:56:18.858+0000] {processor.py:178} INFO - Processing /opt/airflow/dags/6_xcoms.py took 0.225 seconds
[2026-09-20T22:56:48.972+0000] {processor.py:156} INFO - Started process (PID=1984) to work on /opt/airflow/dags/6_xcoms.py
[2026-09-20T22:56:48.974+0000] {processor.py:799} INFO - Processing file /opt/airflow/dags/6_xcoms.py for tasks to queue
[2026-09-20T22:56:48.976+0000] {logging_mixin.py:149} INFO - [2026-09-20T22:56:48.975+0000] {dagbag.py:541} INFO - Filling up the DagBag from /opt/airflow/dags/6_xcoms.py
[2026-09-20T22:56:48.996+0000] {processor.py:809} INFO - DAG(s) dict_keys(['6-XCom']) retrieved from /opt/airflow/dags/6_xcoms.py
[2026-09-20T22:56:49.054+0000] {logging_mixin.py:149} INFO - [2026-09-20T22:56:49.053+0000] {dag.py:2726} INFO - Sync 1 DAGs
[2026-09-20T22:56:49.138+0000] {processor.py:178} INFO - Processing /opt/airflow/dags/6_xcoms.py took 0.179 seconds
[2026-09-20T22:57:19.961+0000] {processor.py:156} INFO - Started process (PID=1994) to work on /opt/airflow/dags/6_xcoms.py
[2026-09-20T22:57:19.964+0000] {processor.py:799} INFO - Processing file /opt/airflow/dags/6_xcoms.py for tasks to queue
[2026-09-20T22:57:19.965+0000] {logging_mixin.py:149} INFO - [2026-09-20T22:57:19.964+0000] {dagbag.py:541} INFO - Filling up the DagBag from /opt/airflow/dags/6_xcoms.py
[2026-09-20T22:57:19.993+0000] {processor.py:809} INFO - DAG(s) dict_keys(['6-XCom']) retrieved from /opt/airflow/dags/6_xcoms.py
[2026-09-20T22:57:20.046+0000] {logging_mixin.py:149} INFO - [2026-09-20T22:57:20.046+0000] {dag.py:2726} INFO - Sync 1 DAGs
[2026-09-20T22:57:20.115+0000] {processor.py:178} INFO - Processing /opt/airflow/dags/6_xcoms.py took 0.164 seconds
[2026-09-20T22:57:50.945+0000] {processor.py:156} INFO - Started process (PID=2004) to work on /opt/airflow/dags/6_xcoms.py
[2026-09-20T22:57:50.947+0000] {processor.py:799} INFO - Processing file /opt/airflow/dags/6_xcoms.py for tasks to queue
[2026-09-20T22:57:50.948+0000] {logging_mixin.py:149} INFO - [2026-09-20T22:57:50.948+0000] {dagbag.py:541} INFO - Filling up the DagBag from /opt/airflow/dags/6_xcoms.py
[2026-09-20T22:57:50.971+0000] {processor.py:809} INFO - DAG(s) dict_keys(['6-XCom']) retrieved from /opt/airflow/dags/6_xcoms.py
[2026-09-20T22:57:51.020+0000] {logging_mixin.py:149} INFO - [2026-09-20T22:57:51.020+0000] {dag.py:2726} INFO - Sync 1 DAGs
[2026-09-20T22:57:51.136+0000] {processor.py:178} INFO - Processing /opt/airflow/dags/6_xcoms.py took 0.200 seconds
[2026-09-20T22:58:21.346+0000] {processor.py:156} INFO - Started process (PID=2015) to work on /opt/airflow/dags/6_xcoms.py
[2026-09-20T22:58:21.348+0000] {processor.py:799} INFO - Processing file /opt/airflow/dags/6_xcoms.py for tasks to queue
[2026-09-20T22:58:21.350+0000] {logging_mixin.py:149} INFO - [2026-09-20T22:58:21.350+0000] {dagbag.py:541} INFO - Filling up the DagBag from /opt/airflow/dags/6_xcoms.py
[2026-09-20T22:58:21.372+0000] {processor.py:809} INFO - DAG(s) dict_keys(['6-XCom']) retrieved from /opt/airflow/dags/6_xcoms.py
[2026-09-20T22:58:21.418+0000] {logging_mixin.py:149} INFO - [2026-09-20T22:58:21.418+0000] {dag.py:2726} INFO - Sync 1 DAGs
[2026-09-20T22:58:21.488+0000] {processor.py:178} INFO - Processing /opt/airflow/dags/6_xcoms.py took 0.153 seconds
[2026-09-20T22:58:51.571+0000] {processor.py:156} INFO - Started process (PID=2025) to work on /opt/airflow/dags/6_xcoms.py
[2026-09-20T22:58:51.574+0000] {processor.py:799} INFO - Processing file /opt/airflow/dags/6_xcoms.py for tasks to queue
[2026-09-20T22:58:51.575+0000] {logging_mixin.py:149} INFO - [2026-09-20T22:58:51.575+0000] {dagbag.py:541} INFO - Filling up the DagBag from /opt/airflow/dags/6_xcoms.py
[2026-09-20T22:58:51.597+0000] {processor.py:809} INFO - DAG(s) dict_keys(['6-XCom']) retrieved from /opt/airflow/dags/6_xcoms.py
[2026-09-20T22:58:51.656+0000] {logging_mixin.py:149} INFO - [2026-09-20T22:58:51.656+0000] {dag.py:2726} INFO - Sync 1 DAGs
[2026-09-20T22:58:51.741+0000] {processor.py:178} INFO - Processing /opt/airflow/dags/6_xcoms.py took 0.175 seconds
[2026-09-20T22:59:21.942+0000] {processor.py:156} INFO - Started process (PID=2035) to work on /opt/airflow/dags/6_xcoms.py
[2026-09-20T22:59:21.945+0000] {processor.py:799} INFO - Processing file /opt/airflow/dags/6_xcoms.py for tasks to queue
[2026-09-20T22:59:21.948+0000] {logging_mixin.py:149} INFO - [2026-09-20T22:59:21.947+0000] {dagbag.py:541} INFO - Filling up the DagBag from /opt/airflow/dags/6_xcoms.py
[2026-09-20T22:59:21.984+0000] {processor.py:809} INFO - DAG(s) dict_keys(['6-XCom']) retrieved from /opt/airflow/dags/6_xcoms.py
[2026-09-20T22:59:22.047+0000] {logging_mixin.py:149} INFO - [2026-09-20T22:59:22.047+0000] {dag.py:2726} INFO - Sync 1 DAGs
[2026-09-20T22:59:22.164+0000] {processor.py:178} INFO - Processing /opt/airflow/dags/6_xcoms.py took 0.237 seconds
[2026-09-20T22:59:52.232+0000] {processor.py:156} INFO - Started process (PID=2045) to work on /opt/airflow/dags/6_xcoms.py
[2026-09-20T22:59:52.236+0000] {processor.py:799} INFO - Processing file /opt/airflow/dags/6_xcoms.py for tasks to queue
[2026-09-20T22:59:52.237+0000] {logging_mixin.py:149} INFO - [2026-09-20T22:59:52.237+0000] {dagbag.py:541} INFO - Filling up the DagBag from /opt/airflow/dags/6_xcoms.py
[2026-09-20T22:59:52.273+0000] {processor.py:809} INFO - DAG(s) dict_keys(['6-XCom']) retrieved from /opt/airflow/dags/6_xcoms.py
[2026-09-20T22:59:52.331+0000] {logging_mixin.py:149} INFO - [2026-09-20T22:59:52.331+0000] {dag.py:2726} INFO - Sync 1 DAGs
[2026-09-20T22:59:52.438+0000] {processor.py:178} INFO - Processing /opt/airflow/dags/6_xcoms.py took 0.217 seconds
[2026-09-20T23:00:22.534+0000] {processor.py:156} INFO - Started process (PID=2055) to work on /opt/airflow/dags/6_xcoms.py
[2026-09-20T23:00:22.537+0000] {processor.py:799} INFO - Processing file /opt/airflow/dags/6_xcoms.py for tasks to queue
[2026-09-20T23:00:22.538+0000] {logging_mixin.py:149} INFO - [2026-09-20T23:00:22.538+0000] {dagbag.py:541} INFO - Filling up the DagBag from /opt/airflow/dags/6_xcoms.py
[2026-09-20T23:00:22.567+0000] {processor.py:809} INFO - DAG(s) dict_keys(['6-XCom']) retrieved from /opt/airflow/dags/6_xcoms.py
[2026-09-20T23:00:22.624+0000] {logging_mixin.py:149} INFO - [2026-09-20T23:00:22.624+0000] {dag.py:2726} INFO - Sync 1 DAGs
[2026-09-20T23:00:22.690+0000] {processor.py:178} INFO - Processing /opt/airflow/dags/6_xcoms.py took 0.162 seconds
[2026-09-20T23:00:53.298+0000] {processor.py:156} INFO - Started process (PID=2064) to work on /opt/airflow/dags/6_xcoms.py
[2026-09-20T23:00:53.300+0000] {processor.py:799} INFO - Processing file /opt/airflow/dags/6_xcoms.py for tasks to queue
[2026-09-20T23:00:53.303+0000] {logging_mixin.py:149} INFO - [2026-09-20T23:00:53.301+0000] {dagbag.py:541} INFO - Filling up the DagBag from /opt/airflow/dags/6_xcoms.py
[2026-09-20T23:00:53.339+0000] {processor.py:809} INFO - DAG(s) dict_keys(['6-XCom']) retrieved from /opt/airflow/dags/6_xcoms.py
[2026-09-20T23:00:53.416+0000] {logging_mixin.py:149} INFO - [2026-09-20T23:00:53.416+0000] {dag.py:2726} INFO - Sync 1 DAGs
[2026-09-20T23:00:53.520+0000] {processor.py:178} INFO - Processing /opt/airflow/dags/6_xcoms.py took 0.232 seconds
[2026-09-20T23:01:24.323+0000] {processor.py:156} INFO - Started process (PID=2074) to work on /opt/airflow/dags/6_xcoms.py
[2026-09-20T23:01:24.332+0000] {processor.py:799} INFO - Processing file /opt/airflow/dags/6_xcoms.py for tasks to queue
[2026-09-20T23:01:24.333+0000] {logging_mixin.py:149} INFO - [2026-09-20T23:01:24.333+0000] {dagbag.py:541} INFO - Filling up the DagBag from /opt/airflow/dags/6_xcoms.py
[2026-09-20T23:01:24.354+0000] {processor.py:809} INFO - DAG(s) dict_keys(['6-XCom']) retrieved from /opt/airflow/dags/6_xcoms.py
[2026-09-20T23:01:24.401+0000] {logging_mixin.py:149} INFO - [2026-09-20T23:01:24.401+0000] {dag.py:2726} INFO - Sync 1 DAGs
[2026-09-20T23:01:24.488+0000] {processor.py:178} INFO - Processing /opt/airflow/dags/6_xcoms.py took 0.171 seconds
[2026-09-20T23:01:55.191+0000] {processor.py:156} INFO - Started process (PID=2084) to work on /opt/airflow/dags/6_xcoms.py
[2026-09-20T23:01:55.195+0000] {processor.py:799} INFO - Processing file /opt/airflow/dags/6_xcoms.py for tasks to queue
[2026-09-20T23:01:55.198+0000] {logging_mixin.py:149} INFO - [2026-09-20T23:01:55.197+0000] {dagbag.py:541} INFO - Filling up the DagBag from /opt/airflow/dags/6_xcoms.py
[2026-09-20T23:01:55.222+0000] {processor.py:809} INFO - DAG(s) dict_keys(['6-XCom']) retrieved from /opt/airflow/dags/6_xcoms.py
[2026-09-20T23:01:55.317+0000] {logging_mixin.py:149} INFO - [2026-09-20T23:01:55.316+0000] {dag.py:2726} INFO - Sync 1 DAGs
[2026-09-20T23:01:55.417+0000] {logging_mixin.py:149} INFO - [2026-09-20T23:01:55.417+0000] {dag.py:3490} INFO - Setting next_dagrun for 6-XCom to 2024-01-20T00:00:00+00:00, run_after=2024-01-21T00:00:00+00:00
[2026-09-20T23:01:55.448+0000] {processor.py:178} INFO - Processing /opt/airflow/dags/6_xcoms.py took 0.263 seconds
[2026-09-20T23:02:26.042+0000] {processor.py:156} INFO - Started process (PID=2094) to work on /opt/airflow/dags/6_xcoms.py
[2026-09-20T23:02:26.045+0000] {processor.py:799} INFO - Processing file /opt/airflow/dags/6_xcoms.py for tasks to queue
[2026-09-20T23:02:26.046+0000] {logging_mixin.py:149} INFO - [2026-09-20T23:02:26.045+0000] {dagbag.py:541} INFO - Filling up the DagBag from /opt/airflow/dags/6_xcoms.py
[2026-09-20T23:02:26.067+0000] {processor.py:809} INFO - DAG(s) dict_keys(['6-XCom']) retrieved from /opt/airflow/dags/6_xcoms.py
[2026-09-20T23:02:26.118+0000] {logging_mixin.py:149} INFO - [2026-09-20T23:02:26.118+0000] {dag.py:2726} INFO - Sync 1 DAGs
[2026-09-20T23:02:26.184+0000] {processor.py:178} INFO - Processing /opt/airflow/dags/6_xcoms.py took 0.153 seconds
[2026-09-20T23:02:56.834+0000] {processor.py:156} INFO - Started process (PID=2104) to work on /opt/airflow/dags/6_xcoms.py
[2026-09-20T23:02:56.836+0000] {processor.py:799} INFO - Processing file /opt/airflow/dags/6_xcoms.py for tasks to queue
[2026-09-20T23:02:56.837+0000] {logging_mixin.py:149} INFO - [2026-09-20T23:02:56.837+0000] {dagbag.py:541} INFO - Filling up the DagBag from /opt/airflow/dags/6_xcoms.py
[2026-09-20T23:02:56.863+0000] {processor.py:809} INFO - DAG(s) dict_keys(['6-XCom']) retrieved from /opt/airflow/dags/6_xcoms.py
[2026-09-20T23:02:56.936+0000] {logging_mixin.py:149} INFO - [2026-09-20T23:02:56.936+0000] {dag.py:2726} INFO - Sync 1 DAGs
[2026-09-20T23:02:57.073+0000] {processor.py:178} INFO - Processing /opt/airflow/dags/6_xcoms.py took 0.247 seconds
[2026-09-20T23:03:27.709+0000] {processor.py:156} INFO - Started process (PID=2114) to work on /opt/airflow/dags/6_xcoms.py
[2026-09-20T23:03:27.711+0000] {processor.py:799} INFO - Processing file /opt/airflow/dags/6_xcoms.py for tasks to queue
[2026-09-20T23:03:27.713+0000] {logging_mixin.py:149} INFO - [2026-09-20T23:03:27.712+0000] {dagbag.py:541} INFO - Filling up the DagBag from /opt/airflow/dags/6_xcoms.py
[2026-09-20T23:03:27.734+0000] {processor.py:809} INFO - DAG(s) dict_keys(['6-XCom']) retrieved from /opt/airflow/dags/6_xcoms.py
[2026-09-20T23:03:27.779+0000] {logging_mixin.py:149} INFO - [2026-09-20T23:03:27.779+0000] {dag.py:2726} INFO - Sync 1 DAGs
[2026-09-20T23:03:27.846+0000] {processor.py:178} INFO - Processing /opt/airflow/dags/6_xcoms.py took 0.144 seconds
[2026-09-20T23:03:58.721+0000] {processor.py:156} INFO - Started process (PID=2124) to work on /opt/airflow/dags/6_xcoms.py
[2026-09-20T23:03:58.724+0000] {processor.py:799} INFO - Processing file /opt/airflow/dags/6_xcoms.py for tasks to queue
[2026-09-20T23:03:58.725+0000] {logging_mixin.py:149} INFO - [2026-09-20T23:03:58.725+0000] {dagbag.py:541} INFO - Filling up the DagBag from /opt/airflow/dags/6_xcoms.py
[2026-09-20T23:03:58.758+0000] {processor.py:809} INFO - DAG(s) dict_keys(['6-XCom']) retrieved from /opt/airflow/dags/6_xcoms.py
[2026-09-20T23:03:58.840+0000] {logging_mixin.py:149} INFO - [2026-09-20T23:03:58.840+0000] {dag.py:2726} INFO - Sync 1 DAGs
[2026-09-20T23:03:58.906+0000] {processor.py:178} INFO - Processing /opt/airflow/dags/6_xcoms.py took 0.191 seconds
[2026-09-20T23:04:29.018+0000] {processor.py:156} INFO - Started process (PID=2134) to work on /opt/airflow/dags/6_xcoms.py
[2026-09-20T23:04:29.024+0000] {processor.py:799} INFO - Processing file /opt/airflow/dags/6_xcoms.py for tasks to queue
[2026-09-20T23:04:29.025+0000] {logging_mixin.py:149} INFO - [2026-09-20T23:04:29.025+0000] {dagbag.py:541} INFO - Filling up the DagBag from /opt/airflow/dags/6_xcoms.py
[2026-09-20T23:04:29.048+0000] {processor.py:809} INFO - DAG(s) dict_keys(['6-XCom']) retrieved from /opt/airflow/dags/6_xcoms.py
[2026-09-20T23:04:29.094+0000] {logging_mixin.py:149} INFO - [2026-09-20T23:04:29.094+0000] {dag.py:2726} INFO - Sync 1 DAGs
[2026-09-20T23:04:29.166+0000] {processor.py:178} INFO - Processing /opt/airflow/dags/6_xcoms.py took 0.155 seconds
[2026-09-20T23:04:59.313+0000] {processor.py:156} INFO - Started process (PID=2144) to work on /opt/airflow/dags/6_xcoms.py
[2026-09-20T23:04:59.319+0000] {processor.py:799} INFO - Processing file /opt/airflow/dags/6_xcoms.py for tasks to queue
[2026-09-20T23:04:59.321+0000] {logging_mixin.py:149} INFO - [2026-09-20T23:04:59.321+0000] {dagbag.py:541} INFO - Filling up the DagBag from /opt/airflow/dags/6_xcoms.py
[2026-09-20T23:04:59.356+0000] {processor.py:809} INFO - DAG(s) dict_keys(['6-XCom']) retrieved from /opt/airflow/dags/6_xcoms.py
[2026-09-20T23:04:59.445+0000] {logging_mixin.py:149} INFO - [2026-09-20T23:04:59.445+0000] {dag.py:2726} INFO - Sync 1 DAGs
[2026-09-20T23:04:59.552+0000] {processor.py:178} INFO - Processing /opt/airflow/dags/6_xcoms.py took 0.256 seconds
[2026-09-20T23:05:29.614+0000] {processor.py:156} INFO - Started process (PID=2154) to work on /opt/airflow/dags/6_xcoms.py
[2026-09-20T23:05:29.616+0000] {processor.py:799} INFO - Processing file /opt/airflow/dags/6_xcoms.py for tasks to queue
[2026-09-20T23:05:29.618+0000] {logging_mixin.py:149} INFO - [2026-09-20T23:05:29.617+0000] {dagbag.py:541} INFO - Filling up the DagBag from /opt/airflow/dags/6_xcoms.py
[2026-09-20T23:05:29.642+0000] {processor.py:809} INFO - DAG(s) dict_keys(['6-XCom']) retrieved from /opt/airflow/dags/6_xcoms.py
[2026-09-20T23:05:29.710+0000] {logging_mixin.py:149} INFO - [2026-09-20T23:05:29.710+0000] {dag.py:2726} INFO - Sync 1 DAGs
[2026-09-20T23:05:29.798+0000] {processor.py:178} INFO - Processing /opt/airflow/dags/6_xcoms.py took 0.190 seconds
[2026-09-20T23:06:00.748+0000] {processor.py:156} INFO - Started process (PID=2164) to work on /opt/airflow/dags/6_xcoms.py
[2026-09-20T23:06:00.751+0000] {processor.py:799} INFO - Processing file /opt/airflow/dags/6_xcoms.py for tasks to queue
[2026-09-20T23:06:00.752+0000] {logging_mixin.py:149} INFO - [2026-09-20T23:06:00.752+0000] {dagbag.py:541} INFO - Filling up the DagBag from /opt/airflow/dags/6_xcoms.py
[2026-09-20T23:06:00.780+0000] {processor.py:809} INFO - DAG(s) dict_keys(['6-XCom']) retrieved from /opt/airflow/dags/6_xcoms.py
[2026-09-20T23:06:00.861+0000] {logging_mixin.py:149} INFO - [2026-09-20T23:06:00.861+0000] {dag.py:2726} INFO - Sync 1 DAGs
[2026-09-20T23:06:00.956+0000] {processor.py:178} INFO - Processing /opt/airflow/dags/6_xcoms.py took 0.214 seconds
[2026-09-20T23:06:31.852+0000] {processor.py:156} INFO - Started process (PID=2174) to work on /opt/airflow/dags/6_xcoms.py
[2026-09-20T23:06:31.857+0000] {processor.py:799} INFO - Processing file /opt/airflow/dags/6_xcoms.py for tasks to queue
[2026-09-20T23:06:31.859+0000] {logging_mixin.py:149} INFO - [2026-09-20T23:06:31.859+0000] {dagbag.py:541} INFO - Filling up the DagBag from /opt/airflow/dags/6_xcoms.py
[2026-09-20T23:06:31.886+0000] {processor.py:809} INFO - DAG(s) dict_keys(['6-XCom']) retrieved from /opt/airflow/dags/6_xcoms.py
[2026-09-20T23:06:31.977+0000] {logging_mixin.py:149} INFO - [2026-09-20T23:06:31.977+0000] {dag.py:2726} INFO - Sync 1 DAGs
[2026-09-20T23:06:32.076+0000] {processor.py:178} INFO - Processing /opt/airflow/dags/6_xcoms.py took 0.234 seconds
[2026-09-20T23:07:02.122+0000] {processor.py:156} INFO - Started process (PID=2184) to work on /opt/airflow/dags/6_xcoms.py
[2026-09-20T23:07:02.125+0000] {processor.py:799} INFO - Processing file /opt/airflow/dags/6_xcoms.py for tasks to queue
[2026-09-20T23:07:02.127+0000] {logging_mixin.py:149} INFO - [2026-09-20T23:07:02.126+0000] {dagbag.py:541} INFO - Filling up the DagBag from /opt/airflow/dags/6_xcoms.py
[2026-09-20T23:07:02.148+0000] {processor.py:809} INFO - DAG(s) dict_keys(['6-XCom']) retrieved from /opt/airflow/dags/6_xcoms.py
[2026-09-20T23:07:02.211+0000] {logging_mixin.py:149} INFO - [2026-09-20T23:07:02.211+0000] {dag.py:2726} INFO - Sync 1 DAGs
[2026-09-20T23:07:02.298+0000] {processor.py:178} INFO - Processing /opt/airflow/dags/6_xcoms.py took 0.182 seconds
[2026-09-20T23:07:32.362+0000] {processor.py:156} INFO - Started process (PID=2194) to work on /opt/airflow/dags/6_xcoms.py
[2026-09-20T23:07:32.365+0000] {processor.py:799} INFO - Processing file /opt/airflow/dags/6_xcoms.py for tasks to queue
[2026-09-20T23:07:32.366+0000] {logging_mixin.py:149} INFO - [2026-09-20T23:07:32.366+0000] {dagbag.py:541} INFO - Filling up the DagBag from /opt/airflow/dags/6_xcoms.py
[2026-09-20T23:07:32.387+0000] {processor.py:809} INFO - DAG(s) dict_keys(['6-XCom']) retrieved from /opt/airflow/dags/6_xcoms.py
[2026-09-20T23:07:32.442+0000] {logging_mixin.py:149} INFO - [2026-09-20T23:07:32.441+0000] {dag.py:2726} INFO - Sync 1 DAGs
[2026-09-20T23:07:32.509+0000] {processor.py:178} INFO - Processing /opt/airflow/dags/6_xcoms.py took 0.155 seconds
[2026-09-20T23:08:02.630+0000] {processor.py:156} INFO - Started process (PID=2204) to work on /opt/airflow/dags/6_xcoms.py
[2026-09-20T23:08:02.634+0000] {processor.py:799} INFO - Processing file /opt/airflow/dags/6_xcoms.py for tasks to queue
[2026-09-20T23:08:02.636+0000] {logging_mixin.py:149} INFO - [2026-09-20T23:08:02.635+0000] {dagbag.py:541} INFO - Filling up the DagBag from /opt/airflow/dags/6_xcoms.py
[2026-09-20T23:08:02.658+0000] {processor.py:809} INFO - DAG(s) dict_keys(['6-XCom']) retrieved from /opt/airflow/dags/6_xcoms.py
[2026-09-20T23:08:02.711+0000] {logging_mixin.py:149} INFO - [2026-09-20T23:08:02.711+0000] {dag.py:2726} INFO - Sync 1 DAGs
[2026-09-20T23:08:02.805+0000] {processor.py:178} INFO - Processing /opt/airflow/dags/6_xcoms.py took 0.184 seconds
[2026-09-20T23:08:33.641+0000] {processor.py:156} INFO - Started process (PID=2214) to work on /opt/airflow/dags/6_xcoms.py
[2026-09-20T23:08:33.644+0000] {processor.py:799} INFO - Processing file /opt/airflow/dags/6_xcoms.py for tasks to queue
[2026-09-20T23:08:33.648+0000] {logging_mixin.py:149} INFO - [2026-09-20T23:08:33.645+0000] {dagbag.py:541} INFO - Filling up the DagBag from /opt/airflow/dags/6_xcoms.py
[2026-09-20T23:08:33.671+0000] {processor.py:809} INFO - DAG(s) dict_keys(['6-XCom']) retrieved from /opt/airflow/dags/6_xcoms.py
[2026-09-20T23:08:33.717+0000] {logging_mixin.py:149} INFO - [2026-09-20T23:08:33.717+0000] {dag.py:2726} INFO - Sync 1 DAGs
[2026-09-20T23:08:33.786+0000] {processor.py:178} INFO - Processing /opt/airflow/dags/6_xcoms.py took 0.153 seconds
[2026-09-20T23:09:04.584+0000] {processor.py:156} INFO - Started process (PID=2224) to work on /opt/airflow/dags/6_xcoms.py
[2026-09-20T23:09:04.588+0000] {processor.py:799} INFO - Processing file /opt/airflow/dags/6_xcoms.py for tasks to queue
[2026-09-20T23:09:04.590+0000] {logging_mixin.py:149} INFO - [2026-09-20T23:09:04.589+0000] {dagbag.py:541} INFO - Filling up the DagBag from /opt/airflow/dags/6_xcoms.py
[2026-09-20T23:09:04.622+0000] {processor.py:809} INFO - DAG(s) dict_keys(['6-XCom']) retrieved from /opt/airflow/dags/6_xcoms.py
[2026-09-20T23:09:04.694+0000] {logging_mixin.py:149} INFO - [2026-09-20T23:09:04.693+0000] {dag.py:2726} INFO - Sync 1 DAGs
[2026-09-20T23:09:04.801+0000] {processor.py:178} INFO - Processing /opt/airflow/dags/6_xcoms.py took 0.228 seconds
[2026-09-20T23:09:35.554+0000] {processor.py:156} INFO - Started process (PID=2234) to work on /opt/airflow/dags/6_xcoms.py
[2026-09-20T23:09:35.557+0000] {processor.py:799} INFO - Processing file /opt/airflow/dags/6_xcoms.py for tasks to queue
[2026-09-20T23:09:35.558+0000] {logging_mixin.py:149} INFO - [2026-09-20T23:09:35.558+0000] {dagbag.py:541} INFO - Filling up the DagBag from /opt/airflow/dags/6_xcoms.py
[2026-09-20T23:09:35.584+0000] {processor.py:809} INFO - DAG(s) dict_keys(['6-XCom']) retrieved from /opt/airflow/dags/6_xcoms.py
[2026-09-20T23:09:35.659+0000] {logging_mixin.py:149} INFO - [2026-09-20T23:09:35.659+0000] {dag.py:2726} INFO - Sync 1 DAGs
[2026-09-20T23:09:35.750+0000] {processor.py:178} INFO - Processing /opt/airflow/dags/6_xcoms.py took 0.204 seconds
[2026-09-20T23:10:06.500+0000] {processor.py:156} INFO - Started process (PID=2244) to work on /opt/airflow/dags/6_xcoms.py
[2026-09-20T23:10:06.502+0000] {processor.py:799} INFO - Processing file /opt/airflow/dags/6_xcoms.py for tasks to queue
[2026-09-20T23:10:06.503+0000] {logging_mixin.py:149} INFO - [2026-09-20T23:10:06.503+0000] {dagbag.py:541} INFO - Filling up the DagBag from /opt/airflow/dags/6_xcoms.py
[2026-09-20T23:10:06.526+0000] {processor.py:809} INFO - DAG(s) dict_keys(['6-XCom']) retrieved from /opt/airflow/dags/6_xcoms.py
[2026-09-20T23:10:06.612+0000] {logging_mixin.py:149} INFO - [2026-09-20T23:10:06.611+0000] {dag.py:2726} INFO - Sync 1 DAGs
[2026-09-20T23:10:06.688+0000] {processor.py:178} INFO - Processing /opt/airflow/dags/6_xcoms.py took 0.196 seconds
[2026-09-20T23:10:36.766+0000] {processor.py:156} INFO - Started process (PID=2254) to work on /opt/airflow/dags/6_xcoms.py
[2026-09-20T23:10:36.768+0000] {processor.py:799} INFO - Processing file /opt/airflow/dags/6_xcoms.py for tasks to queue
[2026-09-20T23:10:36.769+0000] {logging_mixin.py:149} INFO - [2026-09-20T23:10:36.769+0000] {dagbag.py:541} INFO - Filling up the DagBag from /opt/airflow/dags/6_xcoms.py
[2026-09-20T23:10:36.792+0000] {processor.py:809} INFO - DAG(s) dict_keys(['6-XCom']) retrieved from /opt/airflow/dags/6_xcoms.py
[2026-09-20T23:10:36.842+0000] {logging_mixin.py:149} INFO - [2026-09-20T23:10:36.841+0000] {dag.py:2726} INFO - Sync 1 DAGs
[2026-09-20T23:10:36.909+0000] {processor.py:178} INFO - Processing /opt/airflow/dags/6_xcoms.py took 0.149 seconds
[2026-09-20T23:11:06.997+0000] {processor.py:156} INFO - Started process (PID=2264) to work on /opt/airflow/dags/6_xcoms.py
[2026-09-20T23:11:06.999+0000] {processor.py:799} INFO - Processing file /opt/airflow/dags/6_xcoms.py for tasks to queue
[2026-09-20T23:11:07.000+0000] {logging_mixin.py:149} INFO - [2026-09-20T23:11:07.000+0000] {dagbag.py:541} INFO - Filling up the DagBag from /opt/airflow/dags/6_xcoms.py
[2026-09-20T23:11:07.021+0000] {processor.py:809} INFO - DAG(s) dict_keys(['6-XCom']) retrieved from /opt/airflow/dags/6_xcoms.py
[2026-09-20T23:11:07.080+0000] {logging_mixin.py:149} INFO - [2026-09-20T23:11:07.080+0000] {dag.py:2726} INFO - Sync 1 DAGs
[2026-09-20T23:11:07.161+0000] {processor.py:178} INFO - Processing /opt/airflow/dags/6_xcoms.py took 0.169 seconds
[2026-09-20T23:11:37.373+0000] {processor.py:156} INFO - Started process (PID=2274) to work on /opt/airflow/dags/6_xcoms.py
[2026-09-20T23:11:37.375+0000] {processor.py:799} INFO - Processing file /opt/airflow/dags/6_xcoms.py for tasks to queue
[2026-09-20T23:11:37.379+0000] {logging_mixin.py:149} INFO - [2026-09-20T23:11:37.378+0000] {dagbag.py:541} INFO - Filling up the DagBag from /opt/airflow/dags/6_xcoms.py
[2026-09-20T23:11:37.407+0000] {processor.py:809} INFO - DAG(s) dict_keys(['6-XCom']) retrieved from /opt/airflow/dags/6_xcoms.py
[2026-09-20T23:11:37.459+0000] {logging_mixin.py:149} INFO - [2026-09-20T23:11:37.459+0000] {dag.py:2726} INFO - Sync 1 DAGs
[2026-09-20T23:11:37.557+0000] {processor.py:178} INFO - Processing /opt/airflow/dags/6_xcoms.py took 0.190 seconds
[2026-09-20T23:12:07.664+0000] {processor.py:156} INFO - Started process (PID=2284) to work on /opt/airflow/dags/6_xcoms.py
[2026-09-20T23:12:07.667+0000] {processor.py:799} INFO - Processing file /opt/airflow/dags/6_xcoms.py for tasks to queue
[2026-09-20T23:12:07.668+0000] {logging_mixin.py:149} INFO - [2026-09-20T23:12:07.667+0000] {dagbag.py:541} INFO - Filling up the DagBag from /opt/airflow/dags/6_xcoms.py
[2026-09-20T23:12:07.692+0000] {processor.py:809} INFO - DAG(s) dict_keys(['6-XCom']) retrieved from /opt/airflow/dags/6_xcoms.py
[2026-09-20T23:12:07.754+0000] {logging_mixin.py:149} INFO - [2026-09-20T23:12:07.753+0000] {dag.py:2726} INFO - Sync 1 DAGs
[2026-09-20T23:12:07.831+0000] {processor.py:178} INFO - Processing /opt/airflow/dags/6_xcoms.py took 0.174 seconds
[2026-09-20T23:12:37.900+0000] {processor.py:156} INFO - Started process (PID=2294) to work on /opt/airflow/dags/6_xcoms.py
[2026-09-20T23:12:37.906+0000] {processor.py:799} INFO - Processing file /opt/airflow/dags/6_xcoms.py for tasks to queue
[2026-09-20T23:12:37.907+0000] {logging_mixin.py:149} INFO - [2026-09-20T23:12:37.907+0000] {dagbag.py:541} INFO - Filling up the DagBag from /opt/airflow/dags/6_xcoms.py
[2026-09-20T23:12:37.930+0000] {processor.py:809} INFO - DAG(s) dict_keys(['6-XCom']) retrieved from /opt/airflow/dags/6_xcoms.py
[2026-09-20T23:12:37.992+0000] {logging_mixin.py:149} INFO - [2026-09-20T23:12:37.992+0000] {dag.py:2726} INFO - Sync 1 DAGs
[2026-09-20T23:12:38.072+0000] {processor.py:178} INFO - Processing /opt/airflow/dags/6_xcoms.py took 0.179 seconds
[2026-09-20T23:13:08.119+0000] {processor.py:156} INFO - Started process (PID=2304) to work on /opt/airflow/dags/6_xcoms.py
[2026-09-20T23:13:08.126+0000] {processor.py:799} INFO - Processing file /opt/airflow/dags/6_xcoms.py for tasks to queue
[2026-09-20T23:13:08.128+0000] {logging_mixin.py:149} INFO - [2026-09-20T23:13:08.127+0000] {dagbag.py:541} INFO - Filling up the DagBag from /opt/airflow/dags/6_xcoms.py
[2026-09-20T23:13:08.154+0000] {processor.py:809} INFO - DAG(s) dict_keys(['6-XCom']) retrieved from /opt/airflow/dags/6_xcoms.py
[2026-09-20T23:13:08.204+0000] {logging_mixin.py:149} INFO - [2026-09-20T23:13:08.204+0000] {dag.py:2726} INFO - Sync 1 DAGs
[2026-09-20T23:13:08.281+0000] {processor.py:178} INFO - Processing /opt/airflow/dags/6_xcoms.py took 0.167 seconds
[2026-09-20T23:13:38.323+0000] {processor.py:156} INFO - Started process (PID=2314) to work on /opt/airflow/dags/6_xcoms.py
[2026-09-20T23:13:38.326+0000] {processor.py:799} INFO - Processing file /opt/airflow/dags/6_xcoms.py for tasks to queue
[2026-09-20T23:13:38.328+0000] {logging_mixin.py:149} INFO - [2026-09-20T23:13:38.327+0000] {dagbag.py:541} INFO - Filling up the DagBag from /opt/airflow/dags/6_xcoms.py
[2026-09-20T23:13:38.360+0000] {processor.py:809} INFO - DAG(s) dict_keys(['6-XCom']) retrieved from /opt/airflow/dags/6_xcoms.py
[2026-09-20T23:13:38.426+0000] {logging_mixin.py:149} INFO - [2026-09-20T23:13:38.426+0000] {dag.py:2726} INFO - Sync 1 DAGs
[2026-09-20T23:13:38.538+0000] {processor.py:178} INFO - Processing /opt/airflow/dags/6_xcoms.py took 0.220 seconds
[2026-09-20T23:14:09.523+0000] {processor.py:156} INFO - Started process (PID=2324) to work on /opt/airflow/dags/6_xcoms.py
[2026-09-20T23:14:09.528+0000] {processor.py:799} INFO - Processing file /opt/airflow/dags/6_xcoms.py for tasks to queue
[2026-09-20T23:14:09.529+0000] {logging_mixin.py:149} INFO - [2026-09-20T23:14:09.529+0000] {dagbag.py:541} INFO - Filling up the DagBag from /opt/airflow/dags/6_xcoms.py
[2026-09-20T23:14:09.555+0000] {processor.py:809} INFO - DAG(s) dict_keys(['6-XCom']) retrieved from /opt/airflow/dags/6_xcoms.py
[2026-09-20T23:14:09.642+0000] {logging_mixin.py:149} INFO - [2026-09-20T23:14:09.641+0000] {dag.py:2726} INFO - Sync 1 DAGs
[2026-09-20T23:14:09.735+0000] {processor.py:178} INFO - Processing /opt/airflow/dags/6_xcoms.py took 0.218 seconds
[2026-09-20T23:14:39.785+0000] {processor.py:156} INFO - Started process (PID=2334) to work on /opt/airflow/dags/6_xcoms.py
[2026-09-20T23:14:39.789+0000] {processor.py:799} INFO - Processing file /opt/airflow/dags/6_xcoms.py for tasks to queue
[2026-09-20T23:14:39.794+0000] {logging_mixin.py:149} INFO - [2026-09-20T23:14:39.794+0000] {dagbag.py:541} INFO - Filling up the DagBag from /opt/airflow/dags/6_xcoms.py
[2026-09-20T23:14:39.817+0000] {processor.py:809} INFO - DAG(s) dict_keys(['6-XCom']) retrieved from /opt/airflow/dags/6_xcoms.py
[2026-09-20T23:14:39.867+0000] {logging_mixin.py:149} INFO - [2026-09-20T23:14:39.867+0000] {dag.py:2726} INFO - Sync 1 DAGs
[2026-09-20T23:14:39.952+0000] {processor.py:178} INFO - Processing /opt/airflow/dags/6_xcoms.py took 0.174 seconds
[2026-09-20T23:15:09.988+0000] {processor.py:156} INFO - Started process (PID=2344) to work on /opt/airflow/dags/6_xcoms.py
[2026-09-20T23:15:09.990+0000] {processor.py:799} INFO - Processing file /opt/airflow/dags/6_xcoms.py for tasks to queue
[2026-09-20T23:15:09.991+0000] {logging_mixin.py:149} INFO - [2026-09-20T23:15:09.991+0000] {dagbag.py:541} INFO - Filling up the DagBag from /opt/airflow/dags/6_xcoms.py
[2026-09-20T23:15:10.013+0000] {processor.py:809} INFO - DAG(s) dict_keys(['6-XCom']) retrieved from /opt/airflow/dags/6_xcoms.py
[2026-09-20T23:15:10.061+0000] {logging_mixin.py:149} INFO - [2026-09-20T23:15:10.061+0000] {dag.py:2726} INFO - Sync 1 DAGs
[2026-09-20T23:15:10.132+0000] {processor.py:178} INFO - Processing /opt/airflow/dags/6_xcoms.py took 0.150 seconds
[2026-09-20T23:15:40.177+0000] {processor.py:156} INFO - Started process (PID=2354) to work on /opt/airflow/dags/6_xcoms.py
[2026-09-20T23:15:40.179+0000] {processor.py:799} INFO - Processing file /opt/airflow/dags/6_xcoms.py for tasks to queue
[2026-09-20T23:15:40.180+0000] {logging_mixin.py:149} INFO - [2026-09-20T23:15:40.180+0000] {dagbag.py:541} INFO - Filling up the DagBag from /opt/airflow/dags/6_xcoms.py
[2026-09-20T23:15:40.212+0000] {processor.py:809} INFO - DAG(s) dict_keys(['6-XCom']) retrieved from /opt/airflow/dags/6_xcoms.py
[2026-09-20T23:15:40.283+0000] {logging_mixin.py:149} INFO - [2026-09-20T23:15:40.282+0000] {dag.py:2726} INFO - Sync 1 DAGs
[2026-09-20T23:15:40.386+0000] {processor.py:178} INFO - Processing /opt/airflow/dags/6_xcoms.py took 0.216 seconds
[2026-09-20T23:16:10.498+0000] {processor.py:156} INFO - Started process (PID=2364) to work on /opt/airflow/dags/6_xcoms.py
[2026-09-20T23:16:10.500+0000] {processor.py:799} INFO - Processing file /opt/airflow/dags/6_xcoms.py for tasks to queue
[2026-09-20T23:16:10.501+0000] {logging_mixin.py:149} INFO - [2026-09-20T23:16:10.501+0000] {dagbag.py:541} INFO - Filling up the DagBag from /opt/airflow/dags/6_xcoms.py
[2026-09-20T23:16:10.525+0000] {processor.py:809} INFO - DAG(s) dict_keys(['6-XCom']) retrieved from /opt/airflow/dags/6_xcoms.py
[2026-09-20T23:16:10.577+0000] {logging_mixin.py:149} INFO - [2026-09-20T23:16:10.576+0000] {dag.py:2726} INFO - Sync 1 DAGs
[2026-09-20T23:16:10.659+0000] {processor.py:178} INFO - Processing /opt/airflow/dags/6_xcoms.py took 0.167 seconds
[2026-09-20T23:16:40.707+0000] {processor.py:156} INFO - Started process (PID=2374) to work on /opt/airflow/dags/6_xcoms.py
[2026-09-20T23:16:40.710+0000] {processor.py:799} INFO - Processing file /opt/airflow/dags/6_xcoms.py for tasks to queue
[2026-09-20T23:16:40.712+0000] {logging_mixin.py:149} INFO - [2026-09-20T23:16:40.711+0000] {dagbag.py:541} INFO - Filling up the DagBag from /opt/airflow/dags/6_xcoms.py
[2026-09-20T23:16:40.734+0000] {processor.py:809} INFO - DAG(s) dict_keys(['6-XCom']) retrieved from /opt/airflow/dags/6_xcoms.py
[2026-09-20T23:16:40.806+0000] {logging_mixin.py:149} INFO - [2026-09-20T23:16:40.805+0000] {dag.py:2726} INFO - Sync 1 DAGs
[2026-09-20T23:16:40.895+0000] {processor.py:178} INFO - Processing /opt/airflow/dags/6_xcoms.py took 0.195 seconds
[2026-09-20T23:17:11.005+0000] {processor.py:156} INFO - Started process (PID=2384) to work on /opt/airflow/dags/6_xcoms.py
[2026-09-20T23:17:11.007+0000] {processor.py:799} INFO - Processing file /opt/airflow/dags/6_xcoms.py for tasks to queue
[2026-09-20T23:17:11.008+0000] {logging_mixin.py:149} INFO - [2026-09-20T23:17:11.008+0000] {dagbag.py:541} INFO - Filling up the DagBag from /opt/airflow/dags/6_xcoms.py
[2026-09-20T23:17:11.032+0000] {processor.py:809} INFO - DAG(s) dict_keys(['6-XCom']) retrieved from /opt/airflow/dags/6_xcoms.py
[2026-09-20T23:17:11.090+0000] {logging_mixin.py:149} INFO - [2026-09-20T23:17:11.090+0000] {dag.py:2726} INFO - Sync 1 DAGs
[2026-09-20T23:17:11.161+0000] {processor.py:178} INFO - Processing /opt/airflow/dags/6_xcoms.py took 0.164 seconds
[2026-09-20T23:17:41.291+0000] {processor.py:156} INFO - Started process (PID=2394) to work on /opt/airflow/dags/6_xcoms.py
[2026-09-20T23:17:41.294+0000] {processor.py:799} INFO - Processing file /opt/airflow/dags/6_xcoms.py for tasks to queue
[2026-09-20T23:17:41.299+0000] {logging_mixin.py:149} INFO - [2026-09-20T23:17:41.299+0000] {dagbag.py:541} INFO - Filling up the DagBag from /opt/airflow/dags/6_xcoms.py
[2026-09-20T23:17:41.320+0000] {processor.py:809} INFO - DAG(s) dict_keys(['6-XCom']) retrieved from /opt/airflow/dags/6_xcoms.py
[2026-09-20T23:17:41.388+0000] {logging_mixin.py:149} INFO - [2026-09-20T23:17:41.387+0000] {dag.py:2726} INFO - Sync 1 DAGs
[2026-09-20T23:17:41.443+0000] {logging_mixin.py:149} INFO - [2026-09-20T23:17:41.443+0000] {dag.py:3490} INFO - Setting next_dagrun for 6-XCom to 2024-03-31T00:00:00+00:00, run_after=2024-04-01T00:00:00+00:00
[2026-09-20T23:17:41.501+0000] {processor.py:178} INFO - Processing /opt/airflow/dags/6_xcoms.py took 0.217 seconds
[2026-09-20T23:18:11.674+0000] {processor.py:156} INFO - Started process (PID=2404) to work on /opt/airflow/dags/6_xcoms.py
[2026-09-20T23:18:11.676+0000] {processor.py:799} INFO - Processing file /opt/airflow/dags/6_xcoms.py for tasks to queue
[2026-09-20T23:18:11.678+0000] {logging_mixin.py:149} INFO - [2026-09-20T23:18:11.677+0000] {dagbag.py:541} INFO - Filling up the DagBag from /opt/airflow/dags/6_xcoms.py
[2026-09-20T23:18:11.700+0000] {processor.py:809} INFO - DAG(s) dict_keys(['6-XCom']) retrieved from /opt/airflow/dags/6_xcoms.py
[2026-09-20T23:18:11.750+0000] {logging_mixin.py:149} INFO - [2026-09-20T23:18:11.750+0000] {dag.py:2726} INFO - Sync 1 DAGs
[2026-09-20T23:18:11.833+0000] {processor.py:178} INFO - Processing /opt/airflow/dags/6_xcoms.py took 0.164 seconds
[2026-09-20T23:18:41.909+0000] {processor.py:156} INFO - Started process (PID=2414) to work on /opt/airflow/dags/6_xcoms.py
[2026-09-20T23:18:41.913+0000] {processor.py:799} INFO - Processing file /opt/airflow/dags/6_xcoms.py for tasks to queue
[2026-09-20T23:18:41.918+0000] {logging_mixin.py:149} INFO - [2026-09-20T23:18:41.918+0000] {dagbag.py:541} INFO - Filling up the DagBag from /opt/airflow/dags/6_xcoms.py
[2026-09-20T23:18:41.966+0000] {processor.py:809} INFO - DAG(s) dict_keys(['6-XCom']) retrieved from /opt/airflow/dags/6_xcoms.py
[2026-09-20T23:18:42.027+0000] {logging_mixin.py:149} INFO - [2026-09-20T23:18:42.027+0000] {dag.py:2726} INFO - Sync 1 DAGs
[2026-09-20T23:18:42.096+0000] {processor.py:178} INFO - Processing /opt/airflow/dags/6_xcoms.py took 0.197 seconds
[2026-09-20T23:19:12.207+0000] {processor.py:156} INFO - Started process (PID=2424) to work on /opt/airflow/dags/6_xcoms.py
[2026-09-20T23:19:12.209+0000] {processor.py:799} INFO - Processing file /opt/airflow/dags/6_xcoms.py for tasks to queue
[2026-09-20T23:19:12.210+0000] {logging_mixin.py:149} INFO - [2026-09-20T23:19:12.210+0000] {dagbag.py:541} INFO - Filling up the DagBag from /opt/airflow/dags/6_xcoms.py
[2026-09-20T23:19:12.231+0000] {processor.py:809} INFO - DAG(s) dict_keys(['6-XCom']) retrieved from /opt/airflow/dags/6_xcoms.py
[2026-09-20T23:19:12.290+0000] {logging_mixin.py:149} INFO - [2026-09-20T23:19:12.290+0000] {dag.py:2726} INFO - Sync 1 DAGs
[2026-09-20T23:19:12.372+0000] {processor.py:178} INFO - Processing /opt/airflow/dags/6_xcoms.py took 0.172 seconds
[2026-09-20T23:19:43.228+0000] {processor.py:156} INFO - Started process (PID=2434) to work on /opt/airflow/dags/6_xcoms.py
[2026-09-20T23:19:43.230+0000] {processor.py:799} INFO - Processing file /opt/airflow/dags/6_xcoms.py for tasks to queue
[2026-09-20T23:19:43.231+0000] {logging_mixin.py:149} INFO - [2026-09-20T23:19:43.231+0000] {dagbag.py:541} INFO - Filling up the DagBag from /opt/airflow/dags/6_xcoms.py
[2026-09-20T23:19:43.256+0000] {processor.py:809} INFO - DAG(s) dict_keys(['6-XCom']) retrieved from /opt/airflow/dags/6_xcoms.py
[2026-09-20T23:19:43.304+0000] {logging_mixin.py:149} INFO - [2026-09-20T23:19:43.304+0000] {dag.py:2726} INFO - Sync 1 DAGs
[2026-09-20T23:19:43.337+0000] {logging_mixin.py:149} INFO - [2026-09-20T23:19:43.337+0000] {dag.py:3490} INFO - Setting next_dagrun for 6-XCom to 2024-04-09T00:00:00+00:00, run_after=2024-04-10T00:00:00+00:00
[2026-09-20T23:19:43.358+0000] {processor.py:178} INFO - Processing /opt/airflow/dags/6_xcoms.py took 0.136 seconds
[2026-09-20T23:20:14.115+0000] {processor.py:156} INFO - Started process (PID=2444) to work on /opt/airflow/dags/6_xcoms.py
[2026-09-20T23:20:14.117+0000] {processor.py:799} INFO - Processing file /opt/airflow/dags/6_xcoms.py for tasks to queue
[2026-09-20T23:20:14.118+0000] {logging_mixin.py:149} INFO - [2026-09-20T23:20:14.118+0000] {dagbag.py:541} INFO - Filling up the DagBag from /opt/airflow/dags/6_xcoms.py
[2026-09-20T23:20:14.141+0000] {processor.py:809} INFO - DAG(s) dict_keys(['6-XCom']) retrieved from /opt/airflow/dags/6_xcoms.py
[2026-09-20T23:20:14.196+0000] {logging_mixin.py:149} INFO - [2026-09-20T23:20:14.196+0000] {dag.py:2726} INFO - Sync 1 DAGs
[2026-09-20T23:20:14.288+0000] {processor.py:178} INFO - Processing /opt/airflow/dags/6_xcoms.py took 0.180 seconds
[2026-09-20T23:20:45.128+0000] {processor.py:156} INFO - Started process (PID=2454) to work on /opt/airflow/dags/6_xcoms.py
[2026-09-20T23:20:45.130+0000] {processor.py:799} INFO - Processing file /opt/airflow/dags/6_xcoms.py for tasks to queue
[2026-09-20T23:20:45.136+0000] {logging_mixin.py:149} INFO - [2026-09-20T23:20:45.135+0000] {dagbag.py:541} INFO - Filling up the DagBag from /opt/airflow/dags/6_xcoms.py
[2026-09-20T23:20:45.161+0000] {processor.py:809} INFO - DAG(s) dict_keys(['6-XCom']) retrieved from /opt/airflow/dags/6_xcoms.py
[2026-09-20T23:20:45.231+0000] {logging_mixin.py:149} INFO - [2026-09-20T23:20:45.230+0000] {dag.py:2726} INFO - Sync 1 DAGs
[2026-09-20T23:20:45.319+0000] {processor.py:178} INFO - Processing /opt/airflow/dags/6_xcoms.py took 0.197 seconds
[2026-09-20T23:21:15.602+0000] {processor.py:156} INFO - Started process (PID=2464) to work on /opt/airflow/dags/6_xcoms.py
[2026-09-20T23:21:15.610+0000] {processor.py:799} INFO - Processing file /opt/airflow/dags/6_xcoms.py for tasks to queue
[2026-09-20T23:21:15.611+0000] {logging_mixin.py:149} INFO - [2026-09-20T23:21:15.611+0000] {dagbag.py:541} INFO - Filling up the DagBag from /opt/airflow/dags/6_xcoms.py
[2026-09-20T23:21:15.639+0000] {processor.py:809} INFO - DAG(s) dict_keys(['6-XCom']) retrieved from /opt/airflow/dags/6_xcoms.py
[2026-09-20T23:21:15.698+0000] {logging_mixin.py:149} INFO - [2026-09-20T23:21:15.697+0000] {dag.py:2726} INFO - Sync 1 DAGs
[2026-09-20T23:21:15.794+0000] {processor.py:178} INFO - Processing /opt/airflow/dags/6_xcoms.py took 0.197 seconds
[2026-09-20T23:21:45.834+0000] {processor.py:156} INFO - Started process (PID=2474) to work on /opt/airflow/dags/6_xcoms.py
[2026-09-20T23:21:45.836+0000] {processor.py:799} INFO - Processing file /opt/airflow/dags/6_xcoms.py for tasks to queue
[2026-09-20T23:21:45.838+0000] {logging_mixin.py:149} INFO - [2026-09-20T23:21:45.837+0000] {dagbag.py:541} INFO - Filling up the DagBag from /opt/airflow/dags/6_xcoms.py
[2026-09-20T23:21:45.861+0000] {processor.py:809} INFO - DAG(s) dict_keys(['6-XCom']) retrieved from /opt/airflow/dags/6_xcoms.py
[2026-09-20T23:21:45.910+0000] {logging_mixin.py:149} INFO - [2026-09-20T23:21:45.909+0000] {dag.py:2726} INFO - Sync 1 DAGs
[2026-09-20T23:21:45.981+0000] {processor.py:178} INFO - Processing /opt/airflow/dags/6_xcoms.py took 0.153 seconds
[2026-09-20T23:22:16.069+0000] {processor.py:156} INFO - Started process (PID=2484) to work on /opt/airflow/dags/6_xcoms.py
[2026-09-20T23:22:16.072+0000] {processor.py:799} INFO - Processing file /opt/airflow/dags/6_xcoms.py for tasks to queue
[2026-09-20T23:22:16.073+0000] {logging_mixin.py:149} INFO - [2026-09-20T23:22:16.073+0000] {dagbag.py:541} INFO - Filling up the DagBag from /opt/airflow/dags/6_xcoms.py
[2026-09-20T23:22:16.096+0000] {processor.py:809} INFO - DAG(s) dict_keys(['6-XCom']) retrieved from /opt/airflow/dags/6_xcoms.py
[2026-09-20T23:22:16.165+0000] {logging_mixin.py:149} INFO - [2026-09-20T23:22:16.165+0000] {dag.py:2726} INFO - Sync 1 DAGs
[2026-09-20T23:22:16.257+0000] {processor.py:178} INFO - Processing /opt/airflow/dags/6_xcoms.py took 0.194 seconds
[2026-09-20T23:22:46.699+0000] {processor.py:156} INFO - Started process (PID=2494) to work on /opt/airflow/dags/6_xcoms.py
[2026-09-20T23:22:46.702+0000] {processor.py:799} INFO - Processing file /opt/airflow/dags/6_xcoms.py for tasks to queue
[2026-09-20T23:22:46.703+0000] {logging_mixin.py:149} INFO - [2026-09-20T23:22:46.703+0000] {dagbag.py:541} INFO - Filling up the DagBag from /opt/airflow/dags/6_xcoms.py
[2026-09-20T23:22:46.724+0000] {processor.py:809} INFO - DAG(s) dict_keys(['6-XCom']) retrieved from /opt/airflow/dags/6_xcoms.py
[2026-09-20T23:22:46.809+0000] {logging_mixin.py:149} INFO - [2026-09-20T23:22:46.809+0000] {dag.py:2726} INFO - Sync 1 DAGs
[2026-09-20T23:22:46.914+0000] {processor.py:178} INFO - Processing /opt/airflow/dags/6_xcoms.py took 0.220 seconds
[2026-09-20T23:23:17.101+0000] {processor.py:156} INFO - Started process (PID=2504) to work on /opt/airflow/dags/6_xcoms.py
[2026-09-20T23:23:17.105+0000] {processor.py:799} INFO - Processing file /opt/airflow/dags/6_xcoms.py for tasks to queue
[2026-09-20T23:23:17.106+0000] {logging_mixin.py:149} INFO - [2026-09-20T23:23:17.106+0000] {dagbag.py:541} INFO - Filling up the DagBag from /opt/airflow/dags/6_xcoms.py
[2026-09-20T23:23:17.140+0000] {processor.py:809} INFO - DAG(s) dict_keys(['6-XCom']) retrieved from /opt/airflow/dags/6_xcoms.py
[2026-09-20T23:23:17.195+0000] {logging_mixin.py:149} INFO - [2026-09-20T23:23:17.194+0000] {dag.py:2726} INFO - Sync 1 DAGs
[2026-09-20T23:23:17.284+0000] {processor.py:178} INFO - Processing /opt/airflow/dags/6_xcoms.py took 0.196 seconds
[2026-09-20T23:23:47.487+0000] {processor.py:156} INFO - Started process (PID=2514) to work on /opt/airflow/dags/6_xcoms.py
[2026-09-20T23:23:47.490+0000] {processor.py:799} INFO - Processing file /opt/airflow/dags/6_xcoms.py for tasks to queue
[2026-09-20T23:23:47.492+0000] {logging_mixin.py:149} INFO - [2026-09-20T23:23:47.491+0000] {dagbag.py:541} INFO - Filling up the DagBag from /opt/airflow/dags/6_xcoms.py
[2026-09-20T23:23:47.521+0000] {processor.py:809} INFO - DAG(s) dict_keys(['6-XCom']) retrieved from /opt/airflow/dags/6_xcoms.py
[2026-09-20T23:23:47.601+0000] {logging_mixin.py:149} INFO - [2026-09-20T23:23:47.601+0000] {dag.py:2726} INFO - Sync 1 DAGs
[2026-09-20T23:23:47.711+0000] {processor.py:178} INFO - Processing /opt/airflow/dags/6_xcoms.py took 0.234 seconds
[2026-09-20T23:24:17.882+0000] {processor.py:156} INFO - Started process (PID=2524) to work on /opt/airflow/dags/6_xcoms.py
[2026-09-20T23:24:17.890+0000] {processor.py:799} INFO - Processing file /opt/airflow/dags/6_xcoms.py for tasks to queue
[2026-09-20T23:24:17.893+0000] {logging_mixin.py:149} INFO - [2026-09-20T23:24:17.891+0000] {dagbag.py:541} INFO - Filling up the DagBag from /opt/airflow/dags/6_xcoms.py
[2026-09-20T23:24:17.918+0000] {processor.py:809} INFO - DAG(s) dict_keys(['6-XCom']) retrieved from /opt/airflow/dags/6_xcoms.py
[2026-09-20T23:24:18.088+0000] {logging_mixin.py:149} INFO - [2026-09-20T23:24:18.087+0000] {dag.py:2726} INFO - Sync 1 DAGs
[2026-09-20T23:24:18.191+0000] {processor.py:178} INFO - Processing /opt/airflow/dags/6_xcoms.py took 0.315 seconds
[2026-09-20T23:24:48.294+0000] {processor.py:156} INFO - Started process (PID=2534) to work on /opt/airflow/dags/6_xcoms.py
[2026-09-20T23:24:48.296+0000] {processor.py:799} INFO - Processing file /opt/airflow/dags/6_xcoms.py for tasks to queue
[2026-09-20T23:24:48.297+0000] {logging_mixin.py:149} INFO - [2026-09-20T23:24:48.297+0000] {dagbag.py:541} INFO - Filling up the DagBag from /opt/airflow/dags/6_xcoms.py
[2026-09-20T23:24:48.335+0000] {processor.py:809} INFO - DAG(s) dict_keys(['6-XCom']) retrieved from /opt/airflow/dags/6_xcoms.py
[2026-09-20T23:24:48.408+0000] {logging_mixin.py:149} INFO - [2026-09-20T23:24:48.408+0000] {dag.py:2726} INFO - Sync 1 DAGs
[2026-09-20T23:24:48.491+0000] {processor.py:178} INFO - Processing /opt/airflow/dags/6_xcoms.py took 0.205 seconds
[2026-09-20T23:25:18.676+0000] {processor.py:156} INFO - Started process (PID=2544) to work on /opt/airflow/dags/6_xcoms.py
[2026-09-20T23:25:18.679+0000] {processor.py:799} INFO - Processing file /opt/airflow/dags/6_xcoms.py for tasks to queue
[2026-09-20T23:25:18.681+0000] {logging_mixin.py:149} INFO - [2026-09-20T23:25:18.681+0000] {dagbag.py:541} INFO - Filling up the DagBag from /opt/airflow/dags/6_xcoms.py
[2026-09-20T23:25:18.712+0000] {processor.py:809} INFO - DAG(s) dict_keys(['6-XCom']) retrieved from /opt/airflow/dags/6_xcoms.py
[2026-09-20T23:25:18.762+0000] {logging_mixin.py:149} INFO - [2026-09-20T23:25:18.762+0000] {dag.py:2726} INFO - Sync 1 DAGs
[2026-09-20T23:25:18.837+0000] {processor.py:178} INFO - Processing /opt/airflow/dags/6_xcoms.py took 0.170 seconds
[2026-09-20T23:25:49.021+0000] {processor.py:156} INFO - Started process (PID=2554) to work on /opt/airflow/dags/6_xcoms.py
[2026-09-20T23:25:49.024+0000] {processor.py:799} INFO - Processing file /opt/airflow/dags/6_xcoms.py for tasks to queue
[2026-09-20T23:25:49.025+0000] {logging_mixin.py:149} INFO - [2026-09-20T23:25:49.025+0000] {dagbag.py:541} INFO - Filling up the DagBag from /opt/airflow/dags/6_xcoms.py
[2026-09-20T23:25:49.051+0000] {processor.py:809} INFO - DAG(s) dict_keys(['6-XCom']) retrieved from /opt/airflow/dags/6_xcoms.py
[2026-09-20T23:25:49.102+0000] {logging_mixin.py:149} INFO - [2026-09-20T23:25:49.102+0000] {dag.py:2726} INFO - Sync 1 DAGs
[2026-09-20T23:25:49.177+0000] {processor.py:178} INFO - Processing /opt/airflow/dags/6_xcoms.py took 0.165 seconds
[2026-09-20T23:26:19.227+0000] {processor.py:156} INFO - Started process (PID=2564) to work on /opt/airflow/dags/6_xcoms.py
[2026-09-20T23:26:19.230+0000] {processor.py:799} INFO - Processing file /opt/airflow/dags/6_xcoms.py for tasks to queue
[2026-09-20T23:26:19.231+0000] {logging_mixin.py:149} INFO - [2026-09-20T23:26:19.231+0000] {dagbag.py:541} INFO - Filling up the DagBag from /opt/airflow/dags/6_xcoms.py
[2026-09-20T23:26:19.254+0000] {processor.py:809} INFO - DAG(s) dict_keys(['6-XCom']) retrieved from /opt/airflow/dags/6_xcoms.py
[2026-09-20T23:26:19.301+0000] {logging_mixin.py:149} INFO - [2026-09-20T23:26:19.301+0000] {dag.py:2726} INFO - Sync 1 DAGs
[2026-09-20T23:26:19.376+0000] {processor.py:178} INFO - Processing /opt/airflow/dags/6_xcoms.py took 0.155 seconds
[2026-09-20T23:26:49.477+0000] {processor.py:156} INFO - Started process (PID=2575) to work on /opt/airflow/dags/6_xcoms.py
[2026-09-20T23:26:49.481+0000] {processor.py:799} INFO - Processing file /opt/airflow/dags/6_xcoms.py for tasks to queue
[2026-09-20T23:26:49.482+0000] {logging_mixin.py:149} INFO - [2026-09-20T23:26:49.482+0000] {dagbag.py:541} INFO - Filling up the DagBag from /opt/airflow/dags/6_xcoms.py
[2026-09-20T23:26:49.506+0000] {processor.py:809} INFO - DAG(s) dict_keys(['6-XCom']) retrieved from /opt/airflow/dags/6_xcoms.py
[2026-09-20T23:26:49.575+0000] {logging_mixin.py:149} INFO - [2026-09-20T23:26:49.575+0000] {dag.py:2726} INFO - Sync 1 DAGs
[2026-09-20T23:26:49.665+0000] {processor.py:178} INFO - Processing /opt/airflow/dags/6_xcoms.py took 0.195 seconds
[2026-09-20T23:27:19.752+0000] {processor.py:156} INFO - Started process (PID=2585) to work on /opt/airflow/dags/6_xcoms.py
[2026-09-20T23:27:19.754+0000] {processor.py:799} INFO - Processing file /opt/airflow/dags/6_xcoms.py for tasks to queue
[2026-09-20T23:27:19.755+0000] {logging_mixin.py:149} INFO - [2026-09-20T23:27:19.755+0000] {dagbag.py:541} INFO - Filling up the DagBag from /opt/airflow/dags/6_xcoms.py
[2026-09-20T23:27:19.779+0000] {processor.py:809} INFO - DAG(s) dict_keys(['6-XCom']) retrieved from /opt/airflow/dags/6_xcoms.py
[2026-09-20T23:27:19.841+0000] {logging_mixin.py:149} INFO - [2026-09-20T23:27:19.841+0000] {dag.py:2726} INFO - Sync 1 DAGs
[2026-09-20T23:27:19.915+0000] {processor.py:178} INFO - Processing /opt/airflow/dags/6_xcoms.py took 0.170 seconds
[2026-09-20T23:27:50.154+0000] {processor.py:156} INFO - Started process (PID=2597) to work on /opt/airflow/dags/6_xcoms.py
[2026-09-20T23:27:50.159+0000] {processor.py:799} INFO - Processing file /opt/airflow/dags/6_xcoms.py for tasks to queue
[2026-09-20T23:27:50.164+0000] {logging_mixin.py:149} INFO - [2026-09-20T23:27:50.163+0000] {dagbag.py:541} INFO - Filling up the DagBag from /opt/airflow/dags/6_xcoms.py
[2026-09-20T23:27:50.197+0000] {processor.py:809} INFO - DAG(s) dict_keys(['6-XCom']) retrieved from /opt/airflow/dags/6_xcoms.py
[2026-09-20T23:27:50.252+0000] {logging_mixin.py:149} INFO - [2026-09-20T23:27:50.251+0000] {dag.py:2726} INFO - Sync 1 DAGs
[2026-09-20T23:27:50.322+0000] {processor.py:178} INFO - Processing /opt/airflow/dags/6_xcoms.py took 0.178 seconds
[2026-09-20T23:28:20.690+0000] {processor.py:156} INFO - Started process (PID=2607) to work on /opt/airflow/dags/6_xcoms.py
[2026-09-20T23:28:20.694+0000] {processor.py:799} INFO - Processing file /opt/airflow/dags/6_xcoms.py for tasks to queue
[2026-09-20T23:28:20.695+0000] {logging_mixin.py:149} INFO - [2026-09-20T23:28:20.695+0000] {dagbag.py:541} INFO - Filling up the DagBag from /opt/airflow/dags/6_xcoms.py
[2026-09-20T23:28:20.746+0000] {processor.py:809} INFO - DAG(s) dict_keys(['6-XCom']) retrieved from /opt/airflow/dags/6_xcoms.py
[2026-09-20T23:28:20.821+0000] {logging_mixin.py:149} INFO - [2026-09-20T23:28:20.820+0000] {dag.py:2726} INFO - Sync 1 DAGs
[2026-09-20T23:28:20.913+0000] {processor.py:178} INFO - Processing /opt/airflow/dags/6_xcoms.py took 0.239 seconds
[2026-09-20T23:28:51.021+0000] {processor.py:156} INFO - Started process (PID=2617) to work on /opt/airflow/dags/6_xcoms.py
[2026-09-20T23:28:51.031+0000] {processor.py:799} INFO - Processing file /opt/airflow/dags/6_xcoms.py for tasks to queue
[2026-09-20T23:28:51.033+0000] {logging_mixin.py:149} INFO - [2026-09-20T23:28:51.033+0000] {dagbag.py:541} INFO - Filling up the DagBag from /opt/airflow/dags/6_xcoms.py
[2026-09-20T23:28:51.064+0000] {processor.py:809} INFO - DAG(s) dict_keys(['6-XCom']) retrieved from /opt/airflow/dags/6_xcoms.py
[2026-09-20T23:28:51.131+0000] {logging_mixin.py:149} INFO - [2026-09-20T23:28:51.131+0000] {dag.py:2726} INFO - Sync 1 DAGs
[2026-09-20T23:28:51.289+0000] {processor.py:178} INFO - Processing /opt/airflow/dags/6_xcoms.py took 0.276 seconds
[2026-09-20T23:29:21.473+0000] {processor.py:156} INFO - Started process (PID=2627) to work on /opt/airflow/dags/6_xcoms.py
[2026-09-20T23:29:21.475+0000] {processor.py:799} INFO - Processing file /opt/airflow/dags/6_xcoms.py for tasks to queue
[2026-09-20T23:29:21.477+0000] {logging_mixin.py:149} INFO - [2026-09-20T23:29:21.477+0000] {dagbag.py:541} INFO - Filling up the DagBag from /opt/airflow/dags/6_xcoms.py
[2026-09-20T23:29:21.508+0000] {processor.py:809} INFO - DAG(s) dict_keys(['6-XCom']) retrieved from /opt/airflow/dags/6_xcoms.py
[2026-09-20T23:29:21.584+0000] {logging_mixin.py:149} INFO - [2026-09-20T23:29:21.584+0000] {dag.py:2726} INFO - Sync 1 DAGs
[2026-09-20T23:29:21.668+0000] {processor.py:178} INFO - Processing /opt/airflow/dags/6_xcoms.py took 0.203 seconds
[2026-09-20T23:29:51.798+0000] {processor.py:156} INFO - Started process (PID=2637) to work on /opt/airflow/dags/6_xcoms.py
[2026-09-20T23:29:51.801+0000] {processor.py:799} INFO - Processing file /opt/airflow/dags/6_xcoms.py for tasks to queue
[2026-09-20T23:29:51.805+0000] {logging_mixin.py:149} INFO - [2026-09-20T23:29:51.805+0000] {dagbag.py:541} INFO - Filling up the DagBag from /opt/airflow/dags/6_xcoms.py
[2026-09-20T23:29:51.843+0000] {processor.py:809} INFO - DAG(s) dict_keys(['6-XCom']) retrieved from /opt/airflow/dags/6_xcoms.py
[2026-09-20T23:29:51.933+0000] {logging_mixin.py:149} INFO - [2026-09-20T23:29:51.932+0000] {dag.py:2726} INFO - Sync 1 DAGs
[2026-09-20T23:29:52.047+0000] {processor.py:178} INFO - Processing /opt/airflow/dags/6_xcoms.py took 0.262 seconds
[2026-09-20T23:30:22.229+0000] {processor.py:156} INFO - Started process (PID=2647) to work on /opt/airflow/dags/6_xcoms.py
[2026-09-20T23:30:22.231+0000] {processor.py:799} INFO - Processing file /opt/airflow/dags/6_xcoms.py for tasks to queue
[2026-09-20T23:30:22.233+0000] {logging_mixin.py:149} INFO - [2026-09-20T23:30:22.233+0000] {dagbag.py:541} INFO - Filling up the DagBag from /opt/airflow/dags/6_xcoms.py
[2026-09-20T23:30:22.257+0000] {processor.py:809} INFO - DAG(s) dict_keys(['6-XCom']) retrieved from /opt/airflow/dags/6_xcoms.py
[2026-09-20T23:30:22.325+0000] {logging_mixin.py:149} INFO - [2026-09-20T23:30:22.325+0000] {dag.py:2726} INFO - Sync 1 DAGs
[2026-09-20T23:30:22.418+0000] {processor.py:178} INFO - Processing /opt/airflow/dags/6_xcoms.py took 0.196 seconds
[2026-09-20T23:30:52.537+0000] {processor.py:156} INFO - Started process (PID=2657) to work on /opt/airflow/dags/6_xcoms.py
[2026-09-20T23:30:52.542+0000] {processor.py:799} INFO - Processing file /opt/airflow/dags/6_xcoms.py for tasks to queue
[2026-09-20T23:30:52.545+0000] {logging_mixin.py:149} INFO - [2026-09-20T23:30:52.545+0000] {dagbag.py:541} INFO - Filling up the DagBag from /opt/airflow/dags/6_xcoms.py
[2026-09-20T23:30:52.573+0000] {processor.py:809} INFO - DAG(s) dict_keys(['6-XCom']) retrieved from /opt/airflow/dags/6_xcoms.py
[2026-09-20T23:30:52.625+0000] {logging_mixin.py:149} INFO - [2026-09-20T23:30:52.625+0000] {dag.py:2726} INFO - Sync 1 DAGs
[2026-09-20T23:30:52.708+0000] {processor.py:178} INFO - Processing /opt/airflow/dags/6_xcoms.py took 0.200 seconds
[2026-09-20T23:31:22.829+0000] {processor.py:156} INFO - Started process (PID=2667) to work on /opt/airflow/dags/6_xcoms.py
[2026-09-20T23:31:22.831+0000] {processor.py:799} INFO - Processing file /opt/airflow/dags/6_xcoms.py for tasks to queue
[2026-09-20T23:31:22.832+0000] {logging_mixin.py:149} INFO - [2026-09-20T23:31:22.832+0000] {dagbag.py:541} INFO - Filling up the DagBag from /opt/airflow/dags/6_xcoms.py
[2026-09-20T23:31:22.857+0000] {processor.py:809} INFO - DAG(s) dict_keys(['6-XCom']) retrieved from /opt/airflow/dags/6_xcoms.py
[2026-09-20T23:31:22.906+0000] {logging_mixin.py:149} INFO - [2026-09-20T23:31:22.906+0000] {dag.py:2726} INFO - Sync 1 DAGs
[2026-09-20T23:31:22.993+0000] {processor.py:178} INFO - Processing /opt/airflow/dags/6_xcoms.py took 0.174 seconds
[2026-09-20T23:31:53.216+0000] {processor.py:156} INFO - Started process (PID=2677) to work on /opt/airflow/dags/6_xcoms.py
[2026-09-20T23:31:53.220+0000] {processor.py:799} INFO - Processing file /opt/airflow/dags/6_xcoms.py for tasks to queue
[2026-09-20T23:31:53.221+0000] {logging_mixin.py:149} INFO - [2026-09-20T23:31:53.221+0000] {dagbag.py:541} INFO - Filling up the DagBag from /opt/airflow/dags/6_xcoms.py
[2026-09-20T23:31:53.260+0000] {processor.py:809} INFO - DAG(s) dict_keys(['6-XCom']) retrieved from /opt/airflow/dags/6_xcoms.py
[2026-09-20T23:31:53.377+0000] {logging_mixin.py:149} INFO - [2026-09-20T23:31:53.376+0000] {dag.py:2726} INFO - Sync 1 DAGs
[2026-09-20T23:31:53.474+0000] {processor.py:178} INFO - Processing /opt/airflow/dags/6_xcoms.py took 0.266 seconds
[2026-09-20T23:32:23.608+0000] {processor.py:156} INFO - Started process (PID=2687) to work on /opt/airflow/dags/6_xcoms.py
[2026-09-20T23:32:23.610+0000] {processor.py:799} INFO - Processing file /opt/airflow/dags/6_xcoms.py for tasks to queue
[2026-09-20T23:32:23.614+0000] {logging_mixin.py:149} INFO - [2026-09-20T23:32:23.613+0000] {dagbag.py:541} INFO - Filling up the DagBag from /opt/airflow/dags/6_xcoms.py
[2026-09-20T23:32:23.642+0000] {processor.py:809} INFO - DAG(s) dict_keys(['6-XCom']) retrieved from /opt/airflow/dags/6_xcoms.py
[2026-09-20T23:32:23.695+0000] {logging_mixin.py:149} INFO - [2026-09-20T23:32:23.694+0000] {dag.py:2726} INFO - Sync 1 DAGs
[2026-09-20T23:32:23.783+0000] {processor.py:178} INFO - Processing /opt/airflow/dags/6_xcoms.py took 0.181 seconds
[2026-09-20T23:32:53.851+0000] {processor.py:156} INFO - Started process (PID=2697) to work on /opt/airflow/dags/6_xcoms.py
[2026-09-20T23:32:53.854+0000] {processor.py:799} INFO - Processing file /opt/airflow/dags/6_xcoms.py for tasks to queue
[2026-09-20T23:32:53.855+0000] {logging_mixin.py:149} INFO - [2026-09-20T23:32:53.855+0000] {dagbag.py:541} INFO - Filling up the DagBag from /opt/airflow/dags/6_xcoms.py
[2026-09-20T23:32:53.876+0000] {processor.py:809} INFO - DAG(s) dict_keys(['6-XCom']) retrieved from /opt/airflow/dags/6_xcoms.py
[2026-09-20T23:32:53.930+0000] {logging_mixin.py:149} INFO - [2026-09-20T23:32:53.930+0000] {dag.py:2726} INFO - Sync 1 DAGs
[2026-09-20T23:32:54.013+0000] {processor.py:178} INFO - Processing /opt/airflow/dags/6_xcoms.py took 0.167 seconds
[2026-09-20T23:33:24.201+0000] {processor.py:156} INFO - Started process (PID=2707) to work on /opt/airflow/dags/6_xcoms.py
[2026-09-20T23:33:24.204+0000] {processor.py:799} INFO - Processing file /opt/airflow/dags/6_xcoms.py for tasks to queue
[2026-09-20T23:33:24.205+0000] {logging_mixin.py:149} INFO - [2026-09-20T23:33:24.205+0000] {dagbag.py:541} INFO - Filling up the DagBag from /opt/airflow/dags/6_xcoms.py
[2026-09-20T23:33:24.229+0000] {processor.py:809} INFO - DAG(s) dict_keys(['6-XCom']) retrieved from /opt/airflow/dags/6_xcoms.py
[2026-09-20T23:33:24.287+0000] {logging_mixin.py:149} INFO - [2026-09-20T23:33:24.287+0000] {dag.py:2726} INFO - Sync 1 DAGs
[2026-09-20T23:33:24.362+0000] {processor.py:178} INFO - Processing /opt/airflow/dags/6_xcoms.py took 0.168 seconds
[2026-09-20T23:33:54.483+0000] {processor.py:156} INFO - Started process (PID=2717) to work on /opt/airflow/dags/6_xcoms.py
[2026-09-20T23:33:54.485+0000] {processor.py:799} INFO - Processing file /opt/airflow/dags/6_xcoms.py for tasks to queue
[2026-09-20T23:33:54.486+0000] {logging_mixin.py:149} INFO - [2026-09-20T23:33:54.486+0000] {dagbag.py:541} INFO - Filling up the DagBag from /opt/airflow/dags/6_xcoms.py
[2026-09-20T23:33:54.507+0000] {processor.py:809} INFO - DAG(s) dict_keys(['6-XCom']) retrieved from /opt/airflow/dags/6_xcoms.py
[2026-09-20T23:33:54.585+0000] {logging_mixin.py:149} INFO - [2026-09-20T23:33:54.585+0000] {dag.py:2726} INFO - Sync 1 DAGs
[2026-09-20T23:33:54.683+0000] {processor.py:178} INFO - Processing /opt/airflow/dags/6_xcoms.py took 0.211 seconds
[2026-09-20T23:34:24.756+0000] {processor.py:156} INFO - Started process (PID=2727) to work on /opt/airflow/dags/6_xcoms.py
[2026-09-20T23:34:24.758+0000] {processor.py:799} INFO - Processing file /opt/airflow/dags/6_xcoms.py for tasks to queue
[2026-09-20T23:34:24.760+0000] {logging_mixin.py:149} INFO - [2026-09-20T23:34:24.759+0000] {dagbag.py:541} INFO - Filling up the DagBag from /opt/airflow/dags/6_xcoms.py
[2026-09-20T23:34:24.797+0000] {processor.py:809} INFO - DAG(s) dict_keys(['6-XCom']) retrieved from /opt/airflow/dags/6_xcoms.py
[2026-09-20T23:34:24.871+0000] {logging_mixin.py:149} INFO - [2026-09-20T23:34:24.871+0000] {dag.py:2726} INFO - Sync 1 DAGs
[2026-09-20T23:34:24.953+0000] {processor.py:178} INFO - Processing /opt/airflow/dags/6_xcoms.py took 0.205 seconds
[2026-09-20T23:34:55.149+0000] {processor.py:156} INFO - Started process (PID=2737) to work on /opt/airflow/dags/6_xcoms.py
[2026-09-20T23:34:55.153+0000] {processor.py:799} INFO - Processing file /opt/airflow/dags/6_xcoms.py for tasks to queue
[2026-09-20T23:34:55.154+0000] {logging_mixin.py:149} INFO - [2026-09-20T23:34:55.154+0000] {dagbag.py:541} INFO - Filling up the DagBag from /opt/airflow/dags/6_xcoms.py
[2026-09-20T23:34:55.174+0000] {processor.py:809} INFO - DAG(s) dict_keys(['6-XCom']) retrieved from /opt/airflow/dags/6_xcoms.py
[2026-09-20T23:34:55.224+0000] {logging_mixin.py:149} INFO - [2026-09-20T23:34:55.224+0000] {dag.py:2726} INFO - Sync 1 DAGs
[2026-09-20T23:34:55.310+0000] {processor.py:178} INFO - Processing /opt/airflow/dags/6_xcoms.py took 0.182 seconds
[2026-09-20T23:35:25.413+0000] {processor.py:156} INFO - Started process (PID=2747) to work on /opt/airflow/dags/6_xcoms.py
[2026-09-20T23:35:25.417+0000] {processor.py:799} INFO - Processing file /opt/airflow/dags/6_xcoms.py for tasks to queue
[2026-09-20T23:35:25.418+0000] {logging_mixin.py:149} INFO - [2026-09-20T23:35:25.418+0000] {dagbag.py:541} INFO - Filling up the DagBag from /opt/airflow/dags/6_xcoms.py
[2026-09-20T23:35:25.443+0000] {processor.py:809} INFO - DAG(s) dict_keys(['6-XCom']) retrieved from /opt/airflow/dags/6_xcoms.py
[2026-09-20T23:35:25.498+0000] {logging_mixin.py:149} INFO - [2026-09-20T23:35:25.498+0000] {dag.py:2726} INFO - Sync 1 DAGs
[2026-09-20T23:35:25.586+0000] {processor.py:178} INFO - Processing /opt/airflow/dags/6_xcoms.py took 0.179 seconds
[2026-09-20T23:35:55.734+0000] {processor.py:156} INFO - Started process (PID=2757) to work on /opt/airflow/dags/6_xcoms.py
[2026-09-20T23:35:55.736+0000] {processor.py:799} INFO - Processing file /opt/airflow/dags/6_xcoms.py for tasks to queue
[2026-09-20T23:35:55.737+0000] {logging_mixin.py:149} INFO - [2026-09-20T23:35:55.737+0000] {dagbag.py:541} INFO - Filling up the DagBag from /opt/airflow/dags/6_xcoms.py
[2026-09-20T23:35:55.760+0000] {processor.py:809} INFO - DAG(s) dict_keys(['6-XCom']) retrieved from /opt/airflow/dags/6_xcoms.py
[2026-09-20T23:35:55.813+0000] {logging_mixin.py:149} INFO - [2026-09-20T23:35:55.812+0000] {dag.py:2726} INFO - Sync 1 DAGs
[2026-09-20T23:35:55.917+0000] {processor.py:178} INFO - Processing /opt/airflow/dags/6_xcoms.py took 0.189 seconds
[2026-09-20T23:36:26.034+0000] {processor.py:156} INFO - Started process (PID=2767) to work on /opt/airflow/dags/6_xcoms.py
[2026-09-20T23:36:26.037+0000] {processor.py:799} INFO - Processing file /opt/airflow/dags/6_xcoms.py for tasks to queue
[2026-09-20T23:36:26.038+0000] {logging_mixin.py:149} INFO - [2026-09-20T23:36:26.038+0000] {dagbag.py:541} INFO - Filling up the DagBag from /opt/airflow/dags/6_xcoms.py
[2026-09-20T23:36:26.061+0000] {processor.py:809} INFO - DAG(s) dict_keys(['6-XCom']) retrieved from /opt/airflow/dags/6_xcoms.py
[2026-09-20T23:36:26.120+0000] {logging_mixin.py:149} INFO - [2026-09-20T23:36:26.119+0000] {dag.py:2726} INFO - Sync 1 DAGs
[2026-09-20T23:36:26.211+0000] {processor.py:178} INFO - Processing /opt/airflow/dags/6_xcoms.py took 0.184 seconds
[2026-09-20T23:36:56.403+0000] {processor.py:156} INFO - Started process (PID=2777) to work on /opt/airflow/dags/6_xcoms.py
[2026-09-20T23:36:56.406+0000] {processor.py:799} INFO - Processing file /opt/airflow/dags/6_xcoms.py for tasks to queue
[2026-09-20T23:36:56.407+0000] {logging_mixin.py:149} INFO - [2026-09-20T23:36:56.407+0000] {dagbag.py:541} INFO - Filling up the DagBag from /opt/airflow/dags/6_xcoms.py
[2026-09-20T23:36:56.428+0000] {processor.py:809} INFO - DAG(s) dict_keys(['6-XCom']) retrieved from /opt/airflow/dags/6_xcoms.py
[2026-09-20T23:36:56.485+0000] {logging_mixin.py:149} INFO - [2026-09-20T23:36:56.484+0000] {dag.py:2726} INFO - Sync 1 DAGs
[2026-09-20T23:36:56.558+0000] {processor.py:178} INFO - Processing /opt/airflow/dags/6_xcoms.py took 0.166 seconds
[2026-09-20T23:37:26.708+0000] {processor.py:156} INFO - Started process (PID=2787) to work on /opt/airflow/dags/6_xcoms.py
[2026-09-20T23:37:26.715+0000] {processor.py:799} INFO - Processing file /opt/airflow/dags/6_xcoms.py for tasks to queue
[2026-09-20T23:37:26.717+0000] {logging_mixin.py:149} INFO - [2026-09-20T23:37:26.716+0000] {dagbag.py:541} INFO - Filling up the DagBag from /opt/airflow/dags/6_xcoms.py
[2026-09-20T23:37:26.741+0000] {processor.py:809} INFO - DAG(s) dict_keys(['6-XCom']) retrieved from /opt/airflow/dags/6_xcoms.py
[2026-09-20T23:37:26.799+0000] {logging_mixin.py:149} INFO - [2026-09-20T23:37:26.799+0000] {dag.py:2726} INFO - Sync 1 DAGs
[2026-09-20T23:37:26.903+0000] {processor.py:178} INFO - Processing /opt/airflow/dags/6_xcoms.py took 0.208 seconds
[2026-09-20T23:37:57.064+0000] {processor.py:156} INFO - Started process (PID=2797) to work on /opt/airflow/dags/6_xcoms.py
[2026-09-20T23:37:57.068+0000] {processor.py:799} INFO - Processing file /opt/airflow/dags/6_xcoms.py for tasks to queue
[2026-09-20T23:37:57.072+0000] {logging_mixin.py:149} INFO - [2026-09-20T23:37:57.071+0000] {dagbag.py:541} INFO - Filling up the DagBag from /opt/airflow/dags/6_xcoms.py
[2026-09-20T23:37:57.098+0000] {processor.py:809} INFO - DAG(s) dict_keys(['6-XCom']) retrieved from /opt/airflow/dags/6_xcoms.py
[2026-09-20T23:37:57.205+0000] {logging_mixin.py:149} INFO - [2026-09-20T23:37:57.203+0000] {dag.py:2726} INFO - Sync 1 DAGs
[2026-09-20T23:37:57.285+0000] {processor.py:178} INFO - Processing /opt/airflow/dags/6_xcoms.py took 0.227 seconds
[2026-09-20T23:38:27.392+0000] {processor.py:156} INFO - Started process (PID=2807) to work on /opt/airflow/dags/6_xcoms.py
[2026-09-20T23:38:27.395+0000] {processor.py:799} INFO - Processing file /opt/airflow/dags/6_xcoms.py for tasks to queue
[2026-09-20T23:38:27.397+0000] {logging_mixin.py:149} INFO - [2026-09-20T23:38:27.397+0000] {dagbag.py:541} INFO - Filling up the DagBag from /opt/airflow/dags/6_xcoms.py
[2026-09-20T23:38:27.422+0000] {processor.py:809} INFO - DAG(s) dict_keys(['6-XCom']) retrieved from /opt/airflow/dags/6_xcoms.py
[2026-09-20T23:38:27.477+0000] {logging_mixin.py:149} INFO - [2026-09-20T23:38:27.476+0000] {dag.py:2726} INFO - Sync 1 DAGs
[2026-09-20T23:38:27.570+0000] {processor.py:178} INFO - Processing /opt/airflow/dags/6_xcoms.py took 0.189 seconds
[2026-09-20T23:38:57.704+0000] {processor.py:156} INFO - Started process (PID=2817) to work on /opt/airflow/dags/6_xcoms.py
[2026-09-20T23:38:57.709+0000] {processor.py:799} INFO - Processing file /opt/airflow/dags/6_xcoms.py for tasks to queue
[2026-09-20T23:38:57.710+0000] {logging_mixin.py:149} INFO - [2026-09-20T23:38:57.710+0000] {dagbag.py:541} INFO - Filling up the DagBag from /opt/airflow/dags/6_xcoms.py
[2026-09-20T23:38:57.734+0000] {processor.py:809} INFO - DAG(s) dict_keys(['6-XCom']) retrieved from /opt/airflow/dags/6_xcoms.py
[2026-09-20T23:38:57.798+0000] {logging_mixin.py:149} INFO - [2026-09-20T23:38:57.797+0000] {dag.py:2726} INFO - Sync 1 DAGs
[2026-09-20T23:38:57.882+0000] {processor.py:178} INFO - Processing /opt/airflow/dags/6_xcoms.py took 0.186 seconds
[2026-09-20T23:39:28.625+0000] {processor.py:156} INFO - Started process (PID=2827) to work on /opt/airflow/dags/6_xcoms.py
[2026-09-20T23:39:28.627+0000] {processor.py:799} INFO - Processing file /opt/airflow/dags/6_xcoms.py for tasks to queue
[2026-09-20T23:39:28.627+0000] {logging_mixin.py:149} INFO - [2026-09-20T23:39:28.627+0000] {dagbag.py:541} INFO - Filling up the DagBag from /opt/airflow/dags/6_xcoms.py
[2026-09-20T23:39:28.664+0000] {processor.py:809} INFO - DAG(s) dict_keys(['6-XCom']) retrieved from /opt/airflow/dags/6_xcoms.py
[2026-09-20T23:39:28.722+0000] {logging_mixin.py:149} INFO - [2026-09-20T23:39:28.722+0000] {dag.py:2726} INFO - Sync 1 DAGs
[2026-09-20T23:39:28.800+0000] {processor.py:178} INFO - Processing /opt/airflow/dags/6_xcoms.py took 0.180 seconds
[2026-09-20T23:39:59.569+0000] {processor.py:156} INFO - Started process (PID=2837) to work on /opt/airflow/dags/6_xcoms.py
[2026-09-20T23:39:59.572+0000] {processor.py:799} INFO - Processing file /opt/airflow/dags/6_xcoms.py for tasks to queue
[2026-09-20T23:39:59.573+0000] {logging_mixin.py:149} INFO - [2026-09-20T23:39:59.573+0000] {dagbag.py:541} INFO - Filling up the DagBag from /opt/airflow/dags/6_xcoms.py
[2026-09-20T23:39:59.599+0000] {processor.py:809} INFO - DAG(s) dict_keys(['6-XCom']) retrieved from /opt/airflow/dags/6_xcoms.py
[2026-09-20T23:39:59.653+0000] {logging_mixin.py:149} INFO - [2026-09-20T23:39:59.652+0000] {dag.py:2726} INFO - Sync 1 DAGs
[2026-09-20T23:39:59.751+0000] {processor.py:178} INFO - Processing /opt/airflow/dags/6_xcoms.py took 0.190 seconds
[2026-09-20T23:40:29.962+0000] {processor.py:156} INFO - Started process (PID=2847) to work on /opt/airflow/dags/6_xcoms.py
[2026-09-20T23:40:29.965+0000] {processor.py:799} INFO - Processing file /opt/airflow/dags/6_xcoms.py for tasks to queue
[2026-09-20T23:40:29.971+0000] {logging_mixin.py:149} INFO - [2026-09-20T23:40:29.971+0000] {dagbag.py:541} INFO - Filling up the DagBag from /opt/airflow/dags/6_xcoms.py
[2026-09-20T23:40:29.998+0000] {processor.py:809} INFO - DAG(s) dict_keys(['6-XCom']) retrieved from /opt/airflow/dags/6_xcoms.py
[2026-09-20T23:40:30.058+0000] {logging_mixin.py:149} INFO - [2026-09-20T23:40:30.058+0000] {dag.py:2726} INFO - Sync 1 DAGs
[2026-09-20T23:40:30.148+0000] {processor.py:178} INFO - Processing /opt/airflow/dags/6_xcoms.py took 0.195 seconds
[2026-09-20T23:41:00.306+0000] {processor.py:156} INFO - Started process (PID=2857) to work on /opt/airflow/dags/6_xcoms.py
[2026-09-20T23:41:00.310+0000] {processor.py:799} INFO - Processing file /opt/airflow/dags/6_xcoms.py for tasks to queue
[2026-09-20T23:41:00.313+0000] {logging_mixin.py:149} INFO - [2026-09-20T23:41:00.312+0000] {dagbag.py:541} INFO - Filling up the DagBag from /opt/airflow/dags/6_xcoms.py
[2026-09-20T23:41:00.354+0000] {processor.py:809} INFO - DAG(s) dict_keys(['6-XCom']) retrieved from /opt/airflow/dags/6_xcoms.py
[2026-09-20T23:41:00.402+0000] {logging_mixin.py:149} INFO - [2026-09-20T23:41:00.402+0000] {dag.py:2726} INFO - Sync 1 DAGs
[2026-09-20T23:41:00.479+0000] {processor.py:178} INFO - Processing /opt/airflow/dags/6_xcoms.py took 0.187 seconds
[2026-09-20T23:41:30.533+0000] {processor.py:156} INFO - Started process (PID=2867) to work on /opt/airflow/dags/6_xcoms.py
[2026-09-20T23:41:30.535+0000] {processor.py:799} INFO - Processing file /opt/airflow/dags/6_xcoms.py for tasks to queue
[2026-09-20T23:41:30.538+0000] {logging_mixin.py:149} INFO - [2026-09-20T23:41:30.537+0000] {dagbag.py:541} INFO - Filling up the DagBag from /opt/airflow/dags/6_xcoms.py
[2026-09-20T23:41:30.560+0000] {processor.py:809} INFO - DAG(s) dict_keys(['6-XCom']) retrieved from /opt/airflow/dags/6_xcoms.py
[2026-09-20T23:41:30.621+0000] {logging_mixin.py:149} INFO - [2026-09-20T23:41:30.621+0000] {dag.py:2726} INFO - Sync 1 DAGs
[2026-09-20T23:41:30.715+0000] {processor.py:178} INFO - Processing /opt/airflow/dags/6_xcoms.py took 0.188 seconds
[2026-09-20T23:42:00.867+0000] {processor.py:156} INFO - Started process (PID=2877) to work on /opt/airflow/dags/6_xcoms.py
[2026-09-20T23:42:00.870+0000] {processor.py:799} INFO - Processing file /opt/airflow/dags/6_xcoms.py for tasks to queue
[2026-09-20T23:42:00.871+0000] {logging_mixin.py:149} INFO - [2026-09-20T23:42:00.871+0000] {dagbag.py:541} INFO - Filling up the DagBag from /opt/airflow/dags/6_xcoms.py
[2026-09-20T23:42:00.894+0000] {processor.py:809} INFO - DAG(s) dict_keys(['6-XCom']) retrieved from /opt/airflow/dags/6_xcoms.py
[2026-09-20T23:42:00.967+0000] {logging_mixin.py:149} INFO - [2026-09-20T23:42:00.967+0000] {dag.py:2726} INFO - Sync 1 DAGs
[2026-09-20T23:42:01.017+0000] {logging_mixin.py:149} INFO - [2026-09-20T23:42:01.017+0000] {dag.py:3490} INFO - Setting next_dagrun for 6-XCom to 2024-07-15T00:00:00+00:00, run_after=2024-07-16T00:00:00+00:00
[2026-09-20T23:42:01.049+0000] {processor.py:178} INFO - Processing /opt/airflow/dags/6_xcoms.py took 0.189 seconds
[2026-09-20T23:42:31.252+0000] {processor.py:156} INFO - Started process (PID=2887) to work on /opt/airflow/dags/6_xcoms.py
[2026-09-20T23:42:31.253+0000] {processor.py:799} INFO - Processing file /opt/airflow/dags/6_xcoms.py for tasks to queue
[2026-09-20T23:42:31.255+0000] {logging_mixin.py:149} INFO - [2026-09-20T23:42:31.254+0000] {dagbag.py:541} INFO - Filling up the DagBag from /opt/airflow/dags/6_xcoms.py
[2026-09-20T23:42:31.277+0000] {processor.py:809} INFO - DAG(s) dict_keys(['6-XCom']) retrieved from /opt/airflow/dags/6_xcoms.py
[2026-09-20T23:42:31.323+0000] {logging_mixin.py:149} INFO - [2026-09-20T23:42:31.323+0000] {dag.py:2726} INFO - Sync 1 DAGs
[2026-09-20T23:42:31.448+0000] {processor.py:178} INFO - Processing /opt/airflow/dags/6_xcoms.py took 0.203 seconds
[2026-09-20T23:43:01.500+0000] {processor.py:156} INFO - Started process (PID=2897) to work on /opt/airflow/dags/6_xcoms.py
[2026-09-20T23:43:01.509+0000] {processor.py:799} INFO - Processing file /opt/airflow/dags/6_xcoms.py for tasks to queue
[2026-09-20T23:43:01.511+0000] {logging_mixin.py:149} INFO - [2026-09-20T23:43:01.511+0000] {dagbag.py:541} INFO - Filling up the DagBag from /opt/airflow/dags/6_xcoms.py
[2026-09-20T23:43:01.539+0000] {processor.py:809} INFO - DAG(s) dict_keys(['6-XCom']) retrieved from /opt/airflow/dags/6_xcoms.py
[2026-09-20T23:43:01.599+0000] {logging_mixin.py:149} INFO - [2026-09-20T23:43:01.599+0000] {dag.py:2726} INFO - Sync 1 DAGs
[2026-09-20T23:43:01.710+0000] {processor.py:178} INFO - Processing /opt/airflow/dags/6_xcoms.py took 0.225 seconds
[2026-09-20T23:43:31.858+0000] {processor.py:156} INFO - Started process (PID=2907) to work on /opt/airflow/dags/6_xcoms.py
[2026-09-20T23:43:31.863+0000] {processor.py:799} INFO - Processing file /opt/airflow/dags/6_xcoms.py for tasks to queue
[2026-09-20T23:43:31.864+0000] {logging_mixin.py:149} INFO - [2026-09-20T23:43:31.864+0000] {dagbag.py:541} INFO - Filling up the DagBag from /opt/airflow/dags/6_xcoms.py
[2026-09-20T23:43:31.893+0000] {processor.py:809} INFO - DAG(s) dict_keys(['6-XCom']) retrieved from /opt/airflow/dags/6_xcoms.py
[2026-09-20T23:43:31.976+0000] {logging_mixin.py:149} INFO - [2026-09-20T23:43:31.975+0000] {dag.py:2726} INFO - Sync 1 DAGs
[2026-09-20T23:43:32.088+0000] {processor.py:178} INFO - Processing /opt/airflow/dags/6_xcoms.py took 0.236 seconds
[2026-09-20T23:44:02.138+0000] {processor.py:156} INFO - Started process (PID=2917) to work on /opt/airflow/dags/6_xcoms.py
[2026-09-20T23:44:02.144+0000] {processor.py:799} INFO - Processing file /opt/airflow/dags/6_xcoms.py for tasks to queue
[2026-09-20T23:44:02.145+0000] {logging_mixin.py:149} INFO - [2026-09-20T23:44:02.145+0000] {dagbag.py:541} INFO - Filling up the DagBag from /opt/airflow/dags/6_xcoms.py
[2026-09-20T23:44:02.172+0000] {processor.py:809} INFO - DAG(s) dict_keys(['6-XCom']) retrieved from /opt/airflow/dags/6_xcoms.py
[2026-09-20T23:44:02.232+0000] {logging_mixin.py:149} INFO - [2026-09-20T23:44:02.232+0000] {dag.py:2726} INFO - Sync 1 DAGs
[2026-09-20T23:44:02.345+0000] {processor.py:178} INFO - Processing /opt/airflow/dags/6_xcoms.py took 0.220 seconds
[2026-09-20T23:44:32.482+0000] {processor.py:156} INFO - Started process (PID=2927) to work on /opt/airflow/dags/6_xcoms.py
[2026-09-20T23:44:32.484+0000] {processor.py:799} INFO - Processing file /opt/airflow/dags/6_xcoms.py for tasks to queue
[2026-09-20T23:44:32.487+0000] {logging_mixin.py:149} INFO - [2026-09-20T23:44:32.487+0000] {dagbag.py:541} INFO - Filling up the DagBag from /opt/airflow/dags/6_xcoms.py
[2026-09-20T23:44:32.518+0000] {processor.py:809} INFO - DAG(s) dict_keys(['6-XCom']) retrieved from /opt/airflow/dags/6_xcoms.py
[2026-09-20T23:44:32.568+0000] {logging_mixin.py:149} INFO - [2026-09-20T23:44:32.568+0000] {dag.py:2726} INFO - Sync 1 DAGs
[2026-09-20T23:44:32.648+0000] {processor.py:178} INFO - Processing /opt/airflow/dags/6_xcoms.py took 0.172 seconds
[2026-09-20T23:45:02.758+0000] {processor.py:156} INFO - Started process (PID=2937) to work on /opt/airflow/dags/6_xcoms.py
[2026-09-20T23:45:02.760+0000] {processor.py:799} INFO - Processing file /opt/airflow/dags/6_xcoms.py for tasks to queue
[2026-09-20T23:45:02.761+0000] {logging_mixin.py:149} INFO - [2026-09-20T23:45:02.761+0000] {dagbag.py:541} INFO - Filling up the DagBag from /opt/airflow/dags/6_xcoms.py
[2026-09-20T23:45:02.792+0000] {processor.py:809} INFO - DAG(s) dict_keys(['6-XCom']) retrieved from /opt/airflow/dags/6_xcoms.py
[2026-09-20T23:45:02.840+0000] {logging_mixin.py:149} INFO - [2026-09-20T23:45:02.839+0000] {dag.py:2726} INFO - Sync 1 DAGs
[2026-09-20T23:45:02.910+0000] {processor.py:178} INFO - Processing /opt/airflow/dags/6_xcoms.py took 0.158 seconds
[2026-09-20T23:45:33.076+0000] {processor.py:156} INFO - Started process (PID=2947) to work on /opt/airflow/dags/6_xcoms.py
[2026-09-20T23:45:33.083+0000] {processor.py:799} INFO - Processing file /opt/airflow/dags/6_xcoms.py for tasks to queue
[2026-09-20T23:45:33.084+0000] {logging_mixin.py:149} INFO - [2026-09-20T23:45:33.084+0000] {dagbag.py:541} INFO - Filling up the DagBag from /opt/airflow/dags/6_xcoms.py
[2026-09-20T23:45:33.133+0000] {processor.py:809} INFO - DAG(s) dict_keys(['6-XCom']) retrieved from /opt/airflow/dags/6_xcoms.py
[2026-09-20T23:45:33.203+0000] {logging_mixin.py:149} INFO - [2026-09-20T23:45:33.203+0000] {dag.py:2726} INFO - Sync 1 DAGs
[2026-09-20T23:45:33.323+0000] {processor.py:178} INFO - Processing /opt/airflow/dags/6_xcoms.py took 0.258 seconds
[2026-09-20T23:46:03.429+0000] {processor.py:156} INFO - Started process (PID=2957) to work on /opt/airflow/dags/6_xcoms.py
[2026-09-20T23:46:03.433+0000] {processor.py:799} INFO - Processing file /opt/airflow/dags/6_xcoms.py for tasks to queue
[2026-09-20T23:46:03.434+0000] {logging_mixin.py:149} INFO - [2026-09-20T23:46:03.434+0000] {dagbag.py:541} INFO - Filling up the DagBag from /opt/airflow/dags/6_xcoms.py
[2026-09-20T23:46:03.457+0000] {processor.py:809} INFO - DAG(s) dict_keys(['6-XCom']) retrieved from /opt/airflow/dags/6_xcoms.py
[2026-09-20T23:46:03.509+0000] {logging_mixin.py:149} INFO - [2026-09-20T23:46:03.508+0000] {dag.py:2726} INFO - Sync 1 DAGs
[2026-09-20T23:46:03.586+0000] {processor.py:178} INFO - Processing /opt/airflow/dags/6_xcoms.py took 0.162 seconds
[2026-09-20T23:46:33.767+0000] {processor.py:156} INFO - Started process (PID=2967) to work on /opt/airflow/dags/6_xcoms.py
[2026-09-20T23:46:33.772+0000] {processor.py:799} INFO - Processing file /opt/airflow/dags/6_xcoms.py for tasks to queue
[2026-09-20T23:46:33.773+0000] {logging_mixin.py:149} INFO - [2026-09-20T23:46:33.773+0000] {dagbag.py:541} INFO - Filling up the DagBag from /opt/airflow/dags/6_xcoms.py
[2026-09-20T23:46:33.805+0000] {processor.py:809} INFO - DAG(s) dict_keys(['6-XCom']) retrieved from /opt/airflow/dags/6_xcoms.py
[2026-09-20T23:46:33.867+0000] {logging_mixin.py:149} INFO - [2026-09-20T23:46:33.866+0000] {dag.py:2726} INFO - Sync 1 DAGs
[2026-09-20T23:46:33.914+0000] {logging_mixin.py:149} INFO - [2026-09-20T23:46:33.914+0000] {dag.py:3490} INFO - Setting next_dagrun for 6-XCom to 2024-08-04T00:00:00+00:00, run_after=2024-08-05T00:00:00+00:00
[2026-09-20T23:46:33.959+0000] {processor.py:178} INFO - Processing /opt/airflow/dags/6_xcoms.py took 0.207 seconds
[2026-09-20T23:47:04.173+0000] {processor.py:156} INFO - Started process (PID=2977) to work on /opt/airflow/dags/6_xcoms.py
[2026-09-20T23:47:04.176+0000] {processor.py:799} INFO - Processing file /opt/airflow/dags/6_xcoms.py for tasks to queue
[2026-09-20T23:47:04.177+0000] {logging_mixin.py:149} INFO - [2026-09-20T23:47:04.177+0000] {dagbag.py:541} INFO - Filling up the DagBag from /opt/airflow/dags/6_xcoms.py
[2026-09-20T23:47:04.211+0000] {processor.py:809} INFO - DAG(s) dict_keys(['6-XCom']) retrieved from /opt/airflow/dags/6_xcoms.py
[2026-09-20T23:47:04.286+0000] {logging_mixin.py:149} INFO - [2026-09-20T23:47:04.286+0000] {dag.py:2726} INFO - Sync 1 DAGs
[2026-09-20T23:47:04.465+0000] {processor.py:178} INFO - Processing /opt/airflow/dags/6_xcoms.py took 0.309 seconds
[2026-09-20T23:47:34.648+0000] {processor.py:156} INFO - Started process (PID=2987) to work on /opt/airflow/dags/6_xcoms.py
[2026-09-20T23:47:34.653+0000] {processor.py:799} INFO - Processing file /opt/airflow/dags/6_xcoms.py for tasks to queue
[2026-09-20T23:47:34.654+0000] {logging_mixin.py:149} INFO - [2026-09-20T23:47:34.654+0000] {dagbag.py:541} INFO - Filling up the DagBag from /opt/airflow/dags/6_xcoms.py
[2026-09-20T23:47:34.675+0000] {processor.py:809} INFO - DAG(s) dict_keys(['6-XCom']) retrieved from /opt/airflow/dags/6_xcoms.py
[2026-09-20T23:47:34.722+0000] {logging_mixin.py:149} INFO - [2026-09-20T23:47:34.721+0000] {dag.py:2726} INFO - Sync 1 DAGs
[2026-09-20T23:47:34.801+0000] {processor.py:178} INFO - Processing /opt/airflow/dags/6_xcoms.py took 0.158 seconds
[2026-09-20T23:48:04.997+0000] {processor.py:156} INFO - Started process (PID=2997) to work on /opt/airflow/dags/6_xcoms.py
[2026-09-20T23:48:05.005+0000] {processor.py:799} INFO - Processing file /opt/airflow/dags/6_xcoms.py for tasks to queue
[2026-09-20T23:48:05.006+0000] {logging_mixin.py:149} INFO - [2026-09-20T23:48:05.006+0000] {dagbag.py:541} INFO - Filling up the DagBag from /opt/airflow/dags/6_xcoms.py
[2026-09-20T23:48:05.031+0000] {processor.py:809} INFO - DAG(s) dict_keys(['6-XCom']) retrieved from /opt/airflow/dags/6_xcoms.py
[2026-09-20T23:48:05.103+0000] {logging_mixin.py:149} INFO - [2026-09-20T23:48:05.102+0000] {dag.py:2726} INFO - Sync 1 DAGs
[2026-09-20T23:48:05.182+0000] {processor.py:178} INFO - Processing /opt/airflow/dags/6_xcoms.py took 0.192 seconds
[2026-09-20T23:48:35.367+0000] {processor.py:156} INFO - Started process (PID=3007) to work on /opt/airflow/dags/6_xcoms.py
[2026-09-20T23:48:35.376+0000] {processor.py:799} INFO - Processing file /opt/airflow/dags/6_xcoms.py for tasks to queue
[2026-09-20T23:48:35.377+0000] {logging_mixin.py:149} INFO - [2026-09-20T23:48:35.377+0000] {dagbag.py:541} INFO - Filling up the DagBag from /opt/airflow/dags/6_xcoms.py
[2026-09-20T23:48:35.413+0000] {processor.py:809} INFO - DAG(s) dict_keys(['6-XCom']) retrieved from /opt/airflow/dags/6_xcoms.py
[2026-09-20T23:48:35.480+0000] {logging_mixin.py:149} INFO - [2026-09-20T23:48:35.480+0000] {dag.py:2726} INFO - Sync 1 DAGs
[2026-09-20T23:48:35.570+0000] {processor.py:178} INFO - Processing /opt/airflow/dags/6_xcoms.py took 0.210 seconds
[2026-09-20T23:49:05.681+0000] {processor.py:156} INFO - Started process (PID=3017) to work on /opt/airflow/dags/6_xcoms.py
[2026-09-20T23:49:05.685+0000] {processor.py:799} INFO - Processing file /opt/airflow/dags/6_xcoms.py for tasks to queue
[2026-09-20T23:49:05.686+0000] {logging_mixin.py:149} INFO - [2026-09-20T23:49:05.686+0000] {dagbag.py:541} INFO - Filling up the DagBag from /opt/airflow/dags/6_xcoms.py
[2026-09-20T23:49:05.716+0000] {processor.py:809} INFO - DAG(s) dict_keys(['6-XCom']) retrieved from /opt/airflow/dags/6_xcoms.py
[2026-09-20T23:49:05.764+0000] {logging_mixin.py:149} INFO - [2026-09-20T23:49:05.764+0000] {dag.py:2726} INFO - Sync 1 DAGs
[2026-09-20T23:49:05.849+0000] {processor.py:178} INFO - Processing /opt/airflow/dags/6_xcoms.py took 0.173 seconds
[2026-09-20T23:49:35.883+0000] {processor.py:156} INFO - Started process (PID=3027) to work on /opt/airflow/dags/6_xcoms.py
[2026-09-20T23:49:35.885+0000] {processor.py:799} INFO - Processing file /opt/airflow/dags/6_xcoms.py for tasks to queue
[2026-09-20T23:49:35.886+0000] {logging_mixin.py:149} INFO - [2026-09-20T23:49:35.886+0000] {dagbag.py:541} INFO - Filling up the DagBag from /opt/airflow/dags/6_xcoms.py
[2026-09-20T23:49:35.906+0000] {processor.py:809} INFO - DAG(s) dict_keys(['6-XCom']) retrieved from /opt/airflow/dags/6_xcoms.py
[2026-09-20T23:49:35.965+0000] {logging_mixin.py:149} INFO - [2026-09-20T23:49:35.965+0000] {dag.py:2726} INFO - Sync 1 DAGs
[2026-09-20T23:49:36.047+0000] {processor.py:178} INFO - Processing /opt/airflow/dags/6_xcoms.py took 0.170 seconds
[2026-09-20T23:50:06.460+0000] {processor.py:156} INFO - Started process (PID=3037) to work on /opt/airflow/dags/6_xcoms.py
[2026-09-20T23:50:06.468+0000] {processor.py:799} INFO - Processing file /opt/airflow/dags/6_xcoms.py for tasks to queue
[2026-09-20T23:50:06.469+0000] {logging_mixin.py:149} INFO - [2026-09-20T23:50:06.469+0000] {dagbag.py:541} INFO - Filling up the DagBag from /opt/airflow/dags/6_xcoms.py
[2026-09-20T23:50:06.520+0000] {processor.py:809} INFO - DAG(s) dict_keys(['6-XCom']) retrieved from /opt/airflow/dags/6_xcoms.py
[2026-09-20T23:50:06.581+0000] {logging_mixin.py:149} INFO - [2026-09-20T23:50:06.581+0000] {dag.py:2726} INFO - Sync 1 DAGs
[2026-09-20T23:50:06.657+0000] {processor.py:178} INFO - Processing /opt/airflow/dags/6_xcoms.py took 0.207 seconds
[2026-09-20T23:50:36.741+0000] {processor.py:156} INFO - Started process (PID=3047) to work on /opt/airflow/dags/6_xcoms.py
[2026-09-20T23:50:36.746+0000] {processor.py:799} INFO - Processing file /opt/airflow/dags/6_xcoms.py for tasks to queue
[2026-09-20T23:50:36.748+0000] {logging_mixin.py:149} INFO - [2026-09-20T23:50:36.747+0000] {dagbag.py:541} INFO - Filling up the DagBag from /opt/airflow/dags/6_xcoms.py
[2026-09-20T23:50:36.775+0000] {processor.py:809} INFO - DAG(s) dict_keys(['6-XCom']) retrieved from /opt/airflow/dags/6_xcoms.py
[2026-09-20T23:50:36.825+0000] {logging_mixin.py:149} INFO - [2026-09-20T23:50:36.825+0000] {dag.py:2726} INFO - Sync 1 DAGs
[2026-09-20T23:50:36.892+0000] {processor.py:178} INFO - Processing /opt/airflow/dags/6_xcoms.py took 0.161 seconds
[2026-09-20T23:51:06.960+0000] {processor.py:156} INFO - Started process (PID=3057) to work on /opt/airflow/dags/6_xcoms.py
[2026-09-20T23:51:06.961+0000] {processor.py:799} INFO - Processing file /opt/airflow/dags/6_xcoms.py for tasks to queue
[2026-09-20T23:51:06.962+0000] {logging_mixin.py:149} INFO - [2026-09-20T23:51:06.962+0000] {dagbag.py:541} INFO - Filling up the DagBag from /opt/airflow/dags/6_xcoms.py
[2026-09-20T23:51:07.004+0000] {processor.py:809} INFO - DAG(s) dict_keys(['6-XCom']) retrieved from /opt/airflow/dags/6_xcoms.py
[2026-09-20T23:51:07.057+0000] {logging_mixin.py:149} INFO - [2026-09-20T23:51:07.056+0000] {dag.py:2726} INFO - Sync 1 DAGs
[2026-09-20T23:51:07.112+0000] {logging_mixin.py:149} INFO - [2026-09-20T23:51:07.111+0000] {dag.py:3490} INFO - Setting next_dagrun for 6-XCom to 2024-08-24T00:00:00+00:00, run_after=2024-08-25T00:00:00+00:00
[2026-09-20T23:51:07.169+0000] {processor.py:178} INFO - Processing /opt/airflow/dags/6_xcoms.py took 0.217 seconds
[2026-09-20T23:51:37.391+0000] {processor.py:156} INFO - Started process (PID=3067) to work on /opt/airflow/dags/6_xcoms.py
[2026-09-20T23:51:37.393+0000] {processor.py:799} INFO - Processing file /opt/airflow/dags/6_xcoms.py for tasks to queue
[2026-09-20T23:51:37.395+0000] {logging_mixin.py:149} INFO - [2026-09-20T23:51:37.394+0000] {dagbag.py:541} INFO - Filling up the DagBag from /opt/airflow/dags/6_xcoms.py
[2026-09-20T23:51:37.432+0000] {processor.py:809} INFO - DAG(s) dict_keys(['6-XCom']) retrieved from /opt/airflow/dags/6_xcoms.py
[2026-09-20T23:51:37.490+0000] {logging_mixin.py:149} INFO - [2026-09-20T23:51:37.489+0000] {dag.py:2726} INFO - Sync 1 DAGs
[2026-09-20T23:51:37.560+0000] {processor.py:178} INFO - Processing /opt/airflow/dags/6_xcoms.py took 0.177 seconds
[2026-09-20T23:52:07.666+0000] {processor.py:156} INFO - Started process (PID=3077) to work on /opt/airflow/dags/6_xcoms.py
[2026-09-20T23:52:07.668+0000] {processor.py:799} INFO - Processing file /opt/airflow/dags/6_xcoms.py for tasks to queue
[2026-09-20T23:52:07.669+0000] {logging_mixin.py:149} INFO - [2026-09-20T23:52:07.669+0000] {dagbag.py:541} INFO - Filling up the DagBag from /opt/airflow/dags/6_xcoms.py
[2026-09-20T23:52:07.692+0000] {processor.py:809} INFO - DAG(s) dict_keys(['6-XCom']) retrieved from /opt/airflow/dags/6_xcoms.py
[2026-09-20T23:52:07.752+0000] {logging_mixin.py:149} INFO - [2026-09-20T23:52:07.752+0000] {dag.py:2726} INFO - Sync 1 DAGs
[2026-09-20T23:52:07.839+0000] {processor.py:178} INFO - Processing /opt/airflow/dags/6_xcoms.py took 0.180 seconds
[2026-09-20T23:52:38.698+0000] {processor.py:156} INFO - Started process (PID=3087) to work on /opt/airflow/dags/6_xcoms.py
[2026-09-20T23:52:38.701+0000] {processor.py:799} INFO - Processing file /opt/airflow/dags/6_xcoms.py for tasks to queue
[2026-09-20T23:52:38.703+0000] {logging_mixin.py:149} INFO - [2026-09-20T23:52:38.702+0000] {dagbag.py:541} INFO - Filling up the DagBag from /opt/airflow/dags/6_xcoms.py
[2026-09-20T23:52:38.727+0000] {processor.py:809} INFO - DAG(s) dict_keys(['6-XCom']) retrieved from /opt/airflow/dags/6_xcoms.py
[2026-09-20T23:52:38.781+0000] {logging_mixin.py:149} INFO - [2026-09-20T23:52:38.781+0000] {dag.py:2726} INFO - Sync 1 DAGs
[2026-09-20T23:52:38.861+0000] {processor.py:178} INFO - Processing /opt/airflow/dags/6_xcoms.py took 0.171 seconds
[2026-09-20T23:53:09.688+0000] {processor.py:156} INFO - Started process (PID=3097) to work on /opt/airflow/dags/6_xcoms.py
[2026-09-20T23:53:09.692+0000] {processor.py:799} INFO - Processing file /opt/airflow/dags/6_xcoms.py for tasks to queue
[2026-09-20T23:53:09.693+0000] {logging_mixin.py:149} INFO - [2026-09-20T23:53:09.693+0000] {dagbag.py:541} INFO - Filling up the DagBag from /opt/airflow/dags/6_xcoms.py
[2026-09-20T23:53:09.720+0000] {processor.py:809} INFO - DAG(s) dict_keys(['6-XCom']) retrieved from /opt/airflow/dags/6_xcoms.py
[2026-09-20T23:53:09.800+0000] {logging_mixin.py:149} INFO - [2026-09-20T23:53:09.797+0000] {dag.py:2726} INFO - Sync 1 DAGs
[2026-09-20T23:53:09.977+0000] {processor.py:178} INFO - Processing /opt/airflow/dags/6_xcoms.py took 0.301 seconds
[2026-09-20T23:53:40.137+0000] {processor.py:156} INFO - Started process (PID=3107) to work on /opt/airflow/dags/6_xcoms.py
[2026-09-20T23:53:40.139+0000] {processor.py:799} INFO - Processing file /opt/airflow/dags/6_xcoms.py for tasks to queue
[2026-09-20T23:53:40.140+0000] {logging_mixin.py:149} INFO - [2026-09-20T23:53:40.140+0000] {dagbag.py:541} INFO - Filling up the DagBag from /opt/airflow/dags/6_xcoms.py
[2026-09-20T23:53:40.161+0000] {processor.py:809} INFO - DAG(s) dict_keys(['6-XCom']) retrieved from /opt/airflow/dags/6_xcoms.py
[2026-09-20T23:53:40.217+0000] {logging_mixin.py:149} INFO - [2026-09-20T23:53:40.217+0000] {dag.py:2726} INFO - Sync 1 DAGs
[2026-09-20T23:53:40.292+0000] {processor.py:178} INFO - Processing /opt/airflow/dags/6_xcoms.py took 0.160 seconds
[2026-09-20T23:54:10.375+0000] {processor.py:156} INFO - Started process (PID=3117) to work on /opt/airflow/dags/6_xcoms.py
[2026-09-20T23:54:10.377+0000] {processor.py:799} INFO - Processing file /opt/airflow/dags/6_xcoms.py for tasks to queue
[2026-09-20T23:54:10.379+0000] {logging_mixin.py:149} INFO - [2026-09-20T23:54:10.378+0000] {dagbag.py:541} INFO - Filling up the DagBag from /opt/airflow/dags/6_xcoms.py
[2026-09-20T23:54:10.402+0000] {processor.py:809} INFO - DAG(s) dict_keys(['6-XCom']) retrieved from /opt/airflow/dags/6_xcoms.py
[2026-09-20T23:54:10.447+0000] {logging_mixin.py:149} INFO - [2026-09-20T23:54:10.447+0000] {dag.py:2726} INFO - Sync 1 DAGs
[2026-09-20T23:54:10.560+0000] {processor.py:178} INFO - Processing /opt/airflow/dags/6_xcoms.py took 0.190 seconds
[2026-09-20T23:54:40.696+0000] {processor.py:156} INFO - Started process (PID=3127) to work on /opt/airflow/dags/6_xcoms.py
[2026-09-20T23:54:40.699+0000] {processor.py:799} INFO - Processing file /opt/airflow/dags/6_xcoms.py for tasks to queue
[2026-09-20T23:54:40.701+0000] {logging_mixin.py:149} INFO - [2026-09-20T23:54:40.700+0000] {dagbag.py:541} INFO - Filling up the DagBag from /opt/airflow/dags/6_xcoms.py
[2026-09-20T23:54:40.724+0000] {processor.py:809} INFO - DAG(s) dict_keys(['6-XCom']) retrieved from /opt/airflow/dags/6_xcoms.py
[2026-09-20T23:54:40.774+0000] {logging_mixin.py:149} INFO - [2026-09-20T23:54:40.773+0000] {dag.py:2726} INFO - Sync 1 DAGs
[2026-09-20T23:54:40.853+0000] {processor.py:178} INFO - Processing /opt/airflow/dags/6_xcoms.py took 0.164 seconds
[2026-09-20T23:55:11.677+0000] {processor.py:156} INFO - Started process (PID=3137) to work on /opt/airflow/dags/6_xcoms.py
[2026-09-20T23:55:11.686+0000] {processor.py:799} INFO - Processing file /opt/airflow/dags/6_xcoms.py for tasks to queue
[2026-09-20T23:55:11.688+0000] {logging_mixin.py:149} INFO - [2026-09-20T23:55:11.687+0000] {dagbag.py:541} INFO - Filling up the DagBag from /opt/airflow/dags/6_xcoms.py
[2026-09-20T23:55:11.719+0000] {processor.py:809} INFO - DAG(s) dict_keys(['6-XCom']) retrieved from /opt/airflow/dags/6_xcoms.py
[2026-09-20T23:55:11.770+0000] {logging_mixin.py:149} INFO - [2026-09-20T23:55:11.769+0000] {dag.py:2726} INFO - Sync 1 DAGs
[2026-09-20T23:55:11.867+0000] {processor.py:178} INFO - Processing /opt/airflow/dags/6_xcoms.py took 0.198 seconds
[2026-09-20T23:55:42.671+0000] {processor.py:156} INFO - Started process (PID=3147) to work on /opt/airflow/dags/6_xcoms.py
[2026-09-20T23:55:42.673+0000] {processor.py:799} INFO - Processing file /opt/airflow/dags/6_xcoms.py for tasks to queue
[2026-09-20T23:55:42.674+0000] {logging_mixin.py:149} INFO - [2026-09-20T23:55:42.674+0000] {dagbag.py:541} INFO - Filling up the DagBag from /opt/airflow/dags/6_xcoms.py
[2026-09-20T23:55:42.703+0000] {processor.py:809} INFO - DAG(s) dict_keys(['6-XCom']) retrieved from /opt/airflow/dags/6_xcoms.py
[2026-09-20T23:55:42.762+0000] {logging_mixin.py:149} INFO - [2026-09-20T23:55:42.762+0000] {dag.py:2726} INFO - Sync 1 DAGs
[2026-09-20T23:55:42.835+0000] {processor.py:178} INFO - Processing /opt/airflow/dags/6_xcoms.py took 0.174 seconds
[2026-09-20T23:56:12.899+0000] {processor.py:156} INFO - Started process (PID=3157) to work on /opt/airflow/dags/6_xcoms.py
[2026-09-20T23:56:12.901+0000] {processor.py:799} INFO - Processing file /opt/airflow/dags/6_xcoms.py for tasks to queue
[2026-09-20T23:56:12.903+0000] {logging_mixin.py:149} INFO - [2026-09-20T23:56:12.902+0000] {dagbag.py:541} INFO - Filling up the DagBag from /opt/airflow/dags/6_xcoms.py
[2026-09-20T23:56:12.925+0000] {processor.py:809} INFO - DAG(s) dict_keys(['6-XCom']) retrieved from /opt/airflow/dags/6_xcoms.py
[2026-09-20T23:56:12.984+0000] {logging_mixin.py:149} INFO - [2026-09-20T23:56:12.984+0000] {dag.py:2726} INFO - Sync 1 DAGs
[2026-09-20T23:56:13.089+0000] {processor.py:178} INFO - Processing /opt/airflow/dags/6_xcoms.py took 0.196 seconds
[2026-09-20T23:56:43.162+0000] {processor.py:156} INFO - Started process (PID=3167) to work on /opt/airflow/dags/6_xcoms.py
[2026-09-20T23:56:43.170+0000] {processor.py:799} INFO - Processing file /opt/airflow/dags/6_xcoms.py for tasks to queue
[2026-09-20T23:56:43.171+0000] {logging_mixin.py:149} INFO - [2026-09-20T23:56:43.171+0000] {dagbag.py:541} INFO - Filling up the DagBag from /opt/airflow/dags/6_xcoms.py
[2026-09-20T23:56:43.194+0000] {processor.py:809} INFO - DAG(s) dict_keys(['6-XCom']) retrieved from /opt/airflow/dags/6_xcoms.py
[2026-09-20T23:56:43.256+0000] {logging_mixin.py:149} INFO - [2026-09-20T23:56:43.255+0000] {dag.py:2726} INFO - Sync 1 DAGs
[2026-09-20T23:56:43.342+0000] {processor.py:178} INFO - Processing /opt/airflow/dags/6_xcoms.py took 0.187 seconds
[2026-09-20T23:57:13.429+0000] {processor.py:156} INFO - Started process (PID=3177) to work on /opt/airflow/dags/6_xcoms.py
[2026-09-20T23:57:13.436+0000] {processor.py:799} INFO - Processing file /opt/airflow/dags/6_xcoms.py for tasks to queue
[2026-09-20T23:57:13.437+0000] {logging_mixin.py:149} INFO - [2026-09-20T23:57:13.437+0000] {dagbag.py:541} INFO - Filling up the DagBag from /opt/airflow/dags/6_xcoms.py
[2026-09-20T23:57:13.469+0000] {processor.py:809} INFO - DAG(s) dict_keys(['6-XCom']) retrieved from /opt/airflow/dags/6_xcoms.py
[2026-09-20T23:57:13.529+0000] {logging_mixin.py:149} INFO - [2026-09-20T23:57:13.528+0000] {dag.py:2726} INFO - Sync 1 DAGs
[2026-09-20T23:57:13.613+0000] {processor.py:178} INFO - Processing /opt/airflow/dags/6_xcoms.py took 0.190 seconds
[2026-09-20T23:57:44.030+0000] {processor.py:156} INFO - Started process (PID=3187) to work on /opt/airflow/dags/6_xcoms.py
[2026-09-20T23:57:44.032+0000] {processor.py:799} INFO - Processing file /opt/airflow/dags/6_xcoms.py for tasks to queue
[2026-09-20T23:57:44.033+0000] {logging_mixin.py:149} INFO - [2026-09-20T23:57:44.033+0000] {dagbag.py:541} INFO - Filling up the DagBag from /opt/airflow/dags/6_xcoms.py
[2026-09-20T23:57:44.055+0000] {processor.py:809} INFO - DAG(s) dict_keys(['6-XCom']) retrieved from /opt/airflow/dags/6_xcoms.py
[2026-09-20T23:57:44.109+0000] {logging_mixin.py:149} INFO - [2026-09-20T23:57:44.108+0000] {dag.py:2726} INFO - Sync 1 DAGs
[2026-09-20T23:57:44.153+0000] {logging_mixin.py:149} INFO - [2026-09-20T23:57:44.153+0000] {dag.py:3490} INFO - Setting next_dagrun for 6-XCom to 2024-09-22T00:00:00+00:00, run_after=2024-09-23T00:00:00+00:00
[2026-09-20T23:57:44.186+0000] {processor.py:178} INFO - Processing /opt/airflow/dags/6_xcoms.py took 0.163 seconds
[2026-09-20T23:58:14.988+0000] {processor.py:156} INFO - Started process (PID=3197) to work on /opt/airflow/dags/6_xcoms.py
[2026-09-20T23:58:14.990+0000] {processor.py:799} INFO - Processing file /opt/airflow/dags/6_xcoms.py for tasks to queue
[2026-09-20T23:58:14.995+0000] {logging_mixin.py:149} INFO - [2026-09-20T23:58:14.995+0000] {dagbag.py:541} INFO - Filling up the DagBag from /opt/airflow/dags/6_xcoms.py
[2026-09-20T23:58:15.040+0000] {processor.py:809} INFO - DAG(s) dict_keys(['6-XCom']) retrieved from /opt/airflow/dags/6_xcoms.py
[2026-09-20T23:58:15.154+0000] {logging_mixin.py:149} INFO - [2026-09-20T23:58:15.153+0000] {dag.py:2726} INFO - Sync 1 DAGs
[2026-09-20T23:58:15.274+0000] {processor.py:178} INFO - Processing /opt/airflow/dags/6_xcoms.py took 0.293 seconds
[2026-09-20T23:58:45.327+0000] {processor.py:156} INFO - Started process (PID=3207) to work on /opt/airflow/dags/6_xcoms.py
[2026-09-20T23:58:45.329+0000] {processor.py:799} INFO - Processing file /opt/airflow/dags/6_xcoms.py for tasks to queue
[2026-09-20T23:58:45.331+0000] {logging_mixin.py:149} INFO - [2026-09-20T23:58:45.330+0000] {dagbag.py:541} INFO - Filling up the DagBag from /opt/airflow/dags/6_xcoms.py
[2026-09-20T23:58:45.361+0000] {processor.py:809} INFO - DAG(s) dict_keys(['6-XCom']) retrieved from /opt/airflow/dags/6_xcoms.py
[2026-09-20T23:58:45.434+0000] {logging_mixin.py:149} INFO - [2026-09-20T23:58:45.434+0000] {dag.py:2726} INFO - Sync 1 DAGs
[2026-09-20T23:58:45.532+0000] {processor.py:178} INFO - Processing /opt/airflow/dags/6_xcoms.py took 0.211 seconds
[2026-09-20T23:59:15.649+0000] {processor.py:156} INFO - Started process (PID=3217) to work on /opt/airflow/dags/6_xcoms.py
[2026-09-20T23:59:15.651+0000] {processor.py:799} INFO - Processing file /opt/airflow/dags/6_xcoms.py for tasks to queue
[2026-09-20T23:59:15.652+0000] {logging_mixin.py:149} INFO - [2026-09-20T23:59:15.652+0000] {dagbag.py:541} INFO - Filling up the DagBag from /opt/airflow/dags/6_xcoms.py
[2026-09-20T23:59:15.680+0000] {processor.py:809} INFO - DAG(s) dict_keys(['6-XCom']) retrieved from /opt/airflow/dags/6_xcoms.py
[2026-09-20T23:59:15.754+0000] {logging_mixin.py:149} INFO - [2026-09-20T23:59:15.753+0000] {dag.py:2726} INFO - Sync 1 DAGs
[2026-09-20T23:59:15.824+0000] {processor.py:178} INFO - Processing /opt/airflow/dags/6_xcoms.py took 0.181 seconds
[2026-09-20T23:59:45.860+0000] {processor.py:156} INFO - Started process (PID=3227) to work on /opt/airflow/dags/6_xcoms.py
[2026-09-20T23:59:45.863+0000] {processor.py:799} INFO - Processing file /opt/airflow/dags/6_xcoms.py for tasks to queue
[2026-09-20T23:59:45.864+0000] {logging_mixin.py:149} INFO - [2026-09-20T23:59:45.864+0000] {dagbag.py:541} INFO - Filling up the DagBag from /opt/airflow/dags/6_xcoms.py
[2026-09-20T23:59:45.887+0000] {processor.py:809} INFO - DAG(s) dict_keys(['6-XCom']) retrieved from /opt/airflow/dags/6_xcoms.py
[2026-09-20T23:59:45.937+0000] {logging_mixin.py:149} INFO - [2026-09-20T23:59:45.937+0000] {dag.py:2726} INFO - Sync 1 DAGs
[2026-09-20T23:59:46.029+0000] {processor.py:178} INFO - Processing /opt/airflow/dags/6_xcoms.py took 0.175 seconds
