[2026-09-20T21:48:06.669+0000] {processor.py:156} INFO - Started process (PID=29) to work on /opt/airflow/dags/7_branch_pythoon_operator.py
[2026-09-20T21:48:06.683+0000] {processor.py:799} INFO - Processing file /opt/airflow/dags/7_branch_pythoon_operator.py for tasks to queue
[2026-09-20T21:48:06.684+0000] {logging_mixin.py:149} INFO - [2026-09-20T21:48:06.684+0000] {dagbag.py:541} INFO - Filling up the DagBag from /opt/airflow/dags/7_branch_pythoon_operator.py
[2026-09-20T21:48:06.821+0000] {processor.py:809} INFO - DAG(s) dict_keys(['7-branching']) retrieved from /opt/airflow/dags/7_branch_pythoon_operator.py
[2026-09-20T21:48:08.495+0000] {logging_mixin.py:149} INFO - [2026-09-20T21:48:08.495+0000] {manager.py:504} INFO - Created Permission View: can delete on DAG:7-branching
[2026-09-20T21:48:08.519+0000] {logging_mixin.py:149} INFO - [2026-09-20T21:48:08.519+0000] {manager.py:504} INFO - Created Permission View: can edit on DAG:7-branching
[2026-09-20T21:48:08.538+0000] {logging_mixin.py:149} INFO - [2026-09-20T21:48:08.538+0000] {manager.py:504} INFO - Created Permission View: can read on DAG:7-branching
[2026-09-20T21:48:08.538+0000] {logging_mixin.py:149} INFO - [2026-09-20T21:48:08.538+0000] {dag.py:2726} INFO - Sync 1 DAGs
[2026-09-20T21:48:08.570+0000] {logging_mixin.py:149} INFO - [2026-09-20T21:48:08.570+0000] {dag.py:2747} INFO - Creating ORM DAG for 7-branching
[2026-09-20T21:48:08.604+0000] {logging_mixin.py:149} INFO - [2026-09-20T21:48:08.604+0000] {dag.py:3490} INFO - Setting next_dagrun for 7-branching to 2023-04-15T00:00:00+00:00, run_after=2023-04-16T00:00:00+00:00
[2026-09-20T21:48:08.658+0000] {processor.py:178} INFO - Processing /opt/airflow/dags/7_branch_pythoon_operator.py took 2.016 seconds
[2026-09-20T21:48:39.283+0000] {processor.py:156} INFO - Started process (PID=38) to work on /opt/airflow/dags/7_branch_pythoon_operator.py
[2026-09-20T21:48:39.289+0000] {processor.py:799} INFO - Processing file /opt/airflow/dags/7_branch_pythoon_operator.py for tasks to queue
[2026-09-20T21:48:39.290+0000] {logging_mixin.py:149} INFO - [2026-09-20T21:48:39.290+0000] {dagbag.py:541} INFO - Filling up the DagBag from /opt/airflow/dags/7_branch_pythoon_operator.py
[2026-09-20T21:48:39.315+0000] {processor.py:809} INFO - DAG(s) dict_keys(['7-branching']) retrieved from /opt/airflow/dags/7_branch_pythoon_operator.py
[2026-09-20T21:48:39.425+0000] {logging_mixin.py:149} INFO - [2026-09-20T21:48:39.424+0000] {dag.py:2726} INFO - Sync 1 DAGs
[2026-09-20T21:48:39.472+0000] {logging_mixin.py:149} INFO - [2026-09-20T21:48:39.472+0000] {dag.py:3490} INFO - Setting next_dagrun for 7-branching to 2023-04-15T00:00:00+00:00, run_after=2023-04-16T00:00:00+00:00
[2026-09-20T21:48:39.515+0000] {processor.py:178} INFO - Processing /opt/airflow/dags/7_branch_pythoon_operator.py took 0.242 seconds
[2026-09-20T21:49:09.710+0000] {processor.py:156} INFO - Started process (PID=47) to work on /opt/airflow/dags/7_branch_pythoon_operator.py
[2026-09-20T21:49:09.713+0000] {processor.py:799} INFO - Processing file /opt/airflow/dags/7_branch_pythoon_operator.py for tasks to queue
[2026-09-20T21:49:09.714+0000] {logging_mixin.py:149} INFO - [2026-09-20T21:49:09.714+0000] {dagbag.py:541} INFO - Filling up the DagBag from /opt/airflow/dags/7_branch_pythoon_operator.py
[2026-09-20T21:49:09.736+0000] {processor.py:809} INFO - DAG(s) dict_keys(['7-branching']) retrieved from /opt/airflow/dags/7_branch_pythoon_operator.py
[2026-09-20T21:49:09.782+0000] {logging_mixin.py:149} INFO - [2026-09-20T21:49:09.781+0000] {dag.py:2726} INFO - Sync 1 DAGs
[2026-09-20T21:49:09.824+0000] {logging_mixin.py:149} INFO - [2026-09-20T21:49:09.824+0000] {dag.py:3490} INFO - Setting next_dagrun for 7-branching to 2023-04-15T00:00:00+00:00, run_after=2023-04-16T00:00:00+00:00
[2026-09-20T21:49:09.854+0000] {processor.py:178} INFO - Processing /opt/airflow/dags/7_branch_pythoon_operator.py took 0.149 seconds
[2026-09-20T21:49:40.714+0000] {processor.py:156} INFO - Started process (PID=56) to work on /opt/airflow/dags/7_branch_pythoon_operator.py
[2026-09-20T21:49:40.718+0000] {processor.py:799} INFO - Processing file /opt/airflow/dags/7_branch_pythoon_operator.py for tasks to queue
[2026-09-20T21:49:40.719+0000] {logging_mixin.py:149} INFO - [2026-09-20T21:49:40.719+0000] {dagbag.py:541} INFO - Filling up the DagBag from /opt/airflow/dags/7_branch_pythoon_operator.py
[2026-09-20T21:49:40.748+0000] {processor.py:809} INFO - DAG(s) dict_keys(['7-branching']) retrieved from /opt/airflow/dags/7_branch_pythoon_operator.py
[2026-09-20T21:49:40.821+0000] {logging_mixin.py:149} INFO - [2026-09-20T21:49:40.821+0000] {dag.py:2726} INFO - Sync 1 DAGs
[2026-09-20T21:49:40.868+0000] {logging_mixin.py:149} INFO - [2026-09-20T21:49:40.867+0000] {dag.py:3490} INFO - Setting next_dagrun for 7-branching to 2023-04-15T00:00:00+00:00, run_after=2023-04-16T00:00:00+00:00
[2026-09-20T21:49:40.904+0000] {processor.py:178} INFO - Processing /opt/airflow/dags/7_branch_pythoon_operator.py took 0.201 seconds
[2026-09-20T21:50:11.697+0000] {processor.py:156} INFO - Started process (PID=65) to work on /opt/airflow/dags/7_branch_pythoon_operator.py
[2026-09-20T21:50:11.699+0000] {processor.py:799} INFO - Processing file /opt/airflow/dags/7_branch_pythoon_operator.py for tasks to queue
[2026-09-20T21:50:11.700+0000] {logging_mixin.py:149} INFO - [2026-09-20T21:50:11.699+0000] {dagbag.py:541} INFO - Filling up the DagBag from /opt/airflow/dags/7_branch_pythoon_operator.py
[2026-09-20T21:50:11.732+0000] {processor.py:809} INFO - DAG(s) dict_keys(['7-branching']) retrieved from /opt/airflow/dags/7_branch_pythoon_operator.py
[2026-09-20T21:50:11.776+0000] {logging_mixin.py:149} INFO - [2026-09-20T21:50:11.776+0000] {dag.py:2726} INFO - Sync 1 DAGs
[2026-09-20T21:50:11.811+0000] {logging_mixin.py:149} INFO - [2026-09-20T21:50:11.811+0000] {dag.py:3490} INFO - Setting next_dagrun for 7-branching to 2023-04-15T00:00:00+00:00, run_after=2023-04-16T00:00:00+00:00
[2026-09-20T21:50:11.837+0000] {processor.py:178} INFO - Processing /opt/airflow/dags/7_branch_pythoon_operator.py took 0.153 seconds
[2026-09-20T21:50:42.553+0000] {processor.py:156} INFO - Started process (PID=74) to work on /opt/airflow/dags/7_branch_pythoon_operator.py
[2026-09-20T21:50:42.555+0000] {processor.py:799} INFO - Processing file /opt/airflow/dags/7_branch_pythoon_operator.py for tasks to queue
[2026-09-20T21:50:42.556+0000] {logging_mixin.py:149} INFO - [2026-09-20T21:50:42.556+0000] {dagbag.py:541} INFO - Filling up the DagBag from /opt/airflow/dags/7_branch_pythoon_operator.py
[2026-09-20T21:50:42.579+0000] {processor.py:809} INFO - DAG(s) dict_keys(['7-branching']) retrieved from /opt/airflow/dags/7_branch_pythoon_operator.py
[2026-09-20T21:50:42.644+0000] {logging_mixin.py:149} INFO - [2026-09-20T21:50:42.643+0000] {dag.py:2726} INFO - Sync 1 DAGs
[2026-09-20T21:50:42.692+0000] {logging_mixin.py:149} INFO - [2026-09-20T21:50:42.691+0000] {dag.py:3490} INFO - Setting next_dagrun for 7-branching to 2023-04-15T00:00:00+00:00, run_after=2023-04-16T00:00:00+00:00
[2026-09-20T21:50:42.747+0000] {processor.py:178} INFO - Processing /opt/airflow/dags/7_branch_pythoon_operator.py took 0.200 seconds
[2026-09-20T21:51:13.532+0000] {processor.py:156} INFO - Started process (PID=83) to work on /opt/airflow/dags/7_branch_pythoon_operator.py
[2026-09-20T21:51:13.534+0000] {processor.py:799} INFO - Processing file /opt/airflow/dags/7_branch_pythoon_operator.py for tasks to queue
[2026-09-20T21:51:13.535+0000] {logging_mixin.py:149} INFO - [2026-09-20T21:51:13.535+0000] {dagbag.py:541} INFO - Filling up the DagBag from /opt/airflow/dags/7_branch_pythoon_operator.py
[2026-09-20T21:51:13.567+0000] {processor.py:809} INFO - DAG(s) dict_keys(['7-branching']) retrieved from /opt/airflow/dags/7_branch_pythoon_operator.py
[2026-09-20T21:51:13.638+0000] {logging_mixin.py:149} INFO - [2026-09-20T21:51:13.637+0000] {dag.py:2726} INFO - Sync 1 DAGs
[2026-09-20T21:51:13.682+0000] {logging_mixin.py:149} INFO - [2026-09-20T21:51:13.681+0000] {dag.py:3490} INFO - Setting next_dagrun for 7-branching to 2023-04-15T00:00:00+00:00, run_after=2023-04-16T00:00:00+00:00
[2026-09-20T21:51:13.720+0000] {processor.py:178} INFO - Processing /opt/airflow/dags/7_branch_pythoon_operator.py took 0.195 seconds
[2026-09-20T21:51:44.539+0000] {processor.py:156} INFO - Started process (PID=92) to work on /opt/airflow/dags/7_branch_pythoon_operator.py
[2026-09-20T21:51:44.541+0000] {processor.py:799} INFO - Processing file /opt/airflow/dags/7_branch_pythoon_operator.py for tasks to queue
[2026-09-20T21:51:44.541+0000] {logging_mixin.py:149} INFO - [2026-09-20T21:51:44.541+0000] {dagbag.py:541} INFO - Filling up the DagBag from /opt/airflow/dags/7_branch_pythoon_operator.py
[2026-09-20T21:51:44.568+0000] {processor.py:809} INFO - DAG(s) dict_keys(['7-branching']) retrieved from /opt/airflow/dags/7_branch_pythoon_operator.py
[2026-09-20T21:51:44.645+0000] {logging_mixin.py:149} INFO - [2026-09-20T21:51:44.645+0000] {dag.py:2726} INFO - Sync 1 DAGs
[2026-09-20T21:51:44.699+0000] {logging_mixin.py:149} INFO - [2026-09-20T21:51:44.699+0000] {dag.py:3490} INFO - Setting next_dagrun for 7-branching to 2023-04-15T00:00:00+00:00, run_after=2023-04-16T00:00:00+00:00
[2026-09-20T21:51:44.739+0000] {processor.py:178} INFO - Processing /opt/airflow/dags/7_branch_pythoon_operator.py took 0.205 seconds
[2026-09-20T21:52:15.459+0000] {processor.py:156} INFO - Started process (PID=101) to work on /opt/airflow/dags/7_branch_pythoon_operator.py
[2026-09-20T21:52:15.463+0000] {processor.py:799} INFO - Processing file /opt/airflow/dags/7_branch_pythoon_operator.py for tasks to queue
[2026-09-20T21:52:15.468+0000] {logging_mixin.py:149} INFO - [2026-09-20T21:52:15.465+0000] {dagbag.py:541} INFO - Filling up the DagBag from /opt/airflow/dags/7_branch_pythoon_operator.py
[2026-09-20T21:52:15.516+0000] {processor.py:809} INFO - DAG(s) dict_keys(['7-branching']) retrieved from /opt/airflow/dags/7_branch_pythoon_operator.py
[2026-09-20T21:52:15.583+0000] {logging_mixin.py:149} INFO - [2026-09-20T21:52:15.582+0000] {dag.py:2726} INFO - Sync 1 DAGs
[2026-09-20T21:52:15.653+0000] {logging_mixin.py:149} INFO - [2026-09-20T21:52:15.652+0000] {dag.py:3490} INFO - Setting next_dagrun for 7-branching to 2023-04-15T00:00:00+00:00, run_after=2023-04-16T00:00:00+00:00
[2026-09-20T21:52:15.709+0000] {processor.py:178} INFO - Processing /opt/airflow/dags/7_branch_pythoon_operator.py took 0.261 seconds
[2026-09-20T21:52:45.881+0000] {processor.py:156} INFO - Started process (PID=110) to work on /opt/airflow/dags/7_branch_pythoon_operator.py
[2026-09-20T21:52:45.886+0000] {processor.py:799} INFO - Processing file /opt/airflow/dags/7_branch_pythoon_operator.py for tasks to queue
[2026-09-20T21:52:45.888+0000] {logging_mixin.py:149} INFO - [2026-09-20T21:52:45.887+0000] {dagbag.py:541} INFO - Filling up the DagBag from /opt/airflow/dags/7_branch_pythoon_operator.py
[2026-09-20T21:52:45.914+0000] {processor.py:809} INFO - DAG(s) dict_keys(['7-branching']) retrieved from /opt/airflow/dags/7_branch_pythoon_operator.py
[2026-09-20T21:52:45.967+0000] {logging_mixin.py:149} INFO - [2026-09-20T21:52:45.967+0000] {dag.py:2726} INFO - Sync 1 DAGs
[2026-09-20T21:52:46.010+0000] {logging_mixin.py:149} INFO - [2026-09-20T21:52:46.010+0000] {dag.py:3490} INFO - Setting next_dagrun for 7-branching to 2023-04-15T00:00:00+00:00, run_after=2023-04-16T00:00:00+00:00
[2026-09-20T21:52:46.044+0000] {processor.py:178} INFO - Processing /opt/airflow/dags/7_branch_pythoon_operator.py took 0.170 seconds
[2026-09-20T21:53:16.788+0000] {processor.py:156} INFO - Started process (PID=119) to work on /opt/airflow/dags/7_branch_pythoon_operator.py
[2026-09-20T21:53:16.794+0000] {processor.py:799} INFO - Processing file /opt/airflow/dags/7_branch_pythoon_operator.py for tasks to queue
[2026-09-20T21:53:16.797+0000] {logging_mixin.py:149} INFO - [2026-09-20T21:53:16.796+0000] {dagbag.py:541} INFO - Filling up the DagBag from /opt/airflow/dags/7_branch_pythoon_operator.py
[2026-09-20T21:53:16.829+0000] {processor.py:809} INFO - DAG(s) dict_keys(['7-branching']) retrieved from /opt/airflow/dags/7_branch_pythoon_operator.py
[2026-09-20T21:53:16.892+0000] {logging_mixin.py:149} INFO - [2026-09-20T21:53:16.892+0000] {dag.py:2726} INFO - Sync 1 DAGs
[2026-09-20T21:53:16.951+0000] {logging_mixin.py:149} INFO - [2026-09-20T21:53:16.950+0000] {dag.py:3490} INFO - Setting next_dagrun for 7-branching to 2023-04-15T00:00:00+00:00, run_after=2023-04-16T00:00:00+00:00
[2026-09-20T21:53:17.006+0000] {processor.py:178} INFO - Processing /opt/airflow/dags/7_branch_pythoon_operator.py took 0.224 seconds
[2026-09-20T21:53:47.750+0000] {processor.py:156} INFO - Started process (PID=128) to work on /opt/airflow/dags/7_branch_pythoon_operator.py
[2026-09-20T21:53:47.756+0000] {processor.py:799} INFO - Processing file /opt/airflow/dags/7_branch_pythoon_operator.py for tasks to queue
[2026-09-20T21:53:47.757+0000] {logging_mixin.py:149} INFO - [2026-09-20T21:53:47.757+0000] {dagbag.py:541} INFO - Filling up the DagBag from /opt/airflow/dags/7_branch_pythoon_operator.py
[2026-09-20T21:53:47.792+0000] {processor.py:809} INFO - DAG(s) dict_keys(['7-branching']) retrieved from /opt/airflow/dags/7_branch_pythoon_operator.py
[2026-09-20T21:53:47.849+0000] {logging_mixin.py:149} INFO - [2026-09-20T21:53:47.848+0000] {dag.py:2726} INFO - Sync 1 DAGs
[2026-09-20T21:53:47.893+0000] {logging_mixin.py:149} INFO - [2026-09-20T21:53:47.893+0000] {dag.py:3490} INFO - Setting next_dagrun for 7-branching to 2023-04-15T00:00:00+00:00, run_after=2023-04-16T00:00:00+00:00
[2026-09-20T21:53:47.941+0000] {processor.py:178} INFO - Processing /opt/airflow/dags/7_branch_pythoon_operator.py took 0.200 seconds
[2026-09-20T21:54:18.789+0000] {processor.py:156} INFO - Started process (PID=137) to work on /opt/airflow/dags/7_branch_pythoon_operator.py
[2026-09-20T21:54:18.795+0000] {processor.py:799} INFO - Processing file /opt/airflow/dags/7_branch_pythoon_operator.py for tasks to queue
[2026-09-20T21:54:18.797+0000] {logging_mixin.py:149} INFO - [2026-09-20T21:54:18.797+0000] {dagbag.py:541} INFO - Filling up the DagBag from /opt/airflow/dags/7_branch_pythoon_operator.py
[2026-09-20T21:54:18.825+0000] {processor.py:809} INFO - DAG(s) dict_keys(['7-branching']) retrieved from /opt/airflow/dags/7_branch_pythoon_operator.py
[2026-09-20T21:54:18.887+0000] {logging_mixin.py:149} INFO - [2026-09-20T21:54:18.887+0000] {dag.py:2726} INFO - Sync 1 DAGs
[2026-09-20T21:54:18.952+0000] {logging_mixin.py:149} INFO - [2026-09-20T21:54:18.951+0000] {dag.py:3490} INFO - Setting next_dagrun for 7-branching to 2023-04-15T00:00:00+00:00, run_after=2023-04-16T00:00:00+00:00
[2026-09-20T21:54:19.010+0000] {processor.py:178} INFO - Processing /opt/airflow/dags/7_branch_pythoon_operator.py took 0.233 seconds
[2026-09-20T21:54:49.849+0000] {processor.py:156} INFO - Started process (PID=146) to work on /opt/airflow/dags/7_branch_pythoon_operator.py
[2026-09-20T21:54:49.853+0000] {processor.py:799} INFO - Processing file /opt/airflow/dags/7_branch_pythoon_operator.py for tasks to queue
[2026-09-20T21:54:49.855+0000] {logging_mixin.py:149} INFO - [2026-09-20T21:54:49.854+0000] {dagbag.py:541} INFO - Filling up the DagBag from /opt/airflow/dags/7_branch_pythoon_operator.py
[2026-09-20T21:54:49.889+0000] {processor.py:809} INFO - DAG(s) dict_keys(['7-branching']) retrieved from /opt/airflow/dags/7_branch_pythoon_operator.py
[2026-09-20T21:54:49.947+0000] {logging_mixin.py:149} INFO - [2026-09-20T21:54:49.947+0000] {dag.py:2726} INFO - Sync 1 DAGs
[2026-09-20T21:54:50.019+0000] {logging_mixin.py:149} INFO - [2026-09-20T21:54:50.018+0000] {dag.py:3490} INFO - Setting next_dagrun for 7-branching to 2023-04-15T00:00:00+00:00, run_after=2023-04-16T00:00:00+00:00
[2026-09-20T21:54:50.055+0000] {processor.py:178} INFO - Processing /opt/airflow/dags/7_branch_pythoon_operator.py took 0.214 seconds
[2026-09-20T21:55:20.207+0000] {processor.py:156} INFO - Started process (PID=155) to work on /opt/airflow/dags/7_branch_pythoon_operator.py
[2026-09-20T21:55:20.210+0000] {processor.py:799} INFO - Processing file /opt/airflow/dags/7_branch_pythoon_operator.py for tasks to queue
[2026-09-20T21:55:20.211+0000] {logging_mixin.py:149} INFO - [2026-09-20T21:55:20.211+0000] {dagbag.py:541} INFO - Filling up the DagBag from /opt/airflow/dags/7_branch_pythoon_operator.py
[2026-09-20T21:55:20.232+0000] {processor.py:809} INFO - DAG(s) dict_keys(['7-branching']) retrieved from /opt/airflow/dags/7_branch_pythoon_operator.py
[2026-09-20T21:55:20.291+0000] {logging_mixin.py:149} INFO - [2026-09-20T21:55:20.291+0000] {dag.py:2726} INFO - Sync 1 DAGs
[2026-09-20T21:55:20.333+0000] {logging_mixin.py:149} INFO - [2026-09-20T21:55:20.333+0000] {dag.py:3490} INFO - Setting next_dagrun for 7-branching to 2023-04-15T00:00:00+00:00, run_after=2023-04-16T00:00:00+00:00
[2026-09-20T21:55:20.380+0000] {processor.py:178} INFO - Processing /opt/airflow/dags/7_branch_pythoon_operator.py took 0.181 seconds
[2026-09-20T21:55:50.687+0000] {processor.py:156} INFO - Started process (PID=164) to work on /opt/airflow/dags/7_branch_pythoon_operator.py
[2026-09-20T21:55:50.689+0000] {processor.py:799} INFO - Processing file /opt/airflow/dags/7_branch_pythoon_operator.py for tasks to queue
[2026-09-20T21:55:50.690+0000] {logging_mixin.py:149} INFO - [2026-09-20T21:55:50.690+0000] {dagbag.py:541} INFO - Filling up the DagBag from /opt/airflow/dags/7_branch_pythoon_operator.py
[2026-09-20T21:55:50.713+0000] {processor.py:809} INFO - DAG(s) dict_keys(['7-branching']) retrieved from /opt/airflow/dags/7_branch_pythoon_operator.py
[2026-09-20T21:55:50.775+0000] {logging_mixin.py:149} INFO - [2026-09-20T21:55:50.774+0000] {dag.py:2726} INFO - Sync 1 DAGs
[2026-09-20T21:55:50.824+0000] {logging_mixin.py:149} INFO - [2026-09-20T21:55:50.824+0000] {dag.py:3490} INFO - Setting next_dagrun for 7-branching to 2023-04-15T00:00:00+00:00, run_after=2023-04-16T00:00:00+00:00
[2026-09-20T21:55:50.862+0000] {processor.py:178} INFO - Processing /opt/airflow/dags/7_branch_pythoon_operator.py took 0.181 seconds
[2026-09-20T21:56:20.997+0000] {processor.py:156} INFO - Started process (PID=173) to work on /opt/airflow/dags/7_branch_pythoon_operator.py
[2026-09-20T21:56:20.999+0000] {processor.py:799} INFO - Processing file /opt/airflow/dags/7_branch_pythoon_operator.py for tasks to queue
[2026-09-20T21:56:21.000+0000] {logging_mixin.py:149} INFO - [2026-09-20T21:56:21.000+0000] {dagbag.py:541} INFO - Filling up the DagBag from /opt/airflow/dags/7_branch_pythoon_operator.py
[2026-09-20T21:56:21.021+0000] {processor.py:809} INFO - DAG(s) dict_keys(['7-branching']) retrieved from /opt/airflow/dags/7_branch_pythoon_operator.py
[2026-09-20T21:56:21.081+0000] {logging_mixin.py:149} INFO - [2026-09-20T21:56:21.081+0000] {dag.py:2726} INFO - Sync 1 DAGs
[2026-09-20T21:56:21.131+0000] {logging_mixin.py:149} INFO - [2026-09-20T21:56:21.130+0000] {dag.py:3490} INFO - Setting next_dagrun for 7-branching to 2023-04-15T00:00:00+00:00, run_after=2023-04-16T00:00:00+00:00
[2026-09-20T21:56:21.170+0000] {processor.py:178} INFO - Processing /opt/airflow/dags/7_branch_pythoon_operator.py took 0.177 seconds
[2026-09-20T21:56:51.415+0000] {processor.py:156} INFO - Started process (PID=182) to work on /opt/airflow/dags/7_branch_pythoon_operator.py
[2026-09-20T21:56:51.417+0000] {processor.py:799} INFO - Processing file /opt/airflow/dags/7_branch_pythoon_operator.py for tasks to queue
[2026-09-20T21:56:51.418+0000] {logging_mixin.py:149} INFO - [2026-09-20T21:56:51.418+0000] {dagbag.py:541} INFO - Filling up the DagBag from /opt/airflow/dags/7_branch_pythoon_operator.py
[2026-09-20T21:56:51.446+0000] {processor.py:809} INFO - DAG(s) dict_keys(['7-branching']) retrieved from /opt/airflow/dags/7_branch_pythoon_operator.py
[2026-09-20T21:56:51.495+0000] {logging_mixin.py:149} INFO - [2026-09-20T21:56:51.495+0000] {dag.py:2726} INFO - Sync 1 DAGs
[2026-09-20T21:56:51.533+0000] {logging_mixin.py:149} INFO - [2026-09-20T21:56:51.533+0000] {dag.py:3490} INFO - Setting next_dagrun for 7-branching to 2023-04-15T00:00:00+00:00, run_after=2023-04-16T00:00:00+00:00
[2026-09-20T21:56:51.564+0000] {processor.py:178} INFO - Processing /opt/airflow/dags/7_branch_pythoon_operator.py took 0.156 seconds
[2026-09-20T21:57:21.601+0000] {processor.py:156} INFO - Started process (PID=190) to work on /opt/airflow/dags/7_branch_pythoon_operator.py
[2026-09-20T21:57:21.604+0000] {processor.py:799} INFO - Processing file /opt/airflow/dags/7_branch_pythoon_operator.py for tasks to queue
[2026-09-20T21:57:21.605+0000] {logging_mixin.py:149} INFO - [2026-09-20T21:57:21.605+0000] {dagbag.py:541} INFO - Filling up the DagBag from /opt/airflow/dags/7_branch_pythoon_operator.py
[2026-09-20T21:57:21.628+0000] {processor.py:809} INFO - DAG(s) dict_keys(['7-branching']) retrieved from /opt/airflow/dags/7_branch_pythoon_operator.py
[2026-09-20T21:57:21.679+0000] {logging_mixin.py:149} INFO - [2026-09-20T21:57:21.679+0000] {dag.py:2726} INFO - Sync 1 DAGs
[2026-09-20T21:57:21.722+0000] {logging_mixin.py:149} INFO - [2026-09-20T21:57:21.722+0000] {dag.py:3490} INFO - Setting next_dagrun for 7-branching to 2023-04-15T00:00:00+00:00, run_after=2023-04-16T00:00:00+00:00
[2026-09-20T21:57:21.750+0000] {processor.py:178} INFO - Processing /opt/airflow/dags/7_branch_pythoon_operator.py took 0.157 seconds
[2026-09-20T21:57:52.016+0000] {processor.py:156} INFO - Started process (PID=200) to work on /opt/airflow/dags/7_branch_pythoon_operator.py
[2026-09-20T21:57:52.018+0000] {processor.py:799} INFO - Processing file /opt/airflow/dags/7_branch_pythoon_operator.py for tasks to queue
[2026-09-20T21:57:52.019+0000] {logging_mixin.py:149} INFO - [2026-09-20T21:57:52.018+0000] {dagbag.py:541} INFO - Filling up the DagBag from /opt/airflow/dags/7_branch_pythoon_operator.py
[2026-09-20T21:57:52.035+0000] {processor.py:809} INFO - DAG(s) dict_keys(['7-branching']) retrieved from /opt/airflow/dags/7_branch_pythoon_operator.py
[2026-09-20T21:57:52.079+0000] {logging_mixin.py:149} INFO - [2026-09-20T21:57:52.079+0000] {dag.py:2726} INFO - Sync 1 DAGs
[2026-09-20T21:57:52.120+0000] {logging_mixin.py:149} INFO - [2026-09-20T21:57:52.120+0000] {dag.py:3490} INFO - Setting next_dagrun for 7-branching to 2023-04-15T00:00:00+00:00, run_after=2023-04-16T00:00:00+00:00
[2026-09-20T21:57:52.147+0000] {processor.py:178} INFO - Processing /opt/airflow/dags/7_branch_pythoon_operator.py took 0.138 seconds
[2026-09-20T21:58:22.749+0000] {processor.py:156} INFO - Started process (PID=238) to work on /opt/airflow/dags/7_branch_pythoon_operator.py
[2026-09-20T21:58:22.757+0000] {processor.py:799} INFO - Processing file /opt/airflow/dags/7_branch_pythoon_operator.py for tasks to queue
[2026-09-20T21:58:22.758+0000] {logging_mixin.py:149} INFO - [2026-09-20T21:58:22.758+0000] {dagbag.py:541} INFO - Filling up the DagBag from /opt/airflow/dags/7_branch_pythoon_operator.py
[2026-09-20T21:58:22.785+0000] {processor.py:809} INFO - DAG(s) dict_keys(['7-branching']) retrieved from /opt/airflow/dags/7_branch_pythoon_operator.py
[2026-09-20T21:58:22.858+0000] {logging_mixin.py:149} INFO - [2026-09-20T21:58:22.858+0000] {dag.py:2726} INFO - Sync 1 DAGs
[2026-09-20T21:58:22.928+0000] {processor.py:178} INFO - Processing /opt/airflow/dags/7_branch_pythoon_operator.py took 0.189 seconds
[2026-09-20T21:58:53.228+0000] {processor.py:156} INFO - Started process (PID=351) to work on /opt/airflow/dags/7_branch_pythoon_operator.py
[2026-09-20T21:58:53.233+0000] {processor.py:799} INFO - Processing file /opt/airflow/dags/7_branch_pythoon_operator.py for tasks to queue
[2026-09-20T21:58:53.234+0000] {logging_mixin.py:149} INFO - [2026-09-20T21:58:53.234+0000] {dagbag.py:541} INFO - Filling up the DagBag from /opt/airflow/dags/7_branch_pythoon_operator.py
[2026-09-20T21:58:53.272+0000] {processor.py:809} INFO - DAG(s) dict_keys(['7-branching']) retrieved from /opt/airflow/dags/7_branch_pythoon_operator.py
[2026-09-20T21:58:53.343+0000] {logging_mixin.py:149} INFO - [2026-09-20T21:58:53.343+0000] {dag.py:2726} INFO - Sync 1 DAGs
[2026-09-20T21:58:53.422+0000] {processor.py:178} INFO - Processing /opt/airflow/dags/7_branch_pythoon_operator.py took 0.199 seconds
[2026-09-20T21:59:23.459+0000] {processor.py:156} INFO - Started process (PID=445) to work on /opt/airflow/dags/7_branch_pythoon_operator.py
[2026-09-20T21:59:23.465+0000] {processor.py:799} INFO - Processing file /opt/airflow/dags/7_branch_pythoon_operator.py for tasks to queue
[2026-09-20T21:59:23.466+0000] {logging_mixin.py:149} INFO - [2026-09-20T21:59:23.466+0000] {dagbag.py:541} INFO - Filling up the DagBag from /opt/airflow/dags/7_branch_pythoon_operator.py
[2026-09-20T21:59:23.493+0000] {processor.py:809} INFO - DAG(s) dict_keys(['7-branching']) retrieved from /opt/airflow/dags/7_branch_pythoon_operator.py
[2026-09-20T21:59:23.544+0000] {logging_mixin.py:149} INFO - [2026-09-20T21:59:23.544+0000] {dag.py:2726} INFO - Sync 1 DAGs
[2026-09-20T21:59:23.612+0000] {processor.py:178} INFO - Processing /opt/airflow/dags/7_branch_pythoon_operator.py took 0.160 seconds
[2026-09-20T21:59:53.999+0000] {processor.py:156} INFO - Started process (PID=486) to work on /opt/airflow/dags/7_branch_pythoon_operator.py
[2026-09-20T21:59:54.006+0000] {processor.py:799} INFO - Processing file /opt/airflow/dags/7_branch_pythoon_operator.py for tasks to queue
[2026-09-20T21:59:54.007+0000] {logging_mixin.py:149} INFO - [2026-09-20T21:59:54.007+0000] {dagbag.py:541} INFO - Filling up the DagBag from /opt/airflow/dags/7_branch_pythoon_operator.py
[2026-09-20T21:59:54.075+0000] {processor.py:809} INFO - DAG(s) dict_keys(['7-branching']) retrieved from /opt/airflow/dags/7_branch_pythoon_operator.py
[2026-09-20T21:59:54.234+0000] {logging_mixin.py:149} INFO - [2026-09-20T21:59:54.233+0000] {dag.py:2726} INFO - Sync 1 DAGs
[2026-09-20T21:59:54.350+0000] {processor.py:178} INFO - Processing /opt/airflow/dags/7_branch_pythoon_operator.py took 0.367 seconds
[2026-09-20T22:00:24.528+0000] {processor.py:156} INFO - Started process (PID=520) to work on /opt/airflow/dags/7_branch_pythoon_operator.py
[2026-09-20T22:00:24.534+0000] {processor.py:799} INFO - Processing file /opt/airflow/dags/7_branch_pythoon_operator.py for tasks to queue
[2026-09-20T22:00:24.535+0000] {logging_mixin.py:149} INFO - [2026-09-20T22:00:24.535+0000] {dagbag.py:541} INFO - Filling up the DagBag from /opt/airflow/dags/7_branch_pythoon_operator.py
[2026-09-20T22:00:24.566+0000] {processor.py:809} INFO - DAG(s) dict_keys(['7-branching']) retrieved from /opt/airflow/dags/7_branch_pythoon_operator.py
[2026-09-20T22:00:24.627+0000] {logging_mixin.py:149} INFO - [2026-09-20T22:00:24.627+0000] {dag.py:2726} INFO - Sync 1 DAGs
[2026-09-20T22:00:24.721+0000] {processor.py:178} INFO - Processing /opt/airflow/dags/7_branch_pythoon_operator.py took 0.200 seconds
[2026-09-20T22:00:54.897+0000] {processor.py:156} INFO - Started process (PID=553) to work on /opt/airflow/dags/7_branch_pythoon_operator.py
[2026-09-20T22:00:54.899+0000] {processor.py:799} INFO - Processing file /opt/airflow/dags/7_branch_pythoon_operator.py for tasks to queue
[2026-09-20T22:00:54.901+0000] {logging_mixin.py:149} INFO - [2026-09-20T22:00:54.900+0000] {dagbag.py:541} INFO - Filling up the DagBag from /opt/airflow/dags/7_branch_pythoon_operator.py
[2026-09-20T22:00:54.950+0000] {processor.py:809} INFO - DAG(s) dict_keys(['7-branching']) retrieved from /opt/airflow/dags/7_branch_pythoon_operator.py
[2026-09-20T22:00:55.047+0000] {logging_mixin.py:149} INFO - [2026-09-20T22:00:55.047+0000] {dag.py:2726} INFO - Sync 1 DAGs
[2026-09-20T22:00:55.298+0000] {processor.py:178} INFO - Processing /opt/airflow/dags/7_branch_pythoon_operator.py took 0.415 seconds
[2026-09-20T22:01:25.628+0000] {processor.py:156} INFO - Started process (PID=587) to work on /opt/airflow/dags/7_branch_pythoon_operator.py
[2026-09-20T22:01:25.634+0000] {processor.py:799} INFO - Processing file /opt/airflow/dags/7_branch_pythoon_operator.py for tasks to queue
[2026-09-20T22:01:25.635+0000] {logging_mixin.py:149} INFO - [2026-09-20T22:01:25.635+0000] {dagbag.py:541} INFO - Filling up the DagBag from /opt/airflow/dags/7_branch_pythoon_operator.py
[2026-09-20T22:01:25.658+0000] {processor.py:809} INFO - DAG(s) dict_keys(['7-branching']) retrieved from /opt/airflow/dags/7_branch_pythoon_operator.py
[2026-09-20T22:01:25.728+0000] {logging_mixin.py:149} INFO - [2026-09-20T22:01:25.728+0000] {dag.py:2726} INFO - Sync 1 DAGs
[2026-09-20T22:01:25.853+0000] {processor.py:178} INFO - Processing /opt/airflow/dags/7_branch_pythoon_operator.py took 0.239 seconds
[2026-09-20T22:01:56.154+0000] {processor.py:156} INFO - Started process (PID=624) to work on /opt/airflow/dags/7_branch_pythoon_operator.py
[2026-09-20T22:01:56.157+0000] {processor.py:799} INFO - Processing file /opt/airflow/dags/7_branch_pythoon_operator.py for tasks to queue
[2026-09-20T22:01:56.158+0000] {logging_mixin.py:149} INFO - [2026-09-20T22:01:56.158+0000] {dagbag.py:541} INFO - Filling up the DagBag from /opt/airflow/dags/7_branch_pythoon_operator.py
[2026-09-20T22:01:56.208+0000] {processor.py:809} INFO - DAG(s) dict_keys(['7-branching']) retrieved from /opt/airflow/dags/7_branch_pythoon_operator.py
[2026-09-20T22:01:56.272+0000] {logging_mixin.py:149} INFO - [2026-09-20T22:01:56.271+0000] {dag.py:2726} INFO - Sync 1 DAGs
[2026-09-20T22:01:56.350+0000] {processor.py:178} INFO - Processing /opt/airflow/dags/7_branch_pythoon_operator.py took 0.206 seconds
[2026-09-20T22:02:26.757+0000] {processor.py:156} INFO - Started process (PID=662) to work on /opt/airflow/dags/7_branch_pythoon_operator.py
[2026-09-20T22:02:26.760+0000] {processor.py:799} INFO - Processing file /opt/airflow/dags/7_branch_pythoon_operator.py for tasks to queue
[2026-09-20T22:02:26.761+0000] {logging_mixin.py:149} INFO - [2026-09-20T22:02:26.761+0000] {dagbag.py:541} INFO - Filling up the DagBag from /opt/airflow/dags/7_branch_pythoon_operator.py
[2026-09-20T22:02:26.818+0000] {processor.py:809} INFO - DAG(s) dict_keys(['7-branching']) retrieved from /opt/airflow/dags/7_branch_pythoon_operator.py
[2026-09-20T22:02:26.940+0000] {logging_mixin.py:149} INFO - [2026-09-20T22:02:26.940+0000] {dag.py:2726} INFO - Sync 1 DAGs
[2026-09-20T22:02:27.123+0000] {processor.py:178} INFO - Processing /opt/airflow/dags/7_branch_pythoon_operator.py took 0.382 seconds
[2026-09-20T22:02:58.012+0000] {processor.py:156} INFO - Started process (PID=695) to work on /opt/airflow/dags/7_branch_pythoon_operator.py
[2026-09-20T22:02:58.023+0000] {processor.py:799} INFO - Processing file /opt/airflow/dags/7_branch_pythoon_operator.py for tasks to queue
[2026-09-20T22:02:58.024+0000] {logging_mixin.py:149} INFO - [2026-09-20T22:02:58.024+0000] {dagbag.py:541} INFO - Filling up the DagBag from /opt/airflow/dags/7_branch_pythoon_operator.py
[2026-09-20T22:02:58.099+0000] {processor.py:809} INFO - DAG(s) dict_keys(['7-branching']) retrieved from /opt/airflow/dags/7_branch_pythoon_operator.py
[2026-09-20T22:02:58.249+0000] {logging_mixin.py:149} INFO - [2026-09-20T22:02:58.249+0000] {dag.py:2726} INFO - Sync 1 DAGs
[2026-09-20T22:02:58.496+0000] {processor.py:178} INFO - Processing /opt/airflow/dags/7_branch_pythoon_operator.py took 0.508 seconds
[2026-09-20T22:03:28.919+0000] {processor.py:156} INFO - Started process (PID=736) to work on /opt/airflow/dags/7_branch_pythoon_operator.py
[2026-09-20T22:03:28.939+0000] {processor.py:799} INFO - Processing file /opt/airflow/dags/7_branch_pythoon_operator.py for tasks to queue
[2026-09-20T22:03:28.946+0000] {logging_mixin.py:149} INFO - [2026-09-20T22:03:28.940+0000] {dagbag.py:541} INFO - Filling up the DagBag from /opt/airflow/dags/7_branch_pythoon_operator.py
[2026-09-20T22:03:29.113+0000] {processor.py:809} INFO - DAG(s) dict_keys(['7-branching']) retrieved from /opt/airflow/dags/7_branch_pythoon_operator.py
[2026-09-20T22:03:29.358+0000] {logging_mixin.py:149} INFO - [2026-09-20T22:03:29.357+0000] {dag.py:2726} INFO - Sync 1 DAGs
[2026-09-20T22:03:29.699+0000] {processor.py:178} INFO - Processing /opt/airflow/dags/7_branch_pythoon_operator.py took 0.846 seconds
[2026-09-20T22:04:00.022+0000] {processor.py:156} INFO - Started process (PID=749) to work on /opt/airflow/dags/7_branch_pythoon_operator.py
[2026-09-20T22:04:00.024+0000] {processor.py:799} INFO - Processing file /opt/airflow/dags/7_branch_pythoon_operator.py for tasks to queue
[2026-09-20T22:04:00.026+0000] {logging_mixin.py:149} INFO - [2026-09-20T22:04:00.025+0000] {dagbag.py:541} INFO - Filling up the DagBag from /opt/airflow/dags/7_branch_pythoon_operator.py
[2026-09-20T22:04:00.079+0000] {processor.py:809} INFO - DAG(s) dict_keys(['7-branching']) retrieved from /opt/airflow/dags/7_branch_pythoon_operator.py
[2026-09-20T22:04:00.213+0000] {logging_mixin.py:149} INFO - [2026-09-20T22:04:00.213+0000] {dag.py:2726} INFO - Sync 1 DAGs
[2026-09-20T22:04:00.330+0000] {logging_mixin.py:149} INFO - [2026-09-20T22:04:00.316+0000] {dag.py:3490} INFO - Setting next_dagrun for 7-branching to 2023-05-24T00:00:00+00:00, run_after=2023-05-25T00:00:00+00:00
[2026-09-20T22:04:00.449+0000] {processor.py:178} INFO - Processing /opt/airflow/dags/7_branch_pythoon_operator.py took 0.447 seconds
[2026-09-20T22:04:30.556+0000] {processor.py:156} INFO - Started process (PID=784) to work on /opt/airflow/dags/7_branch_pythoon_operator.py
[2026-09-20T22:04:30.560+0000] {processor.py:799} INFO - Processing file /opt/airflow/dags/7_branch_pythoon_operator.py for tasks to queue
[2026-09-20T22:04:30.563+0000] {logging_mixin.py:149} INFO - [2026-09-20T22:04:30.562+0000] {dagbag.py:541} INFO - Filling up the DagBag from /opt/airflow/dags/7_branch_pythoon_operator.py
[2026-09-20T22:04:30.604+0000] {processor.py:809} INFO - DAG(s) dict_keys(['7-branching']) retrieved from /opt/airflow/dags/7_branch_pythoon_operator.py
[2026-09-20T22:04:30.688+0000] {logging_mixin.py:149} INFO - [2026-09-20T22:04:30.687+0000] {dag.py:2726} INFO - Sync 1 DAGs
[2026-09-20T22:04:30.843+0000] {processor.py:178} INFO - Processing /opt/airflow/dags/7_branch_pythoon_operator.py took 0.299 seconds
[2026-09-20T22:05:01.087+0000] {processor.py:156} INFO - Started process (PID=821) to work on /opt/airflow/dags/7_branch_pythoon_operator.py
[2026-09-20T22:05:01.094+0000] {processor.py:799} INFO - Processing file /opt/airflow/dags/7_branch_pythoon_operator.py for tasks to queue
[2026-09-20T22:05:01.096+0000] {logging_mixin.py:149} INFO - [2026-09-20T22:05:01.095+0000] {dagbag.py:541} INFO - Filling up the DagBag from /opt/airflow/dags/7_branch_pythoon_operator.py
[2026-09-20T22:05:01.124+0000] {processor.py:809} INFO - DAG(s) dict_keys(['7-branching']) retrieved from /opt/airflow/dags/7_branch_pythoon_operator.py
[2026-09-20T22:05:01.221+0000] {logging_mixin.py:149} INFO - [2026-09-20T22:05:01.220+0000] {dag.py:2726} INFO - Sync 1 DAGs
[2026-09-20T22:05:01.304+0000] {logging_mixin.py:149} INFO - [2026-09-20T22:05:01.303+0000] {dag.py:3490} INFO - Setting next_dagrun for 7-branching to None, run_after=None
[2026-09-20T22:05:01.377+0000] {processor.py:178} INFO - Processing /opt/airflow/dags/7_branch_pythoon_operator.py took 0.300 seconds
[2026-09-20T22:05:31.781+0000] {processor.py:156} INFO - Started process (PID=838) to work on /opt/airflow/dags/7_branch_pythoon_operator.py
[2026-09-20T22:05:31.783+0000] {processor.py:799} INFO - Processing file /opt/airflow/dags/7_branch_pythoon_operator.py for tasks to queue
[2026-09-20T22:05:31.784+0000] {logging_mixin.py:149} INFO - [2026-09-20T22:05:31.784+0000] {dagbag.py:541} INFO - Filling up the DagBag from /opt/airflow/dags/7_branch_pythoon_operator.py
[2026-09-20T22:05:31.807+0000] {processor.py:809} INFO - DAG(s) dict_keys(['7-branching']) retrieved from /opt/airflow/dags/7_branch_pythoon_operator.py
[2026-09-20T22:05:31.858+0000] {logging_mixin.py:149} INFO - [2026-09-20T22:05:31.858+0000] {dag.py:2726} INFO - Sync 1 DAGs
[2026-09-20T22:05:31.900+0000] {logging_mixin.py:149} INFO - [2026-09-20T22:05:31.900+0000] {dag.py:3490} INFO - Setting next_dagrun for 7-branching to None, run_after=None
[2026-09-20T22:05:31.934+0000] {processor.py:178} INFO - Processing /opt/airflow/dags/7_branch_pythoon_operator.py took 0.161 seconds
[2026-09-20T22:06:02.794+0000] {processor.py:156} INFO - Started process (PID=859) to work on /opt/airflow/dags/7_branch_pythoon_operator.py
[2026-09-20T22:06:02.796+0000] {processor.py:799} INFO - Processing file /opt/airflow/dags/7_branch_pythoon_operator.py for tasks to queue
[2026-09-20T22:06:02.798+0000] {logging_mixin.py:149} INFO - [2026-09-20T22:06:02.798+0000] {dagbag.py:541} INFO - Filling up the DagBag from /opt/airflow/dags/7_branch_pythoon_operator.py
[2026-09-20T22:06:02.844+0000] {processor.py:809} INFO - DAG(s) dict_keys(['7-branching']) retrieved from /opt/airflow/dags/7_branch_pythoon_operator.py
[2026-09-20T22:06:02.945+0000] {logging_mixin.py:149} INFO - [2026-09-20T22:06:02.945+0000] {dag.py:2726} INFO - Sync 1 DAGs
[2026-09-20T22:06:03.028+0000] {logging_mixin.py:149} INFO - [2026-09-20T22:06:03.028+0000] {dag.py:3490} INFO - Setting next_dagrun for 7-branching to None, run_after=None
[2026-09-20T22:06:03.079+0000] {processor.py:178} INFO - Processing /opt/airflow/dags/7_branch_pythoon_operator.py took 0.299 seconds
[2026-09-20T22:06:33.721+0000] {processor.py:156} INFO - Started process (PID=876) to work on /opt/airflow/dags/7_branch_pythoon_operator.py
[2026-09-20T22:06:33.724+0000] {processor.py:799} INFO - Processing file /opt/airflow/dags/7_branch_pythoon_operator.py for tasks to queue
[2026-09-20T22:06:33.725+0000] {logging_mixin.py:149} INFO - [2026-09-20T22:06:33.724+0000] {dagbag.py:541} INFO - Filling up the DagBag from /opt/airflow/dags/7_branch_pythoon_operator.py
[2026-09-20T22:06:33.745+0000] {processor.py:809} INFO - DAG(s) dict_keys(['7-branching']) retrieved from /opt/airflow/dags/7_branch_pythoon_operator.py
[2026-09-20T22:06:33.791+0000] {logging_mixin.py:149} INFO - [2026-09-20T22:06:33.790+0000] {dag.py:2726} INFO - Sync 1 DAGs
[2026-09-20T22:06:33.828+0000] {logging_mixin.py:149} INFO - [2026-09-20T22:06:33.828+0000] {dag.py:3490} INFO - Setting next_dagrun for 7-branching to None, run_after=None
[2026-09-20T22:06:33.855+0000] {processor.py:178} INFO - Processing /opt/airflow/dags/7_branch_pythoon_operator.py took 0.140 seconds
[2026-09-20T22:07:04.157+0000] {processor.py:156} INFO - Started process (PID=893) to work on /opt/airflow/dags/7_branch_pythoon_operator.py
[2026-09-20T22:07:04.160+0000] {processor.py:799} INFO - Processing file /opt/airflow/dags/7_branch_pythoon_operator.py for tasks to queue
[2026-09-20T22:07:04.162+0000] {logging_mixin.py:149} INFO - [2026-09-20T22:07:04.162+0000] {dagbag.py:541} INFO - Filling up the DagBag from /opt/airflow/dags/7_branch_pythoon_operator.py
[2026-09-20T22:07:04.242+0000] {processor.py:809} INFO - DAG(s) dict_keys(['7-branching']) retrieved from /opt/airflow/dags/7_branch_pythoon_operator.py
[2026-09-20T22:07:04.367+0000] {logging_mixin.py:149} INFO - [2026-09-20T22:07:04.366+0000] {dag.py:2726} INFO - Sync 1 DAGs
[2026-09-20T22:07:04.469+0000] {logging_mixin.py:149} INFO - [2026-09-20T22:07:04.469+0000] {dag.py:3490} INFO - Setting next_dagrun for 7-branching to None, run_after=None
[2026-09-20T22:07:04.575+0000] {processor.py:178} INFO - Processing /opt/airflow/dags/7_branch_pythoon_operator.py took 0.446 seconds
[2026-09-20T22:07:35.559+0000] {processor.py:156} INFO - Started process (PID=914) to work on /opt/airflow/dags/7_branch_pythoon_operator.py
[2026-09-20T22:07:35.572+0000] {processor.py:799} INFO - Processing file /opt/airflow/dags/7_branch_pythoon_operator.py for tasks to queue
[2026-09-20T22:07:35.573+0000] {logging_mixin.py:149} INFO - [2026-09-20T22:07:35.573+0000] {dagbag.py:541} INFO - Filling up the DagBag from /opt/airflow/dags/7_branch_pythoon_operator.py
[2026-09-20T22:07:35.670+0000] {processor.py:809} INFO - DAG(s) dict_keys(['7-branching']) retrieved from /opt/airflow/dags/7_branch_pythoon_operator.py
[2026-09-20T22:07:35.829+0000] {logging_mixin.py:149} INFO - [2026-09-20T22:07:35.829+0000] {dag.py:2726} INFO - Sync 1 DAGs
[2026-09-20T22:07:35.970+0000] {logging_mixin.py:149} INFO - [2026-09-20T22:07:35.970+0000] {dag.py:3490} INFO - Setting next_dagrun for 7-branching to None, run_after=None
[2026-09-20T22:07:36.076+0000] {processor.py:178} INFO - Processing /opt/airflow/dags/7_branch_pythoon_operator.py took 0.533 seconds
[2026-09-20T22:08:06.176+0000] {processor.py:156} INFO - Started process (PID=935) to work on /opt/airflow/dags/7_branch_pythoon_operator.py
[2026-09-20T22:08:06.178+0000] {processor.py:799} INFO - Processing file /opt/airflow/dags/7_branch_pythoon_operator.py for tasks to queue
[2026-09-20T22:08:06.179+0000] {logging_mixin.py:149} INFO - [2026-09-20T22:08:06.179+0000] {dagbag.py:541} INFO - Filling up the DagBag from /opt/airflow/dags/7_branch_pythoon_operator.py
[2026-09-20T22:08:06.205+0000] {processor.py:809} INFO - DAG(s) dict_keys(['7-branching']) retrieved from /opt/airflow/dags/7_branch_pythoon_operator.py
[2026-09-20T22:08:06.279+0000] {logging_mixin.py:149} INFO - [2026-09-20T22:08:06.278+0000] {dag.py:2726} INFO - Sync 1 DAGs
[2026-09-20T22:08:06.342+0000] {logging_mixin.py:149} INFO - [2026-09-20T22:08:06.342+0000] {dag.py:3490} INFO - Setting next_dagrun for 7-branching to None, run_after=None
[2026-09-20T22:08:06.373+0000] {processor.py:178} INFO - Processing /opt/airflow/dags/7_branch_pythoon_operator.py took 0.204 seconds
[2026-09-20T22:08:36.585+0000] {processor.py:156} INFO - Started process (PID=956) to work on /opt/airflow/dags/7_branch_pythoon_operator.py
[2026-09-20T22:08:36.588+0000] {processor.py:799} INFO - Processing file /opt/airflow/dags/7_branch_pythoon_operator.py for tasks to queue
[2026-09-20T22:08:36.591+0000] {logging_mixin.py:149} INFO - [2026-09-20T22:08:36.590+0000] {dagbag.py:541} INFO - Filling up the DagBag from /opt/airflow/dags/7_branch_pythoon_operator.py
[2026-09-20T22:08:36.646+0000] {processor.py:809} INFO - DAG(s) dict_keys(['7-branching']) retrieved from /opt/airflow/dags/7_branch_pythoon_operator.py
[2026-09-20T22:08:36.795+0000] {logging_mixin.py:149} INFO - [2026-09-20T22:08:36.795+0000] {dag.py:2726} INFO - Sync 1 DAGs
[2026-09-20T22:08:36.880+0000] {logging_mixin.py:149} INFO - [2026-09-20T22:08:36.880+0000] {dag.py:3490} INFO - Setting next_dagrun for 7-branching to None, run_after=None
[2026-09-20T22:08:37.007+0000] {processor.py:178} INFO - Processing /opt/airflow/dags/7_branch_pythoon_operator.py took 0.443 seconds
[2026-09-20T22:09:07.351+0000] {processor.py:156} INFO - Started process (PID=973) to work on /opt/airflow/dags/7_branch_pythoon_operator.py
[2026-09-20T22:09:07.356+0000] {processor.py:799} INFO - Processing file /opt/airflow/dags/7_branch_pythoon_operator.py for tasks to queue
[2026-09-20T22:09:07.357+0000] {logging_mixin.py:149} INFO - [2026-09-20T22:09:07.357+0000] {dagbag.py:541} INFO - Filling up the DagBag from /opt/airflow/dags/7_branch_pythoon_operator.py
[2026-09-20T22:09:07.395+0000] {processor.py:809} INFO - DAG(s) dict_keys(['7-branching']) retrieved from /opt/airflow/dags/7_branch_pythoon_operator.py
[2026-09-20T22:09:07.475+0000] {logging_mixin.py:149} INFO - [2026-09-20T22:09:07.475+0000] {dag.py:2726} INFO - Sync 1 DAGs
[2026-09-20T22:09:07.528+0000] {logging_mixin.py:149} INFO - [2026-09-20T22:09:07.527+0000] {dag.py:3490} INFO - Setting next_dagrun for 7-branching to None, run_after=None
[2026-09-20T22:09:07.573+0000] {processor.py:178} INFO - Processing /opt/airflow/dags/7_branch_pythoon_operator.py took 0.233 seconds
[2026-09-20T22:09:37.841+0000] {processor.py:156} INFO - Started process (PID=998) to work on /opt/airflow/dags/7_branch_pythoon_operator.py
[2026-09-20T22:09:37.845+0000] {processor.py:799} INFO - Processing file /opt/airflow/dags/7_branch_pythoon_operator.py for tasks to queue
[2026-09-20T22:09:37.846+0000] {logging_mixin.py:149} INFO - [2026-09-20T22:09:37.846+0000] {dagbag.py:541} INFO - Filling up the DagBag from /opt/airflow/dags/7_branch_pythoon_operator.py
[2026-09-20T22:09:37.904+0000] {processor.py:809} INFO - DAG(s) dict_keys(['7-branching']) retrieved from /opt/airflow/dags/7_branch_pythoon_operator.py
[2026-09-20T22:09:38.005+0000] {logging_mixin.py:149} INFO - [2026-09-20T22:09:38.005+0000] {dag.py:2726} INFO - Sync 1 DAGs
[2026-09-20T22:09:38.089+0000] {logging_mixin.py:149} INFO - [2026-09-20T22:09:38.088+0000] {dag.py:3490} INFO - Setting next_dagrun for 7-branching to None, run_after=None
[2026-09-20T22:09:38.176+0000] {processor.py:178} INFO - Processing /opt/airflow/dags/7_branch_pythoon_operator.py took 0.357 seconds
[2026-09-20T22:10:08.328+0000] {processor.py:156} INFO - Started process (PID=1019) to work on /opt/airflow/dags/7_branch_pythoon_operator.py
[2026-09-20T22:10:08.331+0000] {processor.py:799} INFO - Processing file /opt/airflow/dags/7_branch_pythoon_operator.py for tasks to queue
[2026-09-20T22:10:08.332+0000] {logging_mixin.py:149} INFO - [2026-09-20T22:10:08.332+0000] {dagbag.py:541} INFO - Filling up the DagBag from /opt/airflow/dags/7_branch_pythoon_operator.py
[2026-09-20T22:10:08.380+0000] {processor.py:809} INFO - DAG(s) dict_keys(['7-branching']) retrieved from /opt/airflow/dags/7_branch_pythoon_operator.py
[2026-09-20T22:10:08.465+0000] {logging_mixin.py:149} INFO - [2026-09-20T22:10:08.465+0000] {dag.py:2726} INFO - Sync 1 DAGs
[2026-09-20T22:10:08.536+0000] {logging_mixin.py:149} INFO - [2026-09-20T22:10:08.535+0000] {dag.py:3490} INFO - Setting next_dagrun for 7-branching to None, run_after=None
[2026-09-20T22:10:08.587+0000] {processor.py:178} INFO - Processing /opt/airflow/dags/7_branch_pythoon_operator.py took 0.271 seconds
[2026-09-20T22:10:38.640+0000] {processor.py:156} INFO - Started process (PID=1036) to work on /opt/airflow/dags/7_branch_pythoon_operator.py
[2026-09-20T22:10:38.643+0000] {processor.py:799} INFO - Processing file /opt/airflow/dags/7_branch_pythoon_operator.py for tasks to queue
[2026-09-20T22:10:38.645+0000] {logging_mixin.py:149} INFO - [2026-09-20T22:10:38.644+0000] {dagbag.py:541} INFO - Filling up the DagBag from /opt/airflow/dags/7_branch_pythoon_operator.py
[2026-09-20T22:10:38.678+0000] {processor.py:809} INFO - DAG(s) dict_keys(['7-branching']) retrieved from /opt/airflow/dags/7_branch_pythoon_operator.py
[2026-09-20T22:10:38.729+0000] {logging_mixin.py:149} INFO - [2026-09-20T22:10:38.729+0000] {dag.py:2726} INFO - Sync 1 DAGs
[2026-09-20T22:10:38.790+0000] {logging_mixin.py:149} INFO - [2026-09-20T22:10:38.789+0000] {dag.py:3490} INFO - Setting next_dagrun for 7-branching to None, run_after=None
[2026-09-20T22:10:38.825+0000] {processor.py:178} INFO - Processing /opt/airflow/dags/7_branch_pythoon_operator.py took 0.191 seconds
[2026-09-20T22:11:09.117+0000] {processor.py:156} INFO - Started process (PID=1053) to work on /opt/airflow/dags/7_branch_pythoon_operator.py
[2026-09-20T22:11:09.119+0000] {processor.py:799} INFO - Processing file /opt/airflow/dags/7_branch_pythoon_operator.py for tasks to queue
[2026-09-20T22:11:09.120+0000] {logging_mixin.py:149} INFO - [2026-09-20T22:11:09.120+0000] {dagbag.py:541} INFO - Filling up the DagBag from /opt/airflow/dags/7_branch_pythoon_operator.py
[2026-09-20T22:11:09.145+0000] {processor.py:809} INFO - DAG(s) dict_keys(['7-branching']) retrieved from /opt/airflow/dags/7_branch_pythoon_operator.py
[2026-09-20T22:11:09.199+0000] {logging_mixin.py:149} INFO - [2026-09-20T22:11:09.198+0000] {dag.py:2726} INFO - Sync 1 DAGs
[2026-09-20T22:11:09.242+0000] {logging_mixin.py:149} INFO - [2026-09-20T22:11:09.242+0000] {dag.py:3490} INFO - Setting next_dagrun for 7-branching to None, run_after=None
[2026-09-20T22:11:09.284+0000] {processor.py:178} INFO - Processing /opt/airflow/dags/7_branch_pythoon_operator.py took 0.174 seconds
[2026-09-20T22:11:39.354+0000] {processor.py:156} INFO - Started process (PID=1077) to work on /opt/airflow/dags/7_branch_pythoon_operator.py
[2026-09-20T22:11:39.367+0000] {processor.py:799} INFO - Processing file /opt/airflow/dags/7_branch_pythoon_operator.py for tasks to queue
[2026-09-20T22:11:39.368+0000] {logging_mixin.py:149} INFO - [2026-09-20T22:11:39.368+0000] {dagbag.py:541} INFO - Filling up the DagBag from /opt/airflow/dags/7_branch_pythoon_operator.py
[2026-09-20T22:11:39.434+0000] {processor.py:809} INFO - DAG(s) dict_keys(['7-branching']) retrieved from /opt/airflow/dags/7_branch_pythoon_operator.py
[2026-09-20T22:11:39.547+0000] {logging_mixin.py:149} INFO - [2026-09-20T22:11:39.547+0000] {dag.py:2726} INFO - Sync 1 DAGs
[2026-09-20T22:11:39.643+0000] {logging_mixin.py:149} INFO - [2026-09-20T22:11:39.642+0000] {dag.py:3490} INFO - Setting next_dagrun for 7-branching to None, run_after=None
[2026-09-20T22:11:39.712+0000] {processor.py:178} INFO - Processing /opt/airflow/dags/7_branch_pythoon_operator.py took 0.371 seconds
[2026-09-20T22:12:09.807+0000] {processor.py:156} INFO - Started process (PID=1106) to work on /opt/airflow/dags/7_branch_pythoon_operator.py
[2026-09-20T22:12:09.814+0000] {processor.py:799} INFO - Processing file /opt/airflow/dags/7_branch_pythoon_operator.py for tasks to queue
[2026-09-20T22:12:09.815+0000] {logging_mixin.py:149} INFO - [2026-09-20T22:12:09.815+0000] {dagbag.py:541} INFO - Filling up the DagBag from /opt/airflow/dags/7_branch_pythoon_operator.py
[2026-09-20T22:12:09.858+0000] {processor.py:809} INFO - DAG(s) dict_keys(['7-branching']) retrieved from /opt/airflow/dags/7_branch_pythoon_operator.py
[2026-09-20T22:12:09.930+0000] {logging_mixin.py:149} INFO - [2026-09-20T22:12:09.930+0000] {dag.py:2726} INFO - Sync 1 DAGs
[2026-09-20T22:12:09.984+0000] {logging_mixin.py:149} INFO - [2026-09-20T22:12:09.984+0000] {dag.py:3490} INFO - Setting next_dagrun for 7-branching to None, run_after=None
[2026-09-20T22:12:10.039+0000] {processor.py:178} INFO - Processing /opt/airflow/dags/7_branch_pythoon_operator.py took 0.238 seconds
[2026-09-20T22:12:40.836+0000] {processor.py:156} INFO - Started process (PID=1115) to work on /opt/airflow/dags/7_branch_pythoon_operator.py
[2026-09-20T22:12:40.841+0000] {processor.py:799} INFO - Processing file /opt/airflow/dags/7_branch_pythoon_operator.py for tasks to queue
[2026-09-20T22:12:40.843+0000] {logging_mixin.py:149} INFO - [2026-09-20T22:12:40.843+0000] {dagbag.py:541} INFO - Filling up the DagBag from /opt/airflow/dags/7_branch_pythoon_operator.py
[2026-09-20T22:12:40.867+0000] {processor.py:809} INFO - DAG(s) dict_keys(['7-branching']) retrieved from /opt/airflow/dags/7_branch_pythoon_operator.py
[2026-09-20T22:12:40.931+0000] {logging_mixin.py:149} INFO - [2026-09-20T22:12:40.931+0000] {dag.py:2726} INFO - Sync 1 DAGs
[2026-09-20T22:12:40.969+0000] {logging_mixin.py:149} INFO - [2026-09-20T22:12:40.969+0000] {dag.py:3490} INFO - Setting next_dagrun for 7-branching to None, run_after=None
[2026-09-20T22:12:40.999+0000] {processor.py:178} INFO - Processing /opt/airflow/dags/7_branch_pythoon_operator.py took 0.172 seconds
[2026-09-20T22:13:11.279+0000] {processor.py:156} INFO - Started process (PID=1132) to work on /opt/airflow/dags/7_branch_pythoon_operator.py
[2026-09-20T22:13:11.283+0000] {processor.py:799} INFO - Processing file /opt/airflow/dags/7_branch_pythoon_operator.py for tasks to queue
[2026-09-20T22:13:11.285+0000] {logging_mixin.py:149} INFO - [2026-09-20T22:13:11.285+0000] {dagbag.py:541} INFO - Filling up the DagBag from /opt/airflow/dags/7_branch_pythoon_operator.py
[2026-09-20T22:13:11.312+0000] {processor.py:809} INFO - DAG(s) dict_keys(['7-branching']) retrieved from /opt/airflow/dags/7_branch_pythoon_operator.py
[2026-09-20T22:13:11.376+0000] {logging_mixin.py:149} INFO - [2026-09-20T22:13:11.376+0000] {dag.py:2726} INFO - Sync 1 DAGs
[2026-09-20T22:13:11.458+0000] {logging_mixin.py:149} INFO - [2026-09-20T22:13:11.457+0000] {dag.py:3490} INFO - Setting next_dagrun for 7-branching to None, run_after=None
[2026-09-20T22:13:11.506+0000] {processor.py:178} INFO - Processing /opt/airflow/dags/7_branch_pythoon_operator.py took 0.233 seconds
[2026-09-20T22:13:42.336+0000] {processor.py:156} INFO - Started process (PID=1153) to work on /opt/airflow/dags/7_branch_pythoon_operator.py
[2026-09-20T22:13:42.338+0000] {processor.py:799} INFO - Processing file /opt/airflow/dags/7_branch_pythoon_operator.py for tasks to queue
[2026-09-20T22:13:42.340+0000] {logging_mixin.py:149} INFO - [2026-09-20T22:13:42.339+0000] {dagbag.py:541} INFO - Filling up the DagBag from /opt/airflow/dags/7_branch_pythoon_operator.py
[2026-09-20T22:13:42.360+0000] {processor.py:809} INFO - DAG(s) dict_keys(['7-branching']) retrieved from /opt/airflow/dags/7_branch_pythoon_operator.py
[2026-09-20T22:13:42.416+0000] {logging_mixin.py:149} INFO - [2026-09-20T22:13:42.416+0000] {dag.py:2726} INFO - Sync 1 DAGs
[2026-09-20T22:13:42.460+0000] {logging_mixin.py:149} INFO - [2026-09-20T22:13:42.459+0000] {dag.py:3490} INFO - Setting next_dagrun for 7-branching to None, run_after=None
[2026-09-20T22:13:42.503+0000] {processor.py:178} INFO - Processing /opt/airflow/dags/7_branch_pythoon_operator.py took 0.173 seconds
[2026-09-20T22:14:12.795+0000] {processor.py:156} INFO - Started process (PID=1170) to work on /opt/airflow/dags/7_branch_pythoon_operator.py
[2026-09-20T22:14:12.798+0000] {processor.py:799} INFO - Processing file /opt/airflow/dags/7_branch_pythoon_operator.py for tasks to queue
[2026-09-20T22:14:12.800+0000] {logging_mixin.py:149} INFO - [2026-09-20T22:14:12.799+0000] {dagbag.py:541} INFO - Filling up the DagBag from /opt/airflow/dags/7_branch_pythoon_operator.py
[2026-09-20T22:14:12.822+0000] {processor.py:809} INFO - DAG(s) dict_keys(['7-branching']) retrieved from /opt/airflow/dags/7_branch_pythoon_operator.py
[2026-09-20T22:14:12.870+0000] {logging_mixin.py:149} INFO - [2026-09-20T22:14:12.870+0000] {dag.py:2726} INFO - Sync 1 DAGs
[2026-09-20T22:14:12.913+0000] {logging_mixin.py:149} INFO - [2026-09-20T22:14:12.913+0000] {dag.py:3490} INFO - Setting next_dagrun for 7-branching to None, run_after=None
[2026-09-20T22:14:12.943+0000] {processor.py:178} INFO - Processing /opt/airflow/dags/7_branch_pythoon_operator.py took 0.154 seconds
[2026-09-20T22:14:43.023+0000] {processor.py:156} INFO - Started process (PID=1187) to work on /opt/airflow/dags/7_branch_pythoon_operator.py
[2026-09-20T22:14:43.025+0000] {processor.py:799} INFO - Processing file /opt/airflow/dags/7_branch_pythoon_operator.py for tasks to queue
[2026-09-20T22:14:43.026+0000] {logging_mixin.py:149} INFO - [2026-09-20T22:14:43.026+0000] {dagbag.py:541} INFO - Filling up the DagBag from /opt/airflow/dags/7_branch_pythoon_operator.py
[2026-09-20T22:14:43.057+0000] {processor.py:809} INFO - DAG(s) dict_keys(['7-branching']) retrieved from /opt/airflow/dags/7_branch_pythoon_operator.py
[2026-09-20T22:14:43.160+0000] {logging_mixin.py:149} INFO - [2026-09-20T22:14:43.160+0000] {dag.py:2726} INFO - Sync 1 DAGs
[2026-09-20T22:14:43.201+0000] {logging_mixin.py:149} INFO - [2026-09-20T22:14:43.201+0000] {dag.py:3490} INFO - Setting next_dagrun for 7-branching to None, run_after=None
[2026-09-20T22:14:43.240+0000] {processor.py:178} INFO - Processing /opt/airflow/dags/7_branch_pythoon_operator.py took 0.229 seconds
[2026-09-20T22:15:13.705+0000] {processor.py:156} INFO - Started process (PID=1212) to work on /opt/airflow/dags/7_branch_pythoon_operator.py
[2026-09-20T22:15:13.707+0000] {processor.py:799} INFO - Processing file /opt/airflow/dags/7_branch_pythoon_operator.py for tasks to queue
[2026-09-20T22:15:13.708+0000] {logging_mixin.py:149} INFO - [2026-09-20T22:15:13.708+0000] {dagbag.py:541} INFO - Filling up the DagBag from /opt/airflow/dags/7_branch_pythoon_operator.py
[2026-09-20T22:15:13.738+0000] {processor.py:809} INFO - DAG(s) dict_keys(['7-branching']) retrieved from /opt/airflow/dags/7_branch_pythoon_operator.py
[2026-09-20T22:15:13.816+0000] {logging_mixin.py:149} INFO - [2026-09-20T22:15:13.816+0000] {dag.py:2726} INFO - Sync 1 DAGs
[2026-09-20T22:15:13.864+0000] {logging_mixin.py:149} INFO - [2026-09-20T22:15:13.863+0000] {dag.py:3490} INFO - Setting next_dagrun for 7-branching to None, run_after=None
[2026-09-20T22:15:13.917+0000] {processor.py:178} INFO - Processing /opt/airflow/dags/7_branch_pythoon_operator.py took 0.219 seconds
[2026-09-20T22:15:44.129+0000] {processor.py:156} INFO - Started process (PID=1225) to work on /opt/airflow/dags/7_branch_pythoon_operator.py
[2026-09-20T22:15:44.131+0000] {processor.py:799} INFO - Processing file /opt/airflow/dags/7_branch_pythoon_operator.py for tasks to queue
[2026-09-20T22:15:44.132+0000] {logging_mixin.py:149} INFO - [2026-09-20T22:15:44.132+0000] {dagbag.py:541} INFO - Filling up the DagBag from /opt/airflow/dags/7_branch_pythoon_operator.py
[2026-09-20T22:15:44.154+0000] {processor.py:809} INFO - DAG(s) dict_keys(['7-branching']) retrieved from /opt/airflow/dags/7_branch_pythoon_operator.py
[2026-09-20T22:15:44.207+0000] {logging_mixin.py:149} INFO - [2026-09-20T22:15:44.206+0000] {dag.py:2726} INFO - Sync 1 DAGs
[2026-09-20T22:15:44.248+0000] {logging_mixin.py:149} INFO - [2026-09-20T22:15:44.247+0000] {dag.py:3490} INFO - Setting next_dagrun for 7-branching to None, run_after=None
[2026-09-20T22:15:44.285+0000] {processor.py:178} INFO - Processing /opt/airflow/dags/7_branch_pythoon_operator.py took 0.161 seconds
[2026-09-20T22:16:15.054+0000] {processor.py:156} INFO - Started process (PID=1234) to work on /opt/airflow/dags/7_branch_pythoon_operator.py
[2026-09-20T22:16:15.058+0000] {processor.py:799} INFO - Processing file /opt/airflow/dags/7_branch_pythoon_operator.py for tasks to queue
[2026-09-20T22:16:15.060+0000] {logging_mixin.py:149} INFO - [2026-09-20T22:16:15.059+0000] {dagbag.py:541} INFO - Filling up the DagBag from /opt/airflow/dags/7_branch_pythoon_operator.py
[2026-09-20T22:16:15.084+0000] {processor.py:809} INFO - DAG(s) dict_keys(['7-branching']) retrieved from /opt/airflow/dags/7_branch_pythoon_operator.py
[2026-09-20T22:16:15.158+0000] {logging_mixin.py:149} INFO - [2026-09-20T22:16:15.158+0000] {dag.py:2726} INFO - Sync 1 DAGs
[2026-09-20T22:16:15.199+0000] {logging_mixin.py:149} INFO - [2026-09-20T22:16:15.199+0000] {dag.py:3490} INFO - Setting next_dagrun for 7-branching to None, run_after=None
[2026-09-20T22:16:15.228+0000] {processor.py:178} INFO - Processing /opt/airflow/dags/7_branch_pythoon_operator.py took 0.182 seconds
[2026-09-20T22:16:46.009+0000] {processor.py:156} INFO - Started process (PID=1243) to work on /opt/airflow/dags/7_branch_pythoon_operator.py
[2026-09-20T22:16:46.015+0000] {processor.py:799} INFO - Processing file /opt/airflow/dags/7_branch_pythoon_operator.py for tasks to queue
[2026-09-20T22:16:46.017+0000] {logging_mixin.py:149} INFO - [2026-09-20T22:16:46.016+0000] {dagbag.py:541} INFO - Filling up the DagBag from /opt/airflow/dags/7_branch_pythoon_operator.py
[2026-09-20T22:16:46.039+0000] {processor.py:809} INFO - DAG(s) dict_keys(['7-branching']) retrieved from /opt/airflow/dags/7_branch_pythoon_operator.py
[2026-09-20T22:16:46.094+0000] {logging_mixin.py:149} INFO - [2026-09-20T22:16:46.094+0000] {dag.py:2726} INFO - Sync 1 DAGs
[2026-09-20T22:16:46.140+0000] {logging_mixin.py:149} INFO - [2026-09-20T22:16:46.139+0000] {dag.py:3490} INFO - Setting next_dagrun for 7-branching to None, run_after=None
[2026-09-20T22:16:46.189+0000] {processor.py:178} INFO - Processing /opt/airflow/dags/7_branch_pythoon_operator.py took 0.186 seconds
[2026-09-20T22:17:16.956+0000] {processor.py:156} INFO - Started process (PID=1253) to work on /opt/airflow/dags/7_branch_pythoon_operator.py
[2026-09-20T22:17:16.959+0000] {processor.py:799} INFO - Processing file /opt/airflow/dags/7_branch_pythoon_operator.py for tasks to queue
[2026-09-20T22:17:16.960+0000] {logging_mixin.py:149} INFO - [2026-09-20T22:17:16.960+0000] {dagbag.py:541} INFO - Filling up the DagBag from /opt/airflow/dags/7_branch_pythoon_operator.py
[2026-09-20T22:17:16.981+0000] {processor.py:809} INFO - DAG(s) dict_keys(['7-branching']) retrieved from /opt/airflow/dags/7_branch_pythoon_operator.py
[2026-09-20T22:17:17.029+0000] {logging_mixin.py:149} INFO - [2026-09-20T22:17:17.029+0000] {dag.py:2726} INFO - Sync 1 DAGs
[2026-09-20T22:17:17.068+0000] {logging_mixin.py:149} INFO - [2026-09-20T22:17:17.067+0000] {dag.py:3490} INFO - Setting next_dagrun for 7-branching to None, run_after=None
[2026-09-20T22:17:17.107+0000] {processor.py:178} INFO - Processing /opt/airflow/dags/7_branch_pythoon_operator.py took 0.156 seconds
[2026-09-20T22:17:48.014+0000] {processor.py:156} INFO - Started process (PID=1262) to work on /opt/airflow/dags/7_branch_pythoon_operator.py
[2026-09-20T22:17:48.017+0000] {processor.py:799} INFO - Processing file /opt/airflow/dags/7_branch_pythoon_operator.py for tasks to queue
[2026-09-20T22:17:48.018+0000] {logging_mixin.py:149} INFO - [2026-09-20T22:17:48.018+0000] {dagbag.py:541} INFO - Filling up the DagBag from /opt/airflow/dags/7_branch_pythoon_operator.py
[2026-09-20T22:17:48.039+0000] {processor.py:809} INFO - DAG(s) dict_keys(['7-branching']) retrieved from /opt/airflow/dags/7_branch_pythoon_operator.py
[2026-09-20T22:17:48.090+0000] {logging_mixin.py:149} INFO - [2026-09-20T22:17:48.090+0000] {dag.py:2726} INFO - Sync 1 DAGs
[2026-09-20T22:17:48.139+0000] {logging_mixin.py:149} INFO - [2026-09-20T22:17:48.138+0000] {dag.py:3490} INFO - Setting next_dagrun for 7-branching to None, run_after=None
[2026-09-20T22:17:48.179+0000] {processor.py:178} INFO - Processing /opt/airflow/dags/7_branch_pythoon_operator.py took 0.171 seconds
[2026-09-20T22:18:18.887+0000] {processor.py:156} INFO - Started process (PID=1271) to work on /opt/airflow/dags/7_branch_pythoon_operator.py
[2026-09-20T22:18:18.895+0000] {processor.py:799} INFO - Processing file /opt/airflow/dags/7_branch_pythoon_operator.py for tasks to queue
[2026-09-20T22:18:18.897+0000] {logging_mixin.py:149} INFO - [2026-09-20T22:18:18.896+0000] {dagbag.py:541} INFO - Filling up the DagBag from /opt/airflow/dags/7_branch_pythoon_operator.py
[2026-09-20T22:18:18.925+0000] {processor.py:809} INFO - DAG(s) dict_keys(['7-branching']) retrieved from /opt/airflow/dags/7_branch_pythoon_operator.py
[2026-09-20T22:18:19.012+0000] {logging_mixin.py:149} INFO - [2026-09-20T22:18:19.011+0000] {dag.py:2726} INFO - Sync 1 DAGs
[2026-09-20T22:18:19.080+0000] {logging_mixin.py:149} INFO - [2026-09-20T22:18:19.079+0000] {dag.py:3490} INFO - Setting next_dagrun for 7-branching to None, run_after=None
[2026-09-20T22:18:19.139+0000] {processor.py:178} INFO - Processing /opt/airflow/dags/7_branch_pythoon_operator.py took 0.262 seconds
[2026-09-20T22:18:49.843+0000] {processor.py:156} INFO - Started process (PID=1280) to work on /opt/airflow/dags/7_branch_pythoon_operator.py
[2026-09-20T22:18:49.846+0000] {processor.py:799} INFO - Processing file /opt/airflow/dags/7_branch_pythoon_operator.py for tasks to queue
[2026-09-20T22:18:49.849+0000] {logging_mixin.py:149} INFO - [2026-09-20T22:18:49.847+0000] {dagbag.py:541} INFO - Filling up the DagBag from /opt/airflow/dags/7_branch_pythoon_operator.py
[2026-09-20T22:18:49.871+0000] {processor.py:809} INFO - DAG(s) dict_keys(['7-branching']) retrieved from /opt/airflow/dags/7_branch_pythoon_operator.py
[2026-09-20T22:18:49.925+0000] {logging_mixin.py:149} INFO - [2026-09-20T22:18:49.925+0000] {dag.py:2726} INFO - Sync 1 DAGs
[2026-09-20T22:18:49.978+0000] {logging_mixin.py:149} INFO - [2026-09-20T22:18:49.978+0000] {dag.py:3490} INFO - Setting next_dagrun for 7-branching to None, run_after=None
[2026-09-20T22:18:50.009+0000] {processor.py:178} INFO - Processing /opt/airflow/dags/7_branch_pythoon_operator.py took 0.173 seconds
[2026-09-20T22:19:20.721+0000] {processor.py:156} INFO - Started process (PID=1289) to work on /opt/airflow/dags/7_branch_pythoon_operator.py
[2026-09-20T22:19:20.724+0000] {processor.py:799} INFO - Processing file /opt/airflow/dags/7_branch_pythoon_operator.py for tasks to queue
[2026-09-20T22:19:20.725+0000] {logging_mixin.py:149} INFO - [2026-09-20T22:19:20.725+0000] {dagbag.py:541} INFO - Filling up the DagBag from /opt/airflow/dags/7_branch_pythoon_operator.py
[2026-09-20T22:19:20.747+0000] {processor.py:809} INFO - DAG(s) dict_keys(['7-branching']) retrieved from /opt/airflow/dags/7_branch_pythoon_operator.py
[2026-09-20T22:19:20.822+0000] {logging_mixin.py:149} INFO - [2026-09-20T22:19:20.821+0000] {dag.py:2726} INFO - Sync 1 DAGs
[2026-09-20T22:19:20.880+0000] {logging_mixin.py:149} INFO - [2026-09-20T22:19:20.879+0000] {dag.py:3490} INFO - Setting next_dagrun for 7-branching to None, run_after=None
[2026-09-20T22:19:20.928+0000] {processor.py:178} INFO - Processing /opt/airflow/dags/7_branch_pythoon_operator.py took 0.213 seconds
[2026-09-20T22:19:51.671+0000] {processor.py:156} INFO - Started process (PID=1298) to work on /opt/airflow/dags/7_branch_pythoon_operator.py
[2026-09-20T22:19:51.672+0000] {processor.py:799} INFO - Processing file /opt/airflow/dags/7_branch_pythoon_operator.py for tasks to queue
[2026-09-20T22:19:51.673+0000] {logging_mixin.py:149} INFO - [2026-09-20T22:19:51.673+0000] {dagbag.py:541} INFO - Filling up the DagBag from /opt/airflow/dags/7_branch_pythoon_operator.py
[2026-09-20T22:19:51.692+0000] {processor.py:809} INFO - DAG(s) dict_keys(['7-branching']) retrieved from /opt/airflow/dags/7_branch_pythoon_operator.py
[2026-09-20T22:19:51.737+0000] {logging_mixin.py:149} INFO - [2026-09-20T22:19:51.737+0000] {dag.py:2726} INFO - Sync 1 DAGs
[2026-09-20T22:19:51.772+0000] {logging_mixin.py:149} INFO - [2026-09-20T22:19:51.772+0000] {dag.py:3490} INFO - Setting next_dagrun for 7-branching to None, run_after=None
[2026-09-20T22:19:51.796+0000] {processor.py:178} INFO - Processing /opt/airflow/dags/7_branch_pythoon_operator.py took 0.133 seconds
[2026-09-20T22:20:22.502+0000] {processor.py:156} INFO - Started process (PID=1308) to work on /opt/airflow/dags/7_branch_pythoon_operator.py
[2026-09-20T22:20:22.507+0000] {processor.py:799} INFO - Processing file /opt/airflow/dags/7_branch_pythoon_operator.py for tasks to queue
[2026-09-20T22:20:22.509+0000] {logging_mixin.py:149} INFO - [2026-09-20T22:20:22.508+0000] {dagbag.py:541} INFO - Filling up the DagBag from /opt/airflow/dags/7_branch_pythoon_operator.py
[2026-09-20T22:20:22.531+0000] {processor.py:809} INFO - DAG(s) dict_keys(['7-branching']) retrieved from /opt/airflow/dags/7_branch_pythoon_operator.py
[2026-09-20T22:20:22.578+0000] {logging_mixin.py:149} INFO - [2026-09-20T22:20:22.578+0000] {dag.py:2726} INFO - Sync 1 DAGs
[2026-09-20T22:20:22.619+0000] {logging_mixin.py:149} INFO - [2026-09-20T22:20:22.618+0000] {dag.py:3490} INFO - Setting next_dagrun for 7-branching to None, run_after=None
[2026-09-20T22:20:22.652+0000] {processor.py:178} INFO - Processing /opt/airflow/dags/7_branch_pythoon_operator.py took 0.157 seconds
[2026-09-20T22:20:53.454+0000] {processor.py:156} INFO - Started process (PID=1317) to work on /opt/airflow/dags/7_branch_pythoon_operator.py
[2026-09-20T22:20:53.458+0000] {processor.py:799} INFO - Processing file /opt/airflow/dags/7_branch_pythoon_operator.py for tasks to queue
[2026-09-20T22:20:53.459+0000] {logging_mixin.py:149} INFO - [2026-09-20T22:20:53.459+0000] {dagbag.py:541} INFO - Filling up the DagBag from /opt/airflow/dags/7_branch_pythoon_operator.py
[2026-09-20T22:20:53.483+0000] {processor.py:809} INFO - DAG(s) dict_keys(['7-branching']) retrieved from /opt/airflow/dags/7_branch_pythoon_operator.py
[2026-09-20T22:20:53.554+0000] {logging_mixin.py:149} INFO - [2026-09-20T22:20:53.554+0000] {dag.py:2726} INFO - Sync 1 DAGs
[2026-09-20T22:20:53.608+0000] {logging_mixin.py:149} INFO - [2026-09-20T22:20:53.608+0000] {dag.py:3490} INFO - Setting next_dagrun for 7-branching to None, run_after=None
[2026-09-20T22:20:53.651+0000] {processor.py:178} INFO - Processing /opt/airflow/dags/7_branch_pythoon_operator.py took 0.203 seconds
[2026-09-20T22:21:24.423+0000] {processor.py:156} INFO - Started process (PID=1330) to work on /opt/airflow/dags/7_branch_pythoon_operator.py
[2026-09-20T22:21:24.426+0000] {processor.py:799} INFO - Processing file /opt/airflow/dags/7_branch_pythoon_operator.py for tasks to queue
[2026-09-20T22:21:24.427+0000] {logging_mixin.py:149} INFO - [2026-09-20T22:21:24.427+0000] {dagbag.py:541} INFO - Filling up the DagBag from /opt/airflow/dags/7_branch_pythoon_operator.py
[2026-09-20T22:21:24.449+0000] {processor.py:809} INFO - DAG(s) dict_keys(['7-branching']) retrieved from /opt/airflow/dags/7_branch_pythoon_operator.py
[2026-09-20T22:21:24.501+0000] {logging_mixin.py:149} INFO - [2026-09-20T22:21:24.501+0000] {dag.py:2726} INFO - Sync 1 DAGs
[2026-09-20T22:21:24.539+0000] {logging_mixin.py:149} INFO - [2026-09-20T22:21:24.539+0000] {dag.py:3490} INFO - Setting next_dagrun for 7-branching to None, run_after=None
[2026-09-20T22:21:24.575+0000] {processor.py:178} INFO - Processing /opt/airflow/dags/7_branch_pythoon_operator.py took 0.158 seconds
[2026-09-20T22:21:54.821+0000] {processor.py:156} INFO - Started process (PID=1343) to work on /opt/airflow/dags/7_branch_pythoon_operator.py
[2026-09-20T22:21:54.825+0000] {processor.py:799} INFO - Processing file /opt/airflow/dags/7_branch_pythoon_operator.py for tasks to queue
[2026-09-20T22:21:54.826+0000] {logging_mixin.py:149} INFO - [2026-09-20T22:21:54.826+0000] {dagbag.py:541} INFO - Filling up the DagBag from /opt/airflow/dags/7_branch_pythoon_operator.py
[2026-09-20T22:21:54.853+0000] {processor.py:809} INFO - DAG(s) dict_keys(['7-branching']) retrieved from /opt/airflow/dags/7_branch_pythoon_operator.py
[2026-09-20T22:21:54.903+0000] {logging_mixin.py:149} INFO - [2026-09-20T22:21:54.903+0000] {dag.py:2726} INFO - Sync 1 DAGs
[2026-09-20T22:21:54.947+0000] {logging_mixin.py:149} INFO - [2026-09-20T22:21:54.946+0000] {dag.py:3490} INFO - Setting next_dagrun for 7-branching to None, run_after=None
[2026-09-20T22:21:54.986+0000] {processor.py:178} INFO - Processing /opt/airflow/dags/7_branch_pythoon_operator.py took 0.171 seconds
[2026-09-20T22:22:25.870+0000] {processor.py:156} INFO - Started process (PID=1352) to work on /opt/airflow/dags/7_branch_pythoon_operator.py
[2026-09-20T22:22:25.872+0000] {processor.py:799} INFO - Processing file /opt/airflow/dags/7_branch_pythoon_operator.py for tasks to queue
[2026-09-20T22:22:25.874+0000] {logging_mixin.py:149} INFO - [2026-09-20T22:22:25.873+0000] {dagbag.py:541} INFO - Filling up the DagBag from /opt/airflow/dags/7_branch_pythoon_operator.py
[2026-09-20T22:22:25.897+0000] {processor.py:809} INFO - DAG(s) dict_keys(['7-branching']) retrieved from /opt/airflow/dags/7_branch_pythoon_operator.py
[2026-09-20T22:22:25.953+0000] {logging_mixin.py:149} INFO - [2026-09-20T22:22:25.953+0000] {dag.py:2726} INFO - Sync 1 DAGs
[2026-09-20T22:22:25.996+0000] {logging_mixin.py:149} INFO - [2026-09-20T22:22:25.996+0000] {dag.py:3490} INFO - Setting next_dagrun for 7-branching to None, run_after=None
[2026-09-20T22:22:26.031+0000] {processor.py:178} INFO - Processing /opt/airflow/dags/7_branch_pythoon_operator.py took 0.170 seconds
[2026-09-20T22:22:56.104+0000] {processor.py:156} INFO - Started process (PID=1361) to work on /opt/airflow/dags/7_branch_pythoon_operator.py
[2026-09-20T22:22:56.109+0000] {processor.py:799} INFO - Processing file /opt/airflow/dags/7_branch_pythoon_operator.py for tasks to queue
[2026-09-20T22:22:56.111+0000] {logging_mixin.py:149} INFO - [2026-09-20T22:22:56.111+0000] {dagbag.py:541} INFO - Filling up the DagBag from /opt/airflow/dags/7_branch_pythoon_operator.py
[2026-09-20T22:22:56.134+0000] {processor.py:809} INFO - DAG(s) dict_keys(['7-branching']) retrieved from /opt/airflow/dags/7_branch_pythoon_operator.py
[2026-09-20T22:22:56.186+0000] {logging_mixin.py:149} INFO - [2026-09-20T22:22:56.185+0000] {dag.py:2726} INFO - Sync 1 DAGs
[2026-09-20T22:22:56.246+0000] {logging_mixin.py:149} INFO - [2026-09-20T22:22:56.246+0000] {dag.py:3490} INFO - Setting next_dagrun for 7-branching to None, run_after=None
[2026-09-20T22:22:56.285+0000] {processor.py:178} INFO - Processing /opt/airflow/dags/7_branch_pythoon_operator.py took 0.191 seconds
[2026-09-20T22:23:26.355+0000] {processor.py:156} INFO - Started process (PID=1370) to work on /opt/airflow/dags/7_branch_pythoon_operator.py
[2026-09-20T22:23:26.357+0000] {processor.py:799} INFO - Processing file /opt/airflow/dags/7_branch_pythoon_operator.py for tasks to queue
[2026-09-20T22:23:26.358+0000] {logging_mixin.py:149} INFO - [2026-09-20T22:23:26.358+0000] {dagbag.py:541} INFO - Filling up the DagBag from /opt/airflow/dags/7_branch_pythoon_operator.py
[2026-09-20T22:23:26.381+0000] {processor.py:809} INFO - DAG(s) dict_keys(['7-branching']) retrieved from /opt/airflow/dags/7_branch_pythoon_operator.py
[2026-09-20T22:23:26.430+0000] {logging_mixin.py:149} INFO - [2026-09-20T22:23:26.430+0000] {dag.py:2726} INFO - Sync 1 DAGs
[2026-09-20T22:23:26.475+0000] {logging_mixin.py:149} INFO - [2026-09-20T22:23:26.474+0000] {dag.py:3490} INFO - Setting next_dagrun for 7-branching to None, run_after=None
[2026-09-20T22:23:26.517+0000] {processor.py:178} INFO - Processing /opt/airflow/dags/7_branch_pythoon_operator.py took 0.168 seconds
[2026-09-20T22:23:56.583+0000] {processor.py:156} INFO - Started process (PID=1379) to work on /opt/airflow/dags/7_branch_pythoon_operator.py
[2026-09-20T22:23:56.585+0000] {processor.py:799} INFO - Processing file /opt/airflow/dags/7_branch_pythoon_operator.py for tasks to queue
[2026-09-20T22:23:56.587+0000] {logging_mixin.py:149} INFO - [2026-09-20T22:23:56.587+0000] {dagbag.py:541} INFO - Filling up the DagBag from /opt/airflow/dags/7_branch_pythoon_operator.py
[2026-09-20T22:23:56.609+0000] {processor.py:809} INFO - DAG(s) dict_keys(['7-branching']) retrieved from /opt/airflow/dags/7_branch_pythoon_operator.py
[2026-09-20T22:23:56.678+0000] {logging_mixin.py:149} INFO - [2026-09-20T22:23:56.678+0000] {dag.py:2726} INFO - Sync 1 DAGs
[2026-09-20T22:23:56.717+0000] {logging_mixin.py:149} INFO - [2026-09-20T22:23:56.716+0000] {dag.py:3490} INFO - Setting next_dagrun for 7-branching to None, run_after=None
[2026-09-20T22:23:56.754+0000] {processor.py:178} INFO - Processing /opt/airflow/dags/7_branch_pythoon_operator.py took 0.182 seconds
[2026-09-20T22:24:26.801+0000] {processor.py:156} INFO - Started process (PID=1388) to work on /opt/airflow/dags/7_branch_pythoon_operator.py
[2026-09-20T22:24:26.803+0000] {processor.py:799} INFO - Processing file /opt/airflow/dags/7_branch_pythoon_operator.py for tasks to queue
[2026-09-20T22:24:26.805+0000] {logging_mixin.py:149} INFO - [2026-09-20T22:24:26.804+0000] {dagbag.py:541} INFO - Filling up the DagBag from /opt/airflow/dags/7_branch_pythoon_operator.py
[2026-09-20T22:24:26.828+0000] {processor.py:809} INFO - DAG(s) dict_keys(['7-branching']) retrieved from /opt/airflow/dags/7_branch_pythoon_operator.py
[2026-09-20T22:24:26.880+0000] {logging_mixin.py:149} INFO - [2026-09-20T22:24:26.879+0000] {dag.py:2726} INFO - Sync 1 DAGs
[2026-09-20T22:24:26.920+0000] {logging_mixin.py:149} INFO - [2026-09-20T22:24:26.920+0000] {dag.py:3490} INFO - Setting next_dagrun for 7-branching to None, run_after=None
[2026-09-20T22:24:26.966+0000] {processor.py:178} INFO - Processing /opt/airflow/dags/7_branch_pythoon_operator.py took 0.172 seconds
[2026-09-20T22:24:57.165+0000] {processor.py:156} INFO - Started process (PID=1397) to work on /opt/airflow/dags/7_branch_pythoon_operator.py
[2026-09-20T22:24:57.167+0000] {processor.py:799} INFO - Processing file /opt/airflow/dags/7_branch_pythoon_operator.py for tasks to queue
[2026-09-20T22:24:57.168+0000] {logging_mixin.py:149} INFO - [2026-09-20T22:24:57.168+0000] {dagbag.py:541} INFO - Filling up the DagBag from /opt/airflow/dags/7_branch_pythoon_operator.py
[2026-09-20T22:24:57.194+0000] {processor.py:809} INFO - DAG(s) dict_keys(['7-branching']) retrieved from /opt/airflow/dags/7_branch_pythoon_operator.py
[2026-09-20T22:24:57.250+0000] {logging_mixin.py:149} INFO - [2026-09-20T22:24:57.250+0000] {dag.py:2726} INFO - Sync 1 DAGs
[2026-09-20T22:24:57.290+0000] {logging_mixin.py:149} INFO - [2026-09-20T22:24:57.290+0000] {dag.py:3490} INFO - Setting next_dagrun for 7-branching to None, run_after=None
[2026-09-20T22:24:57.318+0000] {processor.py:178} INFO - Processing /opt/airflow/dags/7_branch_pythoon_operator.py took 0.160 seconds
[2026-09-20T22:25:28.086+0000] {processor.py:156} INFO - Started process (PID=1407) to work on /opt/airflow/dags/7_branch_pythoon_operator.py
[2026-09-20T22:25:28.089+0000] {processor.py:799} INFO - Processing file /opt/airflow/dags/7_branch_pythoon_operator.py for tasks to queue
[2026-09-20T22:25:28.091+0000] {logging_mixin.py:149} INFO - [2026-09-20T22:25:28.091+0000] {dagbag.py:541} INFO - Filling up the DagBag from /opt/airflow/dags/7_branch_pythoon_operator.py
[2026-09-20T22:25:28.152+0000] {processor.py:809} INFO - DAG(s) dict_keys(['7-branching']) retrieved from /opt/airflow/dags/7_branch_pythoon_operator.py
[2026-09-20T22:25:28.216+0000] {logging_mixin.py:149} INFO - [2026-09-20T22:25:28.216+0000] {dag.py:2726} INFO - Sync 1 DAGs
[2026-09-20T22:25:28.259+0000] {logging_mixin.py:149} INFO - [2026-09-20T22:25:28.259+0000] {dag.py:3490} INFO - Setting next_dagrun for 7-branching to None, run_after=None
[2026-09-20T22:25:28.288+0000] {processor.py:178} INFO - Processing /opt/airflow/dags/7_branch_pythoon_operator.py took 0.220 seconds
[2026-09-20T22:25:59.018+0000] {processor.py:156} INFO - Started process (PID=1416) to work on /opt/airflow/dags/7_branch_pythoon_operator.py
[2026-09-20T22:25:59.019+0000] {processor.py:799} INFO - Processing file /opt/airflow/dags/7_branch_pythoon_operator.py for tasks to queue
[2026-09-20T22:25:59.021+0000] {logging_mixin.py:149} INFO - [2026-09-20T22:25:59.020+0000] {dagbag.py:541} INFO - Filling up the DagBag from /opt/airflow/dags/7_branch_pythoon_operator.py
[2026-09-20T22:25:59.063+0000] {processor.py:809} INFO - DAG(s) dict_keys(['7-branching']) retrieved from /opt/airflow/dags/7_branch_pythoon_operator.py
[2026-09-20T22:25:59.128+0000] {logging_mixin.py:149} INFO - [2026-09-20T22:25:59.128+0000] {dag.py:2726} INFO - Sync 1 DAGs
[2026-09-20T22:25:59.167+0000] {logging_mixin.py:149} INFO - [2026-09-20T22:25:59.167+0000] {dag.py:3490} INFO - Setting next_dagrun for 7-branching to None, run_after=None
[2026-09-20T22:25:59.198+0000] {processor.py:178} INFO - Processing /opt/airflow/dags/7_branch_pythoon_operator.py took 0.190 seconds
[2026-09-20T22:26:29.908+0000] {processor.py:156} INFO - Started process (PID=1425) to work on /opt/airflow/dags/7_branch_pythoon_operator.py
[2026-09-20T22:26:29.910+0000] {processor.py:799} INFO - Processing file /opt/airflow/dags/7_branch_pythoon_operator.py for tasks to queue
[2026-09-20T22:26:29.912+0000] {logging_mixin.py:149} INFO - [2026-09-20T22:26:29.911+0000] {dagbag.py:541} INFO - Filling up the DagBag from /opt/airflow/dags/7_branch_pythoon_operator.py
[2026-09-20T22:26:29.935+0000] {processor.py:809} INFO - DAG(s) dict_keys(['7-branching']) retrieved from /opt/airflow/dags/7_branch_pythoon_operator.py
[2026-09-20T22:26:29.983+0000] {logging_mixin.py:149} INFO - [2026-09-20T22:26:29.982+0000] {dag.py:2726} INFO - Sync 1 DAGs
[2026-09-20T22:26:30.021+0000] {logging_mixin.py:149} INFO - [2026-09-20T22:26:30.021+0000] {dag.py:3490} INFO - Setting next_dagrun for 7-branching to None, run_after=None
[2026-09-20T22:26:30.050+0000] {processor.py:178} INFO - Processing /opt/airflow/dags/7_branch_pythoon_operator.py took 0.148 seconds
[2026-09-20T22:27:00.649+0000] {processor.py:156} INFO - Started process (PID=1434) to work on /opt/airflow/dags/7_branch_pythoon_operator.py
[2026-09-20T22:27:00.652+0000] {processor.py:799} INFO - Processing file /opt/airflow/dags/7_branch_pythoon_operator.py for tasks to queue
[2026-09-20T22:27:00.653+0000] {logging_mixin.py:149} INFO - [2026-09-20T22:27:00.653+0000] {dagbag.py:541} INFO - Filling up the DagBag from /opt/airflow/dags/7_branch_pythoon_operator.py
[2026-09-20T22:27:00.701+0000] {processor.py:809} INFO - DAG(s) dict_keys(['7-branching']) retrieved from /opt/airflow/dags/7_branch_pythoon_operator.py
[2026-09-20T22:27:00.784+0000] {logging_mixin.py:149} INFO - [2026-09-20T22:27:00.784+0000] {dag.py:2726} INFO - Sync 1 DAGs
[2026-09-20T22:27:00.829+0000] {logging_mixin.py:149} INFO - [2026-09-20T22:27:00.829+0000] {dag.py:3490} INFO - Setting next_dagrun for 7-branching to None, run_after=None
[2026-09-20T22:27:00.866+0000] {processor.py:178} INFO - Processing /opt/airflow/dags/7_branch_pythoon_operator.py took 0.228 seconds
[2026-09-20T22:27:31.586+0000] {processor.py:156} INFO - Started process (PID=1443) to work on /opt/airflow/dags/7_branch_pythoon_operator.py
[2026-09-20T22:27:31.588+0000] {processor.py:799} INFO - Processing file /opt/airflow/dags/7_branch_pythoon_operator.py for tasks to queue
[2026-09-20T22:27:31.589+0000] {logging_mixin.py:149} INFO - [2026-09-20T22:27:31.589+0000] {dagbag.py:541} INFO - Filling up the DagBag from /opt/airflow/dags/7_branch_pythoon_operator.py
[2026-09-20T22:27:31.610+0000] {processor.py:809} INFO - DAG(s) dict_keys(['7-branching']) retrieved from /opt/airflow/dags/7_branch_pythoon_operator.py
[2026-09-20T22:27:31.682+0000] {logging_mixin.py:149} INFO - [2026-09-20T22:27:31.681+0000] {dag.py:2726} INFO - Sync 1 DAGs
[2026-09-20T22:27:31.748+0000] {logging_mixin.py:149} INFO - [2026-09-20T22:27:31.747+0000] {dag.py:3490} INFO - Setting next_dagrun for 7-branching to None, run_after=None
[2026-09-20T22:27:31.795+0000] {processor.py:178} INFO - Processing /opt/airflow/dags/7_branch_pythoon_operator.py took 0.215 seconds
[2026-09-20T22:28:02.450+0000] {processor.py:156} INFO - Started process (PID=1452) to work on /opt/airflow/dags/7_branch_pythoon_operator.py
[2026-09-20T22:28:02.452+0000] {processor.py:799} INFO - Processing file /opt/airflow/dags/7_branch_pythoon_operator.py for tasks to queue
[2026-09-20T22:28:02.453+0000] {logging_mixin.py:149} INFO - [2026-09-20T22:28:02.452+0000] {dagbag.py:541} INFO - Filling up the DagBag from /opt/airflow/dags/7_branch_pythoon_operator.py
[2026-09-20T22:28:02.475+0000] {processor.py:809} INFO - DAG(s) dict_keys(['7-branching']) retrieved from /opt/airflow/dags/7_branch_pythoon_operator.py
[2026-09-20T22:28:02.514+0000] {logging_mixin.py:149} INFO - [2026-09-20T22:28:02.513+0000] {dag.py:2726} INFO - Sync 1 DAGs
[2026-09-20T22:28:02.544+0000] {logging_mixin.py:149} INFO - [2026-09-20T22:28:02.544+0000] {dag.py:3490} INFO - Setting next_dagrun for 7-branching to None, run_after=None
[2026-09-20T22:28:02.570+0000] {processor.py:178} INFO - Processing /opt/airflow/dags/7_branch_pythoon_operator.py took 0.124 seconds
[2026-09-20T22:28:33.275+0000] {processor.py:156} INFO - Started process (PID=1461) to work on /opt/airflow/dags/7_branch_pythoon_operator.py
[2026-09-20T22:28:33.277+0000] {processor.py:799} INFO - Processing file /opt/airflow/dags/7_branch_pythoon_operator.py for tasks to queue
[2026-09-20T22:28:33.278+0000] {logging_mixin.py:149} INFO - [2026-09-20T22:28:33.278+0000] {dagbag.py:541} INFO - Filling up the DagBag from /opt/airflow/dags/7_branch_pythoon_operator.py
[2026-09-20T22:28:33.318+0000] {processor.py:809} INFO - DAG(s) dict_keys(['7-branching']) retrieved from /opt/airflow/dags/7_branch_pythoon_operator.py
[2026-09-20T22:28:33.402+0000] {logging_mixin.py:149} INFO - [2026-09-20T22:28:33.400+0000] {dag.py:2726} INFO - Sync 1 DAGs
[2026-09-20T22:28:33.467+0000] {logging_mixin.py:149} INFO - [2026-09-20T22:28:33.467+0000] {dag.py:3490} INFO - Setting next_dagrun for 7-branching to None, run_after=None
[2026-09-20T22:28:33.496+0000] {processor.py:178} INFO - Processing /opt/airflow/dags/7_branch_pythoon_operator.py took 0.230 seconds
[2026-09-20T22:29:04.211+0000] {processor.py:156} INFO - Started process (PID=1470) to work on /opt/airflow/dags/7_branch_pythoon_operator.py
[2026-09-20T22:29:04.213+0000] {processor.py:799} INFO - Processing file /opt/airflow/dags/7_branch_pythoon_operator.py for tasks to queue
[2026-09-20T22:29:04.215+0000] {logging_mixin.py:149} INFO - [2026-09-20T22:29:04.214+0000] {dagbag.py:541} INFO - Filling up the DagBag from /opt/airflow/dags/7_branch_pythoon_operator.py
[2026-09-20T22:29:04.240+0000] {processor.py:809} INFO - DAG(s) dict_keys(['7-branching']) retrieved from /opt/airflow/dags/7_branch_pythoon_operator.py
[2026-09-20T22:29:04.303+0000] {logging_mixin.py:149} INFO - [2026-09-20T22:29:04.303+0000] {dag.py:2726} INFO - Sync 1 DAGs
[2026-09-20T22:29:04.350+0000] {logging_mixin.py:149} INFO - [2026-09-20T22:29:04.350+0000] {dag.py:3490} INFO - Setting next_dagrun for 7-branching to None, run_after=None
[2026-09-20T22:29:04.388+0000] {processor.py:178} INFO - Processing /opt/airflow/dags/7_branch_pythoon_operator.py took 0.183 seconds
[2026-09-20T22:29:35.100+0000] {processor.py:156} INFO - Started process (PID=1479) to work on /opt/airflow/dags/7_branch_pythoon_operator.py
[2026-09-20T22:29:35.109+0000] {processor.py:799} INFO - Processing file /opt/airflow/dags/7_branch_pythoon_operator.py for tasks to queue
[2026-09-20T22:29:35.111+0000] {logging_mixin.py:149} INFO - [2026-09-20T22:29:35.110+0000] {dagbag.py:541} INFO - Filling up the DagBag from /opt/airflow/dags/7_branch_pythoon_operator.py
[2026-09-20T22:29:35.164+0000] {processor.py:809} INFO - DAG(s) dict_keys(['7-branching']) retrieved from /opt/airflow/dags/7_branch_pythoon_operator.py
[2026-09-20T22:29:35.232+0000] {logging_mixin.py:149} INFO - [2026-09-20T22:29:35.232+0000] {dag.py:2726} INFO - Sync 1 DAGs
[2026-09-20T22:29:35.303+0000] {logging_mixin.py:149} INFO - [2026-09-20T22:29:35.302+0000] {dag.py:3490} INFO - Setting next_dagrun for 7-branching to None, run_after=None
[2026-09-20T22:29:35.379+0000] {processor.py:178} INFO - Processing /opt/airflow/dags/7_branch_pythoon_operator.py took 0.288 seconds
[2026-09-20T22:30:06.032+0000] {processor.py:156} INFO - Started process (PID=1488) to work on /opt/airflow/dags/7_branch_pythoon_operator.py
[2026-09-20T22:30:06.035+0000] {processor.py:799} INFO - Processing file /opt/airflow/dags/7_branch_pythoon_operator.py for tasks to queue
[2026-09-20T22:30:06.036+0000] {logging_mixin.py:149} INFO - [2026-09-20T22:30:06.036+0000] {dagbag.py:541} INFO - Filling up the DagBag from /opt/airflow/dags/7_branch_pythoon_operator.py
[2026-09-20T22:30:06.068+0000] {processor.py:809} INFO - DAG(s) dict_keys(['7-branching']) retrieved from /opt/airflow/dags/7_branch_pythoon_operator.py
[2026-09-20T22:30:06.150+0000] {logging_mixin.py:149} INFO - [2026-09-20T22:30:06.149+0000] {dag.py:2726} INFO - Sync 1 DAGs
[2026-09-20T22:30:06.214+0000] {logging_mixin.py:149} INFO - [2026-09-20T22:30:06.214+0000] {dag.py:3490} INFO - Setting next_dagrun for 7-branching to None, run_after=None
[2026-09-20T22:30:06.245+0000] {processor.py:178} INFO - Processing /opt/airflow/dags/7_branch_pythoon_operator.py took 0.226 seconds
[2026-09-20T22:30:36.957+0000] {processor.py:156} INFO - Started process (PID=1497) to work on /opt/airflow/dags/7_branch_pythoon_operator.py
[2026-09-20T22:30:36.962+0000] {processor.py:799} INFO - Processing file /opt/airflow/dags/7_branch_pythoon_operator.py for tasks to queue
[2026-09-20T22:30:36.966+0000] {logging_mixin.py:149} INFO - [2026-09-20T22:30:36.963+0000] {dagbag.py:541} INFO - Filling up the DagBag from /opt/airflow/dags/7_branch_pythoon_operator.py
[2026-09-20T22:30:36.988+0000] {processor.py:809} INFO - DAG(s) dict_keys(['7-branching']) retrieved from /opt/airflow/dags/7_branch_pythoon_operator.py
[2026-09-20T22:30:37.086+0000] {logging_mixin.py:149} INFO - [2026-09-20T22:30:37.085+0000] {dag.py:2726} INFO - Sync 1 DAGs
[2026-09-20T22:30:37.176+0000] {logging_mixin.py:149} INFO - [2026-09-20T22:30:37.176+0000] {dag.py:3490} INFO - Setting next_dagrun for 7-branching to None, run_after=None
[2026-09-20T22:30:37.208+0000] {processor.py:178} INFO - Processing /opt/airflow/dags/7_branch_pythoon_operator.py took 0.269 seconds
[2026-09-20T22:31:07.963+0000] {processor.py:156} INFO - Started process (PID=1506) to work on /opt/airflow/dags/7_branch_pythoon_operator.py
[2026-09-20T22:31:07.966+0000] {processor.py:799} INFO - Processing file /opt/airflow/dags/7_branch_pythoon_operator.py for tasks to queue
[2026-09-20T22:31:07.967+0000] {logging_mixin.py:149} INFO - [2026-09-20T22:31:07.966+0000] {dagbag.py:541} INFO - Filling up the DagBag from /opt/airflow/dags/7_branch_pythoon_operator.py
[2026-09-20T22:31:07.988+0000] {processor.py:809} INFO - DAG(s) dict_keys(['7-branching']) retrieved from /opt/airflow/dags/7_branch_pythoon_operator.py
[2026-09-20T22:31:08.052+0000] {logging_mixin.py:149} INFO - [2026-09-20T22:31:08.052+0000] {dag.py:2726} INFO - Sync 1 DAGs
[2026-09-20T22:31:08.095+0000] {logging_mixin.py:149} INFO - [2026-09-20T22:31:08.095+0000] {dag.py:3490} INFO - Setting next_dagrun for 7-branching to None, run_after=None
[2026-09-20T22:31:08.132+0000] {processor.py:178} INFO - Processing /opt/airflow/dags/7_branch_pythoon_operator.py took 0.176 seconds
[2026-09-20T22:31:38.630+0000] {processor.py:156} INFO - Started process (PID=1515) to work on /opt/airflow/dags/7_branch_pythoon_operator.py
[2026-09-20T22:31:38.631+0000] {processor.py:799} INFO - Processing file /opt/airflow/dags/7_branch_pythoon_operator.py for tasks to queue
[2026-09-20T22:31:38.632+0000] {logging_mixin.py:149} INFO - [2026-09-20T22:31:38.632+0000] {dagbag.py:541} INFO - Filling up the DagBag from /opt/airflow/dags/7_branch_pythoon_operator.py
[2026-09-20T22:31:38.670+0000] {processor.py:809} INFO - DAG(s) dict_keys(['7-branching']) retrieved from /opt/airflow/dags/7_branch_pythoon_operator.py
[2026-09-20T22:31:38.749+0000] {logging_mixin.py:149} INFO - [2026-09-20T22:31:38.749+0000] {dag.py:2726} INFO - Sync 1 DAGs
[2026-09-20T22:31:38.796+0000] {logging_mixin.py:149} INFO - [2026-09-20T22:31:38.796+0000] {dag.py:3490} INFO - Setting next_dagrun for 7-branching to None, run_after=None
[2026-09-20T22:31:38.825+0000] {processor.py:178} INFO - Processing /opt/airflow/dags/7_branch_pythoon_operator.py took 0.205 seconds
[2026-09-20T22:32:09.534+0000] {processor.py:156} INFO - Started process (PID=1524) to work on /opt/airflow/dags/7_branch_pythoon_operator.py
[2026-09-20T22:32:09.541+0000] {processor.py:799} INFO - Processing file /opt/airflow/dags/7_branch_pythoon_operator.py for tasks to queue
[2026-09-20T22:32:09.543+0000] {logging_mixin.py:149} INFO - [2026-09-20T22:32:09.543+0000] {dagbag.py:541} INFO - Filling up the DagBag from /opt/airflow/dags/7_branch_pythoon_operator.py
[2026-09-20T22:32:09.567+0000] {processor.py:809} INFO - DAG(s) dict_keys(['7-branching']) retrieved from /opt/airflow/dags/7_branch_pythoon_operator.py
[2026-09-20T22:32:09.657+0000] {logging_mixin.py:149} INFO - [2026-09-20T22:32:09.656+0000] {dag.py:2726} INFO - Sync 1 DAGs
[2026-09-20T22:32:09.703+0000] {logging_mixin.py:149} INFO - [2026-09-20T22:32:09.703+0000] {dag.py:3490} INFO - Setting next_dagrun for 7-branching to None, run_after=None
[2026-09-20T22:32:09.746+0000] {processor.py:178} INFO - Processing /opt/airflow/dags/7_branch_pythoon_operator.py took 0.224 seconds
[2026-09-20T22:32:40.479+0000] {processor.py:156} INFO - Started process (PID=1533) to work on /opt/airflow/dags/7_branch_pythoon_operator.py
[2026-09-20T22:32:40.484+0000] {processor.py:799} INFO - Processing file /opt/airflow/dags/7_branch_pythoon_operator.py for tasks to queue
[2026-09-20T22:32:40.486+0000] {logging_mixin.py:149} INFO - [2026-09-20T22:32:40.485+0000] {dagbag.py:541} INFO - Filling up the DagBag from /opt/airflow/dags/7_branch_pythoon_operator.py
[2026-09-20T22:32:40.509+0000] {processor.py:809} INFO - DAG(s) dict_keys(['7-branching']) retrieved from /opt/airflow/dags/7_branch_pythoon_operator.py
[2026-09-20T22:32:40.610+0000] {logging_mixin.py:149} INFO - [2026-09-20T22:32:40.609+0000] {dag.py:2726} INFO - Sync 1 DAGs
[2026-09-20T22:32:40.719+0000] {logging_mixin.py:149} INFO - [2026-09-20T22:32:40.718+0000] {dag.py:3490} INFO - Setting next_dagrun for 7-branching to None, run_after=None
[2026-09-20T22:32:40.751+0000] {processor.py:178} INFO - Processing /opt/airflow/dags/7_branch_pythoon_operator.py took 0.279 seconds
[2026-09-20T22:33:11.322+0000] {processor.py:156} INFO - Started process (PID=1542) to work on /opt/airflow/dags/7_branch_pythoon_operator.py
[2026-09-20T22:33:11.324+0000] {processor.py:799} INFO - Processing file /opt/airflow/dags/7_branch_pythoon_operator.py for tasks to queue
[2026-09-20T22:33:11.326+0000] {logging_mixin.py:149} INFO - [2026-09-20T22:33:11.325+0000] {dagbag.py:541} INFO - Filling up the DagBag from /opt/airflow/dags/7_branch_pythoon_operator.py
[2026-09-20T22:33:11.350+0000] {processor.py:809} INFO - DAG(s) dict_keys(['7-branching']) retrieved from /opt/airflow/dags/7_branch_pythoon_operator.py
[2026-09-20T22:33:11.407+0000] {logging_mixin.py:149} INFO - [2026-09-20T22:33:11.407+0000] {dag.py:2726} INFO - Sync 1 DAGs
[2026-09-20T22:33:11.452+0000] {logging_mixin.py:149} INFO - [2026-09-20T22:33:11.452+0000] {dag.py:3490} INFO - Setting next_dagrun for 7-branching to None, run_after=None
[2026-09-20T22:33:11.491+0000] {processor.py:178} INFO - Processing /opt/airflow/dags/7_branch_pythoon_operator.py took 0.175 seconds
[2026-09-20T22:33:42.309+0000] {processor.py:156} INFO - Started process (PID=1551) to work on /opt/airflow/dags/7_branch_pythoon_operator.py
[2026-09-20T22:33:42.311+0000] {processor.py:799} INFO - Processing file /opt/airflow/dags/7_branch_pythoon_operator.py for tasks to queue
[2026-09-20T22:33:42.315+0000] {logging_mixin.py:149} INFO - [2026-09-20T22:33:42.314+0000] {dagbag.py:541} INFO - Filling up the DagBag from /opt/airflow/dags/7_branch_pythoon_operator.py
[2026-09-20T22:33:42.361+0000] {processor.py:809} INFO - DAG(s) dict_keys(['7-branching']) retrieved from /opt/airflow/dags/7_branch_pythoon_operator.py
[2026-09-20T22:33:42.430+0000] {logging_mixin.py:149} INFO - [2026-09-20T22:33:42.430+0000] {dag.py:2726} INFO - Sync 1 DAGs
[2026-09-20T22:33:42.485+0000] {logging_mixin.py:149} INFO - [2026-09-20T22:33:42.485+0000] {dag.py:3490} INFO - Setting next_dagrun for 7-branching to None, run_after=None
[2026-09-20T22:33:42.538+0000] {processor.py:178} INFO - Processing /opt/airflow/dags/7_branch_pythoon_operator.py took 0.235 seconds
[2026-09-20T22:34:13.251+0000] {processor.py:156} INFO - Started process (PID=1560) to work on /opt/airflow/dags/7_branch_pythoon_operator.py
[2026-09-20T22:34:13.255+0000] {processor.py:799} INFO - Processing file /opt/airflow/dags/7_branch_pythoon_operator.py for tasks to queue
[2026-09-20T22:34:13.258+0000] {logging_mixin.py:149} INFO - [2026-09-20T22:34:13.257+0000] {dagbag.py:541} INFO - Filling up the DagBag from /opt/airflow/dags/7_branch_pythoon_operator.py
[2026-09-20T22:34:13.282+0000] {processor.py:809} INFO - DAG(s) dict_keys(['7-branching']) retrieved from /opt/airflow/dags/7_branch_pythoon_operator.py
[2026-09-20T22:34:13.331+0000] {logging_mixin.py:149} INFO - [2026-09-20T22:34:13.330+0000] {dag.py:2726} INFO - Sync 1 DAGs
[2026-09-20T22:34:13.370+0000] {logging_mixin.py:149} INFO - [2026-09-20T22:34:13.370+0000] {dag.py:3490} INFO - Setting next_dagrun for 7-branching to None, run_after=None
[2026-09-20T22:34:13.417+0000] {processor.py:178} INFO - Processing /opt/airflow/dags/7_branch_pythoon_operator.py took 0.173 seconds
[2026-09-20T22:34:44.213+0000] {processor.py:156} INFO - Started process (PID=1569) to work on /opt/airflow/dags/7_branch_pythoon_operator.py
[2026-09-20T22:34:44.215+0000] {processor.py:799} INFO - Processing file /opt/airflow/dags/7_branch_pythoon_operator.py for tasks to queue
[2026-09-20T22:34:44.216+0000] {logging_mixin.py:149} INFO - [2026-09-20T22:34:44.216+0000] {dagbag.py:541} INFO - Filling up the DagBag from /opt/airflow/dags/7_branch_pythoon_operator.py
[2026-09-20T22:34:44.246+0000] {processor.py:809} INFO - DAG(s) dict_keys(['7-branching']) retrieved from /opt/airflow/dags/7_branch_pythoon_operator.py
[2026-09-20T22:34:44.312+0000] {logging_mixin.py:149} INFO - [2026-09-20T22:34:44.311+0000] {dag.py:2726} INFO - Sync 1 DAGs
[2026-09-20T22:34:44.353+0000] {logging_mixin.py:149} INFO - [2026-09-20T22:34:44.353+0000] {dag.py:3490} INFO - Setting next_dagrun for 7-branching to None, run_after=None
[2026-09-20T22:34:44.391+0000] {processor.py:178} INFO - Processing /opt/airflow/dags/7_branch_pythoon_operator.py took 0.187 seconds
[2026-09-20T22:35:15.078+0000] {processor.py:156} INFO - Started process (PID=1578) to work on /opt/airflow/dags/7_branch_pythoon_operator.py
[2026-09-20T22:35:15.083+0000] {processor.py:799} INFO - Processing file /opt/airflow/dags/7_branch_pythoon_operator.py for tasks to queue
[2026-09-20T22:35:15.085+0000] {logging_mixin.py:149} INFO - [2026-09-20T22:35:15.085+0000] {dagbag.py:541} INFO - Filling up the DagBag from /opt/airflow/dags/7_branch_pythoon_operator.py
[2026-09-20T22:35:15.109+0000] {processor.py:809} INFO - DAG(s) dict_keys(['7-branching']) retrieved from /opt/airflow/dags/7_branch_pythoon_operator.py
[2026-09-20T22:35:15.177+0000] {logging_mixin.py:149} INFO - [2026-09-20T22:35:15.177+0000] {dag.py:2726} INFO - Sync 1 DAGs
[2026-09-20T22:35:15.236+0000] {logging_mixin.py:149} INFO - [2026-09-20T22:35:15.236+0000] {dag.py:3490} INFO - Setting next_dagrun for 7-branching to None, run_after=None
[2026-09-20T22:35:15.293+0000] {processor.py:178} INFO - Processing /opt/airflow/dags/7_branch_pythoon_operator.py took 0.221 seconds
[2026-09-20T22:35:46.029+0000] {processor.py:156} INFO - Started process (PID=1587) to work on /opt/airflow/dags/7_branch_pythoon_operator.py
[2026-09-20T22:35:46.031+0000] {processor.py:799} INFO - Processing file /opt/airflow/dags/7_branch_pythoon_operator.py for tasks to queue
[2026-09-20T22:35:46.033+0000] {logging_mixin.py:149} INFO - [2026-09-20T22:35:46.033+0000] {dagbag.py:541} INFO - Filling up the DagBag from /opt/airflow/dags/7_branch_pythoon_operator.py
[2026-09-20T22:35:46.062+0000] {processor.py:809} INFO - DAG(s) dict_keys(['7-branching']) retrieved from /opt/airflow/dags/7_branch_pythoon_operator.py
[2026-09-20T22:35:46.112+0000] {logging_mixin.py:149} INFO - [2026-09-20T22:35:46.111+0000] {dag.py:2726} INFO - Sync 1 DAGs
[2026-09-20T22:35:46.162+0000] {logging_mixin.py:149} INFO - [2026-09-20T22:35:46.161+0000] {dag.py:3490} INFO - Setting next_dagrun for 7-branching to None, run_after=None
[2026-09-20T22:35:46.206+0000] {processor.py:178} INFO - Processing /opt/airflow/dags/7_branch_pythoon_operator.py took 0.185 seconds
[2026-09-20T22:36:16.918+0000] {processor.py:156} INFO - Started process (PID=1596) to work on /opt/airflow/dags/7_branch_pythoon_operator.py
[2026-09-20T22:36:16.921+0000] {processor.py:799} INFO - Processing file /opt/airflow/dags/7_branch_pythoon_operator.py for tasks to queue
[2026-09-20T22:36:16.922+0000] {logging_mixin.py:149} INFO - [2026-09-20T22:36:16.922+0000] {dagbag.py:541} INFO - Filling up the DagBag from /opt/airflow/dags/7_branch_pythoon_operator.py
[2026-09-20T22:36:16.945+0000] {processor.py:809} INFO - DAG(s) dict_keys(['7-branching']) retrieved from /opt/airflow/dags/7_branch_pythoon_operator.py
[2026-09-20T22:36:16.993+0000] {logging_mixin.py:149} INFO - [2026-09-20T22:36:16.993+0000] {dag.py:2726} INFO - Sync 1 DAGs
[2026-09-20T22:36:17.048+0000] {logging_mixin.py:149} INFO - [2026-09-20T22:36:17.047+0000] {dag.py:3490} INFO - Setting next_dagrun for 7-branching to None, run_after=None
[2026-09-20T22:36:17.101+0000] {processor.py:178} INFO - Processing /opt/airflow/dags/7_branch_pythoon_operator.py took 0.193 seconds
[2026-09-20T22:36:47.819+0000] {processor.py:156} INFO - Started process (PID=1605) to work on /opt/airflow/dags/7_branch_pythoon_operator.py
[2026-09-20T22:36:47.821+0000] {processor.py:799} INFO - Processing file /opt/airflow/dags/7_branch_pythoon_operator.py for tasks to queue
[2026-09-20T22:36:47.822+0000] {logging_mixin.py:149} INFO - [2026-09-20T22:36:47.822+0000] {dagbag.py:541} INFO - Filling up the DagBag from /opt/airflow/dags/7_branch_pythoon_operator.py
[2026-09-20T22:36:47.844+0000] {processor.py:809} INFO - DAG(s) dict_keys(['7-branching']) retrieved from /opt/airflow/dags/7_branch_pythoon_operator.py
[2026-09-20T22:36:47.895+0000] {logging_mixin.py:149} INFO - [2026-09-20T22:36:47.894+0000] {dag.py:2726} INFO - Sync 1 DAGs
[2026-09-20T22:36:47.935+0000] {logging_mixin.py:149} INFO - [2026-09-20T22:36:47.934+0000] {dag.py:3490} INFO - Setting next_dagrun for 7-branching to None, run_after=None
[2026-09-20T22:36:47.965+0000] {processor.py:178} INFO - Processing /opt/airflow/dags/7_branch_pythoon_operator.py took 0.153 seconds
[2026-09-20T22:37:18.680+0000] {processor.py:156} INFO - Started process (PID=1614) to work on /opt/airflow/dags/7_branch_pythoon_operator.py
[2026-09-20T22:37:18.683+0000] {processor.py:799} INFO - Processing file /opt/airflow/dags/7_branch_pythoon_operator.py for tasks to queue
[2026-09-20T22:37:18.684+0000] {logging_mixin.py:149} INFO - [2026-09-20T22:37:18.684+0000] {dagbag.py:541} INFO - Filling up the DagBag from /opt/airflow/dags/7_branch_pythoon_operator.py
[2026-09-20T22:37:18.708+0000] {processor.py:809} INFO - DAG(s) dict_keys(['7-branching']) retrieved from /opt/airflow/dags/7_branch_pythoon_operator.py
[2026-09-20T22:37:18.776+0000] {logging_mixin.py:149} INFO - [2026-09-20T22:37:18.776+0000] {dag.py:2726} INFO - Sync 1 DAGs
[2026-09-20T22:37:18.836+0000] {logging_mixin.py:149} INFO - [2026-09-20T22:37:18.836+0000] {dag.py:3490} INFO - Setting next_dagrun for 7-branching to None, run_after=None
[2026-09-20T22:37:18.883+0000] {processor.py:178} INFO - Processing /opt/airflow/dags/7_branch_pythoon_operator.py took 0.210 seconds
[2026-09-20T22:37:49.631+0000] {processor.py:156} INFO - Started process (PID=1623) to work on /opt/airflow/dags/7_branch_pythoon_operator.py
[2026-09-20T22:37:49.632+0000] {processor.py:799} INFO - Processing file /opt/airflow/dags/7_branch_pythoon_operator.py for tasks to queue
[2026-09-20T22:37:49.634+0000] {logging_mixin.py:149} INFO - [2026-09-20T22:37:49.633+0000] {dagbag.py:541} INFO - Filling up the DagBag from /opt/airflow/dags/7_branch_pythoon_operator.py
[2026-09-20T22:37:49.657+0000] {processor.py:809} INFO - DAG(s) dict_keys(['7-branching']) retrieved from /opt/airflow/dags/7_branch_pythoon_operator.py
[2026-09-20T22:37:49.708+0000] {logging_mixin.py:149} INFO - [2026-09-20T22:37:49.708+0000] {dag.py:2726} INFO - Sync 1 DAGs
[2026-09-20T22:37:49.748+0000] {logging_mixin.py:149} INFO - [2026-09-20T22:37:49.748+0000] {dag.py:3490} INFO - Setting next_dagrun for 7-branching to None, run_after=None
[2026-09-20T22:37:49.786+0000] {processor.py:178} INFO - Processing /opt/airflow/dags/7_branch_pythoon_operator.py took 0.162 seconds
[2026-09-20T22:38:19.938+0000] {processor.py:156} INFO - Started process (PID=1632) to work on /opt/airflow/dags/7_branch_pythoon_operator.py
[2026-09-20T22:38:19.942+0000] {processor.py:799} INFO - Processing file /opt/airflow/dags/7_branch_pythoon_operator.py for tasks to queue
[2026-09-20T22:38:19.943+0000] {logging_mixin.py:149} INFO - [2026-09-20T22:38:19.943+0000] {dagbag.py:541} INFO - Filling up the DagBag from /opt/airflow/dags/7_branch_pythoon_operator.py
[2026-09-20T22:38:19.972+0000] {processor.py:809} INFO - DAG(s) dict_keys(['7-branching']) retrieved from /opt/airflow/dags/7_branch_pythoon_operator.py
[2026-09-20T22:38:20.063+0000] {logging_mixin.py:149} INFO - [2026-09-20T22:38:20.062+0000] {dag.py:2726} INFO - Sync 1 DAGs
[2026-09-20T22:38:20.151+0000] {logging_mixin.py:149} INFO - [2026-09-20T22:38:20.151+0000] {dag.py:3490} INFO - Setting next_dagrun for 7-branching to None, run_after=None
[2026-09-20T22:38:20.196+0000] {processor.py:178} INFO - Processing /opt/airflow/dags/7_branch_pythoon_operator.py took 0.268 seconds
[2026-09-20T22:38:50.344+0000] {processor.py:156} INFO - Started process (PID=1641) to work on /opt/airflow/dags/7_branch_pythoon_operator.py
[2026-09-20T22:38:50.346+0000] {processor.py:799} INFO - Processing file /opt/airflow/dags/7_branch_pythoon_operator.py for tasks to queue
[2026-09-20T22:38:50.347+0000] {logging_mixin.py:149} INFO - [2026-09-20T22:38:50.347+0000] {dagbag.py:541} INFO - Filling up the DagBag from /opt/airflow/dags/7_branch_pythoon_operator.py
[2026-09-20T22:38:50.378+0000] {processor.py:809} INFO - DAG(s) dict_keys(['7-branching']) retrieved from /opt/airflow/dags/7_branch_pythoon_operator.py
[2026-09-20T22:38:50.448+0000] {logging_mixin.py:149} INFO - [2026-09-20T22:38:50.447+0000] {dag.py:2726} INFO - Sync 1 DAGs
[2026-09-20T22:38:50.504+0000] {logging_mixin.py:149} INFO - [2026-09-20T22:38:50.504+0000] {dag.py:3490} INFO - Setting next_dagrun for 7-branching to None, run_after=None
[2026-09-20T22:38:50.543+0000] {processor.py:178} INFO - Processing /opt/airflow/dags/7_branch_pythoon_operator.py took 0.210 seconds
[2026-09-20T22:39:21.316+0000] {processor.py:156} INFO - Started process (PID=1650) to work on /opt/airflow/dags/7_branch_pythoon_operator.py
[2026-09-20T22:39:21.319+0000] {processor.py:799} INFO - Processing file /opt/airflow/dags/7_branch_pythoon_operator.py for tasks to queue
[2026-09-20T22:39:21.321+0000] {logging_mixin.py:149} INFO - [2026-09-20T22:39:21.321+0000] {dagbag.py:541} INFO - Filling up the DagBag from /opt/airflow/dags/7_branch_pythoon_operator.py
[2026-09-20T22:39:21.408+0000] {processor.py:809} INFO - DAG(s) dict_keys(['7-branching']) retrieved from /opt/airflow/dags/7_branch_pythoon_operator.py
[2026-09-20T22:39:21.502+0000] {logging_mixin.py:149} INFO - [2026-09-20T22:39:21.501+0000] {dag.py:2726} INFO - Sync 1 DAGs
[2026-09-20T22:39:21.553+0000] {logging_mixin.py:149} INFO - [2026-09-20T22:39:21.553+0000] {dag.py:3490} INFO - Setting next_dagrun for 7-branching to None, run_after=None
[2026-09-20T22:39:21.575+0000] {processor.py:178} INFO - Processing /opt/airflow/dags/7_branch_pythoon_operator.py took 0.267 seconds
[2026-09-20T22:39:52.221+0000] {processor.py:156} INFO - Started process (PID=1663) to work on /opt/airflow/dags/7_branch_pythoon_operator.py
[2026-09-20T22:39:52.232+0000] {processor.py:799} INFO - Processing file /opt/airflow/dags/7_branch_pythoon_operator.py for tasks to queue
[2026-09-20T22:39:52.234+0000] {logging_mixin.py:149} INFO - [2026-09-20T22:39:52.234+0000] {dagbag.py:541} INFO - Filling up the DagBag from /opt/airflow/dags/7_branch_pythoon_operator.py
[2026-09-20T22:39:52.255+0000] {processor.py:809} INFO - DAG(s) dict_keys(['7-branching']) retrieved from /opt/airflow/dags/7_branch_pythoon_operator.py
[2026-09-20T22:39:52.327+0000] {logging_mixin.py:149} INFO - [2026-09-20T22:39:52.327+0000] {dag.py:2726} INFO - Sync 1 DAGs
[2026-09-20T22:39:52.370+0000] {logging_mixin.py:149} INFO - [2026-09-20T22:39:52.369+0000] {dag.py:3490} INFO - Setting next_dagrun for 7-branching to None, run_after=None
[2026-09-20T22:39:52.402+0000] {processor.py:178} INFO - Processing /opt/airflow/dags/7_branch_pythoon_operator.py took 0.187 seconds
[2026-09-20T22:40:23.092+0000] {processor.py:156} INFO - Started process (PID=1672) to work on /opt/airflow/dags/7_branch_pythoon_operator.py
[2026-09-20T22:40:23.096+0000] {processor.py:799} INFO - Processing file /opt/airflow/dags/7_branch_pythoon_operator.py for tasks to queue
[2026-09-20T22:40:23.097+0000] {logging_mixin.py:149} INFO - [2026-09-20T22:40:23.097+0000] {dagbag.py:541} INFO - Filling up the DagBag from /opt/airflow/dags/7_branch_pythoon_operator.py
[2026-09-20T22:40:23.135+0000] {processor.py:809} INFO - DAG(s) dict_keys(['7-branching']) retrieved from /opt/airflow/dags/7_branch_pythoon_operator.py
[2026-09-20T22:40:23.200+0000] {logging_mixin.py:149} INFO - [2026-09-20T22:40:23.200+0000] {dag.py:2726} INFO - Sync 1 DAGs
[2026-09-20T22:40:23.244+0000] {logging_mixin.py:149} INFO - [2026-09-20T22:40:23.244+0000] {dag.py:3490} INFO - Setting next_dagrun for 7-branching to None, run_after=None
[2026-09-20T22:40:23.285+0000] {processor.py:178} INFO - Processing /opt/airflow/dags/7_branch_pythoon_operator.py took 0.205 seconds
[2026-09-20T22:40:53.974+0000] {processor.py:156} INFO - Started process (PID=1681) to work on /opt/airflow/dags/7_branch_pythoon_operator.py
[2026-09-20T22:40:53.976+0000] {processor.py:799} INFO - Processing file /opt/airflow/dags/7_branch_pythoon_operator.py for tasks to queue
[2026-09-20T22:40:53.977+0000] {logging_mixin.py:149} INFO - [2026-09-20T22:40:53.977+0000] {dagbag.py:541} INFO - Filling up the DagBag from /opt/airflow/dags/7_branch_pythoon_operator.py
[2026-09-20T22:40:54.000+0000] {processor.py:809} INFO - DAG(s) dict_keys(['7-branching']) retrieved from /opt/airflow/dags/7_branch_pythoon_operator.py
[2026-09-20T22:40:54.051+0000] {logging_mixin.py:149} INFO - [2026-09-20T22:40:54.051+0000] {dag.py:2726} INFO - Sync 1 DAGs
[2026-09-20T22:40:54.090+0000] {logging_mixin.py:149} INFO - [2026-09-20T22:40:54.090+0000] {dag.py:3490} INFO - Setting next_dagrun for 7-branching to None, run_after=None
[2026-09-20T22:40:54.116+0000] {processor.py:178} INFO - Processing /opt/airflow/dags/7_branch_pythoon_operator.py took 0.151 seconds
[2026-09-20T22:41:24.776+0000] {processor.py:156} INFO - Started process (PID=1690) to work on /opt/airflow/dags/7_branch_pythoon_operator.py
[2026-09-20T22:41:24.778+0000] {processor.py:799} INFO - Processing file /opt/airflow/dags/7_branch_pythoon_operator.py for tasks to queue
[2026-09-20T22:41:24.779+0000] {logging_mixin.py:149} INFO - [2026-09-20T22:41:24.779+0000] {dagbag.py:541} INFO - Filling up the DagBag from /opt/airflow/dags/7_branch_pythoon_operator.py
[2026-09-20T22:41:24.799+0000] {processor.py:809} INFO - DAG(s) dict_keys(['7-branching']) retrieved from /opt/airflow/dags/7_branch_pythoon_operator.py
[2026-09-20T22:41:24.854+0000] {logging_mixin.py:149} INFO - [2026-09-20T22:41:24.854+0000] {dag.py:2726} INFO - Sync 1 DAGs
[2026-09-20T22:41:24.899+0000] {logging_mixin.py:149} INFO - [2026-09-20T22:41:24.899+0000] {dag.py:3490} INFO - Setting next_dagrun for 7-branching to None, run_after=None
[2026-09-20T22:41:24.939+0000] {processor.py:178} INFO - Processing /opt/airflow/dags/7_branch_pythoon_operator.py took 0.169 seconds
[2026-09-20T22:41:55.630+0000] {processor.py:156} INFO - Started process (PID=1699) to work on /opt/airflow/dags/7_branch_pythoon_operator.py
[2026-09-20T22:41:55.632+0000] {processor.py:799} INFO - Processing file /opt/airflow/dags/7_branch_pythoon_operator.py for tasks to queue
[2026-09-20T22:41:55.634+0000] {logging_mixin.py:149} INFO - [2026-09-20T22:41:55.633+0000] {dagbag.py:541} INFO - Filling up the DagBag from /opt/airflow/dags/7_branch_pythoon_operator.py
[2026-09-20T22:41:55.658+0000] {processor.py:809} INFO - DAG(s) dict_keys(['7-branching']) retrieved from /opt/airflow/dags/7_branch_pythoon_operator.py
[2026-09-20T22:41:55.707+0000] {logging_mixin.py:149} INFO - [2026-09-20T22:41:55.706+0000] {dag.py:2726} INFO - Sync 1 DAGs
[2026-09-20T22:41:55.760+0000] {logging_mixin.py:149} INFO - [2026-09-20T22:41:55.760+0000] {dag.py:3490} INFO - Setting next_dagrun for 7-branching to None, run_after=None
[2026-09-20T22:41:55.795+0000] {processor.py:178} INFO - Processing /opt/airflow/dags/7_branch_pythoon_operator.py took 0.171 seconds
[2026-09-20T22:42:26.513+0000] {processor.py:156} INFO - Started process (PID=1708) to work on /opt/airflow/dags/7_branch_pythoon_operator.py
[2026-09-20T22:42:26.516+0000] {processor.py:799} INFO - Processing file /opt/airflow/dags/7_branch_pythoon_operator.py for tasks to queue
[2026-09-20T22:42:26.517+0000] {logging_mixin.py:149} INFO - [2026-09-20T22:42:26.517+0000] {dagbag.py:541} INFO - Filling up the DagBag from /opt/airflow/dags/7_branch_pythoon_operator.py
[2026-09-20T22:42:26.542+0000] {processor.py:809} INFO - DAG(s) dict_keys(['7-branching']) retrieved from /opt/airflow/dags/7_branch_pythoon_operator.py
[2026-09-20T22:42:26.589+0000] {logging_mixin.py:149} INFO - [2026-09-20T22:42:26.589+0000] {dag.py:2726} INFO - Sync 1 DAGs
[2026-09-20T22:42:26.633+0000] {logging_mixin.py:149} INFO - [2026-09-20T22:42:26.633+0000] {dag.py:3490} INFO - Setting next_dagrun for 7-branching to None, run_after=None
[2026-09-20T22:42:26.665+0000] {processor.py:178} INFO - Processing /opt/airflow/dags/7_branch_pythoon_operator.py took 0.157 seconds
[2026-09-20T22:42:57.375+0000] {processor.py:156} INFO - Started process (PID=1717) to work on /opt/airflow/dags/7_branch_pythoon_operator.py
[2026-09-20T22:42:57.377+0000] {processor.py:799} INFO - Processing file /opt/airflow/dags/7_branch_pythoon_operator.py for tasks to queue
[2026-09-20T22:42:57.378+0000] {logging_mixin.py:149} INFO - [2026-09-20T22:42:57.378+0000] {dagbag.py:541} INFO - Filling up the DagBag from /opt/airflow/dags/7_branch_pythoon_operator.py
[2026-09-20T22:42:57.401+0000] {processor.py:809} INFO - DAG(s) dict_keys(['7-branching']) retrieved from /opt/airflow/dags/7_branch_pythoon_operator.py
[2026-09-20T22:42:57.447+0000] {logging_mixin.py:149} INFO - [2026-09-20T22:42:57.447+0000] {dag.py:2726} INFO - Sync 1 DAGs
[2026-09-20T22:42:57.519+0000] {logging_mixin.py:149} INFO - [2026-09-20T22:42:57.518+0000] {dag.py:3490} INFO - Setting next_dagrun for 7-branching to None, run_after=None
[2026-09-20T22:42:57.577+0000] {processor.py:178} INFO - Processing /opt/airflow/dags/7_branch_pythoon_operator.py took 0.208 seconds
[2026-09-20T22:43:28.299+0000] {processor.py:156} INFO - Started process (PID=1726) to work on /opt/airflow/dags/7_branch_pythoon_operator.py
[2026-09-20T22:43:28.301+0000] {processor.py:799} INFO - Processing file /opt/airflow/dags/7_branch_pythoon_operator.py for tasks to queue
[2026-09-20T22:43:28.302+0000] {logging_mixin.py:149} INFO - [2026-09-20T22:43:28.302+0000] {dagbag.py:541} INFO - Filling up the DagBag from /opt/airflow/dags/7_branch_pythoon_operator.py
[2026-09-20T22:43:28.331+0000] {processor.py:809} INFO - DAG(s) dict_keys(['7-branching']) retrieved from /opt/airflow/dags/7_branch_pythoon_operator.py
[2026-09-20T22:43:28.377+0000] {logging_mixin.py:149} INFO - [2026-09-20T22:43:28.377+0000] {dag.py:2726} INFO - Sync 1 DAGs
[2026-09-20T22:43:28.420+0000] {logging_mixin.py:149} INFO - [2026-09-20T22:43:28.420+0000] {dag.py:3490} INFO - Setting next_dagrun for 7-branching to None, run_after=None
[2026-09-20T22:43:28.456+0000] {processor.py:178} INFO - Processing /opt/airflow/dags/7_branch_pythoon_operator.py took 0.168 seconds
[2026-09-20T22:43:59.098+0000] {processor.py:156} INFO - Started process (PID=1735) to work on /opt/airflow/dags/7_branch_pythoon_operator.py
[2026-09-20T22:43:59.100+0000] {processor.py:799} INFO - Processing file /opt/airflow/dags/7_branch_pythoon_operator.py for tasks to queue
[2026-09-20T22:43:59.101+0000] {logging_mixin.py:149} INFO - [2026-09-20T22:43:59.101+0000] {dagbag.py:541} INFO - Filling up the DagBag from /opt/airflow/dags/7_branch_pythoon_operator.py
[2026-09-20T22:43:59.122+0000] {processor.py:809} INFO - DAG(s) dict_keys(['7-branching']) retrieved from /opt/airflow/dags/7_branch_pythoon_operator.py
[2026-09-20T22:43:59.169+0000] {logging_mixin.py:149} INFO - [2026-09-20T22:43:59.169+0000] {dag.py:2726} INFO - Sync 1 DAGs
[2026-09-20T22:43:59.208+0000] {logging_mixin.py:149} INFO - [2026-09-20T22:43:59.208+0000] {dag.py:3490} INFO - Setting next_dagrun for 7-branching to None, run_after=None
[2026-09-20T22:43:59.239+0000] {processor.py:178} INFO - Processing /opt/airflow/dags/7_branch_pythoon_operator.py took 0.148 seconds
[2026-09-20T22:44:29.925+0000] {processor.py:156} INFO - Started process (PID=1742) to work on /opt/airflow/dags/7_branch_pythoon_operator.py
[2026-09-20T22:44:29.926+0000] {processor.py:799} INFO - Processing file /opt/airflow/dags/7_branch_pythoon_operator.py for tasks to queue
[2026-09-20T22:44:29.927+0000] {logging_mixin.py:149} INFO - [2026-09-20T22:44:29.927+0000] {dagbag.py:541} INFO - Filling up the DagBag from /opt/airflow/dags/7_branch_pythoon_operator.py
[2026-09-20T22:44:29.962+0000] {processor.py:809} INFO - DAG(s) dict_keys(['7-branching']) retrieved from /opt/airflow/dags/7_branch_pythoon_operator.py
[2026-09-20T22:44:30.057+0000] {logging_mixin.py:149} INFO - [2026-09-20T22:44:30.056+0000] {dag.py:2726} INFO - Sync 1 DAGs
[2026-09-20T22:44:30.126+0000] {logging_mixin.py:149} INFO - [2026-09-20T22:44:30.126+0000] {dag.py:3490} INFO - Setting next_dagrun for 7-branching to None, run_after=None
[2026-09-20T22:44:30.160+0000] {processor.py:178} INFO - Processing /opt/airflow/dags/7_branch_pythoon_operator.py took 0.247 seconds
[2026-09-20T22:45:00.858+0000] {processor.py:156} INFO - Started process (PID=1751) to work on /opt/airflow/dags/7_branch_pythoon_operator.py
[2026-09-20T22:45:00.861+0000] {processor.py:799} INFO - Processing file /opt/airflow/dags/7_branch_pythoon_operator.py for tasks to queue
[2026-09-20T22:45:00.862+0000] {logging_mixin.py:149} INFO - [2026-09-20T22:45:00.862+0000] {dagbag.py:541} INFO - Filling up the DagBag from /opt/airflow/dags/7_branch_pythoon_operator.py
[2026-09-20T22:45:00.884+0000] {processor.py:809} INFO - DAG(s) dict_keys(['7-branching']) retrieved from /opt/airflow/dags/7_branch_pythoon_operator.py
[2026-09-20T22:45:00.934+0000] {logging_mixin.py:149} INFO - [2026-09-20T22:45:00.934+0000] {dag.py:2726} INFO - Sync 1 DAGs
[2026-09-20T22:45:00.974+0000] {logging_mixin.py:149} INFO - [2026-09-20T22:45:00.974+0000] {dag.py:3490} INFO - Setting next_dagrun for 7-branching to None, run_after=None
[2026-09-20T22:45:01.003+0000] {processor.py:178} INFO - Processing /opt/airflow/dags/7_branch_pythoon_operator.py took 0.150 seconds
[2026-09-20T22:45:31.558+0000] {processor.py:156} INFO - Started process (PID=1760) to work on /opt/airflow/dags/7_branch_pythoon_operator.py
[2026-09-20T22:45:31.560+0000] {processor.py:799} INFO - Processing file /opt/airflow/dags/7_branch_pythoon_operator.py for tasks to queue
[2026-09-20T22:45:31.562+0000] {logging_mixin.py:149} INFO - [2026-09-20T22:45:31.562+0000] {dagbag.py:541} INFO - Filling up the DagBag from /opt/airflow/dags/7_branch_pythoon_operator.py
[2026-09-20T22:45:31.584+0000] {processor.py:809} INFO - DAG(s) dict_keys(['7-branching']) retrieved from /opt/airflow/dags/7_branch_pythoon_operator.py
[2026-09-20T22:45:31.634+0000] {logging_mixin.py:149} INFO - [2026-09-20T22:45:31.634+0000] {dag.py:2726} INFO - Sync 1 DAGs
[2026-09-20T22:45:31.680+0000] {logging_mixin.py:149} INFO - [2026-09-20T22:45:31.679+0000] {dag.py:3490} INFO - Setting next_dagrun for 7-branching to None, run_after=None
[2026-09-20T22:45:31.718+0000] {processor.py:178} INFO - Processing /opt/airflow/dags/7_branch_pythoon_operator.py took 0.166 seconds
[2026-09-20T22:46:02.371+0000] {processor.py:156} INFO - Started process (PID=1769) to work on /opt/airflow/dags/7_branch_pythoon_operator.py
[2026-09-20T22:46:02.373+0000] {processor.py:799} INFO - Processing file /opt/airflow/dags/7_branch_pythoon_operator.py for tasks to queue
[2026-09-20T22:46:02.374+0000] {logging_mixin.py:149} INFO - [2026-09-20T22:46:02.374+0000] {dagbag.py:541} INFO - Filling up the DagBag from /opt/airflow/dags/7_branch_pythoon_operator.py
[2026-09-20T22:46:02.396+0000] {processor.py:809} INFO - DAG(s) dict_keys(['7-branching']) retrieved from /opt/airflow/dags/7_branch_pythoon_operator.py
[2026-09-20T22:46:02.451+0000] {logging_mixin.py:149} INFO - [2026-09-20T22:46:02.451+0000] {dag.py:2726} INFO - Sync 1 DAGs
[2026-09-20T22:46:02.499+0000] {logging_mixin.py:149} INFO - [2026-09-20T22:46:02.498+0000] {dag.py:3490} INFO - Setting next_dagrun for 7-branching to None, run_after=None
[2026-09-20T22:46:02.534+0000] {processor.py:178} INFO - Processing /opt/airflow/dags/7_branch_pythoon_operator.py took 0.168 seconds
[2026-09-20T22:46:33.180+0000] {processor.py:156} INFO - Started process (PID=1778) to work on /opt/airflow/dags/7_branch_pythoon_operator.py
[2026-09-20T22:46:33.183+0000] {processor.py:799} INFO - Processing file /opt/airflow/dags/7_branch_pythoon_operator.py for tasks to queue
[2026-09-20T22:46:33.184+0000] {logging_mixin.py:149} INFO - [2026-09-20T22:46:33.184+0000] {dagbag.py:541} INFO - Filling up the DagBag from /opt/airflow/dags/7_branch_pythoon_operator.py
[2026-09-20T22:46:33.212+0000] {processor.py:809} INFO - DAG(s) dict_keys(['7-branching']) retrieved from /opt/airflow/dags/7_branch_pythoon_operator.py
[2026-09-20T22:46:33.274+0000] {logging_mixin.py:149} INFO - [2026-09-20T22:46:33.274+0000] {dag.py:2726} INFO - Sync 1 DAGs
[2026-09-20T22:46:33.319+0000] {logging_mixin.py:149} INFO - [2026-09-20T22:46:33.319+0000] {dag.py:3490} INFO - Setting next_dagrun for 7-branching to None, run_after=None
[2026-09-20T22:46:33.359+0000] {processor.py:178} INFO - Processing /opt/airflow/dags/7_branch_pythoon_operator.py took 0.185 seconds
[2026-09-20T22:47:04.126+0000] {processor.py:156} INFO - Started process (PID=1787) to work on /opt/airflow/dags/7_branch_pythoon_operator.py
[2026-09-20T22:47:04.128+0000] {processor.py:799} INFO - Processing file /opt/airflow/dags/7_branch_pythoon_operator.py for tasks to queue
[2026-09-20T22:47:04.129+0000] {logging_mixin.py:149} INFO - [2026-09-20T22:47:04.129+0000] {dagbag.py:541} INFO - Filling up the DagBag from /opt/airflow/dags/7_branch_pythoon_operator.py
[2026-09-20T22:47:04.150+0000] {processor.py:809} INFO - DAG(s) dict_keys(['7-branching']) retrieved from /opt/airflow/dags/7_branch_pythoon_operator.py
[2026-09-20T22:47:04.198+0000] {logging_mixin.py:149} INFO - [2026-09-20T22:47:04.198+0000] {dag.py:2726} INFO - Sync 1 DAGs
[2026-09-20T22:47:04.238+0000] {logging_mixin.py:149} INFO - [2026-09-20T22:47:04.237+0000] {dag.py:3490} INFO - Setting next_dagrun for 7-branching to None, run_after=None
[2026-09-20T22:47:04.275+0000] {processor.py:178} INFO - Processing /opt/airflow/dags/7_branch_pythoon_operator.py took 0.155 seconds
[2026-09-20T22:47:34.890+0000] {processor.py:156} INFO - Started process (PID=1796) to work on /opt/airflow/dags/7_branch_pythoon_operator.py
[2026-09-20T22:47:34.895+0000] {processor.py:799} INFO - Processing file /opt/airflow/dags/7_branch_pythoon_operator.py for tasks to queue
[2026-09-20T22:47:34.896+0000] {logging_mixin.py:149} INFO - [2026-09-20T22:47:34.896+0000] {dagbag.py:541} INFO - Filling up the DagBag from /opt/airflow/dags/7_branch_pythoon_operator.py
[2026-09-20T22:47:34.947+0000] {processor.py:809} INFO - DAG(s) dict_keys(['7-branching']) retrieved from /opt/airflow/dags/7_branch_pythoon_operator.py
[2026-09-20T22:47:35.023+0000] {logging_mixin.py:149} INFO - [2026-09-20T22:47:35.022+0000] {dag.py:2726} INFO - Sync 1 DAGs
[2026-09-20T22:47:35.136+0000] {logging_mixin.py:149} INFO - [2026-09-20T22:47:35.136+0000] {dag.py:3490} INFO - Setting next_dagrun for 7-branching to None, run_after=None
[2026-09-20T22:47:35.192+0000] {processor.py:178} INFO - Processing /opt/airflow/dags/7_branch_pythoon_operator.py took 0.308 seconds
[2026-09-20T22:48:05.835+0000] {processor.py:156} INFO - Started process (PID=1807) to work on /opt/airflow/dags/7_branch_pythoon_operator.py
[2026-09-20T22:48:05.855+0000] {processor.py:799} INFO - Processing file /opt/airflow/dags/7_branch_pythoon_operator.py for tasks to queue
[2026-09-20T22:48:05.857+0000] {logging_mixin.py:149} INFO - [2026-09-20T22:48:05.857+0000] {dagbag.py:541} INFO - Filling up the DagBag from /opt/airflow/dags/7_branch_pythoon_operator.py
[2026-09-20T22:48:05.912+0000] {processor.py:809} INFO - DAG(s) dict_keys(['7-branching']) retrieved from /opt/airflow/dags/7_branch_pythoon_operator.py
[2026-09-20T22:48:06.014+0000] {logging_mixin.py:149} INFO - [2026-09-20T22:48:06.013+0000] {dag.py:2726} INFO - Sync 1 DAGs
[2026-09-20T22:48:06.100+0000] {logging_mixin.py:149} INFO - [2026-09-20T22:48:06.100+0000] {dag.py:3490} INFO - Setting next_dagrun for 7-branching to None, run_after=None
[2026-09-20T22:48:06.180+0000] {processor.py:178} INFO - Processing /opt/airflow/dags/7_branch_pythoon_operator.py took 0.351 seconds
[2026-09-20T22:48:36.320+0000] {processor.py:156} INFO - Started process (PID=1817) to work on /opt/airflow/dags/7_branch_pythoon_operator.py
[2026-09-20T22:48:36.324+0000] {processor.py:799} INFO - Processing file /opt/airflow/dags/7_branch_pythoon_operator.py for tasks to queue
[2026-09-20T22:48:36.326+0000] {logging_mixin.py:149} INFO - [2026-09-20T22:48:36.326+0000] {dagbag.py:541} INFO - Filling up the DagBag from /opt/airflow/dags/7_branch_pythoon_operator.py
[2026-09-20T22:48:36.376+0000] {processor.py:809} INFO - DAG(s) dict_keys(['7-branching']) retrieved from /opt/airflow/dags/7_branch_pythoon_operator.py
[2026-09-20T22:48:36.473+0000] {logging_mixin.py:149} INFO - [2026-09-20T22:48:36.473+0000] {dag.py:2726} INFO - Sync 1 DAGs
[2026-09-20T22:48:36.569+0000] {logging_mixin.py:149} INFO - [2026-09-20T22:48:36.569+0000] {dag.py:3490} INFO - Setting next_dagrun for 7-branching to None, run_after=None
[2026-09-20T22:48:36.601+0000] {processor.py:178} INFO - Processing /opt/airflow/dags/7_branch_pythoon_operator.py took 0.294 seconds
[2026-09-20T22:49:07.461+0000] {processor.py:156} INFO - Started process (PID=1827) to work on /opt/airflow/dags/7_branch_pythoon_operator.py
[2026-09-20T22:49:07.469+0000] {processor.py:799} INFO - Processing file /opt/airflow/dags/7_branch_pythoon_operator.py for tasks to queue
[2026-09-20T22:49:07.470+0000] {logging_mixin.py:149} INFO - [2026-09-20T22:49:07.470+0000] {dagbag.py:541} INFO - Filling up the DagBag from /opt/airflow/dags/7_branch_pythoon_operator.py
[2026-09-20T22:49:07.507+0000] {processor.py:809} INFO - DAG(s) dict_keys(['7-branching']) retrieved from /opt/airflow/dags/7_branch_pythoon_operator.py
[2026-09-20T22:49:07.558+0000] {logging_mixin.py:149} INFO - [2026-09-20T22:49:07.558+0000] {dag.py:2726} INFO - Sync 1 DAGs
[2026-09-20T22:49:07.599+0000] {logging_mixin.py:149} INFO - [2026-09-20T22:49:07.599+0000] {dag.py:3490} INFO - Setting next_dagrun for 7-branching to None, run_after=None
[2026-09-20T22:49:07.627+0000] {processor.py:178} INFO - Processing /opt/airflow/dags/7_branch_pythoon_operator.py took 0.177 seconds
[2026-09-20T22:49:37.920+0000] {processor.py:156} INFO - Started process (PID=1840) to work on /opt/airflow/dags/7_branch_pythoon_operator.py
[2026-09-20T22:49:37.922+0000] {processor.py:799} INFO - Processing file /opt/airflow/dags/7_branch_pythoon_operator.py for tasks to queue
[2026-09-20T22:49:37.923+0000] {logging_mixin.py:149} INFO - [2026-09-20T22:49:37.923+0000] {dagbag.py:541} INFO - Filling up the DagBag from /opt/airflow/dags/7_branch_pythoon_operator.py
[2026-09-20T22:49:37.944+0000] {processor.py:809} INFO - DAG(s) dict_keys(['7-branching']) retrieved from /opt/airflow/dags/7_branch_pythoon_operator.py
[2026-09-20T22:49:38.012+0000] {logging_mixin.py:149} INFO - [2026-09-20T22:49:38.011+0000] {dag.py:2726} INFO - Sync 1 DAGs
[2026-09-20T22:49:38.091+0000] {logging_mixin.py:149} INFO - [2026-09-20T22:49:38.091+0000] {dag.py:3490} INFO - Setting next_dagrun for 7-branching to None, run_after=None
[2026-09-20T22:49:38.141+0000] {processor.py:178} INFO - Processing /opt/airflow/dags/7_branch_pythoon_operator.py took 0.227 seconds
[2026-09-20T22:50:08.964+0000] {processor.py:156} INFO - Started process (PID=1850) to work on /opt/airflow/dags/7_branch_pythoon_operator.py
[2026-09-20T22:50:08.966+0000] {processor.py:799} INFO - Processing file /opt/airflow/dags/7_branch_pythoon_operator.py for tasks to queue
[2026-09-20T22:50:08.968+0000] {logging_mixin.py:149} INFO - [2026-09-20T22:50:08.967+0000] {dagbag.py:541} INFO - Filling up the DagBag from /opt/airflow/dags/7_branch_pythoon_operator.py
[2026-09-20T22:50:09.014+0000] {processor.py:809} INFO - DAG(s) dict_keys(['7-branching']) retrieved from /opt/airflow/dags/7_branch_pythoon_operator.py
[2026-09-20T22:50:09.103+0000] {logging_mixin.py:149} INFO - [2026-09-20T22:50:09.103+0000] {dag.py:2726} INFO - Sync 1 DAGs
[2026-09-20T22:50:09.135+0000] {logging_mixin.py:149} INFO - [2026-09-20T22:50:09.135+0000] {dag.py:3490} INFO - Setting next_dagrun for 7-branching to None, run_after=None
[2026-09-20T22:50:09.158+0000] {processor.py:178} INFO - Processing /opt/airflow/dags/7_branch_pythoon_operator.py took 0.204 seconds
[2026-09-20T22:50:39.892+0000] {processor.py:156} INFO - Started process (PID=1863) to work on /opt/airflow/dags/7_branch_pythoon_operator.py
[2026-09-20T22:50:39.897+0000] {processor.py:799} INFO - Processing file /opt/airflow/dags/7_branch_pythoon_operator.py for tasks to queue
[2026-09-20T22:50:39.898+0000] {logging_mixin.py:149} INFO - [2026-09-20T22:50:39.898+0000] {dagbag.py:541} INFO - Filling up the DagBag from /opt/airflow/dags/7_branch_pythoon_operator.py
[2026-09-20T22:50:39.934+0000] {processor.py:809} INFO - DAG(s) dict_keys(['7-branching']) retrieved from /opt/airflow/dags/7_branch_pythoon_operator.py
[2026-09-20T22:50:40.001+0000] {logging_mixin.py:149} INFO - [2026-09-20T22:50:40.000+0000] {dag.py:2726} INFO - Sync 1 DAGs
[2026-09-20T22:50:40.046+0000] {logging_mixin.py:149} INFO - [2026-09-20T22:50:40.046+0000] {dag.py:3490} INFO - Setting next_dagrun for 7-branching to None, run_after=None
[2026-09-20T22:50:40.078+0000] {processor.py:178} INFO - Processing /opt/airflow/dags/7_branch_pythoon_operator.py took 0.194 seconds
[2026-09-20T22:51:10.914+0000] {processor.py:156} INFO - Started process (PID=1873) to work on /opt/airflow/dags/7_branch_pythoon_operator.py
[2026-09-20T22:51:10.921+0000] {processor.py:799} INFO - Processing file /opt/airflow/dags/7_branch_pythoon_operator.py for tasks to queue
[2026-09-20T22:51:10.923+0000] {logging_mixin.py:149} INFO - [2026-09-20T22:51:10.923+0000] {dagbag.py:541} INFO - Filling up the DagBag from /opt/airflow/dags/7_branch_pythoon_operator.py
[2026-09-20T22:51:10.990+0000] {processor.py:809} INFO - DAG(s) dict_keys(['7-branching']) retrieved from /opt/airflow/dags/7_branch_pythoon_operator.py
[2026-09-20T22:51:11.077+0000] {logging_mixin.py:149} INFO - [2026-09-20T22:51:11.077+0000] {dag.py:2726} INFO - Sync 1 DAGs
[2026-09-20T22:51:11.145+0000] {logging_mixin.py:149} INFO - [2026-09-20T22:51:11.145+0000] {dag.py:3490} INFO - Setting next_dagrun for 7-branching to None, run_after=None
[2026-09-20T22:51:11.178+0000] {processor.py:178} INFO - Processing /opt/airflow/dags/7_branch_pythoon_operator.py took 0.281 seconds
[2026-09-20T22:51:41.831+0000] {processor.py:156} INFO - Started process (PID=1883) to work on /opt/airflow/dags/7_branch_pythoon_operator.py
[2026-09-20T22:51:41.834+0000] {processor.py:799} INFO - Processing file /opt/airflow/dags/7_branch_pythoon_operator.py for tasks to queue
[2026-09-20T22:51:41.835+0000] {logging_mixin.py:149} INFO - [2026-09-20T22:51:41.835+0000] {dagbag.py:541} INFO - Filling up the DagBag from /opt/airflow/dags/7_branch_pythoon_operator.py
[2026-09-20T22:51:41.859+0000] {processor.py:809} INFO - DAG(s) dict_keys(['7-branching']) retrieved from /opt/airflow/dags/7_branch_pythoon_operator.py
[2026-09-20T22:51:41.916+0000] {logging_mixin.py:149} INFO - [2026-09-20T22:51:41.916+0000] {dag.py:2726} INFO - Sync 1 DAGs
[2026-09-20T22:51:41.962+0000] {logging_mixin.py:149} INFO - [2026-09-20T22:51:41.962+0000] {dag.py:3490} INFO - Setting next_dagrun for 7-branching to None, run_after=None
[2026-09-20T22:51:41.992+0000] {processor.py:178} INFO - Processing /opt/airflow/dags/7_branch_pythoon_operator.py took 0.168 seconds
[2026-09-20T22:52:12.857+0000] {processor.py:156} INFO - Started process (PID=1897) to work on /opt/airflow/dags/7_branch_pythoon_operator.py
[2026-09-20T22:52:12.860+0000] {processor.py:799} INFO - Processing file /opt/airflow/dags/7_branch_pythoon_operator.py for tasks to queue
[2026-09-20T22:52:12.861+0000] {logging_mixin.py:149} INFO - [2026-09-20T22:52:12.861+0000] {dagbag.py:541} INFO - Filling up the DagBag from /opt/airflow/dags/7_branch_pythoon_operator.py
[2026-09-20T22:52:12.885+0000] {processor.py:809} INFO - DAG(s) dict_keys(['7-branching']) retrieved from /opt/airflow/dags/7_branch_pythoon_operator.py
[2026-09-20T22:52:12.944+0000] {logging_mixin.py:149} INFO - [2026-09-20T22:52:12.941+0000] {dag.py:2726} INFO - Sync 1 DAGs
[2026-09-20T22:52:13.009+0000] {logging_mixin.py:149} INFO - [2026-09-20T22:52:13.009+0000] {dag.py:3490} INFO - Setting next_dagrun for 7-branching to None, run_after=None
[2026-09-20T22:52:13.051+0000] {processor.py:178} INFO - Processing /opt/airflow/dags/7_branch_pythoon_operator.py took 0.203 seconds
[2026-09-20T22:52:43.270+0000] {processor.py:156} INFO - Started process (PID=1907) to work on /opt/airflow/dags/7_branch_pythoon_operator.py
[2026-09-20T22:52:43.272+0000] {processor.py:799} INFO - Processing file /opt/airflow/dags/7_branch_pythoon_operator.py for tasks to queue
[2026-09-20T22:52:43.275+0000] {logging_mixin.py:149} INFO - [2026-09-20T22:52:43.275+0000] {dagbag.py:541} INFO - Filling up the DagBag from /opt/airflow/dags/7_branch_pythoon_operator.py
[2026-09-20T22:52:43.294+0000] {processor.py:809} INFO - DAG(s) dict_keys(['7-branching']) retrieved from /opt/airflow/dags/7_branch_pythoon_operator.py
[2026-09-20T22:52:43.344+0000] {logging_mixin.py:149} INFO - [2026-09-20T22:52:43.344+0000] {dag.py:2726} INFO - Sync 1 DAGs
[2026-09-20T22:52:43.382+0000] {logging_mixin.py:149} INFO - [2026-09-20T22:52:43.381+0000] {dag.py:3490} INFO - Setting next_dagrun for 7-branching to None, run_after=None
[2026-09-20T22:52:43.409+0000] {processor.py:178} INFO - Processing /opt/airflow/dags/7_branch_pythoon_operator.py took 0.145 seconds
[2026-09-20T22:53:13.483+0000] {processor.py:156} INFO - Started process (PID=1915) to work on /opt/airflow/dags/7_branch_pythoon_operator.py
[2026-09-20T22:53:13.486+0000] {processor.py:799} INFO - Processing file /opt/airflow/dags/7_branch_pythoon_operator.py for tasks to queue
[2026-09-20T22:53:13.487+0000] {logging_mixin.py:149} INFO - [2026-09-20T22:53:13.487+0000] {dagbag.py:541} INFO - Filling up the DagBag from /opt/airflow/dags/7_branch_pythoon_operator.py
[2026-09-20T22:53:13.511+0000] {processor.py:809} INFO - DAG(s) dict_keys(['7-branching']) retrieved from /opt/airflow/dags/7_branch_pythoon_operator.py
[2026-09-20T22:53:13.570+0000] {logging_mixin.py:149} INFO - [2026-09-20T22:53:13.570+0000] {dag.py:2726} INFO - Sync 1 DAGs
[2026-09-20T22:53:13.608+0000] {logging_mixin.py:149} INFO - [2026-09-20T22:53:13.607+0000] {dag.py:3490} INFO - Setting next_dagrun for 7-branching to None, run_after=None
[2026-09-20T22:53:13.635+0000] {processor.py:178} INFO - Processing /opt/airflow/dags/7_branch_pythoon_operator.py took 0.159 seconds
[2026-09-20T22:53:44.301+0000] {processor.py:156} INFO - Started process (PID=1925) to work on /opt/airflow/dags/7_branch_pythoon_operator.py
[2026-09-20T22:53:44.304+0000] {processor.py:799} INFO - Processing file /opt/airflow/dags/7_branch_pythoon_operator.py for tasks to queue
[2026-09-20T22:53:44.307+0000] {logging_mixin.py:149} INFO - [2026-09-20T22:53:44.307+0000] {dagbag.py:541} INFO - Filling up the DagBag from /opt/airflow/dags/7_branch_pythoon_operator.py
[2026-09-20T22:53:44.346+0000] {processor.py:809} INFO - DAG(s) dict_keys(['7-branching']) retrieved from /opt/airflow/dags/7_branch_pythoon_operator.py
[2026-09-20T22:53:44.412+0000] {logging_mixin.py:149} INFO - [2026-09-20T22:53:44.410+0000] {dag.py:2726} INFO - Sync 1 DAGs
[2026-09-20T22:53:44.466+0000] {logging_mixin.py:149} INFO - [2026-09-20T22:53:44.465+0000] {dag.py:3490} INFO - Setting next_dagrun for 7-branching to None, run_after=None
[2026-09-20T22:53:44.505+0000] {processor.py:178} INFO - Processing /opt/airflow/dags/7_branch_pythoon_operator.py took 0.217 seconds
[2026-09-20T22:54:15.097+0000] {processor.py:156} INFO - Started process (PID=1935) to work on /opt/airflow/dags/7_branch_pythoon_operator.py
[2026-09-20T22:54:15.100+0000] {processor.py:799} INFO - Processing file /opt/airflow/dags/7_branch_pythoon_operator.py for tasks to queue
[2026-09-20T22:54:15.101+0000] {logging_mixin.py:149} INFO - [2026-09-20T22:54:15.101+0000] {dagbag.py:541} INFO - Filling up the DagBag from /opt/airflow/dags/7_branch_pythoon_operator.py
[2026-09-20T22:54:15.133+0000] {processor.py:809} INFO - DAG(s) dict_keys(['7-branching']) retrieved from /opt/airflow/dags/7_branch_pythoon_operator.py
[2026-09-20T22:54:15.182+0000] {logging_mixin.py:149} INFO - [2026-09-20T22:54:15.181+0000] {dag.py:2726} INFO - Sync 1 DAGs
[2026-09-20T22:54:15.254+0000] {logging_mixin.py:149} INFO - [2026-09-20T22:54:15.254+0000] {dag.py:3490} INFO - Setting next_dagrun for 7-branching to None, run_after=None
[2026-09-20T22:54:15.325+0000] {processor.py:178} INFO - Processing /opt/airflow/dags/7_branch_pythoon_operator.py took 0.241 seconds
[2026-09-20T22:54:46.195+0000] {processor.py:156} INFO - Started process (PID=1945) to work on /opt/airflow/dags/7_branch_pythoon_operator.py
[2026-09-20T22:54:46.197+0000] {processor.py:799} INFO - Processing file /opt/airflow/dags/7_branch_pythoon_operator.py for tasks to queue
[2026-09-20T22:54:46.198+0000] {logging_mixin.py:149} INFO - [2026-09-20T22:54:46.198+0000] {dagbag.py:541} INFO - Filling up the DagBag from /opt/airflow/dags/7_branch_pythoon_operator.py
[2026-09-20T22:54:46.219+0000] {processor.py:809} INFO - DAG(s) dict_keys(['7-branching']) retrieved from /opt/airflow/dags/7_branch_pythoon_operator.py
[2026-09-20T22:54:46.299+0000] {logging_mixin.py:149} INFO - [2026-09-20T22:54:46.299+0000] {dag.py:2726} INFO - Sync 1 DAGs
[2026-09-20T22:54:46.383+0000] {logging_mixin.py:149} INFO - [2026-09-20T22:54:46.383+0000] {dag.py:3490} INFO - Setting next_dagrun for 7-branching to None, run_after=None
[2026-09-20T22:54:46.416+0000] {processor.py:178} INFO - Processing /opt/airflow/dags/7_branch_pythoon_operator.py took 0.226 seconds
[2026-09-20T22:55:16.563+0000] {processor.py:156} INFO - Started process (PID=1955) to work on /opt/airflow/dags/7_branch_pythoon_operator.py
[2026-09-20T22:55:16.566+0000] {processor.py:799} INFO - Processing file /opt/airflow/dags/7_branch_pythoon_operator.py for tasks to queue
[2026-09-20T22:55:16.568+0000] {logging_mixin.py:149} INFO - [2026-09-20T22:55:16.568+0000] {dagbag.py:541} INFO - Filling up the DagBag from /opt/airflow/dags/7_branch_pythoon_operator.py
[2026-09-20T22:55:16.601+0000] {processor.py:809} INFO - DAG(s) dict_keys(['7-branching']) retrieved from /opt/airflow/dags/7_branch_pythoon_operator.py
[2026-09-20T22:55:16.656+0000] {logging_mixin.py:149} INFO - [2026-09-20T22:55:16.655+0000] {dag.py:2726} INFO - Sync 1 DAGs
[2026-09-20T22:55:16.698+0000] {logging_mixin.py:149} INFO - [2026-09-20T22:55:16.697+0000] {dag.py:3490} INFO - Setting next_dagrun for 7-branching to None, run_after=None
[2026-09-20T22:55:16.730+0000] {processor.py:178} INFO - Processing /opt/airflow/dags/7_branch_pythoon_operator.py took 0.180 seconds
[2026-09-20T22:55:47.593+0000] {processor.py:156} INFO - Started process (PID=1965) to work on /opt/airflow/dags/7_branch_pythoon_operator.py
[2026-09-20T22:55:47.596+0000] {processor.py:799} INFO - Processing file /opt/airflow/dags/7_branch_pythoon_operator.py for tasks to queue
[2026-09-20T22:55:47.597+0000] {logging_mixin.py:149} INFO - [2026-09-20T22:55:47.596+0000] {dagbag.py:541} INFO - Filling up the DagBag from /opt/airflow/dags/7_branch_pythoon_operator.py
[2026-09-20T22:55:47.618+0000] {processor.py:809} INFO - DAG(s) dict_keys(['7-branching']) retrieved from /opt/airflow/dags/7_branch_pythoon_operator.py
[2026-09-20T22:55:47.678+0000] {logging_mixin.py:149} INFO - [2026-09-20T22:55:47.677+0000] {dag.py:2726} INFO - Sync 1 DAGs
[2026-09-20T22:55:47.725+0000] {logging_mixin.py:149} INFO - [2026-09-20T22:55:47.725+0000] {dag.py:3490} INFO - Setting next_dagrun for 7-branching to None, run_after=None
[2026-09-20T22:55:47.759+0000] {processor.py:178} INFO - Processing /opt/airflow/dags/7_branch_pythoon_operator.py took 0.174 seconds
[2026-09-20T22:56:18.676+0000] {processor.py:156} INFO - Started process (PID=1975) to work on /opt/airflow/dags/7_branch_pythoon_operator.py
[2026-09-20T22:56:18.680+0000] {processor.py:799} INFO - Processing file /opt/airflow/dags/7_branch_pythoon_operator.py for tasks to queue
[2026-09-20T22:56:18.682+0000] {logging_mixin.py:149} INFO - [2026-09-20T22:56:18.681+0000] {dagbag.py:541} INFO - Filling up the DagBag from /opt/airflow/dags/7_branch_pythoon_operator.py
[2026-09-20T22:56:18.734+0000] {processor.py:809} INFO - DAG(s) dict_keys(['7-branching']) retrieved from /opt/airflow/dags/7_branch_pythoon_operator.py
[2026-09-20T22:56:18.803+0000] {logging_mixin.py:149} INFO - [2026-09-20T22:56:18.800+0000] {dag.py:2726} INFO - Sync 1 DAGs
[2026-09-20T22:56:18.866+0000] {logging_mixin.py:149} INFO - [2026-09-20T22:56:18.866+0000] {dag.py:3490} INFO - Setting next_dagrun for 7-branching to None, run_after=None
[2026-09-20T22:56:18.901+0000] {processor.py:178} INFO - Processing /opt/airflow/dags/7_branch_pythoon_operator.py took 0.235 seconds
[2026-09-20T22:56:48.969+0000] {processor.py:156} INFO - Started process (PID=1985) to work on /opt/airflow/dags/7_branch_pythoon_operator.py
[2026-09-20T22:56:48.972+0000] {processor.py:799} INFO - Processing file /opt/airflow/dags/7_branch_pythoon_operator.py for tasks to queue
[2026-09-20T22:56:48.973+0000] {logging_mixin.py:149} INFO - [2026-09-20T22:56:48.973+0000] {dagbag.py:541} INFO - Filling up the DagBag from /opt/airflow/dags/7_branch_pythoon_operator.py
[2026-09-20T22:56:48.995+0000] {processor.py:809} INFO - DAG(s) dict_keys(['7-branching']) retrieved from /opt/airflow/dags/7_branch_pythoon_operator.py
[2026-09-20T22:56:49.066+0000] {logging_mixin.py:149} INFO - [2026-09-20T22:56:49.065+0000] {dag.py:2726} INFO - Sync 1 DAGs
[2026-09-20T22:56:49.125+0000] {logging_mixin.py:149} INFO - [2026-09-20T22:56:49.125+0000] {dag.py:3490} INFO - Setting next_dagrun for 7-branching to None, run_after=None
[2026-09-20T22:56:49.160+0000] {processor.py:178} INFO - Processing /opt/airflow/dags/7_branch_pythoon_operator.py took 0.197 seconds
[2026-09-20T22:57:19.969+0000] {processor.py:156} INFO - Started process (PID=1995) to work on /opt/airflow/dags/7_branch_pythoon_operator.py
[2026-09-20T22:57:19.971+0000] {processor.py:799} INFO - Processing file /opt/airflow/dags/7_branch_pythoon_operator.py for tasks to queue
[2026-09-20T22:57:19.972+0000] {logging_mixin.py:149} INFO - [2026-09-20T22:57:19.972+0000] {dagbag.py:541} INFO - Filling up the DagBag from /opt/airflow/dags/7_branch_pythoon_operator.py
[2026-09-20T22:57:19.995+0000] {processor.py:809} INFO - DAG(s) dict_keys(['7-branching']) retrieved from /opt/airflow/dags/7_branch_pythoon_operator.py
[2026-09-20T22:57:20.054+0000] {logging_mixin.py:149} INFO - [2026-09-20T22:57:20.054+0000] {dag.py:2726} INFO - Sync 1 DAGs
[2026-09-20T22:57:20.101+0000] {logging_mixin.py:149} INFO - [2026-09-20T22:57:20.101+0000] {dag.py:3490} INFO - Setting next_dagrun for 7-branching to None, run_after=None
[2026-09-20T22:57:20.137+0000] {processor.py:178} INFO - Processing /opt/airflow/dags/7_branch_pythoon_operator.py took 0.173 seconds
[2026-09-20T22:57:50.951+0000] {processor.py:156} INFO - Started process (PID=2005) to work on /opt/airflow/dags/7_branch_pythoon_operator.py
[2026-09-20T22:57:50.953+0000] {processor.py:799} INFO - Processing file /opt/airflow/dags/7_branch_pythoon_operator.py for tasks to queue
[2026-09-20T22:57:50.954+0000] {logging_mixin.py:149} INFO - [2026-09-20T22:57:50.954+0000] {dagbag.py:541} INFO - Filling up the DagBag from /opt/airflow/dags/7_branch_pythoon_operator.py
[2026-09-20T22:57:50.982+0000] {processor.py:809} INFO - DAG(s) dict_keys(['7-branching']) retrieved from /opt/airflow/dags/7_branch_pythoon_operator.py
[2026-09-20T22:57:51.026+0000] {logging_mixin.py:149} INFO - [2026-09-20T22:57:51.025+0000] {dag.py:2726} INFO - Sync 1 DAGs
[2026-09-20T22:57:51.066+0000] {logging_mixin.py:149} INFO - [2026-09-20T22:57:51.065+0000] {dag.py:3490} INFO - Setting next_dagrun for 7-branching to None, run_after=None
[2026-09-20T22:57:51.115+0000] {processor.py:178} INFO - Processing /opt/airflow/dags/7_branch_pythoon_operator.py took 0.170 seconds
[2026-09-20T22:58:21.159+0000] {processor.py:156} INFO - Started process (PID=2014) to work on /opt/airflow/dags/7_branch_pythoon_operator.py
[2026-09-20T22:58:21.164+0000] {processor.py:799} INFO - Processing file /opt/airflow/dags/7_branch_pythoon_operator.py for tasks to queue
[2026-09-20T22:58:21.167+0000] {logging_mixin.py:149} INFO - [2026-09-20T22:58:21.167+0000] {dagbag.py:541} INFO - Filling up the DagBag from /opt/airflow/dags/7_branch_pythoon_operator.py
[2026-09-20T22:58:21.198+0000] {processor.py:809} INFO - DAG(s) dict_keys(['7-branching']) retrieved from /opt/airflow/dags/7_branch_pythoon_operator.py
[2026-09-20T22:58:21.241+0000] {logging_mixin.py:149} INFO - [2026-09-20T22:58:21.241+0000] {dag.py:2726} INFO - Sync 1 DAGs
[2026-09-20T22:58:21.277+0000] {logging_mixin.py:149} INFO - [2026-09-20T22:58:21.277+0000] {dag.py:3490} INFO - Setting next_dagrun for 7-branching to None, run_after=None
[2026-09-20T22:58:21.303+0000] {processor.py:178} INFO - Processing /opt/airflow/dags/7_branch_pythoon_operator.py took 0.150 seconds
[2026-09-20T22:58:51.359+0000] {processor.py:156} INFO - Started process (PID=2024) to work on /opt/airflow/dags/7_branch_pythoon_operator.py
[2026-09-20T22:58:51.361+0000] {processor.py:799} INFO - Processing file /opt/airflow/dags/7_branch_pythoon_operator.py for tasks to queue
[2026-09-20T22:58:51.362+0000] {logging_mixin.py:149} INFO - [2026-09-20T22:58:51.362+0000] {dagbag.py:541} INFO - Filling up the DagBag from /opt/airflow/dags/7_branch_pythoon_operator.py
[2026-09-20T22:58:51.390+0000] {processor.py:809} INFO - DAG(s) dict_keys(['7-branching']) retrieved from /opt/airflow/dags/7_branch_pythoon_operator.py
[2026-09-20T22:58:51.450+0000] {logging_mixin.py:149} INFO - [2026-09-20T22:58:51.449+0000] {dag.py:2726} INFO - Sync 1 DAGs
[2026-09-20T22:58:51.495+0000] {logging_mixin.py:149} INFO - [2026-09-20T22:58:51.494+0000] {dag.py:3490} INFO - Setting next_dagrun for 7-branching to None, run_after=None
[2026-09-20T22:58:51.530+0000] {processor.py:178} INFO - Processing /opt/airflow/dags/7_branch_pythoon_operator.py took 0.178 seconds
[2026-09-20T22:59:21.699+0000] {processor.py:156} INFO - Started process (PID=2034) to work on /opt/airflow/dags/7_branch_pythoon_operator.py
[2026-09-20T22:59:21.707+0000] {processor.py:799} INFO - Processing file /opt/airflow/dags/7_branch_pythoon_operator.py for tasks to queue
[2026-09-20T22:59:21.708+0000] {logging_mixin.py:149} INFO - [2026-09-20T22:59:21.708+0000] {dagbag.py:541} INFO - Filling up the DagBag from /opt/airflow/dags/7_branch_pythoon_operator.py
[2026-09-20T22:59:21.729+0000] {processor.py:809} INFO - DAG(s) dict_keys(['7-branching']) retrieved from /opt/airflow/dags/7_branch_pythoon_operator.py
[2026-09-20T22:59:21.808+0000] {logging_mixin.py:149} INFO - [2026-09-20T22:59:21.808+0000] {dag.py:2726} INFO - Sync 1 DAGs
[2026-09-20T22:59:21.860+0000] {logging_mixin.py:149} INFO - [2026-09-20T22:59:21.859+0000] {dag.py:3490} INFO - Setting next_dagrun for 7-branching to None, run_after=None
[2026-09-20T22:59:21.887+0000] {processor.py:178} INFO - Processing /opt/airflow/dags/7_branch_pythoon_operator.py took 0.197 seconds
[2026-09-20T22:59:51.950+0000] {processor.py:156} INFO - Started process (PID=2044) to work on /opt/airflow/dags/7_branch_pythoon_operator.py
[2026-09-20T22:59:51.962+0000] {processor.py:799} INFO - Processing file /opt/airflow/dags/7_branch_pythoon_operator.py for tasks to queue
[2026-09-20T22:59:51.978+0000] {logging_mixin.py:149} INFO - [2026-09-20T22:59:51.978+0000] {dagbag.py:541} INFO - Filling up the DagBag from /opt/airflow/dags/7_branch_pythoon_operator.py
[2026-09-20T22:59:52.017+0000] {processor.py:809} INFO - DAG(s) dict_keys(['7-branching']) retrieved from /opt/airflow/dags/7_branch_pythoon_operator.py
[2026-09-20T22:59:52.102+0000] {logging_mixin.py:149} INFO - [2026-09-20T22:59:52.101+0000] {dag.py:2726} INFO - Sync 1 DAGs
[2026-09-20T22:59:52.156+0000] {logging_mixin.py:149} INFO - [2026-09-20T22:59:52.155+0000] {dag.py:3490} INFO - Setting next_dagrun for 7-branching to None, run_after=None
[2026-09-20T22:59:52.187+0000] {processor.py:178} INFO - Processing /opt/airflow/dags/7_branch_pythoon_operator.py took 0.255 seconds
[2026-09-20T23:00:22.347+0000] {processor.py:156} INFO - Started process (PID=2054) to work on /opt/airflow/dags/7_branch_pythoon_operator.py
[2026-09-20T23:00:22.350+0000] {processor.py:799} INFO - Processing file /opt/airflow/dags/7_branch_pythoon_operator.py for tasks to queue
[2026-09-20T23:00:22.352+0000] {logging_mixin.py:149} INFO - [2026-09-20T23:00:22.352+0000] {dagbag.py:541} INFO - Filling up the DagBag from /opt/airflow/dags/7_branch_pythoon_operator.py
[2026-09-20T23:00:22.381+0000] {processor.py:809} INFO - DAG(s) dict_keys(['7-branching']) retrieved from /opt/airflow/dags/7_branch_pythoon_operator.py
[2026-09-20T23:00:22.431+0000] {logging_mixin.py:149} INFO - [2026-09-20T23:00:22.431+0000] {dag.py:2726} INFO - Sync 1 DAGs
[2026-09-20T23:00:22.470+0000] {logging_mixin.py:149} INFO - [2026-09-20T23:00:22.469+0000] {dag.py:3490} INFO - Setting next_dagrun for 7-branching to None, run_after=None
[2026-09-20T23:00:22.501+0000] {processor.py:178} INFO - Processing /opt/airflow/dags/7_branch_pythoon_operator.py took 0.165 seconds
[2026-09-20T23:00:53.318+0000] {processor.py:156} INFO - Started process (PID=2065) to work on /opt/airflow/dags/7_branch_pythoon_operator.py
[2026-09-20T23:00:53.325+0000] {processor.py:799} INFO - Processing file /opt/airflow/dags/7_branch_pythoon_operator.py for tasks to queue
[2026-09-20T23:00:53.327+0000] {logging_mixin.py:149} INFO - [2026-09-20T23:00:53.326+0000] {dagbag.py:541} INFO - Filling up the DagBag from /opt/airflow/dags/7_branch_pythoon_operator.py
[2026-09-20T23:00:53.356+0000] {processor.py:809} INFO - DAG(s) dict_keys(['7-branching']) retrieved from /opt/airflow/dags/7_branch_pythoon_operator.py
[2026-09-20T23:00:53.437+0000] {logging_mixin.py:149} INFO - [2026-09-20T23:00:53.432+0000] {dag.py:2726} INFO - Sync 1 DAGs
[2026-09-20T23:00:53.501+0000] {logging_mixin.py:149} INFO - [2026-09-20T23:00:53.501+0000] {dag.py:3490} INFO - Setting next_dagrun for 7-branching to None, run_after=None
[2026-09-20T23:00:53.527+0000] {processor.py:178} INFO - Processing /opt/airflow/dags/7_branch_pythoon_operator.py took 0.232 seconds
[2026-09-20T23:01:24.333+0000] {processor.py:156} INFO - Started process (PID=2075) to work on /opt/airflow/dags/7_branch_pythoon_operator.py
[2026-09-20T23:01:24.335+0000] {processor.py:799} INFO - Processing file /opt/airflow/dags/7_branch_pythoon_operator.py for tasks to queue
[2026-09-20T23:01:24.336+0000] {logging_mixin.py:149} INFO - [2026-09-20T23:01:24.336+0000] {dagbag.py:541} INFO - Filling up the DagBag from /opt/airflow/dags/7_branch_pythoon_operator.py
[2026-09-20T23:01:24.359+0000] {processor.py:809} INFO - DAG(s) dict_keys(['7-branching']) retrieved from /opt/airflow/dags/7_branch_pythoon_operator.py
[2026-09-20T23:01:24.408+0000] {logging_mixin.py:149} INFO - [2026-09-20T23:01:24.408+0000] {dag.py:2726} INFO - Sync 1 DAGs
[2026-09-20T23:01:24.446+0000] {logging_mixin.py:149} INFO - [2026-09-20T23:01:24.445+0000] {dag.py:3490} INFO - Setting next_dagrun for 7-branching to None, run_after=None
[2026-09-20T23:01:24.479+0000] {processor.py:178} INFO - Processing /opt/airflow/dags/7_branch_pythoon_operator.py took 0.152 seconds
[2026-09-20T23:01:55.211+0000] {processor.py:156} INFO - Started process (PID=2085) to work on /opt/airflow/dags/7_branch_pythoon_operator.py
[2026-09-20T23:01:55.214+0000] {processor.py:799} INFO - Processing file /opt/airflow/dags/7_branch_pythoon_operator.py for tasks to queue
[2026-09-20T23:01:55.215+0000] {logging_mixin.py:149} INFO - [2026-09-20T23:01:55.215+0000] {dagbag.py:541} INFO - Filling up the DagBag from /opt/airflow/dags/7_branch_pythoon_operator.py
[2026-09-20T23:01:55.238+0000] {processor.py:809} INFO - DAG(s) dict_keys(['7-branching']) retrieved from /opt/airflow/dags/7_branch_pythoon_operator.py
[2026-09-20T23:01:55.296+0000] {logging_mixin.py:149} INFO - [2026-09-20T23:01:55.296+0000] {dag.py:2726} INFO - Sync 1 DAGs
[2026-09-20T23:01:55.338+0000] {logging_mixin.py:149} INFO - [2026-09-20T23:01:55.338+0000] {dag.py:3490} INFO - Setting next_dagrun for 7-branching to None, run_after=None
[2026-09-20T23:01:55.373+0000] {processor.py:178} INFO - Processing /opt/airflow/dags/7_branch_pythoon_operator.py took 0.172 seconds
[2026-09-20T23:02:26.044+0000] {processor.py:156} INFO - Started process (PID=2095) to work on /opt/airflow/dags/7_branch_pythoon_operator.py
[2026-09-20T23:02:26.045+0000] {processor.py:799} INFO - Processing file /opt/airflow/dags/7_branch_pythoon_operator.py for tasks to queue
[2026-09-20T23:02:26.048+0000] {logging_mixin.py:149} INFO - [2026-09-20T23:02:26.048+0000] {dagbag.py:541} INFO - Filling up the DagBag from /opt/airflow/dags/7_branch_pythoon_operator.py
[2026-09-20T23:02:26.067+0000] {processor.py:809} INFO - DAG(s) dict_keys(['7-branching']) retrieved from /opt/airflow/dags/7_branch_pythoon_operator.py
[2026-09-20T23:02:26.112+0000] {logging_mixin.py:149} INFO - [2026-09-20T23:02:26.112+0000] {dag.py:2726} INFO - Sync 1 DAGs
[2026-09-20T23:02:26.159+0000] {logging_mixin.py:149} INFO - [2026-09-20T23:02:26.159+0000] {dag.py:3490} INFO - Setting next_dagrun for 7-branching to None, run_after=None
[2026-09-20T23:02:26.196+0000] {processor.py:178} INFO - Processing /opt/airflow/dags/7_branch_pythoon_operator.py took 0.158 seconds
[2026-09-20T23:02:56.844+0000] {processor.py:156} INFO - Started process (PID=2105) to work on /opt/airflow/dags/7_branch_pythoon_operator.py
[2026-09-20T23:02:56.846+0000] {processor.py:799} INFO - Processing file /opt/airflow/dags/7_branch_pythoon_operator.py for tasks to queue
[2026-09-20T23:02:56.849+0000] {logging_mixin.py:149} INFO - [2026-09-20T23:02:56.849+0000] {dagbag.py:541} INFO - Filling up the DagBag from /opt/airflow/dags/7_branch_pythoon_operator.py
[2026-09-20T23:02:56.875+0000] {processor.py:809} INFO - DAG(s) dict_keys(['7-branching']) retrieved from /opt/airflow/dags/7_branch_pythoon_operator.py
[2026-09-20T23:02:56.951+0000] {logging_mixin.py:149} INFO - [2026-09-20T23:02:56.950+0000] {dag.py:2726} INFO - Sync 1 DAGs
[2026-09-20T23:02:57.012+0000] {logging_mixin.py:149} INFO - [2026-09-20T23:02:57.011+0000] {dag.py:3490} INFO - Setting next_dagrun for 7-branching to None, run_after=None
[2026-09-20T23:02:57.056+0000] {processor.py:178} INFO - Processing /opt/airflow/dags/7_branch_pythoon_operator.py took 0.220 seconds
[2026-09-20T23:03:27.732+0000] {processor.py:156} INFO - Started process (PID=2115) to work on /opt/airflow/dags/7_branch_pythoon_operator.py
[2026-09-20T23:03:27.737+0000] {processor.py:799} INFO - Processing file /opt/airflow/dags/7_branch_pythoon_operator.py for tasks to queue
[2026-09-20T23:03:27.738+0000] {logging_mixin.py:149} INFO - [2026-09-20T23:03:27.738+0000] {dagbag.py:541} INFO - Filling up the DagBag from /opt/airflow/dags/7_branch_pythoon_operator.py
[2026-09-20T23:03:27.776+0000] {processor.py:809} INFO - DAG(s) dict_keys(['7-branching']) retrieved from /opt/airflow/dags/7_branch_pythoon_operator.py
[2026-09-20T23:03:27.830+0000] {logging_mixin.py:149} INFO - [2026-09-20T23:03:27.830+0000] {dag.py:2726} INFO - Sync 1 DAGs
[2026-09-20T23:03:27.885+0000] {logging_mixin.py:149} INFO - [2026-09-20T23:03:27.885+0000] {dag.py:3490} INFO - Setting next_dagrun for 7-branching to None, run_after=None
[2026-09-20T23:03:27.917+0000] {processor.py:178} INFO - Processing /opt/airflow/dags/7_branch_pythoon_operator.py took 0.191 seconds
[2026-09-20T23:03:58.758+0000] {processor.py:156} INFO - Started process (PID=2125) to work on /opt/airflow/dags/7_branch_pythoon_operator.py
[2026-09-20T23:03:58.770+0000] {processor.py:799} INFO - Processing file /opt/airflow/dags/7_branch_pythoon_operator.py for tasks to queue
[2026-09-20T23:03:58.772+0000] {logging_mixin.py:149} INFO - [2026-09-20T23:03:58.771+0000] {dagbag.py:541} INFO - Filling up the DagBag from /opt/airflow/dags/7_branch_pythoon_operator.py
[2026-09-20T23:03:58.800+0000] {processor.py:809} INFO - DAG(s) dict_keys(['7-branching']) retrieved from /opt/airflow/dags/7_branch_pythoon_operator.py
[2026-09-20T23:03:58.856+0000] {logging_mixin.py:149} INFO - [2026-09-20T23:03:58.855+0000] {dag.py:2726} INFO - Sync 1 DAGs
[2026-09-20T23:03:58.903+0000] {logging_mixin.py:149} INFO - [2026-09-20T23:03:58.902+0000] {dag.py:3490} INFO - Setting next_dagrun for 7-branching to None, run_after=None
[2026-09-20T23:03:58.936+0000] {processor.py:178} INFO - Processing /opt/airflow/dags/7_branch_pythoon_operator.py took 0.198 seconds
[2026-09-20T23:04:29.029+0000] {processor.py:156} INFO - Started process (PID=2135) to work on /opt/airflow/dags/7_branch_pythoon_operator.py
[2026-09-20T23:04:29.033+0000] {processor.py:799} INFO - Processing file /opt/airflow/dags/7_branch_pythoon_operator.py for tasks to queue
[2026-09-20T23:04:29.034+0000] {logging_mixin.py:149} INFO - [2026-09-20T23:04:29.034+0000] {dagbag.py:541} INFO - Filling up the DagBag from /opt/airflow/dags/7_branch_pythoon_operator.py
[2026-09-20T23:04:29.066+0000] {processor.py:809} INFO - DAG(s) dict_keys(['7-branching']) retrieved from /opt/airflow/dags/7_branch_pythoon_operator.py
[2026-09-20T23:04:29.146+0000] {logging_mixin.py:149} INFO - [2026-09-20T23:04:29.146+0000] {dag.py:2726} INFO - Sync 1 DAGs
[2026-09-20T23:04:29.212+0000] {logging_mixin.py:149} INFO - [2026-09-20T23:04:29.211+0000] {dag.py:3490} INFO - Setting next_dagrun for 7-branching to None, run_after=None
[2026-09-20T23:04:29.245+0000] {processor.py:178} INFO - Processing /opt/airflow/dags/7_branch_pythoon_operator.py took 0.223 seconds
[2026-09-20T23:04:59.335+0000] {processor.py:156} INFO - Started process (PID=2145) to work on /opt/airflow/dags/7_branch_pythoon_operator.py
[2026-09-20T23:04:59.340+0000] {processor.py:799} INFO - Processing file /opt/airflow/dags/7_branch_pythoon_operator.py for tasks to queue
[2026-09-20T23:04:59.347+0000] {logging_mixin.py:149} INFO - [2026-09-20T23:04:59.347+0000] {dagbag.py:541} INFO - Filling up the DagBag from /opt/airflow/dags/7_branch_pythoon_operator.py
[2026-09-20T23:04:59.425+0000] {processor.py:809} INFO - DAG(s) dict_keys(['7-branching']) retrieved from /opt/airflow/dags/7_branch_pythoon_operator.py
[2026-09-20T23:04:59.535+0000] {logging_mixin.py:149} INFO - [2026-09-20T23:04:59.534+0000] {dag.py:2726} INFO - Sync 1 DAGs
[2026-09-20T23:04:59.622+0000] {logging_mixin.py:149} INFO - [2026-09-20T23:04:59.622+0000] {dag.py:3490} INFO - Setting next_dagrun for 7-branching to None, run_after=None
[2026-09-20T23:04:59.661+0000] {processor.py:178} INFO - Processing /opt/airflow/dags/7_branch_pythoon_operator.py took 0.337 seconds
[2026-09-20T23:05:29.865+0000] {processor.py:156} INFO - Started process (PID=2155) to work on /opt/airflow/dags/7_branch_pythoon_operator.py
[2026-09-20T23:05:29.868+0000] {processor.py:799} INFO - Processing file /opt/airflow/dags/7_branch_pythoon_operator.py for tasks to queue
[2026-09-20T23:05:29.869+0000] {logging_mixin.py:149} INFO - [2026-09-20T23:05:29.869+0000] {dagbag.py:541} INFO - Filling up the DagBag from /opt/airflow/dags/7_branch_pythoon_operator.py
[2026-09-20T23:05:29.892+0000] {processor.py:809} INFO - DAG(s) dict_keys(['7-branching']) retrieved from /opt/airflow/dags/7_branch_pythoon_operator.py
[2026-09-20T23:05:29.940+0000] {logging_mixin.py:149} INFO - [2026-09-20T23:05:29.939+0000] {dag.py:2726} INFO - Sync 1 DAGs
[2026-09-20T23:05:29.977+0000] {logging_mixin.py:149} INFO - [2026-09-20T23:05:29.977+0000] {dag.py:3490} INFO - Setting next_dagrun for 7-branching to None, run_after=None
[2026-09-20T23:05:30.004+0000] {processor.py:178} INFO - Processing /opt/airflow/dags/7_branch_pythoon_operator.py took 0.159 seconds
[2026-09-20T23:06:00.765+0000] {processor.py:156} INFO - Started process (PID=2165) to work on /opt/airflow/dags/7_branch_pythoon_operator.py
[2026-09-20T23:06:00.772+0000] {processor.py:799} INFO - Processing file /opt/airflow/dags/7_branch_pythoon_operator.py for tasks to queue
[2026-09-20T23:06:00.773+0000] {logging_mixin.py:149} INFO - [2026-09-20T23:06:00.773+0000] {dagbag.py:541} INFO - Filling up the DagBag from /opt/airflow/dags/7_branch_pythoon_operator.py
[2026-09-20T23:06:00.808+0000] {processor.py:809} INFO - DAG(s) dict_keys(['7-branching']) retrieved from /opt/airflow/dags/7_branch_pythoon_operator.py
[2026-09-20T23:06:00.894+0000] {logging_mixin.py:149} INFO - [2026-09-20T23:06:00.893+0000] {dag.py:2726} INFO - Sync 1 DAGs
[2026-09-20T23:06:00.967+0000] {logging_mixin.py:149} INFO - [2026-09-20T23:06:00.967+0000] {dag.py:3490} INFO - Setting next_dagrun for 7-branching to None, run_after=None
[2026-09-20T23:06:01.017+0000] {processor.py:178} INFO - Processing /opt/airflow/dags/7_branch_pythoon_operator.py took 0.262 seconds
[2026-09-20T23:06:31.841+0000] {processor.py:156} INFO - Started process (PID=2175) to work on /opt/airflow/dags/7_branch_pythoon_operator.py
[2026-09-20T23:06:31.846+0000] {processor.py:799} INFO - Processing file /opt/airflow/dags/7_branch_pythoon_operator.py for tasks to queue
[2026-09-20T23:06:31.847+0000] {logging_mixin.py:149} INFO - [2026-09-20T23:06:31.846+0000] {dagbag.py:541} INFO - Filling up the DagBag from /opt/airflow/dags/7_branch_pythoon_operator.py
[2026-09-20T23:06:31.871+0000] {processor.py:809} INFO - DAG(s) dict_keys(['7-branching']) retrieved from /opt/airflow/dags/7_branch_pythoon_operator.py
[2026-09-20T23:06:31.963+0000] {logging_mixin.py:149} INFO - [2026-09-20T23:06:31.962+0000] {dag.py:2726} INFO - Sync 1 DAGs
[2026-09-20T23:06:32.033+0000] {logging_mixin.py:149} INFO - [2026-09-20T23:06:32.032+0000] {dag.py:3490} INFO - Setting next_dagrun for 7-branching to None, run_after=None
[2026-09-20T23:06:32.098+0000] {processor.py:178} INFO - Processing /opt/airflow/dags/7_branch_pythoon_operator.py took 0.263 seconds
[2026-09-20T23:07:02.342+0000] {processor.py:156} INFO - Started process (PID=2185) to work on /opt/airflow/dags/7_branch_pythoon_operator.py
[2026-09-20T23:07:02.344+0000] {processor.py:799} INFO - Processing file /opt/airflow/dags/7_branch_pythoon_operator.py for tasks to queue
[2026-09-20T23:07:02.345+0000] {logging_mixin.py:149} INFO - [2026-09-20T23:07:02.345+0000] {dagbag.py:541} INFO - Filling up the DagBag from /opt/airflow/dags/7_branch_pythoon_operator.py
[2026-09-20T23:07:02.367+0000] {processor.py:809} INFO - DAG(s) dict_keys(['7-branching']) retrieved from /opt/airflow/dags/7_branch_pythoon_operator.py
[2026-09-20T23:07:02.415+0000] {logging_mixin.py:149} INFO - [2026-09-20T23:07:02.415+0000] {dag.py:2726} INFO - Sync 1 DAGs
[2026-09-20T23:07:02.455+0000] {logging_mixin.py:149} INFO - [2026-09-20T23:07:02.455+0000] {dag.py:3490} INFO - Setting next_dagrun for 7-branching to None, run_after=None
[2026-09-20T23:07:02.498+0000] {processor.py:178} INFO - Processing /opt/airflow/dags/7_branch_pythoon_operator.py took 0.163 seconds
[2026-09-20T23:07:32.559+0000] {processor.py:156} INFO - Started process (PID=2195) to work on /opt/airflow/dags/7_branch_pythoon_operator.py
[2026-09-20T23:07:32.561+0000] {processor.py:799} INFO - Processing file /opt/airflow/dags/7_branch_pythoon_operator.py for tasks to queue
[2026-09-20T23:07:32.562+0000] {logging_mixin.py:149} INFO - [2026-09-20T23:07:32.562+0000] {dagbag.py:541} INFO - Filling up the DagBag from /opt/airflow/dags/7_branch_pythoon_operator.py
[2026-09-20T23:07:32.583+0000] {processor.py:809} INFO - DAG(s) dict_keys(['7-branching']) retrieved from /opt/airflow/dags/7_branch_pythoon_operator.py
[2026-09-20T23:07:32.642+0000] {logging_mixin.py:149} INFO - [2026-09-20T23:07:32.642+0000] {dag.py:2726} INFO - Sync 1 DAGs
[2026-09-20T23:07:32.684+0000] {logging_mixin.py:149} INFO - [2026-09-20T23:07:32.684+0000] {dag.py:3490} INFO - Setting next_dagrun for 7-branching to None, run_after=None
[2026-09-20T23:07:32.711+0000] {processor.py:178} INFO - Processing /opt/airflow/dags/7_branch_pythoon_operator.py took 0.174 seconds
[2026-09-20T23:08:02.828+0000] {processor.py:156} INFO - Started process (PID=2205) to work on /opt/airflow/dags/7_branch_pythoon_operator.py
[2026-09-20T23:08:02.834+0000] {processor.py:799} INFO - Processing file /opt/airflow/dags/7_branch_pythoon_operator.py for tasks to queue
[2026-09-20T23:08:02.842+0000] {logging_mixin.py:149} INFO - [2026-09-20T23:08:02.839+0000] {dagbag.py:541} INFO - Filling up the DagBag from /opt/airflow/dags/7_branch_pythoon_operator.py
[2026-09-20T23:08:02.870+0000] {processor.py:809} INFO - DAG(s) dict_keys(['7-branching']) retrieved from /opt/airflow/dags/7_branch_pythoon_operator.py
[2026-09-20T23:08:02.928+0000] {logging_mixin.py:149} INFO - [2026-09-20T23:08:02.928+0000] {dag.py:2726} INFO - Sync 1 DAGs
[2026-09-20T23:08:02.983+0000] {logging_mixin.py:149} INFO - [2026-09-20T23:08:02.983+0000] {dag.py:3490} INFO - Setting next_dagrun for 7-branching to None, run_after=None
[2026-09-20T23:08:03.012+0000] {processor.py:178} INFO - Processing /opt/airflow/dags/7_branch_pythoon_operator.py took 0.198 seconds
[2026-09-20T23:08:33.645+0000] {processor.py:156} INFO - Started process (PID=2215) to work on /opt/airflow/dags/7_branch_pythoon_operator.py
[2026-09-20T23:08:33.647+0000] {processor.py:799} INFO - Processing file /opt/airflow/dags/7_branch_pythoon_operator.py for tasks to queue
[2026-09-20T23:08:33.648+0000] {logging_mixin.py:149} INFO - [2026-09-20T23:08:33.648+0000] {dagbag.py:541} INFO - Filling up the DagBag from /opt/airflow/dags/7_branch_pythoon_operator.py
[2026-09-20T23:08:33.671+0000] {processor.py:809} INFO - DAG(s) dict_keys(['7-branching']) retrieved from /opt/airflow/dags/7_branch_pythoon_operator.py
[2026-09-20T23:08:33.718+0000] {logging_mixin.py:149} INFO - [2026-09-20T23:08:33.717+0000] {dag.py:2726} INFO - Sync 1 DAGs
[2026-09-20T23:08:33.755+0000] {logging_mixin.py:149} INFO - [2026-09-20T23:08:33.754+0000] {dag.py:3490} INFO - Setting next_dagrun for 7-branching to None, run_after=None
[2026-09-20T23:08:33.781+0000] {processor.py:178} INFO - Processing /opt/airflow/dags/7_branch_pythoon_operator.py took 0.142 seconds
[2026-09-20T23:09:04.613+0000] {processor.py:156} INFO - Started process (PID=2225) to work on /opt/airflow/dags/7_branch_pythoon_operator.py
[2026-09-20T23:09:04.622+0000] {processor.py:799} INFO - Processing file /opt/airflow/dags/7_branch_pythoon_operator.py for tasks to queue
[2026-09-20T23:09:04.624+0000] {logging_mixin.py:149} INFO - [2026-09-20T23:09:04.624+0000] {dagbag.py:541} INFO - Filling up the DagBag from /opt/airflow/dags/7_branch_pythoon_operator.py
[2026-09-20T23:09:04.681+0000] {processor.py:809} INFO - DAG(s) dict_keys(['7-branching']) retrieved from /opt/airflow/dags/7_branch_pythoon_operator.py
[2026-09-20T23:09:04.750+0000] {logging_mixin.py:149} INFO - [2026-09-20T23:09:04.749+0000] {dag.py:2726} INFO - Sync 1 DAGs
[2026-09-20T23:09:04.829+0000] {logging_mixin.py:149} INFO - [2026-09-20T23:09:04.829+0000] {dag.py:3490} INFO - Setting next_dagrun for 7-branching to None, run_after=None
[2026-09-20T23:09:04.862+0000] {processor.py:178} INFO - Processing /opt/airflow/dags/7_branch_pythoon_operator.py took 0.260 seconds
[2026-09-20T23:09:35.566+0000] {processor.py:156} INFO - Started process (PID=2235) to work on /opt/airflow/dags/7_branch_pythoon_operator.py
[2026-09-20T23:09:35.568+0000] {processor.py:799} INFO - Processing file /opt/airflow/dags/7_branch_pythoon_operator.py for tasks to queue
[2026-09-20T23:09:35.569+0000] {logging_mixin.py:149} INFO - [2026-09-20T23:09:35.569+0000] {dagbag.py:541} INFO - Filling up the DagBag from /opt/airflow/dags/7_branch_pythoon_operator.py
[2026-09-20T23:09:35.603+0000] {processor.py:809} INFO - DAG(s) dict_keys(['7-branching']) retrieved from /opt/airflow/dags/7_branch_pythoon_operator.py
[2026-09-20T23:09:35.659+0000] {logging_mixin.py:149} INFO - [2026-09-20T23:09:35.658+0000] {dag.py:2726} INFO - Sync 1 DAGs
[2026-09-20T23:09:35.724+0000] {logging_mixin.py:149} INFO - [2026-09-20T23:09:35.723+0000] {dag.py:3490} INFO - Setting next_dagrun for 7-branching to None, run_after=None
[2026-09-20T23:09:35.776+0000] {processor.py:178} INFO - Processing /opt/airflow/dags/7_branch_pythoon_operator.py took 0.216 seconds
[2026-09-20T23:10:06.510+0000] {processor.py:156} INFO - Started process (PID=2245) to work on /opt/airflow/dags/7_branch_pythoon_operator.py
[2026-09-20T23:10:06.515+0000] {processor.py:799} INFO - Processing file /opt/airflow/dags/7_branch_pythoon_operator.py for tasks to queue
[2026-09-20T23:10:06.516+0000] {logging_mixin.py:149} INFO - [2026-09-20T23:10:06.516+0000] {dagbag.py:541} INFO - Filling up the DagBag from /opt/airflow/dags/7_branch_pythoon_operator.py
[2026-09-20T23:10:06.556+0000] {processor.py:809} INFO - DAG(s) dict_keys(['7-branching']) retrieved from /opt/airflow/dags/7_branch_pythoon_operator.py
[2026-09-20T23:10:06.620+0000] {logging_mixin.py:149} INFO - [2026-09-20T23:10:06.619+0000] {dag.py:2726} INFO - Sync 1 DAGs
[2026-09-20T23:10:06.680+0000] {logging_mixin.py:149} INFO - [2026-09-20T23:10:06.679+0000] {dag.py:3490} INFO - Setting next_dagrun for 7-branching to None, run_after=None
[2026-09-20T23:10:06.746+0000] {processor.py:178} INFO - Processing /opt/airflow/dags/7_branch_pythoon_operator.py took 0.242 seconds
[2026-09-20T23:10:36.959+0000] {processor.py:156} INFO - Started process (PID=2255) to work on /opt/airflow/dags/7_branch_pythoon_operator.py
[2026-09-20T23:10:36.963+0000] {processor.py:799} INFO - Processing file /opt/airflow/dags/7_branch_pythoon_operator.py for tasks to queue
[2026-09-20T23:10:36.964+0000] {logging_mixin.py:149} INFO - [2026-09-20T23:10:36.964+0000] {dagbag.py:541} INFO - Filling up the DagBag from /opt/airflow/dags/7_branch_pythoon_operator.py
[2026-09-20T23:10:36.988+0000] {processor.py:809} INFO - DAG(s) dict_keys(['7-branching']) retrieved from /opt/airflow/dags/7_branch_pythoon_operator.py
[2026-09-20T23:10:37.038+0000] {logging_mixin.py:149} INFO - [2026-09-20T23:10:37.037+0000] {dag.py:2726} INFO - Sync 1 DAGs
[2026-09-20T23:10:37.090+0000] {logging_mixin.py:149} INFO - [2026-09-20T23:10:37.090+0000] {dag.py:3490} INFO - Setting next_dagrun for 7-branching to None, run_after=None
[2026-09-20T23:10:37.119+0000] {processor.py:178} INFO - Processing /opt/airflow/dags/7_branch_pythoon_operator.py took 0.178 seconds
[2026-09-20T23:11:07.187+0000] {processor.py:156} INFO - Started process (PID=2265) to work on /opt/airflow/dags/7_branch_pythoon_operator.py
[2026-09-20T23:11:07.190+0000] {processor.py:799} INFO - Processing file /opt/airflow/dags/7_branch_pythoon_operator.py for tasks to queue
[2026-09-20T23:11:07.191+0000] {logging_mixin.py:149} INFO - [2026-09-20T23:11:07.191+0000] {dagbag.py:541} INFO - Filling up the DagBag from /opt/airflow/dags/7_branch_pythoon_operator.py
[2026-09-20T23:11:07.224+0000] {processor.py:809} INFO - DAG(s) dict_keys(['7-branching']) retrieved from /opt/airflow/dags/7_branch_pythoon_operator.py
[2026-09-20T23:11:07.280+0000] {logging_mixin.py:149} INFO - [2026-09-20T23:11:07.280+0000] {dag.py:2726} INFO - Sync 1 DAGs
[2026-09-20T23:11:07.319+0000] {logging_mixin.py:149} INFO - [2026-09-20T23:11:07.319+0000] {dag.py:3490} INFO - Setting next_dagrun for 7-branching to None, run_after=None
[2026-09-20T23:11:07.355+0000] {processor.py:178} INFO - Processing /opt/airflow/dags/7_branch_pythoon_operator.py took 0.175 seconds
[2026-09-20T23:11:37.566+0000] {processor.py:156} INFO - Started process (PID=2275) to work on /opt/airflow/dags/7_branch_pythoon_operator.py
[2026-09-20T23:11:37.571+0000] {processor.py:799} INFO - Processing file /opt/airflow/dags/7_branch_pythoon_operator.py for tasks to queue
[2026-09-20T23:11:37.572+0000] {logging_mixin.py:149} INFO - [2026-09-20T23:11:37.571+0000] {dagbag.py:541} INFO - Filling up the DagBag from /opt/airflow/dags/7_branch_pythoon_operator.py
[2026-09-20T23:11:37.593+0000] {processor.py:809} INFO - DAG(s) dict_keys(['7-branching']) retrieved from /opt/airflow/dags/7_branch_pythoon_operator.py
[2026-09-20T23:11:37.652+0000] {logging_mixin.py:149} INFO - [2026-09-20T23:11:37.652+0000] {dag.py:2726} INFO - Sync 1 DAGs
[2026-09-20T23:11:37.696+0000] {logging_mixin.py:149} INFO - [2026-09-20T23:11:37.695+0000] {dag.py:3490} INFO - Setting next_dagrun for 7-branching to None, run_after=None
[2026-09-20T23:11:37.725+0000] {processor.py:178} INFO - Processing /opt/airflow/dags/7_branch_pythoon_operator.py took 0.166 seconds
[2026-09-20T23:12:07.869+0000] {processor.py:156} INFO - Started process (PID=2285) to work on /opt/airflow/dags/7_branch_pythoon_operator.py
[2026-09-20T23:12:07.870+0000] {processor.py:799} INFO - Processing file /opt/airflow/dags/7_branch_pythoon_operator.py for tasks to queue
[2026-09-20T23:12:07.872+0000] {logging_mixin.py:149} INFO - [2026-09-20T23:12:07.871+0000] {dagbag.py:541} INFO - Filling up the DagBag from /opt/airflow/dags/7_branch_pythoon_operator.py
[2026-09-20T23:12:07.893+0000] {processor.py:809} INFO - DAG(s) dict_keys(['7-branching']) retrieved from /opt/airflow/dags/7_branch_pythoon_operator.py
[2026-09-20T23:12:07.952+0000] {logging_mixin.py:149} INFO - [2026-09-20T23:12:07.951+0000] {dag.py:2726} INFO - Sync 1 DAGs
[2026-09-20T23:12:07.990+0000] {logging_mixin.py:149} INFO - [2026-09-20T23:12:07.989+0000] {dag.py:3490} INFO - Setting next_dagrun for 7-branching to None, run_after=None
[2026-09-20T23:12:08.026+0000] {processor.py:178} INFO - Processing /opt/airflow/dags/7_branch_pythoon_operator.py took 0.163 seconds
[2026-09-20T23:12:38.107+0000] {processor.py:156} INFO - Started process (PID=2295) to work on /opt/airflow/dags/7_branch_pythoon_operator.py
[2026-09-20T23:12:38.109+0000] {processor.py:799} INFO - Processing file /opt/airflow/dags/7_branch_pythoon_operator.py for tasks to queue
[2026-09-20T23:12:38.110+0000] {logging_mixin.py:149} INFO - [2026-09-20T23:12:38.110+0000] {dagbag.py:541} INFO - Filling up the DagBag from /opt/airflow/dags/7_branch_pythoon_operator.py
[2026-09-20T23:12:38.130+0000] {processor.py:809} INFO - DAG(s) dict_keys(['7-branching']) retrieved from /opt/airflow/dags/7_branch_pythoon_operator.py
[2026-09-20T23:12:38.179+0000] {logging_mixin.py:149} INFO - [2026-09-20T23:12:38.179+0000] {dag.py:2726} INFO - Sync 1 DAGs
[2026-09-20T23:12:38.221+0000] {logging_mixin.py:149} INFO - [2026-09-20T23:12:38.221+0000] {dag.py:3490} INFO - Setting next_dagrun for 7-branching to None, run_after=None
[2026-09-20T23:12:38.249+0000] {processor.py:178} INFO - Processing /opt/airflow/dags/7_branch_pythoon_operator.py took 0.150 seconds
[2026-09-20T23:13:08.317+0000] {processor.py:156} INFO - Started process (PID=2305) to work on /opt/airflow/dags/7_branch_pythoon_operator.py
[2026-09-20T23:13:08.320+0000] {processor.py:799} INFO - Processing file /opt/airflow/dags/7_branch_pythoon_operator.py for tasks to queue
[2026-09-20T23:13:08.321+0000] {logging_mixin.py:149} INFO - [2026-09-20T23:13:08.321+0000] {dagbag.py:541} INFO - Filling up the DagBag from /opt/airflow/dags/7_branch_pythoon_operator.py
[2026-09-20T23:13:08.342+0000] {processor.py:809} INFO - DAG(s) dict_keys(['7-branching']) retrieved from /opt/airflow/dags/7_branch_pythoon_operator.py
[2026-09-20T23:13:08.391+0000] {logging_mixin.py:149} INFO - [2026-09-20T23:13:08.391+0000] {dag.py:2726} INFO - Sync 1 DAGs
[2026-09-20T23:13:08.433+0000] {logging_mixin.py:149} INFO - [2026-09-20T23:13:08.432+0000] {dag.py:3490} INFO - Setting next_dagrun for 7-branching to None, run_after=None
[2026-09-20T23:13:08.465+0000] {processor.py:178} INFO - Processing /opt/airflow/dags/7_branch_pythoon_operator.py took 0.154 seconds
[2026-09-20T23:13:38.572+0000] {processor.py:156} INFO - Started process (PID=2315) to work on /opt/airflow/dags/7_branch_pythoon_operator.py
[2026-09-20T23:13:38.574+0000] {processor.py:799} INFO - Processing file /opt/airflow/dags/7_branch_pythoon_operator.py for tasks to queue
[2026-09-20T23:13:38.575+0000] {logging_mixin.py:149} INFO - [2026-09-20T23:13:38.575+0000] {dagbag.py:541} INFO - Filling up the DagBag from /opt/airflow/dags/7_branch_pythoon_operator.py
[2026-09-20T23:13:38.595+0000] {processor.py:809} INFO - DAG(s) dict_keys(['7-branching']) retrieved from /opt/airflow/dags/7_branch_pythoon_operator.py
[2026-09-20T23:13:38.652+0000] {logging_mixin.py:149} INFO - [2026-09-20T23:13:38.652+0000] {dag.py:2726} INFO - Sync 1 DAGs
[2026-09-20T23:13:38.701+0000] {logging_mixin.py:149} INFO - [2026-09-20T23:13:38.701+0000] {dag.py:3490} INFO - Setting next_dagrun for 7-branching to None, run_after=None
[2026-09-20T23:13:38.731+0000] {processor.py:178} INFO - Processing /opt/airflow/dags/7_branch_pythoon_operator.py took 0.166 seconds
[2026-09-20T23:14:09.530+0000] {processor.py:156} INFO - Started process (PID=2325) to work on /opt/airflow/dags/7_branch_pythoon_operator.py
[2026-09-20T23:14:09.533+0000] {processor.py:799} INFO - Processing file /opt/airflow/dags/7_branch_pythoon_operator.py for tasks to queue
[2026-09-20T23:14:09.534+0000] {logging_mixin.py:149} INFO - [2026-09-20T23:14:09.534+0000] {dagbag.py:541} INFO - Filling up the DagBag from /opt/airflow/dags/7_branch_pythoon_operator.py
[2026-09-20T23:14:09.566+0000] {processor.py:809} INFO - DAG(s) dict_keys(['7-branching']) retrieved from /opt/airflow/dags/7_branch_pythoon_operator.py
[2026-09-20T23:14:09.663+0000] {logging_mixin.py:149} INFO - [2026-09-20T23:14:09.662+0000] {dag.py:2726} INFO - Sync 1 DAGs
[2026-09-20T23:14:09.740+0000] {logging_mixin.py:149} INFO - [2026-09-20T23:14:09.740+0000] {dag.py:3490} INFO - Setting next_dagrun for 7-branching to None, run_after=None
[2026-09-20T23:14:09.799+0000] {processor.py:178} INFO - Processing /opt/airflow/dags/7_branch_pythoon_operator.py took 0.281 seconds
[2026-09-20T23:14:39.990+0000] {processor.py:156} INFO - Started process (PID=2335) to work on /opt/airflow/dags/7_branch_pythoon_operator.py
[2026-09-20T23:14:40.005+0000] {processor.py:799} INFO - Processing file /opt/airflow/dags/7_branch_pythoon_operator.py for tasks to queue
[2026-09-20T23:14:40.007+0000] {logging_mixin.py:149} INFO - [2026-09-20T23:14:40.006+0000] {dagbag.py:541} INFO - Filling up the DagBag from /opt/airflow/dags/7_branch_pythoon_operator.py
[2026-09-20T23:14:40.041+0000] {processor.py:809} INFO - DAG(s) dict_keys(['7-branching']) retrieved from /opt/airflow/dags/7_branch_pythoon_operator.py
[2026-09-20T23:14:40.087+0000] {logging_mixin.py:149} INFO - [2026-09-20T23:14:40.087+0000] {dag.py:2726} INFO - Sync 1 DAGs
[2026-09-20T23:14:40.129+0000] {logging_mixin.py:149} INFO - [2026-09-20T23:14:40.129+0000] {dag.py:3490} INFO - Setting next_dagrun for 7-branching to None, run_after=None
[2026-09-20T23:14:40.174+0000] {processor.py:178} INFO - Processing /opt/airflow/dags/7_branch_pythoon_operator.py took 0.190 seconds
[2026-09-20T23:15:11.160+0000] {processor.py:156} INFO - Started process (PID=2345) to work on /opt/airflow/dags/7_branch_pythoon_operator.py
[2026-09-20T23:15:11.162+0000] {processor.py:799} INFO - Processing file /opt/airflow/dags/7_branch_pythoon_operator.py for tasks to queue
[2026-09-20T23:15:11.163+0000] {logging_mixin.py:149} INFO - [2026-09-20T23:15:11.163+0000] {dagbag.py:541} INFO - Filling up the DagBag from /opt/airflow/dags/7_branch_pythoon_operator.py
[2026-09-20T23:15:11.188+0000] {processor.py:809} INFO - DAG(s) dict_keys(['7-branching']) retrieved from /opt/airflow/dags/7_branch_pythoon_operator.py
[2026-09-20T23:15:11.241+0000] {logging_mixin.py:149} INFO - [2026-09-20T23:15:11.241+0000] {dag.py:2726} INFO - Sync 1 DAGs
[2026-09-20T23:15:11.284+0000] {logging_mixin.py:149} INFO - [2026-09-20T23:15:11.283+0000] {dag.py:3490} INFO - Setting next_dagrun for 7-branching to None, run_after=None
[2026-09-20T23:15:11.312+0000] {processor.py:178} INFO - Processing /opt/airflow/dags/7_branch_pythoon_operator.py took 0.160 seconds
[2026-09-20T23:15:41.451+0000] {processor.py:156} INFO - Started process (PID=2355) to work on /opt/airflow/dags/7_branch_pythoon_operator.py
[2026-09-20T23:15:41.454+0000] {processor.py:799} INFO - Processing file /opt/airflow/dags/7_branch_pythoon_operator.py for tasks to queue
[2026-09-20T23:15:41.456+0000] {logging_mixin.py:149} INFO - [2026-09-20T23:15:41.455+0000] {dagbag.py:541} INFO - Filling up the DagBag from /opt/airflow/dags/7_branch_pythoon_operator.py
[2026-09-20T23:15:41.479+0000] {processor.py:809} INFO - DAG(s) dict_keys(['7-branching']) retrieved from /opt/airflow/dags/7_branch_pythoon_operator.py
[2026-09-20T23:15:41.532+0000] {logging_mixin.py:149} INFO - [2026-09-20T23:15:41.532+0000] {dag.py:2726} INFO - Sync 1 DAGs
[2026-09-20T23:15:41.572+0000] {logging_mixin.py:149} INFO - [2026-09-20T23:15:41.571+0000] {dag.py:3490} INFO - Setting next_dagrun for 7-branching to None, run_after=None
[2026-09-20T23:15:41.611+0000] {processor.py:178} INFO - Processing /opt/airflow/dags/7_branch_pythoon_operator.py took 0.170 seconds
[2026-09-20T23:16:11.709+0000] {processor.py:156} INFO - Started process (PID=2365) to work on /opt/airflow/dags/7_branch_pythoon_operator.py
[2026-09-20T23:16:11.715+0000] {processor.py:799} INFO - Processing file /opt/airflow/dags/7_branch_pythoon_operator.py for tasks to queue
[2026-09-20T23:16:11.717+0000] {logging_mixin.py:149} INFO - [2026-09-20T23:16:11.716+0000] {dagbag.py:541} INFO - Filling up the DagBag from /opt/airflow/dags/7_branch_pythoon_operator.py
[2026-09-20T23:16:11.745+0000] {processor.py:809} INFO - DAG(s) dict_keys(['7-branching']) retrieved from /opt/airflow/dags/7_branch_pythoon_operator.py
[2026-09-20T23:16:11.830+0000] {logging_mixin.py:149} INFO - [2026-09-20T23:16:11.829+0000] {dag.py:2726} INFO - Sync 1 DAGs
[2026-09-20T23:16:11.899+0000] {logging_mixin.py:149} INFO - [2026-09-20T23:16:11.899+0000] {dag.py:3490} INFO - Setting next_dagrun for 7-branching to None, run_after=None
[2026-09-20T23:16:11.963+0000] {processor.py:178} INFO - Processing /opt/airflow/dags/7_branch_pythoon_operator.py took 0.261 seconds
[2026-09-20T23:16:42.906+0000] {processor.py:156} INFO - Started process (PID=2375) to work on /opt/airflow/dags/7_branch_pythoon_operator.py
[2026-09-20T23:16:42.909+0000] {processor.py:799} INFO - Processing file /opt/airflow/dags/7_branch_pythoon_operator.py for tasks to queue
[2026-09-20T23:16:42.910+0000] {logging_mixin.py:149} INFO - [2026-09-20T23:16:42.910+0000] {dagbag.py:541} INFO - Filling up the DagBag from /opt/airflow/dags/7_branch_pythoon_operator.py
[2026-09-20T23:16:42.933+0000] {processor.py:809} INFO - DAG(s) dict_keys(['7-branching']) retrieved from /opt/airflow/dags/7_branch_pythoon_operator.py
[2026-09-20T23:16:42.986+0000] {logging_mixin.py:149} INFO - [2026-09-20T23:16:42.985+0000] {dag.py:2726} INFO - Sync 1 DAGs
[2026-09-20T23:16:43.029+0000] {logging_mixin.py:149} INFO - [2026-09-20T23:16:43.029+0000] {dag.py:3490} INFO - Setting next_dagrun for 7-branching to None, run_after=None
[2026-09-20T23:16:43.057+0000] {processor.py:178} INFO - Processing /opt/airflow/dags/7_branch_pythoon_operator.py took 0.160 seconds
[2026-09-20T23:17:13.214+0000] {processor.py:156} INFO - Started process (PID=2385) to work on /opt/airflow/dags/7_branch_pythoon_operator.py
[2026-09-20T23:17:13.218+0000] {processor.py:799} INFO - Processing file /opt/airflow/dags/7_branch_pythoon_operator.py for tasks to queue
[2026-09-20T23:17:13.219+0000] {logging_mixin.py:149} INFO - [2026-09-20T23:17:13.219+0000] {dagbag.py:541} INFO - Filling up the DagBag from /opt/airflow/dags/7_branch_pythoon_operator.py
[2026-09-20T23:17:13.246+0000] {processor.py:809} INFO - DAG(s) dict_keys(['7-branching']) retrieved from /opt/airflow/dags/7_branch_pythoon_operator.py
[2026-09-20T23:17:13.310+0000] {logging_mixin.py:149} INFO - [2026-09-20T23:17:13.310+0000] {dag.py:2726} INFO - Sync 1 DAGs
[2026-09-20T23:17:13.356+0000] {logging_mixin.py:149} INFO - [2026-09-20T23:17:13.356+0000] {dag.py:3490} INFO - Setting next_dagrun for 7-branching to None, run_after=None
[2026-09-20T23:17:13.413+0000] {processor.py:178} INFO - Processing /opt/airflow/dags/7_branch_pythoon_operator.py took 0.212 seconds
[2026-09-20T23:17:43.566+0000] {processor.py:156} INFO - Started process (PID=2395) to work on /opt/airflow/dags/7_branch_pythoon_operator.py
[2026-09-20T23:17:43.570+0000] {processor.py:799} INFO - Processing file /opt/airflow/dags/7_branch_pythoon_operator.py for tasks to queue
[2026-09-20T23:17:43.571+0000] {logging_mixin.py:149} INFO - [2026-09-20T23:17:43.571+0000] {dagbag.py:541} INFO - Filling up the DagBag from /opt/airflow/dags/7_branch_pythoon_operator.py
[2026-09-20T23:17:43.594+0000] {processor.py:809} INFO - DAG(s) dict_keys(['7-branching']) retrieved from /opt/airflow/dags/7_branch_pythoon_operator.py
[2026-09-20T23:17:43.649+0000] {logging_mixin.py:149} INFO - [2026-09-20T23:17:43.648+0000] {dag.py:2726} INFO - Sync 1 DAGs
[2026-09-20T23:17:43.691+0000] {logging_mixin.py:149} INFO - [2026-09-20T23:17:43.691+0000] {dag.py:3490} INFO - Setting next_dagrun for 7-branching to None, run_after=None
[2026-09-20T23:17:43.737+0000] {processor.py:178} INFO - Processing /opt/airflow/dags/7_branch_pythoon_operator.py took 0.178 seconds
[2026-09-20T23:18:13.880+0000] {processor.py:156} INFO - Started process (PID=2405) to work on /opt/airflow/dags/7_branch_pythoon_operator.py
[2026-09-20T23:18:13.882+0000] {processor.py:799} INFO - Processing file /opt/airflow/dags/7_branch_pythoon_operator.py for tasks to queue
[2026-09-20T23:18:13.883+0000] {logging_mixin.py:149} INFO - [2026-09-20T23:18:13.883+0000] {dagbag.py:541} INFO - Filling up the DagBag from /opt/airflow/dags/7_branch_pythoon_operator.py
[2026-09-20T23:18:13.906+0000] {processor.py:809} INFO - DAG(s) dict_keys(['7-branching']) retrieved from /opt/airflow/dags/7_branch_pythoon_operator.py
[2026-09-20T23:18:13.957+0000] {logging_mixin.py:149} INFO - [2026-09-20T23:18:13.957+0000] {dag.py:2726} INFO - Sync 1 DAGs
[2026-09-20T23:18:14.008+0000] {logging_mixin.py:149} INFO - [2026-09-20T23:18:14.007+0000] {dag.py:3490} INFO - Setting next_dagrun for 7-branching to None, run_after=None
[2026-09-20T23:18:14.043+0000] {processor.py:178} INFO - Processing /opt/airflow/dags/7_branch_pythoon_operator.py took 0.169 seconds
[2026-09-20T23:18:44.152+0000] {processor.py:156} INFO - Started process (PID=2415) to work on /opt/airflow/dags/7_branch_pythoon_operator.py
[2026-09-20T23:18:44.154+0000] {processor.py:799} INFO - Processing file /opt/airflow/dags/7_branch_pythoon_operator.py for tasks to queue
[2026-09-20T23:18:44.155+0000] {logging_mixin.py:149} INFO - [2026-09-20T23:18:44.155+0000] {dagbag.py:541} INFO - Filling up the DagBag from /opt/airflow/dags/7_branch_pythoon_operator.py
[2026-09-20T23:18:44.177+0000] {processor.py:809} INFO - DAG(s) dict_keys(['7-branching']) retrieved from /opt/airflow/dags/7_branch_pythoon_operator.py
[2026-09-20T23:18:44.235+0000] {logging_mixin.py:149} INFO - [2026-09-20T23:18:44.234+0000] {dag.py:2726} INFO - Sync 1 DAGs
[2026-09-20T23:18:44.277+0000] {logging_mixin.py:149} INFO - [2026-09-20T23:18:44.277+0000] {dag.py:3490} INFO - Setting next_dagrun for 7-branching to None, run_after=None
[2026-09-20T23:18:44.310+0000] {processor.py:178} INFO - Processing /opt/airflow/dags/7_branch_pythoon_operator.py took 0.164 seconds
[2026-09-20T23:19:14.425+0000] {processor.py:156} INFO - Started process (PID=2425) to work on /opt/airflow/dags/7_branch_pythoon_operator.py
[2026-09-20T23:19:14.428+0000] {processor.py:799} INFO - Processing file /opt/airflow/dags/7_branch_pythoon_operator.py for tasks to queue
[2026-09-20T23:19:14.429+0000] {logging_mixin.py:149} INFO - [2026-09-20T23:19:14.429+0000] {dagbag.py:541} INFO - Filling up the DagBag from /opt/airflow/dags/7_branch_pythoon_operator.py
[2026-09-20T23:19:14.451+0000] {processor.py:809} INFO - DAG(s) dict_keys(['7-branching']) retrieved from /opt/airflow/dags/7_branch_pythoon_operator.py
[2026-09-20T23:19:14.511+0000] {logging_mixin.py:149} INFO - [2026-09-20T23:19:14.511+0000] {dag.py:2726} INFO - Sync 1 DAGs
[2026-09-20T23:19:14.554+0000] {logging_mixin.py:149} INFO - [2026-09-20T23:19:14.554+0000] {dag.py:3490} INFO - Setting next_dagrun for 7-branching to None, run_after=None
[2026-09-20T23:19:14.583+0000] {processor.py:178} INFO - Processing /opt/airflow/dags/7_branch_pythoon_operator.py took 0.167 seconds
[2026-09-20T23:19:45.246+0000] {processor.py:156} INFO - Started process (PID=2435) to work on /opt/airflow/dags/7_branch_pythoon_operator.py
[2026-09-20T23:19:45.249+0000] {processor.py:799} INFO - Processing file /opt/airflow/dags/7_branch_pythoon_operator.py for tasks to queue
[2026-09-20T23:19:45.250+0000] {logging_mixin.py:149} INFO - [2026-09-20T23:19:45.250+0000] {dagbag.py:541} INFO - Filling up the DagBag from /opt/airflow/dags/7_branch_pythoon_operator.py
[2026-09-20T23:19:45.268+0000] {processor.py:809} INFO - DAG(s) dict_keys(['7-branching']) retrieved from /opt/airflow/dags/7_branch_pythoon_operator.py
[2026-09-20T23:19:45.306+0000] {logging_mixin.py:149} INFO - [2026-09-20T23:19:45.306+0000] {dag.py:2726} INFO - Sync 1 DAGs
[2026-09-20T23:19:45.340+0000] {logging_mixin.py:149} INFO - [2026-09-20T23:19:45.340+0000] {dag.py:3490} INFO - Setting next_dagrun for 7-branching to None, run_after=None
[2026-09-20T23:19:45.361+0000] {processor.py:178} INFO - Processing /opt/airflow/dags/7_branch_pythoon_operator.py took 0.121 seconds
[2026-09-20T23:20:16.136+0000] {processor.py:156} INFO - Started process (PID=2445) to work on /opt/airflow/dags/7_branch_pythoon_operator.py
[2026-09-20T23:20:16.142+0000] {processor.py:799} INFO - Processing file /opt/airflow/dags/7_branch_pythoon_operator.py for tasks to queue
[2026-09-20T23:20:16.144+0000] {logging_mixin.py:149} INFO - [2026-09-20T23:20:16.143+0000] {dagbag.py:541} INFO - Filling up the DagBag from /opt/airflow/dags/7_branch_pythoon_operator.py
[2026-09-20T23:20:16.168+0000] {processor.py:809} INFO - DAG(s) dict_keys(['7-branching']) retrieved from /opt/airflow/dags/7_branch_pythoon_operator.py
[2026-09-20T23:20:16.224+0000] {logging_mixin.py:149} INFO - [2026-09-20T23:20:16.224+0000] {dag.py:2726} INFO - Sync 1 DAGs
[2026-09-20T23:20:16.270+0000] {logging_mixin.py:149} INFO - [2026-09-20T23:20:16.270+0000] {dag.py:3490} INFO - Setting next_dagrun for 7-branching to None, run_after=None
[2026-09-20T23:20:16.311+0000] {processor.py:178} INFO - Processing /opt/airflow/dags/7_branch_pythoon_operator.py took 0.184 seconds
[2026-09-20T23:20:46.358+0000] {processor.py:156} INFO - Started process (PID=2455) to work on /opt/airflow/dags/7_branch_pythoon_operator.py
[2026-09-20T23:20:46.360+0000] {processor.py:799} INFO - Processing file /opt/airflow/dags/7_branch_pythoon_operator.py for tasks to queue
[2026-09-20T23:20:46.362+0000] {logging_mixin.py:149} INFO - [2026-09-20T23:20:46.361+0000] {dagbag.py:541} INFO - Filling up the DagBag from /opt/airflow/dags/7_branch_pythoon_operator.py
[2026-09-20T23:20:46.392+0000] {processor.py:809} INFO - DAG(s) dict_keys(['7-branching']) retrieved from /opt/airflow/dags/7_branch_pythoon_operator.py
[2026-09-20T23:20:46.447+0000] {logging_mixin.py:149} INFO - [2026-09-20T23:20:46.447+0000] {dag.py:2726} INFO - Sync 1 DAGs
[2026-09-20T23:20:46.490+0000] {logging_mixin.py:149} INFO - [2026-09-20T23:20:46.490+0000] {dag.py:3490} INFO - Setting next_dagrun for 7-branching to None, run_after=None
[2026-09-20T23:20:46.534+0000] {processor.py:178} INFO - Processing /opt/airflow/dags/7_branch_pythoon_operator.py took 0.181 seconds
[2026-09-20T23:21:16.771+0000] {processor.py:156} INFO - Started process (PID=2465) to work on /opt/airflow/dags/7_branch_pythoon_operator.py
[2026-09-20T23:21:16.776+0000] {processor.py:799} INFO - Processing file /opt/airflow/dags/7_branch_pythoon_operator.py for tasks to queue
[2026-09-20T23:21:16.777+0000] {logging_mixin.py:149} INFO - [2026-09-20T23:21:16.777+0000] {dagbag.py:541} INFO - Filling up the DagBag from /opt/airflow/dags/7_branch_pythoon_operator.py
[2026-09-20T23:21:16.798+0000] {processor.py:809} INFO - DAG(s) dict_keys(['7-branching']) retrieved from /opt/airflow/dags/7_branch_pythoon_operator.py
[2026-09-20T23:21:16.888+0000] {logging_mixin.py:149} INFO - [2026-09-20T23:21:16.888+0000] {dag.py:2726} INFO - Sync 1 DAGs
[2026-09-20T23:21:16.938+0000] {logging_mixin.py:149} INFO - [2026-09-20T23:21:16.938+0000] {dag.py:3490} INFO - Setting next_dagrun for 7-branching to None, run_after=None
[2026-09-20T23:21:16.987+0000] {processor.py:178} INFO - Processing /opt/airflow/dags/7_branch_pythoon_operator.py took 0.221 seconds
[2026-09-20T23:21:47.037+0000] {processor.py:156} INFO - Started process (PID=2475) to work on /opt/airflow/dags/7_branch_pythoon_operator.py
[2026-09-20T23:21:47.066+0000] {processor.py:799} INFO - Processing file /opt/airflow/dags/7_branch_pythoon_operator.py for tasks to queue
[2026-09-20T23:21:47.068+0000] {logging_mixin.py:149} INFO - [2026-09-20T23:21:47.068+0000] {dagbag.py:541} INFO - Filling up the DagBag from /opt/airflow/dags/7_branch_pythoon_operator.py
[2026-09-20T23:21:47.093+0000] {processor.py:809} INFO - DAG(s) dict_keys(['7-branching']) retrieved from /opt/airflow/dags/7_branch_pythoon_operator.py
[2026-09-20T23:21:47.154+0000] {logging_mixin.py:149} INFO - [2026-09-20T23:21:47.154+0000] {dag.py:2726} INFO - Sync 1 DAGs
[2026-09-20T23:21:47.213+0000] {logging_mixin.py:149} INFO - [2026-09-20T23:21:47.213+0000] {dag.py:3490} INFO - Setting next_dagrun for 7-branching to None, run_after=None
[2026-09-20T23:21:47.267+0000] {processor.py:178} INFO - Processing /opt/airflow/dags/7_branch_pythoon_operator.py took 0.238 seconds
[2026-09-20T23:22:18.315+0000] {processor.py:156} INFO - Started process (PID=2485) to work on /opt/airflow/dags/7_branch_pythoon_operator.py
[2026-09-20T23:22:18.323+0000] {processor.py:799} INFO - Processing file /opt/airflow/dags/7_branch_pythoon_operator.py for tasks to queue
[2026-09-20T23:22:18.324+0000] {logging_mixin.py:149} INFO - [2026-09-20T23:22:18.324+0000] {dagbag.py:541} INFO - Filling up the DagBag from /opt/airflow/dags/7_branch_pythoon_operator.py
[2026-09-20T23:22:18.347+0000] {processor.py:809} INFO - DAG(s) dict_keys(['7-branching']) retrieved from /opt/airflow/dags/7_branch_pythoon_operator.py
[2026-09-20T23:22:18.407+0000] {logging_mixin.py:149} INFO - [2026-09-20T23:22:18.406+0000] {dag.py:2726} INFO - Sync 1 DAGs
[2026-09-20T23:22:18.455+0000] {logging_mixin.py:149} INFO - [2026-09-20T23:22:18.455+0000] {dag.py:3490} INFO - Setting next_dagrun for 7-branching to None, run_after=None
[2026-09-20T23:22:18.500+0000] {processor.py:178} INFO - Processing /opt/airflow/dags/7_branch_pythoon_operator.py took 0.190 seconds
[2026-09-20T23:22:48.827+0000] {processor.py:156} INFO - Started process (PID=2495) to work on /opt/airflow/dags/7_branch_pythoon_operator.py
[2026-09-20T23:22:48.833+0000] {processor.py:799} INFO - Processing file /opt/airflow/dags/7_branch_pythoon_operator.py for tasks to queue
[2026-09-20T23:22:48.835+0000] {logging_mixin.py:149} INFO - [2026-09-20T23:22:48.835+0000] {dagbag.py:541} INFO - Filling up the DagBag from /opt/airflow/dags/7_branch_pythoon_operator.py
[2026-09-20T23:22:48.864+0000] {processor.py:809} INFO - DAG(s) dict_keys(['7-branching']) retrieved from /opt/airflow/dags/7_branch_pythoon_operator.py
[2026-09-20T23:22:48.938+0000] {logging_mixin.py:149} INFO - [2026-09-20T23:22:48.938+0000] {dag.py:2726} INFO - Sync 1 DAGs
[2026-09-20T23:22:48.981+0000] {logging_mixin.py:149} INFO - [2026-09-20T23:22:48.981+0000] {dag.py:3490} INFO - Setting next_dagrun for 7-branching to None, run_after=None
[2026-09-20T23:22:49.017+0000] {processor.py:178} INFO - Processing /opt/airflow/dags/7_branch_pythoon_operator.py took 0.198 seconds
[2026-09-20T23:23:19.130+0000] {processor.py:156} INFO - Started process (PID=2505) to work on /opt/airflow/dags/7_branch_pythoon_operator.py
[2026-09-20T23:23:19.132+0000] {processor.py:799} INFO - Processing file /opt/airflow/dags/7_branch_pythoon_operator.py for tasks to queue
[2026-09-20T23:23:19.134+0000] {logging_mixin.py:149} INFO - [2026-09-20T23:23:19.134+0000] {dagbag.py:541} INFO - Filling up the DagBag from /opt/airflow/dags/7_branch_pythoon_operator.py
[2026-09-20T23:23:19.175+0000] {processor.py:809} INFO - DAG(s) dict_keys(['7-branching']) retrieved from /opt/airflow/dags/7_branch_pythoon_operator.py
[2026-09-20T23:23:19.223+0000] {logging_mixin.py:149} INFO - [2026-09-20T23:23:19.223+0000] {dag.py:2726} INFO - Sync 1 DAGs
[2026-09-20T23:23:19.265+0000] {logging_mixin.py:149} INFO - [2026-09-20T23:23:19.265+0000] {dag.py:3490} INFO - Setting next_dagrun for 7-branching to None, run_after=None
[2026-09-20T23:23:19.309+0000] {processor.py:178} INFO - Processing /opt/airflow/dags/7_branch_pythoon_operator.py took 0.187 seconds
[2026-09-20T23:23:49.520+0000] {processor.py:156} INFO - Started process (PID=2515) to work on /opt/airflow/dags/7_branch_pythoon_operator.py
[2026-09-20T23:23:49.526+0000] {processor.py:799} INFO - Processing file /opt/airflow/dags/7_branch_pythoon_operator.py for tasks to queue
[2026-09-20T23:23:49.527+0000] {logging_mixin.py:149} INFO - [2026-09-20T23:23:49.527+0000] {dagbag.py:541} INFO - Filling up the DagBag from /opt/airflow/dags/7_branch_pythoon_operator.py
[2026-09-20T23:23:49.576+0000] {processor.py:809} INFO - DAG(s) dict_keys(['7-branching']) retrieved from /opt/airflow/dags/7_branch_pythoon_operator.py
[2026-09-20T23:23:49.671+0000] {logging_mixin.py:149} INFO - [2026-09-20T23:23:49.670+0000] {dag.py:2726} INFO - Sync 1 DAGs
[2026-09-20T23:23:49.758+0000] {logging_mixin.py:149} INFO - [2026-09-20T23:23:49.757+0000] {dag.py:3490} INFO - Setting next_dagrun for 7-branching to None, run_after=None
[2026-09-20T23:23:49.804+0000] {processor.py:178} INFO - Processing /opt/airflow/dags/7_branch_pythoon_operator.py took 0.303 seconds
[2026-09-20T23:24:19.917+0000] {processor.py:156} INFO - Started process (PID=2525) to work on /opt/airflow/dags/7_branch_pythoon_operator.py
[2026-09-20T23:24:19.919+0000] {processor.py:799} INFO - Processing file /opt/airflow/dags/7_branch_pythoon_operator.py for tasks to queue
[2026-09-20T23:24:19.920+0000] {logging_mixin.py:149} INFO - [2026-09-20T23:24:19.920+0000] {dagbag.py:541} INFO - Filling up the DagBag from /opt/airflow/dags/7_branch_pythoon_operator.py
[2026-09-20T23:24:19.942+0000] {processor.py:809} INFO - DAG(s) dict_keys(['7-branching']) retrieved from /opt/airflow/dags/7_branch_pythoon_operator.py
[2026-09-20T23:24:20.046+0000] {logging_mixin.py:149} INFO - [2026-09-20T23:24:20.046+0000] {dag.py:2726} INFO - Sync 1 DAGs
[2026-09-20T23:24:20.097+0000] {logging_mixin.py:149} INFO - [2026-09-20T23:24:20.097+0000] {dag.py:3490} INFO - Setting next_dagrun for 7-branching to None, run_after=None
[2026-09-20T23:24:20.170+0000] {processor.py:178} INFO - Processing /opt/airflow/dags/7_branch_pythoon_operator.py took 0.262 seconds
[2026-09-20T23:24:50.416+0000] {processor.py:156} INFO - Started process (PID=2535) to work on /opt/airflow/dags/7_branch_pythoon_operator.py
[2026-09-20T23:24:50.419+0000] {processor.py:799} INFO - Processing file /opt/airflow/dags/7_branch_pythoon_operator.py for tasks to queue
[2026-09-20T23:24:50.421+0000] {logging_mixin.py:149} INFO - [2026-09-20T23:24:50.420+0000] {dagbag.py:541} INFO - Filling up the DagBag from /opt/airflow/dags/7_branch_pythoon_operator.py
[2026-09-20T23:24:50.445+0000] {processor.py:809} INFO - DAG(s) dict_keys(['7-branching']) retrieved from /opt/airflow/dags/7_branch_pythoon_operator.py
[2026-09-20T23:24:50.493+0000] {logging_mixin.py:149} INFO - [2026-09-20T23:24:50.493+0000] {dag.py:2726} INFO - Sync 1 DAGs
[2026-09-20T23:24:50.536+0000] {logging_mixin.py:149} INFO - [2026-09-20T23:24:50.536+0000] {dag.py:3490} INFO - Setting next_dagrun for 7-branching to None, run_after=None
[2026-09-20T23:24:50.569+0000] {processor.py:178} INFO - Processing /opt/airflow/dags/7_branch_pythoon_operator.py took 0.158 seconds
[2026-09-20T23:25:20.740+0000] {processor.py:156} INFO - Started process (PID=2545) to work on /opt/airflow/dags/7_branch_pythoon_operator.py
[2026-09-20T23:25:20.751+0000] {processor.py:799} INFO - Processing file /opt/airflow/dags/7_branch_pythoon_operator.py for tasks to queue
[2026-09-20T23:25:20.753+0000] {logging_mixin.py:149} INFO - [2026-09-20T23:25:20.752+0000] {dagbag.py:541} INFO - Filling up the DagBag from /opt/airflow/dags/7_branch_pythoon_operator.py
[2026-09-20T23:25:20.790+0000] {processor.py:809} INFO - DAG(s) dict_keys(['7-branching']) retrieved from /opt/airflow/dags/7_branch_pythoon_operator.py
[2026-09-20T23:25:20.884+0000] {logging_mixin.py:149} INFO - [2026-09-20T23:25:20.884+0000] {dag.py:2726} INFO - Sync 1 DAGs
[2026-09-20T23:25:20.942+0000] {logging_mixin.py:149} INFO - [2026-09-20T23:25:20.942+0000] {dag.py:3490} INFO - Setting next_dagrun for 7-branching to None, run_after=None
[2026-09-20T23:25:21.018+0000] {processor.py:178} INFO - Processing /opt/airflow/dags/7_branch_pythoon_operator.py took 0.289 seconds
[2026-09-20T23:25:51.237+0000] {processor.py:156} INFO - Started process (PID=2555) to work on /opt/airflow/dags/7_branch_pythoon_operator.py
[2026-09-20T23:25:51.245+0000] {processor.py:799} INFO - Processing file /opt/airflow/dags/7_branch_pythoon_operator.py for tasks to queue
[2026-09-20T23:25:51.246+0000] {logging_mixin.py:149} INFO - [2026-09-20T23:25:51.246+0000] {dagbag.py:541} INFO - Filling up the DagBag from /opt/airflow/dags/7_branch_pythoon_operator.py
[2026-09-20T23:25:51.276+0000] {processor.py:809} INFO - DAG(s) dict_keys(['7-branching']) retrieved from /opt/airflow/dags/7_branch_pythoon_operator.py
[2026-09-20T23:25:51.326+0000] {logging_mixin.py:149} INFO - [2026-09-20T23:25:51.325+0000] {dag.py:2726} INFO - Sync 1 DAGs
[2026-09-20T23:25:51.369+0000] {logging_mixin.py:149} INFO - [2026-09-20T23:25:51.369+0000] {dag.py:3490} INFO - Setting next_dagrun for 7-branching to None, run_after=None
[2026-09-20T23:25:51.411+0000] {processor.py:178} INFO - Processing /opt/airflow/dags/7_branch_pythoon_operator.py took 0.181 seconds
[2026-09-20T23:26:22.255+0000] {processor.py:156} INFO - Started process (PID=2565) to work on /opt/airflow/dags/7_branch_pythoon_operator.py
[2026-09-20T23:26:22.258+0000] {processor.py:799} INFO - Processing file /opt/airflow/dags/7_branch_pythoon_operator.py for tasks to queue
[2026-09-20T23:26:22.259+0000] {logging_mixin.py:149} INFO - [2026-09-20T23:26:22.258+0000] {dagbag.py:541} INFO - Filling up the DagBag from /opt/airflow/dags/7_branch_pythoon_operator.py
[2026-09-20T23:26:22.281+0000] {processor.py:809} INFO - DAG(s) dict_keys(['7-branching']) retrieved from /opt/airflow/dags/7_branch_pythoon_operator.py
[2026-09-20T23:26:22.332+0000] {logging_mixin.py:149} INFO - [2026-09-20T23:26:22.332+0000] {dag.py:2726} INFO - Sync 1 DAGs
[2026-09-20T23:26:22.375+0000] {logging_mixin.py:149} INFO - [2026-09-20T23:26:22.375+0000] {dag.py:3490} INFO - Setting next_dagrun for 7-branching to None, run_after=None
[2026-09-20T23:26:22.426+0000] {processor.py:178} INFO - Processing /opt/airflow/dags/7_branch_pythoon_operator.py took 0.178 seconds
[2026-09-20T23:26:52.519+0000] {processor.py:156} INFO - Started process (PID=2576) to work on /opt/airflow/dags/7_branch_pythoon_operator.py
[2026-09-20T23:26:52.522+0000] {processor.py:799} INFO - Processing file /opt/airflow/dags/7_branch_pythoon_operator.py for tasks to queue
[2026-09-20T23:26:52.523+0000] {logging_mixin.py:149} INFO - [2026-09-20T23:26:52.523+0000] {dagbag.py:541} INFO - Filling up the DagBag from /opt/airflow/dags/7_branch_pythoon_operator.py
[2026-09-20T23:26:52.545+0000] {processor.py:809} INFO - DAG(s) dict_keys(['7-branching']) retrieved from /opt/airflow/dags/7_branch_pythoon_operator.py
[2026-09-20T23:26:52.596+0000] {logging_mixin.py:149} INFO - [2026-09-20T23:26:52.595+0000] {dag.py:2726} INFO - Sync 1 DAGs
[2026-09-20T23:26:52.635+0000] {logging_mixin.py:149} INFO - [2026-09-20T23:26:52.634+0000] {dag.py:3490} INFO - Setting next_dagrun for 7-branching to None, run_after=None
[2026-09-20T23:26:52.663+0000] {processor.py:178} INFO - Processing /opt/airflow/dags/7_branch_pythoon_operator.py took 0.151 seconds
[2026-09-20T23:27:22.781+0000] {processor.py:156} INFO - Started process (PID=2586) to work on /opt/airflow/dags/7_branch_pythoon_operator.py
[2026-09-20T23:27:22.786+0000] {processor.py:799} INFO - Processing file /opt/airflow/dags/7_branch_pythoon_operator.py for tasks to queue
[2026-09-20T23:27:22.788+0000] {logging_mixin.py:149} INFO - [2026-09-20T23:27:22.788+0000] {dagbag.py:541} INFO - Filling up the DagBag from /opt/airflow/dags/7_branch_pythoon_operator.py
[2026-09-20T23:27:22.815+0000] {processor.py:809} INFO - DAG(s) dict_keys(['7-branching']) retrieved from /opt/airflow/dags/7_branch_pythoon_operator.py
[2026-09-20T23:27:22.886+0000] {logging_mixin.py:149} INFO - [2026-09-20T23:27:22.885+0000] {dag.py:2726} INFO - Sync 1 DAGs
[2026-09-20T23:27:22.931+0000] {logging_mixin.py:149} INFO - [2026-09-20T23:27:22.931+0000] {dag.py:3490} INFO - Setting next_dagrun for 7-branching to None, run_after=None
[2026-09-20T23:27:22.968+0000] {processor.py:178} INFO - Processing /opt/airflow/dags/7_branch_pythoon_operator.py took 0.194 seconds
[2026-09-20T23:27:53.329+0000] {processor.py:156} INFO - Started process (PID=2598) to work on /opt/airflow/dags/7_branch_pythoon_operator.py
[2026-09-20T23:27:53.331+0000] {processor.py:799} INFO - Processing file /opt/airflow/dags/7_branch_pythoon_operator.py for tasks to queue
[2026-09-20T23:27:53.334+0000] {logging_mixin.py:149} INFO - [2026-09-20T23:27:53.333+0000] {dagbag.py:541} INFO - Filling up the DagBag from /opt/airflow/dags/7_branch_pythoon_operator.py
[2026-09-20T23:27:53.372+0000] {processor.py:809} INFO - DAG(s) dict_keys(['7-branching']) retrieved from /opt/airflow/dags/7_branch_pythoon_operator.py
[2026-09-20T23:27:53.453+0000] {logging_mixin.py:149} INFO - [2026-09-20T23:27:53.452+0000] {dag.py:2726} INFO - Sync 1 DAGs
[2026-09-20T23:27:53.497+0000] {logging_mixin.py:149} INFO - [2026-09-20T23:27:53.497+0000] {dag.py:3490} INFO - Setting next_dagrun for 7-branching to None, run_after=None
[2026-09-20T23:27:53.530+0000] {processor.py:178} INFO - Processing /opt/airflow/dags/7_branch_pythoon_operator.py took 0.208 seconds
[2026-09-20T23:28:23.759+0000] {processor.py:156} INFO - Started process (PID=2608) to work on /opt/airflow/dags/7_branch_pythoon_operator.py
[2026-09-20T23:28:23.762+0000] {processor.py:799} INFO - Processing file /opt/airflow/dags/7_branch_pythoon_operator.py for tasks to queue
[2026-09-20T23:28:23.764+0000] {logging_mixin.py:149} INFO - [2026-09-20T23:28:23.763+0000] {dagbag.py:541} INFO - Filling up the DagBag from /opt/airflow/dags/7_branch_pythoon_operator.py
[2026-09-20T23:28:23.786+0000] {processor.py:809} INFO - DAG(s) dict_keys(['7-branching']) retrieved from /opt/airflow/dags/7_branch_pythoon_operator.py
[2026-09-20T23:28:23.848+0000] {logging_mixin.py:149} INFO - [2026-09-20T23:28:23.848+0000] {dag.py:2726} INFO - Sync 1 DAGs
[2026-09-20T23:28:23.905+0000] {logging_mixin.py:149} INFO - [2026-09-20T23:28:23.904+0000] {dag.py:3490} INFO - Setting next_dagrun for 7-branching to None, run_after=None
[2026-09-20T23:28:23.968+0000] {processor.py:178} INFO - Processing /opt/airflow/dags/7_branch_pythoon_operator.py took 0.216 seconds
[2026-09-20T23:28:54.092+0000] {processor.py:156} INFO - Started process (PID=2618) to work on /opt/airflow/dags/7_branch_pythoon_operator.py
[2026-09-20T23:28:54.095+0000] {processor.py:799} INFO - Processing file /opt/airflow/dags/7_branch_pythoon_operator.py for tasks to queue
[2026-09-20T23:28:54.097+0000] {logging_mixin.py:149} INFO - [2026-09-20T23:28:54.096+0000] {dagbag.py:541} INFO - Filling up the DagBag from /opt/airflow/dags/7_branch_pythoon_operator.py
[2026-09-20T23:28:54.139+0000] {processor.py:809} INFO - DAG(s) dict_keys(['7-branching']) retrieved from /opt/airflow/dags/7_branch_pythoon_operator.py
[2026-09-20T23:28:54.200+0000] {logging_mixin.py:149} INFO - [2026-09-20T23:28:54.199+0000] {dag.py:2726} INFO - Sync 1 DAGs
[2026-09-20T23:28:54.257+0000] {logging_mixin.py:149} INFO - [2026-09-20T23:28:54.257+0000] {dag.py:3490} INFO - Setting next_dagrun for 7-branching to None, run_after=None
[2026-09-20T23:28:54.313+0000] {processor.py:178} INFO - Processing /opt/airflow/dags/7_branch_pythoon_operator.py took 0.241 seconds
[2026-09-20T23:29:24.524+0000] {processor.py:156} INFO - Started process (PID=2628) to work on /opt/airflow/dags/7_branch_pythoon_operator.py
[2026-09-20T23:29:24.544+0000] {processor.py:799} INFO - Processing file /opt/airflow/dags/7_branch_pythoon_operator.py for tasks to queue
[2026-09-20T23:29:24.545+0000] {logging_mixin.py:149} INFO - [2026-09-20T23:29:24.545+0000] {dagbag.py:541} INFO - Filling up the DagBag from /opt/airflow/dags/7_branch_pythoon_operator.py
[2026-09-20T23:29:24.615+0000] {processor.py:809} INFO - DAG(s) dict_keys(['7-branching']) retrieved from /opt/airflow/dags/7_branch_pythoon_operator.py
[2026-09-20T23:29:24.750+0000] {logging_mixin.py:149} INFO - [2026-09-20T23:29:24.750+0000] {dag.py:2726} INFO - Sync 1 DAGs
[2026-09-20T23:29:24.819+0000] {logging_mixin.py:149} INFO - [2026-09-20T23:29:24.818+0000] {dag.py:3490} INFO - Setting next_dagrun for 7-branching to None, run_after=None
[2026-09-20T23:29:24.873+0000] {processor.py:178} INFO - Processing /opt/airflow/dags/7_branch_pythoon_operator.py took 0.363 seconds
[2026-09-20T23:29:54.927+0000] {processor.py:156} INFO - Started process (PID=2638) to work on /opt/airflow/dags/7_branch_pythoon_operator.py
[2026-09-20T23:29:54.930+0000] {processor.py:799} INFO - Processing file /opt/airflow/dags/7_branch_pythoon_operator.py for tasks to queue
[2026-09-20T23:29:54.931+0000] {logging_mixin.py:149} INFO - [2026-09-20T23:29:54.931+0000] {dagbag.py:541} INFO - Filling up the DagBag from /opt/airflow/dags/7_branch_pythoon_operator.py
[2026-09-20T23:29:54.955+0000] {processor.py:809} INFO - DAG(s) dict_keys(['7-branching']) retrieved from /opt/airflow/dags/7_branch_pythoon_operator.py
[2026-09-20T23:29:55.006+0000] {logging_mixin.py:149} INFO - [2026-09-20T23:29:55.006+0000] {dag.py:2726} INFO - Sync 1 DAGs
[2026-09-20T23:29:55.050+0000] {logging_mixin.py:149} INFO - [2026-09-20T23:29:55.049+0000] {dag.py:3490} INFO - Setting next_dagrun for 7-branching to None, run_after=None
[2026-09-20T23:29:55.097+0000] {processor.py:178} INFO - Processing /opt/airflow/dags/7_branch_pythoon_operator.py took 0.176 seconds
[2026-09-20T23:30:25.271+0000] {processor.py:156} INFO - Started process (PID=2648) to work on /opt/airflow/dags/7_branch_pythoon_operator.py
[2026-09-20T23:30:25.274+0000] {processor.py:799} INFO - Processing file /opt/airflow/dags/7_branch_pythoon_operator.py for tasks to queue
[2026-09-20T23:30:25.275+0000] {logging_mixin.py:149} INFO - [2026-09-20T23:30:25.275+0000] {dagbag.py:541} INFO - Filling up the DagBag from /opt/airflow/dags/7_branch_pythoon_operator.py
[2026-09-20T23:30:25.301+0000] {processor.py:809} INFO - DAG(s) dict_keys(['7-branching']) retrieved from /opt/airflow/dags/7_branch_pythoon_operator.py
[2026-09-20T23:30:25.372+0000] {logging_mixin.py:149} INFO - [2026-09-20T23:30:25.371+0000] {dag.py:2726} INFO - Sync 1 DAGs
[2026-09-20T23:30:25.431+0000] {logging_mixin.py:149} INFO - [2026-09-20T23:30:25.431+0000] {dag.py:3490} INFO - Setting next_dagrun for 7-branching to None, run_after=None
[2026-09-20T23:30:25.486+0000] {processor.py:178} INFO - Processing /opt/airflow/dags/7_branch_pythoon_operator.py took 0.221 seconds
[2026-09-20T23:30:55.567+0000] {processor.py:156} INFO - Started process (PID=2658) to work on /opt/airflow/dags/7_branch_pythoon_operator.py
[2026-09-20T23:30:55.570+0000] {processor.py:799} INFO - Processing file /opt/airflow/dags/7_branch_pythoon_operator.py for tasks to queue
[2026-09-20T23:30:55.571+0000] {logging_mixin.py:149} INFO - [2026-09-20T23:30:55.571+0000] {dagbag.py:541} INFO - Filling up the DagBag from /opt/airflow/dags/7_branch_pythoon_operator.py
[2026-09-20T23:30:55.594+0000] {processor.py:809} INFO - DAG(s) dict_keys(['7-branching']) retrieved from /opt/airflow/dags/7_branch_pythoon_operator.py
[2026-09-20T23:30:55.646+0000] {logging_mixin.py:149} INFO - [2026-09-20T23:30:55.646+0000] {dag.py:2726} INFO - Sync 1 DAGs
[2026-09-20T23:30:55.694+0000] {logging_mixin.py:149} INFO - [2026-09-20T23:30:55.694+0000] {dag.py:3490} INFO - Setting next_dagrun for 7-branching to None, run_after=None
[2026-09-20T23:30:55.725+0000] {processor.py:178} INFO - Processing /opt/airflow/dags/7_branch_pythoon_operator.py took 0.164 seconds
[2026-09-20T23:31:26.043+0000] {processor.py:156} INFO - Started process (PID=2668) to work on /opt/airflow/dags/7_branch_pythoon_operator.py
[2026-09-20T23:31:26.050+0000] {processor.py:799} INFO - Processing file /opt/airflow/dags/7_branch_pythoon_operator.py for tasks to queue
[2026-09-20T23:31:26.051+0000] {logging_mixin.py:149} INFO - [2026-09-20T23:31:26.051+0000] {dagbag.py:541} INFO - Filling up the DagBag from /opt/airflow/dags/7_branch_pythoon_operator.py
[2026-09-20T23:31:26.073+0000] {processor.py:809} INFO - DAG(s) dict_keys(['7-branching']) retrieved from /opt/airflow/dags/7_branch_pythoon_operator.py
[2026-09-20T23:31:26.124+0000] {logging_mixin.py:149} INFO - [2026-09-20T23:31:26.124+0000] {dag.py:2726} INFO - Sync 1 DAGs
[2026-09-20T23:31:26.164+0000] {logging_mixin.py:149} INFO - [2026-09-20T23:31:26.164+0000] {dag.py:3490} INFO - Setting next_dagrun for 7-branching to None, run_after=None
[2026-09-20T23:31:26.193+0000] {processor.py:178} INFO - Processing /opt/airflow/dags/7_branch_pythoon_operator.py took 0.156 seconds
[2026-09-20T23:31:56.466+0000] {processor.py:156} INFO - Started process (PID=2678) to work on /opt/airflow/dags/7_branch_pythoon_operator.py
[2026-09-20T23:31:56.468+0000] {processor.py:799} INFO - Processing file /opt/airflow/dags/7_branch_pythoon_operator.py for tasks to queue
[2026-09-20T23:31:56.469+0000] {logging_mixin.py:149} INFO - [2026-09-20T23:31:56.469+0000] {dagbag.py:541} INFO - Filling up the DagBag from /opt/airflow/dags/7_branch_pythoon_operator.py
[2026-09-20T23:31:56.487+0000] {processor.py:809} INFO - DAG(s) dict_keys(['7-branching']) retrieved from /opt/airflow/dags/7_branch_pythoon_operator.py
[2026-09-20T23:31:56.539+0000] {logging_mixin.py:149} INFO - [2026-09-20T23:31:56.539+0000] {dag.py:2726} INFO - Sync 1 DAGs
[2026-09-20T23:31:56.577+0000] {logging_mixin.py:149} INFO - [2026-09-20T23:31:56.576+0000] {dag.py:3490} INFO - Setting next_dagrun for 7-branching to None, run_after=None
[2026-09-20T23:31:56.606+0000] {processor.py:178} INFO - Processing /opt/airflow/dags/7_branch_pythoon_operator.py took 0.146 seconds
[2026-09-20T23:32:26.758+0000] {processor.py:156} INFO - Started process (PID=2688) to work on /opt/airflow/dags/7_branch_pythoon_operator.py
[2026-09-20T23:32:26.761+0000] {processor.py:799} INFO - Processing file /opt/airflow/dags/7_branch_pythoon_operator.py for tasks to queue
[2026-09-20T23:32:26.762+0000] {logging_mixin.py:149} INFO - [2026-09-20T23:32:26.762+0000] {dagbag.py:541} INFO - Filling up the DagBag from /opt/airflow/dags/7_branch_pythoon_operator.py
[2026-09-20T23:32:26.786+0000] {processor.py:809} INFO - DAG(s) dict_keys(['7-branching']) retrieved from /opt/airflow/dags/7_branch_pythoon_operator.py
[2026-09-20T23:32:26.842+0000] {logging_mixin.py:149} INFO - [2026-09-20T23:32:26.842+0000] {dag.py:2726} INFO - Sync 1 DAGs
[2026-09-20T23:32:26.897+0000] {logging_mixin.py:149} INFO - [2026-09-20T23:32:26.896+0000] {dag.py:3490} INFO - Setting next_dagrun for 7-branching to None, run_after=None
[2026-09-20T23:32:26.945+0000] {processor.py:178} INFO - Processing /opt/airflow/dags/7_branch_pythoon_operator.py took 0.194 seconds
[2026-09-20T23:32:57.069+0000] {processor.py:156} INFO - Started process (PID=2698) to work on /opt/airflow/dags/7_branch_pythoon_operator.py
[2026-09-20T23:32:57.074+0000] {processor.py:799} INFO - Processing file /opt/airflow/dags/7_branch_pythoon_operator.py for tasks to queue
[2026-09-20T23:32:57.076+0000] {logging_mixin.py:149} INFO - [2026-09-20T23:32:57.076+0000] {dagbag.py:541} INFO - Filling up the DagBag from /opt/airflow/dags/7_branch_pythoon_operator.py
[2026-09-20T23:32:57.104+0000] {processor.py:809} INFO - DAG(s) dict_keys(['7-branching']) retrieved from /opt/airflow/dags/7_branch_pythoon_operator.py
[2026-09-20T23:32:57.155+0000] {logging_mixin.py:149} INFO - [2026-09-20T23:32:57.154+0000] {dag.py:2726} INFO - Sync 1 DAGs
[2026-09-20T23:32:57.195+0000] {logging_mixin.py:149} INFO - [2026-09-20T23:32:57.195+0000] {dag.py:3490} INFO - Setting next_dagrun for 7-branching to None, run_after=None
[2026-09-20T23:32:57.224+0000] {processor.py:178} INFO - Processing /opt/airflow/dags/7_branch_pythoon_operator.py took 0.162 seconds
[2026-09-20T23:33:27.342+0000] {processor.py:156} INFO - Started process (PID=2708) to work on /opt/airflow/dags/7_branch_pythoon_operator.py
[2026-09-20T23:33:27.344+0000] {processor.py:799} INFO - Processing file /opt/airflow/dags/7_branch_pythoon_operator.py for tasks to queue
[2026-09-20T23:33:27.345+0000] {logging_mixin.py:149} INFO - [2026-09-20T23:33:27.345+0000] {dagbag.py:541} INFO - Filling up the DagBag from /opt/airflow/dags/7_branch_pythoon_operator.py
[2026-09-20T23:33:27.366+0000] {processor.py:809} INFO - DAG(s) dict_keys(['7-branching']) retrieved from /opt/airflow/dags/7_branch_pythoon_operator.py
[2026-09-20T23:33:27.416+0000] {logging_mixin.py:149} INFO - [2026-09-20T23:33:27.416+0000] {dag.py:2726} INFO - Sync 1 DAGs
[2026-09-20T23:33:27.456+0000] {logging_mixin.py:149} INFO - [2026-09-20T23:33:27.455+0000] {dag.py:3490} INFO - Setting next_dagrun for 7-branching to None, run_after=None
[2026-09-20T23:33:27.488+0000] {processor.py:178} INFO - Processing /opt/airflow/dags/7_branch_pythoon_operator.py took 0.158 seconds
[2026-09-20T23:33:57.732+0000] {processor.py:156} INFO - Started process (PID=2718) to work on /opt/airflow/dags/7_branch_pythoon_operator.py
[2026-09-20T23:33:57.738+0000] {processor.py:799} INFO - Processing file /opt/airflow/dags/7_branch_pythoon_operator.py for tasks to queue
[2026-09-20T23:33:57.739+0000] {logging_mixin.py:149} INFO - [2026-09-20T23:33:57.739+0000] {dagbag.py:541} INFO - Filling up the DagBag from /opt/airflow/dags/7_branch_pythoon_operator.py
[2026-09-20T23:33:57.761+0000] {processor.py:809} INFO - DAG(s) dict_keys(['7-branching']) retrieved from /opt/airflow/dags/7_branch_pythoon_operator.py
[2026-09-20T23:33:57.817+0000] {logging_mixin.py:149} INFO - [2026-09-20T23:33:57.817+0000] {dag.py:2726} INFO - Sync 1 DAGs
[2026-09-20T23:33:57.864+0000] {logging_mixin.py:149} INFO - [2026-09-20T23:33:57.864+0000] {dag.py:3490} INFO - Setting next_dagrun for 7-branching to None, run_after=None
[2026-09-20T23:33:57.901+0000] {processor.py:178} INFO - Processing /opt/airflow/dags/7_branch_pythoon_operator.py took 0.174 seconds
[2026-09-20T23:34:27.965+0000] {processor.py:156} INFO - Started process (PID=2728) to work on /opt/airflow/dags/7_branch_pythoon_operator.py
[2026-09-20T23:34:27.967+0000] {processor.py:799} INFO - Processing file /opt/airflow/dags/7_branch_pythoon_operator.py for tasks to queue
[2026-09-20T23:34:27.968+0000] {logging_mixin.py:149} INFO - [2026-09-20T23:34:27.968+0000] {dagbag.py:541} INFO - Filling up the DagBag from /opt/airflow/dags/7_branch_pythoon_operator.py
[2026-09-20T23:34:28.000+0000] {processor.py:809} INFO - DAG(s) dict_keys(['7-branching']) retrieved from /opt/airflow/dags/7_branch_pythoon_operator.py
[2026-09-20T23:34:28.068+0000] {logging_mixin.py:149} INFO - [2026-09-20T23:34:28.068+0000] {dag.py:2726} INFO - Sync 1 DAGs
[2026-09-20T23:34:28.122+0000] {logging_mixin.py:149} INFO - [2026-09-20T23:34:28.121+0000] {dag.py:3490} INFO - Setting next_dagrun for 7-branching to None, run_after=None
[2026-09-20T23:34:28.158+0000] {processor.py:178} INFO - Processing /opt/airflow/dags/7_branch_pythoon_operator.py took 0.200 seconds
[2026-09-20T23:34:58.384+0000] {processor.py:156} INFO - Started process (PID=2738) to work on /opt/airflow/dags/7_branch_pythoon_operator.py
[2026-09-20T23:34:58.388+0000] {processor.py:799} INFO - Processing file /opt/airflow/dags/7_branch_pythoon_operator.py for tasks to queue
[2026-09-20T23:34:58.389+0000] {logging_mixin.py:149} INFO - [2026-09-20T23:34:58.389+0000] {dagbag.py:541} INFO - Filling up the DagBag from /opt/airflow/dags/7_branch_pythoon_operator.py
[2026-09-20T23:34:58.411+0000] {processor.py:809} INFO - DAG(s) dict_keys(['7-branching']) retrieved from /opt/airflow/dags/7_branch_pythoon_operator.py
[2026-09-20T23:34:58.470+0000] {logging_mixin.py:149} INFO - [2026-09-20T23:34:58.469+0000] {dag.py:2726} INFO - Sync 1 DAGs
[2026-09-20T23:34:58.508+0000] {logging_mixin.py:149} INFO - [2026-09-20T23:34:58.508+0000] {dag.py:3490} INFO - Setting next_dagrun for 7-branching to None, run_after=None
[2026-09-20T23:34:58.542+0000] {processor.py:178} INFO - Processing /opt/airflow/dags/7_branch_pythoon_operator.py took 0.164 seconds
[2026-09-20T23:35:28.637+0000] {processor.py:156} INFO - Started process (PID=2748) to work on /opt/airflow/dags/7_branch_pythoon_operator.py
[2026-09-20T23:35:28.652+0000] {processor.py:799} INFO - Processing file /opt/airflow/dags/7_branch_pythoon_operator.py for tasks to queue
[2026-09-20T23:35:28.654+0000] {logging_mixin.py:149} INFO - [2026-09-20T23:35:28.653+0000] {dagbag.py:541} INFO - Filling up the DagBag from /opt/airflow/dags/7_branch_pythoon_operator.py
[2026-09-20T23:35:28.701+0000] {processor.py:809} INFO - DAG(s) dict_keys(['7-branching']) retrieved from /opt/airflow/dags/7_branch_pythoon_operator.py
[2026-09-20T23:35:28.764+0000] {logging_mixin.py:149} INFO - [2026-09-20T23:35:28.763+0000] {dag.py:2726} INFO - Sync 1 DAGs
[2026-09-20T23:35:28.810+0000] {logging_mixin.py:149} INFO - [2026-09-20T23:35:28.810+0000] {dag.py:3490} INFO - Setting next_dagrun for 7-branching to None, run_after=None
[2026-09-20T23:35:28.847+0000] {processor.py:178} INFO - Processing /opt/airflow/dags/7_branch_pythoon_operator.py took 0.241 seconds
[2026-09-20T23:35:58.898+0000] {processor.py:156} INFO - Started process (PID=2758) to work on /opt/airflow/dags/7_branch_pythoon_operator.py
[2026-09-20T23:35:58.900+0000] {processor.py:799} INFO - Processing file /opt/airflow/dags/7_branch_pythoon_operator.py for tasks to queue
[2026-09-20T23:35:58.901+0000] {logging_mixin.py:149} INFO - [2026-09-20T23:35:58.901+0000] {dagbag.py:541} INFO - Filling up the DagBag from /opt/airflow/dags/7_branch_pythoon_operator.py
[2026-09-20T23:35:58.924+0000] {processor.py:809} INFO - DAG(s) dict_keys(['7-branching']) retrieved from /opt/airflow/dags/7_branch_pythoon_operator.py
[2026-09-20T23:35:58.980+0000] {logging_mixin.py:149} INFO - [2026-09-20T23:35:58.980+0000] {dag.py:2726} INFO - Sync 1 DAGs
[2026-09-20T23:35:59.055+0000] {logging_mixin.py:149} INFO - [2026-09-20T23:35:59.055+0000] {dag.py:3490} INFO - Setting next_dagrun for 7-branching to None, run_after=None
[2026-09-20T23:35:59.096+0000] {processor.py:178} INFO - Processing /opt/airflow/dags/7_branch_pythoon_operator.py took 0.204 seconds
[2026-09-20T23:36:29.251+0000] {processor.py:156} INFO - Started process (PID=2768) to work on /opt/airflow/dags/7_branch_pythoon_operator.py
[2026-09-20T23:36:29.257+0000] {processor.py:799} INFO - Processing file /opt/airflow/dags/7_branch_pythoon_operator.py for tasks to queue
[2026-09-20T23:36:29.259+0000] {logging_mixin.py:149} INFO - [2026-09-20T23:36:29.259+0000] {dagbag.py:541} INFO - Filling up the DagBag from /opt/airflow/dags/7_branch_pythoon_operator.py
[2026-09-20T23:36:29.291+0000] {processor.py:809} INFO - DAG(s) dict_keys(['7-branching']) retrieved from /opt/airflow/dags/7_branch_pythoon_operator.py
[2026-09-20T23:36:29.345+0000] {logging_mixin.py:149} INFO - [2026-09-20T23:36:29.345+0000] {dag.py:2726} INFO - Sync 1 DAGs
[2026-09-20T23:36:29.391+0000] {logging_mixin.py:149} INFO - [2026-09-20T23:36:29.391+0000] {dag.py:3490} INFO - Setting next_dagrun for 7-branching to None, run_after=None
[2026-09-20T23:36:29.432+0000] {processor.py:178} INFO - Processing /opt/airflow/dags/7_branch_pythoon_operator.py took 0.200 seconds
[2026-09-20T23:36:59.577+0000] {processor.py:156} INFO - Started process (PID=2778) to work on /opt/airflow/dags/7_branch_pythoon_operator.py
[2026-09-20T23:36:59.580+0000] {processor.py:799} INFO - Processing file /opt/airflow/dags/7_branch_pythoon_operator.py for tasks to queue
[2026-09-20T23:36:59.581+0000] {logging_mixin.py:149} INFO - [2026-09-20T23:36:59.581+0000] {dagbag.py:541} INFO - Filling up the DagBag from /opt/airflow/dags/7_branch_pythoon_operator.py
[2026-09-20T23:36:59.604+0000] {processor.py:809} INFO - DAG(s) dict_keys(['7-branching']) retrieved from /opt/airflow/dags/7_branch_pythoon_operator.py
[2026-09-20T23:36:59.651+0000] {logging_mixin.py:149} INFO - [2026-09-20T23:36:59.650+0000] {dag.py:2726} INFO - Sync 1 DAGs
[2026-09-20T23:36:59.691+0000] {logging_mixin.py:149} INFO - [2026-09-20T23:36:59.691+0000] {dag.py:3490} INFO - Setting next_dagrun for 7-branching to None, run_after=None
[2026-09-20T23:36:59.720+0000] {processor.py:178} INFO - Processing /opt/airflow/dags/7_branch_pythoon_operator.py took 0.149 seconds
[2026-09-20T23:37:29.945+0000] {processor.py:156} INFO - Started process (PID=2788) to work on /opt/airflow/dags/7_branch_pythoon_operator.py
[2026-09-20T23:37:29.947+0000] {processor.py:799} INFO - Processing file /opt/airflow/dags/7_branch_pythoon_operator.py for tasks to queue
[2026-09-20T23:37:29.948+0000] {logging_mixin.py:149} INFO - [2026-09-20T23:37:29.948+0000] {dagbag.py:541} INFO - Filling up the DagBag from /opt/airflow/dags/7_branch_pythoon_operator.py
[2026-09-20T23:37:29.971+0000] {processor.py:809} INFO - DAG(s) dict_keys(['7-branching']) retrieved from /opt/airflow/dags/7_branch_pythoon_operator.py
[2026-09-20T23:37:30.028+0000] {logging_mixin.py:149} INFO - [2026-09-20T23:37:30.027+0000] {dag.py:2726} INFO - Sync 1 DAGs
[2026-09-20T23:37:30.071+0000] {logging_mixin.py:149} INFO - [2026-09-20T23:37:30.071+0000] {dag.py:3490} INFO - Setting next_dagrun for 7-branching to None, run_after=None
[2026-09-20T23:37:30.109+0000] {processor.py:178} INFO - Processing /opt/airflow/dags/7_branch_pythoon_operator.py took 0.172 seconds
[2026-09-20T23:38:00.213+0000] {processor.py:156} INFO - Started process (PID=2798) to work on /opt/airflow/dags/7_branch_pythoon_operator.py
[2026-09-20T23:38:00.216+0000] {processor.py:799} INFO - Processing file /opt/airflow/dags/7_branch_pythoon_operator.py for tasks to queue
[2026-09-20T23:38:00.217+0000] {logging_mixin.py:149} INFO - [2026-09-20T23:38:00.217+0000] {dagbag.py:541} INFO - Filling up the DagBag from /opt/airflow/dags/7_branch_pythoon_operator.py
[2026-09-20T23:38:00.241+0000] {processor.py:809} INFO - DAG(s) dict_keys(['7-branching']) retrieved from /opt/airflow/dags/7_branch_pythoon_operator.py
[2026-09-20T23:38:00.315+0000] {logging_mixin.py:149} INFO - [2026-09-20T23:38:00.315+0000] {dag.py:2726} INFO - Sync 1 DAGs
[2026-09-20T23:38:00.363+0000] {logging_mixin.py:149} INFO - [2026-09-20T23:38:00.362+0000] {dag.py:3490} INFO - Setting next_dagrun for 7-branching to None, run_after=None
[2026-09-20T23:38:00.408+0000] {processor.py:178} INFO - Processing /opt/airflow/dags/7_branch_pythoon_operator.py took 0.201 seconds
[2026-09-20T23:38:30.468+0000] {processor.py:156} INFO - Started process (PID=2808) to work on /opt/airflow/dags/7_branch_pythoon_operator.py
[2026-09-20T23:38:30.471+0000] {processor.py:799} INFO - Processing file /opt/airflow/dags/7_branch_pythoon_operator.py for tasks to queue
[2026-09-20T23:38:30.472+0000] {logging_mixin.py:149} INFO - [2026-09-20T23:38:30.471+0000] {dagbag.py:541} INFO - Filling up the DagBag from /opt/airflow/dags/7_branch_pythoon_operator.py
[2026-09-20T23:38:30.493+0000] {processor.py:809} INFO - DAG(s) dict_keys(['7-branching']) retrieved from /opt/airflow/dags/7_branch_pythoon_operator.py
[2026-09-20T23:38:30.544+0000] {logging_mixin.py:149} INFO - [2026-09-20T23:38:30.543+0000] {dag.py:2726} INFO - Sync 1 DAGs
[2026-09-20T23:38:30.586+0000] {logging_mixin.py:149} INFO - [2026-09-20T23:38:30.585+0000] {dag.py:3490} INFO - Setting next_dagrun for 7-branching to None, run_after=None
[2026-09-20T23:38:30.626+0000] {processor.py:178} INFO - Processing /opt/airflow/dags/7_branch_pythoon_operator.py took 0.164 seconds
[2026-09-20T23:39:00.858+0000] {processor.py:156} INFO - Started process (PID=2818) to work on /opt/airflow/dags/7_branch_pythoon_operator.py
[2026-09-20T23:39:00.872+0000] {processor.py:799} INFO - Processing file /opt/airflow/dags/7_branch_pythoon_operator.py for tasks to queue
[2026-09-20T23:39:00.873+0000] {logging_mixin.py:149} INFO - [2026-09-20T23:39:00.873+0000] {dagbag.py:541} INFO - Filling up the DagBag from /opt/airflow/dags/7_branch_pythoon_operator.py
[2026-09-20T23:39:00.904+0000] {processor.py:809} INFO - DAG(s) dict_keys(['7-branching']) retrieved from /opt/airflow/dags/7_branch_pythoon_operator.py
[2026-09-20T23:39:00.957+0000] {logging_mixin.py:149} INFO - [2026-09-20T23:39:00.957+0000] {dag.py:2726} INFO - Sync 1 DAGs
[2026-09-20T23:39:01.023+0000] {logging_mixin.py:149} INFO - [2026-09-20T23:39:01.023+0000] {dag.py:3490} INFO - Setting next_dagrun for 7-branching to None, run_after=None
[2026-09-20T23:39:01.060+0000] {processor.py:178} INFO - Processing /opt/airflow/dags/7_branch_pythoon_operator.py took 0.212 seconds
[2026-09-20T23:39:31.789+0000] {processor.py:156} INFO - Started process (PID=2828) to work on /opt/airflow/dags/7_branch_pythoon_operator.py
[2026-09-20T23:39:31.790+0000] {processor.py:799} INFO - Processing file /opt/airflow/dags/7_branch_pythoon_operator.py for tasks to queue
[2026-09-20T23:39:31.791+0000] {logging_mixin.py:149} INFO - [2026-09-20T23:39:31.791+0000] {dagbag.py:541} INFO - Filling up the DagBag from /opt/airflow/dags/7_branch_pythoon_operator.py
[2026-09-20T23:39:31.811+0000] {processor.py:809} INFO - DAG(s) dict_keys(['7-branching']) retrieved from /opt/airflow/dags/7_branch_pythoon_operator.py
[2026-09-20T23:39:31.874+0000] {logging_mixin.py:149} INFO - [2026-09-20T23:39:31.873+0000] {dag.py:2726} INFO - Sync 1 DAGs
[2026-09-20T23:39:31.914+0000] {logging_mixin.py:149} INFO - [2026-09-20T23:39:31.913+0000] {dag.py:3490} INFO - Setting next_dagrun for 7-branching to None, run_after=None
[2026-09-20T23:39:31.936+0000] {processor.py:178} INFO - Processing /opt/airflow/dags/7_branch_pythoon_operator.py took 0.153 seconds
[2026-09-20T23:40:02.819+0000] {processor.py:156} INFO - Started process (PID=2838) to work on /opt/airflow/dags/7_branch_pythoon_operator.py
[2026-09-20T23:40:02.823+0000] {processor.py:799} INFO - Processing file /opt/airflow/dags/7_branch_pythoon_operator.py for tasks to queue
[2026-09-20T23:40:02.824+0000] {logging_mixin.py:149} INFO - [2026-09-20T23:40:02.824+0000] {dagbag.py:541} INFO - Filling up the DagBag from /opt/airflow/dags/7_branch_pythoon_operator.py
[2026-09-20T23:40:02.847+0000] {processor.py:809} INFO - DAG(s) dict_keys(['7-branching']) retrieved from /opt/airflow/dags/7_branch_pythoon_operator.py
[2026-09-20T23:40:02.919+0000] {logging_mixin.py:149} INFO - [2026-09-20T23:40:02.918+0000] {dag.py:2726} INFO - Sync 1 DAGs
[2026-09-20T23:40:02.959+0000] {logging_mixin.py:149} INFO - [2026-09-20T23:40:02.958+0000] {dag.py:3490} INFO - Setting next_dagrun for 7-branching to None, run_after=None
[2026-09-20T23:40:02.995+0000] {processor.py:178} INFO - Processing /opt/airflow/dags/7_branch_pythoon_operator.py took 0.182 seconds
[2026-09-20T23:40:33.143+0000] {processor.py:156} INFO - Started process (PID=2848) to work on /opt/airflow/dags/7_branch_pythoon_operator.py
[2026-09-20T23:40:33.145+0000] {processor.py:799} INFO - Processing file /opt/airflow/dags/7_branch_pythoon_operator.py for tasks to queue
[2026-09-20T23:40:33.146+0000] {logging_mixin.py:149} INFO - [2026-09-20T23:40:33.146+0000] {dagbag.py:541} INFO - Filling up the DagBag from /opt/airflow/dags/7_branch_pythoon_operator.py
[2026-09-20T23:40:33.169+0000] {processor.py:809} INFO - DAG(s) dict_keys(['7-branching']) retrieved from /opt/airflow/dags/7_branch_pythoon_operator.py
[2026-09-20T23:40:33.221+0000] {logging_mixin.py:149} INFO - [2026-09-20T23:40:33.220+0000] {dag.py:2726} INFO - Sync 1 DAGs
[2026-09-20T23:40:33.271+0000] {logging_mixin.py:149} INFO - [2026-09-20T23:40:33.271+0000] {dag.py:3490} INFO - Setting next_dagrun for 7-branching to None, run_after=None
[2026-09-20T23:40:33.325+0000] {processor.py:178} INFO - Processing /opt/airflow/dags/7_branch_pythoon_operator.py took 0.190 seconds
[2026-09-20T23:41:03.486+0000] {processor.py:156} INFO - Started process (PID=2858) to work on /opt/airflow/dags/7_branch_pythoon_operator.py
[2026-09-20T23:41:03.497+0000] {processor.py:799} INFO - Processing file /opt/airflow/dags/7_branch_pythoon_operator.py for tasks to queue
[2026-09-20T23:41:03.502+0000] {logging_mixin.py:149} INFO - [2026-09-20T23:41:03.501+0000] {dagbag.py:541} INFO - Filling up the DagBag from /opt/airflow/dags/7_branch_pythoon_operator.py
[2026-09-20T23:41:03.543+0000] {processor.py:809} INFO - DAG(s) dict_keys(['7-branching']) retrieved from /opt/airflow/dags/7_branch_pythoon_operator.py
[2026-09-20T23:41:03.689+0000] {logging_mixin.py:149} INFO - [2026-09-20T23:41:03.689+0000] {dag.py:2726} INFO - Sync 1 DAGs
[2026-09-20T23:41:03.793+0000] {logging_mixin.py:149} INFO - [2026-09-20T23:41:03.793+0000] {dag.py:3490} INFO - Setting next_dagrun for 7-branching to None, run_after=None
[2026-09-20T23:41:03.845+0000] {processor.py:178} INFO - Processing /opt/airflow/dags/7_branch_pythoon_operator.py took 0.367 seconds
[2026-09-20T23:41:34.788+0000] {processor.py:156} INFO - Started process (PID=2868) to work on /opt/airflow/dags/7_branch_pythoon_operator.py
[2026-09-20T23:41:34.797+0000] {processor.py:799} INFO - Processing file /opt/airflow/dags/7_branch_pythoon_operator.py for tasks to queue
[2026-09-20T23:41:34.799+0000] {logging_mixin.py:149} INFO - [2026-09-20T23:41:34.799+0000] {dagbag.py:541} INFO - Filling up the DagBag from /opt/airflow/dags/7_branch_pythoon_operator.py
[2026-09-20T23:41:34.851+0000] {processor.py:809} INFO - DAG(s) dict_keys(['7-branching']) retrieved from /opt/airflow/dags/7_branch_pythoon_operator.py
[2026-09-20T23:41:34.928+0000] {logging_mixin.py:149} INFO - [2026-09-20T23:41:34.928+0000] {dag.py:2726} INFO - Sync 1 DAGs
[2026-09-20T23:41:34.971+0000] {logging_mixin.py:149} INFO - [2026-09-20T23:41:34.971+0000] {dag.py:3490} INFO - Setting next_dagrun for 7-branching to None, run_after=None
[2026-09-20T23:41:35.002+0000] {processor.py:178} INFO - Processing /opt/airflow/dags/7_branch_pythoon_operator.py took 0.235 seconds
[2026-09-20T23:42:05.115+0000] {processor.py:156} INFO - Started process (PID=2878) to work on /opt/airflow/dags/7_branch_pythoon_operator.py
[2026-09-20T23:42:05.118+0000] {processor.py:799} INFO - Processing file /opt/airflow/dags/7_branch_pythoon_operator.py for tasks to queue
[2026-09-20T23:42:05.120+0000] {logging_mixin.py:149} INFO - [2026-09-20T23:42:05.120+0000] {dagbag.py:541} INFO - Filling up the DagBag from /opt/airflow/dags/7_branch_pythoon_operator.py
[2026-09-20T23:42:05.141+0000] {processor.py:809} INFO - DAG(s) dict_keys(['7-branching']) retrieved from /opt/airflow/dags/7_branch_pythoon_operator.py
[2026-09-20T23:42:05.223+0000] {logging_mixin.py:149} INFO - [2026-09-20T23:42:05.223+0000] {dag.py:2726} INFO - Sync 1 DAGs
[2026-09-20T23:42:05.284+0000] {logging_mixin.py:149} INFO - [2026-09-20T23:42:05.284+0000] {dag.py:3490} INFO - Setting next_dagrun for 7-branching to None, run_after=None
[2026-09-20T23:42:05.339+0000] {processor.py:178} INFO - Processing /opt/airflow/dags/7_branch_pythoon_operator.py took 0.230 seconds
[2026-09-20T23:42:35.467+0000] {processor.py:156} INFO - Started process (PID=2888) to work on /opt/airflow/dags/7_branch_pythoon_operator.py
[2026-09-20T23:42:35.470+0000] {processor.py:799} INFO - Processing file /opt/airflow/dags/7_branch_pythoon_operator.py for tasks to queue
[2026-09-20T23:42:35.479+0000] {logging_mixin.py:149} INFO - [2026-09-20T23:42:35.473+0000] {dagbag.py:541} INFO - Filling up the DagBag from /opt/airflow/dags/7_branch_pythoon_operator.py
[2026-09-20T23:42:35.560+0000] {processor.py:809} INFO - DAG(s) dict_keys(['7-branching']) retrieved from /opt/airflow/dags/7_branch_pythoon_operator.py
[2026-09-20T23:42:35.653+0000] {logging_mixin.py:149} INFO - [2026-09-20T23:42:35.653+0000] {dag.py:2726} INFO - Sync 1 DAGs
[2026-09-20T23:42:35.716+0000] {logging_mixin.py:149} INFO - [2026-09-20T23:42:35.715+0000] {dag.py:3490} INFO - Setting next_dagrun for 7-branching to None, run_after=None
[2026-09-20T23:42:35.765+0000] {processor.py:178} INFO - Processing /opt/airflow/dags/7_branch_pythoon_operator.py took 0.315 seconds
[2026-09-20T23:43:06.725+0000] {processor.py:156} INFO - Started process (PID=2898) to work on /opt/airflow/dags/7_branch_pythoon_operator.py
[2026-09-20T23:43:06.727+0000] {processor.py:799} INFO - Processing file /opt/airflow/dags/7_branch_pythoon_operator.py for tasks to queue
[2026-09-20T23:43:06.728+0000] {logging_mixin.py:149} INFO - [2026-09-20T23:43:06.728+0000] {dagbag.py:541} INFO - Filling up the DagBag from /opt/airflow/dags/7_branch_pythoon_operator.py
[2026-09-20T23:43:06.751+0000] {processor.py:809} INFO - DAG(s) dict_keys(['7-branching']) retrieved from /opt/airflow/dags/7_branch_pythoon_operator.py
[2026-09-20T23:43:06.807+0000] {logging_mixin.py:149} INFO - [2026-09-20T23:43:06.807+0000] {dag.py:2726} INFO - Sync 1 DAGs
[2026-09-20T23:43:06.861+0000] {logging_mixin.py:149} INFO - [2026-09-20T23:43:06.861+0000] {dag.py:3490} INFO - Setting next_dagrun for 7-branching to None, run_after=None
[2026-09-20T23:43:06.890+0000] {processor.py:178} INFO - Processing /opt/airflow/dags/7_branch_pythoon_operator.py took 0.171 seconds
[2026-09-20T23:43:37.061+0000] {processor.py:156} INFO - Started process (PID=2908) to work on /opt/airflow/dags/7_branch_pythoon_operator.py
[2026-09-20T23:43:37.063+0000] {processor.py:799} INFO - Processing file /opt/airflow/dags/7_branch_pythoon_operator.py for tasks to queue
[2026-09-20T23:43:37.064+0000] {logging_mixin.py:149} INFO - [2026-09-20T23:43:37.064+0000] {dagbag.py:541} INFO - Filling up the DagBag from /opt/airflow/dags/7_branch_pythoon_operator.py
[2026-09-20T23:43:37.086+0000] {processor.py:809} INFO - DAG(s) dict_keys(['7-branching']) retrieved from /opt/airflow/dags/7_branch_pythoon_operator.py
[2026-09-20T23:43:37.151+0000] {logging_mixin.py:149} INFO - [2026-09-20T23:43:37.151+0000] {dag.py:2726} INFO - Sync 1 DAGs
[2026-09-20T23:43:37.196+0000] {logging_mixin.py:149} INFO - [2026-09-20T23:43:37.196+0000] {dag.py:3490} INFO - Setting next_dagrun for 7-branching to None, run_after=None
[2026-09-20T23:43:37.228+0000] {processor.py:178} INFO - Processing /opt/airflow/dags/7_branch_pythoon_operator.py took 0.173 seconds
[2026-09-20T23:44:07.363+0000] {processor.py:156} INFO - Started process (PID=2918) to work on /opt/airflow/dags/7_branch_pythoon_operator.py
[2026-09-20T23:44:07.365+0000] {processor.py:799} INFO - Processing file /opt/airflow/dags/7_branch_pythoon_operator.py for tasks to queue
[2026-09-20T23:44:07.365+0000] {logging_mixin.py:149} INFO - [2026-09-20T23:44:07.365+0000] {dagbag.py:541} INFO - Filling up the DagBag from /opt/airflow/dags/7_branch_pythoon_operator.py
[2026-09-20T23:44:07.422+0000] {processor.py:809} INFO - DAG(s) dict_keys(['7-branching']) retrieved from /opt/airflow/dags/7_branch_pythoon_operator.py
[2026-09-20T23:44:07.525+0000] {logging_mixin.py:149} INFO - [2026-09-20T23:44:07.525+0000] {dag.py:2726} INFO - Sync 1 DAGs
[2026-09-20T23:44:07.584+0000] {logging_mixin.py:149} INFO - [2026-09-20T23:44:07.584+0000] {dag.py:3490} INFO - Setting next_dagrun for 7-branching to None, run_after=None
[2026-09-20T23:44:07.621+0000] {processor.py:178} INFO - Processing /opt/airflow/dags/7_branch_pythoon_operator.py took 0.266 seconds
[2026-09-20T23:44:37.724+0000] {processor.py:156} INFO - Started process (PID=2928) to work on /opt/airflow/dags/7_branch_pythoon_operator.py
[2026-09-20T23:44:37.727+0000] {processor.py:799} INFO - Processing file /opt/airflow/dags/7_branch_pythoon_operator.py for tasks to queue
[2026-09-20T23:44:37.728+0000] {logging_mixin.py:149} INFO - [2026-09-20T23:44:37.727+0000] {dagbag.py:541} INFO - Filling up the DagBag from /opt/airflow/dags/7_branch_pythoon_operator.py
[2026-09-20T23:44:37.749+0000] {processor.py:809} INFO - DAG(s) dict_keys(['7-branching']) retrieved from /opt/airflow/dags/7_branch_pythoon_operator.py
[2026-09-20T23:44:37.827+0000] {logging_mixin.py:149} INFO - [2026-09-20T23:44:37.827+0000] {dag.py:2726} INFO - Sync 1 DAGs
[2026-09-20T23:44:37.886+0000] {logging_mixin.py:149} INFO - [2026-09-20T23:44:37.885+0000] {dag.py:3490} INFO - Setting next_dagrun for 7-branching to None, run_after=None
[2026-09-20T23:44:37.933+0000] {processor.py:178} INFO - Processing /opt/airflow/dags/7_branch_pythoon_operator.py took 0.216 seconds
[2026-09-20T23:45:07.979+0000] {processor.py:156} INFO - Started process (PID=2938) to work on /opt/airflow/dags/7_branch_pythoon_operator.py
[2026-09-20T23:45:07.982+0000] {processor.py:799} INFO - Processing file /opt/airflow/dags/7_branch_pythoon_operator.py for tasks to queue
[2026-09-20T23:45:07.983+0000] {logging_mixin.py:149} INFO - [2026-09-20T23:45:07.983+0000] {dagbag.py:541} INFO - Filling up the DagBag from /opt/airflow/dags/7_branch_pythoon_operator.py
[2026-09-20T23:45:08.019+0000] {processor.py:809} INFO - DAG(s) dict_keys(['7-branching']) retrieved from /opt/airflow/dags/7_branch_pythoon_operator.py
[2026-09-20T23:45:08.095+0000] {logging_mixin.py:149} INFO - [2026-09-20T23:45:08.094+0000] {dag.py:2726} INFO - Sync 1 DAGs
[2026-09-20T23:45:08.166+0000] {logging_mixin.py:149} INFO - [2026-09-20T23:45:08.166+0000] {dag.py:3490} INFO - Setting next_dagrun for 7-branching to None, run_after=None
[2026-09-20T23:45:08.230+0000] {processor.py:178} INFO - Processing /opt/airflow/dags/7_branch_pythoon_operator.py took 0.261 seconds
[2026-09-20T23:45:38.278+0000] {processor.py:156} INFO - Started process (PID=2948) to work on /opt/airflow/dags/7_branch_pythoon_operator.py
[2026-09-20T23:45:38.288+0000] {processor.py:799} INFO - Processing file /opt/airflow/dags/7_branch_pythoon_operator.py for tasks to queue
[2026-09-20T23:45:38.290+0000] {logging_mixin.py:149} INFO - [2026-09-20T23:45:38.289+0000] {dagbag.py:541} INFO - Filling up the DagBag from /opt/airflow/dags/7_branch_pythoon_operator.py
[2026-09-20T23:45:38.318+0000] {processor.py:809} INFO - DAG(s) dict_keys(['7-branching']) retrieved from /opt/airflow/dags/7_branch_pythoon_operator.py
[2026-09-20T23:45:38.373+0000] {logging_mixin.py:149} INFO - [2026-09-20T23:45:38.373+0000] {dag.py:2726} INFO - Sync 1 DAGs
[2026-09-20T23:45:38.415+0000] {logging_mixin.py:149} INFO - [2026-09-20T23:45:38.415+0000] {dag.py:3490} INFO - Setting next_dagrun for 7-branching to None, run_after=None
[2026-09-20T23:45:38.470+0000] {processor.py:178} INFO - Processing /opt/airflow/dags/7_branch_pythoon_operator.py took 0.198 seconds
[2026-09-20T23:46:08.652+0000] {processor.py:156} INFO - Started process (PID=2958) to work on /opt/airflow/dags/7_branch_pythoon_operator.py
[2026-09-20T23:46:08.661+0000] {processor.py:799} INFO - Processing file /opt/airflow/dags/7_branch_pythoon_operator.py for tasks to queue
[2026-09-20T23:46:08.662+0000] {logging_mixin.py:149} INFO - [2026-09-20T23:46:08.662+0000] {dagbag.py:541} INFO - Filling up the DagBag from /opt/airflow/dags/7_branch_pythoon_operator.py
[2026-09-20T23:46:08.710+0000] {processor.py:809} INFO - DAG(s) dict_keys(['7-branching']) retrieved from /opt/airflow/dags/7_branch_pythoon_operator.py
[2026-09-20T23:46:08.780+0000] {logging_mixin.py:149} INFO - [2026-09-20T23:46:08.780+0000] {dag.py:2726} INFO - Sync 1 DAGs
[2026-09-20T23:46:08.858+0000] {logging_mixin.py:149} INFO - [2026-09-20T23:46:08.858+0000] {dag.py:3490} INFO - Setting next_dagrun for 7-branching to None, run_after=None
[2026-09-20T23:46:08.900+0000] {processor.py:178} INFO - Processing /opt/airflow/dags/7_branch_pythoon_operator.py took 0.254 seconds
[2026-09-20T23:46:38.978+0000] {processor.py:156} INFO - Started process (PID=2968) to work on /opt/airflow/dags/7_branch_pythoon_operator.py
[2026-09-20T23:46:38.982+0000] {processor.py:799} INFO - Processing file /opt/airflow/dags/7_branch_pythoon_operator.py for tasks to queue
[2026-09-20T23:46:38.987+0000] {logging_mixin.py:149} INFO - [2026-09-20T23:46:38.987+0000] {dagbag.py:541} INFO - Filling up the DagBag from /opt/airflow/dags/7_branch_pythoon_operator.py
[2026-09-20T23:46:39.023+0000] {processor.py:809} INFO - DAG(s) dict_keys(['7-branching']) retrieved from /opt/airflow/dags/7_branch_pythoon_operator.py
[2026-09-20T23:46:39.099+0000] {logging_mixin.py:149} INFO - [2026-09-20T23:46:39.098+0000] {dag.py:2726} INFO - Sync 1 DAGs
[2026-09-20T23:46:39.169+0000] {logging_mixin.py:149} INFO - [2026-09-20T23:46:39.168+0000] {dag.py:3490} INFO - Setting next_dagrun for 7-branching to None, run_after=None
[2026-09-20T23:46:39.233+0000] {processor.py:178} INFO - Processing /opt/airflow/dags/7_branch_pythoon_operator.py took 0.269 seconds
[2026-09-20T23:47:09.373+0000] {processor.py:156} INFO - Started process (PID=2978) to work on /opt/airflow/dags/7_branch_pythoon_operator.py
[2026-09-20T23:47:09.376+0000] {processor.py:799} INFO - Processing file /opt/airflow/dags/7_branch_pythoon_operator.py for tasks to queue
[2026-09-20T23:47:09.377+0000] {logging_mixin.py:149} INFO - [2026-09-20T23:47:09.377+0000] {dagbag.py:541} INFO - Filling up the DagBag from /opt/airflow/dags/7_branch_pythoon_operator.py
[2026-09-20T23:47:09.425+0000] {processor.py:809} INFO - DAG(s) dict_keys(['7-branching']) retrieved from /opt/airflow/dags/7_branch_pythoon_operator.py
[2026-09-20T23:47:09.518+0000] {logging_mixin.py:149} INFO - [2026-09-20T23:47:09.516+0000] {dag.py:2726} INFO - Sync 1 DAGs
[2026-09-20T23:47:09.593+0000] {logging_mixin.py:149} INFO - [2026-09-20T23:47:09.593+0000] {dag.py:3490} INFO - Setting next_dagrun for 7-branching to None, run_after=None
[2026-09-20T23:47:09.637+0000] {processor.py:178} INFO - Processing /opt/airflow/dags/7_branch_pythoon_operator.py took 0.270 seconds
[2026-09-20T23:47:39.693+0000] {processor.py:156} INFO - Started process (PID=2988) to work on /opt/airflow/dags/7_branch_pythoon_operator.py
[2026-09-20T23:47:39.696+0000] {processor.py:799} INFO - Processing file /opt/airflow/dags/7_branch_pythoon_operator.py for tasks to queue
[2026-09-20T23:47:39.697+0000] {logging_mixin.py:149} INFO - [2026-09-20T23:47:39.696+0000] {dagbag.py:541} INFO - Filling up the DagBag from /opt/airflow/dags/7_branch_pythoon_operator.py
[2026-09-20T23:47:39.723+0000] {processor.py:809} INFO - DAG(s) dict_keys(['7-branching']) retrieved from /opt/airflow/dags/7_branch_pythoon_operator.py
[2026-09-20T23:47:39.781+0000] {logging_mixin.py:149} INFO - [2026-09-20T23:47:39.781+0000] {dag.py:2726} INFO - Sync 1 DAGs
[2026-09-20T23:47:39.829+0000] {logging_mixin.py:149} INFO - [2026-09-20T23:47:39.829+0000] {dag.py:3490} INFO - Setting next_dagrun for 7-branching to None, run_after=None
[2026-09-20T23:47:39.866+0000] {processor.py:178} INFO - Processing /opt/airflow/dags/7_branch_pythoon_operator.py took 0.179 seconds
[2026-09-20T23:48:10.045+0000] {processor.py:156} INFO - Started process (PID=2998) to work on /opt/airflow/dags/7_branch_pythoon_operator.py
[2026-09-20T23:48:10.048+0000] {processor.py:799} INFO - Processing file /opt/airflow/dags/7_branch_pythoon_operator.py for tasks to queue
[2026-09-20T23:48:10.051+0000] {logging_mixin.py:149} INFO - [2026-09-20T23:48:10.050+0000] {dagbag.py:541} INFO - Filling up the DagBag from /opt/airflow/dags/7_branch_pythoon_operator.py
[2026-09-20T23:48:10.082+0000] {processor.py:809} INFO - DAG(s) dict_keys(['7-branching']) retrieved from /opt/airflow/dags/7_branch_pythoon_operator.py
[2026-09-20T23:48:10.157+0000] {logging_mixin.py:149} INFO - [2026-09-20T23:48:10.157+0000] {dag.py:2726} INFO - Sync 1 DAGs
[2026-09-20T23:48:10.201+0000] {logging_mixin.py:149} INFO - [2026-09-20T23:48:10.201+0000] {dag.py:3490} INFO - Setting next_dagrun for 7-branching to None, run_after=None
[2026-09-20T23:48:10.248+0000] {processor.py:178} INFO - Processing /opt/airflow/dags/7_branch_pythoon_operator.py took 0.216 seconds
[2026-09-20T23:48:40.412+0000] {processor.py:156} INFO - Started process (PID=3008) to work on /opt/airflow/dags/7_branch_pythoon_operator.py
[2026-09-20T23:48:40.418+0000] {processor.py:799} INFO - Processing file /opt/airflow/dags/7_branch_pythoon_operator.py for tasks to queue
[2026-09-20T23:48:40.420+0000] {logging_mixin.py:149} INFO - [2026-09-20T23:48:40.420+0000] {dagbag.py:541} INFO - Filling up the DagBag from /opt/airflow/dags/7_branch_pythoon_operator.py
[2026-09-20T23:48:40.464+0000] {processor.py:809} INFO - DAG(s) dict_keys(['7-branching']) retrieved from /opt/airflow/dags/7_branch_pythoon_operator.py
[2026-09-20T23:48:40.513+0000] {logging_mixin.py:149} INFO - [2026-09-20T23:48:40.513+0000] {dag.py:2726} INFO - Sync 1 DAGs
[2026-09-20T23:48:40.557+0000] {logging_mixin.py:149} INFO - [2026-09-20T23:48:40.556+0000] {dag.py:3490} INFO - Setting next_dagrun for 7-branching to None, run_after=None
[2026-09-20T23:48:40.585+0000] {processor.py:178} INFO - Processing /opt/airflow/dags/7_branch_pythoon_operator.py took 0.181 seconds
[2026-09-20T23:49:10.738+0000] {processor.py:156} INFO - Started process (PID=3018) to work on /opt/airflow/dags/7_branch_pythoon_operator.py
[2026-09-20T23:49:10.743+0000] {processor.py:799} INFO - Processing file /opt/airflow/dags/7_branch_pythoon_operator.py for tasks to queue
[2026-09-20T23:49:10.744+0000] {logging_mixin.py:149} INFO - [2026-09-20T23:49:10.744+0000] {dagbag.py:541} INFO - Filling up the DagBag from /opt/airflow/dags/7_branch_pythoon_operator.py
[2026-09-20T23:49:10.769+0000] {processor.py:809} INFO - DAG(s) dict_keys(['7-branching']) retrieved from /opt/airflow/dags/7_branch_pythoon_operator.py
[2026-09-20T23:49:10.824+0000] {logging_mixin.py:149} INFO - [2026-09-20T23:49:10.824+0000] {dag.py:2726} INFO - Sync 1 DAGs
[2026-09-20T23:49:10.879+0000] {logging_mixin.py:149} INFO - [2026-09-20T23:49:10.879+0000] {dag.py:3490} INFO - Setting next_dagrun for 7-branching to None, run_after=None
[2026-09-20T23:49:10.924+0000] {processor.py:178} INFO - Processing /opt/airflow/dags/7_branch_pythoon_operator.py took 0.193 seconds
[2026-09-20T23:49:41.122+0000] {processor.py:156} INFO - Started process (PID=3028) to work on /opt/airflow/dags/7_branch_pythoon_operator.py
[2026-09-20T23:49:41.127+0000] {processor.py:799} INFO - Processing file /opt/airflow/dags/7_branch_pythoon_operator.py for tasks to queue
[2026-09-20T23:49:41.128+0000] {logging_mixin.py:149} INFO - [2026-09-20T23:49:41.127+0000] {dagbag.py:541} INFO - Filling up the DagBag from /opt/airflow/dags/7_branch_pythoon_operator.py
[2026-09-20T23:49:41.150+0000] {processor.py:809} INFO - DAG(s) dict_keys(['7-branching']) retrieved from /opt/airflow/dags/7_branch_pythoon_operator.py
[2026-09-20T23:49:41.210+0000] {logging_mixin.py:149} INFO - [2026-09-20T23:49:41.209+0000] {dag.py:2726} INFO - Sync 1 DAGs
[2026-09-20T23:49:41.256+0000] {logging_mixin.py:149} INFO - [2026-09-20T23:49:41.256+0000] {dag.py:3490} INFO - Setting next_dagrun for 7-branching to None, run_after=None
[2026-09-20T23:49:41.291+0000] {processor.py:178} INFO - Processing /opt/airflow/dags/7_branch_pythoon_operator.py took 0.182 seconds
[2026-09-20T23:50:11.574+0000] {processor.py:156} INFO - Started process (PID=3038) to work on /opt/airflow/dags/7_branch_pythoon_operator.py
[2026-09-20T23:50:11.585+0000] {processor.py:799} INFO - Processing file /opt/airflow/dags/7_branch_pythoon_operator.py for tasks to queue
[2026-09-20T23:50:11.588+0000] {logging_mixin.py:149} INFO - [2026-09-20T23:50:11.587+0000] {dagbag.py:541} INFO - Filling up the DagBag from /opt/airflow/dags/7_branch_pythoon_operator.py
[2026-09-20T23:50:11.641+0000] {processor.py:809} INFO - DAG(s) dict_keys(['7-branching']) retrieved from /opt/airflow/dags/7_branch_pythoon_operator.py
[2026-09-20T23:50:11.783+0000] {logging_mixin.py:149} INFO - [2026-09-20T23:50:11.782+0000] {dag.py:2726} INFO - Sync 1 DAGs
[2026-09-20T23:50:11.886+0000] {logging_mixin.py:149} INFO - [2026-09-20T23:50:11.886+0000] {dag.py:3490} INFO - Setting next_dagrun for 7-branching to None, run_after=None
[2026-09-20T23:50:11.928+0000] {processor.py:178} INFO - Processing /opt/airflow/dags/7_branch_pythoon_operator.py took 0.360 seconds
[2026-09-20T23:50:42.209+0000] {processor.py:156} INFO - Started process (PID=3049) to work on /opt/airflow/dags/7_branch_pythoon_operator.py
[2026-09-20T23:50:42.212+0000] {processor.py:799} INFO - Processing file /opt/airflow/dags/7_branch_pythoon_operator.py for tasks to queue
[2026-09-20T23:50:42.215+0000] {logging_mixin.py:149} INFO - [2026-09-20T23:50:42.214+0000] {dagbag.py:541} INFO - Filling up the DagBag from /opt/airflow/dags/7_branch_pythoon_operator.py
[2026-09-20T23:50:42.253+0000] {processor.py:809} INFO - DAG(s) dict_keys(['7-branching']) retrieved from /opt/airflow/dags/7_branch_pythoon_operator.py
[2026-09-20T23:50:42.333+0000] {logging_mixin.py:149} INFO - [2026-09-20T23:50:42.333+0000] {dag.py:2726} INFO - Sync 1 DAGs
[2026-09-20T23:50:42.409+0000] {logging_mixin.py:149} INFO - [2026-09-20T23:50:42.408+0000] {dag.py:3490} INFO - Setting next_dagrun for 7-branching to None, run_after=None
[2026-09-20T23:50:42.447+0000] {processor.py:178} INFO - Processing /opt/airflow/dags/7_branch_pythoon_operator.py took 0.249 seconds
[2026-09-20T23:51:13.283+0000] {processor.py:156} INFO - Started process (PID=3059) to work on /opt/airflow/dags/7_branch_pythoon_operator.py
[2026-09-20T23:51:13.301+0000] {processor.py:799} INFO - Processing file /opt/airflow/dags/7_branch_pythoon_operator.py for tasks to queue
[2026-09-20T23:51:13.302+0000] {logging_mixin.py:149} INFO - [2026-09-20T23:51:13.302+0000] {dagbag.py:541} INFO - Filling up the DagBag from /opt/airflow/dags/7_branch_pythoon_operator.py
[2026-09-20T23:51:13.392+0000] {processor.py:809} INFO - DAG(s) dict_keys(['7-branching']) retrieved from /opt/airflow/dags/7_branch_pythoon_operator.py
[2026-09-20T23:51:13.502+0000] {logging_mixin.py:149} INFO - [2026-09-20T23:51:13.502+0000] {dag.py:2726} INFO - Sync 1 DAGs
[2026-09-20T23:51:13.550+0000] {logging_mixin.py:149} INFO - [2026-09-20T23:51:13.550+0000] {dag.py:3490} INFO - Setting next_dagrun for 7-branching to None, run_after=None
[2026-09-20T23:51:13.589+0000] {processor.py:178} INFO - Processing /opt/airflow/dags/7_branch_pythoon_operator.py took 0.334 seconds
[2026-09-20T23:51:43.645+0000] {processor.py:156} INFO - Started process (PID=3069) to work on /opt/airflow/dags/7_branch_pythoon_operator.py
[2026-09-20T23:51:43.647+0000] {processor.py:799} INFO - Processing file /opt/airflow/dags/7_branch_pythoon_operator.py for tasks to queue
[2026-09-20T23:51:43.648+0000] {logging_mixin.py:149} INFO - [2026-09-20T23:51:43.648+0000] {dagbag.py:541} INFO - Filling up the DagBag from /opt/airflow/dags/7_branch_pythoon_operator.py
[2026-09-20T23:51:43.678+0000] {processor.py:809} INFO - DAG(s) dict_keys(['7-branching']) retrieved from /opt/airflow/dags/7_branch_pythoon_operator.py
[2026-09-20T23:51:43.728+0000] {logging_mixin.py:149} INFO - [2026-09-20T23:51:43.727+0000] {dag.py:2726} INFO - Sync 1 DAGs
[2026-09-20T23:51:43.774+0000] {logging_mixin.py:149} INFO - [2026-09-20T23:51:43.774+0000] {dag.py:3490} INFO - Setting next_dagrun for 7-branching to None, run_after=None
[2026-09-20T23:51:43.815+0000] {processor.py:178} INFO - Processing /opt/airflow/dags/7_branch_pythoon_operator.py took 0.177 seconds
[2026-09-20T23:52:13.921+0000] {processor.py:156} INFO - Started process (PID=3079) to work on /opt/airflow/dags/7_branch_pythoon_operator.py
[2026-09-20T23:52:13.929+0000] {processor.py:799} INFO - Processing file /opt/airflow/dags/7_branch_pythoon_operator.py for tasks to queue
[2026-09-20T23:52:13.930+0000] {logging_mixin.py:149} INFO - [2026-09-20T23:52:13.930+0000] {dagbag.py:541} INFO - Filling up the DagBag from /opt/airflow/dags/7_branch_pythoon_operator.py
[2026-09-20T23:52:13.956+0000] {processor.py:809} INFO - DAG(s) dict_keys(['7-branching']) retrieved from /opt/airflow/dags/7_branch_pythoon_operator.py
[2026-09-20T23:52:14.030+0000] {logging_mixin.py:149} INFO - [2026-09-20T23:52:14.029+0000] {dag.py:2726} INFO - Sync 1 DAGs
[2026-09-20T23:52:14.083+0000] {logging_mixin.py:149} INFO - [2026-09-20T23:52:14.083+0000] {dag.py:3490} INFO - Setting next_dagrun for 7-branching to None, run_after=None
[2026-09-20T23:52:14.132+0000] {processor.py:178} INFO - Processing /opt/airflow/dags/7_branch_pythoon_operator.py took 0.218 seconds
[2026-09-20T23:52:44.940+0000] {processor.py:156} INFO - Started process (PID=3089) to work on /opt/airflow/dags/7_branch_pythoon_operator.py
[2026-09-20T23:52:44.942+0000] {processor.py:799} INFO - Processing file /opt/airflow/dags/7_branch_pythoon_operator.py for tasks to queue
[2026-09-20T23:52:44.943+0000] {logging_mixin.py:149} INFO - [2026-09-20T23:52:44.943+0000] {dagbag.py:541} INFO - Filling up the DagBag from /opt/airflow/dags/7_branch_pythoon_operator.py
[2026-09-20T23:52:44.965+0000] {processor.py:809} INFO - DAG(s) dict_keys(['7-branching']) retrieved from /opt/airflow/dags/7_branch_pythoon_operator.py
[2026-09-20T23:52:45.016+0000] {logging_mixin.py:149} INFO - [2026-09-20T23:52:45.016+0000] {dag.py:2726} INFO - Sync 1 DAGs
[2026-09-20T23:52:45.060+0000] {logging_mixin.py:149} INFO - [2026-09-20T23:52:45.060+0000] {dag.py:3490} INFO - Setting next_dagrun for 7-branching to None, run_after=None
[2026-09-20T23:52:45.093+0000] {processor.py:178} INFO - Processing /opt/airflow/dags/7_branch_pythoon_operator.py took 0.159 seconds
[2026-09-20T23:53:16.069+0000] {processor.py:156} INFO - Started process (PID=3099) to work on /opt/airflow/dags/7_branch_pythoon_operator.py
[2026-09-20T23:53:16.071+0000] {processor.py:799} INFO - Processing file /opt/airflow/dags/7_branch_pythoon_operator.py for tasks to queue
[2026-09-20T23:53:16.072+0000] {logging_mixin.py:149} INFO - [2026-09-20T23:53:16.072+0000] {dagbag.py:541} INFO - Filling up the DagBag from /opt/airflow/dags/7_branch_pythoon_operator.py
[2026-09-20T23:53:16.093+0000] {processor.py:809} INFO - DAG(s) dict_keys(['7-branching']) retrieved from /opt/airflow/dags/7_branch_pythoon_operator.py
[2026-09-20T23:53:16.153+0000] {logging_mixin.py:149} INFO - [2026-09-20T23:53:16.153+0000] {dag.py:2726} INFO - Sync 1 DAGs
[2026-09-20T23:53:16.196+0000] {logging_mixin.py:149} INFO - [2026-09-20T23:53:16.195+0000] {dag.py:3490} INFO - Setting next_dagrun for 7-branching to None, run_after=None
[2026-09-20T23:53:16.275+0000] {processor.py:178} INFO - Processing /opt/airflow/dags/7_branch_pythoon_operator.py took 0.213 seconds
[2026-09-20T23:53:46.383+0000] {processor.py:156} INFO - Started process (PID=3109) to work on /opt/airflow/dags/7_branch_pythoon_operator.py
[2026-09-20T23:53:46.385+0000] {processor.py:799} INFO - Processing file /opt/airflow/dags/7_branch_pythoon_operator.py for tasks to queue
[2026-09-20T23:53:46.386+0000] {logging_mixin.py:149} INFO - [2026-09-20T23:53:46.386+0000] {dagbag.py:541} INFO - Filling up the DagBag from /opt/airflow/dags/7_branch_pythoon_operator.py
[2026-09-20T23:53:46.413+0000] {processor.py:809} INFO - DAG(s) dict_keys(['7-branching']) retrieved from /opt/airflow/dags/7_branch_pythoon_operator.py
[2026-09-20T23:53:46.469+0000] {logging_mixin.py:149} INFO - [2026-09-20T23:53:46.469+0000] {dag.py:2726} INFO - Sync 1 DAGs
[2026-09-20T23:53:46.515+0000] {logging_mixin.py:149} INFO - [2026-09-20T23:53:46.515+0000] {dag.py:3490} INFO - Setting next_dagrun for 7-branching to None, run_after=None
[2026-09-20T23:53:46.547+0000] {processor.py:178} INFO - Processing /opt/airflow/dags/7_branch_pythoon_operator.py took 0.171 seconds
[2026-09-20T23:54:16.633+0000] {processor.py:156} INFO - Started process (PID=3119) to work on /opt/airflow/dags/7_branch_pythoon_operator.py
[2026-09-20T23:54:16.637+0000] {processor.py:799} INFO - Processing file /opt/airflow/dags/7_branch_pythoon_operator.py for tasks to queue
[2026-09-20T23:54:16.639+0000] {logging_mixin.py:149} INFO - [2026-09-20T23:54:16.638+0000] {dagbag.py:541} INFO - Filling up the DagBag from /opt/airflow/dags/7_branch_pythoon_operator.py
[2026-09-20T23:54:16.660+0000] {processor.py:809} INFO - DAG(s) dict_keys(['7-branching']) retrieved from /opt/airflow/dags/7_branch_pythoon_operator.py
[2026-09-20T23:54:16.722+0000] {logging_mixin.py:149} INFO - [2026-09-20T23:54:16.722+0000] {dag.py:2726} INFO - Sync 1 DAGs
[2026-09-20T23:54:16.773+0000] {logging_mixin.py:149} INFO - [2026-09-20T23:54:16.772+0000] {dag.py:3490} INFO - Setting next_dagrun for 7-branching to None, run_after=None
[2026-09-20T23:54:16.813+0000] {processor.py:178} INFO - Processing /opt/airflow/dags/7_branch_pythoon_operator.py took 0.188 seconds
[2026-09-20T23:54:46.928+0000] {processor.py:156} INFO - Started process (PID=3129) to work on /opt/airflow/dags/7_branch_pythoon_operator.py
[2026-09-20T23:54:46.931+0000] {processor.py:799} INFO - Processing file /opt/airflow/dags/7_branch_pythoon_operator.py for tasks to queue
[2026-09-20T23:54:46.932+0000] {logging_mixin.py:149} INFO - [2026-09-20T23:54:46.932+0000] {dagbag.py:541} INFO - Filling up the DagBag from /opt/airflow/dags/7_branch_pythoon_operator.py
[2026-09-20T23:54:46.954+0000] {processor.py:809} INFO - DAG(s) dict_keys(['7-branching']) retrieved from /opt/airflow/dags/7_branch_pythoon_operator.py
[2026-09-20T23:54:47.003+0000] {logging_mixin.py:149} INFO - [2026-09-20T23:54:47.003+0000] {dag.py:2726} INFO - Sync 1 DAGs
[2026-09-20T23:54:47.050+0000] {logging_mixin.py:149} INFO - [2026-09-20T23:54:47.050+0000] {dag.py:3490} INFO - Setting next_dagrun for 7-branching to None, run_after=None
[2026-09-20T23:54:47.082+0000] {processor.py:178} INFO - Processing /opt/airflow/dags/7_branch_pythoon_operator.py took 0.159 seconds
[2026-09-20T23:55:17.958+0000] {processor.py:156} INFO - Started process (PID=3139) to work on /opt/airflow/dags/7_branch_pythoon_operator.py
[2026-09-20T23:55:17.962+0000] {processor.py:799} INFO - Processing file /opt/airflow/dags/7_branch_pythoon_operator.py for tasks to queue
[2026-09-20T23:55:17.963+0000] {logging_mixin.py:149} INFO - [2026-09-20T23:55:17.962+0000] {dagbag.py:541} INFO - Filling up the DagBag from /opt/airflow/dags/7_branch_pythoon_operator.py
[2026-09-20T23:55:17.983+0000] {processor.py:809} INFO - DAG(s) dict_keys(['7-branching']) retrieved from /opt/airflow/dags/7_branch_pythoon_operator.py
[2026-09-20T23:55:18.053+0000] {logging_mixin.py:149} INFO - [2026-09-20T23:55:18.052+0000] {dag.py:2726} INFO - Sync 1 DAGs
[2026-09-20T23:55:18.097+0000] {logging_mixin.py:149} INFO - [2026-09-20T23:55:18.097+0000] {dag.py:3490} INFO - Setting next_dagrun for 7-branching to None, run_after=None
[2026-09-20T23:55:18.132+0000] {processor.py:178} INFO - Processing /opt/airflow/dags/7_branch_pythoon_operator.py took 0.186 seconds
[2026-09-20T23:55:48.909+0000] {processor.py:156} INFO - Started process (PID=3149) to work on /opt/airflow/dags/7_branch_pythoon_operator.py
[2026-09-20T23:55:48.912+0000] {processor.py:799} INFO - Processing file /opt/airflow/dags/7_branch_pythoon_operator.py for tasks to queue
[2026-09-20T23:55:48.913+0000] {logging_mixin.py:149} INFO - [2026-09-20T23:55:48.912+0000] {dagbag.py:541} INFO - Filling up the DagBag from /opt/airflow/dags/7_branch_pythoon_operator.py
[2026-09-20T23:55:48.935+0000] {processor.py:809} INFO - DAG(s) dict_keys(['7-branching']) retrieved from /opt/airflow/dags/7_branch_pythoon_operator.py
[2026-09-20T23:55:49.010+0000] {logging_mixin.py:149} INFO - [2026-09-20T23:55:49.010+0000] {dag.py:2726} INFO - Sync 1 DAGs
[2026-09-20T23:55:49.052+0000] {logging_mixin.py:149} INFO - [2026-09-20T23:55:49.052+0000] {dag.py:3490} INFO - Setting next_dagrun for 7-branching to None, run_after=None
[2026-09-20T23:55:49.082+0000] {processor.py:178} INFO - Processing /opt/airflow/dags/7_branch_pythoon_operator.py took 0.179 seconds
[2026-09-20T23:56:19.175+0000] {processor.py:156} INFO - Started process (PID=3159) to work on /opt/airflow/dags/7_branch_pythoon_operator.py
[2026-09-20T23:56:19.178+0000] {processor.py:799} INFO - Processing file /opt/airflow/dags/7_branch_pythoon_operator.py for tasks to queue
[2026-09-20T23:56:19.179+0000] {logging_mixin.py:149} INFO - [2026-09-20T23:56:19.178+0000] {dagbag.py:541} INFO - Filling up the DagBag from /opt/airflow/dags/7_branch_pythoon_operator.py
[2026-09-20T23:56:19.200+0000] {processor.py:809} INFO - DAG(s) dict_keys(['7-branching']) retrieved from /opt/airflow/dags/7_branch_pythoon_operator.py
[2026-09-20T23:56:19.250+0000] {logging_mixin.py:149} INFO - [2026-09-20T23:56:19.250+0000] {dag.py:2726} INFO - Sync 1 DAGs
[2026-09-20T23:56:19.297+0000] {logging_mixin.py:149} INFO - [2026-09-20T23:56:19.296+0000] {dag.py:3490} INFO - Setting next_dagrun for 7-branching to None, run_after=None
[2026-09-20T23:56:19.326+0000] {processor.py:178} INFO - Processing /opt/airflow/dags/7_branch_pythoon_operator.py took 0.157 seconds
[2026-09-20T23:56:49.428+0000] {processor.py:156} INFO - Started process (PID=3169) to work on /opt/airflow/dags/7_branch_pythoon_operator.py
[2026-09-20T23:56:49.432+0000] {processor.py:799} INFO - Processing file /opt/airflow/dags/7_branch_pythoon_operator.py for tasks to queue
[2026-09-20T23:56:49.433+0000] {logging_mixin.py:149} INFO - [2026-09-20T23:56:49.433+0000] {dagbag.py:541} INFO - Filling up the DagBag from /opt/airflow/dags/7_branch_pythoon_operator.py
[2026-09-20T23:56:49.482+0000] {processor.py:809} INFO - DAG(s) dict_keys(['7-branching']) retrieved from /opt/airflow/dags/7_branch_pythoon_operator.py
[2026-09-20T23:56:49.564+0000] {logging_mixin.py:149} INFO - [2026-09-20T23:56:49.564+0000] {dag.py:2726} INFO - Sync 1 DAGs
[2026-09-20T23:56:49.619+0000] {logging_mixin.py:149} INFO - [2026-09-20T23:56:49.619+0000] {dag.py:3490} INFO - Setting next_dagrun for 7-branching to None, run_after=None
[2026-09-20T23:56:49.663+0000] {processor.py:178} INFO - Processing /opt/airflow/dags/7_branch_pythoon_operator.py took 0.245 seconds
[2026-09-20T23:57:19.846+0000] {processor.py:156} INFO - Started process (PID=3179) to work on /opt/airflow/dags/7_branch_pythoon_operator.py
[2026-09-20T23:57:19.849+0000] {processor.py:799} INFO - Processing file /opt/airflow/dags/7_branch_pythoon_operator.py for tasks to queue
[2026-09-20T23:57:19.850+0000] {logging_mixin.py:149} INFO - [2026-09-20T23:57:19.850+0000] {dagbag.py:541} INFO - Filling up the DagBag from /opt/airflow/dags/7_branch_pythoon_operator.py
[2026-09-20T23:57:19.872+0000] {processor.py:809} INFO - DAG(s) dict_keys(['7-branching']) retrieved from /opt/airflow/dags/7_branch_pythoon_operator.py
[2026-09-20T23:57:19.920+0000] {logging_mixin.py:149} INFO - [2026-09-20T23:57:19.920+0000] {dag.py:2726} INFO - Sync 1 DAGs
[2026-09-20T23:57:19.960+0000] {logging_mixin.py:149} INFO - [2026-09-20T23:57:19.960+0000] {dag.py:3490} INFO - Setting next_dagrun for 7-branching to None, run_after=None
[2026-09-20T23:57:19.990+0000] {processor.py:178} INFO - Processing /opt/airflow/dags/7_branch_pythoon_operator.py took 0.150 seconds
[2026-09-20T23:57:50.275+0000] {processor.py:156} INFO - Started process (PID=3189) to work on /opt/airflow/dags/7_branch_pythoon_operator.py
[2026-09-20T23:57:50.278+0000] {processor.py:799} INFO - Processing file /opt/airflow/dags/7_branch_pythoon_operator.py for tasks to queue
[2026-09-20T23:57:50.279+0000] {logging_mixin.py:149} INFO - [2026-09-20T23:57:50.278+0000] {dagbag.py:541} INFO - Filling up the DagBag from /opt/airflow/dags/7_branch_pythoon_operator.py
[2026-09-20T23:57:50.300+0000] {processor.py:809} INFO - DAG(s) dict_keys(['7-branching']) retrieved from /opt/airflow/dags/7_branch_pythoon_operator.py
[2026-09-20T23:57:50.347+0000] {logging_mixin.py:149} INFO - [2026-09-20T23:57:50.346+0000] {dag.py:2726} INFO - Sync 1 DAGs
[2026-09-20T23:57:50.397+0000] {logging_mixin.py:149} INFO - [2026-09-20T23:57:50.396+0000] {dag.py:3490} INFO - Setting next_dagrun for 7-branching to None, run_after=None
[2026-09-20T23:57:50.427+0000] {processor.py:178} INFO - Processing /opt/airflow/dags/7_branch_pythoon_operator.py took 0.168 seconds
[2026-09-20T23:58:20.555+0000] {processor.py:156} INFO - Started process (PID=3199) to work on /opt/airflow/dags/7_branch_pythoon_operator.py
[2026-09-20T23:58:20.562+0000] {processor.py:799} INFO - Processing file /opt/airflow/dags/7_branch_pythoon_operator.py for tasks to queue
[2026-09-20T23:58:20.565+0000] {logging_mixin.py:149} INFO - [2026-09-20T23:58:20.563+0000] {dagbag.py:541} INFO - Filling up the DagBag from /opt/airflow/dags/7_branch_pythoon_operator.py
[2026-09-20T23:58:20.586+0000] {processor.py:809} INFO - DAG(s) dict_keys(['7-branching']) retrieved from /opt/airflow/dags/7_branch_pythoon_operator.py
[2026-09-20T23:58:20.646+0000] {logging_mixin.py:149} INFO - [2026-09-20T23:58:20.645+0000] {dag.py:2726} INFO - Sync 1 DAGs
[2026-09-20T23:58:20.690+0000] {logging_mixin.py:149} INFO - [2026-09-20T23:58:20.690+0000] {dag.py:3490} INFO - Setting next_dagrun for 7-branching to None, run_after=None
[2026-09-20T23:58:20.732+0000] {processor.py:178} INFO - Processing /opt/airflow/dags/7_branch_pythoon_operator.py took 0.188 seconds
[2026-09-20T23:58:50.838+0000] {processor.py:156} INFO - Started process (PID=3209) to work on /opt/airflow/dags/7_branch_pythoon_operator.py
[2026-09-20T23:58:50.841+0000] {processor.py:799} INFO - Processing file /opt/airflow/dags/7_branch_pythoon_operator.py for tasks to queue
[2026-09-20T23:58:50.842+0000] {logging_mixin.py:149} INFO - [2026-09-20T23:58:50.842+0000] {dagbag.py:541} INFO - Filling up the DagBag from /opt/airflow/dags/7_branch_pythoon_operator.py
[2026-09-20T23:58:50.862+0000] {processor.py:809} INFO - DAG(s) dict_keys(['7-branching']) retrieved from /opt/airflow/dags/7_branch_pythoon_operator.py
[2026-09-20T23:58:50.907+0000] {logging_mixin.py:149} INFO - [2026-09-20T23:58:50.907+0000] {dag.py:2726} INFO - Sync 1 DAGs
[2026-09-20T23:58:50.959+0000] {logging_mixin.py:149} INFO - [2026-09-20T23:58:50.958+0000] {dag.py:3490} INFO - Setting next_dagrun for 7-branching to None, run_after=None
[2026-09-20T23:58:50.997+0000] {processor.py:178} INFO - Processing /opt/airflow/dags/7_branch_pythoon_operator.py took 0.167 seconds
[2026-09-20T23:59:21.060+0000] {processor.py:156} INFO - Started process (PID=3219) to work on /opt/airflow/dags/7_branch_pythoon_operator.py
[2026-09-20T23:59:21.062+0000] {processor.py:799} INFO - Processing file /opt/airflow/dags/7_branch_pythoon_operator.py for tasks to queue
[2026-09-20T23:59:21.063+0000] {logging_mixin.py:149} INFO - [2026-09-20T23:59:21.063+0000] {dagbag.py:541} INFO - Filling up the DagBag from /opt/airflow/dags/7_branch_pythoon_operator.py
[2026-09-20T23:59:21.099+0000] {processor.py:809} INFO - DAG(s) dict_keys(['7-branching']) retrieved from /opt/airflow/dags/7_branch_pythoon_operator.py
[2026-09-20T23:59:21.165+0000] {logging_mixin.py:149} INFO - [2026-09-20T23:59:21.164+0000] {dag.py:2726} INFO - Sync 1 DAGs
[2026-09-20T23:59:21.217+0000] {logging_mixin.py:149} INFO - [2026-09-20T23:59:21.217+0000] {dag.py:3490} INFO - Setting next_dagrun for 7-branching to None, run_after=None
[2026-09-20T23:59:21.249+0000] {processor.py:178} INFO - Processing /opt/airflow/dags/7_branch_pythoon_operator.py took 0.195 seconds
[2026-09-20T23:59:51.346+0000] {processor.py:156} INFO - Started process (PID=3229) to work on /opt/airflow/dags/7_branch_pythoon_operator.py
[2026-09-20T23:59:51.348+0000] {processor.py:799} INFO - Processing file /opt/airflow/dags/7_branch_pythoon_operator.py for tasks to queue
[2026-09-20T23:59:51.349+0000] {logging_mixin.py:149} INFO - [2026-09-20T23:59:51.349+0000] {dagbag.py:541} INFO - Filling up the DagBag from /opt/airflow/dags/7_branch_pythoon_operator.py
[2026-09-20T23:59:51.372+0000] {processor.py:809} INFO - DAG(s) dict_keys(['7-branching']) retrieved from /opt/airflow/dags/7_branch_pythoon_operator.py
[2026-09-20T23:59:51.424+0000] {logging_mixin.py:149} INFO - [2026-09-20T23:59:51.424+0000] {dag.py:2726} INFO - Sync 1 DAGs
[2026-09-20T23:59:51.468+0000] {logging_mixin.py:149} INFO - [2026-09-20T23:59:51.467+0000] {dag.py:3490} INFO - Setting next_dagrun for 7-branching to None, run_after=None
[2026-09-20T23:59:51.506+0000] {processor.py:178} INFO - Processing /opt/airflow/dags/7_branch_pythoon_operator.py took 0.167 seconds
